base_sample_index,base_common_time_ns,frame_name,source_t0_ns,source_t1_ns,interpolation_alpha,source_t0_offset_ms,source_t1_offset_ms,interpolation_gap_ms,large_gap_warning,F_T00,F_T01,F_T02,F_T03,F_T10,F_T11,F_T12,F_T13,F_T20,F_T21,F_T22,F_T23,F_T30,F_T31,F_T32,F_T33
10,1790406304530772000,FL_hip,1790406304125034174,1790406304656875455,0.7628926909999999,405.737826,126.10345500000001,531.841281,1,-0.050075739,0.994028294,-0.09695320199999999,0.510720092,-0.285338871,-0.107267758,-0.9524053809999999,1.017271674,-0.95711752,-0.020028168,0.289006553,0.354772947,0.0,0.0,0.0,1.0
10,1790406304530772000,FL_thigh,1790406304125034174,1790406304656875455,0.7628926909999999,405.737826,126.10345500000001,531.841281,1,-0.045430242999999995,0.9941962409999999,-0.097517585,0.605327131,-0.272851095,-0.106255725,-0.956170828,1.007073106,-0.9609829190000001,-0.016831577,0.276094891,0.352863573,0.0,0.0,0.0,1.0
10,1790406304530772000,FL_calf,1790406304125034174,1790406304656875455,0.7628926909999999,405.737826,126.10345500000001,531.841281,1,-0.070891358,0.994031465,0.08291933,0.625866765,-0.774155452,-0.107249673,0.623844128,1.209389895,0.629013759,-0.019967576,0.7771376,0.294447655,0.0,0.0,0.0,1.0
10,1790406304530772000,FL_calflower,1790406304125034174,1790406304656875455,0.7628926909999999,405.737826,126.10345500000001,531.841281,1,-0.074947001,0.994031465,0.07927261099999999,0.612218115,-0.804367171,-0.107249673,0.584372838,1.1018171540000001,0.589386964,-0.019967576,0.807603965,0.191938142,0.0,0.0,0.0,1.0
10,1790406304530772000,FL_calflower1,1790406304125034174,1790406304656875455,0.7628926909999999,405.737826,126.10345500000001,531.841281,1,-0.103084051,0.994031465,0.035705439,0.609800922,-0.9833208040000001,-0.107249673,0.146895731,1.086497727,0.149848551,-0.019967576,0.9885072429999999,0.153736416,0.0,0.0,0.0,1.0
10,1790406304530772000,FL_foot,1790406304125034174,1790406304656875455,0.7628926909999999,405.737826,126.10345500000001,531.841281,1,-0.070891358,0.994031465,0.08291933,0.608253077,-0.774155452,-0.107249673,0.623844128,1.07676911,0.629013759,-0.019967576,0.7771376,0.128838059,0.0,0.0,0.0,1.0
10,1790406304530772000,FR_hip,1790406304125034174,1790406304656875455,0.7628926909999999,405.737826,126.10345500000001,531.841281,1,-0.050075739,0.967636811,-0.24732807,0.418571604,-0.285338871,-0.25117803699999997,-0.924928092,1.029780114,-0.95711752,0.024255595,0.288682493,0.355865064,0.0,0.0,0.0,1.0
10,1790406304530772000,FR_thigh,1790406304125034174,1790406304656875455,0.7628926909999999,405.737826,126.10345500000001,531.841281,1,-0.11882777,0.966399295,-0.227930068,0.32668938399999997,-0.47617029899999996,-0.25690112,-0.8409900790000001,1.0536541529999999,-0.871287347,0.008600299,0.490697723,0.353554904,0.0,0.0,0.0,1.0
10,1790406304530772000,FR_calf,1790406304125034174,1790406304656875455,0.7628926909999999,405.737826,126.10345500000001,531.841281,1,-0.214680714,0.967294622,0.135103879,0.372907526,-0.7771793020000001,-0.252964905,0.576195923,1.222574946,0.591527809,0.018697957,0.806067677,0.253252927,0.0,0.0,0.0,1.0
10,1790406304530772000,FR_calflower,1790406304125034174,1790406304656875455,0.7628926909999999,405.737826,126.10345500000001,531.841281,1,-0.221164798,0.967294622,0.12420547,0.34803098,-0.8050058240000001,-0.252964905,0.536633053,1.122808676,0.550501961,0.018697957,0.834624371,0.146343431,0.0,0.0,0.0,1.0
10,1790406304530772000,FR_calflower1,1790406304125034174,1790406304656875455,0.7628926909999999,405.737826,126.10345500000001,531.841281,1,-0.253527553,0.967294622,0.008040323,0.34505372,-0.961842047,-0.252964905,0.10425586699999999,1.109508842,0.102880289,0.018697957,0.9945179209999999,0.107688595,0.0,0.0,0.0,1.0
10,1790406304530772000,FR_foot,1790406304125034174,1790406304656875455,0.7628926909999999,405.737826,126.10345500000001,531.841281,1,-0.214680714,0.967294622,0.135103879,0.34317829899999996,-0.7771793020000001,-0.252964905,0.576195923,1.1010873209999998,0.591527809,0.018697957,0.806067677,0.082507183,0.0,0.0,0.0,1.0
10,1790406304530772000,RL_hip,1790406304125034174,1790406304656875455,0.7628926909999999,405.737826,126.10345500000001,531.841281,1,-0.050075739,0.9929901259999999,-0.107064391,0.5300893879999999,-0.285338871,-0.11695481699999999,-0.9512643959999999,1.12764075,-0.95711752,-0.017085916,0.289195413,0.724986004,0.0,0.0,0.0,1.0
10,1790406304530772000,RL_thigh,1790406304125034174,1790406304656875455,0.7628926909999999,405.737826,126.10345500000001,531.841281,1,0.056569414000000005,0.993010486,-0.103584892,0.624882915,0.595269179,-0.11683917,-0.7949867070000001,1.116475513,-0.80153282,-0.016689242,-0.597717717,0.7233550590000001,0.0,0.0,0.0,1.0
10,1790406304530772000,RL_calf,1790406304125034174,1790406304656875455,0.7628926909999999,405.737826,126.10345500000001,531.841281,1,-0.105023697,0.993048673,-0.053142355,0.6468631229999999,-0.816960868,-0.116624465,-0.564778122,1.285691825,-0.567049523,-0.015900143000000002,0.823530137,0.8506297690000001,0.0,0.0,0.0,1.0
10,1790406304530772000,RL_calflower,1790406304125034174,1790406304656875455,0.7628926909999999,405.737826,126.10345500000001,531.841281,1,-0.102236434,0.993048673,-0.058324938,0.652747244,-0.787712738,-0.116624465,-0.604903321,1.3526461019999998,-0.6075002110000001,-0.015900143000000002,0.7941602740000001,0.71793991,0.0,0.0,0.0,1.0
10,1790406304530772000,RL_calflower1,1790406304125034174,1790406304656875455,0.7628926909999999,405.737826,126.10345500000001,531.841281,1,-0.063749956,0.993048673,-0.09894458,0.656111555,-0.41936544299999995,-0.116624465,-0.9002955140000001,1.3845821580000002,-0.90557628,-0.015900143000000002,0.423885185,0.6923561859999999,0.0,0.0,0.0,1.0
10,1790406304530772000,RL_foot,1790406304125034174,1790406304656875455,0.7628926909999999,405.737826,126.10345500000001,531.841281,1,-0.105023697,0.993048673,-0.053142355,0.658316384,-0.816960868,-0.116624465,-0.564778122,1.4054689809999998,-0.567049523,-0.015900143000000002,0.823530137,0.6759283690000001,0.0,0.0,0.0,1.0
10,1790406304530772000,RR_hip,1790406304125034174,1790406304656875455,0.7628926909999999,405.737826,126.10345500000001,531.841281,1,-0.050075739,0.981922427,-0.182539092,0.4379409,-0.285338871,-0.18921608,-0.9395635459999999,1.14014919,-0.95711752,0.00503589,0.289655926,0.7260781209999999,0.0,0.0,0.0,1.0
10,1790406304530772000,RR_thigh,1790406304125034174,1790406304656875455,0.7628926909999999,405.737826,126.10345500000001,531.841281,1,0.099241466,0.9819463279999999,-0.161035069,0.34426018,0.490186829,-0.189078981,-0.8508623059999999,1.158203112,-0.8659493509999999,0.005503283,-0.500101287,0.725597168,0.0,0.0,0.0,1.0
10,1790406304530772000,RR_calf,1790406304125034174,1790406304656875455,0.7628926909999999,405.737826,126.10345500000001,531.841281,1,-0.155382679,0.982001853,-0.107370095,0.37845537100000004,-0.827501838,-0.18875225699999998,-0.52878535,1.339267973,-0.5395341920000001,0.006684596,0.841937073,0.832135167,0.0,0.0,0.0,1.0
10,1790406304530772000,RR_calflower,1790406304125034174,1790406304656875455,0.7628926909999999,405.737826,126.10345500000001,531.841281,1,-0.149822223,0.982001853,-0.11500180800000001,0.39138815,-0.800039423,-0.18875225699999998,-0.56948236,1.400684754,-0.58093923,0.006684596,0.8139194,0.697170799,0.0,0.0,0.0,1.0
10,1790406304530772000,RR_calflower1,1790406304125034174,1790406304656875455,0.7628926909999999,405.737826,126.10345500000001,531.841281,1,-0.07978611099999999,0.982001853,-0.171190802,0.39749561299999997,-0.446655811,-0.18875225699999998,-0.874569508,1.431335381,-0.8911411770000001,0.006684596,0.453676736,0.6705157070000001,0.0,0.0,0.0,1.0
10,1790406304530772000,RR_foot,1790406304125034174,1790406304656875455,0.7628926909999999,405.737826,126.10345500000001,531.841281,1,-0.155382679,0.982001853,-0.107370095,0.40148952299999996,-0.827501838,-0.18875225699999998,-0.52878535,1.4513924569999999,-0.5395341920000001,0.006684596,0.841937073,0.6533873029999999,0.0,0.0,0.0,1.0
11,1790406304598771000,FL_hip,1790406304125034174,1790406304656875455,0.890748505,473.73682599999995,58.104455,531.841281,1,-0.048600519,0.994512264,-0.09264506,0.506804579,-0.294951739,-0.10290802199999999,-0.949954764,1.02248514,-0.9542752529999999,-0.018842762,0.298334633,0.348495134,0.0,0.0,0.0,1.0
11,1790406304598771000,FL_thigh,1790406304125034174,1790406304656875455,0.890748505,473.73682599999995,58.104455,531.841281,1,-0.047813735999999996,0.994602531,-0.09208373199999999,0.601607207,-0.305492175,-0.102332762,-0.946680084,1.012683866,-0.950993258,-0.017133742,0.308736326,0.346696303,0.0,0.0,0.0,1.0
11,1790406304598771000,FL_calf,1790406304125034174,1790406304656875455,0.890748505,473.73682599999995,58.104455,531.841281,1,-0.067411409,0.99451392,0.079984535,0.6210875339999999,-0.767966947,-0.102897962,0.632170405,1.213607371,0.6369325060000001,-0.018810271,0.7706899620000001,0.281159499,0.0,0.0,0.0,1.0
11,1790406304598771000,FL_calflower,1790406304125034174,1790406304656875455,0.890748505,473.73682599999995,58.104455,531.841281,1,-0.07132472200000001,0.99451392,0.076515409,0.607925421,-0.7986025409999999,-0.102897962,0.592998006,1.10481485,0.597618062,-0.018810271,0.801560158,0.179795265,0.0,0.0,0.0,1.0
11,1790406304598771000,FL_calflower1,1790406304125034174,1790406304656875455,0.890748505,473.73682599999995,58.104455,531.841281,1,-0.09859788900000001,0.99451392,0.034932508,0.605580415,-0.982190529,-0.102897962,0.157208197,1.089087263,0.159940398,-0.018810271,0.986947366,0.141754632,0.0,0.0,0.0,1.0
11,1790406304598771000,FL_foot,1790406304125034174,1790406304656875455,0.890748505,473.73682599999995,58.104455,531.841281,1,-0.067411409,0.99451392,0.079984535,0.604078491,-0.767966947,-0.102897962,0.632170405,1.079093104,0.6369325060000001,-0.018810271,0.7706899620000001,0.11695852300000001,0.0,0.0,0.0,1.0
11,1790406304598771000,FR_hip,1790406304125034174,1790406304656875455,0.890748505,473.73682599999995,58.104455,531.841281,1,-0.048600519,0.9534023779999999,-0.297761073,0.41490784,-0.294951739,-0.298518007,-0.90768448,1.036765055,-0.9542752529999999,0.043710954,0.295716005,0.34876169100000004,0.0,0.0,0.0,1.0
11,1790406304598771000,FR_thigh,1790406304125034174,1790406304656875455,0.890748505,473.73682599999995,58.104455,531.841281,1,-0.146399825,0.9526735540000001,-0.26642063,0.32413947600000004,-0.557828867,-0.301922356,-0.773091515,1.065204256,-0.816941812,0.035436403,0.575630263,0.344594364,0.0,0.0,0.0,1.0
11,1790406304598771000,FR_calf,1790406304125034174,1790406304656875455,0.890748505,473.73682599999995,58.104455,531.841281,1,-0.258555739,0.9532133490000001,0.156630144,0.379466662,-0.73801204,-0.299539702,0.6046609279999999,1.22452705,0.623287867,0.040743367,0.780930262,0.2244741,0.0,0.0,0.0,1.0
11,1790406304598771000,FR_calflower,1790406304125034174,1790406304656875455,0.890748505,473.73682599999995,58.104455,531.841281,1,-0.266060856,0.9532133490000001,0.143511995,0.350812781,-0.767310168,-0.299539702,0.5670200320000001,1.120859661,0.583478674,0.040743367,0.811105712,0.121646854,0.0,0.0,0.0,1.0
11,1790406304598771000,FR_calflower1,1790406304125034174,1790406304656875455,0.890748505,473.73682599999995,58.104455,531.841281,1,-0.302265479,0.9532133490000001,0.004433048,0.347615104,-0.9424382659999999,-0.299539702,0.148616031,1.105920325,0.142990893,0.040743367,0.98888495,0.083491879,0.0,0.0,0.0,1.0
11,1790406304598771000,FR_foot,1790406304125034174,1790406304656875455,0.890748505,473.73682599999995,58.104455,531.841281,1,-0.258555739,0.9532133490000001,0.156630144,0.34560829200000004,-0.73801204,-0.299539702,0.6046609279999999,1.0964283240000001,0.623287867,0.040743367,0.780930262,0.0586257,0.0,0.0,0.0,1.0
11,1790406304598771000,RL_hip,1790406304125034174,1790406304656875455,0.890748505,473.73682599999995,58.104455,531.841281,1,-0.048600519,0.989553716,-0.1357247,0.52560326,-0.294951739,-0.144043965,-0.944592744,1.136572473,-0.9542752529999999,-0.0058757440000000005,0.298871341,0.7176088009999999,0.0,0.0,0.0,1.0
11,1790406304598771000,RL_thigh,1790406304125034174,1790406304656875455,0.890748505,473.73682599999995,58.104455,531.841281,1,0.08144038099999999,0.989564233,-0.11886906400000001,0.6200857670000001,0.591287557,-0.14398022900000002,-0.7935044809999999,1.122818837,-0.802338368,-0.005662774000000001,-0.5968424729999999,0.717047888,0.0,0.0,0.0,1.0
11,1790406304598771000,RL_calf,1790406304125034174,1790406304656875455,0.890748505,473.73682599999995,58.104455,531.841281,1,-0.120148321,0.9895832729999999,-0.079303768,0.645358847,-0.805308045,-0.143865398,-0.575136804,1.291773785,-0.5805544810000001,-0.005238042,0.81420447,0.8441543890000001,0.0,0.0,0.0,1.0
11,1790406304598771000,RL_calflower,1790406304125034174,1790406304656875455,0.890748505,473.73682599999995,58.104455,531.841281,1,-0.11603463,0.9895832729999999,-0.085209572,0.654751024,-0.77555676,-0.143865398,-0.61466666,1.360629241,-0.6205222020000001,-0.005238042,0.7841712959999999,0.712329014,0.0,0.0,0.0,1.0
11,1790406304598771000,RL_calflower1,1790406304125034174,1790406304656875455,0.890748505,473.73682599999995,58.104455,531.841281,1,-0.063574122,0.9895832729999999,-0.129162833,0.659322414,-0.404074645,-0.143865397,-0.903342168,1.392897726,-0.912514017,-0.005238042,0.40901172700000005,0.687225522,0.0,0.0,0.0,1.0
11,1790406304598771000,RL_foot,1790406304125034174,1790406304656875455,0.890748505,473.73682599999995,58.104455,531.841281,1,-0.120148321,0.9895832729999999,-0.079303768,0.6623129329999999,-0.805308045,-0.143865398,-0.575136804,1.413997327,-0.5805544810000001,-0.005238042,0.81420447,0.671112335,0.0,0.0,0.0,1.0
11,1790406304598771000,RR_hip,1790406304125034174,1790406304656875455,0.890748505,473.73682599999995,58.104455,531.841281,1,-0.048600519,0.97525018,-0.215696169,0.433706521,-0.294951739,-0.220333965,-0.929761829,1.150852388,-0.9542752529999999,0.018432781999999998,0.298360244,0.717875358,0.0,0.0,0.0,1.0
11,1790406304598771000,RR_thigh,1790406304125034174,1790406304656875455,0.890748505,473.73682599999995,58.104455,531.841281,1,0.12548879599999999,0.975262515,-0.18197623300000002,0.340619871,0.482088425,-0.220258221,-0.847984498,1.171884394,-0.867089151,0.018683648,-0.49780235700000003,0.71611555,0.0,0.0,0.0,1.0
11,1790406304598771000,RR_calf,1790406304125034174,1790406304656875455,0.890748505,473.73682599999995,58.104455,531.841281,1,-0.173261725,0.9752898740000001,-0.13707588099999998,0.37932198100000003,-0.816191262,-0.220082186,-0.534224951,1.352415711,-0.551191786,0.019319128999999997,0.83415481,0.822156587,0.0,0.0,0.0,1.0
11,1790406304598771000,RR_calflower,1790406304125034174,1790406304656875455,0.890748505,473.73682599999995,58.104455,531.841281,1,-0.166194254,0.9752898740000001,-0.145564049,0.396218445,-0.788471117,-0.220082186,-0.57434987,1.41499838,-0.592193304,0.01931913,0.805564226,0.687912119,0.0,0.0,0.0,1.0
11,1790406304598771000,RR_calflower1,1790406304125034174,1790406304656875455,0.890748505,473.73682599999995,58.104455,531.841281,1,-0.080195013,0.9752898740000001,-0.205859618,0.403705761,-0.43414706799999997,-0.220082186,-0.8735449609999999,1.445787751,-0.8972652390000001,0.019319128999999997,0.441068843,0.661661421,0.0,0.0,0.0,1.0
11,1790406304598771000,RR_foot,1790406304125034174,1790406304656875455,0.890748505,473.73682599999995,58.104455,531.841281,1,-0.173261725,0.9752898740000001,-0.13707588099999998,0.40859799700000005,-0.816191262,-0.220082186,-0.534224951,1.4659321969999999,-0.551191786,0.019319128999999997,0.83415481,0.644797993,0.0,0.0,0.0,1.0
12,1790406304662773000,FL_hip,1790406304656875455,1790406304716811652,0.09839705,5.897545,54.038652,59.936197,0,-0.04158367,0.9957126159999999,-0.08262538700000001,0.5115850120000001,-0.288601395,-0.091142125,-0.9531017740000001,1.022824692,-0.956545781,-0.015787963000000002,0.29115419,0.34364779,0.0,0.0,0.0,1.0
12,1790406304662773000,FL_thigh,1790406304656875455,1790406304716811652,0.09839705,5.897545,54.038652,59.936197,0,-0.045128964,0.995710808,-0.080765919,0.606675231,-0.329154545,-0.091154409,-0.939866375,1.014120651,-0.943196939,-0.015831022,0.331856544,0.342140045,0.0,0.0,0.0,1.0
12,1790406304662773000,FL_calf,1790406304656875455,1790406304716811652,0.09839705,5.897545,54.038652,59.936197,0,-0.062593998,0.995717328,0.068035022,0.623867597,-0.789267872,-0.09110794400000001,0.607253005,1.214199306,0.610850862,-0.015687758,0.7915901540000001,0.27149834100000003,0.0,0.0,0.0,1.0
12,1790406304662773000,FL_calflower,1790406304656875455,1790406304716811652,0.09839705,5.897545,54.038652,59.936197,0,-0.065916106,0.995717328,0.06482159900000001,0.612595426,-0.818631494,-0.09110794400000001,0.567047145,1.108848751,0.5705244389999999,-0.015687758,0.821130692,0.166914545,0.0,0.0,0.0,1.0
12,1790406304662773000,FL_calflower1,1790406304656875455,1790406304716811652,0.09839705,5.897545,54.038652,59.936197,0,-0.088400516,0.995717328,0.027057743999999998,0.6106714,-0.987972541,-0.09110794400000001,0.12494096199999999,1.094389791,0.126871226,-0.015687758,0.9917950590000001,0.128488844,0.0,0.0,0.0,1.0
12,1790406304662773000,FL_foot,1790406304656875455,1790406304716811652,0.09839705,5.897545,54.038652,59.936197,0,-0.062593998,0.995717328,0.068035022,0.609440925,-0.789267872,-0.09110794400000001,0.607253005,1.085222328,0.610850862,-0.015687758,0.7915901540000001,0.103450183,0.0,0.0,0.0,1.0
12,1790406304662773000,FR_hip,1790406304656875455,1790406304716811652,0.09839705,5.897545,54.038652,59.936197,0,-0.04158367,0.942450138,-0.331750368,0.419802935,-0.288601395,-0.329214186,-0.899070575,1.037816813,-0.956545781,0.05835670900000001,0.285682545,0.343114532,0.0,0.0,0.0,1.0
12,1790406304662773000,FR_thigh,1790406304656875455,1790406304716811652,0.09839705,5.897545,54.038652,59.936197,0,-0.165171845,0.942449773,-0.290699945,0.329800319,-0.610170671,-0.329216703,-0.720630806,1.069256295,-0.774861237,0.058348405,0.629432586,0.337541549,0.0,0.0,0.0,1.0
12,1790406304662773000,FR_calf,1790406304656875455,1790406304716811652,0.09839705,5.897545,54.038652,59.936197,0,-0.28836450199999997,0.942451725,0.169205293,0.391717463,-0.7119637109999999,-0.329202795,0.620269166,1.222747416,0.64027664,0.058395325,0.765921447,0.20347389300000002,0.0,0.0,0.0,1.0
12,1790406304662773000,FR_calflower,1790406304656875455,1790406304716811652,0.09839705,5.897545,54.038652,59.936197,0,-0.296460861,0.942451725,0.154581611,0.360916296,-0.742074479,-0.329202795,0.583910636,1.116719185,0.601196344,0.058395326,0.7969647390000001,0.102933563,0.0,0.0,0.0,1.0
12,1790406304662773000,FR_calflower1,1790406304656875455,1790406304716811652,0.09839705,5.897545,54.038652,59.936197,0,-0.334341848,0.942451725,0.00021365200000000002,0.357699581,-0.9278540679999999,-0.329202795,0.17525122699999998,1.100784792,0.16523638300000001,0.058395325,0.98452363,0.065047096,0.0,0.0,0.0,1.0
12,1790406304662773000,FR_foot,1790406304656875455,1790406304716811652,0.09839705,5.897545,54.038652,59.936197,0,-0.28836450199999997,0.942451725,0.169205293,0.355688435,-0.7119637109999999,-0.329202795,0.620269166,1.090643062,0.64027664,0.058395325,0.765921447,0.040349888,0.0,0.0,0.0,1.0
12,1790406304662773000,RL_hip,1790406304656875455,1790406304716811652,0.09839705,5.897545,54.038652,59.936197,0,-0.04158367,0.9875850209999999,-0.151480676,0.527669575,-0.288601395,-0.15702178,-0.944486125,1.134455711,-0.956545781,0.004442049,0.291548093,0.7136396979999999,0.0,0.0,0.0,1.0
12,1790406304662773000,RL_thigh,1790406304656875455,1790406304716811652,0.09839705,5.897545,54.038652,59.936197,0,0.099772884,0.987583331,-0.121343756,0.621982923,0.605321275,-0.157033473,-0.7803379309999999,1.11946029,-0.7897036829999999,0.004404323,-0.6134725320000001,0.71406391,0.0,0.0,0.0,1.0
12,1790406304662773000,RL_calf,1790406304656875455,1790406304716811652,0.09839705,5.897545,54.038652,59.936197,0,-0.122150559,0.9875843040000001,-0.09877375599999999,0.6478322479999999,-0.785344457,-0.157026752,-0.5988132660000001,1.285646275,-0.606888353,0.004425760999999999,0.79477468,0.844714741,0.0,0.0,0.0,1.0
12,1790406304662773000,RL_calflower,1790406304656875455,1790406304716811652,0.09839705,5.897545,54.038652,59.936197,0,-0.117061272,0.9875843040000001,-0.10475529800000001,0.66000555,-0.754434791,-0.157026752,-0.637315768,1.358560913,-0.645852079,0.004425760999999999,0.763449643,0.7149541340000001,0.0,0.0,0.0,1.0
12,1790406304662773000,RL_calflower1,1790406304656875455,1790406304716811652,0.09839705,5.897545,54.038652,59.936197,0,-0.055458939000000006,0.9875843040000001,-0.146973875,0.665365956,-0.37488068,-0.157026752,-0.9136781270000001,1.391596633,-0.925412662,0.004425760999999999,0.37893491700000004,0.690875433,0.0,0.0,0.0,1.0
12,1790406304662773000,RL_foot,1790406304656875455,1790406304716811652,0.09839705,5.897545,54.038652,59.936197,0,-0.122150559,0.9875843040000001,-0.09877375599999999,0.6688681670000001,-0.785344457,-0.157026752,-0.5988132660000001,1.413188584,-0.606888353,0.004425760999999999,0.79477468,0.675432803,0.0,0.0,0.0,1.0
12,1790406304662773000,RR_hip,1790406304656875455,1790406304716811652,0.09839705,5.897545,54.038652,59.936197,0,-0.04158367,0.97102798,-0.235319422,0.435887498,-0.288601395,-0.237157295,-0.927613226,1.1494478320000001,-0.956545781,0.029339677999999998,0.290102061,0.71310644,0.0,0.0,0.0,1.0
12,1790406304662773000,RR_thigh,1790406304656875455,1790406304716811652,0.09839705,5.897545,54.038652,59.936197,0,0.144649467,0.971029393,-0.190205734,0.343155386,0.485491878,-0.237147324,-0.8414626709999999,1.1720961,-0.862191659,0.029373515,-0.505729764,0.7103045309999999,0.0,0.0,0.0,1.0
12,1790406304662773000,RR_calf,1790406304656875455,1790406304716811652,0.09839705,5.897545,54.038652,59.936197,0,-0.177407647,0.971027245,-0.160101179,0.383659153,-0.797643765,-0.23716236,-0.554544032,1.3513076259999999,-0.576446975,0.029323082,0.816608165,0.818013815,0.0,0.0,0.0,1.0
12,1790406304662773000,RR_calflower,1790406304656875455,1790406304716811652,0.09839705,5.897545,54.038652,59.936197,0,-0.16918421,0.971027245,-0.168767781,0.40380338600000004,-0.768931268,-0.23716236,-0.593716569,1.4174248059999999,-0.616539964,0.029323082,0.786777277,0.6856306529999999,0.0,0.0,0.0,1.0
12,1790406304662773000,RR_calflower1,1790406304656875455,1790406304716811652,0.09839705,5.897545,54.038652,59.936197,0,-0.072132088,0.971027245,-0.22782191,0.412245375,-0.40787218299999994,-0.23716236,-0.8817000290000001,1.448861595,-0.91018518,0.029323082,0.413162133,0.660325746,0.0,0.0,0.0,1.0
12,1790406304662773000,RR_foot,1790406304656875455,1790406304716811652,0.09839705,5.897545,54.038652,59.936197,0,-0.177407647,0.971027245,-0.160101179,0.41775718700000003,-0.797643765,-0.23716236,-0.554544032,1.469421081,-0.576446975,0.029323082,0.816608165,0.644081352,0.0,0.0,0.0,1.0
13,1790406304730772000,FL_hip,1790406304716811652,1790406304786861269,0.199292282,13.960348000000002,56.089268999999994,70.049617,0,-0.029360353999999998,0.98700485,-0.15798483800000002,0.528131706,-0.262257048,-0.16012226599999999,-0.951621105,1.024668544,-0.964551195,0.013492401999999999,0.26355032300000003,0.33908948899999997,0.0,0.0,0.0,1.0
13,1790406304730772000,FL_thigh,1790406304716811652,1790406304786861269,0.199292282,13.960348000000002,56.089268999999994,70.049617,0,-0.053324413,0.987007248,-0.151568507,0.622387507,-0.406086974,-0.160100614,-0.899700945,1.009377368,-0.912277212,0.013573668999999998,0.40934810299999996,0.34037797399999997,0.0,0.0,0.0,1.0
13,1790406304730772000,FL_calf,1790406304716811652,1790406304786861269,0.199292282,13.960348000000002,56.089268999999994,70.049617,0,-0.15271524,0.987007647,0.0499377,0.6546669070000001,-0.9084803379999999,-0.16009696699999998,0.386048006,1.200966189,0.389027261,0.013587693,0.9211259359999999,0.253207517,0.0,0.0,0.0,1.0
13,1790406304730772000,FL_calflower,1790406304716811652,1790406304786861269,0.199292282,13.960348000000002,56.089268999999994,70.049617,0,-0.155020231,0.987007647,0.04224271,0.644239054,-0.926639333,-0.16009696699999998,0.340160454,1.125682911,0.34250396899999996,0.013587693,0.939418028,0.12469826,0.0,0.0,0.0,1.0
13,1790406304730772000,FL_calflower1,1790406304716811652,1790406304786861269,0.199292282,13.960348000000002,56.089268999999994,70.049617,0,-0.157008961,0.987007647,-0.034116046000000004,0.6441035629999999,-0.979003398,-0.16009696699999998,-0.126182152,1.121343468,-0.130004401,0.013587693999999999,0.991420222,0.083708479,0.0,0.0,0.0,1.0
13,1790406304730772000,FL_foot,1790406304716811652,1790406304786861269,0.199292282,13.960348000000002,56.089268999999994,70.049617,0,-0.15271524,0.987007647,0.0499377,0.644054015,-0.9084803379999999,-0.16009696699999998,0.386048006,1.118760282,0.389027261,0.013587693,0.9211259359999999,0.057064299000000006,0.0,0.0,0.0,1.0
13,1790406304730772000,FR_hip,1790406304716811652,1790406304786861269,0.199292282,13.960348000000002,56.089268999999994,70.049617,0,-0.029360353999999998,0.9230409629999999,-0.38357941,0.43758997,-0.262257048,-0.377414704,-0.888132878,1.0457021640000002,-0.964551195,0.074520237,0.253155194,0.336126606,0.0,0.0,0.0,1.0
13,1790406304730772000,FR_thigh,1790406304716811652,1790406304786861269,0.199292282,13.960348000000002,56.089268999999994,70.049617,0,-0.17028942800000002,0.923040965,-0.344958983,0.349439561,-0.574546882,-0.377414684,-0.7262607409999999,1.081745266,-0.800560622,0.07452031099999999,0.594600066,0.329009924,0.0,0.0,0.0,1.0
13,1790406304730772000,FR_calf,1790406304716811652,1790406304786861269,0.199292282,13.960348000000002,56.089268999999994,70.049617,0,-0.329873495,0.923040865,0.197936485,0.422915814,-0.676835321,-0.377415646,0.632022156,1.236438769,0.6580866,0.074516682,0.749245699,0.202360133,0.0,0.0,0.0,1.0
13,1790406304730772000,FR_calflower,1790406304716811652,1790406304786861269,0.199292282,13.960348000000002,56.089268999999994,70.049617,0,-0.33935394,0.923040865,0.181202313,0.387037288,-0.707577395,-0.377415646,0.597404626,1.129404328,0.619817486,0.074516682,0.781199958,0.104670211,0.0,0.0,0.0,1.0
13,1790406304730772000,FR_calflower1,1790406304716811652,1790406304786861269,0.199292282,13.960348000000002,56.089268999999994,70.049617,0,-0.384680676,0.923040865,0.004018948,0.38318415299999997,-0.903486573,-0.377415646,0.20315036399999997,1.1125905809999999,0.18903309,0.074516682,0.9791392040000001,0.067238244,0.0,0.0,0.0,1.0
13,1790406304730772000,FR_foot,1790406304716811652,1790406304786861269,0.199292282,13.960348000000002,56.089268999999994,70.049617,0,-0.329873495,0.923040865,0.197936485,0.38077119,-0.676835321,-0.377415646,0.632022156,1.101870511,0.6580866,0.074516682,0.749245699,0.042830978,0.0,0.0,0.0,1.0
13,1790406304730772000,RL_hip,1790406304716811652,1790406304786861269,0.199292282,13.960348000000002,56.089268999999994,70.049617,0,-0.029360353999999998,0.979449165,-0.19954226600000002,0.53948829,-0.262257048,-0.200182912,-0.9440067109999999,1.12610957,-0.964551195,0.024614696000000002,0.262744999,0.712177892,0.0,0.0,0.0,1.0
13,1790406304730772000,RL_thigh,1790406304716811652,1790406304786861269,0.199292282,13.960348000000002,56.089268999999994,70.049617,0,0.15294264300000002,0.979449707,-0.13147864199999998,0.63301012,0.657551521,-0.200178064,-0.726330068,1.1069951409999998,-0.7377228229999999,0.024632561,-0.674654058,0.714528243,0.0,0.0,0.0,1.0
13,1790406304730772000,RL_calf,1790406304716811652,1790406304786861269,0.199292282,13.960348000000002,56.089268999999994,70.049617,0,-0.135221474,0.979441714,-0.14969600800000002,0.661008135,-0.74141804,-0.200247853,-0.640469136,1.261685827,-0.657278147,0.024381842,0.753253469,0.8582341640000001,0.0,0.0,0.0,1.0
13,1790406304730772000,RL_calflower,1790406304716811652,1790406304786861269,0.199292282,13.960348000000002,56.089268999999994,70.049617,0,-0.1275708,0.979441714,-0.156267184,0.680425644,-0.708481345,-0.200247853,-0.6767241740000001,1.341604695,-0.694103703,0.024381842999999997,0.719461883,0.733655156,0.0,0.0,0.0,1.0
13,1790406304730772000,RL_calflower1,1790406304716811652,1790406304786861269,0.199292282,13.960348000000002,56.089268999999994,70.049617,0,-0.04099372,0.979441714,-0.197517738,0.687945612,-0.315922225,-0.200247853,-0.927412838,1.375740617,-0.947898976,0.024381842999999997,0.317636401,0.711826959,0.0,0.0,0.0,1.0
13,1790406304730772000,RL_foot,1790406304716811652,1790406304786861269,0.199292282,13.960348000000002,56.089268999999994,70.049617,0,-0.135221474,0.979441714,-0.14969600800000002,0.692849759,-0.74141804,-0.200247853,-0.640469136,1.398034031,-0.657278147,0.024381842,0.753253469,0.6978544190000001,0.0,0.0,0.0,1.0
13,1790406304730772000,RR_hip,1790406304716811652,1790406304786861269,0.199292282,13.960348000000002,56.089268999999994,70.049617,0,-0.029360353999999998,0.9545361290000001,-0.296645514,0.448946554,-0.262257048,-0.293732835,-0.919207751,1.14714319,-0.964551195,0.050808825999999994,0.258958068,0.709215009,0.0,0.0,0.0,1.0
13,1790406304730772000,RR_thigh,1790406304716811652,1790406304786861269,0.199292282,13.960348000000002,56.089268999999994,70.049617,0,0.18911142399999997,0.9545381340000001,-0.23042055600000003,0.357795075,0.464765185,-0.29371521899999997,-0.8352995390000001,1.175192564,-0.865003146,0.050872948,-0.499180655,0.704363135,0.0,0.0,0.0,1.0
13,1790406304730772000,RR_calf,1790406304716811652,1790406304786861269,0.199292282,13.960348000000002,56.089268999999994,70.049617,0,-0.19876490100000002,0.954539135,-0.222142675,0.406858714,-0.7544058579999999,-0.293706639,-0.587033932,1.35309367,-0.625591282,0.050903709000000005,0.7784883979999999,0.810684535,0.0,0.0,0.0,1.0
13,1790406304730772000,RR_calflower,1790406304716811652,1790406304786861269,0.199292282,13.960348000000002,56.089268999999994,70.049617,0,-0.18741399,0.954539135,-0.23179915899999998,0.435763775,-0.724123579,-0.293706639,-0.624004871,1.4248666630000002,-0.663717659,0.050903708,0.746248958,0.682975743,0.0,0.0,0.0,1.0
13,1790406304730772000,RR_calflower1,1790406304716811652,1790406304786861269,0.199292282,13.960348000000002,56.089268999999994,70.049617,0,-0.059195233,0.954539135,-0.292148555,0.446908742,-0.354141483,-0.293706639,-0.887874342,1.45706082,-0.933316422,0.050903708,0.35542804299999997,0.659766795,0.0,0.0,0.0,1.0
13,1790406304730772000,RR_foot,1790406304716811652,1790406304786861269,0.199292282,13.960348000000002,56.089268999999994,70.049617,0,-0.19876490100000002,0.954539135,-0.222142675,0.454176442,-0.7544058579999999,-0.293706639,-0.587033932,1.4780999730000002,-0.625591282,0.050903709000000005,0.7784883979999999,0.644892121,0.0,0.0,0.0,1.0
14,1790406304798770000,FL_hip,1790406304786861269,1790406304852877139,0.180391942,11.908731,54.107139000000004,66.01586999999999,0,-0.050587123,0.993982842,-0.09715365,0.535698499,-0.269985171,-0.10726657099999999,-0.95687122,1.042006209,-0.96153458,-0.022175612,0.273787038,0.33779082,0.0,0.0,0.0,1.0
14,1790406304798770000,FL_thigh,1790406304786861269,1790406304852877139,0.180391942,11.908731,54.107139000000004,66.01586999999999,0,-0.069213912,0.993982384,-0.08490130800000001,0.6306238,-0.45807774,-0.107268993,-0.882416448,1.0317622579999999,-0.886213336,-0.02218439,0.46274574399999996,0.335673051,0.0,0.0,0.0,1.0
14,1790406304798770000,FL_calf,1790406304786861269,1790406304852877139,0.180391942,11.908731,54.107139000000004,66.01586999999999,0,-0.085978199,0.993982422,0.067870989,0.648704992,-0.8895030740000001,-0.10726879199999999,0.44416025,1.219692493,0.448767959,-0.022183649,0.893372852,0.237121322,0.0,0.0,0.0,1.0
14,1790406304798770000,FL_calflower,1790406304786861269,1790406304852877139,0.180391942,11.908731,54.107139000000004,66.01586999999999,0,-0.089262884,0.993982422,0.063489049,0.636940655,-0.910590187,-0.10726879199999999,0.399148541,1.1361761129999999,0.403557084,-0.022183649,0.9146854179999999,0.11389091400000001,0.0,0.0,0.0,1.0
14,1790406304798770000,FL_calflower1,1790406304786861269,1790406304852877139,0.180391942,11.908731,54.107139000000004,66.01586999999999,0,-0.108493646,0.993982422,0.015094723,0.635293564,-0.992007357,-0.10726879199999999,-0.066448857,1.129316893,-0.064429595,-0.022183649,0.997675579,0.073272369,0.0,0.0,0.0,1.0
14,1790406304798770000,FL_foot,1790406304786861269,1790406304852877139,0.180391942,11.908731,54.107139000000004,66.01586999999999,0,-0.085978199,0.993982422,0.067870989,0.634248342,-0.8895030740000001,-0.10726879199999999,0.44416025,1.125097086,0.448767959,-0.022183649,0.893372852,0.046853652,0.0,0.0,0.0,1.0
14,1790406304798770000,FR_hip,1790406304786861269,1790406304852877139,0.180391942,11.908731,54.107139000000004,66.01586999999999,0,-0.050587123,0.932657493,-0.357198434,0.44437163700000004,-0.269985171,-0.357110573,-0.894192757,1.059567137,-0.96153458,0.051203385,0.269869067,0.33766477,0.0,0.0,0.0,1.0
14,1790406304798770000,FR_thigh,1790406304786861269,1790406304852877139,0.180391942,11.908731,54.107139000000004,66.01586999999999,0,-0.164615538,0.932754878,-0.320733286,0.355359356,-0.5515733660000001,-0.356626351,-0.754045827,1.093648311,-0.817721492,0.052780022,0.573189043,0.3327783,0.0,0.0,0.0,1.0
14,1790406304798770000,FR_calf,1790406304786861269,1790406304852877139,0.180391942,11.908731,54.107139000000004,66.01586999999999,0,-0.278776674,0.932613237,0.229163465,0.42339659700000004,-0.624964011,-0.357358997,0.694057038,1.253409884,0.729180387,0.050267738,0.682472686,0.211212053,0.0,0.0,0.0,1.0
14,1790406304798770000,FR_calflower,1790406304786861269,1790406304852877139,0.180391942,11.908731,54.107139000000004,66.01586999999999,0,-0.28988167600000003,0.932613237,0.21494404399999997,0.38389061700000005,-0.6588713629999999,-0.357358997,0.661954466,1.138458201,0.694159683,0.050267739000000006,0.7180636020000001,0.124888908,0.0,0.0,0.0,1.0
14,1790406304798770000,FR_calflower1,1790406304786861269,1790406304852877139,0.180391942,11.908731,54.107139000000004,66.01586999999999,0,-0.35638025799999995,0.932613237,0.05679295400000001,0.378168501,-0.8900923409999999,-0.357358997,0.282897175,1.118620316,0.28412929600000003,0.050267739000000006,0.9574672559999999,0.089272015,0.0,0.0,0.0,1.0
14,1790406304798770000,FR_foot,1790406304786861269,1790406304852877139,0.180391942,11.908731,54.107139000000004,66.01586999999999,0,-0.278776674,0.932613237,0.229163465,0.374532068,-0.624964011,-0.357358997,0.694057038,1.105928473,0.729180387,0.050267738,0.682472686,0.066022725,0.0,0.0,0.0,1.0
14,1790406304798770000,RL_hip,1790406304786861269,1790406304852877139,0.180391942,11.908731,54.107139000000004,66.01586999999999,0,-0.050587123,0.992011671,-0.11555763,0.5552655989999999,-0.269985171,-0.124981055,-0.954719008,1.146436473,-0.96153458,-0.017097934,0.274150981,0.7097123959999999,0.0,0.0,0.0,1.0
14,1790406304798770000,RL_thigh,1790406304786861269,1790406304852877139,0.180391942,11.908731,54.107139000000004,66.01586999999999,0,0.067718149,0.992019946,-0.10635063300000001,0.6500006770000001,0.6412846560000001,-0.124937633,-0.75706355,1.134501032,-0.764309242,-0.01693438,-0.644627379,0.70807958,0.0,0.0,0.0,1.0
14,1790406304798770000,RL_calf,1790406304786861269,1790406304852877139,0.180391942,11.908731,54.107139000000004,66.01586999999999,0,-0.10374420599999999,0.992018702,-0.07166458099999999,0.6725940779999999,-0.7323496979999999,-0.12494405800000001,-0.669368018,1.295536049,-0.6729793159999999,-0.016959812,0.7394667359999999,0.845209456,0.0,0.0,0.0,1.0
14,1790406304798770000,RL_calflower,1790406304786861269,1790406304852877139,0.180391942,11.908731,54.107139000000004,66.01586999999999,0,-0.100032817,0.992018702,-0.076760068,0.6811319929999999,-0.6979799940000001,-0.12494405800000001,-0.7051337109999999,1.3798738,-0.7090962,-0.016959812,0.7049076479999999,0.722428253,0.0,0.0,0.0,1.0
14,1790406304798770000,RL_calflower1,1790406304786861269,1790406304852877139,0.180391942,11.908731,54.107139000000004,66.01586999999999,0,-0.053282399,0.992018702,-0.114278862,0.685200666,-0.293488647,-0.12494405800000001,-0.947762648,1.415024857,-0.9544764020000001,-0.016959812,0.29780364600000003,0.70134403,0.0,0.0,0.0,1.0
14,1790406304798770000,RL_foot,1790406304786861269,1790406304852877139,0.180391942,11.908731,54.107139000000004,66.01586999999999,0,-0.10374420599999999,0.992018702,-0.07166458099999999,0.687861631,-0.7323496979999999,-0.12494405800000001,-0.669368018,1.4379733680000002,-0.6729793159999999,-0.016959812,0.7394667359999999,0.6878571459999999,0.0,0.0,0.0,1.0
14,1790406304798770000,RR_hip,1790406304786861269,1790406304852877139,0.180391942,11.908731,54.107139000000004,66.01586999999999,0,-0.050587123,0.961073469,-0.271621993,0.46393873700000005,-0.269985171,-0.275003798,-0.9227575840000001,1.163997401,-0.96153458,0.026653987999999997,0.27338739,0.7095863459999999,0.0,0.0,0.0,1.0
14,1790406304798770000,RR_thigh,1790406304786861269,1790406304852877139,0.180391942,11.908731,54.107139000000004,66.01586999999999,0,0.16326241800000002,0.9610683409999999,-0.222918831,0.372161099,0.487684534,-0.275030867,-0.828566508,1.190258896,-0.857618482,0.026559434,-0.513600023,0.707041017,0.0,0.0,0.0,1.0
14,1790406304798770000,RR_calf,1790406304786861269,1790406304852877139,0.180391942,11.908731,54.107139000000004,66.01586999999999,0,-0.193949368,0.9610704720000001,-0.19679168800000002,0.41964725799999997,-0.740048422,-0.27501969,-0.613753325,1.366700276,-0.643981425,0.026598037,0.764578523,0.8164199959999999,0.0,0.0,0.0,1.0
14,1790406304798770000,RR_calflower,1790406304786861269,1790406304852877139,0.180391942,11.908731,54.107139000000004,66.01586999999999,0,-0.183871497,0.9610704720000001,-0.206239178,0.444884754,-0.7084486729999999,-0.27501969,-0.6499732979999999,1.4427259159999999,-0.681389615,0.026598037,0.731437342,0.690392275,0.0,0.0,0.0,1.0
14,1790406304798770000,RR_calflower1,1790406304786861269,1790406304852877139,0.180391942,11.908731,54.107139000000004,66.01586999999999,0,-0.067856127,0.9610704720000001,-0.267841132,0.454971186,-0.32824624199999997,-0.27501969,-0.90366986,1.475805456,-0.942151662,0.026598037,0.334129674,0.66795066,0.0,0.0,0.0,1.0
14,1790406304798770000,RR_foot,1790406304786861269,1790406304852877139,0.180391942,11.908731,54.107139000000004,66.01586999999999,0,-0.193949368,0.9610704720000001,-0.19679168800000002,0.46155216,-0.740048422,-0.27501969,-0.613753325,1.497414438,-0.643981425,0.026598037,0.764578523,0.653577559,0.0,0.0,0.0,1.0
15,1790406304866767000,FL_hip,1790406304852877139,1790406304915562665,0.22158003399999998,13.889860999999998,48.795665,62.685526,0,-0.049861194000000005,0.9940679020000001,-0.096657354,0.53588744,-0.248843675,-0.106090399,-0.962716107,1.055595587,-0.9672592640000001,-0.023949892,0.252657397,0.337672477,0.0,0.0,0.0,1.0
15,1790406304866767000,FL_thigh,1790406304852877139,1790406304915562665,0.22158003399999998,13.889860999999998,48.795665,62.685526,0,-0.071649844,0.994066351,-0.081842321,0.6308181420000001,-0.472812675,-0.10609810800000001,-0.874752545,1.04546426,-0.87824504,-0.023980085,0.477609094,0.335385327,0.0,0.0,0.0,1.0
15,1790406304866767000,FL_calf,1790406304852877139,1790406304915562665,0.22158003399999998,13.889860999999998,48.795665,62.685526,0,-0.082838008,0.9940647579999999,0.070518766,0.6482477289999999,-0.881339537,-0.10610596300000001,0.46041589299999996,1.231774732,0.46516569,-0.02401133,0.884897835,0.233659547,0.0,0.0,0.0,1.0
15,1790406304866767000,FL_calflower,1790406304852877139,1790406304915562665,0.22158003399999998,13.889860999999998,48.795665,62.685526,0,-0.08625895199999999,0.9940647579999999,0.066290461,0.636147282,-0.9032492959999999,-0.10610596300000001,0.415791875,1.146020791,0.420357896,-0.02401133,0.907040538,0.11201440300000001,0.0,0.0,0.0,1.0
15,1790406304866767000,FL_calflower1,1790406304852877139,1790406304915562665,0.22158003399999998,13.889860999999998,48.795665,62.685526,0,-0.107122806,0.9940647579999999,0.018966714,0.634355899,-0.9931815690000001,-0.10610596300000001,-0.048296433,1.138422915,-0.045997113,-0.02401133,0.998652874,0.07153483,0.0,0.0,0.0,1.0
15,1790406304866767000,FL_foot,1790406304852877139,1790406304915562665,0.22158003399999998,13.889860999999998,48.795665,62.685526,0,-0.082838008,0.9940647579999999,0.070518766,0.6332164370000001,-0.881339537,-0.10610596300000001,0.46041589299999996,1.133722663,0.46516569,-0.02401133,0.884897835,0.045202022,0.0,0.0,0.0,1.0
15,1790406304866767000,FR_hip,1790406304852877139,1790406304915562665,0.22158003399999998,13.889860999999998,48.795665,62.685526,0,-0.049861194000000005,0.916394295,-0.39715882700000005,0.444441108,-0.248843675,-0.39651169299999994,-0.8836605409999999,1.0725200259999998,-0.9672592640000001,0.054769846,0.24780964800000002,0.338032369,0.0,0.0,0.0,1.0
15,1790406304866767000,FR_thigh,1790406304852877139,1790406304915562665,0.22158003399999998,13.889860999999998,48.795665,62.685526,0,-0.09460288800000001,0.9163165240000001,-0.389119644,0.357030595,-0.3441608,-0.39687525799999995,-0.850907764,1.110344016,-0.9341324529999999,0.05342115,0.35290591299999996,0.33280746,0.0,0.0,0.0,1.0
15,1790406304866767000,FR_calf,1790406304852877139,1790406304915562665,0.22158003399999998,13.889860999999998,48.795665,62.685526,0,-0.29293929399999996,0.916292625,0.273119334,0.43966852,-0.573948785,-0.39697937,0.7162337759999999,1.2910678359999999,0.7647024179999999,0.05305626099999999,0.642195521,0.257818698,0.0,0.0,0.0,1.0
15,1790406304866767000,FR_calflower,1790406304852877139,1790406304915562665,0.22158003399999998,13.889860999999998,48.795665,62.685526,0,-0.306223474,0.916292625,0.258137143,0.39335912700000003,-0.609028267,-0.39697937,0.686653187,1.174071844,0.73165034,0.05305626099999999,0.679612135,0.178249136,0.0,0.0,0.0,1.0
15,1790406304866767000,FR_calflower1,1790406304852877139,1790406304915562665,0.22158003399999998,13.889860999999998,48.795665,62.685526,0,-0.39082102399999996,0.916292625,0.08755871300000001,0.38605318,-0.857287123,-0.39697937,0.327821319,1.152788642,0.33513940600000003,0.05305626099999999,0.9406734040000001,0.143834392,0.0,0.0,0.0,1.0
15,1790406304866767000,FR_foot,1790406304852877139,1790406304915562665,0.22158003399999998,13.889860999999998,48.795665,62.685526,0,-0.29293929399999996,0.916292625,0.273119334,0.381394303,-0.573948785,-0.39697937,0.7162337759999999,1.139147734,0.7647024179999999,0.05305626099999999,0.642195521,0.121355029,0.0,0.0,0.0,1.0
15,1790406304866767000,RL_hip,1790406304852877139,1790406304915562665,0.22158003399999998,13.889860999999998,48.795665,62.685526,0,-0.049861194000000005,0.9943223240000001,-0.094004011,0.55517375,-0.248843675,-0.103520695,-0.962995815,1.15184832,-0.9672592640000001,-0.024624107000000003,0.252592579,0.7118083609999999,0.0,0.0,0.0,1.0
15,1790406304866767000,RL_thigh,1790406304852877139,1790406304915562665,0.22158003399999998,13.889860999999998,48.795665,62.685526,0,0.039236381,0.994322513,-0.09890915800000001,0.650131441,0.571767173,-0.10351974900000001,-0.8138590859999999,1.141962104,-0.819477317,-0.024620412999999997,-0.572582399,0.709456761,0.0,0.0,0.0,1.0
15,1790406304866767000,RL_calf,1790406304852877139,1790406304915562665,0.22158003399999998,13.889860999999998,48.795665,62.685526,0,-0.096419177,0.9943222279999999,-0.045015837999999996,0.6711981459999999,-0.77860642,-0.10352117400000001,-0.618915227,1.3153113779999999,-0.620060938,-0.024625966000000003,0.78416697,0.8314150090000001,0.0,0.0,0.0,1.0
15,1790406304866767000,RL_calflower,1790406304852877139,1790406304915562665,0.22158003399999998,13.889860999999998,48.795665,62.685526,0,-0.094048824,0.9943222279999999,-0.049778530999999994,0.675931878,-0.746700496,-0.10352117400000001,-0.6570558470000001,1.391338332,-0.6584780370000001,-0.024625965,0.752196834,0.702957605,0.0,0.0,0.0,1.0
15,1790406304866767000,RL_calflower1,1790406304852877139,1790406304915562665,0.22158003399999998,13.889860999999998,48.795665,62.685526,0,-0.060434141,0.9943222279999999,-0.08758309199999999,0.6788634659999999,-0.35890484200000006,-0.10352117400000001,-0.9276159390000001,1.4250874080000002,-0.93141551,-0.024625966000000003,0.36312332799999997,0.679454612,0.0,0.0,0.0,1.0
15,1790406304866767000,RL_foot,1790406304852877139,1790406304915562665,0.22158003399999998,13.889860999999998,48.795665,62.685526,0,-0.096419177,0.9943222279999999,-0.045015837999999996,0.680786223,-0.77860642,-0.10352117400000001,-0.618915227,1.447139681,-0.620060938,-0.024625966000000003,0.78416697,0.664388136,0.0,0.0,0.0,1.0
15,1790406304866767000,RR_hip,1790406304852877139,1790406304915562665,0.22158003399999998,13.889860999999998,48.795665,62.685526,0,-0.049861194000000005,0.968239228,-0.245002928,0.46372741799999995,-0.248843675,-0.249615466,-0.9358256220000001,1.168772759,-0.9672592640000001,0.014305773999999999,0.253386469,0.712168253,0.0,0.0,0.0,1.0
15,1790406304866767000,RR_thigh,1790406304852877139,1790406304915562665,0.22158003399999998,13.889860999999998,48.795665,62.685526,0,0.156384188,0.968241573,-0.195069264,0.371260869,0.559852326,-0.24960386,-0.79010375,1.192610959,-0.81370123,0.01434948,-0.581106051,0.7108020559999999,0.0,0.0,0.0,1.0
15,1790406304866767000,RR_calf,1790406304852877139,1790406304915562665,0.22158003399999998,13.889860999999998,48.795665,62.685526,0,-0.17196513100000002,0.968240674,-0.181487648,0.412777055,-0.7064823729999999,-0.249608286,-0.66225298,1.360798879,-0.686520738,0.014333132,0.726968829,0.834497264,0.0,0.0,0.0,1.0
15,1790406304866767000,RR_calflower,1790406304852877139,1790406304915562665,0.22158003399999998,13.889860999999998,48.795665,62.685526,0,-0.162679618,0.968240674,-0.18985550899999998,0.43619447200000006,-0.6725006,-0.249608286,-0.696734739,1.4446605240000001,-0.721996064,0.014333132,0.691748571,0.713205539,0.0,0.0,0.0,1.0
15,1790406304866767000,RR_calflower1,1790406304852877139,1790406304915562665,0.22158003399999998,13.889860999999998,48.795665,62.685526,0,-0.05662467400000001,0.968240674,-0.243522933,0.445413419,-0.274767025,-0.249608286,-0.9285469479999999,1.4792460809999999,-0.959841928,0.014333132,0.280174724,0.692760589,0.0,0.0,0.0,1.0
15,1790406304866767000,RR_foot,1790406304852877139,1790406304915562665,0.22158003399999998,13.889860999999998,48.795665,62.685526,0,-0.17196513100000002,0.968240674,-0.181487648,0.451427046,-0.7064823729999999,-0.249608286,-0.66225298,1.50182201,-0.686520738,0.014333132,0.726968829,0.6796912279999999,0.0,0.0,0.0,1.0
16,1790406304930771000,FL_hip,1790406304915562665,1790406304981594573,0.23031797,15.208335,50.823572999999996,66.031908,0,-0.073010882,0.994455656,-0.075677588,0.521590523,-0.263587072,-0.09242250800000001,-0.960198207,1.061960815,-0.961868527,-0.050157557,0.26887362,0.344461229,0.0,0.0,0.0,1.0
16,1790406304930771000,FL_thigh,1790406304915562665,1790406304981594573,0.23031797,15.208335,50.823572999999996,66.031908,0,-0.089829127,0.994457527,-0.054632336,0.616497703,-0.499075465,-0.092415746,-0.861616893,1.053141314,-0.861889951,-0.050132909,0.50461101,0.33967411299999994,0.0,0.0,0.0,1.0
16,1790406304930771000,FL_calf,1790406304915562665,1790406304981594573,0.23031797,15.208335,50.823572999999996,66.031908,0,-0.053680742999999996,0.994437803,0.090617721,0.628123204,-0.8567077909999999,-0.09248637,0.507443291,1.236533492,0.513001723,-0.050393248,0.856907008,0.232229149,0.0,0.0,0.0,1.0
16,1790406304930771000,FL_calflower,1790406304915562665,1790406304981594573,0.23031797,15.208335,50.823572999999996,66.031908,0,-0.058142654,0.994437803,0.08782155400000001,0.613609905,-0.8809987229999999,-0.092486369,0.463991576,1.144347767,0.469533105,-0.050393249,0.881475497,0.115668285,0.0,0.0,0.0,1.0
16,1790406304930771000,FL_calflower1,1790406304915562665,1790406304981594573,0.23031797,15.208335,50.823572999999996,66.031908,0,-0.09212640400000001,0.994437803,0.051048206,0.610668668,-0.995703042,-0.09248637,0.004731308,1.134599553,0.009426451,-0.050393249,0.9986849,0.075718119,0.0,0.0,0.0,1.0
16,1790406304930771000,FL_foot,1790406304915562665,1790406304981594573,0.23031797,15.208335,50.823572999999996,66.031908,0,-0.053680742999999996,0.994437803,0.090617721,0.608777187,-0.8567077909999999,-0.09248637,0.507443291,1.128500346,0.513001723,-0.050393248,0.856907008,0.049716246,0.0,0.0,0.0,1.0
16,1790406304930771000,FR_hip,1790406304915562665,1790406304981594573,0.23031797,15.208335,50.823572999999996,66.031908,0,-0.073010882,0.97011823,-0.23138662,0.42951542200000004,-0.263587072,-0.24252599100000002,-0.9336507159999999,1.074556904,-0.961868527,-0.007176391999999999,0.273417819,0.347998452,0.0,0.0,0.0,1.0
16,1790406304930771000,FR_thigh,1790406304915562665,1790406304981594573,0.23031797,15.208335,50.823572999999996,66.031908,0,-0.080097342,0.970230446,-0.228554229,0.33699128899999997,-0.298946863,-0.242118088,-0.9230440209999999,1.097690314,-0.950902197,-0.005608055,0.30944051,0.34868215,0.0,0.0,0.0,1.0
16,1790406304930771000,FR_calf,1790406304915562665,1790406304981594573,0.23031797,15.208335,50.823572999999996,66.031908,0,-0.18332918399999998,0.96978796,0.160939308,0.385553363,-0.7577650579999999,-0.243701506,0.605311782,1.293637823,0.62624525,-0.010983119,0.779548668,0.282986328,0.0,0.0,0.0,1.0
16,1790406304930771000,FR_calflower,1790406304915562665,1790406304981594573,0.23031797,15.208335,50.823572999999996,66.031908,0,-0.19114368399999998,0.96978796,0.151575535,0.357854216,-0.787071029,-0.243701506,0.566682832,1.190276375,0.586501412,-0.010983118,0.809873652,0.18144456,0.0,0.0,0.0,1.0
16,1790406304930771000,FR_calflower1,1790406304915562665,1790406304981594573,0.23031797,15.208335,50.823572999999996,66.031908,0,-0.239537903,0.96978796,0.046180557000000004,0.353585201,-0.9598103379999999,-0.243701506,0.139191784,1.175664825,0.146240987,-0.010983119,0.989187956,0.143659342,0.0,0.0,0.0,1.0
16,1790406304930771000,FR_foot,1790406304915562665,1790406304981594573,0.23031797,15.208335,50.823572999999996,66.031908,0,-0.18332918399999998,0.96978796,0.160939308,0.35086538700000003,-0.7577650579999999,-0.243701506,0.605311782,1.16638867,0.62624525,-0.010983119,0.779548668,0.119033026,0.0,0.0,0.0,1.0
16,1790406304930771000,RL_hip,1790406304915562665,1790406304981594573,0.23031797,15.208335,50.823572999999996,66.031908,0,-0.073010882,0.996561657,-0.039166477000000005,0.549831132,-0.263587072,-0.057156137,-0.962941168,1.163916294,-0.961868527,-0.059981685,0.26685389600000003,0.7165119759999999,0.0,0.0,0.0,1.0
16,1790406304930771000,RL_thigh,1790406304915562665,1790406304981594573,0.23031797,15.208335,50.823572999999996,66.031908,0,-0.016577206,0.9965692840000001,-0.081083886,0.6450014,0.571094311,-0.057127874,-0.818894593,1.158457965,-0.820717224,-0.059881807999999995,-0.568187711,0.7107838059999999,0.0,0.0,0.0,1.0
16,1790406304930771000,RL_calf,1790406304915562665,1790406304981594573,0.23031797,15.208335,50.823572999999996,66.031908,0,-0.082124015,0.9965709359999999,0.010087282,0.662241622,-0.771066137,-0.057121560999999994,-0.634188301,1.3327521359999999,-0.631437102,-0.059860328,0.773113055,0.831716213,0.0,0.0,0.0,1.0
16,1790406304930771000,RL_calflower,1790406304915562665,1790406304981594573,0.23031797,15.208335,50.823572999999996,66.031908,0,-0.082525535,0.9965709359999999,0.005970185,0.659121493,-0.7384063,-0.057121560999999994,-0.671932975,1.411098465,-0.669287518,-0.059860328,0.740588163,0.704805811,0.0,0.0,0.0,1.0
16,1790406304930771000,RL_calflower1,1790406304915562665,1790406304981594573,0.23031797,15.208335,50.823572999999996,66.031908,0,-0.07595663799999999,0.9965709359999999,-0.03281305,0.6597085779999999,-0.344677984,-0.057121560999999994,-0.93698179,1.445320661,-0.935642822,-0.059860328,0.34783490200000006,0.681899936,0.0,0.0,0.0,1.0
16,1790406304930771000,RL_foot,1790406304915562665,1790406304981594573,0.23031797,15.208335,50.823572999999996,66.031908,0,-0.082124015,0.9965709359999999,0.010087282,0.6601093,-0.771066137,-0.057121560999999994,-0.634188301,1.467677251,-0.631437102,-0.059860328,0.773113055,0.667222849,0.0,0.0,0.0,1.0
16,1790406304930771000,RR_hip,1790406304915562665,1790406304981594573,0.23031797,15.208335,50.823572999999996,66.031908,0,-0.073010882,0.9763084240000001,-0.203693423,0.457756031,-0.263587072,-0.215865773,-0.940172582,1.176512383,-0.961868527,-0.014952133000000001,0.273102981,0.7200491990000001,0.0,0.0,0.0,1.0
16,1790406304930771000,RR_thigh,1790406304915562665,1790406304981594573,0.23031797,15.208335,50.823572999999996,66.031908,0,0.127534667,0.976340123,-0.174627063,0.364529579,0.628854037,-0.21574998899999998,-0.746990765,1.197125059,-0.766992786,-0.014547971000000002,-0.641490679,0.7214769790000001,0.0,0.0,0.0,1.0
16,1790406304930771000,RR_calf,1790406304915562665,1790406304981594573,0.23031797,15.208335,50.823572999999996,66.031908,0,-0.163623347,0.976311012,-0.141576645,0.40159230100000004,-0.6914323109999999,-0.21585642100000002,-0.6894403720000001,1.3560043830000001,-0.703668099,-0.014918131000000001,0.710372102,0.857908352,0.0,0.0,0.0,1.0
16,1790406304930771000,RR_calflower,1790406304915562665,1790406304981594573,0.23031797,15.208335,50.823572999999996,66.031908,0,-0.15634297800000002,0.976311012,-0.149577469,0.419273114,-0.6561105429999999,-0.21585642100000002,-0.7231359629999999,1.4441980380000001,-0.738292504,-0.014918131000000001,0.674315575,0.738705002,0.0,0.0,0.0,1.0
16,1790406304930771000,RR_calflower1,1790406304915562665,1790406304981594573,0.23031797,15.208335,50.823572999999996,66.031908,0,-0.06960366700000001,0.976311012,-0.204870387,0.42681886399999996,-0.248037592,-0.21585642100000002,-0.944396114,1.47967967,-0.9662465929999999,-0.014918131000000001,0.257186387,0.719116812,0.0,0.0,0.0,1.0
16,1790406304930771000,RR_foot,1790406304915562665,1790406304981594573,0.23031797,15.208335,50.823572999999996,66.031908,0,-0.163623347,0.976311012,-0.141576645,0.431746769,-0.6914323109999999,-0.21585642100000002,-0.6894403720000001,1.5028322019999998,-0.703668099,-0.014918131000000001,0.710372102,0.706606663,0.0,0.0,0.0,1.0
17,1790406304998772000,FL_hip,1790406304981594573,1790406305048678967,0.256056975,17.177426999999998,49.906967,67.08439399999999,0,-0.063886626,0.983543293,-0.16899952199999999,0.508086736,-0.23212445899999998,-0.17934607100000002,-0.9560093559999999,1.083919145,-0.970585664,-0.021847557000000004,0.239762389,0.332645045,0.0,0.0,0.0,1.0
17,1790406304998772000,FL_thigh,1790406304981594573,1790406305048678967,0.256056975,17.177426999999998,49.906967,67.08439399999999,0,-0.104117137,0.983544857,-0.147644458,0.602000565,-0.463951534,-0.179340385,-0.867517531,1.066794346,-0.8797206740000001,-0.021823836,0.474989585,0.330558904,0.0,0.0,0.0,1.0
17,1790406304998772000,FL_calf,1790406304981594573,1790406305048678967,0.256056975,17.177426999999998,49.906967,67.08439399999999,0,-0.143318056,0.9835415479999999,0.11002594199999999,0.633444365,-0.8481372009999999,-0.179352407,0.498494402,1.251544072,0.510023393,-0.021874112999999997,0.859882266,0.22939418,0.0,0.0,0.0,1.0
17,1790406304998772000,FL_calflower,1790406304981594573,1790406305048678967,0.256056975,17.177426999999998,49.906967,67.08439399999999,0,-0.148637951,0.9835415479999999,0.10272552,0.6142923020000001,-0.871991587,-0.17935240600000002,0.455482221,1.160814492,0.466409795,-0.021874112999999997,0.884298183,0.11233040400000001,0.0,0.0,0.0,1.0
17,1790406304998772000,FL_calflower1,1790406304981594573,1790406305048678967,0.256056975,17.177426999999998,49.906967,67.08439399999999,0,-0.17927761399999997,0.9835415479999999,0.022479105,0.611668566,-0.983784315,-0.179352407,0.0013428620000000002,1.1513153729999999,0.005352634,-0.021874112999999997,0.999746329,0.072294594,0.0,0.0,0.0,1.0
17,1790406304998772000,FL_foot,1790406304981594573,1790406305048678967,0.256056975,17.177426999999998,49.906967,67.08439399999999,0,-0.143318056,0.9835415479999999,0.11002594199999999,0.6100051639999999,-0.8481372009999999,-0.179352407,0.498494402,1.145375483,0.510023393,-0.021874112999999997,0.859882266,0.046237953,0.0,0.0,0.0,1.0
17,1790406304998772000,FR_hip,1790406304981594573,1790406305048678967,0.256056975,17.177426999999998,49.906967,67.08439399999999,0,-0.063886626,0.984109975,-0.165667755,0.416158211,-0.23212445899999998,-0.17610748899999998,-0.956611235,1.097724406,-0.970585664,-0.022659394,0.23968702600000003,0.33539440600000003,0.0,0.0,0.0,1.0
17,1790406304998772000,FR_thigh,1790406304981594573,1790406305048678967,0.256056975,17.177426999999998,49.906967,67.08439399999999,0,-0.091179232,0.984096167,-0.152449441,0.322187337,-0.390425298,-0.17615717,-0.903624593,1.114540522,-0.916108218,-0.022871945,0.400277975,0.33755812700000004,0.0,0.0,0.0,1.0
17,1790406304998772000,FR_calf,1790406304981594573,1790406305048678967,0.256056975,17.177426999999998,49.906967,67.08439399999999,0,-0.157173224,0.9841095009999999,0.08261244599999999,0.35463325100000004,-0.923373905,-0.17610921,0.34112584700000004,1.306915429,0.350254079,-0.022666596,0.9363803479999999,0.252338893,0.0,0.0,0.0,1.0
17,1790406304998772000,FR_calflower,1790406304981594573,1790406305048678967,0.256056975,17.177426999999998,49.906967,67.08439399999999,0,-0.161105699,0.9841095009999999,0.074653815,0.33926288299999996,-0.939269115,-0.17610921,0.294550068,1.237965935,0.30301684100000004,-0.022666596,0.952715524,0.120758665,0.0,0.0,0.0,1.0
17,1790406304998772000,FR_calflower1,1790406304981594573,1790406305048678967,0.256056975,17.177426999999998,49.906967,67.08439399999999,0,-0.177373515,0.9841095009999999,-0.008177702,0.337887337,-0.9691440240000001,-0.17610921,-0.172470502,1.235575813,-0.17116979,-0.022666596,0.9849807,0.079620118,0.0,0.0,0.0,1.0
17,1790406304998772000,FR_foot,1790406304981594573,1790406305048678967,0.256056975,17.177426999999998,49.906967,67.08439399999999,0,-0.157173224,0.9841095009999999,0.08261244599999999,0.33703579,-0.923373905,-0.17610921,0.34112584700000004,1.234258868,0.350254079,-0.022666596,0.9363803479999999,0.052889267000000004,0.0,0.0,0.0,1.0
17,1790406304998772000,RL_hip,1790406304981594573,1790406305048678967,0.256056975,17.177426999999998,49.906967,67.08439399999999,0,-0.063886626,0.9953466740000001,-0.072133532,0.532798083,-0.23212445899999998,-0.085119728,-0.968954867,1.173704886,-0.970585664,-0.045159578,0.236482412,0.70806758,0.0,0.0,0.0,1.0
17,1790406304998772000,RL_thigh,1790406304981594573,1790406305048678967,0.256056975,17.177426999999998,49.906967,67.08439399999999,0,0.021281107999999996,0.995346932,-0.093975251,0.627848406,0.651263745,-0.085118789,-0.75406299,1.1655764240000002,-0.758553227,-0.045155655,-0.650044474,0.703755075,0.0,0.0,0.0,1.0
17,1790406304998772000,RL_calf,1790406304981594573,1790406305048678967,0.256056975,17.177426999999998,49.906967,67.08439399999999,0,-0.09167318099999999,0.995344971,-0.029734917000000003,0.6478639079999999,-0.691620938,-0.08512589599999999,-0.71722711,1.326185165,-0.71641928,-0.045185477,0.696205098,0.842216174,0.0,0.0,0.0,1.0
17,1790406304998772000,RL_calflower,1790406304981594573,1790406305048678967,0.256056975,17.177426999999998,49.906967,67.08439399999999,0,-0.09007248699999999,0.995344971,-0.034279506,0.650428219,-0.654910177,-0.08512589599999999,-0.750897402,1.41849509,-0.750319695,-0.045185477,0.659528982,0.724852583,0.0,0.0,0.0,1.0
17,1790406304998772000,RL_calflower1,1790406304981594573,1790406305048678967,0.256056975,17.177426999999998,49.906967,67.08439399999999,0,-0.06406427599999999,0.995344971,-0.07199934599999999,0.6526996629999999,-0.234153218,-0.08512589599999999,-0.968466065,1.455077486,-0.970086509,-0.045185477,0.23851684899999998,0.7059754,0.0,0.0,0.0,1.0
17,1790406304998772000,RL_foot,1790406304981594573,1790406305048678967,0.256056975,17.177426999999998,49.906967,67.08439399999999,0,-0.09167318099999999,0.995344971,-0.029734917000000003,0.6541936979999999,-0.691620938,-0.08512589599999999,-0.71722711,1.478942974,-0.71641928,-0.045185477,0.696205098,0.6939289209999999,0.0,0.0,0.0,1.0
17,1790406304998772000,RR_hip,1790406304981594573,1790406305048678967,0.256056975,17.177426999999998,49.906967,67.08439399999999,0,-0.063886626,0.9707196640000001,-0.231563345,0.440869558,-0.23212445899999998,-0.240127568,-0.942580317,1.187510147,-0.970585664,-0.006467019,0.240668852,0.7108169409999999,0.0,0.0,0.0,1.0
17,1790406304998772000,RR_thigh,1790406304981594573,1790406305048678967,0.256056975,17.177426999999998,49.906967,67.08439399999999,0,0.17097803399999997,0.9707395870000001,-0.168614696,0.348203406,0.708957342,-0.24005512399999998,-0.663139269,1.2104334429999999,-0.684212321,-0.006158638,-0.72925676,0.711434193,0.0,0.0,0.0,1.0
17,1790406304998772000,RR_calf,1790406304981594573,1790406305048678967,0.256056975,17.177426999999998,49.906967,67.08439399999999,0,-0.170816957,0.970748466,-0.16872679699999998,0.384043099,-0.672807371,-0.24002279899999998,-0.699799946,1.3516193459999999,-0.719827652,-0.006017324,0.694126641,0.866738207,0.0,0.0,0.0,1.0
17,1790406304998772000,RR_calflower,1790406304981594573,1790406305048678967,0.256056975,17.177426999999998,49.906967,67.08439399999999,0,-0.162170655,0.970748466,-0.17705322199999998,0.405619391,-0.636991117,-0.24002279899999998,-0.732551732,1.4416320130000002,-0.753619927,-0.006017324,0.657282775,0.7496841,0.0,0.0,0.0,1.0
17,1790406304998772000,RR_calflower1,1790406304981594573,1790406305048678967,0.256056975,17.177426999999998,49.906967,67.08439399999999,0,-0.062085057,0.970748466,-0.23193234100000001,0.41431983200000005,-0.226730751,-0.24002279899999998,-0.9439189,1.477268824,-0.971976547,-0.006017324,0.235000495,0.730942891,0.0,0.0,0.0,1.0
17,1790406304998772000,RR_foot,1790406304981594573,1790406305048678967,0.256056975,17.177426999999998,49.906967,67.08439399999999,0,-0.170816957,0.970748466,-0.16872679699999998,0.41999724899999996,-0.672807371,-0.24002279899999998,-0.699799946,1.500517094,-0.719827652,-0.006017324,0.694126641,0.718985248,0.0,0.0,0.0,1.0
18,1790406305530768000,FL_hip,1790406305124072861,1790406305631045530,0.802203282,406.69513900000004,100.27753,506.97266900000005,1,-0.036584343,0.999329737,-0.001186695,0.487754005,-0.192402617,-0.0082088,-0.98128209,1.088932343,-0.9806337829999999,-0.035671517,0.19257402899999998,0.338959292,0.0,0.0,0.0,1.0
18,1790406305530768000,FL_thigh,1790406305124072861,1790406305631045530,0.802203282,406.69513900000004,100.27753,506.97266900000005,1,-0.03668544,0.999325407,0.0016294870000000002,0.583187232,-0.26706077899999997,-0.00823244,-0.963644883,1.088148414,-0.962981065,-0.035787189,0.267182665,0.335552763,0.0,0.0,0.0,1.0
18,1790406305530768000,FL_calf,1790406305124072861,1790406305631045530,0.802203282,406.69513900000004,100.27753,506.97266900000005,1,0.010553733999999999,0.9993370009999999,0.0348414,0.582839335,-0.8675837390000001,-0.008173065,0.497224647,1.293299437,0.49717969700000003,-0.035475689,0.8669219429999999,0.27866998600000004,0.0,0.0,0.0,1.0
18,1790406305530768000,FL_calflower,1790406305124072861,1790406305631045530,0.802203282,406.69513900000004,100.27753,506.97266900000005,1,0.0087992,0.9993370009999999,0.035325324,0.577926252,-0.89135036,-0.008173065,0.45324213,1.202489162,0.453230313,-0.035475689,0.890687144,0.160466477,0.0,0.0,0.0,1.0
18,1790406305530768000,FL_calflower1,1790406305124072861,1790406305631045530,0.802203282,406.69513900000004,100.27753,506.97266900000005,1,-0.008507653,0.9993370009999999,0.035396671,0.576435468,-0.9999210209999999,-0.008173064,-0.009583566,1.193287094,-0.009287789,-0.035475689,0.999327295,0.120360989,0.0,0.0,0.0,1.0
18,1790406305530768000,FL_foot,1790406305124072861,1790406305631045530,0.802203282,406.69513900000004,100.27753,506.97266900000005,1,0.010553733999999999,0.9993370009999999,0.0348414,0.57546735,-0.8675837390000001,-0.008173065,0.497224647,1.187544189,0.49717969700000003,-0.035475689,0.8669219429999999,0.094262605,0.0,0.0,0.0,1.0
18,1790406305530768000,FR_hip,1790406305124072861,1790406305631045530,0.802203282,406.69513900000004,100.27753,506.97266900000005,1,-0.036584343,0.98578126,-0.164001948,0.395150479,-0.192402617,-0.16798951899999998,-0.96683062,1.0973174490000002,-0.9806337829999999,-0.003816726,0.195812784,0.340768885,0.0,0.0,0.0,1.0
18,1790406305530768000,FR_thigh,1790406305124072861,1790406305631045530,0.802203282,406.69513900000004,100.27753,506.97266900000005,1,-0.094890914,0.985779253,-0.13868931,0.301008533,-0.537508019,-0.16800014300000002,-0.826354508,1.11336042,-0.8379026079999999,-0.003867185,0.5458059129999999,0.34113338200000004,0.0,0.0,0.0,1.0
18,1790406305530768000,FR_calf,1790406305124072861,1790406305631045530,0.802203282,406.69513900000004,100.27753,506.97266900000005,1,-0.145195643,0.985778365,0.08461079199999999,0.330500177,-0.86313519,-0.16800488,0.47620656899999997,1.289101454,0.483649156,-0.0038877,0.875253226,0.225046131,0.0,0.0,0.0,1.0
18,1790406305530768000,FR_calflower,1790406305124072861,1790406305631045530,0.802203282,406.69513900000004,100.27753,506.97266900000005,1,-0.149242963,0.985778365,0.077248293,0.315107951,-0.885856905,-0.168004879,0.432472654,1.201612382,0.439300291,-0.0038877,0.898331771,0.10555342,0.0,0.0,0.0,1.0
18,1790406305530768000,FR_calflower1,1790406305124072861,1790406305631045530,0.802203282,406.69513900000004,100.27753,506.97266900000005,1,-0.168049405,0.985778365,-0.000398449,0.31351152,-0.9854574429999999,-0.16800488,-0.025469222000000003,1.193193265,-0.025173776000000002,-0.0038877,0.9996754459999999,0.065349699,0.0,0.0,0.0,1.0
18,1790406305530768000,FR_foot,1790406305124072861,1790406305631045530,0.802203282,406.69513900000004,100.27753,506.97266900000005,1,-0.145195643,0.985778365,0.08461079199999999,0.31251381100000003,-0.86313519,-0.16800488,0.47620656899999997,1.187955957,0.483649156,-0.0038877,0.875253226,0.039191238999999996,0.0,0.0,0.0,1.0
18,1790406305530768000,RL_hip,1790406305124072861,1790406305631045530,0.802203282,406.69513900000004,100.27753,506.97266900000005,1,-0.036584343,0.9979553179999999,-0.052407191,0.501904829,-0.192402617,-0.058495007,-0.9795714670000001,1.163353675,-0.9806337829999999,-0.025753975,0.19414928899999997,0.718268439,0.0,0.0,0.0,1.0
18,1790406305530768000,RL_thigh,1790406305124072861,1790406305631045530,0.802203282,406.69513900000004,100.27753,506.97266900000005,1,0.028026508,0.997955576,-0.057436295,0.597209559,0.762610685,-0.05849372,-0.644208134,1.1577674009999999,-0.646250664,-0.025746905,-0.762690636,0.715808935,0.0,0.0,0.0,1.0
18,1790406305530768000,RL_calf,1790406305124072861,1790406305631045530,0.802203282,406.69513900000004,100.27753,506.97266900000005,1,-0.055582228,0.997955693,-0.031540389,0.609424028,-0.595612059,-0.058493185999999996,-0.8011401340000001,1.294776068,-0.801346925,-0.025743593999999998,0.597645549,0.87802939,0.0,0.0,0.0,1.0
18,1790406305530768000,RL_calflower,1790406305124072861,1790406305631045530,0.802203282,406.69513900000004,100.27753,506.97266900000005,1,-0.053936402,0.997955693,-0.034278925,0.612971272,-0.5548273810000001,-0.058493185999999996,-0.8299071140000001,1.4011098290000001,-0.830215278,-0.025743593999999998,0.556847994,0.773893382,0.0,0.0,0.0,1.0
18,1790406305530768000,RL_calflower1,1790406305124072861,1790406305631045530,0.802203282,406.69513900000004,100.27753,506.97266900000005,1,-0.032012021,0.997955693,-0.05531194,0.614876114,-0.10889524699999999,-0.058493185999999996,-0.992331127,1.4397341330000002,-0.993537544,-0.025743593999999998,0.11054521699999999,0.759970516,0.0,0.0,0.0,1.0
18,1790406305530768000,RL_foot,1790406305124072861,1790406305631045530,0.802203282,406.69513900000004,100.27753,506.97266900000005,1,-0.055582228,0.997955693,-0.031540389,0.6161236379999999,-0.595612059,-0.058493185999999996,-0.8011401340000001,1.464897546,-0.801346925,-0.025743593999999998,0.597645549,0.751153319,0.0,0.0,0.0,1.0
18,1790406305530768000,RR_hip,1790406305124072861,1790406305631045530,0.802203282,406.69513900000004,100.27753,506.97266900000005,1,-0.036584343,0.985275755,-0.16701203,0.40930130299999995,-0.192402617,-0.170941702,-0.9663130240000001,1.171738781,-0.9806337829999999,-0.0032186420000000003,0.195823528,0.720078032,0.0,0.0,0.0,1.0
18,1790406305530768000,RR_thigh,1790406305124072861,1790406305631045530,0.802203282,406.69513900000004,100.27753,506.97266900000005,1,0.104852894,0.985274375,-0.135055629,0.315207953,0.619141499,-0.170948976,-0.766446961,1.18806363,-0.7782480390000001,-0.003254629,-0.627948427,0.720385411,0.0,0.0,0.0,1.0
18,1790406305530768000,RR_calf,1790406305124072861,1790406305631045530,0.802203282,406.69513900000004,100.27753,506.97266900000005,1,-0.133875216,0.985275883,-0.10634193,0.343973277,-0.7596662940000001,-0.170941027,-0.6274448020000001,1.3512727169999998,-0.636384107,-0.003215194,0.771365517,0.854102963,0.0,0.0,0.0,1.0
18,1790406305530768000,RR_calflower,1790406305124072861,1790406305631045530,0.802203282,406.69513900000004,100.27753,506.97266900000005,1,-0.128393025,0.985275883,-0.11290000300000001,0.357034639,-0.7273577390000001,-0.170941027,-0.664628149,1.428940464,-0.674141001,-0.003215194,0.738595562,0.72721359,0.0,0.0,0.0,1.0
18,1790406305530768000,RR_calflower1,1790406305124072861,1790406305631045530,0.802203282,406.69513900000004,100.27753,506.97266900000005,1,-0.061749091,0.985275883,-0.159430954,0.36283457799999996,-0.33825118299999996,-0.170941027,-0.9254004509999999,1.4627988859999999,-0.9390276940000001,-0.003215194,0.34382623799999995,0.7044112709999999,0.0,0.0,0.0,1.0
18,1790406305530768000,RR_foot,1790406305124072861,1790406305631045530,0.802203282,406.69513900000004,100.27753,506.97266900000005,1,-0.133875216,0.985275883,-0.10634193,0.366624381,-0.7596662940000001,-0.170941027,-0.6274448020000001,1.484917239,-0.636384107,-0.003215194,0.771365517,0.689802667,0.0,0.0,0.0,1.0
19,1790406305598768000,FL_hip,1790406305124072861,1790406305631045530,0.9363328009999999,474.695139,32.27753,506.97266900000005,1,-0.029922982999999997,0.999550005,0.0020366489999999998,0.477236786,-0.20445218899999998,-0.004125966,-0.978868208,1.08716272,-0.9784189870000001,-0.029707337,0.20448371399999998,0.34365149799999994,0.0,0.0,0.0,1.0
19,1790406305598768000,FL_thigh,1790406305124072861,1790406305631045530,0.9363328009999999,474.695139,32.27753,506.97266900000005,1,-0.029676209,0.999548677,0.004637917,0.572692774,-0.288913557,-0.004135532,-0.9573466159999999,1.0867686890000001,-0.9568950270000001,-0.029750658,0.288905927,0.34081448,0.0,0.0,0.0,1.0
19,1790406305598768000,FL_calf,1790406305124072861,1790406305631045530,0.9363328009999999,474.695139,32.27753,506.97266900000005,1,0.011020763999999999,0.9995522440000001,0.02781366,0.57170478,-0.870244881,-0.004112069,0.492602912,1.290644106,0.492496679,-0.029633839,0.8698095690000001,0.279288324,0.0,0.0,0.0,1.0
19,1790406305598768000,FL_calflower,1790406305124072861,1790406305631045530,0.9363328009999999,474.695139,32.27753,506.97266900000005,1,0.009616887,0.9995522440000001,0.028329708999999998,0.567820313,-0.8937771859999999,-0.004112069,0.44849317,1.200383497,0.448408827,-0.029633839,0.893337108,0.160465312,0.0,0.0,0.0,1.0
19,1790406305598768000,FL_calflower1,1790406305124072861,1790406305631045530,0.9363328009999999,474.695139,32.27753,506.97266900000005,1,-0.00455194,0.9995522440000001,0.029569187,0.56659465,-0.999880632,-0.004112068,-0.014916528,1.1913869940000001,-0.014788121000000001,-0.029633839,0.999451338,0.12026812699999999,0.0,0.0,0.0,1.0
19,1790406305598768000,FL_foot,1790406305124072861,1790406305631045530,0.9363328009999999,474.695139,32.27753,506.97266900000005,1,0.011020763999999999,0.9995522440000001,0.02781366,0.565798106,-0.870244881,-0.004112069,0.492602912,1.185778075,0.492496679,-0.029633839,0.8698095690000001,0.09411141599999999,0.0,0.0,0.0,1.0
19,1790406305598768000,FR_hip,1790406305124072861,1790406305631045530,0.9363328009999999,474.695139,32.27753,506.97266900000005,1,-0.029922982999999997,0.986832905,-0.158950236,0.384568688,-0.20445218899999998,-0.161701976,-0.965428642,1.094918285,-0.9784189870000001,0.00360895,0.206598864,0.344864975,0.0,0.0,0.0,1.0
19,1790406305598768000,FR_thigh,1790406305124072861,1790406305631045530,0.9363328009999999,474.695139,32.27753,506.97266900000005,1,-0.08932198,0.9868322629999999,-0.13484589,0.29032620800000003,-0.5633354079999999,-0.161706316,-0.8102499470000001,1.110360813,-0.8213858709999999,0.003590067,0.570361456,0.344520321,0.0,0.0,0.0,1.0
19,1790406305598768000,FR_calf,1790406305124072861,1790406305631045530,0.9363328009999999,474.695139,32.27753,506.97266900000005,1,-0.140357001,0.986831965,0.08038862,0.319030313,-0.845106386,-0.161708303,0.509555013,1.282842737,0.515844678,0.0035824090000000004,0.8566745379999999,0.223098745,0.0,0.0,0.0,1.0
19,1790406305598768000,FR_calflower,1790406305124072861,1790406305631045530,0.9363328009999999,474.695139,32.27753,506.97266900000005,1,-0.144199348,0.986831965,0.07327322900000001,0.30433725300000003,-0.86951736,-0.161708303,0.466680486,1.190624162,0.47238412399999996,0.0035824090000000004,0.881385407,0.106765531,0.0,0.0,0.0,1.0
19,1790406305598768000,FR_calflower1,1790406305124072861,1790406305631045530,0.9363328009999999,474.695139,32.27753,506.97266900000005,1,-0.161740141,0.986831965,-0.001595274,0.30284847800000003,-0.986760813,-0.161708303,0.012418213,1.18066104,0.011996894,0.0035824090000000004,0.999921532,0.066832139,0.0,0.0,0.0,1.0
19,1790406305598768000,FR_foot,1790406305124072861,1790406305631045530,0.9363328009999999,474.695139,32.27753,506.97266900000005,1,-0.140357001,0.986831965,0.08038862,0.301919355,-0.845106386,-0.161708303,0.509555013,1.17441967,0.515844678,0.0035824090000000004,0.8566745379999999,0.040840494,0.0,0.0,0.0,1.0
19,1790406305598768000,RL_hip,1790406305124072861,1790406305631045530,0.9363328009999999,474.695139,32.27753,506.97266900000005,1,-0.029922982999999997,0.998459141,-0.046730118,0.488810996,-0.20445218899999998,-0.05187640599999999,-0.97750132,1.166244827,-0.9784189870000001,-0.01969596,0.205689533,0.722103963,0.0,0.0,0.0,1.0
19,1790406305598768000,RL_thigh,1790406305124072861,1790406305631045530,0.9363328009999999,474.695139,32.27753,506.97266900000005,1,0.0271869,0.99845922,-0.048371530999999995,0.584163843,0.7667451609999999,-0.051875907,-0.639852669,1.16129063,-0.6413760279999999,-0.019693306,-0.766973789,0.7202229990000001,0.0,0.0,0.0,1.0
19,1790406305598768000,RL_calf,1790406305124072861,1790406305631045530,0.9363328009999999,474.695139,32.27753,506.97266900000005,1,-0.046330996,0.998459254,-0.030533618,0.594460701,-0.584142071,-0.051875709000000006,-0.809992371,1.2975006629999999,-0.8103279959999999,-0.019692061,0.585645448,0.8835014440000001,0.0,0.0,0.0,1.0
19,1790406305598768000,RL_calflower,1790406305124072861,1790406305631045530,0.9363328009999999,474.695139,32.27753,506.97266900000005,1,-0.044747049000000004,0.998459254,-0.032811044,0.5980497029999999,-0.5429293,-0.051875709000000006,-0.838175027,1.405575838,-0.83858537,-0.019692061,0.544414023,0.780748373,0.0,0.0,0.0,1.0
19,1790406305598768000,RL_calflower1,1790406305124072861,1790406305631045530,0.9363328009999999,474.695139,32.27753,506.97266900000005,1,-0.024538948999999997,0.998459254,-0.04976648400000001,0.599807678,-0.09452376,-0.051875709000000006,-0.9941704379999999,1.4444870019999998,-0.9952200240000001,-0.019692062,0.095651214,0.767376167,0.0,0.0,0.0,1.0
19,1790406305598768000,RL_foot,1790406305124072861,1790406305631045530,0.9363328009999999,474.695139,32.27753,506.97266900000005,1,-0.046330996,0.998459254,-0.030533618,0.600957802,-0.584142071,-0.051875709000000006,-0.809992371,1.469833638,-0.8103279959999999,-0.019692061,0.585645448,0.7589182329999999,0.0,0.0,0.0,1.0
19,1790406305598768000,RR_hip,1790406305124072861,1790406305631045530,0.9363328009999999,474.695139,32.27753,506.97266900000005,1,-0.029922982999999997,0.986269715,-0.162408161,0.39614289799999997,-0.20445218899999998,-0.165084861,-0.964855938,1.174000392,-0.9784189870000001,0.004333068,0.206584945,0.72331744,0.0,0.0,0.0,1.0
19,1790406305598768000,RR_thigh,1790406305124072861,1790406305631045530,0.9363328009999999,474.695139,32.27753,506.97266900000005,1,0.104612966,0.9862692829999999,-0.12778409400000001,0.301954322,0.604312124,-0.165087794,-0.7794572259999999,1.189765966,-0.7898501840000001,0.004319587,-0.613284484,0.7229036320000001,0.0,0.0,0.0,1.0
19,1790406305598768000,RR_calf,1790406305124072861,1790406305631045530,0.9363328009999999,474.695139,32.27753,506.97266900000005,1,-0.125725775,0.986269754,-0.107073562,0.32917193899999997,-0.7676285079999999,-0.165084592,-0.619269118,1.355773584,-0.6284422679999999,0.004334361,0.777844045,0.853520145,0.0,0.0,0.0,1.0
19,1790406305598768000,RR_calflower,1790406305124072861,1790406305631045530,0.9363328009999999,474.695139,32.27753,506.97266900000005,1,-0.12021720300000001,0.986269754,-0.113223418,0.342504409,-0.735718616,-0.165084592,-0.656860628,1.4320725619999999,-0.6665328779999999,0.004334361,0.74546292,0.725830538,0.0,0.0,0.0,1.0
19,1790406305598768000,RR_calflower1,1790406305124072861,1790406305631045530,0.9363328009999999,474.695139,32.27753,506.97266900000005,1,-0.054347832,0.986269754,-0.15594239699999998,0.348235522,-0.34925411799999995,-0.165084592,-0.922371578,1.4657040680000002,-0.935450531,0.004334361,0.35343082200000003,0.702677386,0.0,0.0,0.0,1.0
19,1790406305598768000,RR_foot,1790406305124072861,1790406305631045530,0.9363328009999999,474.695139,32.27753,506.97266900000005,1,-0.125725775,0.986269754,-0.107073562,0.351978711,-0.7676285079999999,-0.165084592,-0.619269118,1.487677451,-0.6284422679999999,0.004334361,0.777844045,0.68783958,0.0,0.0,0.0,1.0
20,1790406305666767000,FL_hip,1790406305631045530,1790406305721293917,0.395812836,35.721470000000004,54.526917000000005,90.248387,0,-0.016864352,0.9991831790000001,-0.036719761000000004,0.47572706,-0.19863017300000002,-0.039340863,-0.979284959,1.079884114,-0.9799293059999999,-0.009221646,0.19913144100000002,0.34123093600000004,0.0,0.0,0.0,1.0
20,1790406305666767000,FL_thigh,1790406305631045530,1790406305721293917,0.395812836,35.721470000000004,54.526917000000005,90.248387,0,-0.021948547000000002,0.9991987659999999,-0.03346432,0.571130745,-0.36331093200000003,-0.03915547,-0.930845151,1.076127732,-0.931409294,-0.008273038,0.363879237,0.34035044799999997,0.0,0.0,0.0,1.0
20,1790406305666767000,FL_calf,1790406305631045530,1790406305721293917,0.395812836,35.721470000000004,54.526917000000005,90.248387,0,-0.026207917,0.9992135459999999,0.029752426000000002,0.578265256,-0.786979522,-0.038975574,0.615747365,1.273399243,0.616422624,-0.007277387,0.7873817390000001,0.263241386,0.0,0.0,0.0,1.0
20,1790406305666767000,FL_calflower,1790406305631045530,1790406305721293917,0.395812836,35.721470000000004,54.526917000000005,90.248387,0,-0.027662165,0.9992135459999999,0.028405394,0.573671113,-0.816770544,-0.038975574,0.575645258,1.168753562,0.5762995710000001,-0.007277387,0.817206008,0.16107274900000002,0.0,0.0,0.0,1.0
20,1790406305666767000,FL_calflower1,1790406305631045530,1790406305721293917,0.395812836,35.721470000000004,54.526917000000005,90.248387,0,-0.037653219,0.9992135459999999,0.012421628,0.572908881,-0.990292318,-0.038975574,0.133426792,1.154216116,0.133806076,-0.007277388,0.99098072,0.123387675,0.0,0.0,0.0,1.0
20,1790406305666767000,FL_foot,1790406305631045530,1790406305721293917,0.395812836,35.721470000000004,54.526917000000005,90.248387,0,-0.026207917,0.9992135459999999,0.029752426000000002,0.572421906,-0.786979522,-0.038975574,0.615747365,1.144993972,0.616422624,-0.007277387,0.7873817390000001,0.098830078,0.0,0.0,0.0,1.0
20,1790406305666767000,FR_hip,1790406305631045530,1790406305721293917,0.395812836,35.721470000000004,54.526917000000005,90.248387,0,-0.016864352,0.978204448,-0.206957544,0.38355477600000004,-0.19863017300000002,-0.20613911899999998,-0.958151031,1.092230302,-0.9799293059999999,0.024949138,0.197777426,0.34031467200000004,0.0,0.0,0.0,1.0
20,1790406305666767000,FR_thigh,1790406305631045530,1790406305721293917,0.395812836,35.721470000000004,54.526917000000005,90.248387,0,-0.094994515,0.978203543,-0.18464464100000003,0.29013797399999997,-0.550900098,-0.206149661,-0.8087101329999999,1.111916226,-0.829147193,0.024897446,0.558475481,0.33793207299999994,0.0,0.0,0.0,1.0
20,1790406305666767000,FR_calf,1790406305631045530,1790406305721293917,0.395812836,35.721470000000004,54.526917000000005,90.248387,0,-0.18990935399999997,0.9782037109999999,0.08397446,0.32945643,-0.839675796,-0.206147721,0.5024423889999999,1.284142811,0.50880214,0.024906908999999998,0.860523005,0.218995318,0.0,0.0,0.0,1.0
20,1790406305666767000,FR_calflower,1790406305631045530,1790406305721293917,0.395812836,35.721470000000004,54.526917000000005,90.248387,0,-0.19386899,0.9782037109999999,0.074378002,0.313226277,-0.8637380729999999,-0.206147721,0.45984816799999995,1.192999355,0.465158045,0.024906908999999998,0.8848770840000001,0.1018254,0.0,0.0,0.0,1.0
20,1790406305666767000,FR_calflower1,1790406305631045530,1790406305721293917,0.395812836,35.721470000000004,54.526917000000005,90.248387,0,-0.206307023,0.9782037109999999,-0.023551752000000002,0.312188217,-0.978479593,-0.206147722,0.009026735,1.1832441759999999,0.003975014,0.024906908999999998,0.9996817790000001,0.061782725999999996,0.0,0.0,0.0,1.0
20,1790406305666767000,FR_foot,1790406305631045530,1790406305721293917,0.395812836,35.721470000000004,54.526917000000005,90.248387,0,-0.18990935399999997,0.9782037109999999,0.08397446,0.31156343,-0.839675796,-0.206147721,0.5024423889999999,1.177136344,0.50880214,0.024906908999999998,0.860523005,0.035721948999999996,0.0,0.0,0.0,1.0
20,1790406305666767000,RL_hip,1790406305631045530,1790406305721293917,0.395812836,35.721470000000004,54.526917000000005,90.248387,0,-0.016864352,0.9959679690000001,-0.088108865,0.482250192,-0.19863017300000002,-0.089702134,-0.9759611990000001,1.156714264,-0.9799293059999999,0.0010418369999999999,0.19934212899999998,0.720267592,0.0,0.0,0.0,1.0
20,1790406305666767000,RL_thigh,1790406305631045530,1790406305721293917,0.395812836,35.721470000000004,54.526917000000005,90.248387,0,0.068935726,0.995972017,-0.057335687,0.577354705,0.7565098640000001,-0.089654068,-0.647808347,1.148148628,-0.650339259,0.0012818369999999999,-0.759642692,0.7203670809999999,0.0,0.0,0.0,1.0
20,1790406305666767000,RL_calf,1790406305631045530,1790406305721293917,0.395812836,35.721470000000004,54.526917000000005,90.248387,0,-0.053359252,0.9959750270000001,-0.07201602900000001,0.589514412,-0.6060069220000001,-0.089617776,-0.790395436,1.2860487390000002,-0.793667696,0.001467014,0.608349612,0.8820851409999999,0.0,0.0,0.0,1.0
20,1790406305666767000,RL_calflower,1790406305631045530,1790406305721293917,0.395812836,35.721470000000004,54.526917000000005,90.248387,0,-0.049693265,0.9959750270000001,-0.074592879,0.599125001,-0.565746263,-0.089617775,-0.81969537,1.390712595,-0.823080626,0.001467014,0.567922481,0.7763616040000001,0.0,0.0,0.0,1.0
20,1790406305666767000,RL_calflower1,1790406305631045530,1790406305721293917,0.395812836,35.721470000000004,54.526917000000005,90.248387,0,-0.009632236,0.9959750270000001,-0.08911082,0.602602493,-0.12329581099999999,-0.089617775,-0.9883154740000001,1.4290876030000002,-0.992323112,0.001467014,0.123662865,0.7619017440000001,0.0,0.0,0.0,1.0
20,1790406305666767000,RL_foot,1790406305631045530,1790406305721293917,0.395812836,35.721470000000004,54.526917000000005,90.248387,0,-0.053359252,0.9959750270000001,-0.07201602900000001,0.604867908,-0.6060069220000001,-0.089617776,-0.790395436,1.45409239,-0.793667696,0.001467014,0.608349612,0.752735119,0.0,0.0,0.0,1.0
20,1790406305666767000,RR_hip,1790406305631045530,1790406305721293917,0.395812836,35.721470000000004,54.526917000000005,90.248387,0,-0.016864352,0.97983864,-0.199076886,0.390077908,-0.19863017300000002,-0.198419906,-0.959779285,1.169060452,-0.9799293059999999,0.023356341,0.19797184399999998,0.719351328,0.0,0.0,0.0,1.0
20,1790406305666767000,RR_thigh,1790406305631045530,1790406305721293917,0.395812836,35.721470000000004,54.526917000000005,90.248387,0,0.146571725,0.979828096,-0.135843312,0.296523204,0.63646876,-0.198538782,-0.7453123840000001,1.1880055859999998,-0.757248052,0.022781419,-0.652729813,0.717121259,0.0,0.0,0.0,1.0
20,1790406305666767000,RR_calf,1790406305631045530,1790406305721293917,0.395812836,35.721470000000004,54.526917000000005,90.248387,0,-0.13297867900000002,0.979829125,-0.149168795,0.32550431399999996,-0.7330398459999999,-0.198527593,-0.6505690270000001,1.34645568,-0.667060269,0.022834582000000003,0.744653606,0.855932942,0.0,0.0,0.0,1.0
20,1790406305666767000,RR_calflower,1790406305631045530,1790406305721293917,0.395812836,35.721470000000004,54.526917000000005,90.248387,0,-0.125357158,0.979829125,-0.15562853699999998,0.344837515,-0.699608837,-0.198527593,-0.686392708,1.4279576269999998,-0.7034437859999999,0.022834582000000003,0.710383865,0.732550555,0.0,0.0,0.0,1.0
20,1790406305666767000,RR_calflower1,1790406305631045530,1790406305721293917,0.395812836,35.721470000000004,54.526917000000005,90.248387,0,-0.039325145,0.979829125,-0.195929047,0.352297655,-0.303587628,-0.198527593,-0.931891639,1.4623566559999999,-0.951991542,0.022834582000000003,0.30527119,0.7111993529999999,0.0,0.0,0.0,1.0
20,1790406305666767000,RR_foot,1790406305631045530,1790406305721293917,0.395812836,35.721470000000004,54.526917000000005,90.248387,0,-0.13297867900000002,0.979829125,-0.149168795,0.357162515,-0.7330398459999999,-0.198527593,-0.6505690270000001,1.4848181740000002,-0.667060269,0.022834582000000003,0.744653606,0.69753802,0.0,0.0,0.0,1.0
21,1790406305730767000,FL_hip,1790406305721293917,1790406305784921437,0.14888342300000001,9.473083,54.154437,63.62752,0,-0.013449397,0.999868407,0.009058005,0.478098842,-0.20271466100000002,0.0061443159999999995,-0.979218923,1.067904046,-0.9791453809999999,-0.015006388,0.202605399,0.339111489,0.0,0.0,0.0,1.0
21,1790406305730767000,FL_thigh,1790406305721293917,1790406305784921437,0.14888342300000001,9.473083,54.154437,63.62752,0,-0.010029818000000001,0.9998653059999999,0.012982188,0.573584804,-0.507049278,0.006104631,-0.8618958459999999,1.068490825,-0.861858668,-0.015227561,0.506919693,0.3376784,0.0,0.0,0.0,1.0
21,1790406305730767000,FL_calf,1790406305721293917,1790406305784921437,0.14888342300000001,9.473083,54.154437,63.62752,0,0.015419586,0.9998707240000001,0.004531755,0.570807735,-0.629346584,0.00618356,0.77710059,1.251491245,0.776971932,-0.014834908,0.6293602779999999,0.230089618,0.0,0.0,0.0,1.0
21,1790406305730767000,FL_calflower,1790406305721293917,1790406305784921437,0.14888342300000001,9.473083,54.154437,63.62752,0,0.015173822,0.9998707240000001,0.00529675,0.570466159,-0.667398907,0.00618356,0.7446751970000001,1.124144193,0.744546015,-0.014834908,0.667406153,0.152649247,0.0,0.0,0.0,1.0
21,1790406305730767000,FL_calflower1,1790406305721293917,1790406305784921437,0.14888342300000001,9.473083,54.154437,63.62752,0,0.011013175,0.9998707240000001,0.011705145,0.570110281,-0.93585494,0.00618356,0.35233220200000004,1.10107485,0.35221427200000005,-0.014834908,0.935801714,0.11857773199999999,0.0,0.0,0.0,1.0
21,1790406305730767000,FL_foot,1790406305721293917,1790406305784921437,0.14888342300000001,9.473083,54.154437,63.62752,0,0.015419586,0.9998707240000001,0.004531755,0.5698759720000001,-0.629346584,0.00618356,0.77710059,1.086291213,0.776971932,-0.014834908,0.6293602779999999,0.09631741699999999,0.0,0.0,0.0,1.0
21,1790406305730767000,FR_hip,1790406305721293917,1790406305784921437,0.14888342300000001,9.473083,54.154437,63.62752,0,-0.013449397,0.9853616629999999,-0.169944905,0.385654505,-0.20271466100000002,-0.169117813,-0.964524037,1.078021457,-0.9791453809999999,0.021477778,0.202021891,0.338286686,0.0,0.0,0.0,1.0
21,1790406305730767000,FR_thigh,1790406305721293917,1790406305784921437,0.14888342300000001,9.473083,54.154437,63.62752,0,-0.07358962299999999,0.9853603,-0.153783648,0.291563135,-0.535117642,-0.169137645,-0.827672793,1.0941704829999999,-0.841566163,0.021383935,0.53973043,0.33623576899999996,0.0,0.0,0.0,1.0
21,1790406305730767000,FR_calf,1790406305721293917,1790406305784921437,0.14888342300000001,9.473083,54.154437,63.62752,0,-0.157551697,0.985360456,0.065130623,0.32430592399999997,-0.855477354,-0.169135438,0.489440892,1.270429662,0.49329159100000003,0.021394191,0.869600777,0.221286939,0.0,0.0,0.0,1.0
21,1790406305730767000,FR_calflower,1790406305721293917,1790406305784921437,0.14888342300000001,9.473083,54.154437,63.62752,0,-0.16060997300000002,0.985360456,0.057174924,0.31150606,-0.878870079,-0.169135438,0.446073172,1.1808973170000001,0.449213181,0.021394191,0.893168306,0.102457865,0.0,0.0,0.0,1.0
21,1790406305730767000,FR_calflower1,1790406305721293917,1790406305784921437,0.14888342300000001,9.473083,54.154437,63.62752,0,-0.16886242,0.985360456,-0.023452473999999997,0.310821732,-0.985540599,-0.169135438,-0.010179262,1.171844246,-0.013996713999999999,0.021394191,0.999673045,0.062241523,0.0,0.0,0.0,1.0
21,1790406305730767000,FR_foot,1790406305721293917,1790406305784921437,0.14888342300000001,9.473083,54.154437,63.62752,0,-0.157551697,0.985360456,0.065130623,0.310417938,-0.855477354,-0.169135438,0.489440892,1.16619507,0.49329159100000003,0.021394191,0.869600777,0.036072152,0.0,0.0,0.0,1.0
21,1790406305730767000,RL_hip,1790406305721293917,1790406305784921437,0.14888342300000001,9.473083,54.154437,63.62752,0,-0.013449397,0.9992132909999999,-0.037305192,0.48330106899999997,-0.20271466100000002,-0.039258448,-0.978450932,1.146314077,-0.9791453809999999,-0.005597556,0.20308325100000002,0.717844922,0.0,0.0,0.0,1.0
21,1790406305730767000,RL_thigh,1790406305721293917,1790406305784921437,0.14888342300000001,9.473083,54.154437,63.62752,0,0.024760934,0.999214565,-0.030934017,0.578705221,0.726795458,-0.039239294,-0.685732693,1.142565431,-0.686407801,-0.005503612,-0.727195886,0.717310529,0.0,0.0,0.0,1.0
21,1790406305730767000,RL_calf,1790406305721293917,1790406305784921437,0.14888342300000001,9.473083,54.154437,63.62752,0,-0.030387905,0.999216195,-0.025364056,0.5852760929999999,-0.67290709,-0.039214953,-0.7386872959999999,1.288596622,-0.739102635,-0.0053797969999999995,0.673571206,0.872201795,0.0,0.0,0.0,1.0
21,1790406305730767000,RL_calflower,1790406305721293917,1790406305784921437,0.14888342300000001,9.473083,54.154437,63.62752,0,-0.029082254,0.999216195,-0.02685112,0.588442372,-0.635147154,-0.039214953,-0.7713954670000001,1.384417735,-0.771843479,-0.0053797969999999995,0.635789681,0.757762229,0.0,0.0,0.0,1.0
21,1790406305730767000,RL_calflower1,1790406305721293917,1790406305784921437,0.14888342300000001,9.473083,54.154437,63.62752,0,-0.013396524,0.999216195,-0.037246386,0.589809209,-0.207157938,-0.039214953,-0.977521592,1.4216080930000001,-0.978215682,-0.0053797969999999995,0.207520974,0.7400548920000001,0.0,0.0,0.0,1.0
21,1790406305730767000,RL_foot,1790406305721293917,1790406305784921437,0.14888342300000001,9.473083,54.154437,63.62752,0,-0.030387905,0.999216195,-0.025364056,0.590701989,-0.67290709,-0.039214953,-0.7386872959999999,1.4458625880000002,-0.739102635,-0.0053797969999999995,0.673571206,0.7287717,0.0,0.0,0.0,1.0
21,1790406305730767000,RR_hip,1790406305721293917,1790406305784921437,0.14888342300000001,9.473083,54.154437,63.62752,0,-0.013449397,0.9900869870000001,-0.139809288,0.39085673200000004,-0.20271466100000002,-0.139618192,-0.969233828,1.156431488,-0.9791453809999999,0.015305498999999998,0.202583023,0.7170201190000001,0.0,0.0,0.0,1.0
21,1790406305730767000,RR_thigh,1790406305721293917,1790406305784921437,0.14888342300000001,9.473083,54.154437,63.62752,0,0.109659133,0.990080898,-0.08783196800000001,0.296334941,0.7020499020000001,-0.139704011,-0.698290348,1.169761113,-0.7036343070000001,0.014911207,-0.710405683,0.7155588209999999,0.0,0.0,0.0,1.0
21,1790406305730767000,RR_calf,1790406305721293917,1790406305784921437,0.14888342300000001,9.473083,54.154437,63.62752,0,-0.08528772800000001,0.990073124,-0.11171829400000001,0.31510347899999996,-0.6795823329999999,-0.139802244,-0.7201554490000001,1.31838093,-0.728624685,0.014501074,0.684759522,0.866808421,0.0,0.0,0.0,1.0
21,1790406305730767000,RR_calflower,1790406305721293917,1790406305784921437,0.14888342300000001,9.473083,54.154437,63.62752,0,-0.079597553,0.990073124,-0.115841285,0.329828599,-0.642740261,-0.139802244,-0.7532204029999999,1.411141901,-0.7619378059999999,0.014501074,0.647487695,0.751128255,0.0,0.0,0.0,1.0
21,1790406305730767000,RR_calflower1,1790406305721293917,1790406305784921437,0.14888342300000001,9.473083,54.154437,63.62752,0,-0.017109533,0.990073124,-0.139507124,0.335240269,-0.222285852,-0.139802244,-0.964906741,1.447609563,-0.9748312990000001,0.014501074,0.22247128600000002,0.732885208,0.0,0.0,0.0,1.0
21,1790406305730767000,RR_foot,1790406305721293917,1790406305784921437,0.14888342300000001,9.473083,54.154437,63.62752,0,-0.08528772800000001,0.990073124,-0.11171829400000001,0.338766595,-0.6795823329999999,-0.139802244,-0.7201554490000001,1.47139735,-0.728624685,0.014501074,0.684759522,0.721252103,0.0,0.0,0.0,1.0
22,1790406305798766000,FL_hip,1790406305784921437,1790406305850039698,0.21260646100000002,13.844563,51.273697999999996,65.118261,0,-0.003160906,0.999801611,-0.019660266000000003,0.49323949899999997,-0.187790423,-0.019903924,-0.9820077779999999,1.061591896,-0.9822039309999999,0.00058768,0.187816125,0.338086437,0.0,0.0,0.0,1.0
22,1790406305798766000,FL_thigh,1790406305784921437,1790406305850039698,0.21260646100000002,13.844563,51.273697999999996,65.118261,0,-0.01254145,0.9998016279999999,-0.01546589,0.588719334,-0.652596906,-0.019902863,-0.7574442809999999,1.059691092,-0.7576015220000001,0.000593246,0.652716926,0.33814256,0.0,0.0,0.0,1.0
22,1790406305798766000,FL_calf,1790406305784921437,1790406305850039698,0.21260646100000002,13.844563,51.273697999999996,65.118261,0,-0.015313181,0.9998016040000001,0.012729417,0.592014124,-0.7497108659999999,-0.019904345,0.661466643,1.221023994,0.661588643,0.000585481,0.7498666070000001,0.199114646,0.0,0.0,0.0,1.0
22,1790406305798766000,FL_calflower,1790406305784921437,1790406305850039698,0.21260646100000002,13.844563,51.273697999999996,65.118261,0,-0.015930249,0.9998016040000001,0.011948168,0.589823665,-0.781833476,-0.019904345,0.623170055,1.108133923,0.623284119,0.000585481,0.78199512,0.101365977,0.0,0.0,0.0,1.0
22,1790406305798766000,FL_calflower1,1790406305784921437,1790406305850039698,0.21260646100000002,13.844563,51.273697999999996,65.118261,0,-0.019647465,0.9998016040000001,0.003241707,0.5895049529999999,-0.981249278,-0.019904345,0.191714257,1.091025586,0.191740787,0.000585481,0.981445328,0.063853322,0.0,0.0,0.0,1.0
22,1790406305798766000,FL_foot,1790406305784921437,1790406305850039698,0.21260646100000002,13.844563,51.273697999999996,65.118261,0,-0.015313181,0.9998016040000001,0.012729417,0.589302372,-0.7497108659999999,-0.019904345,0.661466643,1.080133021,0.661588643,0.000585481,0.7498666070000001,0.039392861,0.0,0.0,0.0,1.0
22,1790406305798766000,FR_hip,1790406305784921437,1790406305850039698,0.21260646100000002,13.844563,51.273697999999996,65.118261,0,-0.003160906,0.9874473340000001,-0.157916274,0.400984456,-0.187790423,-0.155693622,-0.969791183,1.0731816509999998,-0.9822039309999999,0.026589458,0.18592536899999998,0.33616747700000005,0.0,0.0,0.0,1.0
22,1790406305798766000,FR_thigh,1790406305784921437,1790406305850039698,0.21260646100000002,13.844563,51.273697999999996,65.118261,0,-0.053947050999999996,0.987447613,-0.148447653,0.306688886,-0.491095894,-0.15567898300000002,-0.857082004,1.088049472,-0.869433407,0.026664699,0.49332985799999995,0.333628341,0.0,0.0,0.0,1.0
22,1790406305798766000,FR_calf,1790406305784921437,1790406305850039698,0.21260646100000002,13.844563,51.273697999999996,65.118261,0,-0.150812305,0.987447457,0.046935555,0.338308108,-0.879257242,-0.155686742,0.450187766,1.270577437,0.45184399299999994,0.026625141,0.891699452,0.22856168699999999,0.0,0.0,0.0,1.0
22,1790406305798766000,FR_calflower,1790406305784921437,1790406305850039698,0.21260646100000002,13.844563,51.273697999999996,65.118261,0,-0.152969629,0.987447457,0.039339424,0.328351116,-0.90065841,-0.155686742,0.40568060200000006,1.186369018,0.406712908,0.026625141,0.913167847,0.10562922699999999,0.0,0.0,0.0,1.0
22,1790406305798766000,FR_calflower1,1790406305784921437,1790406305850039698,0.21260646100000002,13.844563,51.273697999999996,65.118261,0,-0.153849411,0.987447457,-0.035744321,0.328308707,-0.9862142909999999,-0.155686742,-0.056068664000000004,1.179148252,-0.060929610999999995,0.026625142,0.997786795,0.065036328,0.0,0.0,0.0,1.0
22,1790406305798766000,FR_foot,1790406305784921437,1790406305850039698,0.21260646100000002,13.844563,51.273697999999996,65.118261,0,-0.150812305,0.987447457,0.046935555,0.328318974,-0.879257242,-0.155686742,0.450187766,1.174691731,0.45184399299999994,0.026625141,0.891699452,0.038633443999999996,0.0,0.0,0.0,1.0
22,1790406305798766000,RL_hip,1790406305784921437,1790406305850039698,0.21260646100000002,13.844563,51.273697999999996,65.118261,0,-0.003160906,0.999938088,-0.010658645,0.494462138,-0.187790423,-0.011062484,-0.98214717,1.134229231,-0.9822039309999999,-0.00110318,0.18781380399999997,0.7180029170000001,0.0,0.0,0.0,1.0
22,1790406305798766000,RL_thigh,1790406305784921437,1790406305850039698,0.21260646100000002,13.844563,51.273697999999996,65.118261,0,0.006936886999999999,0.9999374520000001,-0.008760656,0.589951664,0.707790427,-0.011098374,-0.7063357720000001,1.133172835,-0.7063886620000001,-0.001301233,-0.707822837,0.717897565,0.0,0.0,0.0,1.0
22,1790406305798766000,RL_calf,1790406305784921437,1790406305850039698,0.21260646100000002,13.844563,51.273697999999996,65.118261,0,-0.008412277,0.99993831,-0.007237971,0.591850275,-0.693916437,-0.011049083999999999,-0.7199712359999999,1.2834860129999999,-0.720006485,-0.001034347,0.693966423,0.8685395770000001,0.0,0.0,0.0,1.0
22,1790406305798766000,RL_calflower,1790406305784921437,1790406305850039698,0.21260646100000002,13.844563,51.273697999999996,65.118261,0,-0.008040017,0.99993831,-0.0076493640000000005,0.592759783,-0.6570656570000001,-0.011049083999999999,-0.753752827,1.376148358,-0.7537905290000001,-0.001034347,0.65711382,0.751445446,0.0,0.0,0.0,1.0
22,1790406305798766000,RL_calflower1,1790406305784921437,1790406305850039698,0.21260646100000002,13.844563,51.273697999999996,65.118261,0,-0.003599137,0.99993831,-0.01049766,0.593146849,-0.234746543,-0.011049083999999999,-0.9719941679999999,1.4128634619999998,-0.97204985,-0.001034347,0.234771853,0.732701064,0.0,0.0,0.0,1.0
22,1790406305798766000,RL_foot,1790406305784921437,1790406305850039698,0.21260646100000002,13.844563,51.273697999999996,65.118261,0,-0.008412277,0.99993831,-0.007237971,0.593399621,-0.693916437,-0.011049083999999999,-0.7199712359999999,1.436815458,-0.720006485,-0.001034347,0.693966423,0.7207414740000001,0.0,0.0,0.0,1.0
22,1790406305798766000,RR_hip,1790406305784921437,1790406305850039698,0.21260646100000002,13.844563,51.273697999999996,65.118261,0,-0.003160906,0.993859257,-0.110605441,0.402207095,-0.187790423,-0.10922804900000001,-0.976117142,1.1458189859999999,-0.9822039309999999,0.017684937,0.18698258,0.716083957,0.0,0.0,0.0,1.0
22,1790406305798766000,RR_thigh,1790406305784921437,1790406305850039698,0.21260646100000002,13.844563,51.273697999999996,65.118261,0,0.09431392400000001,0.993858165,-0.057884454,0.307328633,0.75506148,-0.10930508900000001,-0.6464791129999999,1.156245963,-0.648835501,0.01726537,-0.7607326759999999,0.714395755,0.0,0.0,0.0,1.0
22,1790406305798766000,RR_calf,1790406305784921437,1790406305850039698,0.21260646100000002,13.844563,51.273697999999996,65.118261,0,-0.047107159,0.9938584559999999,-0.100130235,0.31972343,-0.560096144,-0.10928134699999999,-0.8211885179999999,1.29382829,-0.8270871759999999,0.01739841,0.56180415,0.8763620990000001,0.0,0.0,0.0,1.0
22,1790406305798766000,RR_calflower,1790406305784921437,1790406305850039698,0.21260646100000002,13.844563,51.273697999999996,65.118261,0,-0.042043862,0.993858455,-0.102359475,0.333568397,-0.518353849,-0.10928134800000001,-0.848155386,1.4040942859999999,-0.8541320370000001,0.01739841,0.519764911,0.776704504,0.0,0.0,0.0,1.0
22,1790406305798766000,RR_calflower1,1790406305784921437,1790406305850039698,0.21260646100000002,13.844563,51.273697999999996,65.118261,0,0.009974782,0.9938584559999999,-0.110207315,0.33807866700000005,-0.068116737,-0.10928134800000001,-0.991674534,1.443180535,-0.9976273920000001,0.01739841,0.066608448,0.764460846,0.0,0.0,0.0,1.0
22,1790406305798766000,RR_foot,1790406305784921437,1790406305850039698,0.21260646100000002,13.844563,51.273697999999996,65.118261,0,-0.047107159,0.9938584559999999,-0.100130235,0.34101157200000004,-0.560096144,-0.10928134699999999,-0.8211885179999999,1.468634658,-0.8270871759999999,0.01739841,0.56180415,0.756738195,0.0,0.0,0.0,1.0
23,1790406305866770000,FL_hip,1790406305850039698,1790406305915578473,0.25527334,16.730302,48.808473,65.538775,0,-0.033731006,0.99918619,0.022111624,0.494133892,-0.182055174,0.015611283,-0.983164734,1.043733015,-0.982709484,-0.037188952000000004,0.18138047699999998,0.346985857,0.0,0.0,0.0,1.0
23,1790406305866770000,FL_thigh,1790406305850039698,1790406305915578473,0.25527334,16.730302,48.808473,65.538775,0,-0.018213414,0.9991881220000001,0.035932086,0.5895500229999999,-0.646979454,0.015621841000000001,-0.762347845,1.045223822,-0.762289927,-0.037132559,0.646169533,0.34343453700000004,0.0,0.0,0.0,1.0
23,1790406305866770000,FL_calf,1790406305850039698,1790406305915578473,0.25527334,16.730302,48.808473,65.538775,0,0.03596292,0.999189165,0.018094954,0.58190307,-0.76069953,0.015627646999999998,0.648916554,1.207583911,0.648107482,-0.037102038,0.760644435,0.20580940399999997,0.0,0.0,0.0,1.0
23,1790406305866770000,FL_calflower,1790406305850039698,1790406305915578473,0.25527334,16.730302,48.808473,65.538775,0,0.035013605,0.999189165,0.019869737,0.5799549820000001,-0.792181164,0.015627646999999998,0.610086447,1.09634955,0.609281139,-0.037102038,0.792085701,0.10620690099999999,0.0,0.0,0.0,1.0
23,1790406305866770000,FL_calflower1,1790406305850039698,1790406305915578473,0.25527334,16.730302,48.808473,65.538775,0,0.02188146,0.999189165,0.033792908999999996,0.578813748,-0.9843858870000001,0.015627646999999998,0.17533081600000003,1.0798704890000002,0.174660595,-0.037102038,0.9839293370000001,0.068435025,0.0,0.0,0.0,1.0
23,1790406305866770000,FL_foot,1790406305850039698,1790406305915578473,0.25527334,16.730302,48.808473,65.538775,0,0.03596292,0.999189165,0.018094954,0.5780656470000001,-0.76069953,0.015627646999999998,0.648916554,1.0693881859999999,0.648107482,-0.037102038,0.760644435,0.043810075,0.0,0.0,0.0,1.0
23,1790406305866770000,FR_hip,1790406305850039698,1790406305915578473,0.25527334,16.730302,48.808473,65.538775,0,-0.033731006,0.9839754540000001,-0.175083614,0.40154574299999996,-0.182055174,-0.17830168600000001,-0.96698765,1.05233065,-0.982709484,-0.000742855,0.18515221699999998,0.34857114,0.0,0.0,0.0,1.0
23,1790406305866770000,FR_thigh,1790406305850039698,1790406305915578473,0.25527334,16.730302,48.808473,65.538775,0,-0.079950484,0.9840125470000001,-0.15914450300000002,0.307744594,-0.443321649,-0.17809812600000002,-0.8784917,1.069324069,-0.8927898470000001,0.0003161,0.4504731,0.34864267,0.0,0.0,0.0,1.0
23,1790406305866770000,FR_calf,1790406305850039698,1790406305915578473,0.25527334,16.730302,48.808473,65.538775,0,-0.150689812,0.9838366540000001,0.096735541,0.341602443,-0.843142519,-0.178993194,0.507023494,1.25595391,0.5161432779999999,-0.005158838,0.856486619,0.25282333100000004,0.0,0.0,0.0,1.0
23,1790406305866770000,FR_calflower,1790406305850039698,1790406305915578473,0.25527334,16.730302,48.808473,65.538775,0,-0.155336251,0.9838366540000001,0.089083295,0.323975637,-0.8674294229999999,-0.178993194,0.464250283,1.165379264,0.47269174399999997,-0.005158838,0.8812126459999999,0.13758325,0.0,0.0,0.0,1.0
23,1790406305866770000,FR_calflower1,1790406305850039698,1790406305915578473,0.25527334,16.730302,48.808473,65.538775,0,-0.17891927600000002,0.9838366540000001,0.007285384000000001,0.32181755,-0.983786607,-0.178993194,0.011226801000000002,1.155662617,0.012349528,-0.005158837,0.999910346,0.098038468,0.0,0.0,0.0,1.0
23,1790406305866770000,FR_foot,1790406305850039698,1790406305915578473,0.25527334,16.730302,48.808473,65.538775,0,-0.150689812,0.9838366540000001,0.096735541,0.320456578,-0.843142519,-0.178993194,0.507023494,1.149578105,0.5161432779999999,-0.005158838,0.856486619,0.07229991,0.0,0.0,0.0,1.0
23,1790406305866770000,RL_hip,1790406305850039698,1790406305915578473,0.25527334,16.730302,48.808473,65.538775,0,-0.033731006,0.99942204,0.004189397,0.507181045,-0.182055174,-0.002022581,-0.9832865890000001,1.114151956,-0.982709484,-0.033930227,0.182018227,0.7270978859999999,0.0,0.0,0.0,1.0
23,1790406305866770000,RL_thigh,1790406305850039698,1790406305915578473,0.25527334,16.730302,48.808473,65.538775,0,-0.024552805,0.9994201859999999,-0.02358385,0.602622303,0.648465057,-0.002032449,-0.761242165,1.113958818,-0.7608485490000001,-0.033984213,-0.648038876,0.723857667,0.0,0.0,0.0,1.0
23,1790406305866770000,RL_calf,1790406305850039698,1790406305915578473,0.25527334,16.730302,48.808473,65.538775,0,-0.02660529,0.9994228359999999,0.02111632,0.607654247,-0.667094665,-0.0020182579999999998,-0.74497069,1.276085191,-0.744497792,-0.033907025,0.666763209,0.861879416,0.0,0.0,0.0,1.0
23,1790406305866770000,RL_calflower,1790406305850039698,1790406305915578473,0.25527334,16.730302,48.808473,65.538775,0,-0.027627416000000002,0.9994228359999999,0.01976022,0.603999191,-0.629027954,-0.0020182579999999998,-0.777380507,1.372993243,-0.776891635,-0.033907026,0.628720547,0.7483109240000001,0.0,0.0,0.0,1.0
23,1790406305866770000,RL_calflower1,1790406305850039698,1790406305915578473,0.25527334,16.730302,48.808473,65.538775,0,-0.033630236,0.9994228359999999,0.004769449,0.603485304,-0.198966472,-0.0020182579999999998,-0.980004573,1.410376721,-0.979428992,-0.033907025,0.198919555,0.730931542,0.0,0.0,0.0,1.0
23,1790406305866770000,RL_foot,1790406305850039698,1790406305915578473,0.25527334,16.730302,48.808473,65.538775,0,-0.02660529,0.9994228359999999,0.02111632,0.603159139,-0.667094665,-0.0020182579999999998,-0.74497069,1.434754892,-0.744497792,-0.033907025,0.666763209,0.719862132,0.0,0.0,0.0,1.0
23,1790406305866770000,RR_hip,1790406305850039698,1790406305915578473,0.25527334,16.730302,48.808473,65.538775,0,-0.033731006,0.9916024720000001,-0.12484591800000001,0.414592896,-0.182055174,-0.128923251,-0.974800186,1.122749591,-0.982709484,-0.010152417,0.184875158,0.7286831690000001,0.0,0.0,0.0,1.0
23,1790406305866770000,RR_thigh,1790406305850039698,1790406305915578473,0.25527334,16.730302,48.808473,65.538775,0,0.084276332,0.991601807,-0.098097418,0.319894936,0.7038360370000001,-0.128926804,-0.698565248,1.135061752,-0.7053458340000001,-0.010172252,-0.708790241,0.729652724,0.0,0.0,0.0,1.0
23,1790406305866770000,RR_calf,1790406305850039698,1790406305915578473,0.25527334,16.730302,48.808473,65.538775,0,-0.086220635,0.9916018990000001,-0.096392022,0.340782441,-0.600435624,-0.12892631400000001,-0.789212114,1.283779407,-0.795011364,-0.010169437,0.606509141,0.880549538,0.0,0.0,0.0,1.0
23,1790406305866770000,RR_calflower,1790406305850039698,1790406305915578473,0.25527334,16.730302,48.808473,65.538775,0,-0.081295288,0.9916018990000001,-0.100580793,0.35331791700000004,-0.56024107,-0.128926315,-0.818235078,1.38853553,-0.82433063,-0.010169436,0.566017155,0.7749257740000001,0.0,0.0,0.0,1.0
23,1790406305866770000,RR_calflower1,1790406305850039698,1790406305915578473,0.25527334,16.730302,48.808473,65.538775,0,-0.025662393,0.9916018990000001,-0.126755124,0.358152166,-0.119087064,-0.128926315,-0.9844780190000001,1.426853098,-0.992552019,-0.010169437,0.12139562400000001,0.760533915,0.0,0.0,0.0,1.0
23,1790406305866770000,RR_foot,1790406305850039698,1790406305915578473,0.25527334,16.730302,48.808473,65.538775,0,-0.086220635,0.9916018990000001,-0.096392022,0.36130461700000005,-0.600435624,-0.12892631400000001,-0.789212114,1.4518195,-0.795011364,-0.010169437,0.606509141,0.7514119290000001,0.0,0.0,0.0,1.0
24,1790406305930766000,FL_hip,1790406305915578473,1790406305985914184,0.215929103,15.187527,55.14818399999999,70.335711,0,-0.032758727,0.9994546959999999,0.004113362,0.494522381,-0.19053647199999998,-0.0022048370000000003,-0.981677995,1.038960187,-0.981133282,-0.032942547,0.190504858,0.344430171,0.0,0.0,0.0,1.0
24,1790406305930766000,FL_thigh,1790406305915578473,1790406305985914184,0.215929103,15.187527,55.14818399999999,70.335711,0,-0.026719437000000002,0.999460723,0.019080825,0.589947415,-0.633611655,-0.002168962,-0.773648668,1.038749902,-0.7731897529999999,-0.03276157,0.63332781,0.34128486799999996,0.0,0.0,0.0,1.0
24,1790406305930766000,FL_calf,1790406305915578473,1790406305985914184,0.215929103,15.187527,55.14818399999999,70.335711,0,0.019132826999999998,0.999456362,0.026845076000000002,0.585901476,-0.773904308,-0.002195083,0.633299297,1.203468926,0.6330138329999999,-0.032892606,0.773441267,0.20641326899999998,0.0,0.0,0.0,1.0
24,1790406305930766000,FL_calflower,1790406305915578473,1790406305985914184,0.215929103,15.187527,55.14818399999999,70.335711,0,0.017767222,0.999456362,0.027767768999999998,0.5823173939999999,-0.804588902,-0.002195083,0.593828743,1.0942842190000002,0.593566778,-0.032892606,0.8041121720000001,0.10460112699999999,0.0,0.0,0.0,1.0
24,1790406305930766000,FL_calflower1,1790406305915578473,1790406305985914184,0.215929103,15.187527,55.14818399999999,70.335711,0,0.002936858,0.999456362,0.032834403,0.581031093,-0.9878840179999999,-0.002195083,0.15518068,1.078578992,0.155168463,-0.032892605,0.987340192,0.066500951,0.0,0.0,0.0,1.0
24,1790406305930766000,FL_foot,1790406305915578473,1790406305985914184,0.215929103,15.187527,55.14818399999999,70.335711,0,0.019132826999999998,0.999456362,0.026845076000000002,0.580193245,-0.773904308,-0.002195083,0.633299297,1.068601146,0.6330138329999999,-0.032892606,0.773441267,0.041667145,0.0,0.0,0.0,1.0
24,1790406305930766000,FR_hip,1790406305915578473,1790406305985914184,0.215929103,15.187527,55.14818399999999,70.335711,0,-0.032758727,0.968424051,-0.247146649,0.401833847,-0.19053647199999998,-0.24879548699999998,-0.9496301140000001,1.04638314,-0.981133282,0.015981521000000002,0.192670452,0.34608340200000004,0.0,0.0,0.0,1.0
24,1790406305930766000,FR_thigh,1790406305915578473,1790406305985914184,0.215929103,15.187527,55.14818399999999,70.335711,0,-0.089352581,0.968439158,-0.232683168,0.309391801,-0.40808481799999996,-0.24870510399999998,-0.878415191,1.0701328190000001,-0.9085608079999999,0.016465547,0.417427806,0.344557748,0.0,0.0,0.0,1.0
24,1790406305930766000,FR_calf,1790406305915578473,1790406305985914184,0.215929103,15.187527,55.14818399999999,70.335711,0,-0.180965718,0.9684403,0.17139001199999998,0.35893278,-0.656061744,-0.248698031,0.712553839,1.257040247,0.73269012,0.016505131,0.680362108,0.255712123,0.0,0.0,0.0,1.0
24,1790406305930766000,FR_calflower,1790406305915578473,1790406305985914184,0.215929103,15.187527,55.14818399999999,70.335711,0,-0.189305489,0.9684403,0.162131303,0.330030919,-0.690854686,-0.248698031,0.6788739109999999,1.138568559,0.697770515,0.016505131,0.7161310759999999,0.169716237,0.0,0.0,0.0,1.0
24,1790406305930766000,FR_calflower1,1790406305915578473,1790406305985914184,0.215929103,15.187527,55.14818399999999,70.335711,0,-0.24278186699999998,0.9684403,0.05639231,0.325463066,-0.9262744340000001,-0.248698031,0.283135405,1.118336536,0.288224487,0.016505131,0.957420521,0.134114215,0.0,0.0,0.0,1.0
24,1790406305930766000,FR_foot,1790406305915578473,1790406305985914184,0.215929103,15.187527,55.14818399999999,70.335711,0,-0.180965718,0.9684403,0.17139001199999998,0.322550025,-0.656061744,-0.248698031,0.712553839,1.105397293,0.73269012,0.016505131,0.680362108,0.11087351,0.0,0.0,0.0,1.0
24,1790406305930766000,RL_hip,1790406305915578473,1790406305985914184,0.215929103,15.187527,55.14818399999999,70.335711,0,-0.032758727,0.9994628090000001,0.0008381739999999999,0.5071934570000001,-0.19053647199999998,-0.005421739,-0.9816654990000001,1.112659694,-0.981133282,-0.032318094,0.190611786,0.7239325240000001,0.0,0.0,0.0,1.0
24,1790406305930766000,RL_thigh,1790406305915578473,1790406305985914184,0.215929103,15.187527,55.14818399999999,70.335711,0,-0.021210818,0.9994649409999999,-0.024893281,0.6026417629999999,0.6434758660000001,-0.0054086509999999996,-0.765447746,1.11214192,-0.765172663,-0.032254278,-0.6430165520000001,0.720846159,0.0,0.0,0.0,1.0
24,1790406305930766000,RL_calf,1790406305915578473,1790406305985914184,0.215929103,15.187527,55.14818399999999,70.335711,0,-0.028119598,0.999465333,0.016675693000000002,0.607927221,-0.645216256,-0.005406094,-0.763981317,1.275016247,-0.763482373,-0.032242555,0.645023188,0.857664016,0.0,0.0,0.0,1.0
24,1790406305930766000,RL_calflower,1790406305915578473,1790406305985914184,0.215929103,15.187527,55.14818399999999,70.335711,0,-0.028917892999999997,0.999465333,0.015249458,0.604907414,-0.606226752,-0.005406095,-0.7952739109999999,1.3750314780000001,-0.7947659420000001,-0.032242555,0.606058862,0.747087718,0.0,0.0,0.0,1.0
24,1790406305930766000,RL_calflower1,1790406305915578473,1790406305985914184,0.215929103,15.187527,55.14818399999999,70.335711,0,-0.032691906,0.999465333,0.00017251099999999998,0.604587516,-0.17047912,-0.005406095,-0.9853468120000001,1.4128490630000001,-0.984818717,-0.032242555,0.170564772,0.730815296,0.0,0.0,0.0,1.0
24,1790406305930766000,RL_foot,1790406305915578473,1790406305985914184,0.215929103,15.187527,55.14818399999999,70.335711,0,-0.028119598,0.999465333,0.016675693000000002,0.6043873439999999,-0.645216256,-0.005406094,-0.763981317,1.4375026880000001,-0.763482373,-0.032242555,0.645023188,0.720467275,0.0,0.0,0.0,1.0
24,1790406305930766000,RR_hip,1790406305915578473,1790406305985914184,0.215929103,15.187527,55.14818399999999,70.335711,0,-0.032758727,0.9925122959999999,-0.11766881800000001,0.41450492299999997,-0.19053647199999998,-0.121774441,-0.974098318,1.120082647,-0.981133282,-0.00949029,0.193099059,0.725585755,0.0,0.0,0.0,1.0
24,1790406305930766000,RR_thigh,1790406305915578473,1790406305985914184,0.215929103,15.187527,55.14818399999999,70.335711,0,0.074872837,0.992514705,-0.096479845,0.31972207199999997,0.667618465,-0.121760306,-0.734479889,1.131711846,-0.740729382,-0.009419403,-0.6717373640000001,0.726492059,0.0,0.0,0.0,1.0
24,1790406305930766000,RR_calf,1790406305915578473,1790406305985914184,0.215929103,15.187527,55.14818399999999,70.335711,0,-0.085151768,0.9925147670000001,-0.08754060300000001,0.340254592,-0.634702903,-0.121759945,-0.7631038170000001,1.288117934,-0.7680504109999999,-0.009417635,0.64032,0.8695381959999999,0.0,0.0,0.0,1.0
24,1790406305930766000,RR_calflower,1790406305915578473,1790406305985914184,0.215929103,15.187527,55.14818399999999,70.335711,0,-0.080670143,0.9925147670000001,-0.091687015,0.35151066700000005,-0.595770395,-0.12175994400000001,-0.79387206,1.3883344119999999,-0.799093211,-0.009417634,0.601133245,0.759437687,0.0,0.0,0.0,1.0
24,1790406305930766000,RR_calflower1,1790406305915578473,1790406305985914184,0.215929103,15.187527,55.14818399999999,70.335711,0,-0.029214853,0.9925147670000001,-0.118577709,0.355984156,-0.16185173,-0.12175994400000001,-0.979274848,1.4260365590000001,-0.986382435,-0.009417635,0.164197533,0.743387393,0.0,0.0,0.0,1.0
24,1790406305930766000,RR_foot,1790406305915578473,1790406305985914184,0.215929103,15.187527,55.14818399999999,70.335711,0,-0.085151768,0.9925147670000001,-0.08754060300000001,0.358902677,-0.634702903,-0.121759945,-0.7631038170000001,1.450612978,-0.7680504109999999,-0.009417635,0.64032,0.733184608,0.0,0.0,0.0,1.0
25,1790406305998767000,FL_hip,1790406305985914184,1790406306053431020,0.19036460800000002,12.852816,54.664019999999994,67.516836,0,-0.040447127,0.998638825,-0.032928141,0.483451545,-0.199816511,-0.040373581,-0.9790015479999999,1.038050243,-0.9789980540000001,-0.033018486,0.20117760199999998,0.335937783,0.0,0.0,0.0,1.0
25,1790406305998767000,FL_thigh,1790406305985914184,1790406306053431020,0.19036460800000002,12.852816,54.664019999999994,67.516836,0,-0.050507243,0.998650732,-0.012061056,0.578782514,-0.607688689,-0.040313245,-0.7931519370000001,1.034196721,-0.792567652,-0.032730823,0.608904794,0.33278569,0.0,0.0,0.0,1.0
25,1790406305998767000,FL_calf,1790406305985914184,1790406306053431020,0.19036460800000002,12.852816,54.664019999999994,67.516836,0,-0.010492883,0.9986430940000001,0.051005924,0.581372969,-0.7750456590000001,-0.040352294,0.630616059,1.203023442,0.631818498,-0.032915212,0.774417079,0.203131548,0.0,0.0,0.0,1.0
25,1790406305998767000,FL_calflower,1790406305985914184,1790406306053431020,0.19036460800000002,12.852816,54.664019999999994,67.516836,0,-0.013029003,0.9986430940000001,0.050417754,0.573629041,-0.80559472,-0.040352293,0.591091815,1.094227861,0.592324167,-0.032915212,0.805027023,0.10114945,0.0,0.0,0.0,1.0
25,1790406305998767000,FL_calflower1,1790406305985914184,1790406306053431020,0.19036460800000002,12.852816,54.664019999999994,67.516836,0,-0.034838529,0.9986430940000001,0.038703769,0.5717470889999999,-0.987512318,-0.040352294,0.15228857199999998,1.078643291,0.15364381400000002,-0.032915212,0.9875778479999999,0.063025418,0.0,0.0,0.0,1.0
25,1790406305998767000,FL_foot,1790406305985914184,1790406306053431020,0.19036460800000002,12.852816,54.664019999999994,67.516836,0,-0.010492883,0.9986430940000001,0.051005924,0.570530883,-0.7750456590000001,-0.040352294,0.630616059,1.0687438329999999,0.631818498,-0.032915212,0.774417079,0.038176471000000003,0.0,0.0,0.0,1.0
25,1790406305998767000,FR_hip,1790406305985914184,1790406306053431020,0.19036460800000002,12.852816,54.664019999999994,67.516836,0,-0.040447127,0.9858825959999999,-0.162478528,0.39067592700000003,-0.199816511,-0.1673078,-0.96544402,1.043946675,-0.9789980540000001,-0.006583804,0.20376285600000002,0.338567336,0.0,0.0,0.0,1.0
25,1790406305998767000,FR_thigh,1790406305985914184,1790406306053431020,0.19036460800000002,12.852816,54.664019999999994,67.516836,0,-0.089509256,0.985903364,-0.141359063,0.296545654,-0.49655496200000004,-0.16720564599999999,-0.851748869,1.059921161,-0.863377762,-0.006047123000000001,0.504521665,0.339195896,0.0,0.0,0.0,1.0
25,1790406305998767000,FR_calf,1790406305985914184,1790406306053431020,0.19036460800000002,12.852816,54.664019999999994,67.516836,0,-0.104522734,0.985835197,0.131162862,0.326653335,-0.649216782,-0.167543594,0.74192143,1.241059143,0.7533876509999999,-0.007605734,0.657532538,0.231888068,0.0,0.0,0.0,1.0
25,1790406305998767000,FR_calflower,1790406305985914184,1790406306053431020,0.19036460800000002,12.852816,54.664019999999994,67.516836,0,-0.11094751900000001,0.985835197,0.125774983,0.305131306,-0.685486047,-0.167543594,0.7085469059999999,1.118880992,0.719583182,-0.007605734,0.694364482,0.150063258,0.0,0.0,0.0,1.0
25,1790406305998767000,FR_calflower1,1790406305985914184,1790406306053431020,0.19036460800000002,12.852816,54.664019999999994,67.516836,0,-0.156490154,0.985835197,0.060328518,0.301185928,-0.9352148490000001,-0.167543594,0.311934327,1.097497725,0.317623571,-0.007605735,0.9481862990000001,0.11526611,0.0,0.0,0.0,1.0
25,1790406305998767000,FR_foot,1790406305985914184,1790406306053431020,0.19036460800000002,12.852816,54.664019999999994,67.516836,0,-0.104522734,0.985835197,0.131162862,0.298656602,-0.649216782,-0.167543594,0.74192143,1.083810524,0.7533876509999999,-0.007605734,0.657532538,0.09254224400000001,0.0,0.0,0.0,1.0
25,1790406305998767000,RL_hip,1790406305985914184,1790406306053431020,0.19036460800000002,12.852816,54.664019999999994,67.516836,0,-0.040447127,0.99915266,0.007597834,0.499096493,-0.199816511,-0.0006378530000000001,-0.9798334809999999,1.1153392690000001,-0.9789980540000001,-0.041149898,0.19967306699999998,0.71461423,0.0,0.0,0.0,1.0
25,1790406305998767000,RL_thigh,1790406305985914184,1790406306053431020,0.19036460800000002,12.852816,54.664019999999994,67.516836,0,-0.028113471,0.9991644479999999,-0.029660975,0.59450749,0.716027799,-0.000575872,-0.698072026,1.115278414,-0.697505713,-0.040863586,-0.715413017,0.7106847359999999,0.0,0.0,0.0,1.0
25,1790406305998767000,RL_calf,1790406305985914184,1790406306053431020,0.19036460800000002,12.852816,54.664019999999994,67.516836,0,-0.034348066000000003,0.999163949,0.022166371,0.600764364,-0.55406709,-0.000578649,-0.832472233,1.26381211,-0.831763087,-0.040875744,0.553623679,0.862913807,0.0,0.0,0.0,1.0
25,1790406305998767000,RL_calflower,1790406305985914184,1790406306053431020,0.19036460800000002,12.852816,54.664019999999994,67.516836,0,-0.035412997,0.999163949,0.020421981000000002,0.596819114,-0.51176838,-0.000578649,-0.8591236729999999,1.3758193330000001,-0.858393252,-0.040875744,0.511360965,0.764433085,0.0,0.0,0.0,1.0
25,1790406305998767000,RL_calflower1,1790406305985914184,1790406306053431020,0.19036460800000002,12.852816,54.664019999999994,67.516836,0,-0.040841594,0.999163949,0.001761209,0.596357163,-0.057210533,-0.000578649,-0.9983623159999999,1.4152616169999999,-0.997526301,-0.040875744,0.057186451,0.752573497,0.0,0.0,0.0,1.0
25,1790406305998767000,RL_foot,1790406305985914184,1790406306053431020,0.19036460800000002,12.852816,54.664019999999994,67.516836,0,-0.034348066000000003,0.999163949,0.022166371,0.596066502,-0.55406709,-0.000578649,-0.832472233,1.440944762,-0.831763087,-0.040875744,0.553623679,0.745100605,0.0,0.0,0.0,1.0
25,1790406305998767000,RR_hip,1790406305985914184,1790406306053431020,0.19036460800000002,12.852816,54.664019999999994,67.516836,0,-0.040447127,0.9918679909999999,-0.120671675,0.406320875,-0.199816511,-0.12636033300000002,-0.97165175,1.121235701,-0.9789980540000001,-0.015188593,0.20330261800000002,0.717243783,0.0,0.0,0.0,1.0
25,1790406305998767000,RR_thigh,1790406305985914184,1790406306053431020,0.19036460800000002,12.852816,54.664019999999994,67.516836,0,0.078637124,0.9918800729999999,-0.09994927699999999,0.311613747,0.701182228,-0.126299518,-0.701706926,1.133300883,-0.708632569,-0.014902706000000002,-0.7054201790000001,0.718694077,0.0,0.0,0.0,1.0
25,1790406305998767000,RR_calf,1790406305985914184,1790406306053431020,0.19036460800000002,12.852816,54.664019999999994,67.516836,0,-0.088711737,0.991874631,-0.09118486099999999,0.332837088,-0.602132123,-0.126327183,-0.7883394220000001,1.282679823,-0.7934526590000001,-0.01502989,0.608446233,0.8688774020000001,0.0,0.0,0.0,1.0
25,1790406305998767000,RR_calflower,1790406305985914184,1790406306053431020,0.19036460800000002,12.852816,54.664019999999994,67.516836,0,-0.084043526,0.991874631,-0.09550464199999999,0.34456634799999997,-0.561979066,-0.12632718199999998,-0.817448266,1.387272544,-0.822870687,-0.01502989,0.568029729,0.762978697,0.0,0.0,0.0,1.0
25,1790406305998767000,RR_calflower1,1790406305985914184,1790406306053431020,0.19036460800000002,12.852816,54.664019999999994,67.516836,0,-0.030444126000000002,0.991874631,-0.12352168300000001,0.349226207,-0.120991991,-0.126327183,-0.984582691,1.425577457,-0.992186421,-0.01502989,0.12385493800000001,0.748489827,0.0,0.0,0.0,1.0
25,1790406305998767000,RR_foot,1790406305985914184,1790406306053431020,0.19036460800000002,12.852816,54.664019999999994,67.516836,0,-0.088711737,0.991874631,-0.09118486099999999,0.352266301,-0.602132123,-0.126327183,-0.7883394220000001,1.45053611,-0.7934526590000001,-0.01502989,0.608446233,0.73930467,0.0,0.0,0.0,1.0
26,1790406306530766000,FL_hip,1790406306114731835,1790406306643847684,0.786281805,416.034165,113.08168400000001,529.115849,1,-0.042225705,0.9977577459999999,-0.051924992,0.47003349,-0.19853267800000002,-0.059314214000000004,-0.9782981620000001,1.050314409,-0.9791841309999999,-0.031000793,0.200592185,0.33168209,0.0,0.0,0.0,1.0
26,1790406306530766000,FL_thigh,1790406306114731835,1790406306643847684,0.786281805,416.034165,113.08168400000001,529.115849,1,-0.05465741599999999,0.99773271,-0.039265025,0.565292571,-0.441681294,-0.059425939000000004,-0.8952021490000001,1.044651785,-0.895505487,-0.031587081,0.443927939,0.328722287,0.0,0.0,0.0,1.0
26,1790406306530766000,FL_calf,1790406306114731835,1790406306643847684,0.786281805,416.034165,113.08168400000001,529.115849,1,-0.036257207,0.9977224809999999,0.056877062,0.5736026320000001,-0.8707644040000001,-0.059468062,0.488091791,1.2350377259999998,0.490362501,-0.031829947000000004,0.870937029,0.234303072,0.0,0.0,0.0,1.0
26,1790406306530766000,FL_calflower,1790406306114731835,1790406306643847684,0.786281805,416.034165,113.08168400000001,529.115849,1,-0.039054563,0.9977224809999999,0.054993875,0.564375857,-0.894070597,-0.059468062,0.443961722,1.1456484340000002,0.446220966,-0.031829947000000004,0.894356495,0.11550437599999999,0.0,0.0,0.0,1.0
26,1790406306530766000,FL_calflower1,1790406306114731835,1790406306643847684,0.786281805,416.034165,113.08168400000001,529.115849,1,-0.060036225,0.9977224809999999,0.030744703999999998,0.562536924,-0.9980483590000001,-0.059468062,-0.019071388999999998,1.136859477,-0.017199473,-0.031829947000000004,0.99934522,0.07536965,0.0,0.0,0.0,1.0
26,1790406306530766000,FL_foot,1790406306114731835,1790406306643847684,0.786281805,416.034165,113.08168400000001,529.115849,1,-0.036257207,0.9977224809999999,0.056877062,0.561354912,-0.8707644040000001,-0.059468062,0.488091791,1.131384619,0.490362501,-0.031829947000000004,0.870937029,0.0492542,0.0,0.0,0.0,1.0
26,1790406306530766000,FR_hip,1790406306114731835,1790406306643847684,0.786281805,416.034165,113.08168400000001,529.115849,1,-0.042225705,0.9813386470000001,-0.18759313800000002,0.377320754,-0.19853267800000002,-0.19225778699999999,-0.961052763,1.0571339290000001,-0.9791841309999999,-0.00333802,0.20294613,0.33429752,0.0,0.0,0.0,1.0
26,1790406306530766000,FR_thigh,1790406306114731835,1790406306643847684,0.786281805,416.034165,113.08168400000001,529.115849,1,-0.10682574800000001,0.9813394329999999,-0.15987780599999998,0.28360297,-0.530766547,-0.192254103,-0.8254246940000001,1.075494536,-0.8407586159999999,-0.003319077,0.541399825,0.334616301,0.0,0.0,0.0,1.0
26,1790406306530766000,FR_calf,1790406306114731835,1790406306643847684,0.786281805,416.034165,113.08168400000001,529.115849,1,-0.16272788400000002,0.98133984,0.102427966,0.317637942,-0.8395548070000001,-0.192252201,0.508121552,1.251203261,0.5183319279999999,-0.003308604,0.855173025,0.219370402,0.0,0.0,0.0,1.0
26,1790406306530766000,FR_calflower,1790406306114731835,1790406306643847684,0.786281805,416.034165,113.08168400000001,529.115849,1,-0.167643781,0.98133984,0.094166954,0.299255705,-0.863901075,-0.19225220199999998,0.46552628100000004,1.159348915,0.47494331100000003,-0.003308604,0.88001008,0.103338703,0.0,0.0,0.0,1.0
26,1790406306530766000,FR_calflower1,1790406306114731835,1790406306643847684,0.786281805,416.034165,113.08168400000001,529.115849,1,-0.19218352100000002,0.98133984,0.006111203000000001,0.29717002600000003,-0.981246209,-0.19225220199999998,0.013987921,1.149382766,0.014901976,-0.003308604,0.9998834040000001,0.063447196,0.0,0.0,0.0,1.0
26,1790406306530766000,FR_foot,1790406306114731835,1790406306643847684,0.786281805,416.034165,113.08168400000001,529.115849,1,-0.16272788400000002,0.98133984,0.102427966,0.295859905,-0.8395548070000001,-0.192252201,0.508121552,1.14313799,0.5183319279999999,-0.003308604,0.855173025,0.037482123,0.0,0.0,0.0,1.0
26,1790406306530766000,RL_hip,1790406306114731835,1790406306643847684,0.786281805,416.034165,113.08168400000001,529.115849,1,-0.042225705,0.998580516,-0.0324604,0.48636639200000004,-0.19853267800000002,-0.040227649,-0.97926871,1.127106849,-0.9791841309999999,-0.034906135,0.19994958300000001,0.7104305120000001,0.0,0.0,0.0,1.0
26,1790406306530766000,RL_thigh,1790406306114731835,1790406306643847684,0.786281805,416.034165,113.08168400000001,529.115849,1,0.006341309,0.9985795129999999,-0.052900645999999996,0.581729783,0.740670365,-0.040232409,-0.670663446,1.123265148,-0.671838998,-0.03492933,-0.739873056,0.7070970129999999,0.0,0.0,0.0,1.0
26,1790406306530766000,RL_calf,1790406306114731835,1790406306643847684,0.786281805,416.034165,113.08168400000001,529.115849,1,-0.052009194,0.99857838,-0.011661795,0.593001374,-0.592100658,-0.040237893999999996,-0.8048592529999999,1.266107885,-0.804183964,-0.034955398,0.59335159,0.8646819809999999,0.0,0.0,0.0,1.0
26,1790406306530766000,RL_calflower,1790406306114731835,1790406306643847684,0.786281805,416.034165,113.08168400000001,529.115849,1,-0.051361349,0.99857838,-0.014246597,0.5936830329999999,-0.55113449,-0.040237895,-0.833446087,1.373358866,-0.832834163,-0.034955397,0.552417608,0.7608063829999999,0.0,0.0,0.0,1.0
26,1790406306530766000,RL_calflower1,1790406306114731835,1790406306643847684,0.786281805,416.034165,113.08168400000001,529.115849,1,-0.038978474,0.99857838,-0.03635426,0.5947660060000001,-0.103985447,-0.040237893999999996,-0.993764878,1.41219864,-0.993814622,-0.034955397,0.10540614,0.7470412040000001,0.0,0.0,0.0,1.0
26,1790406306530766000,RL_foot,1790406306114731835,1790406306643847684,0.786281805,416.034165,113.08168400000001,529.115849,1,-0.052009194,0.99857838,-0.011661795,0.595480411,-0.592100658,-0.040237893999999996,-0.8048592529999999,1.437501185,-0.804183964,-0.034955398,0.59335159,0.738327407,0.0,0.0,0.0,1.0
26,1790406306530766000,RR_hip,1790406306114731835,1790406306643847684,0.786281805,416.034165,113.08168400000001,529.115849,1,-0.042225705,0.991259155,-0.124988045,0.393653656,-0.19853267800000002,-0.130929653,-0.971309887,1.133926369,-0.9791841309999999,-0.016200298000000002,0.202326035,0.713045942,0.0,0.0,0.0,1.0
26,1790406306530766000,RR_thigh,1790406306114731835,1790406306643847684,0.786281805,416.034165,113.08168400000001,529.115849,1,0.078206407,0.991259137,-0.10624884400000001,0.298988408,0.682062075,-0.130929741,-0.7194785770000001,1.146430151,-0.7271007429999999,-0.016200737,-0.68633948,0.7145930709999999,0.0,0.0,0.0,1.0
26,1790406306530766000,RR_calf,1790406306114731835,1790406306643847684,0.786281805,416.034165,113.08168400000001,529.115849,1,-0.101136249,0.991259235,-0.084713181,0.321619259,-0.67531468,-0.130929275,-0.725815612,1.299677508,-0.7305625290000001,-0.016198479,0.682653526,0.86078189,0.0,0.0,0.0,1.0
26,1790406306530766000,RR_calflower,1790406306114731835,1790406306643847684,0.786281805,416.034165,113.08168400000001,529.115849,1,-0.096775961,0.991259235,-0.089662017,0.33213238300000003,-0.638195052,-0.130929275,-0.758660197,1.3935752540000002,-0.763767972,-0.016198479,0.6452874789999999,0.745158054,0.0,0.0,0.0,1.0
26,1790406306530766000,RR_calflower1,1790406306114731835,1790406306643847684,0.786281805,416.034165,113.08168400000001,529.115849,1,-0.044435734000000005,0.991259235,-0.124218878,0.33668583799999996,-0.21574229,-0.130929275,-0.967632928,1.43029714,-0.975438633,-0.016198479,0.219674573,0.726987365,0.0,0.0,0.0,1.0
26,1790406306530766000,RR_foot,1790406306114731835,1790406306643847684,0.786281805,416.034165,113.08168400000001,529.115849,1,-0.101136249,0.991259235,-0.084713181,0.339660165,-0.67531468,-0.130929275,-0.725815612,1.4542488690000002,-0.7305625290000001,-0.016198479,0.682653526,0.7154019509999999,0.0,0.0,0.0,1.0
27,1790406306598765000,FL_hip,1790406306114731835,1790406306643847684,0.914796194,484.03316500000005,45.082684,529.115849,1,-0.036045695,0.998273303,-0.046377377000000004,0.45768165,-0.189529353,-0.052394022,-0.98047651,1.0584362809999999,-0.981213091,-0.026552357000000002,0.191090747,0.332221987,0.0,0.0,0.0,1.0
27,1790406306598765000,FL_thigh,1790406306114731835,1790406306643847684,0.914796194,484.03316500000005,45.082684,529.115849,1,-0.046390432,0.998263497,-0.036299559,0.553004324,-0.41929894700000003,-0.052441907999999995,-0.906332685,1.0534335,-0.906662115,-0.026825071000000002,0.42100363,0.32968653,0.0,0.0,0.0,1.0
27,1790406306598765000,FL_calf,1790406306114731835,1790406306643847684,0.914796194,484.03316500000005,45.082684,529.115849,1,-0.034088485,0.9982595559999999,0.048120422,0.560711197,-0.886070768,-0.052458977999999996,0.460572845,1.246345924,0.46229557,-0.026938142999999998,0.88631652,0.240074371,0.0,0.0,0.0,1.0
27,1790406306598765000,FL_calflower,1790406306114731835,1790406306643847684,0.914796194,484.03316500000005,45.082684,529.115849,1,-0.036450901,0.9982595559999999,0.04635657,0.552867641,-0.907982458,-0.052458977999999996,0.41571216899999996,1.160579634,0.417420458,-0.026938142999999998,0.908314003,0.118282969,0.0,0.0,0.0,1.0
27,1790406306598765000,FL_calflower1,1790406306114731835,1790406306643847684,0.914796194,484.03316500000005,45.082684,529.115849,1,-0.053738263,0.9982595559999999,0.024285775,0.551363774,-0.9973430529999999,-0.052458977999999996,-0.050552808,1.153043522,-0.049190664,-0.026938142999999998,0.998425984,0.07782351700000001,0.0,0.0,0.0,1.0
27,1790406306598765000,FL_foot,1790406306114731835,1790406306643847684,0.914796194,484.03316500000005,45.082684,529.115849,1,-0.034088485,0.9982595559999999,0.048120422,0.5503982789999999,-0.886070768,-0.052458977999999996,0.460572845,1.148384212,0.46229557,-0.026938142999999998,0.88631652,0.051504593,0.0,0.0,0.0,1.0
27,1790406306598765000,FR_hip,1790406306114731835,1790406306643847684,0.914796194,484.03316500000005,45.082684,529.115849,1,-0.036045695,0.981159001,-0.18980901600000002,0.364958105,-0.189529353,-0.19319713300000002,-0.96268073,1.065292463,-0.981213091,0.001273624,0.19292247,0.334303963,0.0,0.0,0.0,1.0
27,1790406306598765000,FR_thigh,1790406306114731835,1790406306643847684,0.914796194,484.03316500000005,45.082684,529.115849,1,-0.100059486,0.9811593040000001,-0.165270263,0.271257447,-0.5138175460000001,-0.193195537,-0.835863452,1.083742784,-0.85204433,0.001282433,0.523467903,0.33418233199999997,0.0,0.0,0.0,1.0
27,1790406306598765000,FR_calf,1790406306114731835,1790406306643847684,0.914796194,484.03316500000005,45.082684,529.115849,1,-0.16850637300000001,0.981159454,0.094506449,0.306450926,-0.8524794,-0.19319474399999997,0.485752364,1.261731777,0.494858676,0.001287308,0.8689724190000001,0.222716489,0.0,0.0,0.0,1.0
27,1790406306598765000,FR_calflower,1790406306114731835,1790406306643847684,0.914796194,484.03316500000005,45.082684,529.115849,1,-0.17301913800000002,0.981159454,0.085966532,0.289107987,-0.875691523,-0.19319474399999997,0.44253908799999997,1.172854028,0.45080971200000003,0.001287307,0.892619055,0.10408437400000001,0.0,0.0,0.0,1.0
27,1790406306598765000,FR_calflower1,1790406306114731835,1790406306643847684,0.914796194,484.03316500000005,45.082684,529.115849,1,-0.19316465100000002,0.981159454,-0.003644757,0.287401434,-0.98108927,-0.193194745,-0.011846186000000002,1.16391635,-0.012326966000000002,0.001287308,0.999923107,0.06389869,0.0,0.0,0.0,1.0
27,1790406306598765000,FR_foot,1790406306114731835,1790406306643847684,0.914796194,484.03316500000005,45.082684,529.115849,1,-0.16850637300000001,0.981159454,0.094506449,0.28633832600000003,-0.8524794,-0.19319474399999997,0.485752364,1.158341054,0.494858676,0.001287308,0.8689724190000001,0.037748857999999996,0.0,0.0,0.0,1.0
27,1790406306598765000,RL_hip,1790406306114731835,1790406306643847684,0.914796194,484.03316500000005,45.082684,529.115849,1,-0.036045695,0.9987085590000001,-0.035800314,0.471624125,-0.189529353,-0.042005138,-0.980976498,1.131746235,-0.981213091,-0.028575043999999997,0.19079876399999998,0.7117552109999999,0.0,0.0,0.0,1.0
27,1790406306598765000,RL_thigh,1790406306114731835,1790406306643847684,0.914796194,484.03316500000005,45.082684,529.115849,1,0.012218596000000002,0.9987081609999999,-0.049319922999999995,0.5670003060000001,0.744628905,-0.042007258,-0.666156048,1.1277347629999999,-0.667367169,-0.028585823,-0.744179913,0.709026308,0.0,0.0,0.0,1.0
27,1790406306598765000,RL_calf,1790406306114731835,1790406306643847684,0.914796194,484.03316500000005,45.082684,529.115849,1,-0.047898775,0.99870771,-0.016981059,0.577507211,-0.5900918820000001,-0.042009730999999995,-0.806242798,1.269622051,-0.8059139390000001,-0.028597932000000003,0.591341452,0.867532902,0.0,0.0,0.0,1.0
27,1790406306598765000,RL_calflower,1790406306114731835,1790406306643847684,0.914796194,484.03316500000005,45.082684,529.115849,1,-0.046990215,0.99870771,-0.019353778999999998,0.579060444,-0.549059076,-0.042009730999999995,-0.8347275059999999,1.3771319309999999,-0.834461511,-0.028597932000000003,0.55032352,0.763907177,0.0,0.0,0.0,1.0
27,1790406306598765000,RL_calflower1,1790406306114731835,1790406306643847684,0.914796194,484.03316500000005,45.082684,529.115849,1,-0.03274291,0.9987077109999999,-0.038865806,0.58030425,-0.10155283300000001,-0.042009730999999995,-0.993943107,1.416007246,-0.994291065,-0.028597932000000003,0.10279721900000001,0.7502402970000001,0.0,0.0,0.0,1.0
27,1790406306598765000,RL_foot,1790406306114731835,1790406306643847684,0.914796194,484.03316500000005,45.082684,529.115849,1,-0.047898775,0.99870771,-0.016981059,0.581121785,-0.5900918820000001,-0.042009730999999995,-0.806242798,1.441332325,-0.8059139390000001,-0.028597932000000003,0.591341452,0.741590621,0.0,0.0,0.0,1.0
27,1790406306598765000,RR_hip,1790406306114731835,1790406306643847684,0.914796194,484.03316500000005,45.082684,529.115849,1,-0.036045695,0.9912722740000001,-0.12680586300000002,0.37890058,-0.189529353,-0.131366332,-0.973047896,1.138602417,-0.981213091,-0.011041022,0.19261048100000003,0.713837187,0.0,0.0,0.0,1.0
27,1790406306598765000,RR_thigh,1790406306114731835,1790406306643847684,0.914796194,484.03316500000005,45.082684,529.115849,1,0.083383434,0.991272266,-0.102108945,0.284234078,0.689656629,-0.131366371,-0.712121694,1.1511479009999999,-0.719320058,-0.011041226000000001,-0.694590942,0.7148916040000001,0.0,0.0,0.0,1.0
27,1790406306598765000,RR_calf,1790406306114731835,1790406306643847684,0.914796194,484.03316500000005,45.082684,529.115849,1,-0.09733165099999999,0.9912723059999999,-0.088912911,0.305983216,-0.6728201079999999,-0.131366163,-0.72804995,1.302829096,-0.7333755679999999,-0.011040176,0.679733935,0.862838777,0.0,0.0,0.0,1.0
27,1790406306598765000,RR_calflower,1790406306114731835,1790406306643847684,0.914796194,484.03316500000005,45.082684,529.115849,1,-0.09276621800000001,0.9912723059999999,-0.09366634800000001,0.317194843,-0.635591927,-0.131366163,-0.760767066,1.3971162869999998,-0.766431577,-0.011040176,0.6422309429999999,0.747579922,0.0,0.0,0.0,1.0
27,1790406306598765000,RR_calflower1,1790406306114731835,1790406306643847684,0.914796194,484.03316500000005,45.082684,529.115849,1,-0.039029996000000004,0.9912723059999999,-0.12591908300000001,0.32186878399999996,-0.212460423,-0.131366163,-0.9682996420000001,1.433899877,-0.976389793,-0.011040176,0.215733444,0.729556427,0.0,0.0,0.0,1.0
27,1790406306598765000,RR_foot,1790406306114731835,1790406306643847684,0.914796194,484.03316500000005,45.082684,529.115849,1,-0.09733165099999999,0.9912723059999999,-0.088912911,0.324920195,-0.6728201079999999,-0.131366163,-0.72804995,1.45789096,-0.7333755679999999,-0.011040176,0.679733935,0.718067065,0.0,0.0,0.0,1.0
28,1790406306666803000,FL_hip,1790406306643847684,1790406306718640406,0.306919114,22.955316,51.837406,74.792722,0,-0.019864938000000002,0.999782343,-0.00635599,0.446565902,-0.18801988100000003,-0.009979395,-0.982114878,1.048505787,-0.981964208,-0.018314882,0.188177257,0.347199104,0.0,0.0,0.0,1.0
28,1790406306666803000,FL_thigh,1790406306643847684,1790406306718640406,0.306919114,22.955316,51.837406,74.792722,0,-0.022846276000000002,0.999735978,-0.002401909,0.541910514,-0.35775250700000005,-0.010418774,-0.93375869,1.047552138,-0.9335368409999999,-0.020473902,0.357896082,0.34545287399999997,0.0,0.0,0.0,1.0
28,1790406306666803000,FL_calf,1790406306643847684,1790406306718640406,0.306919114,22.955316,51.837406,74.792722,0,-0.00034554400000000004,0.999822254,0.018843797,0.542367002,-0.8696748609999999,-0.009602147,0.493532301,1.245463134,0.49362546799999996,-0.016217724,0.8695232620000001,0.26952710399999996,0.0,0.0,0.0,1.0
28,1790406306666803000,FL_calflower,1790406306643847684,1790406306718640406,0.306919114,22.955316,51.837406,74.792722,0,-0.001286909,0.999822254,0.018802977,0.539855459,-0.8932543279999999,-0.009602147,0.44944988700000005,1.155425191,0.449550514,-0.016217724,0.893107575,0.151061563,0.0,0.0,0.0,1.0
28,1790406306666803000,FL_calflower1,1790406306643847684,1790406306718640406,0.306919114,22.955316,51.837406,74.792722,0,-0.009824305,0.999822254,0.016083877,0.5392059370000001,-0.999858652,-0.009602147,-0.013826479,1.146415806,-0.013669456000000002,-0.016217723,0.9997749509999999,0.110967685,0.0,0.0,0.0,1.0
28,1790406306666803000,FL_foot,1790406306643847684,1790406306718640406,0.306919114,22.955316,51.837406,74.792722,0,-0.00034554400000000004,0.999822254,0.018843797,0.538785564,-0.8696748609999999,-0.009602147,0.493532301,1.140797501,0.49362546799999996,-0.016217724,0.8695232620000001,0.084877997,0.0,0.0,0.0,1.0
28,1790406306666803000,FR_hip,1790406306643847684,1790406306718640406,0.306919114,22.955316,51.837406,74.792722,0,-0.019864938000000002,0.981497996,-0.19043848,0.35380165799999996,-0.18801988100000003,-0.19074496100000002,-0.9634654029999999,1.055094769,-0.981964208,0.016666772,0.188330384,0.34781411799999995,0.0,0.0,0.0,1.0
28,1790406306666803000,FR_thigh,1790406306643847684,1790406306718640406,0.306919114,22.955316,51.837406,74.792722,0,-0.084644573,0.9814979840000001,-0.171746179,0.260068601,-0.510323901,-0.190745075,-0.83856218,1.073310913,-0.855806475,0.016666175,0.517027404,0.346222441,0.0,0.0,0.0,1.0
28,1790406306666803000,FR_calf,1790406306643847684,1790406306718640406,0.306919114,22.955316,51.837406,74.792722,0,-0.17523633100000002,0.981498,0.077159905,0.296649671,-0.85978599,-0.19074492399999998,0.47369306899999997,1.251920655,0.479646664,0.016666963,0.8773033179999999,0.236098086,0.0,0.0,0.0,1.0
28,1790406306666803000,FR_calflower,1790406306643847684,1790406306718640406,0.306919114,22.955316,51.837406,74.792722,0,-0.17887372,0.981498,0.06830530900000001,0.28172533899999996,-0.882386267,-0.19074492399999998,0.430129686,1.164618555,0.435200339,0.016666962,0.9001792590000001,0.115850403,0.0,0.0,0.0,1.0
28,1790406306666803000,FR_calflower1,1790406306643847684,1790406306718640406,0.306919114,22.955316,51.837406,74.792722,0,-0.190202051,0.981498,-0.022013696,0.280781873,-0.981297071,-0.19074492399999998,-0.025944755,1.156237248,-0.029663545,0.016666963,0.9994208859999999,0.075491321,0.0,0.0,0.0,1.0
28,1790406306666803000,FR_foot,1790406306643847684,1790406306718640406,0.306919114,22.955316,51.837406,74.792722,0,-0.17523633100000002,0.981498,0.077159905,0.280214688,-0.85978599,-0.19074492399999998,0.47369306899999997,1.151024254,0.479646664,0.016666963,0.8773033179999999,0.049232905,0.0,0.0,0.0,1.0
28,1790406306666803000,RL_hip,1790406306643847684,1790406306718640406,0.306919114,22.955316,51.837406,74.792722,0,-0.019864938000000002,0.9991033840000001,-0.037383947,0.45424966,-0.18801988100000003,-0.040457247,-0.9813319690000001,1.121231877,-0.981964208,-0.012465455,0.188655049,0.72702286,0.0,0.0,0.0,1.0
28,1790406306666803000,RL_thigh,1790406306643847684,1790406306718640406,0.306919114,22.955316,51.837406,74.792722,0,0.021833491,0.9991033890000001,-0.036269322,0.549664017,0.7447004490000001,-0.040457199,-0.666172015,1.11736821,-0.66704196,-0.012465201,-0.744915742,0.725832409,0.0,0.0,0.0,1.0
28,1790406306666803000,RL_calf,1790406306643847684,1790406306718640406,0.306919114,22.955316,51.837406,74.792722,0,-0.034504805,0.999103222,-0.024534017999999998,0.5573893320000001,-0.607394175,-0.040458762999999995,-0.7933700920000001,1.2592627779999999,-0.7936509009999999,-0.012473541999999999,0.60824541,0.884499405,0.0,0.0,0.0,1.0
28,1790406306666803000,RL_calflower,1790406306643847684,1790406306718640406,0.306919114,22.955316,51.837406,74.792722,0,-0.033235493,0.999103222,-0.026227879,0.560328417,-0.5669831120000001,-0.040458762999999995,-0.822735642,1.364492565,-0.8230586440000001,-0.012473541999999999,0.567819249,0.778648085,0.0,0.0,0.0,1.0
28,1790406306666803000,RL_calflower1,1790406306643847684,1790406306718640406,0.306919114,22.955316,51.837406,74.792722,0,-0.017368225,0.999103222,-0.038611453999999996,0.561709283,-0.122988955,-0.040458762999999995,-0.991583331,1.403056677,-0.992255943,-0.012473541000000001,0.12358144900000001,0.7641717240000001,0.0,0.0,0.0,1.0
28,1790406306666803000,RL_foot,1790406306643847684,1790406306718640406,0.306919114,22.955316,51.837406,74.792722,0,-0.034504805,0.999103222,-0.024534017999999998,0.562612227,-0.607394175,-0.040458762999999995,-0.7933700920000001,1.42818449,-0.7936509009999999,-0.012473541999999999,0.60824541,0.754994666,0.0,0.0,0.0,1.0
28,1790406306666803000,RR_hip,1790406306643847684,1790406306718640406,0.306919114,22.955316,51.837406,74.792722,0,-0.019864938000000002,0.990520367,-0.135921059,0.361485416,-0.18801988100000003,-0.13722335,-0.9725322479999999,1.127820859,-0.981964208,0.006236295,0.188963551,0.727637874,0.0,0.0,0.0,1.0
28,1790406306666803000,RR_thigh,1790406306643847684,1790406306718640406,0.306919114,22.955316,51.837406,74.792722,0,0.097899493,0.990515897,-0.09640380900000001,0.266899323,0.674408656,-0.137265751,-0.725487268,1.140924465,-0.731839494,0.006008999,-0.681450415,0.727042368,0.0,0.0,0.0,1.0
28,1790406306666803000,RR_calf,1790406306643847684,1790406306718640406,0.306919114,22.955316,51.837406,74.792722,0,-0.093395736,0.9905124,-0.100807585,0.28745819899999997,-0.7036490329999999,-0.137299065,-0.6971568709999999,1.295344817,-0.704382982,0.005821407,0.70979613,0.872109322,0.0,0.0,0.0,1.0
28,1790406306666803000,RR_calflower,1790406306643847684,1790406306718640406,0.306919114,22.955316,51.837406,74.792722,0,-0.088240736,0.9905124,-0.105349443,0.300439757,-0.667926334,-0.137299065,-0.7314534009999999,1.384277701,-0.738977708,0.005821407,0.673704594,0.753209035,0.0,0.0,0.0,1.0
28,1790406306666803000,RR_calflower1,1790406306643847684,1790406306718640406,0.306919114,22.955316,51.837406,74.792722,0,-0.029620906000000002,0.9905124,-0.134192155,0.30551991100000003,-0.25467731899999996,-0.137299065,-0.9572299240000001,1.420142964,-0.966572227,0.005821407,0.256328037,0.733690658,0.0,0.0,0.0,1.0
28,1790406306666803000,RR_foot,1790406306643847684,1790406306718640406,0.306919114,22.955316,51.837406,74.792722,0,-0.093395736,0.9905124,-0.100807585,0.308833457,-0.7036490329999999,-0.137299065,-0.6971568709999999,1.4435466469999998,-0.704382982,0.005821407,0.70979613,0.7212255670000001,0.0,0.0,0.0,1.0
29,1790406306730766000,FL_hip,1790406306718640406,1790406306778927230,0.201131743,12.125594,48.161229999999996,60.286823999999996,0,-0.013622128999999998,0.99800823,0.061593552,0.44483052799999995,-0.203384402,0.057546140999999995,-0.977406731,1.051362513,-0.9790040959999999,-0.025841821,0.20219545100000003,0.341024514,0.0,0.0,0.0,1.0
29,1790406306730766000,FL_thigh,1790406306718640406,1790406306778927230,0.201131743,12.125594,48.161229999999996,60.286823999999996,0,-0.008874679,0.998007045,0.062473463,0.540139825,-0.278749213,0.057530477000000003,-0.958639563,1.056858141,-0.960322826,-0.02592234,0.277683132,0.338556633,0.0,0.0,0.0,1.0
29,1790406306730766000,FL_calf,1790406306718640406,1790406306778927230,0.201131743,12.125594,48.161229999999996,60.286823999999996,0,0.061041414,0.9980069429999999,-0.015995117,0.526848071,-0.7759950170000001,0.057529290999999996,0.628110504,1.260781779,0.627778717,-0.025928915,0.7779597640000001,0.279494657,0.0,0.0,0.0,1.0
29,1790406306730766000,FL_calflower,1790406306718640406,1790406306778927230,0.201131743,12.125594,48.161229999999996,60.286823999999996,0,0.06176455,0.9980069429999999,-0.012924328,0.530419992,-0.8064176670000001,0.057529290999999996,0.588541943,1.1524717979999999,0.5881123739999999,-0.025928915,0.808363375,0.177064849,0.0,0.0,0.0,1.0
29,1790406306730766000,FL_calflower1,1790406306718640406,1790406306778927230,0.201131743,12.125594,48.161229999999996,60.286823999999996,0,0.060753028,0.9980069429999999,0.01705777,0.530315823,-0.987064789,0.057529290999999996,0.14964683,1.137019448,0.148367317,-0.025928913999999997,0.9885922570000001,0.138907131,0.0,0.0,0.0,1.0
29,1790406306730766000,FL_foot,1790406306718640406,1790406306778927230,0.201131743,12.125594,48.161229999999996,60.286823999999996,0,0.061041414,0.9980069429999999,-0.015995117,0.530233097,-0.7759950170000001,0.057529290999999996,0.628110504,1.127205663,0.627778717,-0.025928915,0.7779597640000001,0.114037604,0.0,0.0,0.0,1.0
29,1790406306730766000,FR_hip,1790406306718640406,1790406306778927230,0.201131743,12.125594,48.161229999999996,60.286823999999996,0,-0.013622128999999998,0.9800028479999999,-0.19851602100000001,0.35212624600000003,-0.203384402,-0.197099716,-0.959055357,1.0587687270000001,-0.9790040959999999,0.027310415,0.20200233,0.34077584,0.0,0.0,0.0,1.0
29,1790406306730766000,FR_thigh,1790406306718640406,1790406306778927230,0.201131743,12.125594,48.161229999999996,60.286823999999996,0,-0.082765315,0.980002618,-0.180954485,0.25853692300000003,-0.52851032,-0.197103085,-0.825728713,1.077591561,-0.8448826309999999,0.027294345,0.534254789,0.33816772100000003,0.0,0.0,0.0,1.0
29,1790406306730766000,FR_calf,1790406306718640406,1790406306778927230,0.201131743,12.125594,48.161229999999996,60.286823999999996,0,-0.185082258,0.9800028390000001,0.07306674,0.297077624,-0.8525179629999999,-0.197099852,0.484113067,1.25346538,0.488833635,0.027309761000000002,0.871949353,0.22437484100000002,0.0,0.0,0.0,1.0
29,1790406306730766000,FR_calflower,1790406306718640406,1790406306778927230,0.201131743,12.125594,48.161229999999996,60.286823999999996,0,-0.188502769,0.9800028390000001,0.063725168,0.28256214,-0.8756481070000001,-0.19709985300000002,0.440899912,1.164766929,0.444643416,0.027309761000000002,0.895291142,0.105102882,0.0,0.0,0.0,1.0
29,1790406306730766000,FR_calflower1,1790406306718640406,1790406306778927230,0.201131743,12.125594,48.161229999999996,60.286823999999996,0,-0.196627954,0.9800028390000001,-0.030522753,0.281898136,-0.980293823,-0.19709985300000002,-0.013280077,1.155887424,-0.019030353,0.027309761000000002,0.999445768,0.064844802,0.0,0.0,0.0,1.0
29,1790406306730766000,FR_foot,1790406306718640406,1790406306778927230,0.201131743,12.125594,48.161229999999996,60.286823999999996,0,-0.185082258,0.9800028390000001,0.07306674,0.281514404,-0.8525179629999999,-0.197099852,0.484113067,1.150349954,0.488833635,0.027309761000000002,0.871949353,0.038649501,0.0,0.0,0.0,1.0
29,1790406306730766000,RL_hip,1790406306718640406,1790406306778927230,0.201131743,12.125594,48.161229999999996,60.286823999999996,0,-0.013622128999999998,0.998904699,-0.044761536,0.45009956799999995,-0.203384402,-0.046597796,-0.9779898370000001,1.130031599,-0.9790040959999999,-0.004218792,0.203796472,0.719703298,0.0,0.0,0.0,1.0
29,1790406306730766000,RL_thigh,1790406306718640406,1790406306778927230,0.201131743,12.125594,48.161229999999996,60.286823999999996,0,0.031165465,0.9989055020000001,-0.034875021,0.545492369,0.729288945,-0.046585855999999995,-0.68261855,1.1255816220000001,-0.6834959970000001,-0.004160129,-0.729942282,0.719300417,0.0,0.0,0.0,1.0
29,1790406306730766000,RL_calf,1790406306718640406,1790406306778927230,0.201131743,12.125594,48.161229999999996,60.286823999999996,0,-0.033983819,0.99890607,-0.032117274,0.552908894,-0.662691105,-0.046577475,-0.747443463,1.270957518,-0.748121423,-0.004117438,0.663548946,0.874758479,0.0,0.0,0.0,1.0
29,1790406306730766000,RL_calflower,1790406306718640406,1790406306778927230,0.201131743,12.125594,48.161229999999996,60.286823999999996,0,-0.032336153,0.99890607,-0.033775618,0.556990688,-0.62450631,-0.046577475,-0.7796301040000001,1.36828421,-0.780350091,-0.004117438,0.625329195,0.76163632,0.0,0.0,0.0,1.0
29,1790406306730766000,RL_calflower1,1790406306718640406,1790406306778927230,0.201131743,12.125594,48.161229999999996,60.286823999999996,0,-0.013085126,0.99890607,-0.044890964000000005,0.558665472,-0.19391698,-0.046577475,-0.979911953,1.405698771,-0.9809305690000001,-0.004117438,0.194314399,0.74443382,0.0,0.0,0.0,1.0
29,1790406306730766000,RL_foot,1790406306718640406,1790406306778927230,0.201131743,12.125594,48.161229999999996,60.286823999999996,0,-0.033983819,0.99890607,-0.032117274,0.5597586179999999,-0.662691105,-0.046577475,-0.747443463,1.43009591,-0.748121423,-0.004117438,0.663548946,0.733479804,0.0,0.0,0.0,1.0
29,1790406306730766000,RR_hip,1790406306718640406,1790406306778927230,0.201131743,12.125594,48.161229999999996,60.286823999999996,0,-0.013622128999999998,0.987381045,-0.157774729,0.35739528600000003,-0.203384402,-0.157226843,-0.966392879,1.137437813,-0.9790040959999999,0.018924315,0.202959775,0.719454624,0.0,0.0,0.0,1.0
29,1790406306730766000,RR_thigh,1790406306718640406,1790406306778927230,0.201131743,12.125594,48.161229999999996,60.286823999999996,0,0.115195091,0.987377693,-0.10869746,0.2631136,0.632073219,-0.15727438800000001,-0.7587811959999999,1.152450985,-0.766298829,0.01870284,-0.642211903,0.717647582,0.0,0.0,0.0,1.0
29,1790406306730766000,RR_calf,1790406306718640406,1790406306778927230,0.201131743,12.125594,48.161229999999996,60.286823999999996,0,-0.109803624,0.9873774,-0.11414372099999999,0.286293493,-0.7647633559999999,-0.15727834,-0.624820953,1.313989586,-0.634886094,0.018685055,0.772379658,0.85439218,0.0,0.0,0.0,1.0
29,1790406306730766000,RR_calflower,1790406306718640406,1790406306778927230,0.201131743,12.125594,48.161229999999996,60.286823999999996,0,-0.10396158900000001,0.9873774,-0.119488965,0.300956772,-0.7325795690000001,-0.15727834,-0.662262328,1.3911236269999998,-0.672695545,0.018685055,0.739683305,0.727438802,0.0,0.0,0.0,1.0
29,1790406306730766000,RR_calflower1,1790406306718640406,1790406306778927230,0.201131743,12.125594,48.161229999999996,60.286823999999996,0,-0.037035886000000004,0.9873774,-0.153993403,0.306769238,-0.343975407,-0.15727834,-0.925713311,1.424920599,-0.93824788,0.018685055,0.34545854200000004,0.704589074,0.0,0.0,0.0,1.0
29,1790406306730766000,RR_foot,1790406306718640406,1790406306778927230,0.201131743,12.125594,48.161229999999996,60.286823999999996,0,-0.109803624,0.9873774,-0.11414372099999999,0.31056116699999997,-0.7647633559999999,-0.15727834,-0.624820953,1.44700032,-0.634886094,0.018685055,0.772379658,0.689949327,0.0,0.0,0.0,1.0
30,1790406306798766000,FL_hip,1790406306778927230,1790406306851135064,0.274745397,19.83877,52.369064,72.20783399999999,0,-0.011278594,0.997813851,0.065115779,0.45028142,-0.201362751,0.061519585999999994,-0.977583284,1.046701525,-0.9794517,-0.024137948,0.200228735,0.33687246200000004,0.0,0.0,0.0,1.0
30,1790406306798766000,FL_thigh,1790406306778927230,1790406306851135064,0.274745397,19.83877,52.369064,72.20783399999999,0,0.004139658,0.997811879,0.065985378,0.545572073,-0.42483931399999997,0.061489892000000004,-0.903178412,1.052576612,-0.905259244,-0.024294624,0.424164228,0.334567302,0.0,0.0,0.0,1.0
30,1790406306798766000,FL_calf,1790406306778927230,1790406306851135064,0.274745397,19.83877,52.369064,72.20783399999999,0,0.061509058,0.997815096,-0.024112726,0.531566214,-0.7326971109999999,0.061544870999999994,0.677766823,1.244148778,0.677769848,-0.024021766,0.7348814920000001,0.244628808,0.0,0.0,0.0,1.0
30,1790406306798766000,FL_calflower,1790406306778927230,1790406306851135064,0.274745397,19.83877,52.369064,72.20783399999999,0,0.062637322,0.997815096,-0.021008419,0.536368622,-0.7656556529999999,0.061544870999999994,0.6403001979999999,1.1294526679999999,0.640194046,-0.024021766,0.767837455,0.149652065,0.0,0.0,0.0,1.0
30,1790406306798766000,FL_calflower1,1790406306778927230,1790406306851135064,0.274745397,19.83877,52.369064,72.20783399999999,0,0.065260237,0.997815096,0.01029025,0.536587029,-0.974809974,0.061544870999999994,0.214379189,1.111537882,0.21327752100000003,-0.024021766,0.9766962029999999,0.112625001,0.0,0.0,0.0,1.0
30,1790406306798766000,FL_foot,1790406306778927230,1790406306851135064,0.274745397,19.83877,52.369064,72.20783399999999,0,0.061509058,0.997815096,-0.024112726,0.536713141,-0.7326971109999999,0.061544870999999994,0.677766823,1.1001183270000001,0.677769848,-0.024021766,0.7348814920000001,0.088475371,0.0,0.0,0.0,1.0
30,1790406306798766000,FR_hip,1790406306778927230,1790406306851135064,0.274745397,19.83877,52.369064,72.20783399999999,0,-0.011278594,0.986219283,-0.165057781,0.357493226,-0.201362751,-0.163926779,-0.9657027220000001,1.052970521,-0.9794517,0.022344447000000003,0.200436804,0.336652138,0.0,0.0,0.0,1.0
30,1790406306798766000,FR_thigh,1790406306778927230,1790406306851135064,0.274745397,19.83877,52.369064,72.20783399999999,0,-0.065368381,0.986217505,-0.151992635,0.26333037600000003,-0.509360745,-0.163957611,-0.8447900490000001,1.068622173,-0.858066728,0.022196252000000003,0.513058121,0.33451869100000003,0.0,0.0,0.0,1.0
30,1790406306798766000,FR_calf,1790406306778927230,1790406306851135064,0.274745397,19.83877,52.369064,72.20783399999999,0,-0.154081056,0.9862187790000001,0.060260281,0.2956842,-0.860995538,-0.16393571,0.481469064,1.24850203,0.484712651,0.022301156000000003,0.874389,0.225257344,0.0,0.0,0.0,1.0
30,1790406306798766000,FR_calflower,1790406306778927230,1790406306851135064,0.274745397,19.83877,52.369064,72.20783399999999,0,-0.15690025300000002,0.9862187790000001,0.052484129000000004,0.283680485,-0.883982942,-0.16393571,0.43783551200000004,1.160040063,0.440405651,0.022301155,0.897521777,0.10554010400000001,0.0,0.0,0.0,1.0
30,1790406306798766000,FR_calflower1,1790406306778927230,1790406306851135064,0.274745397,19.83877,52.369064,72.20783399999999,0,-0.163405805,0.9862187790000001,-0.025900114,0.283148338,-0.986271703,-0.16393571,-0.019847038,1.151366898,-0.02381929,0.022301156000000003,0.9994674179999999,0.065235477,0.0,0.0,0.0,1.0
30,1790406306798766000,FR_foot,1790406306778927230,1790406306851135064,0.274745397,19.83877,52.369064,72.20783399999999,0,-0.154081056,0.9862187790000001,0.060260281,0.282842236,-0.860995538,-0.16393571,0.481469064,1.145965133,0.484712651,0.022301156000000003,0.874389,0.039011073,0.0,0.0,0.0,1.0
30,1790406306798766000,RL_hip,1790406306778927230,1790406306851135064,0.274745397,19.83877,52.369064,72.20783399999999,0,-0.011278594,0.999929152,-0.003773298,0.45464398,-0.201362751,-0.005967366,-0.9794989159999999,1.124588637,-0.9794517,-0.010287856,0.201415855,0.71572438,0.0,0.0,0.0,1.0
30,1790406306798766000,RL_thigh,1790406306778927230,1790406306851135064,0.274745397,19.83877,52.369064,72.20783399999999,0,-0.003023441,0.999929656,-0.011458428,0.550111593,0.7075283790000001,-0.005958379000000001,-0.7066603029999999,1.124018711,-0.7066787379999999,-0.010243996,-0.707460275,0.714742193,0.0,0.0,0.0,1.0
30,1790406306798766000,RL_calf,1790406306778927230,1790406306851135064,0.274745397,19.83877,52.369064,72.20783399999999,0,-0.011305478,0.9999314909999999,0.002991906,0.5525444,-0.71037751,-0.005925784,-0.7037964,1.274505349,-0.703730137,-0.010082425,0.710395705,0.865436526,0.0,0.0,0.0,1.0
30,1790406306798766000,RL_calflower,1790406306778927230,1790406306851135064,0.274745397,19.83877,52.369064,72.20783399999999,0,-0.011440882,0.9999314909999999,0.002423129,0.551896745,-0.6743145629999999,-0.005925784,-0.7384209159999999,1.3644158530000001,-0.738355645,-0.010082425,0.674336048,0.74624863,0.0,0.0,0.0,1.0
30,1790406306798766000,RL_calflower1,1790406306778927230,1790406306851135064,0.274745397,19.83877,52.369064,72.20783399999999,0,-0.011266955,0.9999314909999999,-0.0031338579999999998,0.551916883,-0.257126192,-0.005925784,-0.9663600259999999,1.4006795669999998,-0.966312053,-0.010082425,0.25717539,0.7266640520000001,0.0,0.0,0.0,1.0
30,1790406306798766000,RL_foot,1790406306778927230,1790406306851135064,0.274745397,19.83877,52.369064,72.20783399999999,0,-0.011305478,0.9999314909999999,0.002991906,0.551932711,-0.71037751,-0.005925784,-0.7037964,1.4243433,-0.703730137,-0.010082425,0.710395705,0.714156235,0.0,0.0,0.0,1.0
30,1790406306798766000,RR_hip,1790406306778927230,1790406306851135064,0.274745397,19.83877,52.369064,72.20783399999999,0,-0.011278594,0.995243993,-0.096757118,0.361855786,-0.201362751,-0.097041526,-0.97469825,1.130857633,-0.9794517,0.008489774,0.20149965399999997,0.7155040559999999,0.0,0.0,0.0,1.0
30,1790406306798766000,RR_thigh,1790406306778927230,1790406306851135064,0.274745397,19.83877,52.369064,72.20783399999999,0,0.07341896099999999,0.995239695,-0.064088671,0.266842782,0.692244483,-0.09711583900000001,-0.715099142,1.140122187,-0.717918965,0.008136527,-0.6960790020000001,0.714693503,0.0,0.0,0.0,1.0
30,1790406306798766000,RR_calf,1790406306778927230,1790406306851135064,0.274745397,19.83877,52.369064,72.20783399999999,0,-0.063024122,0.9952322570000001,-0.074434317,0.28054926199999997,-0.70061135,-0.097235597,-0.70688731,1.292336122,-0.710754385,0.007598296,0.703399097,0.86291057,0.0,0.0,0.0,1.0
30,1790406306798766000,RR_calflower,1790406306778927230,1790406306851135064,0.274745397,19.83877,52.369064,72.20783399999999,0,-0.059225192999999995,0.9952322570000001,-0.077491187,0.29019496899999997,-0.664406127,-0.097235598,-0.7410198579999999,1.38268657,-0.745021429,0.007598296,0.6669971179999999,0.7448803490000001,0.0,0.0,0.0,1.0
30,1790406306798766000,RR_calflower1,1790406306778927230,1790406306851135064,0.274745397,19.83877,52.369064,72.20783399999999,0,-0.016748628999999998,0.9952322570000001,-0.09608325,0.29386835699999997,-0.24713732300000002,-0.097235598,-0.964089766,1.418870263,-0.968835604,0.007598296,0.247587676,0.725697835,0.0,0.0,0.0,1.0
30,1790406306798766000,RR_foot,1790406306778927230,1790406306851135064,0.274745397,19.83877,52.369064,72.20783399999999,0,-0.063024122,0.9952322570000001,-0.074434317,0.29626333899999996,-0.70061135,-0.097235597,-0.70688731,1.442479319,-0.710754385,0.007598296,0.703399097,0.713451763,0.0,0.0,0.0,1.0
31,1790406306866764000,FL_hip,1790406306851135064,1790406306918767428,0.23108664399999998,15.628935999999998,52.003428,67.632364,0,-0.007305594,0.9988015840000001,0.048391975999999996,0.46532107100000003,-0.178900084,0.046307166,-0.98277724,1.039549976,-0.98384002,-0.015837391,0.17834741899999998,0.338624905,0.0,0.0,0.0,1.0
31,1790406306866764000,FL_thigh,1790406306851135064,1790406306918767428,0.23108664399999998,15.628935999999998,52.003428,67.632364,0,0.011637673000000001,0.99880176,0.047532810999999994,0.560703588,-0.538654978,0.046311415999999994,-0.8412530909999999,1.043972159,-0.842446054,-0.015813847,0.5385484,0.337112485,0.0,0.0,0.0,1.0
31,1790406306866764000,FL_calf,1790406306851135064,1790406306918767428,0.23108664399999998,15.628935999999998,52.003428,67.632364,0,0.047080315,0.998801356,-0.013381127,0.550581567,-0.8202239709999999,0.046301478,0.57016621,1.223149795,0.57010224,-0.015868373999999998,0.82142038,0.22240482399999997,0.0,0.0,0.0,1.0
31,1790406306866764000,FL_calflower,1790406306851135064,1790406306918767428,0.23108664399999998,15.628935999999998,52.003428,67.632364,0,0.047690255,0.998801356,-0.011011368999999998,0.553499363,-0.847695338,0.046301478,0.528459538,1.122366116,0.528335852,-0.015868373999999998,0.848887055,0.112239713,0.0,0.0,0.0,1.0
31,1790406306866764000,FL_calflower1,1790406306851135064,1790406306918767428,0.23108664399999998,15.628935999999998,52.003428,67.632364,0,0.047385835,0.998801356,0.012255338999999999,0.5534616210000001,-0.995933071,0.046301478,0.077292873,1.109705179,0.076632854,-0.015868375,0.996933002,0.073002089,0.0,0.0,0.0,1.0
31,1790406306866764000,FL_foot,1790406306851135064,1790406306918767428,0.23108664399999998,15.628935999999998,52.003428,67.632364,0,0.047080315,0.998801356,-0.013381127,0.553425394,-0.8202239709999999,0.046301478,0.57016621,1.1017105870000001,0.57010224,-0.015868373999999998,0.82142038,0.047447353,0.0,0.0,0.0,1.0
31,1790406306866764000,FR_hip,1790406306851135064,1790406306918767428,0.23108664399999998,15.628935999999998,52.003428,67.632364,0,-0.007305594,0.9875162609999999,-0.15734682,0.372636498,-0.178900084,-0.156103068,-0.9714048009999999,1.047171076,-0.98384002,0.021052393,0.17780726,0.337927359,0.0,0.0,0.0,1.0
31,1790406306866764000,FR_thigh,1790406306851135064,1790406306918767428,0.23108664399999998,15.628935999999998,52.003428,67.632364,0,-0.054060974000000005,0.987517518,-0.147940262,0.278347793,-0.462344674,-0.156073557,-0.8728568859999999,1.062075734,-0.8850506779999999,0.021211621,0.46501094,0.33591729299999995,0.0,0.0,0.0,1.0
31,1790406306866764000,FR_calf,1790406306851135064,1790406306918767428,0.23108664399999998,15.628935999999998,52.003428,67.632364,0,-0.147836396,0.9875152840000001,0.054384944000000005,0.309857789,-0.872751688,-0.15612795699999998,0.462524861,1.247928454,0.465241366,0.02091318,0.8849366759999999,0.23689030100000003,0.0,0.0,0.0,1.0
31,1790406306866764000,FR_calflower,1790406306851135064,1790406306918767428,0.23108664399999998,15.628935999999998,52.003428,67.632364,0,-0.150369754,0.9875152840000001,0.046928237000000005,0.298836655,-0.8947775840000001,-0.15612795699999998,0.41832742100000003,1.162044146,0.420431536,0.020913179,0.907083112,0.11523372300000001,0.0,0.0,0.0,1.0
31,1790406306866764000,FR_calflower1,1790406306851135064,1790406306918767428,0.23108664399999998,15.628935999999998,52.003428,67.632364,0,-0.155047691,0.9875152840000001,-0.027812512999999997,0.298457543,-0.9868380659999999,-0.156127958,-0.042135356,1.15426073,-0.045951454,0.020913179,0.998724643,0.07474991,0.0,0.0,0.0,1.0
31,1790406306866764000,FR_foot,1790406306851135064,1790406306918767428,0.23108664399999998,15.628935999999998,52.003428,67.632364,0,-0.147836396,0.9875152840000001,0.054384944000000005,0.298248981,-0.872751688,-0.15612795699999998,0.462524861,1.1494381359999999,0.465241366,0.02091318,0.8849366759999999,0.048414337,0.0,0.0,0.0,1.0
31,1790406306866764000,RL_hip,1790406306851135064,1790406306918767428,0.23108664399999998,15.628935999999998,52.003428,67.632364,0,-0.007305594,0.9998375759999999,0.016468403,0.468146874,-0.178900084,0.014896429,-0.983754823,1.108748528,-0.98384002,-0.010133401,0.178762242,0.719174225,0.0,0.0,0.0,1.0
31,1790406306866764000,RL_thigh,1790406306851135064,1790406306918767428,0.23108664399999998,15.628935999999998,52.003428,67.632364,0,-0.017728006,0.999837146,0.003340466,0.563630796,0.7061914109999999,0.014886498,-0.7078649440000001,1.110171129,-0.707799235,-0.010190315,-0.70634001,0.7182064909999999,0.0,0.0,0.0,1.0
31,1790406306866764000,RL_calf,1790406306851135064,1790406306918767428,0.23108664399999998,15.628935999999998,52.003428,67.632364,0,0.003411734,0.9998378059999999,0.017677107,0.56292957,-0.70777691,0.014902248,-0.706279311,1.260859835,-0.7064278829999999,-0.010102101,0.707712797,0.86857361,0.0,0.0,0.0,1.0
31,1790406306866764000,RL_calflower,1790406306851135064,1790406306918767428,0.23108664399999998,15.628935999999998,52.003428,67.632364,0,0.002523983,0.9998378059999999,0.017825531000000002,0.560385178,-0.67159312,0.014902248,-0.740770747,1.351217441,-0.740915929,-0.010102101,0.6715216620000001,0.749723818,0.0,0.0,0.0,1.0
31,1790406306866764000,RL_calflower1,1790406306851135064,1790406306918767428,0.23108664399999998,15.628935999999998,52.003428,67.632364,0,-0.005992699000000001,0.9998378059999999,0.016976678000000002,0.559647424,-0.25362718300000003,0.014902248,-0.9671876090000001,1.387557746,-0.967283387,-0.010102101,0.253496758,0.7302754220000001,0.0,0.0,0.0,1.0
31,1790406306866764000,RL_foot,1790406306851135064,1790406306918767428,0.23108664399999998,15.628935999999998,52.003428,67.632364,0,0.003411734,0.9998378059999999,0.017677107,0.55916876,-0.70777691,0.014902248,-0.706279311,1.4112704669999998,-0.7064278829999999,-0.010102101,0.707712797,0.7178564690000001,0.0,0.0,0.0,1.0
31,1790406306866764000,RR_hip,1790406306851135064,1790406306918767428,0.23108664399999998,15.628935999999998,52.003428,67.632364,0,-0.007305594,0.996323658,-0.085355465,0.375462301,-0.178900084,-0.085282781,-0.9801644270000001,1.116369628,-0.98384002,0.008109133000000001,0.17886549899999998,0.718476679,0.0,0.0,0.0,1.0
31,1790406306866764000,RR_thigh,1790406306851135064,1790406306918767428,0.23108664399999998,15.628935999999998,52.003428,67.632364,0,0.06791673299999999,0.9963212309999999,-0.052259739000000006,0.28035240100000003,0.73107292,-0.085342714,-0.676941432,1.124510323,-0.6789109879999999,0.007769687,-0.7341793459999999,0.71770266,0.0,0.0,0.0,1.0
31,1790406306866764000,RR_calf,1790406306851135064,1790406306918767428,0.23108664399999998,15.628935999999998,52.003428,67.632364,0,-0.04548322,0.99632226,-0.072615353,0.291536378,-0.604918218,-0.08531717800000001,-0.791704253,1.2686036859999998,-0.7949875740000001,0.007916808000000001,0.6065738970000001,0.874047024,0.0,0.0,0.0,1.0
31,1790406306866764000,RR_calflower,1790406306851135064,1790406306918767428,0.23108664399999998,15.628935999999998,52.003428,67.632364,0,-0.041797122,0.99632226,-0.074797817,0.301351113,-0.564593507,-0.085317177,-0.8209481390000001,1.373620448,-0.824310106,0.007916808000000001,0.5660830179999999,0.768392847,0.0,0.0,0.0,1.0
31,1790406306866764000,RR_calflower1,1790406306851135064,1790406306918767428,0.23108664399999998,15.628935999999998,52.003428,67.632364,0,-0.0025337610000000003,0.99632226,-0.085646325,0.304757533,-0.12169481900000001,-0.08531717800000001,-0.988894356,1.4120845969999998,-0.992564228,0.007916808000000001,0.12146352199999999,0.753996896,0.0,0.0,0.0,1.0
31,1790406306866764000,RR_foot,1790406306851135064,1790406306918767428,0.23108664399999998,15.628935999999998,52.003428,67.632364,0,-0.04548322,0.99632226,-0.072615353,0.30697510699999997,-0.604918218,-0.08531717800000001,-0.791704253,1.437147046,-0.7949875740000001,0.007916808000000001,0.6065738970000001,0.74487232,0.0,0.0,0.0,1.0
32,1790406306930765000,FL_hip,1790406306918767428,1790406306989189258,0.170367228,11.997572,58.424257999999995,70.42183,0,-0.02484017,0.995930283,0.086634746,0.467874795,-0.20553092899999997,0.079722494,-0.9753984090000001,1.03909702,-0.9783352190000001,-0.042035468,0.202714206,0.34000108100000004,0.0,0.0,0.0,1.0
32,1790406306930765000,FL_thigh,1790406306918767428,1790406306989189258,0.170367228,11.997572,58.424257999999995,70.42183,0,0.010793933,0.995930567,0.089473678,0.562982788,-0.568462712,0.079724858,-0.81883746,1.0467102670000001,-0.822638207,-0.042024259,0.567009852,0.33598683100000004,0.0,0.0,0.0,1.0
32,1790406306930765000,FL_calf,1790406306918767428,1790406306989189258,0.170367228,11.997572,58.424257999999995,70.42183,0,0.089348615,0.99593106,-0.011742693,0.543926468,-0.81287889,0.079729043,0.576950504,1.22111532,0.575539074,-0.042004627,0.81669469,0.215215552,0.0,0.0,0.0,1.0
32,1790406306930765000,FL_calflower,1790406306918767428,1790406306989189258,0.170367228,11.997572,58.424257999999995,70.42183,0,0.08982384199999999,0.99593106,-0.007262449,0.547455082,-0.84069851,0.079729043,0.535602454,1.1194748540000001,0.534002077,-0.042004627,0.8444389990000001,0.105857906,0.0,0.0,0.0,1.0
32,1790406306930765000,FL_calflower1,1790406306918767428,1790406306989189258,0.170367228,11.997572,58.424257999999995,70.42183,0,0.08302693900000001,0.99593106,0.035037025,0.546848636,-0.99302537,0.079729043,0.08685959300000001,1.1064583540000001,0.083712787,-0.042004627,0.9956041440000001,0.066741347,0.0,0.0,0.0,1.0
32,1790406306930765000,FL_foot,1790406306918767428,1790406306989189258,0.170367228,11.997572,58.424257999999995,70.42183,0,0.089348615,0.99593106,-0.011742693,0.546433521,-0.81287889,0.079729043,0.576950504,1.098231645,0.575539074,-0.042004627,0.81669469,0.041263657999999995,0.0,0.0,0.0,1.0
32,1790406306930765000,FR_hip,1790406306918767428,1790406306989189258,0.170367228,11.997572,58.424257999999995,70.42183,0,-0.02484017,0.9829597040000001,-0.18213436800000002,0.37504129,-0.20553092899999997,-0.18332004100000002,-0.961327985,1.0445244809999998,-0.9783352190000001,0.013554433000000001,0.206582446,0.341217958,0.0,0.0,0.0,1.0
32,1790406306930765000,FR_thigh,1790406306918767428,1790406306989189258,0.170367228,11.997572,58.424257999999995,70.42183,0,-0.070320811,0.982975458,-0.169746795,0.281227473,-0.44618750100000004,-0.18319142100000002,-0.8759899040000001,1.062019332,-0.89217238,0.014138315,0.451473567,0.33992458200000003,0.0,0.0,0.0,1.0
32,1790406306930765000,FR_calf,1790406306918767428,1790406306989189258,0.170367228,11.997572,58.424257999999995,70.42183,0,-0.158210409,0.9829162579999999,0.094047,0.31736258,-0.811891487,-0.183704399,0.554153049,1.248368212,0.561962877,0.01131656,0.827084935,0.243841792,0.0,0.0,0.0,1.0
32,1790406306930765000,FR_calflower,1790406306918767428,1790406306989189258,0.170367228,11.997572,58.424257999999995,70.42183,0,-0.162713078,0.9829162579999999,0.086022241,0.30019067,-0.838572943,-0.183704399,0.51288284,1.1510842829999999,0.5199235520000001,0.01131656,0.854137732,0.133499428,0.0,0.0,0.0,1.0
32,1790406306930765000,FR_calflower1,1790406306918767428,1790406306989189258,0.170367228,11.997572,58.424257999999995,70.42183,0,-0.184048954,0.9829162579999999,0.00116378,0.298309162,-0.980648558,-0.183704399,0.067688953,1.139099846,0.066746533,0.01131656,0.9977057009999999,0.09444394099999999,0.0,0.0,0.0,1.0
32,1790406306930765000,FR_foot,1790406306918767428,1790406306989189258,0.170367228,11.997572,58.424257999999995,70.42183,0,-0.158210409,0.9829162579999999,0.094047,0.297129559,-0.811891487,-0.183704399,0.554153049,1.131539683,0.561962877,0.01131656,0.827084935,0.069010481,0.0,0.0,0.0,1.0
32,1790406306930765000,RL_hip,1790406306918767428,1790406306989189258,0.170367228,11.997572,58.424257999999995,70.42183,0,-0.02484017,0.99907608,0.035066999,0.477482972,-0.20553092899999997,0.029224701000000002,-0.978214521,1.1185963829999999,-0.9783352190000001,-0.031506651000000004,0.204615153,0.718421144,0.0,0.0,0.0,1.0
32,1790406306930765000,RL_thigh,1790406306918767428,1790406306989189258,0.170367228,11.997572,58.424257999999995,70.42183,0,-0.042925270999999994,0.9990752820000001,0.002396774,0.572893034,0.637036055,0.029218227000000003,-0.770280503,1.121387298,-0.7696380829999999,-0.031537952,-0.637700877,0.7154123109999999,0.0,0.0,0.0,1.0
32,1790406306930765000,RL_calf,1790406306918767428,1790406306989189258,0.170367228,11.997572,58.424257999999995,70.42183,0,-0.001986679,0.9990766040000001,0.04291543900000001,0.572387885,-0.7006660370000001,0.029229092999999998,-0.712890916,1.2854453940000001,-0.7134867009999999,-0.03148596,0.6999608509999999,0.851235203,0.0,0.0,0.0,1.0
32,1790406306930765000,RL_calflower,1790406306918767428,1790406306989189258,0.170367228,11.997572,58.424257999999995,70.42183,0,-0.004129075,0.9990766040000001,0.042762512999999995,0.56599891,-0.664160691,0.029229092999999998,-0.747018695,1.3769356769999999,-0.74757849,-0.03148596,0.66342661,0.7333745690000001,0.0,0.0,0.0,1.0
32,1790406306930765000,RL_calflower1,1790406306918767428,1790406306989189258,0.170367228,11.997572,58.424257999999995,70.42183,0,-0.023409306,0.9990766040000001,0.036023411,0.564329992,-0.244149485,0.029229092999999998,-0.9692973659999999,1.413456426,-0.9694549179999999,-0.031485959,0.243239856,0.714313903,0.0,0.0,0.0,1.0
32,1790406306930765000,RL_foot,1790406306918767428,1790406306989189258,0.170367228,11.997572,58.424257999999995,70.42183,0,-0.001986679,0.9990766040000001,0.04291543900000001,0.563249616,-0.7006660370000001,0.029229092999999998,-0.712890916,1.4372842540000001,-0.7134867009999999,-0.03148596,0.6999608509999999,0.702147854,0.0,0.0,0.0,1.0
32,1790406306930765000,RR_hip,1790406306918767428,1790406306989189258,0.170367228,11.997572,58.424257999999995,70.42183,0,-0.02484017,0.9939545059999999,-0.10694460300000001,0.384649467,-0.20553092899999997,-0.10976995099999999,-0.972475341,1.124023844,-0.9783352190000001,-0.002176301,0.207015201,0.719638021,0.0,0.0,0.0,1.0
32,1790406306930765000,RR_thigh,1790406306918767428,1790406306989189258,0.170367228,11.997572,58.424257999999995,70.42183,0,0.072808093,0.993955822,-0.082161713,0.289728804,0.673562185,-0.109759071,-0.730936128,1.1345066609999999,-0.735536106,-0.002123229,-0.677482073,0.7198458520000001,0.0,0.0,0.0,1.0
32,1790406306930765000,RR_calf,1790406306918767428,1790406306989189258,0.170367228,11.997572,58.424257999999995,70.42183,0,-0.07310689299999999,0.993955195,-0.081903567,0.307217316,-0.647155876,-0.109764251,-0.754414857,1.290172475,-0.7588443090000001,-0.002148823,0.6512684,0.86413011,0.0,0.0,0.0,1.0
32,1790406306930765000,RR_calflower,1790406306918767428,1790406306989189258,0.170367228,11.997572,58.424257999999995,70.42183,0,-0.068922056,0.993955195,-0.08545503,0.317878764,-0.608642071,-0.109764251,-0.785816348,1.388876361,-0.7904458040000001,-0.002148823,0.612528075,0.752570216,0.0,0.0,0.0,1.0
32,1790406306930765000,RR_calflower1,1790406306918767428,1790406306989189258,0.170367228,11.997572,58.424257999999995,70.42183,0,-0.02167216,0.993955195,-0.10762494800000001,0.321986194,-0.176988802,-0.109764251,-0.978073345,1.426393179,-0.983974125,-0.002148823,0.17829788100000002,0.7359743540000001,0.0,0.0,0.0,1.0
32,1790406306930765000,RR_foot,1790406306918767428,1790406306989189258,0.170367228,11.997572,58.424257999999995,70.42183,0,-0.07310689299999999,0.993955195,-0.081903567,0.324664639,-0.647155876,-0.109764251,-0.754414857,1.450852719,-0.7588443090000001,-0.002148823,0.6512684,0.7254159720000001,0.0,0.0,0.0,1.0
33,1790406306998766000,FL_hip,1790406306989189258,1790406307050757175,0.155547604,9.576742,51.991175,61.567917,0,-0.028355381000000002,0.9970346459999999,0.07153757200000001,0.465562167,-0.186690196,0.06502499,-0.9802648740000001,1.031706375,-0.98200944,-0.041151428,0.184292832,0.339215585,0.0,0.0,0.0,1.0
33,1790406306998766000,FL_thigh,1790406306989189258,1790406307050757175,0.155547604,9.576742,51.991175,61.567917,0,0.0009416730000000001,0.997037382,0.076911043,0.560763864,-0.544046421,0.065043528,-0.836530653,1.037915444,-0.839054574,-0.04105572,0.542495786,0.335286215,0.0,0.0,0.0,1.0
33,1790406306998766000,FL_calf,1790406306989189258,1790406307050757175,0.155547604,9.576742,51.991175,61.567917,0,0.076928226,0.997035922,-0.001075068,0.544392204,-0.8352415959999999,0.065033502,0.546024561,1.216055375,0.5444759339999999,-0.04110704,0.837768462,0.21974707899999998,0.0,0.0,0.0,1.0
33,1790406306998766000,FL_calflower,1790406306989189258,1790406307050757175,0.155547604,9.576742,51.991175,61.567917,0,0.076885816,0.997035922,0.002771085,0.546095002,-0.8614876159999999,0.065033502,0.5035974910000001,1.118552023,0.501924509,-0.04110704,0.863933925,0.106645904,0.0,0.0,0.0,1.0
33,1790406306998766000,FL_calflower1,1790406306989189258,1790406307050757175,0.155547604,9.576742,51.991175,61.567917,0,0.066917699,0.997035922,0.037962207000000005,0.545217128,-0.996685975,0.065033502,0.048871377,1.10702383,0.046257796,-0.04110704,0.9980832909999999,0.067069629,0.0,0.0,0.0,1.0
33,1790406306998766000,FL_foot,1790406306989189258,1790406307050757175,0.155547604,9.576742,51.991175,61.567917,0,0.076928226,0.997035922,-0.001075068,0.544629335,-0.8352415959999999,0.065033502,0.546024561,1.099766587,0.5444759339999999,-0.04110704,0.837768462,0.041301982,0.0,0.0,0.0,1.0
33,1790406306998766000,FR_hip,1790406306989189258,1790406307050757175,0.155547604,9.576742,51.991175,61.567917,0,-0.028355381000000002,0.9714000509999999,-0.235749125,0.372687256,-0.186690196,-0.236840637,-0.953443226,1.036165651,-0.98200944,0.016976551,0.188066702,0.341049606,0.0,0.0,0.0,1.0
33,1790406306998766000,FR_thigh,1790406306989189258,1790406307050757175,0.155547604,9.576742,51.991175,61.567917,0,-0.074840795,0.971414771,-0.225281901,0.279957491,-0.375599511,-0.236738038,-0.896036165,1.058775177,-0.9237552109999999,0.01755546,0.38258063600000003,0.339428885,0.0,0.0,0.0,1.0
33,1790406306998766000,FR_calf,1790406306989189258,1790406307050757175,0.155547604,9.576742,51.991175,61.567917,0,-0.166950221,0.971400838,0.168842448,0.327916702,-0.630326554,-0.236835443,0.7393227370000001,1.249384733,0.758166498,0.017003962,0.651839133,0.258026335,0.0,0.0,0.0,1.0
33,1790406306998766000,FR_calflower,1790406306989189258,1790406307050757175,0.155547604,9.576742,51.991175,61.567917,0,-0.175180182,0.971400838,0.160287406,0.29960170399999997,-0.6664895470000001,-0.236835443,0.706895578,1.127401235,0.724640609,0.017003963,0.688917035,0.17670919399999999,0.0,0.0,0.0,1.0
33,1790406306998766000,FR_calflower1,1790406306989189258,1790406307050757175,0.155547604,9.576742,51.991175,61.567917,0,-0.22940131800000002,0.971400838,0.061279555,0.294944447,-0.917602501,-0.236835443,0.319241796,1.105796209,0.324625,0.017003962,0.945689855,0.141904991,0.0,0.0,0.0,1.0
33,1790406306998766000,FR_foot,1790406306989189258,1790406307050757175,0.155547604,9.576742,51.991175,61.567917,0,-0.166950221,0.971400838,0.168842448,0.291969952,-0.630326554,-0.236835443,0.7393227370000001,1.091961433,0.758166498,0.017003962,0.651839133,0.119174498,0.0,0.0,0.0,1.0
33,1790406306998766000,RL_hip,1790406306989189258,1790406307050757175,0.155547604,9.576742,51.991175,61.567917,0,-0.028355381000000002,0.9991401679999999,0.030242919,0.476530028,-0.186690196,0.024429441,-0.982115408,1.103918143,-0.98200944,-0.033494591000000004,0.18583702600000002,0.7190568359999999,0.0,0.0,0.0,1.0
33,1790406306998766000,RL_thigh,1790406306989189258,1790406307050757175,0.155547604,9.576742,51.991175,61.567917,0,-0.041257088,0.9991438770000001,-0.003016973,0.571946093,0.647934511,0.024456066000000002,-0.7613037970000001,1.106251117,-0.760578082,-0.033364257,-0.6483884910000001,0.7158581629999999,0.0,0.0,0.0,1.0
33,1790406306998766000,RL_calf,1790406306989189258,1790406307050757175,0.155547604,9.576742,51.991175,61.567917,0,-0.008866576999999999,0.9991440490000001,0.040401617,0.572564733,-0.661078807,0.024457407,-0.749918227,1.268259176,-0.750264138,-0.033358139,0.6602959829999999,0.8538340520000001,0.0,0.0,0.0,1.0
33,1790406306998766000,RL_calflower,1790406306989189258,1790406307050757175,0.155547604,9.576742,51.991175,61.567917,0,-0.010874735,0.9991440490000001,0.039907981,0.566425964,-0.62277234,0.024457407,-0.782021194,1.365920865,-0.7823275479999999,-0.033358139,0.621973207,0.74121674,0.0,0.0,0.0,1.0
33,1790406306998766000,RL_calflower1,1790406306989189258,1790406307050757175,0.155547604,9.576742,51.991175,61.567917,0,-0.02807451,0.9991440490000001,0.030376451000000002,0.564940862,-0.191274802,0.024457407999999996,-0.9812321270000001,1.403390093,-0.981134838,-0.033358139,0.190424507,0.72417745,0.0,0.0,0.0,1.0
33,1790406306998766000,RL_foot,1790406306989189258,1790406307050757175,0.155547604,9.576742,51.991175,61.567917,0,-0.008866576999999999,0.9991440490000001,0.040401617,0.563981225,-0.661078807,0.024457407,-0.749918227,1.427822137,-0.750264138,-0.033358139,0.6602959829999999,0.71332955,0.0,0.0,0.0,1.0
33,1790406306998766000,RR_hip,1790406306989189258,1790406307050757175,0.155547604,9.576742,51.991175,61.567917,0,-0.028355381000000002,0.995846971,-0.086513114,0.38365511700000005,-0.186690196,-0.09030096800000001,-0.978260296,1.108377419,-0.98200944,-0.011588063000000001,0.188475475,0.720890857,0.0,0.0,0.0,1.0
33,1790406306998766000,RR_thigh,1790406306989189258,1790406307050757175,0.155547604,9.576742,51.991175,61.567917,0,0.05228808099999999,0.995851265,-0.074471139,0.288557627,0.670619494,-0.090272114,-0.736288762,1.117000585,-0.739956636,-0.011442941000000002,-0.6725571090000001,0.721997456,0.0,0.0,0.0,1.0
33,1790406306998766000,RR_calf,1790406306989189258,1790406307050757175,0.155547604,9.576742,51.991175,61.567917,0,-0.066842505,0.995850811,-0.061749314000000007,0.30438786,-0.640230655,-0.09027521699999999,-0.7628602720000001,1.273770626,-0.7652691209999999,-0.011457958,0.643608356,0.8652023790000001,0.0,0.0,0.0,1.0
33,1790406306998766000,RR_calflower,1790406306989189258,1790406307050757175,0.155547604,9.576742,51.991175,61.567917,0,-0.06367279,0.995850811,-0.065012876,0.31219817899999996,-0.6013034110000001,-0.090275218,-0.793905092,1.373832014,-0.796479745,-0.011457957,0.604556498,0.754675256,0.0,0.0,0.0,1.0
33,1790406306998766000,RR_calflower1,1790406306989189258,1790406307050757175,0.155547604,9.576742,51.991175,61.567917,0,-0.026455849,0.995850811,-0.087068859,0.31543522,-0.16674423300000002,-0.090275218,-0.9818591790000001,1.411587925,-0.985645091,-0.011457957,0.16844078399999998,0.7384627140000001,0.0,0.0,0.0,1.0
33,1790406306998766000,RR_foot,1790406306989189258,1790406307050757175,0.155547604,9.576742,51.991175,61.567917,0,-0.066842505,0.995850811,-0.061749314000000007,0.317548366,-0.640230655,-0.09027521699999999,-0.7628602720000001,1.436200537,-0.7652691209999999,-0.011457958,0.643608356,0.72815415,0.0,0.0,0.0,1.0
34,1790406307530767000,FL_hip,1790406307115222575,1790406307649032087,0.7784507690000001,415.544425,118.26508700000001,533.809512,1,-0.032562645,0.9986304509999999,-0.040946743,0.45605681,-0.18767888,-0.04634906,-0.981136637,1.000474079,-0.981690435,-0.02426384,0.188931166,0.33848702799999997,0.0,0.0,0.0,1.0
34,1790406307530767000,FL_thigh,1790406307115222575,1790406307649032087,0.7784507690000001,415.544425,118.26508700000001,533.809512,1,-0.044336499,0.998632469,-0.027698485,0.551421642,-0.505407167,-0.046337286,-0.861636321,0.9960479659999999,-0.8617411429999999,-0.0242032,0.506770399,0.336169934,0.0,0.0,0.0,1.0
34,1790406307530767000,FL_calf,1790406307115222575,1790406307649032087,0.7784507690000001,415.544425,118.26508700000001,533.809512,1,-0.025676697999999998,0.99863355,0.04551351,0.557324729,-0.8378908490000001,-0.046330862,0.5438686189999999,1.179551906,0.5452340729999999,-0.024170878,0.837935202,0.228238406,0.0,0.0,0.0,1.0
34,1790406307530767000,FL_calflower,1790406307115222575,1790406307649032087,0.7784507690000001,415.544425,118.26508700000001,533.809512,1,-0.027919336,0.99863355,0.04417333,0.550089168,-0.864025805,-0.046330860999999994,0.501311837,1.082323004,0.502673368,-0.024170878,0.864138347,0.11515004,0.0,0.0,0.0,1.0
34,1790406307530767000,FL_calflower1,1790406307115222575,1790406307649032087,0.7784507690000001,415.544425,118.26508700000001,533.809512,1,-0.045162633,0.99863355,0.026288952,0.548605615,-0.9978818690000001,-0.046330862,0.04567193,1.0709129,0.046827630999999995,-0.024170879,0.99861042,0.07556541900000001,0.0,0.0,0.0,1.0
34,1790406307530767000,FL_foot,1790406307115222575,1790406307649032087,0.7784507690000001,415.544425,118.26508700000001,533.809512,1,-0.025676697999999998,0.99863355,0.04551351,0.547651229,-0.8378908490000001,-0.046330862,0.5438686189999999,1.063732788,0.5452340729999999,-0.024170878,0.837935202,0.049792197,0.0,0.0,0.0,1.0
34,1790406307530767000,FR_hip,1790406307115222575,1790406307649032087,0.7784507690000001,415.544425,118.26508700000001,533.809512,1,-0.032562645,0.984568824,-0.171940817,0.363276069,-0.18767888,-0.17499524,-0.966516426,1.006562604,-0.981690435,0.000797066,0.19048119100000002,0.34040058799999995,0.0,0.0,0.0,1.0
34,1790406307530767000,FR_thigh,1790406307115222575,1790406307649032087,0.7784507690000001,415.544425,118.26508700000001,533.809512,1,-0.095207334,0.984576599,-0.146779505,0.26926885,-0.540771441,-0.174950214,-0.8227754070000001,1.023271428,-0.83576417,0.001039649,0.549087425,0.34032445,0.0,0.0,0.0,1.0
34,1790406307530767000,FR_calf,1790406307115222575,1790406307649032087,0.7784507690000001,415.544425,118.26508700000001,533.809512,1,-0.145148828,0.984576485,0.097676523,0.30053808,-0.813523632,-0.174950882,0.55459191,1.198428355,0.563126717,0.001035943,0.8263698070000001,0.22341185100000002,0.0,0.0,0.0,1.0
34,1790406307530767000,FR_calflower,1790406307115222575,1790406307649032087,0.7784507690000001,415.544425,118.26508700000001,533.809512,1,-0.149849221,0.984576485,0.090300036,0.283216879,-0.8402249829999999,-0.174950882,0.513239579,1.100117684,0.521121679,0.001035943,0.853481665,0.112400672,0.0,0.0,0.0,1.0
34,1790406307530767000,FR_calflower1,1790406307115222575,1790406307649032087,0.7784507690000001,415.544425,118.26508700000001,533.809512,1,-0.17461417399999998,0.984576485,0.010898423,0.281113966,-0.982278643,-0.174950882,0.067242502,1.087993385,0.068112224,0.001035943,0.9976770429999999,0.073061398,0.0,0.0,0.0,1.0
34,1790406307530767000,FR_foot,1790406307115222575,1790406307649032087,0.7784507690000001,415.544425,118.26508700000001,533.809512,1,-0.145148828,0.984576485,0.097676523,0.279788347,-0.813523632,-0.174950882,0.55459191,1.0803445740000002,0.563126717,0.001035943,0.8263698070000001,0.04744262,0.0,0.0,0.0,1.0
34,1790406307530767000,RL_hip,1790406307115222575,1790406307649032087,0.7784507690000001,415.544425,118.26508700000001,533.809512,1,-0.032562645,0.9991475790000001,-0.025367887999999998,0.468652041,-0.18767888,-0.031042369,-0.981740143,1.07306827,-0.981690435,-0.027207315,0.18852979,0.7182048879999999,0.0,0.0,0.0,1.0
34,1790406307530767000,RL_thigh,1790406307115222575,1790406307649032087,0.7784507690000001,415.544425,118.26508700000001,533.809512,1,0.006940826,0.99914949,-0.040643082999999997,0.564069804,0.7756579990000001,-0.031031034,-0.630390706,1.070103751,-0.631115654,-0.027149976,-0.775213351,0.715606612,0.0,0.0,0.0,1.0
34,1790406307530767000,RL_calf,1790406307115222575,1790406307649032087,0.7784507690000001,415.544425,118.26508700000001,533.809512,1,-0.039203477,0.999149504,-0.012770894,0.572712229,-0.5110381820000001,-0.031030952,-0.8589981109999999,1.204324637,-0.858663495,-0.027149574,0.511820019,0.880662077,0.0,0.0,0.0,1.0
34,1790406307530767000,RL_calflower,1790406307115222575,1790406307649032087,0.7784507690000001,415.544425,118.26508700000001,533.809512,1,-0.038516204,0.999149504,-0.014714291000000001,0.573821577,-0.467467505,-0.031030952,-0.883465851,1.3211873459999999,-0.883170729,-0.027149574,0.46826508899999997,0.7877759520000001,0.0,0.0,0.0,1.0
34,1790406307530767000,RL_calflower1,1790406307115222575,1790406307649032087,0.7784507690000001,415.544425,118.26508700000001,533.809512,1,-0.027368924,0.999149504,-0.030837482000000003,0.574794959,-0.006675171,-0.031030952,-0.999496484,1.3611843319999999,-0.999603019,-0.027149574,0.007518906,0.7778808620000001,0.0,0.0,0.0,1.0
34,1790406307530767000,RL_foot,1790406307115222575,1790406307649032087,0.7784507690000001,415.544425,118.26508700000001,533.809512,1,-0.039203477,0.999149504,-0.012770894,0.575435155,-0.5110381820000001,-0.031030952,-0.8589981109999999,1.387216042,-0.858663495,-0.027149574,0.511820019,0.7716871059999999,0.0,0.0,0.0,1.0
34,1790406307530767000,RR_hip,1790406307115222575,1790406307649032087,0.7784507690000001,415.544425,118.26508700000001,533.809512,1,-0.032562645,0.986416434,-0.161003205,0.3758713,-0.18767888,-0.164257791,-0.968399047,1.079156795,-0.981690435,-0.001316997,0.19047830600000001,0.720118448,0.0,0.0,0.0,1.0
34,1790406307530767000,RR_thigh,1790406307115222575,1790406307649032087,0.7784507690000001,415.544425,118.26508700000001,533.809512,1,0.1223741,0.9864165009999999,-0.109575571,0.28166866399999996,0.7401866979999999,-0.164257406,-0.652030563,1.094843392,-0.66117223,-0.00131499,-0.7502328859999999,0.720244221,0.0,0.0,0.0,1.0
34,1790406307530767000,RR_calf,1790406307115222575,1790406307649032087,0.7784507690000001,415.544425,118.26508700000001,533.809512,1,-0.09784142,0.986416417,-0.131944871,0.30500779699999997,-0.5810872189999999,-0.164257891,-0.7970932740000001,1.233725407,-0.807938533,-0.001317524,0.5892651529999999,0.880043384,0.0,0.0,0.0,1.0
34,1790406307530767000,RR_calflower,1790406307115222575,1790406307649032087,0.7784507690000001,415.544425,118.26508700000001,533.809512,1,-0.091124649,0.986416417,-0.13667000699999998,0.322578733,-0.540522951,-0.164257891,-0.825139372,1.340073281,-0.8363798029999999,-0.001317524,0.548148628,0.7766734259999999,0.0,0.0,0.0,1.0
34,1790406307530767000,RR_calflower1,1790406307115222575,1790406307649032087,0.7784507690000001,415.544425,118.26508700000001,533.809512,1,-0.017715738,0.986416417,-0.163305067,0.328956767,-0.098408934,-0.164257891,-0.9814966759999999,1.3784840219999999,-0.9949882609999999,-0.001317524,0.09998227400000001,0.763111293,0.0,0.0,0.0,1.0
34,1790406307530767000,RR_foot,1790406307115222575,1790406307649032087,0.7784507690000001,415.544425,118.26508700000001,533.809512,1,-0.09784142,0.986416417,-0.131944871,0.33311195600000004,-0.5810872189999999,-0.164257891,-0.7970932740000001,1.4035059840000002,-0.807938533,-0.001317524,0.5892651529999999,0.754529985,0.0,0.0,0.0,1.0
35,1790406307598765000,FL_hip,1790406307115222575,1790406307649032087,0.905833287,483.542425,50.267087,533.809512,1,-0.04066507,0.9989895590000001,-0.019129639,0.445606175,-0.193604775,-0.026660597999999997,-0.9807176470000001,1.003646111,-0.98023637,-0.036177633,0.19449338100000002,0.332700035,0.0,0.0,0.0,1.0
35,1790406307598765000,FL_thigh,1790406307115222575,1790406307649032087,0.905833287,483.542425,50.267087,533.809512,1,-0.044711542,0.9989908040000001,-0.004240455,0.5410075120000001,-0.514244798,-0.026654554,-0.8572295609999999,1.001100095,-0.856477142,-0.036147694,0.514917553,0.329245147,0.0,0.0,0.0,1.0
35,1790406307598765000,FL_calf,1790406307115222575,1790406307649032087,0.905833287,483.542425,50.267087,533.809512,1,-0.002124904,0.99899147,0.044847051,0.5419126470000001,-0.8319211329999999,-0.026651227000000003,0.554254128,1.1836778940000001,0.554890321,-0.036131743,0.8311384159999999,0.219572995,0.0,0.0,0.0,1.0
35,1790406307598765000,FL_calflower,1790406307115222575,1790406307649032087,0.905833287,483.542425,50.267087,533.809512,1,-0.0043636659999999996,0.99899147,0.044684802999999995,0.535239627,-0.858582609,-0.026651227000000003,0.511982728,1.085020681,0.5126572460000001,-0.036131744,0.857832666,0.107672721,0.0,0.0,0.0,1.0
35,1790406307598765000,FL_calflower1,1790406307115222575,1790406307649032087,0.905833287,483.542425,50.267087,533.809512,1,-0.024505061,0.99899147,0.037620144,0.5334979670000001,-0.997981377,-0.026651227000000003,0.057650510999999995,1.073128307,0.058595113,-0.036131744,0.99762766,0.068236591,0.0,0.0,0.0,1.0
35,1790406307598765000,FL_foot,1790406307115222575,1790406307649032087,0.905833287,483.542425,50.267087,533.809512,1,-0.002124904,0.99899147,0.044847051,0.532370524,-0.8319211329999999,-0.026651227000000003,0.554254128,1.0656343879999999,0.554890321,-0.036131743,0.8311384159999999,0.042557109,0.0,0.0,0.0,1.0
35,1790406307598765000,FR_hip,1790406307115222575,1790406307649032087,0.905833287,483.542425,50.267087,533.809512,1,-0.04066507,0.9863824590000001,-0.15936037,0.352763438,-0.193604775,-0.164248211,-0.967233382,1.008171034,-0.98023637,-0.008479941,0.19764763300000002,0.33565792899999997,0.0,0.0,0.0,1.0
35,1790406307598765000,FR_thigh,1790406307115222575,1790406307649032087,0.905833287,483.542425,50.267087,533.809512,1,-0.09704219,0.986387261,-0.132750578,0.25857338399999996,-0.540316125,-0.164225517,-0.8252812629999999,1.0238552859999999,-0.83584761,-0.00836008,0.548897731,0.33646765700000003,0.0,0.0,0.0,1.0
35,1790406307598765000,FR_calf,1790406307115222575,1790406307649032087,0.905833287,483.542425,50.267087,533.809512,1,-0.131080285,0.98638719,0.099287468,0.286852753,-0.815973115,-0.16422585,0.554272898,1.199593698,0.563033233,-0.008361911999999999,0.826391853,0.21957382600000003,0.0,0.0,0.0,1.0
35,1790406307598765000,FR_calflower,1790406307115222575,1790406307649032087,0.905833287,483.542425,50.267087,533.809512,1,-0.135878774,0.98638719,0.092612101,0.269555207,-0.84265546,-0.164225849,0.5127985420000001,1.1012616579999999,0.521027209,-0.008361911999999999,0.853499012,0.108542587,0.0,0.0,0.0,1.0
35,1790406307598765000,FR_calflower1,1790406307115222575,1790406307649032087,0.905833287,483.542425,50.267087,533.809512,1,-0.16329012199999998,0.98638719,0.019400475,0.267214787,-0.984230803,-0.164225849,0.06572896,1.089177866,0.06802042,-0.008361911999999999,0.997648805,0.069197837,0.0,0.0,0.0,1.0
35,1790406307598765000,FR_foot,1790406307115222575,1790406307649032087,0.905833287,483.542425,50.267087,533.809512,1,-0.131080285,0.98638719,0.099287468,0.265731826,-0.815973115,-0.16422585,0.554272898,1.081555958,0.563033233,-0.008361911999999999,0.826391853,0.04357551,0.0,0.0,0.0,1.0
35,1790406307598765000,RL_hip,1790406307115222575,1790406307649032087,0.905833287,483.542425,50.267087,533.809512,1,-0.04066507,0.999159142,-0.005204884,0.461335424,-0.193604775,-0.012989767,-0.980993963,1.0785324379999999,-0.98023637,-0.038884769,0.193970284,0.711855463,0.0,0.0,0.0,1.0
35,1790406307598765000,RL_thigh,1790406307115222575,1790406307649032087,0.905833287,483.542425,50.267087,533.809512,1,-0.014996466000000002,0.999160319,-0.038124698,0.5567547110000001,0.76670691,-0.012983908999999998,-0.641866521,1.077291921,-0.641822473,-0.03885647,-0.7658680859999999,0.7081419840000001,0.0,0.0,0.0,1.0
35,1790406307598765000,RL_calf,1790406307115222575,1790406307649032087,0.905833287,483.542425,50.267087,533.809512,1,-0.0398979,0.999160328,0.009302021,0.564868157,-0.523743871,-0.012983866,-0.851777245,1.2139832179999999,-0.850940923,-0.038856272000000004,0.523822082,0.871240048,0.0,0.0,0.0,1.0
35,1790406307598765000,RL_calflower,1790406307115222575,1790406307649032087,0.905833287,483.542425,50.267087,533.809512,1,-0.040312946,0.999160328,0.007296331999999999,0.562695772,-0.480518209,-0.012983866,-0.8768890290000001,1.329547695,-0.8760576609999999,-0.038856272000000004,0.48063812,0.7767137909999999,0.0,0.0,0.0,1.0
35,1790406307598765000,RL_calflower1,1790406307115222575,1790406307649032087,0.905833287,483.542425,50.267087,533.809512,1,-0.039126672,0.999160328,-0.01214387,0.562807038,-0.021288117999999998,-0.012983866,-0.9996894190000001,1.3694203790000001,-0.999007372,-0.038856272000000004,0.021778388,0.766250793,0.0,0.0,0.0,1.0
35,1790406307598765000,RL_foot,1790406307115222575,1790406307649032087,0.905833287,483.542425,50.267087,533.809512,1,-0.0398979,0.999160328,0.009302021,0.562889072,-0.523743871,-0.012983866,-0.851777245,1.39537479,-0.850940923,-0.038856272000000004,0.523822082,0.759687345,0.0,0.0,0.0,1.0
35,1790406307598765000,RR_hip,1790406307115222575,1790406307649032087,0.905833287,483.542425,50.267087,533.809512,1,-0.04066507,0.9890618090000001,-0.141784417,0.36849268700000004,-0.193604775,-0.147012204,-0.970002733,1.0830573609999998,-0.98023637,-0.011995348000000001,0.19746546,0.714813357,0.0,0.0,0.0,1.0
35,1790406307598765000,RR_thigh,1790406307115222575,1790406307649032087,0.905833287,483.542425,50.267087,533.809512,1,0.10161787800000001,0.98906185,-0.10691208599999999,0.27403735100000004,0.7380804240000001,-0.147012008,-0.658502434,1.097097016,-0.667016925,-0.011994356999999999,-0.7449459,0.7159589120000001,0.0,0.0,0.0,1.0
35,1790406307598765000,RR_calf,1790406307115222575,1790406307649032087,0.905833287,483.542425,50.267087,533.809512,1,-0.096995372,0.9890617979999999,-0.111123301,0.296809397,-0.5869778929999999,-0.147012256,-0.796143862,1.237357785,-0.803771624,-0.011995608,0.594816879,0.874632174,0.0,0.0,0.0,1.0
35,1790406307598765000,RR_calflower,1790406307115222575,1790406307649032087,0.905833287,483.542425,50.267087,533.809512,1,-0.091320303,0.9890617979999999,-0.11583217400000001,0.311315703,-0.546453714,-0.147012255,-0.824485557,1.343447426,-0.832495572,-0.011995608,0.553901675,0.770523872,0.0,0.0,0.0,1.0
35,1790406307598765000,RR_calflower1,1790406307115222575,1790406307649032087,0.905833287,483.542425,50.267087,533.809512,1,-0.027511759,0.9890617979999999,-0.14491236400000002,0.316862187,-0.10397141,-0.147012256,-0.983655449,1.381891354,-0.9941996040000001,-0.011995608,0.106878855,0.756692768,0.0,0.0,0.0,1.0
35,1790406307598765000,RR_foot,1790406307115222575,1790406307649032087,0.905833287,483.542425,50.267087,533.809512,1,-0.096995372,0.9890617979999999,-0.111123301,0.320478615,-0.5869778929999999,-0.147012256,-0.796143862,1.406936283,-0.803771624,-0.011995608,0.594816879,0.7479362190000001,0.0,0.0,0.0,1.0
36,1790406307666761000,FL_hip,1790406307649032087,1790406307713724219,0.274050529,17.728913000000002,46.963219,64.692132,0,-0.03101791,0.9992964059999999,-0.021078877000000003,0.431252189,-0.176510479,-0.026233914,-0.983949458,0.996656353,-0.983809808,-0.026799687000000003,0.177200073,0.344218143,0.0,0.0,0.0,1.0
36,1790406307666761000,FL_thigh,1790406307649032087,1790406307713724219,0.274050529,17.728913000000002,46.963219,64.692132,0,-0.036242284,0.999293289,-0.009957667,0.52668338,-0.483435989,-0.026252121,-0.874986385,0.994151054,-0.8746290990000001,-0.026897885,0.484045732,0.341658817,0.0,0.0,0.0,1.0
36,1790406307666761000,FL_calf,1790406307649032087,1790406307713724219,0.274050529,17.728913000000002,46.963219,64.692132,0,-0.007582945,0.999295787,0.036744604,0.528796745,-0.841301248,-0.026237456,0.539930096,1.180409429,0.540513889,-0.026819295,0.84090742,0.23861734199999998,0.0,0.0,0.0,1.0
36,1790406307666761000,FL_calflower,1790406307649032087,1790406307713724219,0.274050529,17.728913000000002,46.963219,64.692132,0,-0.009409932,0.999295787,0.036319694,0.52320446,-0.867235098,-0.026237456,0.497207787,1.083677321,0.49781053299999994,-0.026819295,0.86687094,0.12497583699999999,0.0,0.0,0.0,1.0
36,1790406307666761000,FL_calflower1,1790406307649032087,1790406307713724219,0.274050529,17.728913000000002,46.963219,64.692132,0,-0.025118241,0.999295787,0.027870073,0.521844987,-0.9988333309999999,-0.026237456,0.040549674,1.072461706,0.041252467,-0.026819296,0.99878866,0.085323836,0.0,0.0,0.0,1.0
36,1790406307666761000,FL_foot,1790406307649032087,1790406307713724219,0.274050529,17.728913000000002,46.963219,64.692132,0,-0.007582945,0.999295787,0.036744604,0.520966425,-0.841301248,-0.026237456,0.539930096,1.06540845,0.540513889,-0.026819295,0.84090742,0.059508132000000005,0.0,0.0,0.0,1.0
36,1790406307666761000,FR_hip,1790406307649032087,1790406307713724219,0.274050529,17.728913000000002,46.963219,64.692132,0,-0.03101791,0.9832936320000001,-0.179363484,0.338409777,-0.176510479,-0.182018225,-0.9673231720000001,1.001673882,-0.983809808,0.0016549310000000001,0.179207562,0.34624511700000005,0.0,0.0,0.0,1.0
36,1790406307666761000,FR_thigh,1790406307649032087,1790406307713724219,0.274050529,17.728913000000002,46.963219,64.692132,0,-0.096264321,0.983290746,-0.154506394,0.24451317,-0.527234632,-0.182034633,-0.8299926129999999,1.019055118,-0.844249224,0.0015621860000000001,0.535948351,0.346087091,0.0,0.0,0.0,1.0
36,1790406307666761000,FR_calf,1790406307649032087,1790406307713724219,0.274050529,17.728913000000002,46.963219,64.692132,0,-0.153851934,0.983293967,0.097274322,0.277408893,-0.826183716,-0.182016318,0.533189675,1.195810401,0.5419876779999999,0.001665542,0.84038468,0.23194509100000002,0.0,0.0,0.0,1.0
36,1790406307666761000,FR_calflower,1790406307649032087,1790406307713724219,0.274050529,17.728913000000002,46.963219,64.692132,0,-0.158521349,0.983293967,0.089463363,0.259937813,-0.851799579,-0.182016318,0.49123135100000004,1.100380655,0.499308606,0.001665542,0.866422512,0.118406934,0.0,0.0,0.0,1.0
36,1790406307666761000,FR_calflower1,1790406307649032087,1790406307713724219,0.274050529,17.728913000000002,46.963219,64.692132,0,-0.181919949,0.983293967,0.00615169,0.257944991,-0.98238231,-0.182016318,0.042376408,1.089249655,0.042788325,0.001665542,0.9990826859999999,0.078756943,0.0,0.0,0.0,1.0
36,1790406307666761000,FR_foot,1790406307649032087,1790406307713724219,0.274050529,17.728913000000002,46.963219,64.692132,0,-0.153851934,0.983293967,0.097274322,0.256692841,-0.826183716,-0.182016318,0.533189675,1.082247407,0.5419876779999999,0.001665542,0.84038468,0.052942172,0.0,0.0,0.0,1.0
36,1790406307666761000,RL_hip,1790406307649032087,1790406307713724219,0.274050529,17.728913000000002,46.963219,64.692132,0,-0.03101791,0.999422527,-0.013865025,0.44324991700000005,-0.176510479,-0.019130709,-0.9841131890000001,1.064930606,-0.983809808,-0.028078086000000002,0.17700200600000002,0.724755777,0.0,0.0,0.0,1.0
36,1790406307666761000,RL_thigh,1790406307649032087,1790406307713724219,0.274050529,17.728913000000002,46.963219,64.692132,0,-0.003274742,0.99942189,-0.033836345,0.538694304,0.76851294,-0.019134289,-0.639548624,1.0631036329999999,-0.63982622,-0.0280983,-0.768005677,0.722074333,0.0,0.0,0.0,1.0
36,1790406307666761000,RL_calf,1790406307649032087,1790406307713724219,0.274050529,17.728913000000002,46.963219,64.692132,0,-0.034009397000000004,0.9994207190000001,-0.00115048,0.545904591,-0.533884622,-0.019140651,-0.8453410840000001,1.1993150320000001,-0.844873086,-0.028135592,0.534226248,0.8856454,0.0,0.0,0.0,1.0
36,1790406307666761000,RL_calflower,1790406307649032087,1790406307713724219,0.274050529,17.728913000000002,46.963219,64.692132,0,-0.033909395,0.9994207190000001,-0.0028488040000000004,0.545390498,-0.49096796,-0.019140651,-0.8709677379999999,1.313668021,-0.870517399,-0.028135592,0.491332549,0.789750893,0.0,0.0,0.0,1.0
36,1790406307666761000,RL_calflower1,1790406307649032087,1790406307713724219,0.274050529,17.728913000000002,46.963219,64.692132,0,-0.028761942999999998,0.9994207190000001,-0.018185527,0.545842942,-0.033291323,-0.019140651,-0.9992627409999999,1.353388485,-0.999031653,-0.028135592,0.03382267,0.778810825,0.0,0.0,0.0,1.0
36,1790406307666761000,RL_foot,1790406307649032087,1790406307713724219,0.274050529,17.728913000000002,46.963219,64.692132,0,-0.034009397000000004,0.9994207190000001,-0.00115048,0.546144482,-0.533884622,-0.019140651,-0.8453410840000001,1.379246776,-0.844873086,-0.028135592,0.534226248,0.771936781,0.0,0.0,0.0,1.0
36,1790406307666761000,RR_hip,1790406307649032087,1790406307713724219,0.274050529,17.728913000000002,46.963219,64.692132,0,-0.03101791,0.9900764940000001,-0.137062619,0.350407505,-0.176510479,-0.140399288,-0.974234465,1.069948135,-0.983809808,-0.006025993,0.179113865,0.7267827509999999,0.0,0.0,0.0,1.0
36,1790406307666761000,RR_thigh,1790406307649032087,1790406307713724219,0.274050529,17.728913000000002,46.963219,64.692132,0,0.099563521,0.990091513,-0.09902342,0.255873644,0.729206045,-0.140313933,-0.669754617,1.083353775,-0.6770126329999999,-0.005525613,-0.735950535,0.727358099,0.0,0.0,0.0,1.0
36,1790406307666761000,RR_calf,1790406307649032087,1790406307713724219,0.274050529,17.728913000000002,46.963219,64.692132,0,-0.08915593599999999,0.9900910340000001,-0.10849285300000001,0.276846237,-0.597623682,-0.14031665,-0.789403493,1.225808772,-0.796804338,-0.005542374,0.6042118479999999,0.883916282,0.0,0.0,0.0,1.0
36,1790406307666761000,RR_calflower,1790406307649032087,1790406307713724219,0.274050529,17.728913000000002,46.963219,64.692132,0,-0.083622132,0.9900910340000001,-0.112813205,0.29114334,-0.557423077,-0.14031665,-0.81828568,1.330531794,-0.8260065459999999,-0.005542374,0.563633122,0.778692827,0.0,0.0,0.0,1.0
36,1790406307666761000,RR_calflower1,1790406307649032087,1790406307713724219,0.274050529,17.728913000000002,46.963219,64.692132,0,-0.022077617999999997,0.9900910340000001,-0.13867969900000002,0.296488794,-0.11656415199999999,-0.14031665,-0.983221612,1.36878218,-0.992937651,-0.005542374,0.118507095,0.764427321,0.0,0.0,0.0,1.0
36,1790406307666761000,RR_foot,1790406307649032087,1790406307713724219,0.274050529,17.728913000000002,46.963219,64.692132,0,-0.08915593599999999,0.9900910340000001,-0.10849285300000001,0.29997292600000003,-0.597623682,-0.14031665,-0.789403493,1.393704228,-0.796804338,-0.005542374,0.6042118479999999,0.755387452,0.0,0.0,0.0,1.0
37,1790406307730763000,FL_hip,1790406307713724219,1790406307791295563,0.219653033,17.038781,60.532563,77.571344,0,-0.021831432,0.999751108,0.0045668,0.42507562600000004,-0.195360038,0.00021395,-0.9807319240000001,0.999841807,-0.9804884709999999,-0.022303233999999998,0.195306809,0.341513545,0.0,0.0,0.0,1.0
37,1790406307730763000,FL_thigh,1790406307713724219,1790406307791295563,0.219653033,17.038781,60.532563,77.571344,0,-0.022033228999999998,0.999709717,0.009734643000000001,0.520462104,-0.41084216799999995,-0.00017701,-0.9117068490000001,0.999860495,-0.9114401329999999,-0.024087529,0.410726796,0.33938593200000006,0.0,0.0,0.0,1.0
37,1790406307730763000,FL_calf,1790406307713724219,1790406307791295563,0.219653033,17.038781,60.532563,77.571344,0,0.012420055,0.999773653,0.017266413,0.5183491410000001,-0.82286623,0.000408826,0.568235602,1.1931625590000001,0.568099852,-0.021265747999999998,0.822684722,0.25222760699999996,0.0,0.0,0.0,1.0
37,1790406307730763000,FL_calflower,1790406307713724219,1790406307791295563,0.219653033,17.038781,60.532563,77.571344,0,0.011541573000000001,0.999773653,0.017865579,0.516173132,-0.850237805,0.000408826,0.526399284,1.092805702,0.526272776,-0.021265747999999998,0.850049739,0.141942774,0.0,0.0,0.0,1.0
37,1790406307730763000,FL_calflower1,1790406307713724219,1790406307791295563,0.219653033,17.038781,60.532563,77.571344,0,0.001987364,0.999773653,0.021176336,0.515386777,-0.9972368429999999,0.000408826,0.07429138,1.080274338,0.07426601299999999,-0.021265747999999998,0.9970116109999999,0.102722016,0.0,0.0,0.0,1.0
37,1790406307730763000,FL_foot,1790406307713724219,1790406307791295563,0.219653033,17.038781,60.532563,77.571344,0,0.012420055,0.999773653,0.017266413,0.514874517,-0.82286623,0.000408826,0.568235602,1.072363891,0.568099852,-0.021265747999999998,0.822684722,0.07717891,0.0,0.0,0.0,1.0
37,1790406307730763000,FR_hip,1790406307713724219,1790406307791295563,0.219653033,17.038781,60.532563,77.571344,0,-0.021831432,0.9783248640000001,-0.205921329,0.33224408,-0.195360038,-0.20617434199999998,-0.958815568,1.005352031,-0.9804884709999999,0.01929622,0.195626787,0.34248264700000003,0.0,0.0,0.0,1.0
37,1790406307730763000,FR_thigh,1790406307713724219,1790406307791295563,0.219653033,17.038781,60.532563,77.571344,0,-0.10105915,0.978324678,-0.180741851,0.23881420899999997,-0.556675374,-0.206175988,-0.804738895,1.025041648,-0.824560194,0.019288047,0.565445208,0.340639861,0.0,0.0,0.0,1.0
37,1790406307730763000,FR_calf,1790406307713724219,1790406307791295563,0.219653033,17.038781,60.532563,77.571344,0,-0.182373605,0.9783247840000001,0.09808277,0.277309866,-0.813742968,-0.20617505600000002,0.543428861,1.196443625,0.551872131,0.019292655,0.833705445,0.220205122,0.0,0.0,0.0,1.0
37,1790406307730763000,FR_calflower,1790406307713724219,1790406307791295563,0.219653033,17.038781,60.532563,77.571344,0,-0.18704778100000002,0.9783247840000001,0.088845311,0.259145852,-0.8398861240000001,-0.20617505600000002,0.502079519,1.099742281,0.5095145289999999,0.019292654,0.8602456409999999,0.10785502699999999,0.0,0.0,0.0,1.0
37,1790406307730763000,FR_calflower1,1790406307713724219,1790406307791295563,0.219653033,17.038781,60.532563,77.571344,0,-0.206937347,0.9783247840000001,-0.00756943,0.257462386,-0.9768245940000001,-0.20617505600000002,0.057500062000000005,1.088058092,0.054693277,0.019292654,0.9983167159999999,0.06835036900000001,0.0,0.0,0.0,1.0
37,1790406307730763000,FR_foot,1790406307713724219,1790406307791295563,0.219653033,17.038781,60.532563,77.571344,0,-0.182373605,0.9783247840000001,0.09808277,0.256417727,-0.813742968,-0.20617505600000002,0.543428861,1.080694477,0.551872131,0.019292655,0.833705445,0.042627245999999994,0.0,0.0,0.0,1.0
37,1790406307730763000,RL_hip,1790406307713724219,1790406307791295563,0.219653033,17.038781,60.532563,77.571344,0,-0.021831432,0.9994091009999999,-0.026543971,0.433520024,-0.195360038,-0.030302906,-0.980263683,1.0754070690000002,-0.9804884709999999,-0.016215208000000002,0.19590623,0.720766485,0.0,0.0,0.0,1.0
37,1790406307730763000,RL_thigh,1790406307713724219,1790406307791295563,0.219653033,17.038781,60.532563,77.571344,0,0.011418061,0.9994089290000001,-0.032421667,0.5289634910000001,0.737835569,-0.030304426000000002,-0.6743003870000001,1.072513145,-0.674884239,-0.016222936,-0.73774515,0.719217935,0.0,0.0,0.0,1.0
37,1790406307730763000,RL_calf,1790406307713724219,1790406307791295563,0.219653033,17.038781,60.532563,77.571344,0,-0.031474213,0.999408485,-0.013849108999999998,0.535870328,-0.616036326,-0.030308223999999998,-0.787134903,1.216130634,-0.7870887109999999,-0.016243177,0.616625774,0.876348625,0.0,0.0,0.0,1.0
37,1790406307730763000,RL_calflower,1790406307713724219,1790406307791295563,0.219653033,17.038781,60.532563,77.571344,0,-0.030742712000000002,0.999408485,-0.015404857,0.537286947,-0.575926092,-0.030308223999999998,-0.816940173,1.320228744,-0.816923499,-0.016243177,0.576517113,0.7694282990000001,0.0,0.0,0.0,1.0
37,1790406307730763000,RL_calflower1,1790406307713724219,1790406307791295563,0.219653033,17.038781,60.532563,77.571344,0,-0.020154987,0.999408485,-0.027860374,0.538209634,-0.13359756,-0.030308223999999998,-0.990572461,1.358636814,-0.990830593,-0.016243177,0.134129492,0.75454859,0.0,0.0,0.0,1.0
37,1790406307730763000,RL_foot,1790406307713724219,1790406307791295563,0.219653033,17.038781,60.532563,77.571344,0,-0.031474213,0.999408485,-0.013849108999999998,0.5388150829999999,-0.616036326,-0.030308223999999998,-0.787134903,1.38366567,-0.7870887109999999,-0.016243177,0.616625774,0.745108595,0.0,0.0,0.0,1.0
37,1790406307730763000,RR_hip,1790406307713724219,1790406307791295563,0.219653033,17.038781,60.532563,77.571344,0,-0.021831432,0.99248154,-0.12043058400000001,0.34068847799999996,-0.195360038,-0.122372038,-0.973067437,1.080917293,-0.9804884709999999,0.002283597,0.19656288800000002,0.7217355870000001,0.0,0.0,0.0,1.0
37,1790406307730763000,RR_thigh,1790406307713724219,1790406307791295563,0.219653033,17.038781,60.532563,77.571344,0,0.081793907,0.992477959,-0.091087885,0.245918642,0.650124016,-0.122404044,-0.7499044690000001,1.092602238,-0.755413057,0.002118924,-0.655245336,0.7215175490000001,0.0,0.0,0.0,1.0
37,1790406307730763000,RR_calf,1790406307713724219,1790406307791295563,0.219653033,17.038781,60.532563,77.571344,0,-0.084605662,0.992472221,-0.088546695,0.2653414,-0.6964034459999999,-0.12245511099999999,-0.707126356,1.25227641,-0.712645926,0.001837059,0.701521372,0.861057898,0.0,0.0,0.0,1.0
37,1790406307730763000,RR_calflower,1790406307713724219,1790406307791295563,0.219653033,17.038781,60.532563,77.571344,0,-0.080074436,0.992472221,-0.092664555,0.276687462,-0.660191536,-0.12245511099999999,-0.7410482979999999,1.3428547119999998,-0.74681676,0.001837059,0.665027201,0.743175576,0.0,0.0,0.0,1.0
37,1790406307730763000,RR_calflower1,1790406307713724219,1790406307791295563,0.219653033,17.038781,60.532563,77.571344,0,-0.028235057,0.992472221,-0.11916969699999999,0.281180659,-0.243385868,-0.12245511099999999,-0.9621687809999999,1.3790370840000001,-0.969518387,0.001837059,0.245011323,0.724075778,0.0,0.0,0.0,1.0
37,1790406307730763000,RR_foot,1790406307713724219,1790406307791295563,0.219653033,17.038781,60.532563,77.571344,0,-0.084605662,0.992472221,-0.088546695,0.284111883,-0.6964034459999999,-0.12245511099999999,-0.707126356,1.4026443869999998,-0.712645926,0.001837059,0.701521372,0.711883904,0.0,0.0,0.0,1.0
38,1790406307798768000,FL_hip,1790406307791295563,1790406307853651419,0.119835369,7.472436999999999,54.883418999999996,62.355856,0,-0.018274537,0.996628834,0.0799797,0.42453413799999995,-0.217248255,0.074123948,-0.9732982729999999,1.001207525,-0.9759452,-0.035162317,0.215161352,0.334342988,0.0,0.0,0.0,1.0
38,1790406307798768000,FL_thigh,1790406307791295563,1790406307853651419,0.119835369,7.472436999999999,54.883418999999996,62.355856,0,-0.012328715,0.9966244120000001,0.08116359299999999,0.5196931539999999,-0.291128259,0.074075713,-0.953812255,1.008285237,-0.9566044909999999,-0.035388586,0.289232303,0.330985593,0.0,0.0,0.0,1.0
38,1790406307798768000,FL_calf,1790406307791295563,1790406307853651419,0.119835369,7.472436999999999,54.883418999999996,62.355856,0,0.078981517,0.9966298729999999,-0.022148603,0.5024066979999999,-0.751731571,0.074136565,0.655289331,1.211351481,0.654722835,-0.035106232,0.755053237,0.269405538,0.0,0.0,0.0,1.0
38,1790406307798768000,FL_calflower,1790406307791295563,1790406307853651419,0.119835369,7.472436999999999,54.883418999999996,62.355856,0,0.079989779,0.9966298729999999,-0.018173493,0.507270084,-0.783542918,0.074136565,0.61689947,1.099353286,0.616167668,-0.035106232,0.786832121,0.17074973,0.0,0.0,0.0,1.0
38,1790406307798768000,FL_calflower1,1790406307791295563,1790406307853651419,0.119835369,7.472436999999999,54.883418999999996,62.355856,0,0.079342669,0.9966298729999999,0.020817818000000002,0.507199346,-0.9798699190000001,0.074136565,0.18536289600000003,1.082514709,0.18319490600000002,-0.035106232,0.982449494,0.13311497,0.0,0.0,0.0,1.0
38,1790406307798768000,FL_foot,1790406307791295563,1790406307853651419,0.119835369,7.472436999999999,54.883418999999996,62.355856,0,0.078981517,0.9966298729999999,-0.022148603,0.50713378,-0.751731571,0.074136565,0.655289331,1.071797315,0.654722835,-0.035106232,0.755053237,0.108577156,0.0,0.0,0.0,1.0
38,1790406307798768000,FR_hip,1790406307791295563,1790406307853651419,0.119835369,7.472436999999999,54.883418999999996,62.355856,0,-0.018274537,0.979880463,-0.19874623100000002,0.331690095,-0.217248255,-0.19792180899999998,-0.9558403870000001,1.006563176,-0.9759452,0.025709468,0.216494386,0.334889331,0.0,0.0,0.0,1.0
38,1790406307798768000,FR_thigh,1790406307791295563,1790406307853651419,0.119835369,7.472436999999999,54.883418999999996,62.355856,0,-0.091253518,0.979879701,-0.177505807,0.238114169,-0.558677136,-0.197930623,-0.80542164,1.025464188,-0.82434979,0.025670613999999998,0.5654982510000001,0.332434143,0.0,0.0,0.0,1.0
38,1790406307798768000,FR_calf,1790406307791295563,1790406307853651419,0.119835369,7.472436999999999,54.883418999999996,62.355856,0,-0.177715892,0.979880572,0.090834304,0.275916743,-0.8066037359999999,-0.197920505,0.556972691,1.197004535,0.563744692,0.025715345,0.825548589,0.211990845,0.0,0.0,0.0,1.0
38,1790406307798768000,FR_calflower,1790406307791295563,1790406307853651419,0.119835369,7.472436999999999,54.883418999999996,62.355856,0,-0.182033616,0.979880572,0.081838693,0.25892014,-0.833432724,-0.197920505,0.515963235,1.098442482,0.521779925,0.025715345,0.85269236,0.101084256,0.0,0.0,0.0,1.0
38,1790406307798768000,FR_calflower1,1790406307791295563,1790406307853651419,0.119835369,7.472436999999999,54.883418999999996,62.355856,0,-0.199254297,0.979880572,-0.011468829,0.257467193,-0.977511672,-0.197920504,0.072794894,1.086138346,0.069060569,0.025715346,0.997280897,0.061758797000000004,0.0,0.0,0.0,1.0
38,1790406307798768000,FR_foot,1790406307791295563,1790406307853651419,0.119835369,7.472436999999999,54.883418999999996,62.355856,0,-0.177715892,0.979880572,0.090834304,0.25657066300000003,-0.8066037359999999,-0.197920505,0.556972691,1.0783714340000001,0.563744692,0.025715345,0.825548589,0.036148762,0.0,0.0,0.0,1.0
38,1790406307798768000,RL_hip,1790406307791295563,1790406307853651419,0.119835369,7.472436999999999,54.883418999999996,62.355856,0,-0.018274537,0.9995041490000001,-0.025636747999999997,0.43160272899999996,-0.217248255,-0.028997832,-0.975685919,1.08523915,-0.9759452,-0.012260953,0.217670542,0.7118385909999999,0.0,0.0,0.0,1.0
38,1790406307798768000,RL_thigh,1790406307791295563,1790406307853651419,0.119835369,7.472436999999999,54.883418999999996,62.355856,0,0.011801957,0.999504822,-0.02916452,0.52705312,0.70564717,-0.028989922999999997,-0.707970584,1.08246991,-0.708465384,-0.012224706,-0.705639558,0.7106677,0.0,0.0,0.0,1.0
38,1790406307798768000,RL_calf,1790406307791295563,1790406307853651419,0.119835369,7.472436999999999,54.883418999999996,62.355856,0,-0.028900115,0.999505565,-0.012375513000000001,0.533258174,-0.694450957,-0.028981427,-0.718956631,1.233256243,-0.718959483,-0.012184026,0.6949450629999999,0.860960918,0.0,0.0,0.0,1.0
38,1790406307798768000,RL_calflower,1790406307791295563,1790406307853651419,0.119835369,7.472436999999999,54.883418999999996,62.355856,0,-0.028245479,0.999505565,-0.013804451,0.5345192,-0.657650219,-0.028981427,-0.752766204,1.325746325,-0.752793748,-0.012184026,0.658143565,0.743761445,0.0,0.0,0.0,1.0
38,1790406307798768000,RL_calflower1,1790406307791295563,1790406307853651419,0.119835369,7.472436999999999,54.883418999999996,62.355856,0,-0.018678989,0.999505565,-0.025287651,0.535354553,-0.235720648,-0.028981427,-0.971388977,1.362423018,-0.971641225,-0.012184026,0.236145524,0.724968917,0.0,0.0,0.0,1.0
38,1790406307798768000,RL_foot,1790406307791295563,1790406307853651419,0.119835369,7.472436999999999,54.883418999999996,62.355856,0,-0.028900115,0.999505565,-0.012375513000000001,0.53590278,-0.694450957,-0.028981427,-0.718956631,1.386350247,-0.718959483,-0.012184026,0.6949450629999999,0.712977855,0.0,0.0,0.0,1.0
38,1790406307798768000,RR_hip,1790406307791295563,1790406307853651419,0.119835369,7.472436999999999,54.883418999999996,62.355856,0,-0.018274537,0.989631672,-0.142460311,0.33875868600000003,-0.217248255,-0.143010177,-0.9655837490000001,1.090594801,-0.9759452,0.013303387,0.217609319,0.712384934,0.0,0.0,0.0,1.0
38,1790406307798768000,RR_thigh,1790406307791295563,1790406307853651419,0.119835369,7.472436999999999,54.883418999999996,62.355856,0,0.09786523300000001,0.989629214,-0.10514827,0.244265128,0.604236808,-0.143038784,-0.7838612620000001,1.104250157,-0.790772164,0.013178038999999999,-0.611968588,0.7111146279999999,0.0,0.0,0.0,1.0
38,1790406307798768000,RR_calf,1790406307791295563,1790406307853651419,0.119835369,7.472436999999999,54.883418999999996,62.355856,0,-0.103642501,0.9896266909999999,-0.099483611,0.26667799600000003,-0.773945745,-0.143067093,-0.616879634,1.27117176,-0.624713046,0.013059698,0.780745083,0.841456547,0.0,0.0,0.0,1.0
38,1790406307798768000,RR_calflower,1790406307791295563,1790406307853651419,0.119835369,7.472436999999999,54.883418999999996,62.355856,0,-0.09854086599999999,0.9896266909999999,-0.104539248,0.279296165,-0.7421473829999999,-0.143067093,-0.65478986,1.346948135,-0.662953307,0.013059699,0.7485467159999999,0.713461978,0.0,0.0,0.0,1.0
38,1790406307798768000,RR_calflower1,1790406307791295563,1790406307853651419,0.119835369,7.472436999999999,54.883418999999996,62.355856,0,-0.0391312,0.9896266909999999,-0.138229902,0.284457083,-0.355912639,-0.14306709199999998,-0.9235034879999999,1.380542788,-0.9336995029999999,0.013059698,0.357819104,0.690159358,0.0,0.0,0.0,1.0
38,1790406307798768000,RR_foot,1790406307791295563,1790406307853651419,0.119835369,7.472436999999999,54.883418999999996,62.355856,0,-0.103642501,0.9896266909999999,-0.099483611,0.287825503,-0.773945745,-0.143067093,-0.616879634,1.4024937830000002,-0.624713046,0.013059698,0.780745083,0.675223765,0.0,0.0,0.0,1.0
39,1790406307866762000,FL_hip,1790406307853651419,1790406307919084023,0.20036771,13.110581,52.322023,65.432604,0,-0.019264868,0.999486836,0.025586623,0.434110421,-0.21159375600000002,0.020936045,-0.977133798,0.99814868,-0.977167716,-0.024238608999999998,0.211081913,0.327197904,0.0,0.0,0.0,1.0
39,1790406307866762000,FL_thigh,1790406307853651419,1790406307919084023,0.20036771,13.110581,52.322023,65.432604,0,-0.014876336,0.9994857220000001,0.028403014,0.529561166,-0.368566371,0.02092472,-0.929366279,1.000148068,-0.92948231,-0.024294247,0.368065556,0.324883123,0.0,0.0,0.0,1.0
39,1790406307866762000,FL_calf,1790406307853651419,1790406307919084023,0.20036771,13.110581,52.322023,65.432604,0,0.0314249,0.9994879790000001,0.0060000340000000004,0.523516228,-0.784619758,0.020949633,0.619623791,1.197859278,0.619180748,-0.024179647000000002,0.784876026,0.24658872899999998,0.0,0.0,0.0,1.0
39,1790406307866762000,FL_calflower,1790406307853651419,1790406307919084023,0.20036771,13.110581,52.322023,65.432604,0,0.03108575,0.9994879790000001,0.007563125,0.523265085,-0.81460747,0.020949633,0.5796347789999999,1.090610367,0.579179481,-0.024179646000000003,0.8148412740000001,0.142960695,0.0,0.0,0.0,1.0
39,1790406307866762000,FL_calflower1,1790406307853651419,1790406307919084023,0.20036771,13.110581,52.322023,65.432604,0,0.024080409,0.9994879790000001,0.021063206,0.522655093,-0.99021596,0.020949633,0.137964341,1.07559087,0.137452527,-0.024179647000000002,0.990213097,0.104629835,0.0,0.0,0.0,1.0
39,1790406307866762000,FL_foot,1790406307853651419,1790406307919084023,0.20036771,13.110581,52.322023,65.432604,0,0.0314249,0.9994879790000001,0.0060000340000000004,0.522252188,-0.784619758,0.020949633,0.619623791,1.066059588,0.619180748,-0.024179647000000002,0.784876026,0.079650287,0.0,0.0,0.0,1.0
39,1790406307866762000,FR_hip,1790406307853651419,1790406307919084023,0.20036771,13.110581,52.322023,65.432604,0,-0.019264868,0.986195809,-0.16445800900000002,0.34126387799999996,-0.21159375600000002,-0.164784294,-0.9633664479999999,1.003444875,-0.977167716,0.016238893,0.211847545,0.327881574,0.0,0.0,0.0,1.0
39,1790406307866762000,FR_thigh,1790406307853651419,1790406307919084023,0.20036771,13.110581,52.322023,65.432604,0,-0.074356262,0.986192428,-0.1479709,0.247117141,-0.527437484,-0.164820825,-0.833453352,1.01917641,-0.846333715,0.016072656,0.5324103139999999,0.32633123199999997,0.0,0.0,0.0,1.0
39,1790406307866762000,FR_calf,1790406307853651419,1790406307919084023,0.20036771,13.110581,52.322023,65.432604,0,-0.14506939,0.9861965629999999,0.079818275,0.27860954600000004,-0.8124700709999999,-0.164775982,0.5592333629999999,1.196618032,0.564666142,0.016277416,0.8251587859999999,0.212952463,0.0,0.0,0.0,1.0
39,1790406307866762000,FR_calflower,1790406307853651419,1790406307919084023,0.20036771,13.110581,52.322023,65.432604,0,-0.148877342,0.9861965629999999,0.072468075,0.26390432399999997,-0.839404713,-0.164775981,0.517927889,1.097628424,0.5227197060000001,0.016277416,0.852349097,0.102116976,0.0,0.0,0.0,1.0
39,1790406307866762000,FR_calflower1,1790406307853651419,1790406307919084023,0.20036771,13.110581,52.322023,65.432604,0,-0.165517694,0.9861965629999999,-0.004469642,0.26249619399999996,-0.983716032,-0.164775982,0.071779791,1.085306544,0.070052662,0.016277416,0.997410397,0.06279569900000001,0.0,0.0,0.0,1.0
39,1790406307866762000,FR_foot,1790406307853651419,1790406307919084023,0.20036771,13.110581,52.322023,65.432604,0,-0.14506939,0.9861965629999999,0.079818275,0.261620513,-0.8124700709999999,-0.164775982,0.5592333629999999,1.077529531,0.564666142,0.016277416,0.8251587859999999,0.03718816,0.0,0.0,0.0,1.0
39,1790406307866762000,RL_hip,1790406307853651419,1790406307919084023,0.20036771,13.110581,52.322023,65.432604,0,-0.019264868,0.999814028,0.000721567,0.441562072,-0.21159375600000002,-0.0033716540000000004,-0.9773522440000001,1.079993145,-0.977167716,-0.018981525,0.21161943600000002,0.705166376,0.0,0.0,0.0,1.0
39,1790406307866762000,RL_thigh,1790406307853651419,1790406307919084023,0.20036771,13.110581,52.322023,65.432604,0,-0.011390291,0.999812687,-0.0156396,0.537035232,0.6928345,-0.00338652,-0.721089164,1.079671122,-0.721006935,-0.019049353999999998,-0.6926658290000001,0.703353826,0.0,0.0,0.0,1.0
39,1790406307866762000,RL_calf,1790406307853651419,1790406307919084023,0.20036771,13.110581,52.322023,65.432604,0,-0.015406501000000001,0.9998135509999999,0.011629622,0.540378755,-0.7327885670000001,-0.003376905,-0.680448533,1.233244483,-0.680282075,-0.019005669,0.7327038370000001,0.850886266,0.0,0.0,0.0,1.0
39,1790406307866762000,RL_calflower,1790406307853651419,1790406307919084023,0.20036771,13.110581,52.322023,65.432604,0,-0.015968485,0.9998135509999999,0.010845084,0.538347049,-0.69786452,-0.003376905,-0.716222314,1.319284292,-0.716051828,-0.019005669,0.697788215,0.728843516,0.0,0.0,0.0,1.0
39,1790406307866762000,RL_calflower1,1790406307853651419,1790406307919084023,0.20036771,13.110581,52.322023,65.432604,0,-0.019171999,0.9998135509999999,0.00224562,0.53807265,-0.288265736,-0.003376905,-0.957544858,1.354907953,-0.957358403,-0.019005669,0.28827678100000004,0.708093437,0.0,0.0,0.0,1.0
39,1790406307866762000,RL_foot,1790406307853651419,1790406307919084023,0.20036771,13.110581,52.322023,65.432604,0,-0.015406501000000001,0.9998135509999999,0.011629622,0.537898797,-0.7327885670000001,-0.003376905,-0.680448533,1.378162815,-0.680282075,-0.019005669,0.7327038370000001,0.694824945,0.0,0.0,0.0,1.0
39,1790406307866762000,RR_hip,1790406307853651419,1790406307919084023,0.20036771,13.110581,52.322023,65.432604,0,-0.019264868,0.99603541,-0.086845108,0.34871552899999997,-0.21159375600000002,-0.08895539400000001,-0.973301451,1.08528934,-0.977167716,-0.000374918,0.21246868800000002,0.7058500459999999,0.0,0.0,0.0,1.0
39,1790406307866762000,RR_thigh,1790406307853651419,1790406307919084023,0.20036771,13.110581,52.322023,65.432604,0,0.057288485,0.996034904,-0.068060601,0.25359876600000003,0.644848138,-0.088960949,-0.7591162770000001,1.09378419,-0.762160921,-0.00040040599999999996,-0.647387364,0.7058858440000001,0.0,0.0,0.0,1.0
39,1790406307866762000,RR_calf,1790406307853651419,1790406307919084023,0.20036771,13.110581,52.322023,65.432604,0,-0.06425571,0.9960320979999999,-0.061571167,0.268099381,-0.7149874970000001,-0.08899164400000001,-0.693450835,1.2554672409999998,-0.696178275,-0.0005358380000000001,0.717868617,0.843778742,0.0,0.0,0.0,1.0
39,1790406307866762000,RR_calflower,1790406307853651419,1790406307919084023,0.20036771,13.110581,52.322023,65.432604,0,-0.061098132,0.9960320979999999,-0.064705666,0.27590643600000003,-0.679435852,-0.08899164400000001,-0.728318683,1.343743489,-0.731186711,-0.0005358380000000001,0.6821770559999999,0.7236783840000001,0.0,0.0,0.0,1.0
39,1790406307866762000,RR_calflower1,1790406307853651419,1790406307919084023,0.20036771,13.110581,52.322023,65.432604,0,-0.024314002999999997,0.9960320979999999,-0.08560744199999999,0.279102001,-0.266333751,-0.08899164400000001,-0.9597643020000001,1.379648539,-0.963574059,-0.0005358380000000001,0.267440789,0.7037144540000001,0.0,0.0,0.0,1.0
39,1790406307866762000,RR_foot,1790406307853651419,1790406307919084023,0.20036771,13.110581,52.322023,65.432604,0,-0.06425571,0.9960320979999999,-0.061571167,0.28118769899999996,-0.7149874970000001,-0.08899164400000001,-0.693450835,1.403081096,-0.696178275,-0.0005358380000000001,0.717868617,0.690958985,0.0,0.0,0.0,1.0
40,1790406307930766000,FL_hip,1790406307919084023,1790406307981802369,0.186260923,11.681977,51.036369,62.718346,0,-0.010521151000000001,0.999838243,-0.014579291999999999,0.45066909899999996,-0.19811034800000002,-0.01637522,-0.9800432809999999,1.003715347,-0.980123152,-0.007423165,0.198250647,0.323786823,0.0,0.0,0.0,1.0
40,1790406307930766000,FL_thigh,1790406307919084023,1790406307981802369,0.186260923,11.681977,51.036369,62.718346,0,-0.01394868,0.999839047,-0.011272853000000001,0.546145448,-0.451875831,-0.016360199,-0.8919312009999999,1.002151592,-0.891971725,-0.0073476240000000005,0.45203127,0.323077983,0.0,0.0,0.0,1.0
40,1790406307930766000,FL_calf,1790406307919084023,1790406307981802369,0.186260923,11.681977,51.036369,62.718346,0,-0.010112891,0.999838077,0.01487653,0.548550884,-0.8537645690000001,-0.016378344,0.520402249,1.192102566,0.520561576,-0.007438574,0.8537916190000001,0.226805445,0.0,0.0,0.0,1.0
40,1790406307930766000,FL_calflower,1790406307919084023,1790406307981802369,0.186260923,11.681977,51.036369,62.718346,0,-0.010843769,0.999838077,0.014352505,0.546144868,-0.8787068579999999,-0.016378344,0.47708143700000005,1.098013842,0.47723921399999997,-0.007438574,0.8787418370000001,0.11085469099999999,0.0,0.0,0.0,1.0
40,1790406307930766000,FL_calflower1,1790406307919084023,1790406307981802369,0.186260923,11.681977,51.036369,62.718346,0,-0.016246056000000002,0.999838077,0.0077231719999999995,0.545678561,-0.9997147940000001,-0.016378345,0.017400285,1.087717866,0.017524078999999998,-0.007438574,0.999818678,0.07093270900000001,0.0,0.0,0.0,1.0
40,1790406307930766000,FL_foot,1790406307919084023,1790406307981802369,0.186260923,11.681977,51.036369,62.718346,0,-0.010112891,0.999838077,0.01487653,0.545379087,-0.8537645690000001,-0.016378344,0.520402249,1.0812633170000001,0.520561576,-0.007438574,0.8537916190000001,0.044947148,0.0,0.0,0.0,1.0
40,1790406307930766000,FR_hip,1790406307919084023,1790406307981802369,0.186260923,11.681977,51.036369,62.718346,0,-0.010521151000000001,0.9870577070000001,-0.160019221,0.35810265799999996,-0.19811034800000002,-0.158913484,-0.967212223,1.01264802,-0.980123152,0.021524997999999997,0.197218399,0.322974962,0.0,0.0,0.0,1.0
40,1790406307930766000,FR_thigh,1790406307919084023,1790406307981802369,0.186260923,11.681977,51.036369,62.718346,0,-0.059480175,0.987059232,-0.148915896,0.263851684,-0.488206053,-0.15888582699999998,-0.85814383,1.027822042,-0.870699062,0.021658818,0.49133883899999997,0.320919632,0.0,0.0,0.0,1.0
40,1790406307930766000,FR_calf,1790406307919084023,1790406307981802369,0.186260923,11.681977,51.036369,62.718346,0,-0.14337149,0.987056675,0.07185748900000001,0.295570013,-0.814658595,-0.158933515,0.55773847,1.210553333,0.561940004,0.021424195,0.826900388,0.216284211,0.0,0.0,0.0,1.0
40,1790406307930766000,FR_calflower,1790406307919084023,1790406307981802369,0.186260923,11.681977,51.036369,62.718346,0,-0.146783691,0.987056675,0.064602098,0.282057618,-0.841515789,-0.158933515,0.5163254829999999,1.111734974,0.519909931,0.021424196,0.853952272,0.10514780300000001,0.0,0.0,0.0,1.0
40,1790406307930766000,FR_calflower1,1790406307919084023,1790406307981802369,0.186260923,11.681977,51.036369,62.718346,0,-0.160028292,0.987056675,-0.010479919,0.280937422,-0.984848588,-0.158933515,0.06938361400000001,1.0994993929999999,0.066820093,0.021424195,0.9975349090000001,0.065793385,0.0,0.0,0.0,1.0
40,1790406307930766000,FR_foot,1790406307919084023,1790406307981802369,0.186260923,11.681977,51.036369,62.718346,0,-0.14337149,0.987056675,0.07185748900000001,0.28024778699999997,-0.814658595,-0.158933515,0.55773847,1.0917788590000002,0.561940004,0.021424195,0.826900388,0.040165061,0.0,0.0,0.0,1.0
40,1790406307930766000,RL_hip,1790406307919084023,1790406307981802369,0.186260923,11.681977,51.036369,62.718346,0,-0.010521151000000001,0.999847741,-0.013912661000000002,0.45473868,-0.19811034800000002,-0.015721786,-0.980053981,1.08034443,-0.980123152,-0.007555345,0.198245654,0.702898458,0.0,0.0,0.0,1.0
40,1790406307930766000,RL_thigh,1790406307919084023,1790406307981802369,0.186260923,11.681977,51.036369,62.718346,0,0.005819151999999999,0.999847668,-0.0164481,0.5502241210000001,0.70913014,-0.015723127,-0.7049027720000001,1.078843,-0.7050538709999999,-0.007562198000000001,-0.709113297,0.702176923,0.0,0.0,0.0,1.0
40,1790406307930766000,RL_calf,1790406307919084023,1790406307981802369,0.186260923,11.681977,51.036369,62.718346,0,-0.016504235,0.9998477929999999,-0.00563598,0.553727869,-0.713023312,-0.015720803999999998,-0.700964551,1.2289478,-0.700946148,-0.00755059,0.713174103,0.8531793259999999,0.0,0.0,0.0,1.0
40,1790406307930766000,RL_calflower,1790406307919084023,1790406307981802369,0.186260923,11.681977,51.036369,62.718346,0,-0.016201926999999998,0.9998477929999999,-0.0064538040000000005,0.554232314,-0.677098593,-0.015720803999999998,-0.7357248409999999,1.318418702,-0.7357139970000001,-0.007550589,0.677250115,0.733625545,0.0,0.0,0.0,1.0
40,1790406307930766000,RL_calflower1,1790406307919084023,1790406307981802369,0.186260923,11.681977,51.036369,62.718346,0,-0.011390795,0.9998477929999999,-0.013206204,0.554652488,-0.260840603,-0.015720803999999998,-0.965254229,1.3546141090000001,-0.96531458,-0.00755059,0.26098001,0.71389512,0.0,0.0,0.0,1.0
40,1790406307930766000,RL_foot,1790406307919084023,1790406307981802369,0.186260923,11.681977,51.036369,62.718346,0,-0.016504235,0.9998477929999999,-0.00563598,0.554928739,-0.713023312,-0.015720803999999998,-0.700964551,1.3782343080000001,-0.700946148,-0.00755059,0.713174103,0.701292147,0.0,0.0,0.0,1.0
40,1790406307930766000,RR_hip,1790406307919084023,1790406307981802369,0.186260923,11.681977,51.036369,62.718346,0,-0.010521151000000001,0.9927551240000001,-0.119692652,0.362172239,-0.19811034800000002,-0.11939595800000001,-0.972881074,1.089277103,-0.980123152,0.013476241000000002,0.197931335,0.702086597,0.0,0.0,0.0,1.0
40,1790406307930766000,RR_thigh,1790406307919084023,1790406307981802369,0.186260923,11.681977,51.036369,62.718346,0,0.08924323199999999,0.992754294,-0.080463164,0.267388265,0.658056492,-0.11941173699999999,-0.743440098,1.100676222,-0.7476614629999999,0.013397407,-0.663944773,0.700800003,0.0,0.0,0.0,1.0
40,1790406307930766000,RR_calf,1790406307919084023,1790406307981802369,0.186260923,11.681977,51.036369,62.718346,0,-0.06895227,0.992754355,-0.098408016,0.284535603,-0.65747603,-0.119410561,-0.74395368,1.258991165,-0.750313874,0.013403333,0.660945729,0.842223335,0.0,0.0,0.0,1.0
40,1790406307930766000,RR_calflower,1790406307919084023,1790406307981802369,0.186260923,11.681977,51.036369,62.718346,0,-0.063947747,0.992754355,-0.101731209,0.297709905,-0.619472169,-0.119410562,-0.7758840370000001,1.355916417,-0.782409695,0.013403334,0.622619655,0.72940532,0.0,0.0,0.0,1.0
40,1790406307930766000,RR_calflower1,1790406307919084023,1790406307981802369,0.186260923,11.681977,51.036369,62.718346,0,-0.009743973000000001,0.992754355,-0.119764804,0.302416468,-0.19118157800000002,-0.119410562,-0.974264549,1.393135849,-0.9815062179999999,0.013403333,0.19095996899999998,0.712326998,0.0,0.0,0.0,1.0
40,1790406307930766000,RR_foot,1790406307919084023,1790406307981802369,0.186260923,11.681977,51.036369,62.718346,0,-0.06895227,0.992754355,-0.098408016,0.30548192,-0.65747603,-0.119410561,-0.74395368,1.41740534,-0.750313874,0.013403333,0.660945729,0.701454027,0.0,0.0,0.0,1.0
41,1790406307998792000,FL_hip,1790406307981802369,1790406308048168958,0.25599674899999997,16.989631,49.376958,66.366589,0,-0.027917092,0.998114541,0.054660215,0.45241636799999996,-0.19940978399999998,0.048021771,-0.97873916,0.9956755540000001,-0.9795183359999999,-0.038223616,0.19769323100000002,0.33461473399999997,0.0,0.0,0.0,1.0
41,1790406307998792000,FL_thigh,1790406307981802369,1790406308048168958,0.25599674899999997,16.989631,49.376958,66.366589,0,-0.010703947,0.998114471,0.060437318,0.5477362579999999,-0.47706437399999996,0.04802127,-0.877555832,1.0002616309999999,-0.878803117,-0.038226086,0.47565079299999996,0.33096438,0.0,0.0,0.0,1.0
41,1790406307998792000,FL_calf,1790406307981802369,1790406308048168958,0.25599674899999997,16.989631,49.376958,66.366589,0,0.060833727000000004,0.998114631,0.008135202,0.534863113,-0.8566138,0.048022418,0.513719127,1.18717862,0.5123598460000001,-0.038220459,0.857919818,0.229652036,0.0,0.0,0.0,1.0
41,1790406307998792000,FL_calflower,1790406307981802369,1790406308048168958,0.25599674899999997,16.989631,49.376958,66.366589,0,0.06035111,0.998114631,0.011165453999999998,0.534876205,-0.8812185109999999,0.048022418,0.47026426600000004,1.0940178329999999,0.468841409,-0.038220459,0.882454961,0.112929425,0.0,0.0,0.0,1.0
41,1790406307998792000,FL_calflower1,1790406307981802369,1790406308048168958,0.25599674899999997,16.989631,49.376958,66.366589,0,0.048375154000000004,0.998114631,0.037772587,0.533826229,-0.99879459,0.048022418,0.010193659,1.084019654,0.008360626,-0.038220459,0.99923427,0.07294361099999999,0.0,0.0,0.0,1.0
41,1790406307998792000,FL_foot,1790406307981802369,1790406308048168958,0.25599674899999997,16.989631,49.376958,66.366589,0,0.060833727000000004,0.998114631,0.008135202,0.533130997,-0.8566138,0.048022418,0.513719127,1.077758701,0.5123598460000001,-0.038220459,0.857919818,0.046918758,0.0,0.0,0.0,1.0
41,1790406307998792000,FR_hip,1790406307981802369,1790406308048168958,0.25599674899999997,16.989631,49.376958,66.366589,0,-0.027917092,0.982186303,-0.185823689,0.35958581100000003,-0.19940978399999998,-0.187631753,-0.9617851940000001,1.001069057,-0.9795183359999999,0.010204554000000001,0.20109581199999998,0.33616250200000003,0.0,0.0,0.0,1.0
41,1790406307998792000,FR_thigh,1790406307981802369,1790406308048168958,0.25599674899999997,16.989631,49.376958,66.366589,0,-0.070805714,0.9822356720000001,-0.173779677,0.265943518,-0.428423505,-0.187275528,-0.883958072,1.018954549,-0.90079948,0.011861753000000001,0.434073063,0.335190294,0.0,0.0,0.0,1.0
41,1790406307998792000,FR_calf,1790406307981802369,1790406308048168958,0.25599674899999997,16.989631,49.376958,66.366589,0,-0.149368064,0.982103802,0.11472159400000001,0.30288995399999996,-0.755570995,-0.18820813399999997,0.6274479,1.206564985,0.637810455,0.007040108000000001,0.77016108,0.242958395,0.0,0.0,0.0,1.0
41,1790406307998792000,FR_calflower,1790406307981802369,1790406308048168958,0.25599674899999997,16.989631,49.376958,66.366589,0,-0.154915083,0.982103802,0.10711293,0.282733728,-0.785986053,-0.188208133,0.588900942,1.099505441,0.5985213460000001,0.007040108000000001,0.8010758170000001,0.14229024699999998,0.0,0.0,0.0,1.0
41,1790406307998792000,FR_calflower1,1790406307981802369,1790406308048168958,0.25599674899999997,16.989631,49.376958,66.366589,0,-0.18687141300000001,0.982103802,0.023472066,0.279896845,-0.96910783,-0.18820813399999997,0.15940015400000002,1.083958191,0.160965266,0.007040108000000001,0.986934876,0.10448629,0.0,0.0,0.0,1.0
41,1790406307998792000,FR_foot,1790406307981802369,1790406308048168958,0.25599674899999997,16.989631,49.376958,66.366589,0,-0.149368064,0.982103802,0.11472159400000001,0.278096186,-0.755570995,-0.18820813399999997,0.6274479,1.074076758,0.637810455,0.007040108000000001,0.77016108,0.07984420099999999,0.0,0.0,0.0,1.0
41,1790406307998792000,RL_hip,1790406307981802369,1790406308048168958,0.25599674899999997,16.989631,49.376958,66.366589,0,-0.027917092,0.999273085,0.025955318999999998,0.463214699,-0.19940978399999998,0.019876398,-0.97971494,1.072807259,-0.9795183359999999,-0.032526819,0.19871000100000002,0.713492426,0.0,0.0,0.0,1.0
41,1790406307998792000,RL_thigh,1790406307981802369,1790406308048168958,0.25599674899999997,16.989631,49.376958,66.366589,0,-0.037549177999999996,0.999272252,-0.0066907519999999995,0.558645035,0.662264892,0.019870622,-0.749006721,1.07470545,-0.7483285340000001,-0.032555918999999996,-0.662528752,0.7103861229999999,0.0,0.0,0.0,1.0
41,1790406307998792000,RL_calf,1790406307981802369,1790406308048168958,0.25599674899999997,16.989631,49.376958,66.366589,0,-0.009597435,0.9992727509999999,0.036899852999999996,0.560074659,-0.69481237,0.019874041000000002,-0.718916887,1.234188135,-0.71912709,-0.032538514,0.694116203,0.8514565070000001,0.0,0.0,0.0,1.0
41,1790406307998792000,RL_calflower,1790406307981802369,1790406308048168958,0.25599674899999997,16.989631,49.376958,66.366589,0,-0.011429663999999999,0.9992727509999999,0.036374066000000004,0.554420691,-0.658013167,0.019874041000000002,-0.752744573,1.326686145,-0.7529197190000001,-0.032538514,0.657307364,0.734351416,0.0,0.0,0.0,1.0
41,1790406307998792000,RL_calflower1,1790406307981802369,1790406308048168958,0.25599674899999997,16.989631,49.376958,66.366589,0,-0.02693484,0.9992727509999999,0.026985631,0.553079966,-0.23605257,0.019874041000000002,-0.971537392,1.363373914,-0.9713668209999999,-0.032538514,0.235345647,0.7155893990000001,0.0,0.0,0.0,1.0
41,1790406307998792000,RL_foot,1790406307981802369,1790406308048168958,0.25599674899999997,16.989631,49.376958,66.366589,0,-0.009597435,0.9992727509999999,0.036899852999999996,0.552214054,-0.69481237,0.019874041000000002,-0.718916887,1.387308445,-0.71912709,-0.032538514,0.694116203,0.703618174,0.0,0.0,0.0,1.0
41,1790406307998792000,RR_hip,1790406307981802369,1790406308048168958,0.25599674899999997,16.989631,49.376958,66.366589,0,-0.027917092,0.9928455270000001,-0.116095374,0.370384142,-0.19940978399999998,-0.119337661,-0.9726227209999999,1.078200762,-0.9795183359999999,-0.004002515,0.201314775,0.7150401940000001,0.0,0.0,0.0,1.0
41,1790406307998792000,RR_thigh,1790406307981802369,1790406308048168958,0.25599674899999997,16.989631,49.376958,66.366589,0,0.074467995,0.992845944,-0.093333755,0.27557689399999996,0.6449767270000001,-0.11933468400000001,-0.754827763,1.089596417,-0.760565513,-0.00398786,-0.649248817,0.715422386,0.0,0.0,0.0,1.0
41,1790406307998792000,RR_calf,1790406307981802369,1790406308048168958,0.25599674899999997,16.989631,49.376958,66.366589,0,-0.083277373,0.99284521,-0.085574577,0.295452991,-0.66795404,-0.119339925,-0.7345720379999999,1.250361885,-0.739528455,-0.004013615999999999,0.673113203,0.853714724,0.0,0.0,0.0,1.0
41,1790406307998792000,RR_calflower,1790406307981802369,1790406308048168958,0.25599674899999997,16.989631,49.376958,66.366589,0,-0.078896352,0.99284521,-0.089629765,0.306450125,-0.630405972,-0.119339925,-0.767037802,1.345708048,-0.7722458759999999,-0.004013615999999999,0.635310969,0.739305918,0.0,0.0,0.0,1.0
41,1790406307998792000,RR_calflower1,1790406307981802369,1790406308048168958,0.25599674899999997,16.989631,49.376958,66.366589,0,-0.028591505,0.99284521,-0.115933839,0.310823719,-0.204964812,-0.119339925,-0.9714669859999999,1.3826896819999999,-0.978351546,-0.004013615999999999,0.20691054,0.721616769,0.0,0.0,0.0,1.0
41,1790406307998792000,RR_foot,1790406307981802369,1790406308048168958,0.25599674899999997,16.989631,49.376958,66.366589,0,-0.083277373,0.99284521,-0.085574577,0.313677097,-0.66795404,-0.119339925,-0.7345720379999999,1.40680781,-0.739528455,-0.004013615999999999,0.673113203,0.7103455009999999,0.0,0.0,0.0,1.0
42,1790406308534757000,FL_hip,1790406308120825990,1790406308723091983,0.687289362,413.93101,188.334983,602.265993,1,0.053765115999999995,0.987734845,-0.146591139,0.371476889,-0.181189884,-0.134716591,-0.9741777840000001,0.959407207,-0.981977258,0.078937361,0.17172467,0.345859098,0.0,0.0,0.0,1.0
42,1790406308534757000,FL_thigh,1790406308120825990,1790406308723091983,0.687289362,413.93101,188.334983,602.265993,1,0.017241785,0.987576305,-0.15619070699999998,0.462858669,-0.42446987799999997,-0.134208404,-0.895440738,0.94674606,-0.9052777890000001,0.08173699400000001,0.41688247,0.353198575,0.0,0.0,0.0,1.0
42,1790406308534757000,FL_calf,1790406308120825990,1790406308723091983,0.687289362,413.93101,188.334983,602.265993,1,-0.155928916,0.9869548229999999,-0.040076482999999996,0.49576855799999997,-0.928451075,-0.13259637400000002,0.346983415,1.131165792,0.33714306,0.091313546,0.9370145129999999,0.26554132399999997,0.0,0.0,0.0,1.0
42,1790406308534757000,FL_calflower,1790406308120825990,1790406308723091983,0.687289362,413.93101,188.334983,602.265993,1,-0.153731056,0.9869548229999999,-0.047819596,0.5003737420000001,-0.944632696,-0.13259637400000002,0.30014656300000003,1.063032901,0.289890512,0.091313546,0.952693619,0.134101401,0.0,0.0,0.0,1.0
42,1790406308534757000,FL_calflower1,1790406308120825990,1790406308723091983,0.687289362,413.93101,188.334983,602.265993,1,-0.114276573,0.9869548229999999,-0.113405539,0.504296636,-0.976485838,-0.13259637300000002,-0.16998323,1.06035405,-0.182802662,0.091313546,0.978899805,0.093346409,0.0,0.0,0.0,1.0
42,1790406308534757000,FL_foot,1790406308120825990,1790406308723091983,0.687289362,413.93101,188.334983,602.265993,1,-0.155928916,0.9869548229999999,-0.040076482999999996,0.506876225,-0.928451075,-0.13259637400000002,0.346983415,1.058842796,0.33714306,0.091313546,0.9370145129999999,0.066868968,0.0,0.0,0.0,1.0
42,1790406308534757000,FR_hip,1790406308120825990,1790406308723091983,0.687289362,413.93101,188.334983,602.265993,1,0.053765115999999995,0.9415148170000001,0.332654379,0.279920919,-0.181189884,0.336804644,-0.923977026,0.9432082559999999,-0.981977258,-0.010596174,0.188701326,0.343835216,0.0,0.0,0.0,1.0
42,1790406308534757000,FR_thigh,1790406308120825990,1790406308723091983,0.687289362,413.93101,188.334983,602.265993,1,0.139794514,0.941490725,0.30667977,0.191934071,-0.41775523200000003,0.336885435,-0.843794678,0.9116169909999999,-0.897740474,-0.01015951,0.44040734600000003,0.344846868,0.0,0.0,0.0,1.0
42,1790406308534757000,FR_calf,1790406308120825990,1790406308723091983,0.687289362,413.93101,188.334983,602.265993,1,0.302464729,0.9422181620000001,-0.144013181,0.127847462,-0.8088850559999999,0.33365892399999997,0.48412537200000005,1.087275542,0.504202909,-0.029941031,0.863065911,0.251861816,0.0,0.0,0.0,1.0
42,1790406308534757000,FR_calflower,1790406308120825990,1790406308723091983,0.687289362,413.93101,188.334983,602.265993,1,0.309284386,0.9422181620000001,-0.128716266,0.15197407699999999,-0.832070345,0.33365892399999997,0.443092938,1.001961887,0.460437469,-0.02994103,0.8871869459999999,0.13593583199999998,0.0,0.0,0.0,1.0
42,1790406308534757000,FR_calflower1,1790406308120825990,1790406308723091983,0.687289362,413.93101,188.334983,602.265993,1,0.333772171,0.9422181620000001,0.028650414,0.153207034,-0.942653263,0.33365892399999997,0.008788429,0.992634555,-0.001278759,-0.029941031,0.9995507509999999,0.09652495900000001,0.0,0.0,0.0,1.0
42,1790406308534757000,FR_foot,1790406308120825990,1790406308723091983,0.687289362,413.93101,188.334983,602.265993,1,0.302464729,0.9422181620000001,-0.144013181,0.15393045,-0.8088850559999999,0.33365892399999997,0.48412537200000005,0.986787546,0.504202909,-0.029941031,0.863065911,0.070877704,0.0,0.0,0.0,1.0
42,1790406308534757000,RL_hip,1790406308120825990,1790406308723091983,0.687289362,413.93101,188.334983,602.265993,1,0.053765115999999995,0.973496885,0.222290126,0.35068054299999996,-0.181189884,0.228427667,-0.9565519929999999,1.029491454,-0.981977258,0.011152113,0.188669287,0.725687902,0.0,0.0,0.0,1.0
42,1790406308534757000,RL_thigh,1790406308120825990,1790406308723091983,0.687289362,413.93101,188.334983,602.265993,1,-0.162284954,0.973499667,0.161126552,0.443648275,0.7242165509999999,0.228418318,-0.650642872,1.0513060109999999,-0.670204748,0.011100674,-0.7420931040000001,0.7267529140000001,0.0,0.0,0.0,1.0
42,1790406308534757000,RL_calf,1790406308120825990,1790406308723091983,0.687289362,413.93101,188.334983,602.265993,1,0.14549357699999999,0.973496609,0.176453236,0.409345059,-0.580935235,0.228428598,-0.781239602,1.189864568,-0.800840735,0.011157148,0.598773279,0.884786282,0.0,0.0,0.0,1.0
42,1790406308534757000,RL_calflower,1790406308120825990,1790406308723091983,0.687289362,413.93101,188.334983,602.265993,1,0.136492761,0.973496609,0.183504363,0.386140671,-0.541163511,0.228428598,-0.809297917,1.293867649,-0.8297660840000001,0.011157148,0.557999613,0.7801515440000001,0.0,0.0,0.0,1.0
42,1790406308534757000,RL_calflower1,1790406308120825990,1790406308723091983,0.687289362,413.93101,188.334983,602.265993,1,0.036329892999999995,0.973496609,0.225796953,0.37743573700000005,-0.10629236199999999,0.22842859699999998,-0.967741183,1.3316506209999999,-0.993670905,0.011157149,0.111774126,0.7661293509999999,0.0,0.0,0.0,1.0
42,1790406308534757000,RL_foot,1790406308120825990,1790406308723091983,0.687289362,413.93101,188.334983,602.265993,1,0.14549357699999999,0.973496609,0.176453236,0.371761615,-0.580935235,0.228428598,-0.781239602,1.356265971,-0.800840735,0.011157148,0.598773279,0.75724831,0.0,0.0,0.0,1.0
42,1790406308534757000,RR_hip,1790406308120825990,1790406308723091983,0.687289362,413.93101,188.334983,602.265993,1,0.053765115999999995,0.991155972,0.121321579,0.259124573,-0.181189884,0.12916388,-0.974929539,1.013292503,-0.981977258,0.030434671,0.186532035,0.72366402,0.0,0.0,0.0,1.0
42,1790406308534757000,RR_thigh,1790406308120825990,1790406308723091983,0.687289362,413.93101,188.334983,602.265993,1,-0.07516475,0.991166488,0.109265852,0.16448969800000002,0.7348178670000001,0.129128656,-0.66585973,1.0009599120000001,-0.6740870990000001,0.030241034,-0.73803243,0.72075816,0.0,0.0,0.0,1.0
42,1790406308534757000,RR_calf,1790406308120825990,1790406308723091983,0.687289362,413.93101,188.334983,602.265993,1,0.10795433199999999,0.991131432,0.07748626,0.141258253,-0.647670249,0.129247705,-0.750878797,1.142742927,-0.7542341579999999,0.030874787,0.655879095,0.877936644,0.0,0.0,0.0,1.0
42,1790406308534757000,RR_calflower,1790406308120825990,1790406308723091983,0.687289362,413.93101,188.334983,602.265993,1,0.10394671800000001,0.991131432,0.082784891,0.132000514,-0.609332532,0.129247705,-0.782310414,1.240806948,-0.786071854,0.030874787,0.617363421,0.7658911420000001,0.0,0.0,0.0,1.0
42,1790406308534757000,RR_calflower1,1790406308120825990,1790406308723091983,0.687289362,413.93101,188.334983,602.265993,1,0.053971872000000004,0.991131432,0.121430207,0.127658451,-0.179220204,0.129247705,-0.97528244,1.278149762,-0.9823273140000001,0.030874787,0.184606607,0.749074342,0.0,0.0,0.0,1.0
42,1790406308534757000,RR_foot,1790406308120825990,1790406308723091983,0.687289362,413.93101,188.334983,602.265993,1,0.10795433199999999,0.991131432,0.07748626,0.12481925,-0.647670249,0.129247705,-0.750878797,1.3024965590000002,-0.7542341579999999,0.030874787,0.655879095,0.7383715479999999,0.0,0.0,0.0,1.0
43,1790406308598758000,FL_hip,1790406308120825990,1790406308723091983,0.7935563609999999,477.93201,124.333983,602.265993,1,0.017566867,0.986568,-0.162403046,0.335272668,-0.16068971699999998,-0.157531179,-0.974352824,0.9479992070000001,-0.986848528,0.04321259400000001,0.15576416099999998,0.34056307399999997,0.0,0.0,0.0,1.0
43,1790406308598758000,FL_thigh,1790406308120825990,1790406308723091983,0.7935563609999999,477.93201,124.333983,602.265993,1,-0.021600939,0.986525841,-0.16217252699999998,0.427238193,-0.39994528,-0.15719254300000002,-0.902959003,0.9330772979999999,-0.91628434,0.045355140999999995,0.397951929,0.34462987700000003,0.0,0.0,0.0,1.0
43,1790406308598758000,FL_calf,1790406308120825990,1790406308723091983,0.7935563609999999,477.93201,124.333983,602.265993,1,-0.164815622,0.98632094,-0.0025644820000000003,0.461616315,-0.939430392,-0.156187081,0.305084935,1.120578927,0.300511227,0.05269168,0.9523215890000001,0.260636338,0.0,0.0,0.0,1.0
43,1790406308598758000,FL_calflower,1790406308120825990,1790406308723091983,0.7935563609999999,477.93201,124.333983,602.265993,1,-0.164481475,0.98632094,-0.010798625,0.46005762200000005,-0.95350424,-0.156187081,0.257751707,1.058012919,0.252539425,0.052691681,0.9661507359999999,0.126065108,0.0,0.0,0.0,1.0
43,1790406308598758000,FL_calflower1,1790406308120825990,1790406308723091983,0.7935563609999999,477.93201,124.333983,602.265993,1,-0.140907652,0.98632094,-0.085532446,0.46250328,-0.9647777909999999,-0.15618708,-0.211683946,1.0571477440000001,-0.22214710199999999,0.052691681,0.973588245,0.085068528,0.0,0.0,0.0,1.0
43,1790406308598758000,FL_foot,1790406308120825990,1790406308723091983,0.7935563609999999,477.93201,124.333983,602.265993,1,-0.164815622,0.98632094,-0.0025644820000000003,0.464128539,-0.939430392,-0.156187081,0.305084935,1.056815874,0.300511227,0.05269168,0.9523215890000001,0.058443193,0.0,0.0,0.0,1.0
43,1790406308598758000,FR_hip,1790406308120825990,1790406308723091983,0.7935563609999999,477.93201,124.333983,602.265993,1,0.017566867,0.9095668440000001,0.41518589200000006,0.244321642,-0.16068971699999998,0.412420479,-0.896710013,0.928645638,-0.986848528,-0.050963999,0.153402976,0.34209544700000005,0.0,0.0,0.0,1.0
43,1790406308598758000,FR_thigh,1790406308120825990,1790406308723091983,0.7935563609999999,477.93201,124.333983,602.265993,1,0.126870283,0.9095607109999999,0.39573097799999996,0.15890200699999998,-0.391627822,0.412475163,-0.822491685,0.8897701379999999,-0.911335001,-0.050629789,0.408540035,0.34690506299999996,0.0,0.0,0.0,1.0
43,1790406308598758000,FR_calf,1790406308120825990,1790406308723091983,0.7935563609999999,477.93201,124.333983,602.265993,1,0.39658175100000004,0.909475613,-0.12480700300000001,0.075733832,-0.8091124540000001,0.41052108200000004,0.42048800399999997,1.061900624,0.433659394,-0.06577524400000001,0.898672892,0.260407785,0.0,0.0,0.0,1.0
43,1790406308598758000,FR_calflower,1790406308120825990,1790406308723091983,0.7935563609999999,477.93201,124.333983,602.265993,1,0.40232387700000005,0.909475613,-0.104830201,0.099649474,-0.829116915,0.41052108200000004,0.379523735,0.9852322259999999,0.38820250799999995,-0.06577524400000001,0.9192237209999999,0.137573741,0.0,0.0,0.0,1.0
43,1790406308598758000,FR_calflower1,1790406308120825990,1790406308723091983,0.7935563609999999,477.93201,124.333983,602.265993,1,0.40526764,0.909475613,0.092800933,0.09921733199999999,-0.910678652,0.41052108200000004,-0.046233299000000005,0.978351845,-0.080144718,-0.06577524400000001,0.994610608,0.09747309400000001,0.0,0.0,0.0,1.0
43,1790406308598758000,FR_foot,1790406308120825990,1790406308723091983,0.7935563609999999,477.93201,124.333983,602.265993,1,0.39658175100000004,0.909475613,-0.12480700300000001,0.09883910800000001,-0.8091124540000001,0.41052108200000004,0.42048800399999997,0.974091652,0.433659394,-0.06577524400000001,0.898672892,0.071395747,0.0,0.0,0.0,1.0
43,1790406308598758000,RL_hip,1790406308120825990,1790406308723091983,0.7935563609999999,477.93201,124.333983,602.265993,1,0.017566867,0.964388487,0.263905315,0.328477804,-0.16068971699999998,0.263238083,-0.951254545,1.01015399,-0.986848528,-0.025696585,0.15959162699999999,0.722276085,0.0,0.0,0.0,1.0
43,1790406308598758000,RL_thigh,1790406308120825990,1790406308723091983,0.7935563609999999,477.93201,124.333983,602.265993,1,-0.217336489,0.964389141,0.15072557,0.420575982,0.7332543420000001,0.263231834,-0.626935208,1.0352929770000001,-0.644285144,-0.025735995,-0.764352099,0.719822085,0.0,0.0,0.0,1.0
43,1790406308598758000,RL_calf,1790406308120825990,1790406308723091983,0.7935563609999999,477.93201,124.333983,602.265993,1,0.131221341,0.964388417,0.229642555,0.388483845,-0.560541328,0.263238713,-0.78517481,1.16880952,-0.8176639840000001,-0.025692727999999998,0.575121998,0.882603348,0.0,0.0,0.0,1.0
43,1790406308598758000,RL_calflower,1790406308120825990,1790406308723091983,0.7935563609999999,477.93201,124.333983,602.265993,1,0.119580004,0.964388418,0.235913895,0.35712185799999996,-0.520598413,0.263238712,-0.812208936,1.273803304,-0.845386237,-0.025692727999999998,0.5335370779999999,0.7811323579999999,0.0,0.0,0.0,1.0
43,1790406308598758000,RL_calflower1,1790406308120825990,1790406308723091983,0.7935563609999999,477.93201,124.333983,602.265993,1,-0.002873267,0.964388418,0.264473983,0.34648965,-0.08670697599999999,0.263238712,-0.9608267090000001,1.3114972059999999,-0.996229612,-0.025692727999999998,0.08286292,0.768244822,0.0,0.0,0.0,1.0
43,1790406308598758000,RL_foot,1790406308120825990,1790406308723091983,0.7935563609999999,477.93201,124.333983,602.265993,1,0.131221341,0.964388417,0.229642555,0.33957090700000003,-0.560541328,0.263238713,-0.78517481,1.3360497679999999,-0.8176639840000001,-0.025692727999999998,0.575121998,0.7601028470000001,0.0,0.0,0.0,1.0
43,1790406308598758000,RR_hip,1790406308120825990,1790406308723091983,0.7935563609999999,477.93201,124.333983,602.265993,1,0.017566867,0.9857666540000001,0.167198304,0.237526778,-0.16068971699999998,0.167833758,-0.972631137,0.990800421,-0.986848528,-0.009781237,0.161350951,0.7238084579999999,0.0,0.0,0.0,1.0
43,1790406308598758000,RR_thigh,1790406308120825990,1790406308723091983,0.7935563609999999,477.93201,124.333983,602.265993,1,-0.133631895,0.985769181,0.10198725900000001,0.143401632,0.7464211940000001,0.1678102,-0.643968805,0.974774809,-0.651918993,-0.009929591,-0.758223482,0.724742434,0.0,0.0,0.0,1.0
43,1790406308598758000,RR_calf,1790406308120825990,1790406308723091983,0.7935563609999999,477.93201,124.333983,602.265993,1,0.10104123400000001,0.9857600679999999,0.134415479,0.12171093,-0.636275001,0.16789173100000002,-0.7529722259999999,1.111907333,-0.764816877,-0.009444237,0.644178368,0.88622484,0.0,0.0,0.0,1.0
43,1790406308598758000,RR_calflower,1790406308120825990,1790406308723091983,0.7935563609999999,477.93201,124.333983,602.265993,1,0.094196984,0.9857600679999999,0.139297451,0.103883827,-0.597846896,0.16789173100000002,-0.7838317029999999,1.210536068,-0.796056555,-0.009444237,0.605148401,0.7756702120000001,0.0,0.0,0.0,1.0
43,1790406308598758000,RR_calflower1,1790406308120825990,1790406308723091983,0.7935563609999999,477.93201,124.333983,602.265993,1,0.019227585,0.9857600679999999,0.167054338,0.097378382,-0.16833000399999998,0.16789173100000002,-0.971327988,1.2478351540000001,-0.985543052,-0.009444237,0.16916122,0.75943696,0.0,0.0,0.0,1.0
43,1790406308598758000,RR_foot,1790406308120825990,1790406308723091983,0.7935563609999999,477.93201,124.333983,602.265993,1,0.10104123400000001,0.9857600679999999,0.134415479,0.093139821,-0.636275001,0.16789173100000002,-0.7529722259999999,1.272150823,-0.764816877,-0.009444237,0.644178368,0.7491147890000001,0.0,0.0,0.0,1.0
44,1790406308666761000,FL_hip,1790406308120825990,1790406308723091983,0.906468265,545.9350099999999,56.330982999999996,602.265993,1,0.04228018099999999,0.9815904459999999,-0.18625887800000002,0.304692875,-0.182860524,-0.17567420600000003,-0.967316526,0.956061794,-0.982229206,0.074957492,0.172066794,0.325807346,0.0,0.0,0.0,1.0
44,1790406308666761000,FL_thigh,1790406308120825990,1790406308723091983,0.906468265,545.9350099999999,56.330982999999996,602.265993,1,-0.0036062909999999998,0.981541043,-0.191217058,0.39727010799999996,-0.414606342,-0.175476488,-0.892922305,0.9393236779999999,-0.909993618,0.076059446,0.407586061,0.33290843600000003,0.0,0.0,0.0,1.0
44,1790406308666761000,FL_calf,1790406308120825990,1790406308723091983,0.906468265,545.9350099999999,56.330982999999996,602.265993,1,-0.19082087399999997,0.9813419940000001,-0.023559995,0.43795544200000003,-0.936892635,-0.17491028100000003,0.302719745,1.127026505,0.292950857,0.079838208,0.952788264,0.24654258699999998,0.0,0.0,0.0,1.0
44,1790406308666761000,FL_calflower,1790406308120825990,1790406308723091983,0.906468265,545.9350099999999,56.330982999999996,602.265993,1,-0.18940488800000002,0.9813419940000001,-0.03306762,0.43830945299999996,-0.950851445,-0.17491028100000003,0.255516308,1.06421428,0.24496517899999998,0.079838208,0.966238967,0.11158034800000001,0.0,0.0,0.0,1.0
44,1790406308666761000,FL_calflower1,1790406308120825990,1790406308723091983,0.906468265,545.9350099999999,56.330982999999996,602.265993,1,-0.152731236,0.9813419940000001,-0.116794044,0.44171589299999997,-0.961392514,-0.17491028,-0.212441728,1.063460793,-0.228906163,0.07983820900000001,0.970168877,0.070576287,0.0,0.0,0.0,1.0
44,1790406308666761000,FL_foot,1790406308120825990,1790406308723091983,0.906468265,545.9350099999999,56.330982999999996,602.265993,1,-0.19082087399999997,0.9813419940000001,-0.023559995,0.443969912,-0.936892635,-0.17491028100000003,0.302719745,1.06320382,0.292950857,0.079838208,0.952788264,0.043947504000000005,0.0,0.0,0.0,1.0
44,1790406308666761000,FR_hip,1790406308120825990,1790406308723091983,0.906468265,545.9350099999999,56.330982999999996,602.265993,1,0.04228018099999999,0.86962311,0.491902248,0.214574371,-0.182860524,0.49076151799999995,-0.8518895590000001,0.93309452,-0.982229206,-0.053931749,0.179769223,0.326204001,0.0,0.0,0.0,1.0
44,1790406308666761000,FR_thigh,1790406308120825990,1790406308723091983,0.906468265,545.9350099999999,56.330982999999996,602.265993,1,0.17129724600000001,0.869615585,0.463061309,0.13225663699999998,-0.402037078,0.49079371200000005,-0.772973725,0.886532157,-0.8994572540000001,-0.053759836,0.433689231,0.331329112,0.0,0.0,0.0,1.0
44,1790406308666761000,FR_calf,1790406308120825990,1790406308723091983,0.906468265,545.9350099999999,56.330982999999996,602.265993,1,0.468275024,0.869710337,-0.155955824,0.034289239,-0.77928592,0.489706469,0.391026455,1.049634988,0.41645224200000003,-0.061574033,0.907070002,0.23927113600000002,0.0,0.0,0.0,1.0
44,1790406308666761000,FR_calflower,1790406308120825990,1790406308723091983,0.906468265,545.9350099999999,56.330982999999996,602.265993,1,0.475484345,0.869710337,-0.13235692400000001,0.065393239,-0.797855193,0.489706469,0.35158971,0.977013838,0.37059718,-0.061574032,0.926750338,0.11410568800000001,0.0,0.0,0.0,1.0
44,1790406308666761000,FR_calflower1,1790406308120825990,1790406308723091983,0.906468265,545.9350099999999,56.330982999999996,602.265993,1,0.482871871,0.869710337,0.102168849,0.06561850799999999,-0.870050312,0.48970647,-0.056574625,0.970918815,-0.09923619,-0.061574032,0.993156905,0.073611052,0.0,0.0,0.0,1.0
44,1790406308666761000,FR_foot,1790406308120825990,1790406308723091983,0.906468265,545.9350099999999,56.330982999999996,602.265993,1,0.468275024,0.869710337,-0.155955824,0.065647867,-0.77928592,0.489706469,0.391026455,0.9671630170000001,0.41645224200000003,-0.061574033,0.907070002,0.047281826,0.0,0.0,0.0,1.0
44,1790406308666761000,RL_hip,1790406308120825990,1790406308723091983,0.906468265,545.9350099999999,56.330982999999996,602.265993,1,0.04228018099999999,0.953046033,0.299859022,0.28833890100000004,-0.182860524,0.302439257,-0.935464155,1.0267922440000001,-0.982229206,-0.015281068,0.18706174399999997,0.705733603,0.0,0.0,0.0,1.0
44,1790406308666761000,RL_thigh,1790406308120825990,1790406308723091983,0.906468265,545.9350099999999,56.330982999999996,602.265993,1,-0.236402052,0.953046869,0.189249895,0.379354326,0.711479836,0.30243559600000003,-0.634294737,1.055675045,-0.6617483989999999,-0.015301377,-0.749569706,0.7042742679999999,0.0,0.0,0.0,1.0
44,1790406308666761000,RL_calf,1790406308120825990,1790406308723091983,0.906468265,545.9350099999999,56.330982999999996,602.265993,1,0.16929105600000002,0.953045947,0.251085142,0.339051184,-0.573944743,0.302439628,-0.7609982670000001,1.190769116,-0.8012040840000001,-0.015279082,0.598195943,0.863919653,0.0,0.0,0.0,1.0
44,1790406308666761000,RL_calflower,1790406308120825990,1790406308723091983,0.906468265,545.9350099999999,56.330982999999996,602.265993,1,0.156530459,0.953045947,0.259232378,0.305276781,-0.5351934,0.302439628,-0.7887324990000001,1.2919173320000001,-0.8301001240000001,-0.015279082,0.5574048389999999,0.759362772,0.0,0.0,0.0,1.0
44,1790406308666761000,RL_calflower1,1790406308120825990,1790406308723091983,0.906468265,545.9350099999999,56.330982999999996,602.265993,1,0.019133609,0.953045947,0.30222030899999996,0.293342267,-0.11049358599999999,0.302439628,-0.94674289,1.328818343,-0.993692542,-0.015279082,0.111092312,0.7453676309999999,0.0,0.0,0.0,1.0
44,1790406308666761000,RL_foot,1790406308120825990,1790406308723091983,0.906468265,545.9350099999999,56.330982999999996,602.265993,1,0.16929105600000002,0.953045947,0.251085142,0.285570565,-0.573944743,0.302439628,-0.7609982670000001,1.352860746,-0.8012040840000001,-0.015279082,0.598195943,0.7365042009999999,0.0,0.0,0.0,1.0
44,1790406308666761000,RR_hip,1790406308120825990,1790406308723091983,0.906468265,545.9350099999999,56.330982999999996,602.265993,1,0.04228018099999999,0.977249722,0.20783444199999998,0.198220397,-0.182860524,0.212075565,-0.959993043,1.00382497,-0.982229206,0.0025836870000000003,0.187667077,0.706130258,0.0,0.0,0.0,1.0
44,1790406308666761000,RR_thigh,1790406308120825990,1790406308723091983,0.906468265,545.9350099999999,56.330982999999996,602.265993,1,-0.156064899,0.977252916,0.143597605,0.104901045,0.7271055190000001,0.21206176100000002,-0.652953317,0.98357339,-0.668551996,0.002507241,-0.743661054,0.705883556,0.0,0.0,0.0,1.0
44,1790406308666761000,RR_calf,1790406308120825990,1790406308723091983,0.906468265,545.9350099999999,56.330982999999996,602.265993,1,0.14458031,0.97724176,0.155225204,0.074332486,-0.656491659,0.212110065,-0.7238982540000001,1.122635965,-0.7403481009999999,0.002757105,0.672217903,0.864274102,0.0,0.0,0.0,1.0
44,1790406308666761000,RR_calflower,1790406308120825990,1790406308723091983,0.906468265,545.9350099999999,56.330982999999996,602.265993,1,0.136641595,0.97724176,0.16225721699999998,0.054275372999999995,-0.619491382,0.212110065,-0.755804477,1.216600905,-0.77301975,0.002757105,0.634375822,0.7500219690000001,0.0,0.0,0.0,1.0
44,1790406308666761000,RR_calflower1,1790406308120825990,1790406308723091983,0.906468265,545.9350099999999,56.330982999999996,602.265993,1,0.046273398,0.97724176,0.207019571,0.046423606,-0.20047094199999999,0.212110065,-0.956462954,1.253011473,-0.978606138,0.002757105,0.20572371,0.7323839459999999,0.0,0.0,0.0,1.0
44,1790406308666761000,RR_foot,1790406308120825990,1790406308723091983,0.906468265,545.9350099999999,56.330982999999996,602.265993,1,0.14458031,0.97724176,0.155225204,0.041302241,-0.656491659,0.212110065,-0.7238982540000001,1.276756821,-0.7403481009999999,0.002757105,0.672217903,0.7211459240000001,0.0,0.0,0.0,1.0
45,1790406308734760000,FL_hip,1790406308723091983,1790406308791174696,0.171380024,11.668016999999999,56.414696,68.082713,0,0.068364975,0.988507792,-0.134827257,0.276062598,-0.183578484,-0.120371732,-0.97560762,0.942267148,-0.9806247840000001,0.09144854300000001,0.17323974,0.348807187,0.0,0.0,0.0,1.0
45,1790406308734760000,FL_thigh,1790406308723091983,1790406308791174696,0.171380024,11.668016999999999,56.414696,68.082713,0,0.033438527,0.9887516559999999,-0.14578011300000002,0.36931190399999997,-0.392868955,-0.121116457,-0.911584023,0.9308081979999999,-0.918986208,0.087754278,0.38439998299999995,0.35745328600000004,0.0,0.0,0.0,1.0
45,1790406308734760000,FL_calf,1790406308723091983,1790406308791174696,0.171380024,11.668016999999999,56.414696,68.082713,0,-0.145895481,0.987754328,-0.055278478,0.400093436,-0.9334518009999999,-0.118936197,0.338411818,1.122266349,0.327693258,0.100972315,0.939372946,0.276149162,0.0,0.0,0.0,1.0
45,1790406308734760000,FL_calflower,1790406308723091983,1790406308791174696,0.171380024,11.668016999999999,56.414696,68.082713,0,-0.142950377,0.987754328,-0.062501129,0.406612081,-0.9491987709999999,-0.118936197,0.291335745,1.054755907,0.280334647,0.10097231599999999,0.9545768109999999,0.144622613,0.0,0.0,0.0,1.0
45,1790406308734760000,FL_calflower1,1790406308723091983,1790406308791174696,0.171380024,11.668016999999999,56.414696,68.082713,0,-0.097934539,0.987754328,-0.121449692,0.410902961,-0.976467271,-0.118936197,-0.179906898,1.052607218,-0.192148283,0.10097231599999999,0.976157487,0.10397318800000001,0.0,0.0,0.0,1.0
45,1790406308734760000,FL_foot,1790406308723091983,1790406308791174696,0.171380024,11.668016999999999,56.414696,68.082713,0,-0.145895481,0.987754328,-0.055278478,0.41371882299999996,-0.9334518009999999,-0.118936197,0.338411818,1.0514445829999999,0.327693258,0.100972315,0.939372946,0.077565976,0.0,0.0,0.0,1.0
45,1790406308734760000,FR_hip,1790406308723091983,1790406308791174696,0.171380024,11.668016999999999,56.414696,68.082713,0,0.068364975,0.849510828,0.523122736,0.18682889600000002,-0.183578484,0.526107753,-0.830367518,0.916102392,-0.9806247840000001,-0.039266323,0.191919253,0.34748441,0.0,0.0,0.0,1.0
45,1790406308734760000,FR_thigh,1790406308723091983,1790406308791174696,0.171380024,11.668016999999999,56.414696,68.082713,0,0.209328192,0.849569225,0.484162837,0.105957749,-0.406047896,0.525946293,-0.7473327540000001,0.8660028120000001,-0.889554231,-0.040155785,0.455061089,0.351225367,0.0,0.0,0.0,1.0
45,1790406308734760000,FR_calf,1790406308723091983,1790406308791174696,0.171380024,11.668016999999999,56.414696,68.082713,0,0.495997788,0.84954955,-0.179587219,0.00311065,-0.770806008,0.5260018129999999,0.359417353,1.024577348,0.399805979,-0.039843603,0.9157333,0.254442839,0.0,0.0,0.0,1.0
45,1790406308734760000,FR_calflower,1790406308723091983,1790406308791174696,0.171380024,11.668016999999999,56.414696,68.082713,0,0.50435354,0.84954955,-0.154573225,0.039454624,-0.787806082,0.5260018129999999,0.320443931,0.956076367,0.353538736,-0.039843603,0.9345708429999999,0.126895863,0.0,0.0,0.0,1.0
45,1790406308734760000,FR_calflower1,1790406308723091983,1790406308791174696,0.171380024,11.668016999999999,56.414696,68.082713,0,0.518737725,0.84954955,0.095794296,0.040576762,-0.846754329,0.5260018129999999,-0.079560303,0.951118606,-0.117978289,-0.039843603,0.992216419,0.08598446400000001,0.0,0.0,0.0,1.0
45,1790406308734760000,FR_foot,1790406308723091983,1790406308791174696,0.171380024,11.668016999999999,56.414696,68.082713,0,0.495997788,0.84954955,-0.179587219,0.041179752,-0.770806008,0.5260018129999999,0.359417353,0.948099914,0.399805979,-0.039843603,0.9157333,0.059388473,0.0,0.0,0.0,1.0
45,1790406308734760000,RL_hip,1790406308723091983,1790406308791174696,0.171380024,11.668016999999999,56.414696,68.082713,0,0.068364975,0.942023665,0.328507927,0.24961902600000002,-0.183578484,0.335533893,-0.9239678509999999,1.013275306,-0.9806247840000001,0.00285976,0.19587410600000002,0.728112854,0.0,0.0,0.0,1.0
45,1790406308734760000,RL_thigh,1790406308723091983,1790406308791174696,0.171380024,11.668016999999999,56.414696,68.082713,0,-0.24463717100000001,0.942028532,0.229640398,0.339581625,0.692493568,0.335520851,-0.6386541,1.045318558,-0.678679403,0.002785675,-0.734429247,0.728385959,0.0,0.0,0.0,1.0
45,1790406308734760000,RL_calf,1790406308723091983,1790406308791174696,0.171380024,11.668016999999999,56.414696,68.082713,0,0.212425958,0.9420308340000001,0.259717027,0.290719651,-0.590054246,0.33551470699999997,-0.734347677,1.181247787,-0.778916705,0.002747083,0.627121225,0.884701291,0.0,0.0,0.0,1.0
45,1790406308734760000,RL_calflower,1790406308723091983,1790406308791174696,0.171380024,11.668016999999999,56.414696,68.082713,0,0.19918004,0.9420308340000001,0.270009321,0.256578549,-0.552614745,0.33551470699999997,-0.762920355,1.277959437,-0.80928626,0.002747083,0.5874078770000001,0.7765085359999999,0.0,0.0,0.0,1.0
45,1790406308734760000,RL_calflower1,1790406308723091983,1790406308791174696,0.171380024,11.668016999999999,56.414696,68.082713,0,0.051987002000000004,0.9420308340000001,0.331474091,0.243807732,-0.13786574099999999,0.33551470699999997,-0.931892462,1.313938404,-0.989085529,0.002747083,0.147316263,0.761134933,0.0,0.0,0.0,1.0
45,1790406308734760000,RL_foot,1790406308723091983,1790406308791174696,0.171380024,11.668016999999999,56.414696,68.082713,0,0.212425958,0.9420308340000001,0.259717027,0.235483732,-0.590054246,0.33551470699999997,-0.734347677,1.337387413,-0.778916705,0.002747083,0.627121225,0.751372833,0.0,0.0,0.0,1.0
45,1790406308734760000,RR_hip,1790406308723091983,1790406308791174696,0.171380024,11.668016999999999,56.414696,68.082713,0,0.068364975,0.969299912,0.23618578399999998,0.160385324,-0.183578484,0.24491927100000002,-0.952005322,0.98711055,-0.9806247840000001,0.021724907999999998,0.1946866,0.726790077,0.0,0.0,0.0,1.0
45,1790406308734760000,RR_thigh,1790406308723091983,1790406308791174696,0.171380024,11.668016999999999,56.414696,68.082713,0,-0.16369521,0.969321028,0.183358761,0.067825702,0.708054602,0.244863859,-0.662345087,0.963722842,-0.68692285,0.021405012999999997,-0.726414918,0.724715552,0.0,0.0,0.0,1.0
45,1790406308734760000,RR_calf,1790406308723091983,1790406308791174696,0.171380024,11.668016999999999,56.414696,68.082713,0,0.186467749,0.969322747,0.160134331,0.028873206000000002,-0.675919547,0.244859477,-0.69510952,1.10463786,-0.712995543,0.021377299,0.700842477,0.879271921,0.0,0.0,0.0,1.0
45,1790406308734760000,RR_calflower,1790406308723091983,1790406308791174696,0.171380024,11.668016999999999,56.414696,68.082713,0,0.178231332,0.969322747,0.169253708,0.008894362,-0.6403338279999999,0.244859477,-0.7280227109999999,1.19386065,-0.747132008,0.021377299,0.664331682,0.761452171,0.0,0.0,0.0,1.0
45,1790406308734760000,RR_calflower1,1790406308723091983,1790406308791174696,0.171380024,11.668016999999999,56.414696,68.082713,0,0.079932449,0.969322747,0.23243069800000002,0.00034910199999999995,-0.23178712699999998,0.244859477,-0.9414452759999999,1.229332777,-0.969476835,0.021377299,0.244248826,0.742378182,0.0,0.0,0.0,1.0
45,1790406308734760000,RR_foot,1790406308723091983,1790406308791174696,0.171380024,11.668016999999999,56.414696,68.082713,0,0.186467749,0.969322747,0.160134331,-0.005231722,-0.675919547,0.244859477,-0.69510952,1.252475053,-0.712995543,0.021377299,0.700842477,0.730203155,0.0,0.0,0.0,1.0
46,1790406308798759000,FL_hip,1790406308791174696,1790406308848375959,0.1325898,7.5843039999999995,49.616959,57.201263,0,0.047776427999999996,0.959925162,0.276153783,0.24172339,-0.197898037,0.280085595,-0.939355655,0.925138818,-0.9790574940000001,-0.009771506,0.20334889,0.35870268899999996,0.0,0.0,0.0,1.0
46,1790406308798759000,FL_thigh,1790406308791174696,1790406308848375959,0.1325898,7.5843039999999995,49.616959,57.201263,0,0.073227677,0.9600199770000001,0.270183578,0.332995314,-0.290886679,0.279690899,-0.914963693,0.9517402620000001,-0.953950972,-0.011592409,0.2997382,0.357779605,0.0,0.0,0.0,1.0
46,1790406308798759000,FL_calf,1790406308791174696,1790406308848375959,0.1325898,7.5843039999999995,49.616959,57.201263,0,0.22955817399999998,0.959893825,-0.160955597,0.275803932,-0.766873349,0.280215143,0.5773953239999999,1.145602324,0.599340347,-0.009113531,0.800442329,0.294185828,0.0,0.0,0.0,1.0
46,1790406308798759000,FL_calflower,1790406308791174696,1790406308848375959,0.1325898,7.5843039999999995,49.616959,57.201263,0,0.237315713,0.959893825,-0.149281318,0.304164383,-0.7947726959999999,0.280215142,0.538346037,1.045188976,0.558585886,-0.00911353,0.829396517,0.187642757,0.0,0.0,0.0,1.0
46,1790406308798759000,FL_calflower1,1790406308791174696,1790406308848375959,0.1325898,7.5843039999999995,49.616959,57.201263,0,0.279432836,0.959893825,-0.022824316,0.307777571,-0.953556335,0.280215142,0.110500721,1.031640261,0.112464804,-0.009113531,0.9936138290000001,0.148878523,0.0,0.0,0.0,1.0
46,1790406308798759000,FL_foot,1790406308791174696,1790406308848375959,0.1325898,7.5843039999999995,49.616959,57.201263,0,0.22955817399999998,0.959893825,-0.160955597,0.310060619,-0.766873349,0.280215143,0.5773953239999999,1.023056449,0.599340347,-0.009113531,0.800442329,0.123623267,0.0,0.0,0.0,1.0
46,1790406308798759000,FR_hip,1790406308791174696,1790406308848375959,0.1325898,7.5843039999999995,49.616959,57.201263,0,0.047776427999999996,0.9230810779999999,0.381626195,0.153347168,-0.197898037,0.38323630799999997,-0.9022011520000001,0.896220109,-0.9790574940000001,-0.032419407000000004,0.20098565899999998,0.36023547,0.0,0.0,0.0,1.0
46,1790406308798759000,FR_thigh,1790406308791174696,1790406308848375959,0.1325898,7.5843039999999995,49.616959,57.201263,0,0.169280684,0.923085252,0.345336766,0.065344789,-0.480736483,0.383218933,-0.788692781,0.859676873,-0.860369927,-0.03250581,0.508632274,0.363327649,0.0,0.0,0.0,1.0
46,1790406308798759000,FR_calf,1790406308791174696,1790406308848375959,0.1325898,7.5843039999999995,49.616959,57.201263,0,0.35708194,0.923099697,-0.142755923,-0.008100632,-0.822333373,0.383157433,0.42066474200000004,1.027352635,0.44301346700000005,-0.032819102999999995,0.8959139490000001,0.25505818399999997,0.0,0.0,0.0,1.0
46,1790406308798759000,FR_calflower,1790406308791174696,1790406308848375959,0.1325898,7.5843039999999995,49.616959,57.201263,0,0.36377050299999997,0.923099697,-0.12473085699999999,0.020079708,-0.842330145,0.383157433,0.37903948200000004,0.948728107,0.39768278,-0.032819102999999995,0.916935735,0.131316811,0.0,0.0,0.0,1.0
46,1790406308798759000,FR_calflower1,1790406308791174696,1790406308848375959,0.1325898,7.5843039999999995,49.616959,57.201263,0,0.38026070100000003,0.923099697,0.057346006,0.02141592,-0.9221751009999999,0.383157433,-0.052764424000000004,0.941983265,-0.070679221,-0.032819102999999995,0.996958968,0.090667242,0.0,0.0,0.0,1.0
46,1790406308798759000,FR_foot,1790406308791174696,1790406308848375959,0.1325898,7.5843039999999995,49.616959,57.201263,0,0.35708194,0.923099697,-0.142755923,0.022192088,-0.822333373,0.383157433,0.42066474200000004,0.937820346,0.44301346700000005,-0.032819102999999995,0.8959139490000001,0.064229951,0.0,0.0,0.0,1.0
46,1790406308798759000,RL_hip,1790406308791174696,1790406308848375959,0.1325898,7.5843039999999995,49.616959,57.201263,0,0.047776427999999996,0.936428294,0.347590676,0.223243468,-0.197898037,0.349963806,-0.915621276,1.001685779,-0.9790574940000001,-0.025042677000000003,0.20203741600000003,0.7374021279999999,0.0,0.0,0.0,1.0
46,1790406308798759000,RL_thigh,1790406308791174696,1790406308848375959,0.1325898,7.5843039999999995,49.616959,57.201263,0,-0.25175643600000003,0.936426647,0.24438422199999998,0.312656418,0.620562705,0.349970605,-0.701728668,1.0351016020000001,-0.742644581,-0.025009253,-0.669218494,0.73501093,0.0,0.0,0.0,1.0
46,1790406308798759000,RL_calf,1790406308791174696,1790406308848375959,0.1325898,7.5843039999999995,49.616959,57.201263,0,0.24072829699999998,0.936437092,0.255216132,0.260604836,-0.693201532,0.34992651700000005,-0.630098158,1.1845463520000001,-0.6793538659999999,-0.025234036,0.73337671,0.877558197,0.0,0.0,0.0,1.0
46,1790406308798759000,RL_calflower,1790406308791174696,1790406308848375959,0.1325898,7.5843039999999995,49.616959,57.201263,0,0.22767195899999998,0.936437093,0.266928579,0.227641173,-0.660843428,0.349926516,-0.663956336,1.263895776,-0.715158409,-0.025234036,0.698506638,0.7554619779999999,0.0,0.0,0.0,1.0
46,1790406308798759000,RL_calflower1,1790406308791174696,1790406308848375959,0.1325898,7.5843039999999995,49.616959,57.201263,0,0.078681813,0.936437092,0.34189846399999996,0.21468968800000002,-0.279563556,0.34992651700000005,-0.894089632,1.2970481109999998,-0.956897697,-0.025234036,0.289326581,0.7346792740000001,0.0,0.0,0.0,1.0
46,1790406308798759000,RL_foot,1790406308791174696,1790406308848375959,0.1325898,7.5843039999999995,49.616959,57.201263,0,0.24072829699999998,0.936437092,0.255216132,0.206241535,-0.693201532,0.34992651700000005,-0.630098158,1.318692489,-0.6793538659999999,-0.025234036,0.73337671,0.7213893859999999,0.0,0.0,0.0,1.0
46,1790406308798759000,RR_hip,1790406308791174696,1790406308848375959,0.1325898,7.5843039999999995,49.616959,57.201263,0,0.047776427999999996,0.969692619,0.239611047,0.134867246,-0.197898037,0.244318843,-0.949286727,0.97276707,-0.9790574940000001,-0.002065295,0.203573053,0.738934909,0.0,0.0,0.0,1.0
46,1790406308798759000,RR_thigh,1790406308791174696,1790406308848375959,0.1325898,7.5843039999999995,49.616959,57.201263,0,-0.158134394,0.969693892,0.18624469100000002,0.04226371,0.621072347,0.24431356399999998,-0.744701713,0.9494351409999999,-0.767634684,-0.002091795,-0.6408841129999999,0.739132142,0.0,0.0,0.0,1.0
46,1790406308798759000,RR_calf,1790406308791174696,1790406308848375959,0.1325898,7.5843039999999995,49.616959,57.201263,0,0.190645282,0.969693831,0.152800742,0.0025999210000000003,-0.76197565,0.24431381800000002,-0.599753688,1.108049657,-0.618908462,-0.002090502,0.785460231,0.875636705,0.0,0.0,0.0,1.0
46,1790406308798759000,RR_calflower,1790406308791174696,1790406308848375959,0.1325898,7.5843039999999995,49.616959,57.201263,0,0.182770171,0.96969383,0.162138074,-0.016203403,-0.7310481879999999,0.24431381800000002,-0.637087062,1.1815687259999998,-0.657391637,-0.002090502,0.75354608,0.747014635,0.0,0.0,0.0,1.0
46,1790406308798759000,RR_calflower1,1790406308791174696,1790406308848375959,0.1325898,7.5843039999999995,49.616959,57.201263,0,0.08724422800000001,0.969693831,0.228215107,-0.024516602000000002,-0.354242492,0.24431381800000002,-0.902675819,1.2143608190000001,-0.931074932,-0.0020905010000000003,0.364821778,0.723447572,0.0,0.0,0.0,1.0
46,1790406308798759000,RR_foot,1790406308791174696,1790406308848375959,0.1325898,7.5843039999999995,49.616959,57.201263,0,0.190645282,0.969693831,0.152800742,-0.029948307999999996,-0.76197565,0.24431381800000002,-0.599753688,1.235789138,-0.618908462,-0.002090502,0.785460231,0.7083393090000001,0.0,0.0,0.0,1.0
47,1790406308866758000,FL_hip,1790406308848375959,1790406308917051190,0.267666242,18.382041,50.29319,68.67523100000001,0,0.060959813,0.837195228,0.543495985,0.222189826,-0.21994532100000003,0.542391273,-0.810824491,0.928790236,-0.973605543,-0.07011198099999999,0.217201279,0.347100113,0.0,0.0,0.0,1.0
47,1790406308866758000,FL_thigh,1790406308848375959,1790406308917051190,0.267666242,18.382041,50.29319,68.67523100000001,0,0.066318533,0.837171243,0.542905145,0.302054844,-0.227212158,0.5424789179999999,-0.808759452,0.980530146,-0.97158442,-0.069719201,0.226191922,0.340412169,0.0,0.0,0.0,1.0
47,1790406308866758000,FL_calf,1790406308848375959,1790406308917051190,0.267666242,18.382041,50.29319,68.67523100000001,0,0.467721461,0.837296565,-0.283144719,0.18656554399999997,-0.642296628,0.542041427,0.541891803,1.152583479,0.607200205,-0.071591819,0.791316853,0.292290407,0.0,0.0,0.0,1.0
47,1790406308866758000,FL_calflower,1790406308848375959,1790406308917051190,0.267666242,18.382041,50.29319,68.67523100000001,0,0.481288269,0.837296565,-0.259414532,0.237509978,-0.668577227,0.542041427,0.509113127,1.059686072,0.566892003,-0.071591819,0.820675275,0.187540782,0.0,0.0,0.0,1.0
47,1790406308866758000,FL_calflower1,1790406308848375959,1790406308917051190,0.267666242,18.382041,50.29319,68.67523100000001,0,0.54669248,0.837296565,-0.007850473,0.243008566,-0.828122446,0.542041427,0.142845719,1.046003645,0.123859577,-0.071591819,0.989713724,0.149129982,0.0,0.0,0.0,1.0
47,1790406308866758000,FL_foot,1790406308848375959,1790406308917051190,0.267666242,18.382041,50.29319,68.67523100000001,0,0.467721461,0.837296565,-0.283144719,0.246452951,-0.642296628,0.542041427,0.541891803,1.037302358,0.607200205,-0.071591819,0.791316853,0.124101825,0.0,0.0,0.0,1.0
47,1790406308866758000,FR_hip,1790406308848375959,1790406308917051190,0.267666242,18.382041,50.29319,68.67523100000001,0,0.060959813,0.970902073,0.23158778300000002,0.134625221,-0.21994532100000003,0.239382233,-0.945685357,0.8975024779999999,-0.973605543,0.00671189,0.228138195,0.34868566100000004,0.0,0.0,0.0,1.0
47,1790406308866758000,FR_thigh,1790406308848375959,1790406308917051190,0.267666242,18.382041,50.29319,68.67523100000001,0,0.133373309,0.970880517,0.199003559,0.042052132,-0.515833348,0.23945986,-0.822542111,0.8746749770000001,-0.84624312,0.0070522269999999995,0.5327501170000001,0.348046378,0.0,0.0,0.0,1.0
47,1790406308866758000,FR_calf,1790406308848375959,1790406308917051190,0.267666242,18.382041,50.29319,68.67523100000001,0,0.202704064,0.970938264,-0.127239084,-0.00024139400000000003,-0.8356828190000001,0.239251217,0.49436188600000003,1.049563416,0.5104370020000001,0.00612209,0.8598932640000001,0.23465333600000002,0.0,0.0,0.0,1.0
47,1790406308866758000,FR_calflower,1790406308848375959,1790406308917051190,0.267666242,18.382041,50.29319,68.67523100000001,0,0.20881004,0.970938264,-0.116949087,0.022537866,-0.859346229,0.239251217,0.451977329,0.959785639,0.46682233700000003,0.00612209,0.8843298390000001,0.11760051099999999,0.0,0.0,0.0,1.0
47,1790406308866758000,FR_calflower1,1790406308848375959,1790406308917051190,0.267666242,18.382041,50.29319,68.67523100000001,0,0.239218099,0.970938264,-0.007309119,0.025102533,-0.9709494609999999,0.239251217,0.004073403,0.9502981229999999,0.005703939,0.00612209,0.999964911,0.077567684,0.0,0.0,0.0,1.0
47,1790406308866758000,FR_foot,1790406308848375959,1790406308917051190,0.267666242,18.382041,50.29319,68.67523100000001,0,0.202704064,0.970938264,-0.127239084,0.026712856,-0.8356828190000001,0.239251217,0.49436188600000003,0.944362248,0.5104370020000001,0.00612209,0.8598932640000001,0.051512977,0.0,0.0,0.0,1.0
47,1790406308866758000,RL_hip,1790406308848375959,1790406308917051190,0.267666242,18.382041,50.29319,68.67523100000001,0,0.060959813,0.939916662,0.33591725899999997,0.198610571,-0.21994532100000003,0.34091992600000004,-0.914001232,1.013865086,-0.973605543,-0.018166361000000002,0.227512788,0.7236907370000001,0.0,0.0,0.0,1.0
47,1790406308866758000,RL_thigh,1790406308848375959,1790406308917051190,0.267666242,18.382041,50.29319,68.67523100000001,0,-0.23826140199999998,0.939921731,0.24449638,0.288358249,0.616771333,0.340901665,-0.709492615,1.04641763,-0.750216639,-0.018246624,-0.660940159,0.721956149,0.0,0.0,0.0,1.0
47,1790406308866758000,RL_calf,1790406308848375959,1790406308917051190,0.267666242,18.382041,50.29319,68.67523100000001,0,0.256756781,0.9399178970000001,0.22501141800000002,0.236302939,-0.740988522,0.34091547299999997,-0.578544072,1.1975202109999998,-0.620493478,-0.01818604,0.784000606,0.8627346370000001,0.0,0.0,0.0,1.0
47,1790406308866758000,RL_calflower,1790406308848375959,1790406308917051190,0.267666242,18.382041,50.29319,68.67523100000001,0,0.245190018,0.9399178970000001,0.237562702,0.208140092,-0.711147328,0.34091547299999997,-0.614855033,1.268308892,-0.6589017220000001,-0.01818604,0.752009061,0.734296829,0.0,0.0,0.0,1.0
47,1790406308866758000,RL_calflower1,1790406308848375959,1790406308917051190,0.267666242,18.382041,50.29319,68.67523100000001,0,0.10778079300000001,0.9399178970000001,0.323940555,0.19618753,-0.346856819,0.34091547299999997,-0.873766319,1.300008772,-0.9317046059999999,-0.01818604,0.362761125,0.7108069509999999,0.0,0.0,0.0,1.0
47,1790406308866758000,RL_foot,1790406308848375959,1790406308917051190,0.267666242,18.382041,50.29319,68.67523100000001,0,0.256756781,0.9399178970000001,0.22501141800000002,0.188382269,-0.740988522,0.34091547299999997,-0.578544072,1.320724458,-0.620493478,-0.01818604,0.784000606,0.695749081,0.0,0.0,0.0,1.0
47,1790406308866758000,RR_hip,1790406308848375959,1790406308917051190,0.267666242,18.382041,50.29319,68.67523100000001,0,0.060959813,0.962878978,0.262959712,0.111045966,-0.21994532100000003,0.269932088,-0.9374226990000001,0.982577328,-0.973605543,-0.0006919130000000001,0.228235857,0.725276285,0.0,0.0,0.0,1.0
47,1790406308866758000,RR_thigh,1790406308848375959,1790406308917051190,0.267666242,18.382041,50.29319,68.67523100000001,0,-0.162081904,0.9628684129999999,0.21590208600000002,0.019124844,0.576530222,0.26997015399999996,-0.771187145,0.956808633,-0.800838742,-0.00052167,-0.598879684,0.7253422620000001,0.0,0.0,0.0,1.0
47,1790406308866758000,RR_calf,1790406308848375959,1790406308917051190,0.267666242,18.382041,50.29319,68.67523100000001,0,0.217404121,0.962890751,0.159927121,-0.026871726000000002,-0.777556424,0.26988954600000004,-0.567949147,1.121002365,-0.5900353079999999,-0.0008781419999999999,0.807376865,0.8529047270000001,0.0,0.0,0.0,1.0
47,1790406308866758000,RR_calflower,1790406308848375959,1790406308917051190,0.267666242,18.382041,50.29319,68.67523100000001,0,0.209139398,0.962890751,0.170592931,-0.046201159000000006,-0.7481990540000001,0.26988954600000004,-0.6061009829999999,1.18946048,-0.629649943,-0.0008781419999999999,0.77687838,0.721633816,0.0,0.0,0.0,1.0
47,1790406308866758000,RR_calflower1,1790406308848375959,1790406308917051190,0.267666242,18.382041,50.29319,68.67523100000001,0,0.106729321,0.962890751,0.247891282,-0.055114549000000006,-0.38376395,0.26988954600000004,-0.883111237,1.221169443,-0.91724256,-0.0008781419999999999,0.398327947,0.696860852,0.0,0.0,0.0,1.0
47,1790406308866758000,RR_foot,1790406308848375959,1790406308917051190,0.267666242,18.382041,50.29319,68.67523100000001,0,0.217404121,0.962890751,0.159927121,-0.060941612,-0.777556424,0.26988954600000004,-0.567949147,1.241900119,-0.5900353079999999,-0.0008781419999999999,0.807376865,0.68096437,0.0,0.0,0.0,1.0
48,1790406308934761000,FL_hip,1790406308917051190,1790406308985121515,0.260169318,17.70981,50.360515,68.070325,0,0.0706965,0.760802924,0.645120751,0.213402127,-0.223271448,0.642399018,-0.733126127,0.934503649,-0.9721891090000001,-0.092207886,0.21528094899999997,0.333181269,0.0,0.0,0.0,1.0
48,1790406308934761000,FL_thigh,1790406308917051190,1790406308985121515,0.260169318,17.70981,50.360515,68.070325,0,0.116805207,0.760813785,0.638371988,0.286057552,-0.275555256,0.6423623279999999,-0.71515068,0.995851701,-0.954162284,-0.09237372699999999,0.284677495,0.324375567,0.0,0.0,0.0,1.0
48,1790406308934761000,FL_calf,1790406308917051190,1790406308985121515,0.260169318,17.70981,50.360515,68.070325,0,0.600659165,0.760783544,-0.24579836100000002,0.150310565,-0.643332592,0.642455436,0.41638293,1.147919629,0.4746917,-0.09197442,0.875333274,0.26384940100000004,0.0,0.0,0.0,1.0
48,1790406308934761000,FL_calflower,1790406308917051190,1790406308985121515,0.260169318,17.70981,50.360515,68.070325,0,0.612193295,0.760783544,-0.21547073100000003,0.198573022,-0.663339067,0.642455436,0.38370933100000004,1.073692299,0.43035002899999997,-0.091974419,0.8979640329999999,0.144202792,0.0,0.0,0.0,1.0
48,1790406308934761000,FL_calflower1,1790406308917051190,1790406308985121515,0.260169318,17.70981,50.360515,68.070325,0,0.642512241,0.760783544,0.091576671,0.20107177399999998,-0.765567363,0.642455436,0.034032061,1.065009857,-0.0329428,-0.09197442,0.995216219,0.104115808,0.0,0.0,0.0,1.0
48,1790406308934761000,FL_foot,1790406308917051190,1790406308985121515,0.260169318,17.70981,50.360515,68.070325,0,0.600659165,0.760783544,-0.24579836100000002,0.202540313,-0.643332592,0.642455436,0.41638293,1.059547129,0.4746917,-0.09197442,0.875333274,0.078035232,0.0,0.0,0.0,1.0
48,1790406308934761000,FR_hip,1790406308917051190,1790406308985121515,0.260169318,17.70981,50.360515,68.070325,0,0.0706965,0.983181034,0.16839515100000002,0.12765954300000001,-0.223271448,0.180131005,-0.957968286,0.898543772,-0.9721891090000001,0.030126932000000002,0.23225104800000002,0.33520468,0.0,0.0,0.0,1.0
48,1790406308934761000,FR_thigh,1790406308917051190,1790406308985121515,0.260169318,17.70981,50.360515,68.070325,0,0.118014013,0.98316121,0.139522742,0.033846523999999996,-0.49907914600000003,0.18019377600000003,-0.84761475,0.881354836,-0.85848271,0.030397282999999997,0.511940706,0.33233031399999996,0.0,0.0,0.0,1.0
48,1790406308934761000,FR_calf,1790406308917051190,1790406308985121515,0.260169318,17.70981,50.360515,68.070325,0,0.132512951,0.9832358,-0.125249936,0.004174420999999999,-0.8158279820000001,0.17995936699999998,0.549581555,1.0617154340000001,0.562908195,0.029355485,0.82599786,0.223338197,0.0,0.0,0.0,1.0
48,1790406308934761000,FR_calflower,1790406308917051190,1790406308985121515,0.260169318,17.70981,50.360515,68.070325,0,0.138607232,0.9832358,-0.11847052,0.025235907999999998,-0.842276039,0.17995936699999998,0.508120316,0.9641774890000001,0.52092202,0.029355486,0.8530992620000001,0.112410983,0.0,0.0,0.0,1.0
48,1790406308934761000,FR_calflower1,1790406308917051190,1790406308985121515,0.260169318,17.70981,50.360515,68.070325,0,0.17765113,0.9832358,-0.041076816,0.028553666000000002,-0.9817339509999999,0.17995936699999998,0.061754606,0.9522821909999999,0.068111713,0.029355485,0.9972456540000001,0.073104584,0.0,0.0,0.0,1.0
48,1790406308934761000,FR_foot,1790406308917051190,1790406308985121515,0.260169318,17.70981,50.360515,68.070325,0,0.132512951,0.9832358,-0.125249936,0.030669222000000003,-0.8158279820000001,0.17995936699999998,0.549581555,0.944782025,0.562908195,0.029355485,0.82599786,0.047507247999999995,0.0,0.0,0.0,1.0
48,1790406308934761000,RL_hip,1790406308917051190,1790406308985121515,0.260169318,17.70981,50.360515,68.070325,0,0.0706965,0.90457326,0.42041537700000003,0.186056721,-0.223271448,0.425126166,-0.877164842,1.020865046,-0.9721891090000001,-0.031854544,0.23202040699999998,0.709224016,0.0,0.0,0.0,1.0
48,1790406308934761000,RL_thigh,1790406308917051190,1790406308985121515,0.260169318,17.70981,50.360515,68.070325,0,-0.310762275,0.904587947,0.291800143,0.27243382899999996,0.606111091,0.425080165,-0.672262415,1.061460002,-0.7321588259999999,-0.032050772000000005,-0.68037934,0.7061822609999999,0.0,0.0,0.0,1.0
48,1790406308934761000,RL_calf,1790406308917051190,1790406308985121515,0.260169318,17.70981,50.360515,68.070325,0,0.314072817,0.904578859,0.288262416,0.210341167,-0.7152057690000001,0.425108541,-0.5547648079999999,1.204604466,-0.624371015,-0.031930675,0.780474928,0.851051465,0.0,0.0,0.0,1.0
48,1790406308934761000,RL_calflower,1790406308917051190,1790406308985121515,0.260169318,17.70981,50.360515,68.070325,0,0.29927319199999997,0.904578859,0.303599262,0.173959317,-0.6865852640000001,0.425108541,-0.589816886,1.27238796,-0.6625982020000001,-0.031930675,0.748293993,0.723063783,0.0,0.0,0.0,1.0
48,1790406308934761000,RL_calflower1,1790406308917051190,1790406308985121515,0.260169318,17.70981,50.360515,68.070325,0,0.125257985,0.904578859,0.40748913200000003,0.158824262,-0.33663248799999995,0.425108541,-0.8402153609999999,1.302840555,-0.9332678240000001,-0.031930675,0.357758921,0.699760322,0.0,0.0,0.0,1.0
48,1790406308934761000,RL_foot,1790406308917051190,1790406308985121515,0.260169318,17.70981,50.360515,68.070325,0,0.314072817,0.904578859,0.288262416,0.148943544,-0.7152057690000001,0.425108541,-0.5547648079999999,1.322741994,-0.624371015,-0.031930675,0.780474928,0.684824145,0.0,0.0,0.0,1.0
48,1790406308934761000,RR_hip,1790406308917051190,1790406308985121515,0.260169318,17.70981,50.360515,68.070325,0,0.0706965,0.9332072090000001,0.35231545200000003,0.100314137,-0.223271448,0.359041803,-0.906222599,0.984905169,-0.9721891090000001,-0.014595486000000001,0.233741638,0.711247427,0.0,0.0,0.0,1.0
48,1790406308934761000,RR_thigh,1790406308917051190,1790406308985121515,0.260169318,17.70981,50.360515,68.070325,0,-0.222220728,0.9332017220000001,0.282404606,0.011194738000000001,0.544855985,0.359059055,-0.757765865,0.9506173990000001,-0.808548215,-0.014521713,-0.588250583,0.7126412679999999,0.0,0.0,0.0,1.0
48,1790406308934761000,RR_calf,1790406308917051190,1790406308985121515,0.260169318,17.70981,50.360515,68.070325,0,0.267935708,0.933189211,0.239516638,-0.04895187,-0.721811056,0.35909789200000003,-0.591640143,1.111970757,-0.638121787,-0.014364508,0.769801332,0.8379049829999999,0.0,0.0,0.0,1.0
48,1790406308934761000,RR_calflower,1790406308917051190,1790406308985121515,0.260169318,17.70981,50.360515,68.070325,0,0.255630015,0.933189211,0.252608509,-0.078935401,-0.6913392970000001,0.35909789200000003,-0.626976264,1.184899227,-0.6757983320000001,-0.014364508,0.7369464840000001,0.711545687,0.0,0.0,0.0,1.0
48,1790406308934761000,RR_calflower1,1790406308917051190,1790406308985121515,0.260169318,17.70981,50.360515,68.070325,0,0.11009317699999999,0.933189211,0.342107082,-0.091558766,-0.323689864,0.35909789200000003,-0.875370854,1.216804728,-0.9397362290000001,-0.014364508,0.341598193,0.688884336,0.0,0.0,0.0,1.0
48,1790406308934761000,RR_foot,1790406308917051190,1790406308985121515,0.260169318,17.70981,50.360515,68.070325,0,0.267935708,0.933189211,0.239516638,-0.09980115,-0.721811056,0.35909789200000003,-0.591640143,1.237648313,-0.638121787,-0.014364508,0.769801332,0.674367026,0.0,0.0,0.0,1.0
49,1790406308998756000,FL_hip,1790406308985121515,1790406309043887908,0.23201160199999998,13.634485,45.131908,58.76639300000001,0,0.107739608,0.752590048,0.6496155029999999,0.21224999600000002,-0.20549851,0.656165961,-0.7260971909999999,0.9413668079999999,-0.972708762,-0.055265895999999995,0.225351212,0.33282870800000003,0.0,0.0,0.0,1.0
49,1790406308998756000,FL_thigh,1790406308985121515,1790406309043887908,0.23201160199999998,13.634485,45.131908,58.76639300000001,0,0.21717578199999998,0.752593885,0.621640595,0.28410885,-0.326619565,0.656158627,-0.680276454,1.004019079,-0.919866402,-0.055300714,0.388313607,0.327551766,0.0,0.0,0.0,1.0
49,1790406308998756000,FL_calf,1790406308985121515,1790406309043887908,0.23201160199999998,13.634485,45.131908,58.76639300000001,0,0.6283254,0.752587792,-0.197024644,0.151724474,-0.6904770029999999,0.656170258,0.30443823600000003,1.148887486,0.358398179,-0.055245595,0.9319326659999999,0.24485041100000002,0.0,0.0,0.0,1.0
49,1790406308998756000,FL_calflower,1790406308985121515,1790406309043887908,0.23201160199999998,13.634485,45.131908,58.76639300000001,0,0.637387285,0.752587792,-0.165375233,0.193447987,-0.704829657,0.656170258,0.2695483,1.090028657,0.311373054,-0.055245595,0.948680436,0.11409079,0.0,0.0,0.0,1.0
49,1790406308998756000,FL_calflower1,1790406308985121515,1790406309043887908,0.23201160199999998,13.634485,45.131908,58.76639300000001,0,0.641726125,0.752587792,0.147645183,0.19369054,-0.749652118,0.656170258,-0.086387684,1.0862947040000002,-0.161894551,-0.055245595,0.985260322,0.07303016400000001,0.0,0.0,0.0,1.0
49,1790406308998756000,FL_foot,1790406308985121515,1790406309043887908,0.23201160199999998,13.634485,45.131908,58.76639300000001,0,0.6283254,0.752587792,-0.197024644,0.193690444,-0.6904770029999999,0.656170258,0.30443823600000003,1.084049155,0.358398179,-0.055245595,0.9319326659999999,0.046347745,0.0,0.0,0.0,1.0
49,1790406308998756000,FR_hip,1790406308985121515,1790406309043887908,0.23201160199999998,13.634485,45.131908,58.76639300000001,0,0.107739608,0.9865510590000001,0.12291903300000001,0.12786355900000002,-0.20549851,0.143067398,-0.968143904,0.902293357,-0.972708762,0.079047521,0.218148979,0.331736705,0.0,0.0,0.0,1.0
49,1790406308998756000,FR_thigh,1790406308985121515,1790406309043887908,0.23201160199999998,13.634485,45.131908,58.76639300000001,0,0.13599544800000002,0.986533357,0.09086847,0.033652012,-0.448637434,0.143102021,-0.882182975,0.888630996,-0.88330602,0.079205626,0.462057105,0.324187997,0.0,0.0,0.0,1.0
49,1790406308998756000,FR_calf,1790406308985121515,1790406309043887908,0.23201160199999998,13.634485,45.131908,58.76639300000001,0,0.06434534,0.9865680370000001,-0.150143567,0.01431781,-0.784207833,0.143035834,0.603787514,1.076412503,0.6171533889999999,0.07889260299999999,0.782877688,0.225831,0.0,0.0,0.0,1.0
49,1790406308998756000,FR_calflower,1790406308985121515,1790406309043887908,0.23201160199999998,13.634485,45.131908,58.76639300000001,0,0.071768976,0.9865680370000001,-0.14674,0.037792636,-0.8134045759999999,0.143035834,0.56383888,0.971430858,0.577254532,0.07889260299999999,0.812744109,0.12236538400000001,0.0,0.0,0.0,1.0
49,1790406308998756000,FR_calflower1,1790406308985121515,1790406309043887908,0.23201160199999998,13.634485,45.131908,58.76639300000001,0,0.13142019300000002,0.9865680370000001,-0.097016216,0.042935108,-0.981854783,0.143035834,0.12450893,0.957019492,0.136713534,0.07889260299999999,0.98746402,0.08410471900000001,0.0,0.0,0.0,1.0
49,1790406308998756000,FR_foot,1790406308985121515,1790406309043887908,0.23201160199999998,13.634485,45.131908,58.76639300000001,0,0.06434534,0.9865680370000001,-0.150143567,0.046249503,-0.784207833,0.143035834,0.603787514,0.947882118,0.6171533889999999,0.07889260299999999,0.782877688,0.059171021,0.0,0.0,0.0,1.0
49,1790406308998756000,RL_hip,1790406308985121515,1790406309043887908,0.23201160199999998,13.634485,45.131908,58.76639300000001,0,0.107739608,0.8775932609999999,0.467142537,0.170576315,-0.20549851,0.479388396,-0.853204352,1.020853631,-0.972708762,-0.004073487,0.23199330699999998,0.709072457,0.0,0.0,0.0,1.0
49,1790406308998756000,RL_thigh,1790406308985121515,1790406309043887908,0.23201160199999998,13.634485,45.131908,58.76639300000001,0,-0.33940741399999996,0.8775944379999999,0.33857128299999995,0.254386444,0.6152790579999999,0.47938614700000004,-0.625796405,1.066635208,-0.711501718,-0.004084413,-0.702672361,0.7086834390000001,0.0,0.0,0.0,1.0
49,1790406308998756000,RL_calf,1790406308985121515,1790406309043887908,0.23201160199999998,13.634485,45.131908,58.76639300000001,0,0.363236369,0.8775923720000001,0.312875173,0.182300842,-0.6704428379999999,0.47939009,-0.566296813,1.1998784359999999,-0.646966699,-0.004065614,0.762507301,0.8582952629999999,0.0,0.0,0.0,1.0
49,1790406308998756000,RL_calflower,1790406308985121515,1790406309043887908,0.23201160199999998,13.634485,45.131908,58.76639300000001,0,0.347145176,0.8775923720000001,0.330638412,0.143268788,-0.641301915,0.47939009,-0.599097266,1.270267428,-0.6842676409999999,-0.004065614,0.729219508,0.73253018,0.0,0.0,0.0,1.0
49,1790406308998756000,RL_calflower1,1790406308985121515,1790406309043887908,0.23201160199999998,13.634485,45.131908,58.76639300000001,0,0.155234076,0.8775923720000001,0.453579006,0.126575296,-0.292180901,0.47939009,-0.827536102,1.300638193,-0.943680306,-0.004065614,0.33083345399999997,0.710208538,0.0,0.0,0.0,1.0
49,1790406308998756000,RL_foot,1790406308985121515,1790406309043887908,0.23201160199999998,13.634485,45.131908,58.76639300000001,0,0.363236369,0.8775923720000001,0.312875173,0.115672951,-0.6704428379999999,0.47939009,-0.566296813,1.320475419,-0.646966699,-0.004065614,0.762507301,0.6959138579999999,0.0,0.0,0.0,1.0
49,1790406308998756000,RR_hip,1790406308985121515,1790406309043887908,0.23201160199999998,13.634485,45.131908,58.76639300000001,0,0.107739608,0.9300570429999999,0.351263402,0.08618987800000001,-0.20549851,0.36652312299999995,-0.907431375,0.98178018,-0.972708762,0.025581914,0.23061451300000002,0.7079804540000001,0.0,0.0,0.0,1.0
49,1790406308998756000,RR_thigh,1790406308985121515,1790406309043887908,0.23201160199999998,13.634485,45.131908,58.76639300000001,0,-0.20949510699999999,0.930056815,0.301837746,-0.002581624,0.5862226979999999,0.36652355700000006,-0.722498421,0.9467957440000001,-0.7825951090000001,0.025583973,-0.6220049670000001,0.70553889,0.0,0.0,0.0,1.0
49,1790406308998756000,RR_calf,1790406308985121515,1790406309043887908,0.23201160199999998,13.634485,45.131908,58.76639300000001,0,0.27068742100000004,0.9300971709999999,0.2482891,-0.066848984,-0.637408999,0.366446867,-0.677810446,1.100621919,-0.721413988,0.025212774,0.6920447940000001,0.8380425570000001,0.0,0.0,0.0,1.0
49,1790406308998756000,RR_calflower,1790406308985121515,1790406309043887908,0.23201160199999998,13.634485,45.131908,58.76639300000001,0,0.257939849,0.9300971709999999,0.26150753600000004,-0.098186063,-0.602736001,0.366446867,-0.708820531,1.188096172,-0.755100232,0.025212774,0.655124247,0.7212357890000001,0.0,0.0,0.0,1.0
49,1790406308998756000,RR_calflower1,1790406308985121515,1790406309043887908,0.23201160199999998,13.634485,45.131908,58.76639300000001,0,0.10803260199999999,0.9300971709999999,0.35106710700000004,-0.111218723,-0.207305212,0.366446867,-0.9070511459999999,1.222445972,-0.972292807,0.025212774,0.232402317,0.70259162,0.0,0.0,0.0,1.0
49,1790406308998756000,RR_foot,1790406308985121515,1790406309043887908,0.23201160199999998,13.634485,45.131908,58.76639300000001,0,0.27068742100000004,0.9300971709999999,0.2482891,-0.11972688599999999,-0.637408999,0.366446867,-0.677810446,1.244851894,-0.721413988,0.025212774,0.6920447940000001,0.690697273,0.0,0.0,0.0,1.0
50,1790406309534755000,FL_hip,1790406309147233805,1790406309648236244,0.7734916340000001,387.52119500000003,113.48124399999999,501.002439,1,0.08095591099999999,0.7571744429999999,0.648176657,0.151620543,-0.20817224,0.6488137429999999,-0.7319190440000001,0.882377038,-0.974735993,-0.075679492,0.21014806100000002,0.336117451,0.0,0.0,0.0,1.0
50,1790406309534755000,FL_thigh,1790406309147233805,1790406309648236244,0.7734916340000001,387.52119500000003,113.48124399999999,501.002439,1,0.296556369,0.7567639,0.582548449,0.223702533,-0.438870163,0.649754585,-0.620654816,0.944156102,-0.848202363,-0.07160427400000001,0.524809898,0.328910117,0.0,0.0,0.0,1.0
50,1790406309534755000,FL_calf,1790406309147233805,1790406309648236244,0.7734916340000001,387.52119500000003,113.48124399999999,501.002439,1,0.594692385,0.756762412,-0.271388274,0.10088828,-0.638853005,0.649757702,0.411925004,1.075230812,0.48806593600000003,-0.071591729,0.869865573,0.217849177,0.0,0.0,0.0,1.0
50,1790406309534755000,FL_calflower,1790406309147233805,1790406309648236244,0.7734916340000001,387.52119500000003,113.48124399999999,501.002439,1,0.607512935,0.756762412,-0.241326877,0.153034439,-0.658642275,0.649757701,0.37948086200000003,1.002381864,0.44398082200000005,-0.071591729,0.893171598,0.099498343,0.0,0.0,0.0,1.0
50,1790406309534755000,FL_calflower1,1790406309147233805,1790406309648236244,0.7734916340000001,387.52119500000003,113.48124399999999,501.002439,1,0.650300615,0.756762412,0.066481108,0.156738128,-0.759448714,0.649757701,0.032450312,0.9939312579999999,-0.018639309,-0.071591729,0.99725977,0.059554757,0.0,0.0,0.0,1.0
50,1790406309534755000,FL_foot,1790406309147233805,1790406309648236244,0.7734916340000001,387.52119500000003,113.48124399999999,501.002439,1,0.594692385,0.756762412,-0.271388274,0.15898949199999998,-0.638853005,0.649757702,0.411925004,0.988616719,0.48806593600000003,-0.071591729,0.869865573,0.033564134,0.0,0.0,0.0,1.0
50,1790406309534755000,FR_hip,1790406309147233805,1790406309648236244,0.7734916340000001,387.52119500000003,113.48124399999999,501.002439,1,0.08095591099999999,0.906050872,0.415352781,0.072263333,-0.20817224,0.422900161,-0.8819411629999999,0.8340295040000001,-0.974735993,-0.015066821999999999,0.222851036,0.339852005,0.0,0.0,0.0,1.0
50,1790406309534755000,FR_thigh,1790406309147233805,1790406309648236244,0.7734916340000001,387.52119500000003,113.48124399999999,501.002439,1,0.138214908,0.9065300079999999,0.398873362,-0.012769806000000002,-0.34260527799999996,0.421637264,-0.839549929,0.794493352,-0.929256735,-0.020618054,0.368858597,0.341233322,0.0,0.0,0.0,1.0
50,1790406309534755000,FR_calf,1790406309147233805,1790406309648236244,0.7734916340000001,387.52119500000003,113.48124399999999,501.002439,1,0.296218292,0.906672422,-0.300332847,-0.095810113,-0.598342177,0.421251005,0.681567804,0.969742923,0.744474162,-0.022191292,0.6672822629999999,0.263689532,0.0,0.0,0.0,1.0
50,1790406309534755000,FR_calflower,1790406309147233805,1790406309648236244,0.7734916340000001,387.52119500000003,113.48124399999999,501.002439,1,0.310858483,0.9066724209999999,-0.285152765,-0.04715267099999999,-0.631658598,0.421251005,0.650811377,0.8582620790000001,0.7101935490000001,-0.022191292,0.7036565340000001,0.17969495300000002,0.0,0.0,0.0,1.0
50,1790406309534755000,FR_calflower1,1790406309147233805,1790406309648236244,0.7734916340000001,387.52119500000003,113.48124399999999,501.002439,1,0.407407505,0.9066724209999999,-0.10938108199999999,-0.039223373,-0.86080911,0.421251005,0.285579601,0.8386247240000001,0.305004139,-0.022191292,0.952092365,0.144514003,0.0,0.0,0.0,1.0
50,1790406309534755000,FR_foot,1790406309147233805,1790406309648236244,0.7734916340000001,387.52119500000003,113.48124399999999,501.002439,1,0.296218292,0.906672422,-0.300332847,-0.034160821,-0.598342177,0.421251005,0.681567804,0.826052283,0.744474162,-0.022191292,0.6672822629999999,0.12154438,0.0,0.0,0.0,1.0
50,1790406309534755000,RL_hip,1790406309147233805,1790406309648236244,0.7734916340000001,387.52119500000003,113.48124399999999,501.002439,1,0.08095591099999999,0.802863303,0.5906408670000001,0.120306797,-0.20817224,0.593136581,-0.777723445,0.96289806,-0.974735993,-0.059993995999999994,0.215151838,0.7131453329999999,0.0,0.0,0.0,1.0
50,1790406309534755000,RL_thigh,1790406309147233805,1790406309648236244,0.7734916340000001,387.52119500000003,113.48124399999999,501.002439,1,-0.40606251,0.8028639040000001,0.436489135,0.19698020100000002,0.470387424,0.593135051,-0.6533964529999999,1.019542573,-0.7834852840000001,-0.060001078,-0.6185066929999999,0.7074159090000001,0.0,0.0,0.0,1.0
50,1790406309534755000,RL_calf,1790406309147233805,1790406309648236244,0.7734916340000001,387.52119500000003,113.48124399999999,501.002439,1,0.40133691299999996,0.80286327,0.440839232,0.104018079,-0.61215766,0.593136667,-0.522926702,1.1587031209999998,-0.681316245,-0.059993597999999995,0.7295264159999999,0.839144784,0.0,0.0,0.0,1.0
50,1790406309534755000,RL_calflower,1790406309147233805,1790406309648236244,0.7734916340000001,387.52119500000003,113.48124399999999,501.002439,1,0.37880256799999995,0.80286327,0.460346783,0.046800697999999995,-0.58525718,0.593136667,-0.5528683120000001,1.223853077,-0.716925901,-0.059993597999999995,0.694563078,0.7175485979999999,0.0,0.0,0.0,1.0
50,1790406309534755000,RL_calflower1,1790406309147233805,1790406309648236244,0.7734916340000001,387.52119500000003,113.48124399999999,501.002439,1,0.123417397,0.80286327,0.5832483970000001,0.024598824,-0.263817074,0.593136667,-0.760650963,1.251820358,-0.9566444,-0.059993597999999995,0.285012472,0.696935344,0.0,0.0,0.0,1.0
50,1790406309534755000,RL_foot,1790406309147233805,1790406309648236244,0.7734916340000001,387.52119500000003,113.48124399999999,501.002439,1,0.40133691299999996,0.80286327,0.440839232,0.010119448,-0.61215766,0.593136667,-0.522926702,1.270086429,-0.681316245,-0.059993597999999995,0.7295264159999999,0.683755723,0.0,0.0,0.0,1.0
50,1790406309534755000,RR_hip,1790406309147233805,1790406309648236244,0.7734916340000001,387.52119500000003,113.48124399999999,501.002439,1,0.08095591099999999,0.8757949290000001,0.47584594,0.040949587,-0.20817224,0.48174079200000003,-0.851228859,0.914550526,-0.974735993,-0.030146169,0.221316067,0.716879887,0.0,0.0,0.0,1.0
50,1790406309534755000,RR_thigh,1790406309147233805,1790406309648236244,0.7734916340000001,387.52119500000003,113.48124399999999,501.002439,1,-0.339760812,0.8757720370000001,0.34290801299999996,-0.04263281,0.571256933,0.481799209,-0.6644813629999999,0.868573974,-0.7471469070000001,-0.02987641,-0.66398701,0.719757157,0.0,0.0,0.0,1.0
50,1790406309534755000,RR_calf,1790406309147233805,1790406309648236244,0.7734916340000001,387.52119500000003,113.48124399999999,501.002439,1,0.298346618,0.875838544,0.379336415,-0.115669215,-0.590342108,0.481626795,-0.647713106,1.0099999240000002,-0.749990348,-0.030695505,0.660736039,0.8611895009999999,0.0,0.0,0.0,1.0
50,1790406309534755000,RR_calflower,1790406309147233805,1790406309648236244,0.7734916340000001,387.52119500000003,113.48124399999999,501.002439,1,0.279014844,0.875838544,0.393773459,-0.165829975,-0.557232171,0.481626795,-0.676408442,1.093923202,-0.7820760929999999,-0.030695505,0.622426397,0.748473422,0.0,0.0,0.0,1.0
50,1790406309534755000,RR_calflower1,1790406309147233805,1790406309648236244,0.7734916340000001,387.52119500000003,113.48124399999999,501.002439,1,0.065648367,0.875838544,0.478118304,-0.184354756,-0.181910774,0.481626796,-0.857289066,1.12651091,-0.981121072,-0.030695505,0.1909426,0.7314113870000001,0.0,0.0,0.0,1.0
50,1790406309534755000,RR_foot,1790406309147233805,1790406309648236244,0.7734916340000001,387.52119500000003,113.48124399999999,501.002439,1,0.298346618,0.875838544,0.379336415,-0.196426727,-0.590342108,0.481626795,-0.647713106,1.147763838,-0.749990348,-0.030695505,0.660736039,0.72054881,0.0,0.0,0.0,1.0
51,1790406309598758000,FL_hip,1790406309147233805,1790406309648236244,0.9012415109999999,451.524195,49.478244000000004,501.002439,1,0.07363407599999999,0.72365255,0.686225183,0.16207156,-0.20560944,0.6843259540000001,-0.699587856,0.8744960140000001,-0.9758599170000001,-0.089581146,0.19917954899999998,0.345663778,0.0,0.0,0.0,1.0
51,1790406309598758000,FL_thigh,1790406309147233805,1790406309648236244,0.9012415109999999,451.524195,49.478244000000004,501.002439,1,0.32099335,0.7234436340000001,0.611222194,0.231067713,-0.44587803299999995,0.68481412,-0.576387735,0.9397526429999999,-0.835557311,-0.087514196,0.542388326,0.33712061,0.0,0.0,0.0,1.0
51,1790406309598758000,FL_calf,1790406309147233805,1790406309648236244,0.9012415109999999,451.524195,49.478244000000004,501.002439,1,0.6243562020000001,0.7234428270000001,-0.294635032,0.10154307,-0.594882641,0.684815783,0.42088289,1.061976871,0.506255365,-0.087507852,0.8579322429999999,0.221959132,0.0,0.0,0.0,1.0
51,1790406309598758000,FL_calflower,1790406309147233805,1790406309648236244,0.9012415109999999,451.524195,49.478244000000004,501.002439,1,0.6383015329999999,0.7234428270000001,-0.26306201,0.157667546,-0.6151745710000001,0.684815783,0.390625155,0.9882460540000001,0.462743936,-0.087507852,0.882162274,0.105425037,0.0,0.0,0.0,1.0
51,1790406309598758000,FL_calflower1,1790406309147233805,1790406309648236244,0.9012415109999999,451.524195,49.478244000000004,501.002439,1,0.687646777,0.7234428270000001,0.061419688,0.16186928,-0.726039283,0.684815783,0.062407724000000005,0.9788480759999999,0.003087354,-0.08750785300000001,0.996158971,0.06562330400000001,0.0,0.0,0.0,1.0
51,1790406309598758000,FL_foot,1790406309147233805,1790406309648236244,0.9012415109999999,451.524195,49.478244000000004,501.002439,1,0.6243562020000001,0.7234428270000001,-0.294635032,0.164435075,-0.594882641,0.684815783,0.42088289,0.972909683,0.506255365,-0.087507852,0.8579322429999999,0.039719603,0.0,0.0,0.0,1.0
51,1790406309598758000,FR_hip,1790406309147233805,1790406309648236244,0.9012415109999999,451.524195,49.478244000000004,501.002439,1,0.07363407599999999,0.9190624629999999,0.387172061,0.08398948199999999,-0.20560944,0.39387547700000003,-0.8958723609999999,0.824196523,-0.9758599170000001,-0.013639739,0.217970713,0.35036996,0.0,0.0,0.0,1.0
51,1790406309598758000,FR_thigh,1790406309147233805,1790406309648236244,0.9012415109999999,451.524195,49.478244000000004,501.002439,1,0.135914957,0.919293661,0.369359286,-0.0030248420000000002,-0.35642474700000004,0.393227857,-0.847545676,0.7870179270000001,-0.924385386,-0.016454897,0.38110464,0.351637638,0.0,0.0,0.0,1.0
51,1790406309598758000,FR_calf,1790406309147233805,1790406309648236244,0.9012415109999999,451.524195,49.478244000000004,501.002439,1,0.26895092,0.9193659390000001,-0.287109152,-0.08070964900000001,-0.5959195,0.393024703,0.7002941909999999,0.9657378390000001,0.7566675340000001,-0.017251066000000002,0.653572104,0.270981925,0.0,0.0,0.0,1.0
51,1790406309598758000,FR_calflower,1790406309147233805,1790406309648236244,0.9012415109999999,451.524195,49.478244000000004,501.002439,1,0.282964279,0.9193659390000001,-0.273308397,-0.033714417,-0.6301748770000001,0.393024703,0.669635444,0.850859644,0.7230569059999999,-0.017251066000000002,0.690572924,0.18932333699999998,0.0,0.0,0.0,1.0
51,1790406309598758000,FR_calflower1,1790406309147233805,1790406309648236244,0.9012415109999999,451.524195,49.478244000000004,501.002439,1,0.377196005,0.9193659390000001,-0.111756149,-0.025798772999999997,-0.86818562,0.393024703,0.302961603,0.830414819,0.322455609,-0.017251065,0.9464272990000001,0.15450465800000002,0.0,0.0,0.0,1.0
51,1790406309598758000,FR_foot,1790406309147233805,1790406309648236244,0.9012415109999999,451.524195,49.478244000000004,501.002439,1,0.26895092,0.9193659390000001,-0.287109152,-0.020738861,-0.5959195,0.393024703,0.7002941909999999,0.81732084,0.7566675340000001,-0.017251066000000002,0.653572104,0.131765896,0.0,0.0,0.0,1.0
51,1790406309598758000,RL_hip,1790406309147233805,1790406309648236244,0.9012415109999999,451.524195,49.478244000000004,501.002439,1,0.07363407599999999,0.7872991640000001,0.612158511,0.1335899,-0.20560944,0.612622028,-0.7631640909999999,0.954025745,-0.9758599170000001,-0.06967095599999999,0.206986068,0.723126394,0.0,0.0,0.0,1.0
51,1790406309598758000,RL_thigh,1790406309147233805,1790406309648236244,0.9012415109999999,451.524195,49.478244000000004,501.002439,1,-0.425452614,0.7872994459999999,0.44626186100000004,0.20877695,0.457991817,0.6126212560000001,-0.644157677,1.012531133,-0.780534333,-0.069674557,-0.621217726,0.71647282,0.0,0.0,0.0,1.0
51,1790406309598758000,RL_calf,1790406309147233805,1790406309648236244,0.9012415109999999,451.524195,49.478244000000004,501.002439,1,0.407383034,0.787299148,0.46281649399999997,0.113728367,-0.601674292,0.612622071,-0.51252577,1.14973029,-0.6870423959999999,-0.069670753,0.723269371,0.848785507,0.0,0.0,0.0,1.0
51,1790406309598758000,RL_calflower,1790406309147233805,1790406309648236244,0.9012415109999999,451.524195,49.478244000000004,501.002439,1,0.383742727,0.787299148,0.48259876,0.053379232,-0.575306743,0.612622071,-0.541956428,1.2135505979999999,-0.722332175,-0.069670753,0.688027665,0.728000816,0.0,0.0,0.0,1.0
51,1790406309598758000,RL_calflower1,1790406309147233805,1790406309648236244,0.9012415109999999,451.524195,49.478244000000004,501.002439,1,0.117523793,0.787299148,0.60526705,0.030237866000000002,-0.260029968,0.612622071,-0.7463772740000001,1.240981911,-0.958421819,-0.069670753,0.276719089,0.707703036,0.0,0.0,0.0,1.0
51,1790406309598758000,RL_foot,1790406309147233805,1790406309648236244,0.9012415109999999,451.524195,49.478244000000004,501.002439,1,0.407383034,0.787299148,0.46281649399999997,0.015148518,-0.601674292,0.612622071,-0.51252577,1.258898241,-0.6870423959999999,-0.069670753,0.723269371,0.6947291640000001,0.0,0.0,0.0,1.0
51,1790406309598758000,RR_hip,1790406309147233805,1790406309648236244,0.9012415109999999,451.524195,49.478244000000004,501.002439,1,0.07363407599999999,0.857536084,0.509126586,0.055507822000000005,-0.20560944,0.512598289,-0.8336475109999999,0.9037262540000001,-0.9758599170000001,-0.043296627000000004,0.21406231899999997,0.727832576,0.0,0.0,0.0,1.0
51,1790406309598758000,RR_thigh,1790406309147233805,1790406309648236244,0.9012415109999999,451.524195,49.478244000000004,501.002439,1,-0.369503065,0.857525368,0.35793536,-0.026358869,0.555383199,0.5126277810000001,-0.654799726,0.854789004,-0.7449948809999999,-0.043159479,-0.665672396,0.73196617,0.0,0.0,0.0,1.0
51,1790406309598758000,RR_calf,1790406309147233805,1790406309648236244,0.9012415109999999,451.524195,49.478244000000004,501.002439,1,0.304164659,0.85755566,0.414827847,-0.102595989,-0.573575498,0.512541848,-0.638993289,0.9942062540000001,-0.76058861,-0.043576172,0.647769971,0.873755995,0.0,0.0,0.0,1.0
51,1790406309598758000,RR_calflower,1790406309147233805,1790406309648236244,0.9012415109999999,451.524195,49.478244000000004,501.002439,1,0.283051781,0.85755566,0.429511317,-0.15789761800000002,-0.540922324,0.512541848,-0.6668615410000001,1.077239111,-0.792013078,-0.043576171,0.60894684,0.7627108429999999,0.0,0.0,0.0,1.0
51,1790406309598758000,RR_calflower1,1790406309147233805,1790406309648236244,0.9012415109999999,451.524195,49.478244000000004,501.002439,1,0.052726111,0.85755566,0.511681776,-0.177899613,-0.171852582,0.512541848,-0.841289466,1.109302214,-0.983710548,-0.043576171,0.17439761,0.74628015,0.0,0.0,0.0,1.0
51,1790406309598758000,RR_foot,1790406309147233805,1790406309648236244,0.9012415109999999,451.524195,49.478244000000004,501.002439,1,0.304164659,0.85755566,0.414827847,-0.19092984,-0.573575498,0.512541848,-0.638993289,1.130211233,-0.76058861,-0.043576172,0.647769971,0.7358291440000001,0.0,0.0,0.0,1.0
52,1790406309666756000,FL_hip,1790406309648236244,1790406309717853908,0.266020934,18.519756,51.097908000000004,69.617664,0,0.057304019000000005,0.711974239,0.6998635,0.167326545,-0.19932698199999999,0.695060328,-0.690767922,0.863399334,-0.978256,-0.09991817,0.181745459,0.349795284,0.0,0.0,0.0,1.0
52,1790406309666756000,FL_thigh,1790406309648236244,1790406309717853908,0.266020934,18.519756,51.097908000000004,69.617664,0,0.322205657,0.711973686,0.623920644,0.235319883,-0.44978051700000005,0.6950622259999999,-0.560880036,0.9297773979999999,-0.832995192,-0.09990889900000001,0.544184782,0.34025312700000004,0.0,0.0,0.0,1.0
52,1790406309666756000,FL_calf,1790406309648236244,1790406309717853908,0.266020934,18.519756,51.097908000000004,69.617664,0,0.636798956,0.7119737970000001,-0.295939838,0.102429773,-0.579125365,0.695061849,0.426032,1.0492413440000001,0.509020032,-0.099910735,0.8549364340000001,0.224345298,0.0,0.0,0.0,1.0
52,1790406309666756000,FL_calflower,1790406309648236244,1790406309717853908,0.266020934,18.519756,51.097908000000004,69.617664,0,0.65079395,0.7119737970000001,-0.263743307,0.158964322,-0.599694335,0.695061849,0.396555366,0.974608393,0.465654876,-0.099910735,0.879308385,0.107997241,0.0,0.0,0.0,1.0
52,1790406309666756000,FL_calflower1,1790406309648236244,1790406309717853908,0.266020934,18.519756,51.097908000000004,69.617664,0,0.6990420970000001,0.7119737970000001,0.06658412,0.163006256,-0.71504684,0.695061849,0.07481624099999999,0.964743536,0.00698721,-0.099910736,0.994971798,0.068169101,0.0,0.0,0.0,1.0
52,1790406309666756000,FL_foot,1790406309648236244,1790406309717853908,0.266020934,18.519756,51.097908000000004,69.617664,0,0.636798956,0.7119737970000001,-0.295939838,0.165464669,-0.579125365,0.695061849,0.426032,0.9584994990000001,0.509020032,-0.099910735,0.8549364340000001,0.0422472,0.0,0.0,0.0,1.0
52,1790406309666756000,FR_hip,1790406309648236244,1790406309717853908,0.266020934,18.519756,51.097908000000004,69.617664,0,0.057304019000000005,0.937476833,0.343297863,0.089207726,-0.19932698199999999,0.34768267700000005,-0.9161800790000001,0.8132533470000001,-0.978256,-0.015927958,0.20678818399999999,0.355436907,0.0,0.0,0.0,1.0
52,1790406309666756000,FR_thigh,1790406309648236244,1790406309717853908,0.266020934,18.519756,51.097908000000004,69.617664,0,0.13158935,0.937487161,0.32218325800000003,-0.0003196,-0.396965214,0.347646092,-0.849447609,0.780050282,-0.9083516359999999,-0.016117518,0.417896382,0.35695799899999997,0.0,0.0,0.0,1.0
52,1790406309666756000,FR_calf,1790406309648236244,1790406309717853908,0.266020934,18.519756,51.097908000000004,69.617664,0,0.23767932,0.937475988,-0.254258332,-0.06882102400000001,-0.606121783,0.347685614,0.715354125,0.9606252409999999,0.759029197,-0.0159136,0.650861959,0.268129273,0.0,0.0,0.0,1.0
52,1790406309666756000,FR_calflower,1790406309648236244,1790406309717853908,0.266020934,18.519756,51.097908000000004,69.617664,0,0.250089903,0.937475988,-0.242061561,-0.026436913,-0.6411170939999999,0.347685615,0.684166655,0.842634111,0.725551068,-0.015913599,0.6879842,0.18698276100000003,0.0,0.0,0.0,1.0
52,1790406309666756000,FR_calflower1,1790406309648236244,1790406309717853908,0.266020934,18.519756,51.097908000000004,69.617664,0,0.33360746199999997,0.937475988,-0.099221067,-0.019254991000000003,-0.8846015209999999,0.347685615,0.310797826,0.8216793,0.325863337,-0.015913599,0.9452828659999999,0.15220821,0.0,0.0,0.0,1.0
52,1790406309666756000,FR_foot,1790406309648236244,1790406309717853908,0.266020934,18.519756,51.097908000000004,69.617664,0,0.23767932,0.937475988,-0.254258332,-0.014663114,-0.606121783,0.347685614,0.715354125,0.808259651,0.759029197,-0.0159136,0.650861959,0.129496692,0.0,0.0,0.0,1.0
52,1790406309666756000,RL_hip,1790406309648236244,1790406309717853908,0.266020934,18.519756,51.097908000000004,69.617664,0,0.057304019000000005,0.7914783470000001,0.60850494,0.14516135,-0.19932698199999999,0.606304866,-0.769846472,0.940499011,-0.978256,-0.07717642,0.19250676100000003,0.728184705,0.0,0.0,0.0,1.0
52,1790406309666756000,RL_thigh,1790406309648236244,1790406309717853908,0.266020934,18.519756,51.097908000000004,69.617664,0,-0.440536135,0.791467402,0.42368296200000005,0.220743573,0.478584106,0.606341394,-0.635065189,0.9983981140000001,-0.759529765,-0.077001496,-0.645898723,0.720814739,0.0,0.0,0.0,1.0
52,1790406309666756000,RL_calf,1790406309648236244,1790406309717853908,0.266020934,18.519756,51.097908000000004,69.617664,0,0.378273223,0.7914630690000001,0.480099537,0.130533566,-0.584802345,0.606355132,-0.538832161,1.133561161,-0.71757627,-0.07693782,0.692217251,0.8583092529999999,0.0,0.0,0.0,1.0
52,1790406309666756000,RL_calflower,1790406309648236244,1790406309717853908,0.266020934,18.519756,51.097908000000004,69.617664,0,0.353805504,0.7914630690000001,0.49840531899999996,0.067139577,-0.557141111,0.606355132,-0.567386696,1.2015416429999999,-0.75127593,-0.07693782,0.655488294,0.741640625,0.0,0.0,0.0,1.0
52,1790406309666756000,RL_calflower1,1790406309648236244,1790406309717853908,0.266020934,18.519756,51.097908000000004,69.617664,0,0.083670489,0.7914630690000001,0.6054630010000001,0.043695414,-0.232173976,0.606355132,-0.760545282,1.229775749,-0.9690687790000001,-0.07693782,0.23449120899999998,0.722954742,0.0,0.0,0.0,1.0
52,1790406309666756000,RL_foot,1790406309648236244,1790406309717853908,0.266020934,18.519756,51.097908000000004,69.617664,0,0.378273223,0.7914630690000001,0.480099537,0.028417312000000004,-0.584802345,0.606355132,-0.538832161,1.24820758,-0.71757627,-0.07693782,0.692217251,0.7110322440000001,0.0,0.0,0.0,1.0
52,1790406309666756000,RR_hip,1790406309648236244,1790406309717853908,0.266020934,18.519756,51.097908000000004,69.617664,0,0.057304019000000005,0.855763078,0.514184588,0.067042531,-0.19932698199999999,0.5144680620000001,-0.834021459,0.890353024,-0.978256,-0.054698335,0.20005785399999998,0.7338263279999999,0.0,0.0,0.0,1.0
52,1790406309666756000,RR_thigh,1790406309648236244,1790406309717853908,0.266020934,18.519756,51.097908000000004,69.617664,0,-0.385030575,0.85576002,0.345581005,-0.014680776999999999,0.562745044,0.514478566,-0.64701642,0.8412225590000001,-0.731484695,-0.054647361,-0.679664374,0.7390498879999999,0.0,0.0,0.0,1.0
52,1790406309666756000,RR_calf,1790406309648236244,1790406309717853908,0.266020934,18.519756,51.097908000000004,69.617664,0,0.284103664,0.85575888,0.432390835,-0.088287882,-0.555536594,0.5144824170000001,-0.653213106,0.97901503,-0.78145007,-0.054628949,0.621571653,0.8838038420000001,0.0,0.0,0.0,1.0
52,1790406309666756000,RR_calflower,1790406309648236244,1790406309717853908,0.266020934,18.519756,51.097908000000004,69.617664,0,0.262138074,0.85575888,0.446049724,-0.146581311,-0.522195269,0.5144824170000001,-0.680162017,1.0645630240000001,-0.811539096,-0.054628948,0.581738625,0.7762038920000001,0.0,0.0,0.0,1.0
52,1790406309666756000,RR_calflower1,1790406309648236244,1790406309717853908,0.266020934,18.519756,51.097908000000004,69.617664,0,0.026538667000000002,0.85575888,0.516693744,-0.167039669,-0.14909989699999998,0.5144824179999999,-0.844439157,1.096984343,-0.98846584,-0.054628948,0.141247352,0.761052893,0.0,0.0,0.0,1.0
52,1790406309666756000,RR_foot,1790406309648236244,1790406309717853908,0.266020934,18.519756,51.097908000000004,69.617664,0,0.284103664,0.85575888,0.432390835,-0.180360529,-0.555536594,0.5144824170000001,-0.653213106,1.118120848,-0.78145007,-0.054628949,0.621571653,0.751435897,0.0,0.0,0.0,1.0
53,1790406309734756000,FL_hip,1790406309717853908,1790406309782969739,0.259569628,16.902092,48.213739000000004,65.115831,0,0.058505937,0.718861222,0.6926872159999999,0.167566873,-0.19706597,0.6885382790000001,-0.69791151,0.857910075,-0.9786428640000001,-0.09567338199999999,0.18194669300000002,0.34932130899999997,0.0,0.0,0.0,1.0
53,1790406309734756000,FL_thigh,1790406309717853908,1790406309782969739,0.259569628,16.902092,48.213739000000004,65.115831,0,0.311089809,0.71886146,0.6216601270000001,0.23621797600000002,-0.44172153299999994,0.688537483,-0.575150985,0.9236653429999999,-0.841489866,-0.095677325,0.531733491,0.34018452,0.0,0.0,0.0,1.0
53,1790406309734756000,FL_calf,1790406309717853908,1790406309782969739,0.259569628,16.902092,48.213739000000004,65.115831,0,0.632677099,0.7188612240000001,-0.28802467,0.103805459,-0.591004428,0.688538274,0.420272821,1.046171045,0.500433766,-0.095673405,0.860472252,0.22692627,0.0,0.0,0.0,1.0
53,1790406309734756000,FL_calflower,1790406309717853908,1790406309782969739,0.259569628,16.902092,48.213739000000004,65.115831,0,0.646281651,0.7188612240000001,-0.25604403800000003,0.159086551,-0.611270713,0.688538274,0.390209679,0.972150677,0.456802666,-0.095673405,0.8844081490000001,0.10958502699999999,0.0,0.0,0.0,1.0
53,1790406309734756000,FL_calflower1,1790406309717853908,1790406309782969739,0.259569628,16.902092,48.213739000000004,65.115831,0,0.6914843479999999,0.7188612240000001,0.071329646,0.162865492,-0.722384723,0.688538274,0.063841918,0.9626549990000001,-0.0032196209999999998,-0.095673405,0.995407497,0.069640674,0.0,0.0,0.0,1.0
53,1790406309734756000,FL_foot,1790406309717853908,1790406309782969739,0.259569628,16.902092,48.213739000000004,65.115831,0,0.632677099,0.7188612240000001,-0.28802467,0.16515460699999998,-0.591004428,0.688538274,0.420272821,0.956653035,0.500433766,-0.095673405,0.860472252,0.043645654000000006,0.0,0.0,0.0,1.0
53,1790406309734756000,FR_hip,1790406309717853908,1790406309782969739,0.259569628,16.902092,48.213739000000004,65.115831,0,0.058505937,0.946266829,0.318050507,0.08909781,-0.19706597,0.323274109,-0.925558905,0.808276645,-0.9786428640000001,-0.008526472,0.20539059,0.354624755,0.0,0.0,0.0,1.0
53,1790406309734756000,FR_thigh,1790406309717853908,1790406309782969739,0.259569628,16.902092,48.213739000000004,65.115831,0,0.168908074,0.946297742,0.275663977,-0.001259301,-0.518171353,0.323168313,-0.791871911,0.777407781,-0.838432112,-0.009087848,0.544930138,0.355438945,0.0,0.0,0.0,1.0
53,1790406309734756000,FR_calf,1790406309717853908,1790406309782969739,0.259569628,16.902092,48.213739000000004,65.115831,0,0.232003342,0.946215947,-0.22549903100000002,-0.059866548,-0.661609616,0.323442328,0.676504405,0.945606319,0.713055131,-0.007759187,0.701064923,0.23968801399999998,0.0,0.0,0.0,1.0
53,1790406309734756000,FR_calflower,1790406309717853908,1790406309782969739,0.259569628,16.902092,48.213739000000004,65.115831,0,0.242983653,0.946215947,-0.213621881,-0.02194772,-0.694593905,0.323442328,0.6425922510000001,0.832834359,0.677125355,-0.007759187,0.735826678,0.150649366,0.0,0.0,0.0,1.0
53,1790406309734756000,FR_calflower1,1790406309717853908,1790406309782969739,0.259569628,16.902092,48.213739000000004,65.115831,0,0.314171403,0.946215947,-0.077276733,-0.015830852,-0.912836987,0.323442328,0.249227064,0.81417392,0.260817315,-0.007759187,0.965356915,0.114625979,0.0,0.0,0.0,1.0
53,1790406309734756000,FR_foot,1790406309717853908,1790406309782969739,0.259569628,16.902092,48.213739000000004,65.115831,0,0.232003342,0.946215947,-0.22549903100000002,-0.011926945,-0.661609616,0.323442328,0.676504405,0.802253262,0.713055131,-0.007759187,0.701064923,0.091118009,0.0,0.0,0.0,1.0
53,1790406309734756000,RL_hip,1790406309717853908,1790406309782969739,0.259569628,16.902092,48.213739000000004,65.115831,0,0.058505937,0.812179902,0.580466057,0.144936776,-0.19706597,0.579416164,-0.790849129,0.9341351929999999,-0.9786428640000001,-0.068121001,0.19395237699999998,0.7278603690000001,0.0,0.0,0.0,1.0
53,1790406309734756000,RL_thigh,1790406309717853908,1790406309782969739,0.259569628,16.902092,48.213739000000004,65.115831,0,-0.451475316,0.8121516679999999,0.36956689299999995,0.222486978,0.550719616,0.5795063779999999,-0.6007334639999999,0.9894603040000001,-0.7020529390000001,-0.067688857,-0.708900374,0.721355876,0.0,0.0,0.0,1.0
53,1790406309734756000,RL_calf,1790406309717853908,1790406309782969739,0.259569628,16.902092,48.213739000000004,65.115831,0,0.30939406,0.812143698,0.49466949600000004,0.143804495,-0.525961373,0.579530405,-0.622502672,1.117207533,-0.792237317,-0.067578682,0.6064594010000001,0.8721805429999999,0.0,0.0,0.0,1.0
53,1790406309734756000,RL_calflower,1790406309717853908,1790406309782969739,0.259569628,16.902092,48.213739000000004,65.115831,0,0.284284227,0.812143698,0.509514546,0.076954204,-0.494191892,0.579530405,-0.648011818,1.198671711,-0.821557564,-0.067578682,0.566106122,0.766772245,0.0,0.0,0.0,1.0
53,1790406309734756000,RL_calflower1,1790406309717853908,1790406309782969739,0.259569628,16.902092,48.213739000000004,65.115831,0,0.016875459,0.812143698,0.583213352,0.053779887,-0.139107335,0.579530405,-0.802990717,1.229472501,-0.990133406,-0.067578682,0.12275508199999999,0.752369904,0.0,0.0,0.0,1.0
53,1790406309734756000,RL_foot,1790406309717853908,1790406309782969739,0.259569628,16.902092,48.213739000000004,65.115831,0,0.30939406,0.812143698,0.49466949600000004,0.038693759,-0.525961373,0.579530405,-0.622502672,1.24955179,-0.792237317,-0.067578682,0.6064594010000001,0.743240149,0.0,0.0,0.0,1.0
53,1790406309734756000,RR_hip,1790406309717853908,1790406309782969739,0.259569628,16.902092,48.213739000000004,65.115831,0,0.058505937,0.8724476959999999,0.485192801,0.066467713,-0.19706597,0.48655461200000005,-0.8511345640000001,0.8845017629999999,-0.9786428640000001,-0.045818818,0.200396186,0.733163815,0.0,0.0,0.0,1.0
53,1790406309734756000,RR_thigh,1790406309717853908,1790406309782969739,0.259569628,16.902092,48.213739000000004,65.115831,0,-0.3701143,0.8724420620000001,0.319155501,-0.016825661000000002,0.596717068,0.48657346799999995,-0.6381029970000001,0.8380496590000001,-0.7120003979999999,-0.045725762999999996,-0.700688546,0.737538238,0.0,0.0,0.0,1.0
53,1790406309734756000,RR_calf,1790406309717853908,1790406309782969739,0.259569628,16.902092,48.213739000000004,65.115831,0,0.259813058,0.87245209,0.41391364700000005,-0.084801501,-0.5413195239999999,0.48653973799999994,-0.685749728,0.973922875,-0.799668888,-0.045893058,0.598684681,0.8867884079999999,0.0,0.0,0.0,1.0
53,1790406309734756000,RR_calflower,1790406309717853908,1790406309782969739,0.259569628,16.902092,48.213739000000004,65.115831,0,0.238801299,0.87245209,0.42638160399999997,-0.140850748,-0.506369814,0.48653973799999994,-0.71194742,1.064550318,-0.828591273,-0.045893058,0.557969695,0.782199529,0.0,0.0,0.0,1.0
53,1790406309734756000,RR_calflower1,1790406309717853908,1790406309782969739,0.259569628,16.902092,48.213739000000004,65.115831,0,0.014921394,0.87245209,0.488471785,-0.16028817,-0.120384961,0.48653973799999994,-0.8653247820000001,1.098080476,-0.992615038,-0.045893058,0.112290091,0.7681694109999999,0.0,0.0,0.0,1.0
53,1790406309734756000,RR_foot,1790406309717853908,1790406309782969739,0.259569628,16.902092,48.213739000000004,65.115831,0,0.259813058,0.87245209,0.41391364700000005,-0.172941717,-0.5413195239999999,0.48653973799999994,-0.685749728,1.119931575,-0.799668888,-0.045893058,0.598684681,0.759282947,0.0,0.0,0.0,1.0
54,1790406309798757000,FL_hip,1790406309782969739,1790406309847251627,0.245594233,15.787260999999999,48.494627,64.281888,0,0.054377090999999995,0.718393737,0.693508145,0.164172916,-0.190629503,0.689229964,-0.699015658,0.853284267,-0.980154744,-0.094192945,0.174425389,0.349990366,0.0,0.0,0.0,1.0
54,1790406309798757000,FL_thigh,1790406309782969739,1790406309847251627,0.245594233,15.787260999999999,48.494627,64.281888,0,0.284776507,0.718391265,0.634678115,0.232779436,-0.414871535,0.689237918,-0.593997594,0.919105649,-0.8641665940000001,-0.09415359400000001,0.494318772,0.340994951,0.0,0.0,0.0,1.0
54,1790406309798757000,FL_calf,1790406309782969739,1790406309847251627,0.245594233,15.787260999999999,48.494627,64.281888,0,0.630971969,0.7183946720000001,-0.292888113,0.097778276,-0.588590893,0.689226538,0.422525714,1.0454562170000001,0.505406396,-0.094210876,0.857722878,0.235841303,0.0,0.0,0.0,1.0
54,1790406309798757000,FL_calflower,1790406309782969739,1790406309847251627,0.245594233,15.787260999999999,48.494627,64.281888,0,0.644821723,0.7183946720000001,-0.260986624,0.153727615,-0.608972792,0.6892265390000001,0.392580383,0.9711698590000001,0.461906493,-0.094210876,0.881910739,0.11903887099999999,0.0,0.0,0.0,1.0
54,1790406309798757000,FL_calflower1,1790406309782969739,1790406309847251627,0.245594233,15.787260999999999,48.494627,64.281888,0,0.692471783,0.7183946720000001,0.066271433,0.157717138,-0.72144122,0.689226538,0.067005853,0.9615586,0.0024607,-0.094210876,0.9955491479999999,0.079154504,0.0,0.0,0.0,1.0
54,1790406309798757000,FL_foot,1790406309782969739,1790406309847251627,0.245594233,15.787260999999999,48.494627,64.281888,0,0.630971969,0.7183946720000001,-0.292888113,0.160143104,-0.588590893,0.689226538,0.422525714,0.955481136,0.505406396,-0.094210876,0.857722878,0.053197125,0.0,0.0,0.0,1.0
54,1790406309798757000,FR_hip,1790406309782969739,1790406309847251627,0.245594233,15.787260999999999,48.494627,64.281888,0,0.054377090999999995,0.952641044,0.29919584,0.085603691,-0.190629503,0.304031848,-0.933394594,0.8038053620000001,-0.980154744,-0.006280501,0.198134001,0.355254635,0.0,0.0,0.0,1.0
54,1790406309798757000,FR_thigh,1790406309782969739,1790406309847251627,0.245594233,15.787260999999999,48.494627,64.281888,0,0.188689575,0.952642228,0.238472237,-0.005363489,-0.607237363,0.304027699,-0.734050668,0.774773588,-0.771789478,-0.006301773,0.635846789,0.355854344,0.0,0.0,0.0,1.0
54,1790406309798757000,FR_calf,1790406309782969739,1790406309847251627,0.245594233,15.787260999999999,48.494627,64.281888,0,0.251527925,0.952642685,-0.170896448,-0.056153577,-0.77614278,0.304026098,0.552422806,0.931105669,0.578218528,-0.006309947,0.815857443,0.220423703,0.0,0.0,0.0,1.0
54,1790406309798757000,FR_calflower,1790406309782969739,1790406309847251627,0.245594233,15.787260999999999,48.494627,64.281888,0,0.259754844,0.952642685,-0.158111715,-0.02583686,-0.8027824370000001,0.304026098,0.51294145,0.8338318709999999,0.536720028,-0.006309947,0.8437367159999999,0.111240379,0.0,0.0,0.0,1.0
54,1790406309798757000,FR_calflower1,1790406309782969739,1790406309847251627,0.245594233,15.787260999999999,48.494627,64.281888,0,0.303413925,0.9526426840000001,-0.020294911000000002,-0.022111305,-0.948929625,0.304026098,0.08426825,0.821342265,0.086447895,-0.006309947,0.996236315,0.072123931,0.0,0.0,0.0,1.0
54,1790406309798757000,FR_foot,1790406309782969739,1790406309847251627,0.245594233,15.787260999999999,48.494627,64.281888,0,0.251527925,0.952642685,-0.170896448,-0.019761393999999998,-0.77614278,0.304026098,0.552422806,0.813447593,0.578218528,-0.006309947,0.815857443,0.046645645,0.0,0.0,0.0,1.0
54,1790406309798757000,RL_hip,1790406309782969739,1790406309847251627,0.245594233,15.787260999999999,48.494627,64.281888,0,0.054377090999999995,0.8334858359999999,0.549858592,0.14313985699999998,-0.190629503,0.549210083,-0.813651718,0.9270197579999999,-0.980154744,-0.060575517,0.18875151399999998,0.7291142209999999,0.0,0.0,0.0,1.0
54,1790406309798757000,RL_thigh,1790406309782969739,1790406309847251627,0.245594233,15.787260999999999,48.494627,64.281888,0,-0.45446506600000003,0.83348721,0.31426191800000003,0.222734839,0.61903149,0.549205232,-0.5614036570000001,0.979467414,-0.640516969,-0.060600586,-0.7655491040000001,0.723329468,0.0,0.0,0.0,1.0
54,1790406309798757000,RL_calf,1790406309782969739,1790406309847251627,0.245594233,15.787260999999999,48.494627,64.281888,0,0.250194325,0.8334921940000001,0.492639362,0.15580429699999998,-0.47307898600000003,0.549186975,-0.6889052040000001,1.099043742,-0.8447479040000001,-0.060697417000000004,0.531711061,0.886388945,0.0,0.0,0.0,1.0
54,1790406309798757000,RL_calflower,1790406309782969739,1790406309847251627,0.245594233,15.787260999999999,48.494627,64.281888,0,0.22525994100000002,0.8334921940000001,0.504528195,0.087920692,-0.43805685,0.549186975,-0.711688346,1.191492465,-0.8702666659999999,-0.060697417000000004,0.488826762,0.7908430890000001,0.0,0.0,0.0,1.0
54,1790406309798757000,RL_calflower1,1790406309782969739,1790406309847251627,0.245594233,15.787260999999999,48.494627,64.281888,0,-0.03317619,0.8334921940000001,0.551534297,0.065496788,-0.059911344000000005,0.549186975,-0.8335494809999999,1.224325232,-0.997652133,-0.060697417000000004,0.031715833,0.779997765,0.0,0.0,0.0,1.0
54,1790406309798757000,RL_foot,1790406309782969739,1790406309847251627,0.245594233,15.787260999999999,48.494627,64.281888,0,0.250194325,0.8334921940000001,0.492639362,0.05091148400000001,-0.47307898600000003,0.549186975,-0.6889052040000001,1.245707578,-0.8447479040000001,-0.060697417000000004,0.531711061,0.773185108,0.0,0.0,0.0,1.0
54,1790406309798757000,RR_hip,1790406309782969739,1790406309847251627,0.245594233,15.787260999999999,48.494627,64.281888,0,0.054377090999999995,0.8904496670000001,0.451821315,0.064570632,-0.190629503,0.45342558,-0.870669901,0.877540853,-0.980154744,-0.038786226,0.194402047,0.73437849,0.0,0.0,0.0,1.0
54,1790406309798757000,RR_thigh,1790406309782969739,1790406309847251627,0.245594233,15.787260999999999,48.494627,64.281888,0,-0.341249321,0.8904396659999999,0.301108086,-0.020463708,0.609169734,0.45346175899999996,-0.650603649,0.834240561,-0.7158642040000001,-0.038592371,-0.697172088,0.738082415,0.0,0.0,0.0,1.0
54,1790406309798757000,RR_calf,1790406309782969739,1790406309847251627,0.245594233,15.787260999999999,48.494627,64.281888,0,0.2562862,0.890438741,0.376080058,-0.08456719300000001,-0.569675419,0.45346523899999996,-0.685448492,0.97266998,-0.780888792,-0.038572825,0.623477892,0.886448463,0.0,0.0,0.0,1.0
54,1790406309798757000,RR_calflower,1790406309782969739,1790406309847251627,0.245594233,15.787260999999999,48.494627,64.281888,0,0.23716974,0.890438741,0.38841902700000003,-0.13502611,-0.5347053270000001,0.453465238,-0.713063764,1.062629416,-0.811073791,-0.038572825,0.583670534,0.77867818,0.0,0.0,0.0,1.0
54,1790406309798757000,RR_calflower1,1790406309782969739,1790406309847251627,0.245594233,15.787260999999999,48.494627,64.281888,0,0.031004537000000002,0.890438741,0.454045752,-0.152912186,-0.145002914,0.453465238,-0.879399723,1.096461106,-0.9889452329999999,-0.038572825,0.143175814,0.76346006,0.0,0.0,0.0,1.0
54,1790406309798757000,RR_foot,1790406309782969739,1790406309847251627,0.245594233,15.787260999999999,48.494627,64.281888,0,0.2562862,0.890438741,0.376080058,-0.164560126,-0.569675419,0.45346523899999996,-0.685448492,1.118514419,-0.780888792,-0.038572825,0.623477892,0.75379928,0.0,0.0,0.0,1.0
55,1790406309866756000,FL_hip,1790406309847251627,1790406309918829255,0.272492587,19.504373,52.073254999999996,71.577628,0,0.067438707,0.7486188290000001,0.659561861,0.168186065,-0.20616255100000003,0.6572557179999999,-0.72492231,0.84732796,-0.9761909759999999,-0.087089406,0.198661693,0.34472305299999995,0.0,0.0,0.0,1.0
55,1790406309866756000,FL_thigh,1790406309847251627,1790406309918829255,0.272492587,19.504373,52.073254999999996,71.577628,0,0.20745755100000002,0.748473781,0.629879626,0.239542649,-0.354246766,0.657666939,-0.6648186660000001,0.9099809,-0.911850023,-0.085211442,0.40158237,0.336420867,0.0,0.0,0.0,1.0
55,1790406309866756000,FL_calf,1790406309847251627,1790406309918829255,0.272492587,19.504373,52.073254999999996,71.577628,0,0.567605137,0.748752117,-0.34233705,0.10594734800000001,-0.565711881,0.656802765,0.498578607,1.0510575659999999,0.598159616,-0.089331915,0.796382281,0.251121831,0.0,0.0,0.0,1.0
55,1790406309866756000,FL_calflower,1790406309847251627,1790406309918829255,0.272492587,19.504373,52.073254999999996,71.577628,0,0.584005499,0.748752117,-0.31354078399999996,0.167474247,-0.5899234329999999,0.656802765,0.469681704,0.966140311,0.557609547,-0.089331915,0.8252825309999999,0.145500609,0.0,0.0,0.0,1.0
55,1790406309866756000,FL_calflower1,1790406309847251627,1790406309918829255,0.272492587,19.504373,52.073254999999996,71.577628,0,0.662796518,0.748752117,-0.008427506,0.17407577899999999,-0.74014832,0.656802765,0.14419093,0.953241673,0.113498551,-0.089331915,0.9895138920000001,0.10702475199999999,0.0,0.0,0.0,1.0
55,1790406309866756000,FL_foot,1790406309847251627,1790406309918829255,0.272492587,19.504373,52.073254999999996,71.577628,0,0.567605137,0.748752117,-0.34233705,0.17820966,-0.565711881,0.656802765,0.498578607,0.945028595,0.598159616,-0.089331915,0.796382281,0.081956878,0.0,0.0,0.0,1.0
55,1790406309866756000,FR_hip,1790406309847251627,1790406309918829255,0.272492587,19.504373,52.073254999999996,71.577628,0,0.067438707,0.9383919559999999,0.338928513,0.089417205,-0.20616255100000003,0.34547665899999996,-0.915501673,0.798134607,-0.9761909759999999,-0.008134353,0.216759925,0.34967063200000004,0.0,0.0,0.0,1.0
55,1790406309866756000,FR_thigh,1790406309847251627,1790406309918829255,0.272492587,19.504373,52.073254999999996,71.577628,0,0.211235444,0.938434567,0.27334983,-0.00014392299999999998,-0.593645045,0.345346229,-0.726857603,0.7651626859999999,-0.7765082809999999,-0.00873492,0.6300463829999999,0.350446827,0.0,0.0,0.0,1.0
55,1790406309866756000,FR_calf,1790406309847251627,1790406309918829255,0.272492587,19.504373,52.073254999999996,71.577628,0,0.285401768,0.9384056820000001,-0.194783433,-0.058341279,-0.761278001,0.34543468,0.548754152,0.919759732,0.582238977,-0.008331298000000001,0.812974918,0.21635489800000002,0.0,0.0,0.0,1.0
55,1790406309866756000,FR_calflower,1790406309847251627,1790406309918829255,0.272492587,19.504373,52.073254999999996,71.577628,0,0.294780204,0.9384056820000001,-0.180275861,-0.023848288999999998,-0.7877528779999999,0.34543468,0.51002031,0.823358321,0.540879518,-0.008331299,0.841058732,0.10767657800000001,0.0,0.0,0.0,1.0
55,1790406309866756000,FR_calflower1,1790406309847251627,1790406309918829255,0.272492587,19.504373,52.073254999999996,71.577628,0,0.34471618299999995,0.9384056820000001,-0.023780414,-0.019593977,-0.934249562,0.34543468,0.088617551,0.810835275,0.09137397900000001,-0.008331299,0.995781723,0.06862752,0.0,0.0,0.0,1.0
55,1790406309866756000,FR_foot,1790406309847251627,1790406309918829255,0.272492587,19.504373,52.073254999999996,71.577628,0,0.285401768,0.9384056820000001,-0.194783433,-0.016910062,-0.761278001,0.34543468,0.548754152,0.802915103,0.582238977,-0.008331298000000001,0.812974918,0.043191908,0.0,0.0,0.0,1.0
55,1790406309866756000,RL_hip,1790406309847251627,1790406309918829255,0.272492587,19.504373,52.073254999999996,71.577628,0,0.067438707,0.841860055,0.535465823,0.142100773,-0.20616255100000003,0.536863022,-0.818092617,0.927071635,-0.9761909759999999,-0.055222154,0.20976545600000002,0.722313722,0.0,0.0,0.0,1.0
55,1790406309866756000,RL_thigh,1790406309847251627,1790406309918829255,0.272492587,19.504373,52.073254999999996,71.577628,0,-0.428805415,0.841856761,0.327724105,0.222496983,0.603294669,0.536873206,-0.589748366,0.97834114,-0.6724298590000001,-0.055173349000000003,-0.738101511,0.7170401009999999,0.0,0.0,0.0,1.0
55,1790406309866756000,RL_calf,1790406309847251627,1790406309918829255,0.272492587,19.504373,52.073254999999996,71.577628,0,0.298524272,0.8418485929999999,0.44963783799999996,0.152695007,-0.548173227,0.5368996189999999,-0.641284138,1.103933287,-0.781274205,-0.055040806,0.621756367,0.874234638,0.0,0.0,0.0,1.0
55,1790406309866756000,RL_calflower,1790406309847251627,1790406309918829255,0.272492587,19.504373,52.073254999999996,71.577628,0,0.275678669,0.8418485929999999,0.463995903,0.092249185,-0.515437304,0.536899618,-0.667879942,1.187728721,-0.811372683,-0.055040806,0.581931898,0.766800975,0.0,0.0,0.0,1.0
55,1790406309866756000,RL_calflower1,1790406309847251627,1790406309918829255,0.272492587,19.504373,52.073254999999996,71.577628,0,0.030261934,0.8418485929999999,0.5388646779999999,0.070975277,-0.14877722300000001,0.5368996189999999,-0.8304243309999999,1.219537575,-0.9884074820000001,-0.055040806,0.14149563,0.751668351,0.0,0.0,0.0,1.0
55,1790406309866756000,RL_foot,1790406309847251627,1790406309918829255,0.272492587,19.504373,52.073254999999996,71.577628,0,0.298524272,0.8418485929999999,0.44963783799999996,0.057122734,-0.548173227,0.5368996189999999,-0.641284138,1.24027532,-0.781274205,-0.055040806,0.621756367,0.742062879,0.0,0.0,0.0,1.0
55,1790406309866756000,RR_hip,1790406309847251627,1790406309918829255,0.272492587,19.504373,52.073254999999996,71.577628,0,0.067438707,0.8798711090000001,0.47040283899999996,0.063331913,-0.20616255100000003,0.473589802,-0.8562769029999999,0.8778782820000001,-0.9761909759999999,-0.039233497,0.21333486699999998,0.727261301,0.0,0.0,0.0,1.0
55,1790406309866756000,RR_thigh,1790406309847251627,1790406309918829255,0.272492587,19.504373,52.073254999999996,71.577628,0,-0.323449637,0.8798694090000001,0.34815246,-0.02068325,0.536384578,0.473595007,-0.698569815,0.832657293,-0.779533362,-0.039208797999999996,-0.625132196,0.7310075220000001,0.0,0.0,0.0,1.0
55,1790406309866756000,RR_calf,1790406309847251627,1790406309918829255,0.272492587,19.504373,52.073254999999996,71.577628,0,0.310362967,0.879863231,0.359882625,-0.094833532,-0.635009023,0.473614026,-0.610289871,0.9814329,-0.707416747,-0.039117593,0.705713266,0.8641645459999999,0.0,0.0,0.0,1.0
55,1790406309866756000,RR_calflower,1790406309847251627,1790406309918829255,0.272492587,19.504373,52.073254999999996,71.577628,0,0.291988459,0.879863231,0.374944548,-0.141866249,-0.6037136470000001,0.473614026,-0.641264391,1.05903946,-0.741803623,-0.039117593,0.6694752070000001,0.74558495,0.0,0.0,0.0,1.0
55,1790406309866756000,RR_calflower1,1790406309847251627,1790406309918829255,0.272492587,19.504373,52.073254999999996,71.577628,0,0.08585069599999999,0.879863231,0.467408101,-0.159778205,-0.23936839699999998,0.473614026,-0.8475806490000001,1.0907197990000002,-0.967125757,-0.039117594,0.25127164399999996,0.726227009,0.0,0.0,0.0,1.0
55,1790406309866756000,RR_foot,1790406309847251627,1790406309918829255,0.272492587,19.504373,52.073254999999996,71.577628,0,0.310362967,0.879863231,0.359882625,-0.171456474,-0.635009023,0.473614026,-0.610289871,1.111396288,-0.707416747,-0.039117593,0.705713266,0.7138669059999999,0.0,0.0,0.0,1.0
56,1790406309934754000,FL_hip,1790406309918829255,1790406309986949827,0.23377292,15.924745000000001,52.195827,68.120572,0,0.074578596,0.8315534059999999,0.550415248,0.17923475100000003,-0.217134768,0.55225005,-0.804905463,0.845950008,-0.9732884070000001,-0.059485832,0.221745284,0.330736959,0.0,0.0,0.0,1.0
56,1790406309934754000,FL_thigh,1790406309918829255,1790406309986949827,0.23377292,15.924745000000001,52.195827,68.120572,0,0.154005828,0.8316923140000001,0.533451104,0.25849773600000003,-0.335768991,0.551814447,-0.76338747,0.898595356,-0.929269186,-0.061550482999999996,0.364239176,0.32506563,0.0,0.0,0.0,1.0
56,1790406309934754000,FL_calf,1790406309918829255,1790406309986949827,0.23377292,15.924745000000001,52.195827,68.120572,0,0.43982349299999995,0.831334716,-0.339761482,0.14526435099999999,-0.591727742,0.552840979,0.586707389,1.060441015,0.675584215,-0.057001664,0.73507594,0.24776846800000002,0.0,0.0,0.0,1.0
56,1790406309934754000,FL_calflower,1790406309918829255,1790406309986949827,0.23377292,15.924745000000001,52.195827,68.120572,0,0.456254824,0.831334716,-0.317354856,0.204335183,-0.620311384,0.552840979,0.556400097,0.9624096659999999,0.638001426,-0.057001663,0.7679224240000001,0.152782162,0.0,0.0,0.0,1.0
56,1790406309934754000,FL_calflower1,1790406309918829255,1790406309986949827,0.23377292,15.924745000000001,52.195827,68.120572,0,0.551243577,0.831334716,-0.07080317,0.21252232699999998,-0.807147026,0.552840979,0.20707718100000003,0.9464754890000001,0.21129344100000003,-0.057001663,0.975759064,0.11580879300000001,0.0,0.0,0.0,1.0
56,1790406309934754000,FL_foot,1790406309918829255,1790406309986949827,0.23377292,15.924745000000001,52.195827,68.120572,0,0.43982349299999995,0.831334716,-0.339761482,0.217715493,-0.591727742,0.552840979,0.586707389,0.936303104,0.675584215,-0.057001664,0.73507594,0.09169475099999999,0.0,0.0,0.0,1.0
56,1790406309934754000,FR_hip,1790406309918829255,1790406309986949827,0.23377292,15.924745000000001,52.195827,68.120572,0,0.074578596,0.908548496,0.411068903,0.10032398699999999,-0.217134768,0.41712103100000003,-0.882532133,0.7969777140000001,-0.9732884070000001,-0.023439589,0.228385903,0.335615841,0.0,0.0,0.0,1.0
56,1790406309934754000,FR_thigh,1790406309918829255,1790406309986949827,0.23377292,15.924745000000001,52.195827,68.120572,0,0.222269986,0.908618058,0.35356648399999996,0.013642039,-0.532044395,0.416919663,-0.736958062,0.757183285,-0.817021874,-0.024309654,0.576093878,0.33785172700000005,0.0,0.0,0.0,1.0
56,1790406309934754000,FR_calf,1790406309918829255,1790406309986949827,0.23377292,15.924745000000001,52.195827,68.120572,0,0.354168552,0.908561754,-0.221540419,-0.061579354,-0.7390738379999999,0.417082478,0.528973059,0.913827267,0.573005324,-0.023611141000000002,0.819211371,0.21528941899999998,0.0,0.0,0.0,1.0
56,1790406309934754000,FR_calflower,1790406309918829255,1790406309986949827,0.23377292,15.924745000000001,52.195827,68.120572,0,0.36479833899999997,0.908561754,-0.203562501,-0.021760545,-0.7645878220000001,0.417082478,0.491373684,0.8208132109999999,0.531345713,-0.023611141000000002,0.846825901,0.105493961,0.0,0.0,0.0,1.0
56,1790406309934754000,FR_calflower1,1790406309918829255,1790406309986949827,0.23377292,15.924745000000001,52.195827,68.120572,0,0.417575199,0.908561754,-0.012102628999999998,-0.017274071000000002,-0.9050916509999999,0.417082478,0.082775229,0.808804203,0.080254384,-0.02361114,0.996494659,0.066308168,0.0,0.0,0.0,1.0
56,1790406309934754000,FR_foot,1790406309918829255,1790406309986949827,0.23377292,15.924745000000001,52.195827,68.120572,0,0.354168552,0.908561754,-0.221540419,-0.014456954,-0.7390738379999999,0.417082478,0.528973059,0.801211329,0.573005324,-0.023611141000000002,0.819211371,0.040786326,0.0,0.0,0.0,1.0
56,1790406309934754000,RL_hip,1790406309918829255,1790406309986949827,0.23377292,15.924745000000001,52.195827,68.120572,0,0.074578596,0.833816265,0.546981216,0.150387751,-0.217134768,0.548925898,-0.8071761140000001,0.929937736,-0.9732884070000001,-0.058570842000000005,0.22198872,0.707204915,0.0,0.0,0.0,1.0
56,1790406309934754000,RL_thigh,1790406309918829255,1790406309986949827,0.23377292,15.924745000000001,52.195827,68.120572,0,-0.42525380700000004,0.833814993,0.352010991,0.230008756,0.5710524020000001,0.548929608,-0.610389932,0.982354526,-0.702181444,-0.058554184,-0.7095861370000001,0.7016120090000001,0.0,0.0,0.0,1.0
56,1790406309934754000,RL_calf,1790406309918829255,1790406309986949827,0.23377292,15.924745000000001,52.195827,68.120572,0,0.364693565,0.8337945990000001,0.41446972200000004,0.155034681,-0.626954849,0.5489910060000001,-0.552753943,1.112355864,-0.688423082,-0.05826826,0.7229649570000001,0.8527562809999999,0.0,0.0,0.0,1.0
56,1790406309934754000,RL_calflower,1790406309918829255,1790406309986949827,0.23377292,15.924745000000001,52.195827,68.120572,0,0.343522941,0.8337945990000001,0.43217882399999996,0.101067915,-0.598545136,0.5489910060000001,-0.583397827,1.181571834,-0.72369592,-0.058268259,0.687654625,0.7321000240000001,0.0,0.0,0.0,1.0
56,1790406309934754000,RL_calflower1,1790406309918829255,1790406309986949827,0.23377292,15.924745000000001,52.195827,68.120572,0,0.105131924,0.8337945990000001,0.541972163,0.080369893,-0.26150552899999996,0.5489910060000001,-0.79386659,1.210865984,-0.9594591929999999,-0.058268259,0.27575845600000004,0.7118503140000001,0.0,0.0,0.0,1.0
56,1790406309934754000,RL_foot,1790406309918829255,1790406309986949827,0.23377292,15.924745000000001,52.195827,68.120572,0,0.364693565,0.8337945990000001,0.41446972200000004,0.066873688,-0.626954849,0.5489910060000001,-0.552753943,1.229994907,-0.688423082,-0.05826826,0.7229649570000001,0.698907772,0.0,0.0,0.0,1.0
56,1790406309934754000,RR_hip,1790406309918829255,1790406309986949827,0.23377292,15.924745000000001,52.195827,68.120572,0,0.074578596,0.8651595120000001,0.49592038899999996,0.071476987,-0.217134768,0.49946139799999995,-0.838684228,0.880965442,-0.9732884070000001,-0.045133924000000006,0.225105451,0.712083797,0.0,0.0,0.0,1.0
56,1790406309934754000,RR_thigh,1790406309918829255,1790406309986949827,0.23377292,15.924745000000001,52.195827,68.120572,0,-0.33947984600000003,0.865163529,0.369114457,-0.011142382,0.516965882,0.499449775,-0.6951953890000001,0.833268837,-0.785811714,-0.0451855,-0.61681284,0.716393907,0.0,0.0,0.0,1.0
56,1790406309934754000,RR_calf,1790406309918829255,1790406309986949827,0.23377292,15.924745000000001,52.195827,68.120572,0,0.33467573300000003,0.865165709,0.37347078799999994,-0.089748008,-0.64217533,0.49944352799999997,-0.581521656,0.9813352390000001,-0.689639835,-0.045212798,0.7227396209999999,0.847766755,0.0,0.0,0.0,1.0
56,1790406309934754000,RR_calflower,1790406309918829255,1790406309986949827,0.23377292,15.924745000000001,52.195827,68.120572,0,0.315591716,0.865165709,0.389730862,-0.13832466599999999,-0.612308809,0.49944352799999997,-0.612890295,1.054537216,-0.72489989,-0.045212798,0.687368759,0.7270292709999999,0.0,0.0,0.0,1.0
56,1790406309934754000,RR_calflower1,1790406309918829255,1790406309986949827,0.23377292,15.924745000000001,52.195827,68.120572,0,0.09995865300000001,0.865165709,0.49142297799999995,-0.15706674199999998,-0.26009483,0.49944352799999997,-0.8263820359999999,1.085169157,-0.9603951009999999,-0.045212798,0.274948925,0.70678715,0.0,0.0,0.0,1.0
56,1790406309934754000,RR_foot,1790406309918829255,1790406309986949827,0.23377292,15.924745000000001,52.195827,68.120572,0,0.33467573300000003,0.865165709,0.37347078799999994,-0.169288683,-0.64217533,0.49944352799999997,-0.581521656,1.1051684720000001,-0.689639835,-0.045212798,0.7227396209999999,0.693849947,0.0,0.0,0.0,1.0
57,1790406309998759000,FL_hip,1790406309986949827,1790406310048923405,0.190551738,11.809173,50.164405,61.973578,0,0.08141282400000001,0.897904954,0.43259519399999996,0.199152047,-0.212931655,0.43968419700000005,-0.872547064,0.856330934,-0.973669276,-0.02107695,0.22698844,0.31485766,0.0,0.0,0.0,1.0
57,1790406309998759000,FL_thigh,1790406309986949827,1790406310048923405,0.190551738,11.809173,50.164405,61.973578,0,0.19549018199999998,0.89790624,0.39439564899999996,0.28488078,-0.44124055799999995,0.439680833,-0.7822966159999999,0.8983100970000001,-0.875836875,-0.021092307999999997,0.482145964,0.312845375,0.0,0.0,0.0,1.0
57,1790406309998759000,FL_calf,1790406309986949827,1790406310048923405,0.190551738,11.809173,50.164405,61.973578,0,0.374648682,0.8979062520000001,-0.231090207,0.200896369,-0.738187067,0.43968080299999995,0.511625943,1.064894494,0.560998057,-0.021092443,0.8275482690000001,0.210159984,0.0,0.0,0.0,1.0
57,1790406309998759000,FL_calflower,1790406309986949827,1790406310048923405,0.190551738,11.809173,50.164405,61.973578,0,0.385730165,0.8979062520000001,-0.212076775,0.242580906,-0.762835165,0.43968080299999995,0.474092568,0.9744246959999999,0.51893678,-0.021092443,0.8545522659999999,0.098898925,0.0,0.0,0.0,1.0
57,1790406309998759000,FL_calflower1,1790406309986949827,1790406310048923405,0.190551738,11.809173,50.164405,61.973578,0,0.44007333600000004,0.8979062520000001,-0.009988864,0.24720576600000002,-0.8955569940000001,0.43968080299999995,0.068256307,0.96308969,0.065679848,-0.021092443,0.99761772,0.059527357,0.0,0.0,0.0,1.0
57,1790406309998759000,FL_foot,1790406309986949827,1790406310048923405,0.190551738,11.809173,50.164405,61.973578,0,0.374648682,0.8979062520000001,-0.231090207,0.25010732199999997,-0.738187067,0.43968080299999995,0.511625943,0.955933267,0.560998057,-0.021092443,0.8275482690000001,0.03388816,0.0,0.0,0.0,1.0
57,1790406309998759000,FR_hip,1790406309986949827,1790406310048923405,0.190551738,11.809173,50.164405,61.973578,0,0.08141282400000001,0.881579021,0.464962727,0.118580534,-0.212931655,0.47112486299999995,-0.8559801020000001,0.8100090679999999,-0.973669276,-0.02931779,0.22607179600000002,0.318250868,0.0,0.0,0.0,1.0
57,1790406309998759000,FR_thigh,1790406309986949827,1790406310048923405,0.190551738,11.809173,50.164405,61.973578,0,0.217109197,0.881594766,0.41911122700000003,0.034436583,-0.46021489200000004,0.47108383600000003,-0.752517597,0.765042722,-0.860851756,-0.029503,0.507999681,0.32104893100000004,0.0,0.0,0.0,1.0
57,1790406309998759000,FR_calf,1790406309986949827,1790406310048923405,0.190551738,11.809173,50.164405,61.973578,0,0.40696632200000005,0.881599682,-0.239082346,-0.054783504000000004,-0.7269196659999999,0.47107108700000005,0.499680189,0.92521605,0.5531426660000001,-0.029559613999999998,0.8325618709999999,0.212878428,0.0,0.0,0.0,1.0
57,1790406309998759000,FR_calflower,1790406309986949827,1790406310048923405,0.190551738,11.809173,50.164405,61.973578,0,0.418406858,0.881599682,-0.218443716,-0.01131219,-0.750984807,0.471071086,0.46272487799999995,0.8367514359999999,0.510840631,-0.029559613999999998,0.859166997,0.100726736,0.0,0.0,0.0,1.0
57,1790406309998759000,FR_calflower1,1790406309986949827,1790406310048923405,0.190551738,11.809173,50.164405,61.973578,0,0.47199751700000003,0.881599682,-0.000546893,-0.006768501999999999,-0.8797964229999999,0.471071086,0.063645473,0.825749506,0.056367619,-0.029559613999999998,0.9979723290000001,0.061256066,0.0,0.0,0.0,1.0
57,1790406309998759000,FR_foot,1790406309986949827,1790406310048923405,0.190551738,11.809173,50.164405,61.973578,0,0.40696632200000005,0.881599682,-0.239082346,-0.0039275709999999995,-0.7269196659999999,0.47107108700000005,0.499680189,0.81880589,0.5531426660000001,-0.029559613999999998,0.8325618709999999,0.035554682000000004,0.0,0.0,0.0,1.0
57,1790406309998759000,RL_hip,1790406309986949827,1790406310048923405,0.190551738,11.809173,50.164405,61.973578,0,0.08141282400000001,0.837817355,0.5398462629999999,0.16766156599999998,-0.212931655,0.543759508,-0.811779631,0.938692898,-0.973669276,-0.04886135900000001,0.22266692,0.6914729359999999,0.0,0.0,0.0,1.0
57,1790406309998759000,RL_thigh,1790406309986949827,1790406310048923405,0.190551738,11.809173,50.164405,61.973578,0,-0.411905808,0.8378158929999999,0.358326792,0.24767278199999998,0.570855495,0.543763366,-0.61517954,0.9906217079999999,-0.710252078,-0.04884348,-0.702250774,0.686806696,0.0,0.0,0.0,1.0
57,1790406309998759000,RL_calf,1790406309986949827,1790406310048923405,0.190551738,11.809173,50.164405,61.973578,0,0.38964627799999996,0.8378218909999999,0.38240059299999996,0.17135276300000002,-0.65831245,0.543747937,-0.5205414110000001,1.121642396,-0.64405021,-0.04891232,0.763417815,0.836374689,0.0,0.0,0.0,1.0
57,1790406309998759000,RL_calflower,1790406309986949827,1790406310048923405,0.190551738,11.809173,50.164405,61.973578,0,0.370047258,0.8378218909999999,0.401396889,0.122578425,-0.6314735029999999,0.543747938,-0.552792779,1.185470686,-0.681400303,-0.04891232,0.730274647,0.710588138,0.0,0.0,0.0,1.0
57,1790406309998759000,RL_calflower1,1790406309986949827,1790406310048923405,0.190551738,11.809173,50.164405,61.973578,0,0.142873314,0.8378218909999999,0.52691712,0.102834454,-0.304845598,0.543747938,-0.781925702,1.213878137,-0.9416242340000001,-0.04891232,0.33309343399999997,0.688205202,0.0,0.0,0.0,1.0
57,1790406309998759000,RL_foot,1790406309986949827,1790406310048923405,0.190551738,11.809173,50.164405,61.973578,0,0.38964627799999996,0.8378218909999999,0.38240059299999996,0.089949926,-0.65831245,0.543747937,-0.5205414110000001,1.2324407309999998,-0.64405021,-0.04891232,0.763417815,0.6738700209999999,0.0,0.0,0.0,1.0
57,1790406309998759000,RR_hip,1790406309986949827,1790406310048923405,0.190551738,11.809173,50.164405,61.973578,0,0.08141282400000001,0.8800729909999999,0.467807053,0.087090053,-0.212931655,0.473886494,-0.854454307,0.892371032,-0.973669276,-0.030047656000000002,0.225975946,0.694866144,0.0,0.0,0.0,1.0
57,1790406309998759000,RR_thigh,1790406309986949827,1790406310048923405,0.190551738,11.809173,50.164405,61.973578,0,-0.318810461,0.8800851409999999,0.351866439,0.003070022,0.542601519,0.473854506,-0.693574769,0.8471289320000001,-0.777138232,-0.030195892000000002,-0.628604984,0.6977348729999999,0.0,0.0,0.0,1.0
57,1790406309998759000,RR_calf,1790406309986949827,1790406310048923405,0.190551738,11.809173,50.164405,61.973578,0,0.315400188,0.880084256,0.354928695,-0.07183044,-0.6309384170000001,0.473856848,-0.61431007,0.994824872,-0.708829679,-0.030184901,0.704733429,0.8316268240000001,0.0,0.0,0.0,1.0
57,1790406309998759000,RR_calflower,1790406309986949827,1790406310048923405,0.190551738,11.809173,50.164405,61.973578,0,0.297266979,0.880084256,0.370248566,-0.11804445,-0.599447202,0.47385684899999997,-0.64507612,1.073081484,-0.7431658179999999,-0.030184902000000003,0.6684259770000001,0.713165608,0.0,0.0,0.0,1.0
57,1790406309998759000,RR_calflower1,1790406309986949827,1790406310048923405,0.190551738,11.809173,50.164405,61.973578,0,0.092701224,0.880084256,0.465680298,-0.135821576,-0.23382390600000003,0.47385684899999997,-0.848991478,1.1048654009999999,-0.967849504,-0.030184901,0.24971195,0.693864314,0.0,0.0,0.0,1.0
57,1790406309998759000,RR_foot,1790406309986949827,1790406310048923405,0.190551738,11.809173,50.164405,61.973578,0,0.315400188,0.880084256,0.354928695,-0.147413728,-0.6309384170000001,0.473856848,-0.61431007,1.125607965,-0.708829679,-0.030184901,0.704733429,0.68154126,0.0,0.0,0.0,1.0
