base_sample_index,base_common_time_ns,frame_name,source_t0_ns,source_t1_ns,interpolation_alpha,source_t0_offset_ms,source_t1_offset_ms,interpolation_gap_ms,large_gap_warning,F_T00,F_T01,F_T02,F_T03,F_T10,F_T11,F_T12,F_T13,F_T20,F_T21,F_T22,F_T23,F_T30,F_T31,F_T32,F_T33
9,1790395044503543000,FL_hip,1790395044126238969,1790395044726490210,0.628576845,377.304031,222.94721,600.251241,1,-0.05483337,0.985019558,-0.163491763,0.520105197,-0.332615158,-0.172405599,-0.927169928,0.637240586,-0.9414670759999999,0.003539692,0.33708617,0.321345874,0.0,0.0,0.0,1.0
9,1790395044503543000,FL_thigh,1790395044126238969,1790395044726490210,0.628576845,377.304031,222.94721,600.251241,1,-0.048201651,0.984813741,-0.166788135,0.614169757,-0.276903406,-0.17361236100000002,-0.94508405,0.620776684,-0.959687917,0.000629297,0.281066855,0.321683901,0.0,0.0,0.0,1.0
9,1790395044503543000,FL_calf,1790395044126238969,1790395044726490210,0.628576845,377.304031,222.94721,600.251241,1,-0.154263928,0.984927607,0.078230647,0.643470124,-0.8728461240000001,-0.17295348300000002,0.456319345,0.7855478359999999,0.462971891,0.002110004,0.886370378,0.26849992,0.0,0.0,0.0,1.0
9,1790395044503543000,FL_calflower,1790395044126238969,1790395044726490210,0.628576845,377.304031,222.94721,600.251241,1,-0.157981041,0.984927607,0.070422896,0.629190515,-0.894561756,-0.172953484,0.41212494,0.7041223329999999,0.418093241,0.002110003,0.9084015959999999,0.152253471,0.0,0.0,0.0,1.0
9,1790395044503543000,FL_calflower1,1790395044126238969,1790395044726490210,0.628576845,377.304031,222.94721,600.251241,1,-0.172648208,0.984927607,-0.010487604,0.627932336,-0.983782451,-0.17295348300000002,-0.04753726,0.696835623,-0.048634357999999996,0.002110004,0.9988143559999999,0.113573044,0.0,0.0,0.0,1.0
9,1790395044503543000,FL_foot,1790395044126238969,1790395044726490210,0.628576845,377.304031,222.94721,600.251241,1,-0.154263928,0.984927607,0.078230647,0.627154297,-0.8728461240000001,-0.17295348300000002,0.456319345,0.6923247229999999,0.462971891,0.002110004,0.886370378,0.088410647,0.0,0.0,0.0,1.0
9,1790395044503543000,FR_hip,1790395044126238969,1790395044726490210,0.628576845,377.304031,222.94721,600.251241,1,-0.05483337,0.97558963,-0.212645153,0.42913162200000005,-0.332615158,-0.218648979,-0.917366006,0.656490253,-0.9414670759999999,0.020426445,0.336485328,0.319843625,0.0,0.0,0.0,1.0
9,1790395044503543000,FR_thigh,1790395044126238969,1790395044726490210,0.628576845,377.304031,222.94721,600.251241,1,-0.034687391,0.97107614,-0.236236535,0.336758845,-0.039103895,-0.237516473,-0.970596425,0.6772109609999999,-0.9986328170000001,-0.024429958999999998,0.04621195,0.317903159,0.0,0.0,0.0,1.0
9,1790395044503543000,FR_calf,1790395044126238969,1790395044726490210,0.628576845,377.304031,222.94721,600.251241,1,-0.21292325199999998,0.973498062,0.083456556,0.380315145,-0.914258448,-0.2286381,0.334449874,0.8315119529999999,0.34466781799999996,-0.005088984,0.9387108540000001,0.304575394,0.0,0.0,0.0,1.0
9,1790395044503543000,FR_calflower,1790395044126238969,1790395044726490210,0.628576845,377.304031,222.94721,600.251241,1,-0.216828243,0.973498062,0.07271053,0.36093779200000004,-0.92983139,-0.2286381,0.288338021,0.769462132,0.297321085,-0.005088984,0.954763921,0.183975,0.0,0.0,0.0,1.0
9,1790395044503543000,FR_calflower1,1790395044126238969,1790395044726490210,0.628576845,377.304031,222.94721,600.251241,1,-0.22590175899999998,0.973498062,-0.035632896000000004,0.35919628200000003,-0.957904215,-0.2286381,-0.173622412,0.7672481240000001,-0.17716780399999998,-0.005088985,0.9841674359999999,0.146312743,0.0,0.0,0.0,1.0
9,1790395044503543000,FR_foot,1790395044126238969,1790395044726490210,0.628576845,377.304031,222.94721,600.251241,1,-0.21292325199999998,0.973498062,0.083456556,0.358117865,-0.914258448,-0.2286381,0.334449874,0.766021211,0.34466781799999996,-0.005088984,0.9387108540000001,0.121841239,0.0,0.0,0.0,1.0
9,1790395044503543000,RL_hip,1790395044126238969,1790395044726490210,0.628576845,377.304031,222.94721,600.251241,1,-0.05483337,0.9983319909999999,-0.018064427,0.541314744,-0.332615158,-0.035321096,-0.942401287,0.765896129,-0.9414670759999999,-0.04566685,0.333997237,0.6855053390000001,0.0,0.0,0.0,1.0
9,1790395044503543000,RL_thigh,1790395044126238969,1790395044726490210,0.628576845,377.304031,222.94721,600.251241,1,-0.012013101000000002,0.999306093,-0.035253427999999996,0.635701437,0.36716677200000003,-0.028384613,-0.9297222620000001,0.762534095,-0.930077602,-0.024113057,-0.366570709,0.681195787,0.0,0.0,0.0,1.0
9,1790395044503543000,RL_calf,1790395044126238969,1790395044726490210,0.628576845,377.304031,222.94721,600.251241,1,-0.032224397,0.999468316,0.004945584,0.640261748,-0.898653982,-0.026807297,-0.437839009,0.949004457,-0.43747333200000005,-0.01855379,0.8990398829999999,0.7566232359999999,0.0,0.0,0.0,1.0
9,1790395044503543000,RL_calflower,1790395044126238969,1790395044726490210,0.628576845,377.304031,222.94721,600.251241,1,-0.032431301,0.999468316,0.003328855,0.642736655,-0.875648069,-0.026807297,-0.48220580399999996,0.992242327,-0.481859871,-0.018553791,0.876051763,0.6259493070000001,0.0,0.0,0.0,1.0
9,1790395044503543000,RL_calflower1,1790395044126238969,1790395044726490210,0.628576845,377.304031,222.94721,600.251241,1,-0.030303595,0.999468316,-0.012023421000000001,0.643631022,-0.554022793,-0.026807296,-0.8320701429999999,1.017979201,-0.83194972,-0.018553791,0.554540612,0.5982509570000001,0.0,0.0,0.0,1.0
9,1790395044503543000,RL_foot,1790395044126238969,1790395044726490210,0.628576845,377.304031,222.94721,600.251241,1,-0.032224397,0.999468316,0.004945584,0.6442136470000001,-0.898653982,-0.026807297,-0.437839009,1.034852918,-0.43747333200000005,-0.01855379,0.8990398829999999,0.580415295,0.0,0.0,0.0,1.0
9,1790395044503543000,RR_hip,1790395044126238969,1790395044726490210,0.628576845,377.304031,222.94721,600.251241,1,-0.05483337,0.9777619679999999,-0.202421887,0.450341169,-0.332615158,-0.20903481699999998,-0.9196043770000001,0.7851457959999999,-0.9414670759999999,0.016903292,0.336680701,0.68400309,0.0,0.0,0.0,1.0
9,1790395044503543000,RR_thigh,1790395044126238969,1790395044726490210,0.628576845,377.304031,222.94721,600.251241,1,0.11787284099999999,0.9780089409999999,-0.172058973,0.35708451,0.463896838,-0.207430215,-0.861262468,0.805084105,-0.878012527,0.02170155,-0.47814528700000003,0.682390521,0.0,0.0,0.0,1.0
9,1790395044503543000,RR_calf,1790395044126238969,1790395044726490210,0.628576845,377.304031,222.94721,600.251241,1,-0.169130523,0.97805731,-0.121649293,0.39223002799999995,-0.853185005,-0.207081908,-0.478741098,0.9848002229999999,-0.49342724,0.02281933,0.869487612,0.782398948,0.0,0.0,0.0,1.0
9,1790395044503543000,RR_calflower,1790395044126238969,1790395044726490210,0.628576845,377.304031,222.94721,600.251241,1,-0.162839224,0.97805731,-0.129950266,0.407171382,-0.8281916640000001,-0.207081908,-0.5207842739999999,1.036900401,-0.536266853,0.02281933,0.843739896,0.648104452,0.0,0.0,0.0,1.0
9,1790395044503543000,RR_calflower1,1790395044126238969,1790395044726490210,0.628576845,377.304031,222.94721,600.251241,1,-0.084429238,0.97805731,-0.190460989,0.413917756,-0.494114468,-0.207081908,-0.844374671,1.0651117190000001,-0.8652874890000001,0.02281933,0.500756138,0.620620695,0.0,0.0,0.0,1.0
9,1790395044503543000,RR_foot,1790395044126238969,1790395044726490210,0.628576845,377.304031,222.94721,600.251241,1,-0.169130523,0.97805731,-0.121649293,0.418326948,-0.853185005,-0.207081908,-0.478741098,1.083589622,-0.49342724,0.02281933,0.869487612,0.602941057,0.0,0.0,0.0,1.0
10,1790395044571549000,FL_hip,1790395044126238969,1790395044726490210,0.741872737,445.310031,154.94121,600.251241,1,-0.044418162000000004,0.990115814,-0.133031861,0.52951354,-0.34791152799999997,-0.140158253,-0.926991827,0.632039707,-0.9364744490000001,0.00510775,0.350698441,0.34169679,0.0,0.0,0.0,1.0
10,1790395044571549000,FL_thigh,1790395044126238969,1790395044726490210,0.741872737,445.310031,154.94121,600.251241,1,-0.057833521,0.989963203,-0.128949269,0.624065636,-0.423066756,-0.141296893,-0.895014146,0.618655142,-0.9042508579999999,0.002792035,0.426992353,0.342184565,0.0,0.0,0.0,1.0
10,1790395044571549000,FL_calf,1790395044126238969,1790395044726490210,0.741872737,445.310031,154.94121,600.251241,1,-0.12078823400000001,0.9900508179999999,0.072175853,0.6475034789999999,-0.835132812,-0.14065381300000002,0.531761512,0.7796247540000001,0.53662282,0.003953817,0.8438128909999999,0.258587185,0.0,0.0,0.0,1.0
10,1790395044571549000,FL_calflower,1790395044126238969,1790395044726490210,0.741872737,445.310031,154.94121,600.251241,1,-0.12424457,0.9900508179999999,0.066048756,0.634640123,-0.860666112,-0.14065381400000002,0.489357704,0.687328763,0.49377911399999996,0.003953817,0.869578308,0.148974211,0.0,0.0,0.0,1.0
10,1790395044571549000,FL_calflower1,1790395044126238969,1790395044726490210,0.741872737,445.310031,154.94121,600.251241,1,-0.14070424199999998,0.9900508179999999,0.001211356,0.6332226470000001,-0.989381669,-0.14065381300000002,0.036620112,0.676624453,0.036426413,0.003953817,0.999328456,0.11075020199999999,0.0,0.0,0.0,1.0
10,1790395044571549000,FL_foot,1790395044126238969,1790395044726490210,0.741872737,445.310031,154.94121,600.251241,1,-0.12078823400000001,0.9900508179999999,0.072175853,0.632333684,-0.835132812,-0.14065381300000002,0.531761512,0.669892645,0.53662282,0.003953817,0.8438128909999999,0.085864451,0.0,0.0,0.0,1.0
10,1790395044571549000,FR_hip,1790395044126238969,1790395044726490210,0.741872737,445.310031,154.94121,600.251241,1,-0.044418162000000004,0.976663445,-0.210131663,0.43792310700000003,-0.34791152799999997,-0.212294727,-0.9131753020000001,0.648088758,-0.9364744490000001,0.032545378,0.34922239899999996,0.340078651,0.0,0.0,0.0,1.0
10,1790395044571549000,FR_thigh,1790395044126238969,1790395044726490210,0.741872737,445.310031,154.94121,600.251241,1,-0.054724962,0.973097827,-0.22379806100000002,0.34530771,-0.21878108,-0.23037319899999997,-0.948189666,0.668248118,-0.9742380629999999,-0.002927129,0.22550278699999998,0.336982099,0.0,0.0,0.0,1.0
10,1790395044571549000,FR_calf,1790395044126238969,1790395044726490210,0.741872737,445.310031,154.94121,600.251241,1,-0.203459515,0.975087527,0.088364667,0.38856862799999997,-0.871407382,-0.221492103,0.437711135,0.8270927659999999,0.44637889299999994,0.012054599,0.8947627890000001,0.28919781,0.0,0.0,0.0,1.0
10,1790395044571549000,FR_calflower,1790395044126238969,1790395044726490210,0.741872737,445.310031,154.94121,600.251241,1,-0.20762163600000003,0.975087527,0.078085497,0.36906434200000005,-0.892194788,-0.221492103,0.393611893,0.749959769,0.401101535,0.012054599,0.915954215,0.17484972399999998,0.0,0.0,0.0,1.0
10,1790395044571549000,FR_calflower1,1790395044126238969,1790395044726490210,0.741872737,445.310031,154.94121,600.251241,1,-0.220217594,0.975087527,-0.026613908,0.36720552,-0.973134023,-0.221492103,-0.062865223,0.743269093,-0.067193557,0.012054598,0.9976670740000001,0.137069461,0.0,0.0,0.0,1.0
10,1790395044571549000,FR_foot,1790395044126238969,1790395044726490210,0.741872737,445.310031,154.94121,600.251241,1,-0.203459515,0.975087527,0.088364667,0.36604992,-0.871407382,-0.221492103,0.437711135,0.7391362929999999,0.44637889299999994,0.012054599,0.8947627890000001,0.112495746,0.0,0.0,0.0,1.0
10,1790395044571549000,RL_hip,1790395044126238969,1790395044726490210,0.741872737,445.310031,154.94121,600.251241,1,-0.044418162000000004,0.998851038,-0.017983465,0.546694485,-0.34791152799999997,-0.032340576,-0.936969727,0.766611886,-0.9364744490000001,-0.03536213,0.348948428,0.703925107,0.0,0.0,0.0,1.0
10,1790395044571549000,RL_thigh,1790395044126238969,1790395044726490210,0.741872737,445.310031,154.94121,600.251241,1,-0.004722877,0.999484716,-0.031745412,0.641302237,0.42079219100000004,-0.026811835,-0.906761088,0.763514008,-0.907144864,-0.01764106,-0.42044841299999997,0.700588615,0.0,0.0,0.0,1.0
10,1790395044571549000,RL_calf,1790395044126238969,1790395044726490210,0.741872737,445.310031,154.94121,600.251241,1,-0.028766066,0.999584529,-0.001748593,0.645871643,-0.86237804,-0.025701877999999997,-0.505612641,0.947145938,-0.505447184,-0.013036856999999999,0.8627589840000001,0.7878719940000001,0.0,0.0,0.0,1.0
10,1790395044571549000,RL_calflower,1790395044126238969,1790395044726490210,0.741872737,445.310031,154.94121,600.251241,1,-0.028642723,0.999584529,-0.0031841120000000002,0.6487663610000001,-0.8360301920000001,-0.025701877999999997,-0.548081696,1.00171388,-0.547935484,-0.013036856999999999,0.836418929,0.6591553,0.0,0.0,0.0,1.0
10,1790395044571549000,RL_calflower1,1790395044126238969,1790395044726490210,0.741872737,445.310031,154.94121,600.251241,1,-0.023935592999999998,0.999584529,-0.016050903999999998,0.649797256,-0.48846182299999996,-0.025701877,-0.8722070140000001,1.030086688,-0.8722568359999999,-0.013036856999999999,0.48887414799999995,0.633217394,0.0,0.0,0.0,1.0
10,1790395044571549000,RL_foot,1790395044126238969,1790395044726490210,0.741872737,445.310031,154.94121,600.251241,1,-0.028766066,0.999584529,-0.001748593,0.650468658,-0.86237804,-0.025701877999999997,-0.505612641,1.0486620070000001,-0.505447184,-0.013036856999999999,0.8627589840000001,0.616539773,0.0,0.0,0.0,1.0
10,1790395044571549000,RR_hip,1790395044126238969,1790395044726490210,0.741872737,445.310031,154.94121,600.251241,1,-0.044418162000000004,0.982383997,-0.181517171,0.45510405200000004,-0.34791152799999997,-0.185533575,-0.918986113,0.7826609370000001,-0.9364744490000001,0.022331956,0.350023955,0.7023069679999999,0.0,0.0,0.0,1.0
10,1790395044571549000,RR_thigh,1790395044126238969,1790395044726490210,0.741872737,445.310031,154.94121,600.251241,1,0.11561467199999999,0.982534763,-0.145802816,0.361385064,0.493744041,-0.184214997,-0.849871915,0.8003623670000001,-0.861887695,0.026268104,-0.506418273,0.700175911,0.0,0.0,0.0,1.0
10,1790395044571549000,RR_calf,1790395044126238969,1790395044726490210,0.741872737,445.310031,154.94121,600.251241,1,-0.14177593800000002,0.982560016,-0.120312809,0.39130895600000004,-0.835726392,-0.183946301,-0.517422237,0.97828802,-0.530529128,0.027190278999999998,0.8472304359999999,0.806531617,0.0,0.0,0.0,1.0
10,1790395044571549000,RR_calflower,1790395044126238969,1790395044726490210,0.741872737,445.310031,154.94121,600.251241,1,-0.135585621,0.982560016,-0.127248293,0.406574334,-0.808821618,-0.183946301,-0.558544504,1.0367602470000001,-0.572209978,0.027190278999999998,0.8196562140000001,0.674017531,0.0,0.0,0.0,1.0
10,1790395044571549000,RR_calflower1,1790395044126238969,1790395044726490210,0.741872737,445.310031,154.94121,600.251241,1,-0.061503145999999995,0.982560016,-0.17547920600000003,0.41297542,-0.45949644700000003,-0.183946301,-0.8689231190000001,1.066445765,-0.886047516,0.027190278,0.46279624799999997,0.647690612,0.0,0.0,0.0,1.0
10,1790395044571549000,RR_foot,1790395044126238969,1790395044726490210,0.741872737,445.310031,154.94121,600.251241,1,-0.14177593800000002,0.982560016,-0.120312809,0.417154751,-0.835726392,-0.183946301,-0.517422237,1.085875187,-0.530529128,0.027190278999999998,0.8472304359999999,0.630770053,0.0,0.0,0.0,1.0
11,1790395044639542000,FL_hip,1790395044126238969,1790395044726490210,0.855146972,513.3030309999999,86.94821,600.251241,1,-0.049121994,0.994559257,-0.091862216,0.528096926,-0.35010141,-0.103283302,-0.931000637,0.632221125,-0.935422808,-0.013571803,0.35327024700000004,0.347516096,0.0,0.0,0.0,1.0
11,1790395044639542000,FL_thigh,1790395044126238969,1790395044726490210,0.855146972,513.3030309999999,86.94821,600.251241,1,-0.069999486,0.994454015,-0.078492271,0.623074759,-0.548470455,-0.10409221199999999,-0.8296659540000001,0.622357824,-0.8332347170000001,-0.015025785,0.5527151379999999,0.346220029,0.0,0.0,0.0,1.0
11,1790395044639542000,FL_calf,1790395044126238969,1790395044726490210,0.855146972,513.3030309999999,86.94821,600.251241,1,-0.074640188,0.99451359,0.073289249,0.638070035,-0.7987844590000001,-0.10362300199999999,0.592626598,0.780108303,0.5969697279999999,-0.014308838,0.8021360809999999,0.23419991899999998,0.0,0.0,0.0,1.0
11,1790395044639542000,FL_calflower,1790395044126238969,1790395044726490210,0.855146972,513.3030309999999,86.94821,600.251241,1,-0.078209844,0.99451359,0.069467202,0.625867034,-0.8274051720000001,-0.10362300199999999,0.551963385,0.678507355,0.556133576,-0.014308838,0.830969671,0.130305022,0.0,0.0,0.0,1.0
11,1790395044639542000,FL_calflower1,1790395044126238969,1790395044726490210,0.855146972,513.3030309999999,86.94821,600.251241,1,-0.101450241,0.99451359,0.025501377000000002,0.623873191,-0.988789384,-0.10362300199999999,0.10751024199999999,0.66489594,0.109563169,-0.014308838,0.9938767829999999,0.09246824,0.0,0.0,0.0,1.0
11,1790395044639542000,FL_foot,1790395044126238969,1790395044726490210,0.855146972,513.3030309999999,86.94821,600.251241,1,-0.074640188,0.99451359,0.073289249,0.622600075,-0.7987844590000001,-0.10362300199999999,0.592626598,0.656275189,0.5969697279999999,-0.014308838,0.8021360809999999,0.067816848,0.0,0.0,0.0,1.0
11,1790395044639542000,FR_hip,1790395044126238969,1790395044726490210,0.855146972,513.3030309999999,86.94821,600.251241,1,-0.049121994,0.979142108,-0.19714845399999997,0.435931619,-0.35010141,-0.201742952,-0.914729144,0.64465168,-0.935422808,0.024088365,0.35270924600000003,0.34770362,0.0,0.0,0.0,1.0
11,1790395044639542000,FR_thigh,1790395044126238969,1790395044726490210,0.855146972,513.3030309999999,86.94821,600.251241,1,-0.08154371099999999,0.9766701940000001,-0.198659775,0.34284989,-0.37949533399999996,-0.214734848,-0.899929364,0.663856581,-0.921593023,0.00200662,0.388152244,0.345403829,0.0,0.0,0.0,1.0
11,1790395044639542000,FR_calf,1790395044126238969,1790395044726490210,0.855146972,513.3030309999999,86.94821,600.251241,1,-0.181759737,0.9780347629999999,0.102035055,0.38322461399999996,-0.8256055,-0.208146348,0.524453315,0.8277490009999999,0.534171925,0.011083532,0.845303142,0.26453460300000003,0.0,0.0,0.0,1.0
11,1790395044639542000,FR_calflower,1790395044126238969,1790395044726490210,0.855146972,513.3030309999999,86.94821,600.251241,1,-0.186632212,0.9780347629999999,0.09282333699999999,0.3629854,-0.8507854490000001,-0.208146348,0.482534808,0.737045422,0.4912568,0.011083532,0.870944202,0.15594238300000002,0.0,0.0,0.0,1.0
11,1790395044639542000,FR_calflower1,1790395044126238969,1790395044726490210,0.855146972,513.3030309999999,86.94821,600.251241,1,-0.208405708,0.9780347629999999,-0.00384904,0.3606497,-0.9774668990000001,-0.208146348,0.035130922,0.726383287,0.033558392,0.011083532,0.999375245,0.11805189199999999,0.0,0.0,0.0,1.0
11,1790395044639542000,FR_foot,1790395044126238969,1790395044726490210,0.855146972,513.3030309999999,86.94821,600.251241,1,-0.181759737,0.9780347629999999,0.102035055,0.359181194,-0.8256055,-0.208146348,0.524453315,0.71967327,0.534171925,0.011083532,0.845303142,0.093383028,0.0,0.0,0.0,1.0
11,1790395044639542000,RL_hip,1790395044126238969,1790395044726490210,0.855146972,513.3030309999999,86.94821,600.251241,1,-0.049121994,0.998765551,-0.007359017,0.547097313,-0.35010141,-0.024118351,-0.936401587,0.76764035,-0.935422808,-0.043421811,0.35085411200000005,0.7093376379999999,0.0,0.0,0.0,1.0
11,1790395044639542000,RL_thigh,1790395044126238969,1790395044726490210,0.855146972,513.3030309999999,86.94821,600.251241,1,-0.017802591,0.99927435,-0.03366886,0.641974197,0.48523189200000005,-0.020807856,-0.874138243,0.7653163540000001,-0.874204401,-0.031899434,-0.484509012,0.705225131,0.0,0.0,0.0,1.0
11,1790395044639542000,RL_calf,1790395044126238969,1790395044726490210,0.855146972,513.3030309999999,86.94821,600.251241,1,-0.033279187,0.99937723,0.011721777,0.647872097,-0.813085518,-0.020251698999999998,-0.581792431,0.9453628829999999,-0.581192375,-0.028892691,0.813253052,0.80683322,0.0,0.0,0.0,1.0
11,1790395044639542000,RL_calflower,1790395044126238969,1790395044726490210,0.855146972,513.3030309999999,86.94821,600.251241,1,-0.033823441,0.99937723,0.010043861999999999,0.6477039370000001,-0.78299187,-0.020251698999999998,-0.621702681,1.013142048,-0.621111748,-0.028892691,0.783189185,0.6806146270000001,0.0,0.0,0.0,1.0
11,1790395044639542000,RL_calflower1,1790395044126238969,1790395044726490210,0.855146972,513.3030309999999,86.94821,600.251241,1,-0.034639267,0.99937723,-0.0067101059999999995,0.648096133,-0.40742046200000004,-0.020251698999999998,-0.9130164620000001,1.044578414,-0.912583423,-0.028892691,0.40786836,0.656770283,0.0,0.0,0.0,1.0
11,1790395044639542000,RL_foot,1790395044126238969,1790395044726490210,0.855146972,513.3030309999999,86.94821,600.251241,1,-0.033279187,0.99937723,0.011721777,0.648356453,-0.813085518,-0.020251698999999998,-0.581792431,1.0651312179999999,-0.581192375,-0.028892691,0.813253052,0.6414691779999999,0.0,0.0,0.0,1.0
11,1790395044639542000,RR_hip,1790395044126238969,1790395044726490210,0.855146972,513.3030309999999,86.94821,600.251241,1,-0.049121994,0.987466387,-0.14998972,0.454932006,-0.35010141,-0.157666372,-0.9233476820000001,0.780070905,-0.935422808,0.007154656999999999,0.353458445,0.709525162,0.0,0.0,0.0,1.0
11,1790395044639542000,RR_thigh,1790395044126238969,1790395044726490210,0.855146972,513.3030309999999,86.94821,600.251241,1,0.09328289,0.987574872,-0.126467094,0.360693159,0.535372231,-0.15684806099999998,-0.829925228,0.795119315,-0.839449375,0.009710576,-0.543351032,0.708841788,0.0,0.0,0.0,1.0
11,1790395044639542000,RR_calf,1790395044126238969,1790395044726490210,0.855146972,513.3030309999999,86.94821,600.251241,1,-0.12227123300000001,0.9875932359999999,-0.098534749,0.38695454799999995,-0.80852093,-0.15669396,-0.567222648,0.9698802440000001,-0.575624678,0.010312116999999999,0.817648935,0.823579653,0.0,0.0,0.0,1.0
11,1790395044639542000,RR_calflower,1790395044126238969,1790395044726490210,0.855146972,513.3030309999999,86.94821,600.251241,1,-0.11719374099999999,0.9875932359999999,-0.104522621,0.39935060299999997,-0.779161172,-0.15669396,-0.606922972,1.036725579,-0.615770712,0.010312116999999999,0.787857843,0.693288864,0.0,0.0,0.0,1.0
11,1790395044639542000,RR_calflower1,1790395044126238969,1790395044726490210,0.855146972,513.3030309999999,86.94821,600.251241,1,-0.055683884,0.9875932359999999,-0.146828663,0.404699329,-0.41084761399999997,-0.15669396,-0.898137999,1.068303472,-0.9100018409999999,0.010312116,0.414475815,0.668400178,0.0,0.0,0.0,1.0
11,1790395044639542000,RR_foot,1790395044126238969,1790395044726490210,0.855146972,513.3030309999999,86.94821,600.251241,1,-0.12227123300000001,0.9875932359999999,-0.098534749,0.40819294899999997,-0.80852093,-0.15669396,-0.567222648,1.088953577,-0.575624678,0.010312116999999999,0.817648935,0.652423302,0.0,0.0,0.0,1.0
12,1790395044703547000,FL_hip,1790395044126238969,1790395044726490210,0.961777322,577.3080309999999,22.94321,600.251241,1,-0.041022988999999996,0.995130945,-0.089617365,0.522362385,-0.325011112,-0.098105334,-0.940608185,0.6260324589999999,-0.944819924,-0.009460207,0.327453341,0.35035191200000004,0.0,0.0,0.0,1.0
12,1790395044703547000,FL_thigh,1790395044126238969,1790395044726490210,0.961777322,577.3080309999999,22.94321,600.251241,1,-0.07030825,0.995102432,-0.069481332,0.617396625,-0.633949151,-0.09835228,-0.7670957820000001,0.61666347,-0.7701721640000001,-0.009885818000000001,0.637759345,0.34944847100000004,0.0,0.0,0.0,1.0
12,1790395044703547000,FL_calf,1790395044126238969,1790395044726490210,0.961777322,577.3080309999999,22.94321,600.251241,1,-0.070395111,0.995119001,0.069155315,0.631722143,-0.7751929679999999,-0.098205068,0.6240450820000001,0.774474358,0.627790552,-0.009679279,0.7783220470000001,0.21539154300000002,0.0,0.0,0.0,1.0
12,1790395044703547000,FL_calflower,1790395044126238969,1790395044726490210,0.961777322,577.3080309999999,22.94321,600.251241,1,-0.073763461,0.995119001,0.0655506,0.620112002,-0.8054134340000001,-0.098205068,0.5845216870000001,0.6672256289999999,0.588106087,-0.009679279,0.808725798,0.113613312,0.0,0.0,0.0,1.0
12,1790395044703547000,FL_calflower1,1790395044126238969,1790395044726490210,0.961777322,577.3080309999999,22.94321,600.251241,1,-0.09569771699999999,0.995119001,0.024080618999999998,0.618226826,-0.9843175690000001,-0.098205068,0.146544617,0.651954744,0.14819438199999999,-0.009679278000000001,0.9889108209999999,0.07566912099999999,0.0,0.0,0.0,1.0
12,1790395044703547000,FL_foot,1790395044126238969,1790395044726490210,0.961777322,577.3080309999999,22.94321,600.251241,1,-0.070395111,0.995119001,0.069155315,0.617023375,-0.7751929679999999,-0.098205068,0.6240450820000001,0.642257019,0.627790552,-0.009679279,0.7783220470000001,0.050938462000000004,0.0,0.0,0.0,1.0
12,1790395044703547000,FR_hip,1790395044126238969,1790395044726490210,0.961777322,577.3080309999999,22.94321,600.251241,1,-0.041022988999999996,0.9744234270000001,-0.22094310399999997,0.430112011,-0.325011112,-0.22211719100000002,-0.9192564209999999,0.6378165170000001,-0.944819924,0.034098052999999996,0.325810541,0.350303714,0.0,0.0,0.0,1.0
12,1790395044703547000,FR_thigh,1790395044126238969,1790395044726490210,0.961777322,577.3080309999999,22.94321,600.251241,1,-0.090521293,0.973706077,-0.20905053399999998,0.337181037,-0.495562228,-0.226119022,-0.838623219,0.659010173,-0.8638424659999999,0.027684028,0.50300066,0.347048235,0.0,0.0,0.0,1.0
12,1790395044703547000,FR_calf,1790395044126238969,1790395044726490210,0.961777322,577.3080309999999,22.94321,600.251241,1,-0.19887850899999998,0.9741131390000001,0.107474117,0.381134464,-0.785650745,-0.224027002,0.5766848760000001,0.82945097,0.585833504,0.030252845,0.8098664990000001,0.240657934,0.0,0.0,0.0,1.0
12,1790395044703547000,FR_calflower,1790395044126238969,1790395044726490210,0.961777322,577.3080309999999,22.94321,600.251241,1,-0.20400143,0.9741131390000001,0.097400019,0.360796899,-0.813491117,-0.224027002,0.536697998,0.729411169,0.5446249089999999,0.030252845,0.8381338490000001,0.134234351,0.0,0.0,0.0,1.0
12,1790395044703547000,FR_calflower1,1790395044126238969,1790395044726490210,0.961777322,577.3080309999999,22.94321,600.251241,1,-0.225925533,0.9741131390000001,-0.007810289000000001,0.358792909,-0.96939845,-0.224027002,0.10039514199999999,0.716119425,0.09604677199999999,0.030252845,0.99491691,0.09581262199999999,0.0,0.0,0.0,1.0
12,1790395044703547000,FR_foot,1790395044126238969,1790395044726490210,0.961777322,577.3080309999999,22.94321,600.251241,1,-0.19887850899999998,0.9741131390000001,0.107474117,0.357544404,-0.785650745,-0.224027002,0.5766848760000001,0.707704315,0.585833504,0.030252845,0.8098664990000001,0.07078367599999999,0.0,0.0,0.0,1.0
12,1790395044703547000,RL_hip,1790395044126238969,1790395044726490210,0.961777322,577.3080309999999,22.94321,600.251241,1,-0.041022988999999996,0.99857747,-0.034057385,0.538230077,-0.325011112,-0.045568665999999994,-0.944612042,0.751746757,-0.944819924,-0.027682076,0.326418272,0.7158082579999999,0.0,0.0,0.0,1.0
12,1790395044703547000,RL_thigh,1790395044126238969,1790395044726490210,0.961777322,577.3080309999999,22.94321,600.251241,1,0.005401822,0.9987039659999999,-0.050605968,0.633444211,0.56647779,-0.044759596,-0.822860942,0.747388982,-0.824059502,-0.024222505,-0.565985054,0.7131731859999999,0.0,0.0,0.0,1.0
12,1790395044703547000,RL_calf,1790395044126238969,1790395044726490210,0.961777322,577.3080309999999,22.94321,600.251241,1,-0.048785024,0.998729623,-0.012606248,0.643842079,-0.741365218,-0.044665485,-0.669614251,0.920864463,-0.6693263,-0.02332161,0.7426023709999999,0.833162903,0.0,0.0,0.0,1.0
12,1790395044703547000,RL_calflower,1790395044126238969,1790395044726490210,0.961777322,577.3080309999999,22.94321,600.251241,1,-0.048094005,0.998729623,-0.015028728,0.645378282,-0.70697194,-0.044665485,-0.705830225,1.004431205,-0.7056044659999999,-0.02332161,0.7082219390000001,0.711547382,0.0,0.0,0.0,1.0
12,1790395044703547000,RL_calflower1,1790395044126238969,1790395044726490210,0.961777322,577.3080309999999,22.94321,600.251241,1,-0.035719185,0.998729623,-0.035539215,0.646591012,-0.301142822,-0.044665484000000005,-0.9525327459999999,1.039339345,-0.952909722,-0.02332161,0.302355816,0.690630911,0.0,0.0,0.0,1.0
12,1790395044703547000,RL_foot,1790395044126238969,1790395044726490210,0.961777322,577.3080309999999,22.94321,600.251241,1,-0.048785024,0.998729623,-0.012606248,0.647388038,-0.741365218,-0.044665485,-0.669614251,1.062129989,-0.6693263,-0.02332161,0.7426023709999999,0.6772506070000001,0.0,0.0,0.0,1.0
12,1790395044703547000,RR_hip,1790395044126238969,1790395044726490210,0.961777322,577.3080309999999,22.94321,600.251241,1,-0.041022988999999996,0.9868095659999999,-0.156600608,0.44597970299999995,-0.325011112,-0.161388024,-0.93183814,0.763530815,-0.944819924,0.012669875,0.32734486399999996,0.71576006,0.0,0.0,0.0,1.0
12,1790395044703547000,RR_thigh,1790395044126238969,1790395044726490210,0.961777322,577.3080309999999,22.94321,600.251241,1,0.10765521,0.9868339290000001,-0.12070172900000001,0.351758449,0.592582329,-0.161176808,-0.789220411,0.778940847,-0.798283757,0.0134377,-0.602131503,0.714550128,0.0,0.0,0.0,1.0
12,1790395044703547000,RR_calf,1790395044126238969,1790395044726490210,0.961777322,577.3080309999999,22.94321,600.251241,1,-0.115138621,0.986837176,-0.113557214,0.377272217,-0.759247475,-0.161141743,-0.630537268,0.9464597140000001,-0.640536055,0.013618558999999999,0.7678072490000001,0.842482394,0.0,0.0,0.0,1.0
12,1790395044703547000,RR_calflower,1790395044126238969,1790395044726490210,0.961777322,577.3080309999999,22.94321,600.251241,1,-0.109319233,0.986837176,-0.119169829,0.39184730700000003,-0.7267848840000001,-0.161141743,-0.66769582,1.0242883520000001,-0.67810992,0.013618558999999999,0.73483423,0.716686335,0.0,0.0,0.0,1.0
12,1790395044703547000,RR_calflower1,1790395044126238969,1790395044726490210,0.961777322,577.3080309999999,22.94321,600.251241,1,-0.041935459,0.986837176,-0.156184378,0.39770530200000004,-0.336326477,-0.161141743,-0.927856927,1.058112444,-0.9408112009999999,0.013618558999999999,0.338657191,0.6942061690000001,0.0,0.0,0.0,1.0
12,1790395044703547000,RR_foot,1790395044126238969,1790395044726490210,0.961777322,577.3080309999999,22.94321,600.251241,1,-0.115138621,0.986837176,-0.113557214,0.401527715,-0.759247475,-0.161141743,-0.630537268,1.080207445,-0.640536055,0.013618558999999999,0.7678072490000001,0.67980665,0.0,0.0,0.0,1.0
13,1790395044771574000,FL_hip,1790395044748613247,1790395044818569992,0.32821357,22.960753,46.995992,69.956745,0,-0.041831133,0.9961069929999999,-0.077593589,0.509454995,-0.305701459,-0.08669735,-0.948172366,0.6295450810000001,-0.951207954,-0.015942937,0.308138149,0.357754275,0.0,0.0,0.0,1.0
13,1790395044771574000,FL_thigh,1790395044748613247,1790395044818569992,0.32821357,22.960753,46.995992,69.956745,0,-0.06683426,0.9960711940000001,-0.058095687,0.604551249,-0.614232336,-0.08695890199999999,-0.7843197270000001,0.621268073,-0.786289867,-0.016735465,0.6176309870000001,0.35623229799999995,0.0,0.0,0.0,1.0
13,1790395044771574000,FL_calf,1790395044748613247,1790395044818569992,0.32821357,22.960753,46.995992,69.956745,0,-0.055575662000000005,0.996114425,0.068316544,0.616840076,-0.757377984,-0.08664304,0.647203385,0.787917813,0.650607782,-0.015772975,0.759250022,0.224966635,0.0,0.0,0.0,1.0
13,1790395044771574000,FL_calflower,1790395044748613247,1790395044818569992,0.32821357,22.960753,46.995992,69.956745,0,-0.058920611,0.996114425,0.06545354,0.605643422,-0.788778146,-0.08664304,0.608541426,0.6770171209999999,0.611848006,-0.015772975,0.790817993,0.125610943,0.0,0.0,0.0,1.0
13,1790395044771574000,FL_calflower1,1790395044748613247,1790395044818569992,0.32821357,22.960753,46.995992,69.956745,0,-0.082487365,0.996114425,0.030848647000000003,0.6036220760000001,-0.980653969,-0.08664304,0.175531833,0.66056561,0.17752279399999998,-0.015772975,0.983990213,0.087862744,0.0,0.0,0.0,1.0
13,1790395044771574000,FL_foot,1790395044748613247,1790395044818569992,0.32821357,22.960753,46.995992,69.956745,0,-0.055575662000000005,0.996114425,0.068316544,0.602326875,-0.757377984,-0.08664304,0.647203385,0.650100264,0.650607782,-0.015772975,0.759250022,0.06325251900000001,0.0,0.0,0.0,1.0
13,1790395044771574000,FR_hip,1790395044748613247,1790395044818569992,0.32821357,22.960753,46.995992,69.956745,0,-0.041831133,0.9690116,-0.243446967,0.417127281,-0.305701459,-0.24438794100000003,-0.920229211,0.6406969539999999,-0.951207954,0.035927604,0.30645147,0.35823056799999997,0.0,0.0,0.0,1.0
13,1790395044771574000,FR_thigh,1790395044748613247,1790395044818569992,0.32821357,22.960753,46.995992,69.956745,0,-0.11408142,0.9690035359999999,-0.219128563,0.324641007,-0.571092547,-0.244446964,-0.783645093,0.6640218379999999,-0.812919809,0.035743085,0.581277631,0.354801645,0.0,0.0,0.0,1.0
13,1790395044771574000,FR_calf,1790395044748613247,1790395044818569992,0.32821357,22.960753,46.995992,69.956745,0,-0.22540829,0.969002033,0.10112326,0.37127001600000004,-0.8156627809999999,-0.24445798800000001,0.524342605,0.830821323,0.532809537,0.035708432000000005,0.845481385,0.231033295,0.0,0.0,0.0,1.0
13,1790395044771574000,FR_calflower,1790395044748613247,1790395044818569992,0.32821357,22.960753,46.995992,69.956745,0,-0.230180645,0.969002033,0.089731163,0.351775076,-0.840849623,-0.24445798800000001,0.482921166,0.7369525370000001,0.48988720700000005,0.035708432000000005,0.871054132,0.11655712900000001,0.0,0.0,0.0,1.0
13,1790395044771574000,FR_calflower1,1790395044748613247,1790395044818569992,0.32821357,22.960753,46.995992,69.956745,0,-0.24560504600000002,0.969002033,-0.026701542,0.350478345,-0.9688322840000001,-0.244457987,0.040061777,0.726046692,0.032292807,0.035708432000000005,0.9988403029999999,0.076819595,0.0,0.0,0.0,1.0
13,1790395044771574000,FR_foot,1790395044748613247,1790395044818569992,0.32821357,22.960753,46.995992,69.956745,0,-0.22540829,0.969002033,0.10112326,0.349694866,-0.8156627809999999,-0.24445798800000001,0.524342605,0.719187507,0.532809537,0.035708432000000005,0.845481385,0.050950475,0.0,0.0,0.0,1.0
13,1790395044771574000,RL_hip,1790395044748613247,1790395044818569992,0.32821357,22.960753,46.995992,69.956745,0,-0.041831133,0.9978902129999999,-0.049649074,0.525635277,-0.305701459,-0.060092538,-0.950229526,0.7477904059999999,-0.951207954,-0.024571673,0.307570364,0.7256815120000001,0.0,0.0,0.0,1.0
13,1790395044771574000,RL_thigh,1790395044748613247,1790395044818569992,0.32821357,22.960753,46.995992,69.956745,0,0.017726579,0.9978823059999999,-0.062581327,0.620913128,0.617627907,-0.060149942000000005,-0.78416733,0.742052913,-0.786270892,-0.024751659,-0.617385866,0.7233353929999999,0.0,0.0,0.0,1.0
13,1790395044771574000,RL_calf,1790395044748613247,1790395044818569992,0.32821357,22.960753,46.995992,69.956745,0,-0.060542150999999995,0.997864944,-0.024493922,0.634272398,-0.709285924,-0.06027334,-0.70233984,0.909026022,-0.7023162829999999,-0.02514826,0.7114206009999999,0.854824233,0.0,0.0,0.0,1.0
13,1790395044771574000,RL_calflower,1790395044748613247,1790395044818569992,0.32821357,22.960753,46.995992,69.956745,0,-0.059242302999999996,0.997864944,-0.027489157,0.636626945,-0.6732971390000001,-0.06027334,-0.73691162,0.998616988,-0.7369947809999999,-0.02514826,0.675430326,0.73569989,0.0,0.0,0.0,1.0
13,1790395044771574000,RL_calflower1,1790395044748613247,1790395044818569992,0.32821357,22.960753,46.995992,69.956745,0,-0.039853702000000005,0.997864944,-0.051739605,0.638310238,-0.256920704,-0.06027334,-0.9645514629999999,1.034757929,-0.9656102879999999,-0.02514826,0.258774427,0.716089337,0.0,0.0,0.0,1.0
13,1790395044771574000,RL_foot,1790395044748613247,1790395044818569992,0.32821357,22.960753,46.995992,69.956745,0,-0.060542150999999995,0.997864944,-0.024493922,0.6394156679999999,-0.709285924,-0.06027334,-0.70233984,1.058341604,-0.7023162829999999,-0.02514826,0.7114206009999999,0.7035640790000001,0.0,0.0,0.0,1.0
13,1790395044771574000,RR_hip,1790395044748613247,1790395044818569992,0.32821357,22.960753,46.995992,69.956745,0,-0.041831133,0.98500779,-0.167360574,0.43330756299999995,-0.305701459,-0.17209196300000001,-0.9364462729999999,0.7589422790000001,-0.951207954,0.011989491000000001,0.308317285,0.726157805,0.0,0.0,0.0,1.0
13,1790395044771574000,RR_thigh,1790395044748613247,1790395044818569992,0.32821357,22.960753,46.995992,69.956745,0,0.117749318,0.98501702,-0.126001271,0.339246175,0.61915609,-0.17202403,-0.766194568,0.775375884,-0.776389896,0.012204161000000002,-0.6301346329999999,0.7250128859999999,0.0,0.0,0.0,1.0
13,1790395044771574000,RR_calf,1790395044748613247,1790395044818569992,0.32821357,22.960753,46.995992,69.956745,0,-0.120513513,0.9850125,-0.123396185,0.366025085,-0.7367143970000001,-0.17205741600000002,-0.653948614,0.938459404,-0.665378421,0.012097828,0.74640811,0.859141273,0.0,0.0,0.0,1.0
13,1790395044771574000,RR_calflower,1790395044748613247,1790395044818569992,0.32821357,22.960753,46.995992,69.956745,0,-0.114195664,0.9850125,-0.129265137,0.38188371299999996,-0.703109888,-0.17205741600000002,-0.689951722,1.0204852340000001,-0.701851729,0.012097828,0.712220234,0.735390104,0.0,0.0,0.0,1.0
13,1790395044771574000,RR_calflower1,1790395044748613247,1790395044818569992,0.32821357,22.960753,46.995992,69.956745,0,-0.041599026000000004,0.9850125,-0.1673907,0.388195801,-0.305049563,-0.172057415,-0.936665179,1.055105335,-0.951427392,0.012097828,0.30763521899999996,0.713924564,0.0,0.0,0.0,1.0
13,1790395044771574000,RR_foot,1790395044748613247,1790395044818569992,0.32821357,22.960753,46.995992,69.956745,0,-0.120513513,0.9850125,-0.123396185,0.392313924,-0.7367143970000001,-0.17205741600000002,-0.653948614,1.077711206,-0.665378421,0.012097828,0.74640811,0.700188947,0.0,0.0,0.0,1.0
14,1790395044839545000,FL_hip,1790395044818569992,1790395044890400724,0.292006046,20.975008,50.855724,71.830732,0,-0.042233436,0.997032878,-0.064354836,0.5074423029999999,-0.327690291,-0.074672239,-0.941830005,0.635409362,-0.9438406690000001,-0.018688561,0.329871795,0.35227203100000004,0.0,0.0,0.0,1.0
14,1790395044839545000,FL_thigh,1790395044818569992,1790395044890400724,0.292006046,20.975008,50.855724,71.830732,0,-0.054473569000000006,0.9969817759999999,-0.055314870999999995,0.602640486,-0.494949376,-0.075072713,-0.8656730509999999,0.628279441,-0.867212543,-0.019778538000000002,0.49754506,0.35048765600000004,0.0,0.0,0.0,1.0
14,1790395044839545000,FL_calf,1790395044818569992,1790395044890400724,0.292006046,20.975008,50.855724,71.830732,0,-0.04118464,0.997040402,0.064915559,0.614312217,-0.721806218,-0.07461395400000001,0.688061895,0.811325715,0.690869101,-0.018519171,0.722742553,0.24521431100000002,0.0,0.0,0.0,1.0
14,1790395044839545000,FL_calflower,1790395044818569992,1790395044890400724,0.292006046,20.975008,50.855724,71.830732,0,-0.044377596,0.997040402,0.062776057,0.603906077,-0.75529291,-0.074613953,0.651126721,0.69508896,0.653883622,-0.018519171,0.756368376,0.152075569,0.0,0.0,0.0,1.0
14,1790395044839545000,FL_calflower1,1790395044818569992,1790395044890400724,0.292006046,20.975008,50.855724,71.830732,0,-0.068351378,0.997040402,0.035189394,0.601846515,-0.970617737,-0.074613953,0.22876755899999998,0.676600467,0.23071628800000002,-0.018519171,0.9728447490000001,0.115287567,0.0,0.0,0.0,1.0
14,1790395044839545000,FL_foot,1790395044818569992,1790395044890400724,0.292006046,20.975008,50.855724,71.830732,0,-0.04118464,0.997040402,0.064915559,0.6005229670000001,-0.721806218,-0.07461395400000001,0.688061895,0.664806998,0.690869101,-0.018519171,0.722742553,0.09128914,0.0,0.0,0.0,1.0
14,1790395044839545000,FR_hip,1790395044818569992,1790395044890400724,0.292006046,20.975008,50.855724,71.830732,0,-0.042233436,0.943767615,-0.327900584,0.415558594,-0.327690291,-0.323123575,-0.8878124,0.649749163,-0.9438406690000001,0.069954218,0.322910314,0.35140491,0.0,0.0,0.0,1.0
14,1790395044839545000,FR_thigh,1790395044818569992,1790395044890400724,0.292006046,20.975008,50.855724,71.830732,0,-0.14470497300000001,0.943767659,-0.297258882,0.325429602,-0.593977537,-0.32312323,-0.7367378720000001,0.680607185,-0.791360246,0.069955213,0.607334422,0.344724343,0.0,0.0,0.0,1.0
14,1790395044839545000,FR_calf,1790395044818569992,1790395044890400724,0.292006046,20.975008,50.855724,71.830732,0,-0.303659522,0.9437664370000001,0.13075004699999998,0.388745203,-0.7635681529999999,-0.32313281,0.559061258,0.837530689,0.5698729929999999,0.069927451,0.8187519740000001,0.21536272199999998,0.0,0.0,0.0,1.0
14,1790395044839545000,FR_calflower,1790395044818569992,1790395044890400724,0.292006046,20.975008,50.855724,71.830732,0,-0.309814806,0.9437664370000001,0.115409993,0.36331981700000004,-0.790555309,-0.32313281,0.5202000760000001,0.7395287340000001,0.528240257,0.069927451,0.8462105259999999,0.105594149,0.0,0.0,0.0,1.0
14,1790395044839545000,FR_calflower1,1790395044818569992,1790395044890400724,0.292006046,20.975008,50.855724,71.830732,0,-0.32809809100000004,0.943766436,-0.040697948,0.361800601,-0.941436107,-0.323132811,0.09635284699999999,0.7266278190000001,0.077784027,0.069927451,0.994514791,0.06646671400000001,0.0,0.0,0.0,1.0
14,1790395044839545000,FR_foot,1790395044818569992,1790395044890400724,0.292006046,20.975008,50.855724,71.830732,0,-0.303659522,0.9437664370000001,0.13075004699999998,0.360892657,-0.7635681529999999,-0.32313281,0.559061258,0.718463625,0.5698729929999999,0.069927451,0.8187519740000001,0.040983406,0.0,0.0,0.0,1.0
14,1790395044839545000,RL_hip,1790395044818569992,1790395044890400724,0.292006046,20.975008,50.855724,71.830732,0,-0.042233436,0.991630005,-0.122008349,0.523778196,-0.327690291,-0.129110328,-0.9359221259999999,0.762159967,-0.9438406690000001,0.000453454,0.33040045100000004,0.717349602,0.0,0.0,0.0,1.0
14,1790395044839545000,RL_thigh,1790395044818569992,1790395044890400724,0.292006046,20.975008,50.855724,71.830732,0,0.074001523,0.991627218,-0.10582533599999999,0.618474055,0.565783588,-0.129131934,-0.814379828,0.74983057,-0.821226563,0.00039081900000000004,-0.5706020070000001,0.717392899,0.0,0.0,0.0,1.0
14,1790395044839545000,RL_calf,1790395044818569992,1790395044890400724,0.292006046,20.975008,50.855724,71.830732,0,-0.10330349400000001,0.9916203579999999,-0.077570745,0.641023349,-0.7940385990000001,-0.129184984,-0.593981963,0.923270923,-0.5990252220000001,0.000233463,0.800730042,0.838922781,0.0,0.0,0.0,1.0
14,1790395044839545000,RL_calflower,1790395044818569992,1790395044890400724,0.292006046,20.975008,50.855724,71.830732,0,-0.099297471,0.9916203579999999,-0.082636825,0.650403545,-0.7633595320000001,-0.129184984,-0.632925029,0.995222734,-0.638296419,0.000233463,0.769790555,0.70857591,0.0,0.0,0.0,1.0
14,1790395044839545000,RL_calflower1,1790395044818569992,1790395044890400724,0.292006046,20.975008,50.855724,71.830732,0,-0.049916388,0.9916203579999999,-0.11915194800000001,0.654694121,-0.384824431,-0.129184984,-0.913904823,1.028137185,-0.9216389309999999,0.000233463,0.38804832,0.684194357,0.0,0.0,0.0,1.0
14,1790395044839545000,RL_foot,1790395044818569992,1790395044890400724,0.292006046,20.975008,50.855724,71.830732,0,-0.10330349400000001,0.9916203579999999,-0.077570745,0.657498761,-0.7940385990000001,-0.129184984,-0.593981963,1.049652552,-0.5990252220000001,0.000233463,0.800730042,0.668553466,0.0,0.0,0.0,1.0
14,1790395044839545000,RR_hip,1790395044818569992,1790395044890400724,0.292006046,20.975008,50.855724,71.830732,0,-0.042233436,0.97970815,-0.195928675,0.43189448700000005,-0.327690291,-0.19883875899999998,-0.9236248429999999,0.776499768,-0.9438406690000001,0.025195796,0.329438667,0.7164824809999999,0.0,0.0,0.0,1.0
14,1790395044839545000,RR_thigh,1790395044818569992,1790395044890400724,0.292006046,20.975008,50.855724,71.830732,0,0.12991426,0.979696626,-0.15269765300000002,0.338343489,0.535198148,-0.198928787,-0.820969493,0.7954865590000001,-0.8346769390000001,0.024931865,-0.550175137,0.714076587,0.0,0.0,0.0,1.0
14,1790395044839545000,RR_calf,1790395044818569992,1790395044890400724,0.292006046,20.975008,50.855724,71.830732,0,-0.143893766,0.9796932909999999,-0.13962595,0.370888716,-0.783994486,-0.19895508,-0.588022237,0.9702139879999999,-0.6038603610000001,0.024852963,0.796702496,0.831194889,0.0,0.0,0.0,1.0
14,1790395044839545000,RR_calflower,1790395044818569992,1790395044890400724,0.292006046,20.975008,50.855724,71.830732,0,-0.13673554699999999,0.9796932909999999,-0.146643145,0.38861728799999995,-0.753625834,-0.19895508,-0.626470755,1.0414802429999999,-0.642924221,0.024852963,0.7655263859999999,0.701353289,0.0,0.0,0.0,1.0
14,1790395044839545000,RR_calflower1,1790395044818569992,1790395044890400724,0.292006046,20.975008,50.855724,71.830732,0,-0.053566985,0.9796932909999999,-0.193213353,0.395836829,-0.379171139,-0.19895508,-0.9036850959999999,1.074036461,-0.9237746640000001,0.024852963,0.382129,0.6771900279999999,0.0,0.0,0.0,1.0
14,1790395044839545000,RR_foot,1790395044818569992,1790395044890400724,0.292006046,20.975008,50.855724,71.830732,0,-0.143893766,0.9796932909999999,-0.13962595,0.400548568,-0.783994486,-0.19895508,-0.588022237,1.095317284,-0.6038603610000001,0.024852963,0.796702496,0.661691722,0.0,0.0,0.0,1.0
15,1790395044903549000,FL_hip,1790395044890400724,1790395044952618536,0.211326557,13.148276000000001,49.069536,62.217812,0,-0.039646232000000003,0.9982000659999999,-0.044995263,0.51534263,-0.347425851,-0.055991913,-0.936034617,0.649695484,-0.936868855,-0.021478032,0.34902051700000003,0.337713692,0.0,0.0,0.0,1.0
15,1790395044903549000,FL_thigh,1790395044890400724,1790395044952618536,0.211326557,13.148276000000001,49.069536,62.217812,0,-0.039720622000000004,0.998199724,-0.044937199000000004,0.610651822,-0.348794393,-0.055994907000000003,-0.93552534,0.644349484,-0.9363570590000001,-0.021486109,0.350390759,0.335662885,0.0,0.0,0.0,1.0
15,1790395044903549000,FL_calf,1790395044890400724,1790395044952618536,0.211326557,13.148276000000001,49.069536,62.217812,0,-0.026074147000000002,0.998238528,0.053289301,0.620221139,-0.723188897,-0.055639093,0.688405934,0.843576752,0.6901582940000001,-0.020588936999999998,0.7233654009999999,0.261044438,0.0,0.0,0.0,1.0
15,1790395044903549000,FL_calflower,1790395044890400724,1790395044952618536,0.211326557,13.148276000000001,49.069536,62.217812,0,-0.028704916,0.998238528,0.051919539,0.611981447,-0.756691056,-0.055639093,0.651401226,0.7277482009999999,0.653142573,-0.020588936999999998,0.756954921,0.16823498399999998,0.0,0.0,0.0,1.0
15,1790395044903549000,FL_calflower1,1790395044890400724,1790395044952618536,0.211326557,13.148276000000001,49.069536,62.217812,0,-0.049436477,0.998238528,0.032797035,0.610238982,-0.9719846459999999,-0.055639093,0.228365409,0.709334142,0.229788128,-0.020588936999999998,0.973022811,0.131597531,0.0,0.0,0.0,1.0
15,1790395044903549000,FL_foot,1790395044890400724,1790395044952618536,0.211326557,13.148276000000001,49.069536,62.217812,0,-0.026074147000000002,0.998238528,0.053289301,0.6091170379999999,-0.723188897,-0.055639093,0.688405934,0.6975883820000001,0.6901582940000001,-0.020588936999999998,0.7233654009999999,0.10769751300000001,0.0,0.0,0.0,1.0
15,1790395044903549000,FR_hip,1790395044890400724,1790395044952618536,0.211326557,13.148276000000001,49.069536,62.217812,0,-0.039646232000000003,0.943092225,-0.330159053,0.423462045,-0.347425851,-0.322813483,-0.880390455,0.6640111329999999,-0.936868855,0.079801375,0.340453179,0.336293127,0.0,0.0,0.0,1.0
15,1790395044903549000,FR_thigh,1790395044890400724,1790395044952618536,0.211326557,13.148276000000001,49.069536,62.217812,0,-0.142635131,0.943092082,-0.300386938,0.33340128199999997,-0.609482317,-0.322814734,-0.7241012170000001,0.6948382879999999,-0.779863069,0.079798004,0.620842774,0.328672472,0.0,0.0,0.0,1.0
15,1790395044903549000,FR_calf,1790395044890400724,1790395044952618536,0.211326557,13.148276000000001,49.069536,62.217812,0,-0.302326272,0.9430962970000001,0.13844843199999998,0.39738014,-0.732289812,-0.322776661,0.599639457,0.8490629140000001,0.610205785,0.079902135,0.788203291,0.196436445,0.0,0.0,0.0,1.0
15,1790395044903549000,FR_calflower,1790395044890400724,1790395044952618536,0.211326557,13.148276000000001,49.069536,62.217812,0,-0.308867981,0.9430962970000001,0.123165392,0.370864005,-0.761344122,-0.32277666,0.562290828,0.7456927440000001,0.570049441,0.079902135,0.81771582,0.09201011699999999,0.0,0.0,0.0,1.0
15,1790395044903549000,FR_calflower1,1790395044890400724,1790395044952618536,0.211326557,13.148276000000001,49.069536,62.217812,0,-0.330839544,0.9430962970000001,-0.033381724,0.369030719,-0.9349625659999999,-0.322776661,0.147176248,0.7308166859999999,0.12802682199999998,0.079902135,0.988546741,0.053610067000000004,0.0,0.0,0.0,1.0
15,1790395044903549000,FR_foot,1790395044890400724,1790395044952618536,0.211326557,13.148276000000001,49.069536,62.217812,0,-0.302326272,0.9430962970000001,0.13844843199999998,0.367919031,-0.732289812,-0.322776661,0.599639457,0.7213654359999999,0.610205785,0.079902135,0.788203291,0.028587783,0.0,0.0,0.0,1.0
15,1790395044903549000,RL_hip,1790395044890400724,1790395044952618536,0.211326557,13.148276000000001,49.069536,62.217812,0,-0.039646232000000003,0.9900843779999999,-0.134762272,0.530677793,-0.347425851,-0.14011231400000002,-0.927180909,0.784079803,-0.936868855,0.010060378,0.349536,0.700094565,0.0,0.0,0.0,1.0
15,1790395044903549000,RL_thigh,1790395044890400724,1790395044952618536,0.211326557,13.148276000000001,49.069536,62.217812,0,0.08403788300000001,0.990083225,-0.112572691,0.625228352,0.533535554,-0.140122399,-0.8340900109999999,0.7706994220000001,-0.841592418,0.010033336,-0.540019826,0.7010553079999999,0.0,0.0,0.0,1.0
15,1790395044903549000,RL_calf,1790395044890400724,1790395044952618536,0.211326557,13.148276000000001,49.069536,62.217812,0,-0.11458157,0.9900856109999999,-0.081248485,0.6492100510000001,-0.847110618,-0.14010149,-0.512616614,0.9483512129999999,-0.518917003,0.010089748,0.854765008,0.8160770970000001,0.0,0.0,0.0,1.0
15,1790395044903549000,RL_calflower,1790395044890400724,1790395044952618536,0.211326557,13.148276000000001,49.069536,62.217812,0,-0.110377641,0.9900856109999999,-0.08687363699999999,0.6589458429999999,-0.820431798,-0.14010149,-0.554313862,1.007271097,-0.5609889370000001,0.010089748,0.8277617340000001,0.679199608,0.0,0.0,0.0,1.0
15,1790395044903549000,RL_calflower1,1790395044890400724,1790395044952618536,0.211326557,13.148276000000001,49.069536,62.217812,0,-0.057787970999999994,0.9900856109999999,-0.128026571,0.663524741,-0.471748241,-0.14010149,-0.8705319,1.03764584,-0.87983747,0.010089748,0.475167447,0.65170041,0.0,0.0,0.0,1.0
15,1790395044903549000,RL_foot,1790395044890400724,1790395044952618536,0.211326557,13.148276000000001,49.069536,62.217812,0,-0.11458157,0.9900856109999999,-0.081248485,0.666518908,-0.847110618,-0.14010149,-0.512616614,1.05752987,-0.518917003,0.010089748,0.854765008,0.634020496,0.0,0.0,0.0,1.0
15,1790395044903549000,RR_hip,1790395044890400724,1790395044952618536,0.211326557,13.148276000000001,49.069536,62.217812,0,-0.039646232000000003,0.9752207359999999,-0.21765215699999998,0.438797208,-0.347425851,-0.217686512,-0.9120901709999999,0.7983954520000001,-0.936868855,0.039456772,0.347447536,0.698674,0.0,0.0,0.0,1.0
15,1790395044903549000,RR_thigh,1790395044890400724,1790395044952618536,0.211326557,13.148276000000001,49.069536,62.217812,0,0.138771052,0.9752215740000001,-0.17229406600000002,0.34566495,0.462938048,-0.217679125,-0.859246637,0.8191842220000001,-0.8754606070000001,0.039476807,-0.48167435700000005,0.694905931,0.0,0.0,0.0,1.0
15,1790395044903549000,RR_calf,1790395044890400724,1790395044952618536,0.211326557,13.148276000000001,49.069536,62.217812,0,-0.16477003099999998,0.975220843,-0.147631,0.38235864,-0.833701641,-0.21768557,-0.5074989520000001,1.0021967729999999,-0.527060315,0.039459314,0.8489112240000001,0.7974998459999999,0.0,0.0,0.0,1.0
15,1790395044903549000,RR_calflower,1790395044890400724,1790395044952618536,0.211326557,13.148276000000001,49.069536,62.217812,0,-0.157185637,0.975220843,-0.155681569,0.400912582,-0.807295355,-0.21768557,-0.548532426,1.060631139,-0.568829504,0.039459314,0.8215082690000001,0.661320377,0.0,0.0,0.0,1.0
15,1790395044903549000,RR_calflower1,1790395044890400724,1790395044952618536,0.211326557,13.148276000000001,49.069536,62.217812,0,-0.067532355,0.975220843,-0.210673815,0.40871161799999994,-0.46276603,-0.21768557,-0.85933766,1.090644867,-0.883904293,0.039459314,0.466000044,0.634148546,0.0,0.0,0.0,1.0
15,1790395044903549000,RR_foot,1790395044890400724,1790395044952618536,0.211326557,13.148276000000001,49.069536,62.217812,0,-0.16477003099999998,0.975220843,-0.147631,0.41380386,-0.833701641,-0.21768557,-0.5074989520000001,1.110291739,-0.527060315,0.039459314,0.8489112240000001,0.616682692,0.0,0.0,0.0,1.0
16,1790395044971548000,FL_hip,1790395044952618536,1790395045020337297,0.279530572,18.929464000000003,48.789297,67.718761,0,-0.034301911000000004,0.996569715,-0.075312365,0.528627465,-0.312584386,-0.08227398,-0.946320575,0.655117842,-0.94927034,-0.008919432,0.314334418,0.33296552,0.0,0.0,0.0,1.0
16,1790395044971548000,FL_thigh,1790395044952618536,1790395045020337297,0.279530572,18.929464000000003,48.789297,67.718761,0,-0.037446075,0.9965750440000001,-0.073727494,0.6237987660000001,-0.35421568,-0.082225751,-0.93154217,0.647260766,-0.9344136390000001,-0.008767460999999999,0.35608165399999997,0.332113724,0.0,0.0,0.0,1.0
16,1790395044971548000,FL_calf,1790395044952618536,1790395045020337297,0.279530572,18.929464000000003,48.789297,67.718761,0,-0.06737093799999999,0.996565925,0.048138179,0.639471946,-0.86936509,-0.082308672,0.48726816,0.8452468240000001,0.48955709799999997,-0.009022236999999999,0.871924485,0.256444124,0.0,0.0,0.0,1.0
16,1790395044971548000,FL_calflower,1790395044952618536,1790395045020337297,0.279530572,18.929464000000003,48.789297,67.718761,0,-0.069692648,0.996565925,0.044710875,0.630993068,-0.8926318679999999,-0.082308672,0.443209057,0.75583442,0.44536721799999995,-0.009022236999999999,0.8953024629999999,0.137312497,0.0,0.0,0.0,1.0
16,1790395044971548000,FL_calflower1,1790395044952618536,1790395045020337297,0.279530572,18.929464000000003,48.789297,67.718761,0,-0.082463576,0.996565925,0.007475705,0.629898194,-0.996424647,-0.082308672,-0.019074625,0.74704099,-0.018393572,-0.009022236,0.999790046,0.097087685,0.0,0.0,0.0,1.0
16,1790395044971548000,FL_foot,1790395044952618536,1790395045020337297,0.279530572,18.929464000000003,48.789297,67.718761,0,-0.06737093799999999,0.996565925,0.048138179,0.629205939,-0.86936509,-0.082308672,0.48726816,0.74156326,0.48955709799999997,-0.009022236999999999,0.871924485,0.07091387099999999,0.0,0.0,0.0,1.0
16,1790395044971548000,FR_hip,1790395044952618536,1790395045020337297,0.279530572,18.929464000000003,48.789297,67.718761,0,-0.034301911000000004,0.9539441909999999,-0.298016155,0.43665887700000006,-0.312584386,-0.293471669,-0.903419071,0.668877152,-0.94927034,0.062165936,0.30825489300000003,0.331758043,0.0,0.0,0.0,1.0
16,1790395044971548000,FR_thigh,1790395044952618536,1790395045020337297,0.279530572,18.929464000000003,48.789297,67.718761,0,-0.12813728300000002,0.9539460559999999,-0.271233348,0.345567715,-0.586158274,-0.293454548,-0.755184443,0.696900518,-0.799999502,0.062218128,0.596765919,0.325821863,0.0,0.0,0.0,1.0
16,1790395044971548000,FR_calf,1790395044952618536,1790395045020337297,0.279530572,18.929464000000003,48.789297,67.718761,0,-0.265060815,0.9539528340000001,0.140415539,0.403335754,-0.727107672,-0.29338981399999997,0.620675026,0.8577284829999999,0.633291249,0.062419152,0.7713921859999999,0.198721431,0.0,0.0,0.0,1.0
16,1790395044971548000,FR_calflower,1790395044952618536,1790395045020337297,0.279530572,18.929464000000003,48.789297,67.718761,0,-0.27174741,0.9539528340000001,0.126992537,0.37730452,-0.7572197979999999,-0.29338981399999997,0.583559107,0.751390494,0.593946259,0.062419152,0.802079517,0.09728234300000001,0.0,0.0,0.0,1.0
16,1790395044971548000,FR_calflower1,1790395044952618536,1790395045020337297,0.279530572,18.929464000000003,48.789297,67.718761,0,-0.299681082,0.9539528340000001,-0.01284556,0.374954391,-0.94112556,-0.29338981399999997,0.16794563,0.735627542,0.15644369800000002,0.062419152,0.985712473,0.059283503,0.0,0.0,0.0,1.0
16,1790395044971548000,FR_foot,1790395044952618536,1790395045020337297,0.279530572,18.929464000000003,48.789297,67.718761,0,-0.265060815,0.9539528340000001,0.140415539,0.373498637,-0.727107672,-0.29338981399999997,0.620675026,0.725600515,0.633291249,0.062419152,0.7713921859999999,0.034515354,0.0,0.0,0.0,1.0
16,1790395044971548000,RL_hip,1790395044952618536,1790395045020337297,0.279530572,18.929464000000003,48.789297,67.718761,0,-0.034301911000000004,0.9938034729999999,-0.105725137,0.541895445,-0.312584386,-0.111148253,-0.943365096,0.776025482,-0.94927034,0.000688508,0.31446018600000003,0.7001432870000001,0.0,0.0,0.0,1.0
16,1790395044971548000,RL_thigh,1790395044952618536,1790395045020337297,0.279530572,18.929464000000003,48.789297,67.718761,0,0.06728033900000001,0.993792995,-0.088592373,0.636791074,0.598135911,-0.11124329599999999,-0.793636565,0.7654121690000001,-0.798565692,0.000405564,-0.601907412,0.700209052,0.0,0.0,0.0,1.0
16,1790395044971548000,RL_calf,1790395044952618536,1790395045020337297,0.279530572,18.929464000000003,48.789297,67.718761,0,-0.09213311699999999,0.993791715,-0.062364132,0.655700197,-0.8248515059999999,-0.11125484599999999,-0.554295038,0.9343238220000001,-0.557791779,0.00037192599999999996,0.829980755,0.828332795,0.0,0.0,0.0,1.0
16,1790395044971548000,RL_calflower,1790395044952618536,1790395045020337297,0.279530572,18.929464000000003,48.789297,67.718761,0,-0.08890106699999999,0.993791715,-0.06689093,0.663045436,-0.796117451,-0.11125484599999999,-0.594827707,0.999796114,-0.598576433,0.00037192599999999996,0.801065525,0.694456368,0.0,0.0,0.0,1.0
16,1790395044971548000,RL_calflower1,1790395044952618536,1790395045020337297,0.279530572,18.929464000000003,48.789297,67.718761,0,-0.047965956,0.993791715,-0.10038457699999999,0.666602088,-0.431473089,-0.111254845,-0.8952396159999999,1.031519015,-0.900849635,0.00037192599999999996,0.43413092200000003,0.668422728,0.0,0.0,0.0,1.0
16,1790395044971548000,RL_foot,1790395044952618536,1790395045020337297,0.279530572,18.929464000000003,48.789297,67.718761,0,-0.09213311699999999,0.993791715,-0.062364132,0.66892864,-0.8248515059999999,-0.11125484599999999,-0.554295038,1.052270418,-0.557791779,0.00037192599999999996,0.829980755,0.651701593,0.0,0.0,0.0,1.0
16,1790395044971548000,RR_hip,1790395044952618536,1790395045020337297,0.279530572,18.929464000000003,48.789297,67.718761,0,-0.034301911000000004,0.97905627,-0.20067877,0.449926857,-0.312584386,-0.201232847,-0.92833021,0.7897847920000001,-0.94927034,0.030885271000000002,0.312940541,0.69893581,0.0,0.0,0.0,1.0
16,1790395044971548000,RR_thigh,1790395044952618536,1790395045020337297,0.279530572,18.929464000000003,48.789297,67.718761,0,0.126994196,0.97905625,-0.15912606199999998,0.356427472,0.48507298299999996,-0.201233032,-0.851005349,0.8090024290000001,-0.865203429,0.030884707999999997,-0.500468803,0.695986282,0.0,0.0,0.0,1.0
16,1790395044971548000,RR_calf,1790395044952618536,1790395045020337297,0.279530572,18.929464000000003,48.789297,67.718761,0,-0.147825,0.979054532,-0.13999915,0.390321266,-0.806809847,-0.201248453,-0.555479584,0.990265849,-0.57201905,0.030838645,0.819660323,0.802586365,0.0,0.0,0.0,1.0
16,1790395044971548000,RR_calflower,1790395044952618536,1790395045020337297,0.279530572,18.929464000000003,48.789297,67.718761,0,-0.140643216,0.979054532,-0.14721235900000001,0.408071275,-0.778039136,-0.201248453,-0.595109065,1.056309934,-0.612270117,0.030838645,0.7900469240000001,0.6698974,0.0,0.0,0.0,1.0
16,1790395044971548000,RR_calflower1,1790395044952618536,1790395045020337297,0.279530572,18.929464000000003,48.789297,67.718761,0,-0.056770217000000005,0.979054532,-0.195522723,0.415362136,-0.41530779,-0.201248453,-0.88714099,1.087879896,-0.907907702,0.030838645,0.41803402100000003,0.644429911,0.0,0.0,0.0,1.0
16,1790395044971548000,RR_foot,1790395044952618536,1790395045020337297,0.279530572,18.929464000000003,48.789297,67.718761,0,-0.147825,0.979054532,-0.13999915,0.420121012,-0.806809847,-0.201248453,-0.555479584,1.108527836,-0.57201905,0.030838645,0.819660323,0.6280790479999999,0.0,0.0,0.0,1.0
17,1790395045503550000,FL_hip,1790395045153580005,1790395045650474157,0.7043149809999999,349.96999500000004,146.924157,496.89415199999996,1,-0.014085201,0.998990822,-0.042646655,0.509925114,-0.233641035,-0.044758255,-0.971292553,0.709716624,-0.972220793,-0.003717145,0.23403574100000002,0.35288823799999997,0.0,0.0,0.0,1.0
17,1790395045503550000,FL_thigh,1790395045153580005,1790395045650474157,0.7043149809999999,349.96999500000004,146.924157,496.89415199999996,1,-0.025265443999999998,0.9990050090000001,-0.036748361,0.605216137,-0.514630035,-0.044512496,-0.856256518,0.705448848,-0.857039966,-0.002722195,0.515242567,0.352533286,0.0,0.0,0.0,1.0
17,1790395045503550000,FL_calf,1790395045153580005,1790395045650474157,0.7043149809999999,349.96999500000004,146.924157,496.89415199999996,1,-0.037534318,0.999006446,0.02402265,0.613081571,-0.8716572459999999,-0.044486385,0.48809350100000004,0.88743113,0.488677201,-0.002619564,0.872460627,0.24293992,0.0,0.0,0.0,1.0
17,1790395045503550000,FL_calflower,1790395045153580005,1790395045650474157,0.7043149809999999,349.96999500000004,146.924157,496.89415199999996,1,-0.038688042,0.999006446,0.022116694,0.608940638,-0.894962409,-0.044486385,0.443918806,0.797910605,0.444461625,-0.002619564,0.895793959,0.123703484,0.0,0.0,0.0,1.0
17,1790395045503550000,FL_calflower1,1790395045153580005,1790395045650474157,0.7043149809999999,349.96999500000004,146.924157,496.89415199999996,1,-0.044529125,0.999006446,0.0017520629999999999,0.608489657,-0.998819573,-0.044486385,-0.019521277,0.7891076990000001,-0.019423792,-0.002619564,0.9998078159999999,0.08347122900000001,0.0,0.0,0.0,1.0
17,1790395045503550000,FL_foot,1790395045153580005,1790395045650474157,0.7043149809999999,349.96999500000004,146.924157,496.89415199999996,1,-0.037534318,0.999006446,0.02402265,0.608207012,-0.8716572459999999,-0.044486385,0.48809350100000004,0.78362411,0.488677201,-0.002619564,0.872460627,0.05729289,0.0,0.0,0.0,1.0
17,1790395045503550000,FR_hip,1790395045153580005,1790395045650474157,0.7043149809999999,349.96999500000004,146.924157,496.89415199999996,1,-0.014085201,0.928585744,-0.37085025899999996,0.418305926,-0.233641035,-0.363676391,-0.9017494159999999,0.7254916859999999,-0.972220793,0.073944251,0.222078348,0.350424598,0.0,0.0,0.0,1.0
17,1790395045503550000,FR_thigh,1790395045153580005,1790395045650474157,0.7043149809999999,349.96999500000004,146.924157,496.89415199999996,1,-0.064948199,0.928592825,-0.36537226,0.329641289,-0.35651283200000006,-0.36357308899999996,-0.860647354,0.7602166920000001,-0.932030118,0.074362138,0.354668785,0.34336416299999994,0.0,0.0,0.0,1.0
17,1790395045503550000,FR_calf,1790395045153580005,1790395045650474157,0.7043149809999999,349.96999500000004,146.924157,496.89415199999996,1,-0.294253598,0.928584538,0.226153417,0.40737716,-0.6002523439999999,-0.363697,0.712335788,0.9433008,0.7437152490000001,0.073857985,0.664403824,0.26790673600000003,0.0,0.0,0.0,1.0
17,1790395045503550000,FR_calflower,1790395045153580005,1790395045650474157,0.7043149809999999,349.96999500000004,146.924157,496.89415199999996,1,-0.305188817,0.928584538,0.211164233,0.36802093,-0.635104136,-0.363697,0.68144544,0.825894893,0.7095794470000001,0.073857985,0.700743763,0.18444843100000002,0.0,0.0,0.0,1.0
17,1790395045503550000,FR_calflower1,1790395045153580005,1790395045650474157,0.7043149809999999,349.96999500000004,146.924157,496.89415199999996,1,-0.36821217700000003,0.928584538,0.046371762000000004,0.362624149,-0.878011457,-0.363697,0.311160781,0.804992406,0.30580449,0.073857985,0.949225172,0.149323717,0.0,0.0,0.0,1.0
17,1790395045503550000,FR_foot,1790395045153580005,1790395045650474157,0.7043149809999999,349.96999500000004,146.924157,496.89415199999996,1,-0.294253598,0.928584538,0.226153417,0.359202543,-0.6002523439999999,-0.363697,0.712335788,0.791605146,0.7437152490000001,0.073857985,0.664403824,0.126389262,0.0,0.0,0.0,1.0
17,1790395045503550000,RL_hip,1790395045153580005,1790395045650474157,0.7043149809999999,349.96999500000004,146.924157,496.89415199999996,1,-0.014085201,0.996532981,-0.081996438,0.51537327,-0.233641035,-0.083014456,-0.968773,0.800088976,-0.972220793,0.00551207,0.23400034600000003,0.72894324,0.0,0.0,0.0,1.0
17,1790395045503550000,RL_thigh,1790395045153580005,1790395045650474157,0.7043149809999999,349.96999500000004,146.924157,496.89415199999996,1,0.052572765,0.9965341090000001,-0.06446445,0.610533287,0.576318413,-0.08299574900000001,-0.813000278,0.7921618709999999,-0.815532613,0.005589322,-0.578683965,0.729469585,0.0,0.0,0.0,1.0
17,1790395045503550000,RL_calf,1790395045153580005,1790395045650474157,0.7043149809999999,349.96999500000004,146.924157,496.89415199999996,1,-0.05845455,0.9965325209999999,-0.059209724000000005,0.624249367,-0.745472355,-0.083022088,-0.661346323,0.965307777,-0.663968511,0.00548021,0.7477403290000001,0.852723868,0.0,0.0,0.0,1.0
17,1790395045503550000,RL_calflower,1790395045153580005,1790395045650474157,0.7043149809999999,349.96999500000004,146.924157,496.89415199999996,1,-0.055422244,0.9965325209999999,-0.062057237,0.631839036,-0.7114871690000001,-0.083022088,-0.697777902,1.048266994,-0.700510163,0.00548021,0.7136212540000001,0.728782725,0.0,0.0,0.0,1.0
17,1790395045503550000,RL_calflower1,1790395045153580005,1790395045650474157,0.7043149809999999,349.96999500000004,146.924157,496.89415199999996,1,-0.020502509,0.9965325209999999,-0.080637292,0.634874779,-0.308866202,-0.083022088,-0.947475414,1.083289073,-0.9508843920000001,0.005480211,0.309497423,0.7072440759999999,0.0,0.0,0.0,1.0
17,1790395045503550000,RL_foot,1790395045153580005,1790395045650474157,0.7043149809999999,349.96999500000004,146.924157,496.89415199999996,1,-0.05845455,0.9965325209999999,-0.059209724000000005,0.636855497,-0.745472355,-0.083022088,-0.661346323,1.106157495,-0.663968511,0.00548021,0.7477403290000001,0.6934607859999999,0.0,0.0,0.0,1.0
17,1790395045503550000,RR_hip,1790395045153580005,1790395045650474157,0.7043149809999999,349.96999500000004,146.924157,496.89415199999996,1,-0.014085201,0.97307798,-0.23004487199999998,0.42375408200000003,-0.233641035,-0.226901665,-0.945477742,0.815864038,-0.972220793,0.040430392,0.23054702,0.7264796,0.0,0.0,0.0,1.0
17,1790395045503550000,RR_thigh,1790395045153580005,1790395045650474157,0.7043149809999999,349.96999500000004,146.924157,496.89415199999996,1,0.173215402,0.973077773,-0.152039019,0.330826071,0.6043084089999999,-0.22690513699999998,-0.763757857,0.837532927,-0.777694113,0.04041588,-0.627342202,0.722618537,0.0,0.0,0.0,1.0
17,1790395045503550000,RR_calf,1790395045153580005,1790395045650474157,0.7043149809999999,349.96999500000004,146.924157,496.89415199999996,1,-0.130210448,0.973077925,-0.19016935100000001,0.363211794,-0.6859607259999999,-0.226902579,-0.691356465,1.000207933,-0.715893276,0.040426585,0.697038252,0.856239887,0.0,0.0,0.0,1.0
17,1790395045503550000,RR_calflower,1790395045153580005,1790395045650474157,0.7043149809999999,349.96999500000004,146.924157,496.89415199999996,1,-0.12054321300000001,0.973077925,-0.196439499,0.38875198299999997,-0.6505500320000001,-0.226902579,-0.724776196,1.088808312,-0.749835988,0.040426585,0.660387384,0.7387607959999999,0.0,0.0,0.0,1.0
17,1790395045503550000,RR_calflower1,1790395045153580005,1790395045650474157,0.7043149809999999,349.96999500000004,146.924157,496.89415199999996,1,-0.016209548,0.973077925,-0.22990518399999998,0.39781485,-0.24234802100000002,-0.226902579,-0.9432832640000001,1.1243044340000001,-0.9700538559999999,0.040426585,0.239501613,0.71984378,0.0,0.0,0.0,1.0
17,1790395045503550000,RR_foot,1790395045153580005,1790395045650474157,0.7043149809999999,349.96999500000004,146.924157,496.89415199999996,1,-0.130210448,0.973077925,-0.19016935100000001,0.40371696100000004,-0.6859607259999999,-0.226902579,-0.691356465,1.147464993,-0.715893276,0.040426585,0.697038252,0.7077713720000001,0.0,0.0,0.0,1.0
18,1790395045571550000,FL_hip,1790395045153580005,1790395045650474157,0.841165052,417.96999500000004,78.924157,496.89415199999996,1,-0.016665568999999998,0.99985708,0.002802523,0.5193524620000001,-0.23498832,-0.001192192,-0.971997807,0.7101344890000001,-0.9718552079999999,-0.016857757,0.23497466399999997,0.34764207399999997,0.0,0.0,0.0,1.0
18,1790395045571550000,FL_thigh,1790395045153580005,1790395045650474157,0.841165052,417.96999500000004,78.924157,496.89415199999996,1,-0.014329411,0.999867801,0.00766963,0.614766477,-0.526870983,-0.001030977,-0.8499450409999999,0.710022425,-0.8498244309999999,-0.016220418,0.526816056,0.346032966,0.0,0.0,0.0,1.0
18,1790395045571550000,FL_calf,1790395045153580005,1790395045650474157,0.841165052,417.96999500000004,78.924157,496.89415199999996,1,0.007227046,0.999868882,0.014483221999999999,0.61316709,-0.865071583,-0.001013555,0.501648081,0.890805381,0.501596947,-0.016154758,0.864950489,0.233920462,0.0,0.0,0.0,1.0
18,1790395045571550000,FL_calflower,1790395045153580005,1790395045650474157,0.841165052,417.96999500000004,78.924157,496.89415199999996,1,0.006494155,0.999868882,0.014826323,0.611271473,-0.8890624229999999,-0.001013555,0.457785593,0.799360528,0.457740575,-0.016154758,0.888938925,0.11601128,0.0,0.0,0.0,1.0
18,1790395045571550000,FL_calflower1,1790395045153580005,1790395045650474157,0.841165052,417.96999500000004,78.924157,496.89415199999996,1,-0.001086205,0.999868882,0.016149739,0.6106437060000001,-0.9999897090000001,-0.001013555,-0.0044970159999999995,0.7899436209999999,-0.004479919000000001,-0.016154758,0.999859378,0.075904268,0.0,0.0,0.0,1.0
18,1790395045571550000,FL_foot,1790395045153580005,1790395045650474157,0.841165052,417.96999500000004,78.924157,496.89415199999996,1,0.007227046,0.999868882,0.014483221999999999,0.610235365,-0.865071583,-0.001013555,0.501648081,0.784060917,0.501596947,-0.016154758,0.864950489,0.04980374,0.0,0.0,0.0,1.0
18,1790395045571550000,FR_hip,1790395045153580005,1790395045650474157,0.841165052,417.96999500000004,78.924157,496.89415199999996,1,-0.016665568999999998,0.941451842,-0.336735006,0.427289178,-0.23498832,-0.33103659,-0.913890548,0.723205361,-0.9718552079999999,0.063898025,0.226747258,0.34606036700000004,0.0,0.0,0.0,1.0
18,1790395045571550000,FR_thigh,1790395045153580005,1790395045650474157,0.841165052,417.96999500000004,78.924157,496.89415199999996,1,-0.067505321,0.9414574809999999,-0.330303827,0.33739046799999994,-0.371541064,-0.330968767,-0.867420072,0.754815758,-0.925959007,0.064165703,0.37213237200000004,0.339958805,0.0,0.0,0.0,1.0
18,1790395045571550000,FR_calf,1790395045153580005,1790395045650474157,0.841165052,417.96999500000004,78.924157,496.89415199999996,1,-0.265549213,0.941450937,0.207734262,0.407693783,-0.611425187,-0.331049838,0.7187252009999999,0.93942488,0.745414841,0.06384269,0.66353647,0.26075186300000003,0.0,0.0,0.0,1.0
18,1790395045571550000,FR_calflower,1790395045153580005,1790395045650474157,0.841165052,417.96999500000004,78.924157,496.89415199999996,1,-0.275599732,0.941450937,0.194202719,0.371637335,-0.646582353,-0.331049838,0.6872684579999999,0.8208409640000001,0.711320265,0.06384269,0.699962437,0.17745622600000002,0.0,0.0,0.0,1.0
18,1790395045571550000,FR_calflower1,1790395045153580005,1790395045650474157,0.841165052,417.96999500000004,78.924157,496.89415199999996,1,-0.334134334,0.941450937,0.044990608,0.366623796,-0.890881527,-0.331049838,0.311025367,0.799818757,0.30770938600000003,0.06384269,0.949336014,0.142345072,0.0,0.0,0.0,1.0
18,1790395045571550000,FR_foot,1790395045153580005,1790395045650474157,0.841165052,417.96999500000004,78.924157,496.89415199999996,1,-0.265549213,0.941450937,0.207734262,0.363443224,-0.611425187,-0.331049838,0.7187252009999999,0.786356768,0.745414841,0.06384269,0.66353647,0.11941897,0.0,0.0,0.0,1.0
18,1790395045571550000,RL_hip,1790395045153580005,1790395045650474157,0.841165052,417.96999500000004,78.924157,496.89415199999996,1,-0.016665568999999998,0.998751743,-0.047084922,0.525798704,-0.23498832,-0.049684732999999995,-0.9707278640000001,0.8010279709999999,-0.9718552079999999,-0.005113623,0.235523094,0.723555669,0.0,0.0,0.0,1.0
18,1790395045571550000,RL_thigh,1790395045153580005,1790395045650474157,0.841165052,417.96999500000004,78.924157,496.89415199999996,1,0.024401102999999997,0.998752599,-0.043561544,0.621173784,0.574060252,-0.049672605,-0.817305407,0.796283402,-0.818449547,-0.005064095,-0.57455593,0.723067338,0.0,0.0,0.0,1.0
18,1790395045571550000,RL_calf,1790395045153580005,1790395045650474157,0.841165052,417.96999500000004,78.924157,496.89415199999996,1,-0.040564322,0.998751394,-0.029154152000000003,0.630443294,-0.746743667,-0.049689647999999996,-0.6632537239999999,0.9703543059999999,-0.663873919,-0.005134057,0.747826773,0.84544441,0.0,0.0,0.0,1.0
18,1790395045571550000,RL_calflower,1790395045153580005,1790395045650474157,0.841165052,417.96999500000004,78.924157,496.89415199999996,1,-0.039056527,0.998751394,-0.031145087999999998,0.633944312,-0.7126615620000001,-0.049689647999999996,-0.699746458,1.0535741090000001,-0.700420011,-0.005134057,0.713712317,0.721491034,0.0,0.0,0.0,1.0
18,1790395045571550000,RL_calflower1,1790395045153580005,1790395045650474157,0.841165052,417.96999500000004,78.924157,496.89415199999996,1,-0.020260788000000002,0.998751394,-0.04566102599999999,0.635580271,-0.308998845,-0.049689647,-0.949763824,1.088688061,-0.9508464790000001,-0.005134057,0.309619827,0.6999474529999999,0.0,0.0,0.0,1.0
18,1790395045571550000,RL_foot,1790395045153580005,1790395045650474157,0.841165052,417.96999500000004,78.924157,496.89415199999996,1,-0.040564322,0.998751394,-0.029154152000000003,0.636649948,-0.746743667,-0.049689647999999996,-0.6632537239999999,1.111616309,-0.663873919,-0.005134057,0.747826773,0.686160944,0.0,0.0,0.0,1.0
18,1790395045571550000,RR_hip,1790395045153580005,1790395045650474157,0.841165052,417.96999500000004,78.924157,496.89415199999996,1,-0.016665568999999998,0.979948099,-0.19855416899999997,0.43373542,-0.23498832,-0.196858234,-0.951855028,0.814098843,-0.9718552079999999,0.030794422999999998,0.233557231,0.7219739620000001,0.0,0.0,0.0,1.0
18,1790395045571550000,RR_thigh,1790395045153580005,1790395045650474157,0.841165052,417.96999500000004,78.924157,496.89415199999996,1,0.147013057,0.979947942,-0.13449523,0.340150981,0.610054464,-0.196860468,-0.7675155859999999,0.832898681,-0.778602,0.030785115,-0.626762335,0.719033114,0.0,0.0,0.0,1.0
18,1790395045571550000,RR_calf,1790395045153580005,1790395045650474157,0.841165052,417.96999500000004,78.924157,496.89415199999996,1,-0.116169435,0.979948057,-0.161883425,0.368799459,-0.690027555,-0.19685882300000002,-0.696497843,0.996376053,-0.714399535,0.030791981,0.6990600690000001,0.8525318540000001,0.0,0.0,0.0,1.0
18,1790395045571550000,RR_calflower,1790395045153580005,1790395045650474157,0.841165052,417.96999500000004,78.924157,496.89415199999996,1,-0.107933454,0.979948057,-0.167487165,0.390434415,-0.654354817,-0.19685882300000002,-0.730114406,1.085656424,-0.748445163,0.030791981,0.6624813310000001,0.734783257,0.0,0.0,0.0,1.0
18,1790395045571550000,RR_calflower1,1790395045153580005,1790395045650474157,0.841165052,417.96999500000004,78.924157,496.89415199999996,1,-0.018394341,0.979948057,-0.19840168600000002,0.398213152,-0.24325777199999998,-0.19685882300000002,-0.9497751990000001,1.121404273,-0.969787143,0.030791981,0.242001186,0.715768533,0.0,0.0,0.0,1.0
18,1790395045571550000,RR_foot,1790395045153580005,1790395045650474157,0.841165052,417.96999500000004,78.924157,496.89415199999996,1,-0.116169435,0.979948057,-0.161883425,0.403280088,-0.690027555,-0.19685882300000002,-0.696497843,1.14472888,-0.714399535,0.030791981,0.6990600690000001,0.7036324709999999,0.0,0.0,0.0,1.0
19,1790395045639548000,FL_hip,1790395045153580005,1790395045650474157,0.978011098,485.96799500000003,10.926157,496.89415199999996,1,-0.034497854,0.998038835,0.052231547,0.51670806,-0.24436029199999998,0.042253107000000005,-0.968763849,0.708002667,-0.9690705559999999,-0.046183884,0.242423487,0.34404563899999996,0.0,0.0,0.0,1.0
19,1790395045639548000,FL_thigh,1790395045153580005,1790395045650474157,0.978011098,485.96799500000003,10.926157,496.89415199999996,1,-0.01558999,0.9980423979999999,0.06056464599999999,0.61200913,-0.545379185,0.042280472,-0.837122798,0.71203773,-0.83804441,-0.046081727999999995,0.543652354,0.33963552,0.0,0.0,0.0,1.0
19,1790395045639548000,FL_calf,1790395045153580005,1790395045650474157,0.978011098,485.96799500000003,10.926157,496.89415199999996,1,0.06009967,0.9980427559999999,0.017275388,0.599116214,-0.852119262,0.04228347,0.521637369,0.89030422,0.519885899,-0.046071219000000004,0.8529923420000001,0.22385391,0.0,0.0,0.0,1.0
19,1790395045639548000,FL_calflower,1790395045153580005,1790395045650474157,0.978011098,485.96799500000003,10.926157,496.89415199999996,1,0.059161150999999995,0.9980427559999999,0.02025753,0.597777818,-0.8771253370000001,0.04228347,0.478397245,0.796076397,0.476604329,-0.046071219000000004,0.877909789,0.10801961199999999,0.0,0.0,0.0,1.0
19,1790395045639548000,FL_calflower1,1790395045153580005,1790395045650474157,0.978011098,485.96799500000003,10.926157,496.89415199999996,1,0.043121135,0.9980427559999999,0.04528771400000001,0.596380865,-0.998919606,0.04228347,0.019297711999999998,0.785712615,0.017345161,-0.046071219000000004,0.9987874790000001,0.068141533,0.0,0.0,0.0,1.0
19,1790395045639548000,FL_foot,1790395045153580005,1790395045650474157,0.978011098,485.96799500000003,10.926157,496.89415199999996,1,0.06009967,0.9980427559999999,0.017275388,0.595461104,-0.852119262,0.04228347,0.521637369,0.7792137090000001,0.519885899,-0.046071219000000004,0.8529923420000001,0.04218459,0.0,0.0,0.0,1.0
19,1790395045639548000,FR_hip,1790395045153580005,1790395045650474157,0.978011098,485.96799500000003,10.926157,496.89415199999996,1,-0.034497854,0.953873592,-0.298219417,0.424286754,-0.24436029199999998,-0.29739071100000003,-0.922955842,0.718338644,-0.9690705559999999,0.041032736,0.24334833600000003,0.344729448,0.0,0.0,0.0,1.0
19,1790395045639548000,FR_thigh,1790395045153580005,1790395045650474157,0.978011098,485.96799500000003,10.926157,496.89415199999996,1,-0.083488363,0.9538753390000001,-0.288359643,0.333193446,-0.39421374299999995,-0.297379186,-0.869575654,0.746738929,-0.915218572,0.041075634,0.40085857700000005,0.34081089700000006,0.0,0.0,0.0,1.0
19,1790395045639548000,FR_calf,1790395045153580005,1790395045650474157,0.978011098,485.96799500000003,10.926157,496.89415199999996,1,-0.224393597,0.953873285,0.199431747,0.3946068,-0.615512831,-0.29739292100000003,0.729864425,0.931934066,0.7555077109999999,0.041023852,0.653853946,0.25543777300000003,0.0,0.0,0.0,1.0
19,1790395045639548000,FR_calflower,1790395045153580005,1790395045650474157,0.978011098,485.96799500000003,10.926157,496.89415199999996,1,-0.234080596,0.953873285,0.18796750399999998,0.36060281899999996,-0.651221618,-0.29739292100000003,0.698189464,0.81160643,0.7218844459999999,0.041023852,0.690796447,0.173777441,0.0,0.0,0.0,1.0
19,1790395045639548000,FR_calflower1,1790395045153580005,1790395045650474157,0.978011098,485.96799500000003,10.926157,496.89415199999996,1,-0.294427779,0.953873285,0.058632675999999995,0.35542468299999996,-0.900039624,-0.29739292100000003,0.318569928,0.790191498,0.321312424,0.041023852,0.946084145,0.138926828,0.0,0.0,0.0,1.0
19,1790395045639548000,FR_foot,1790395045153580005,1790395045650474157,0.978011098,485.96799500000003,10.926157,496.89415199999996,1,-0.224393597,0.953873285,0.199431747,0.35212722799999996,-0.615512831,-0.29739292100000003,0.729864425,0.776476202,0.7555077109999999,0.041023852,0.653853946,0.116166931,0.0,0.0,0.0,1.0
19,1790395045639548000,RL_hip,1790395045153580005,1790395045650474157,0.978011098,485.96799500000003,10.926157,496.89415199999996,1,-0.034497854,0.9993718309999999,-0.008098967,0.53005183,-0.24436029199999998,-0.016292365,-0.9695479770000001,0.8025212279999999,-0.9690705559999999,-0.031468548,0.244768929,0.71888213,0.0,0.0,0.0,1.0
19,1790395045639548000,RL_thigh,1790395045153580005,1790395045650474157,0.978011098,485.96799500000003,10.926157,496.89415199999996,1,-0.016792246,0.999372115,-0.031195339,0.625490919,0.564112488,-0.016290326,-0.825537642,0.8009653309999999,-0.825527325,-0.031460601,-0.563484434,0.71587691,0.0,0.0,0.0,1.0
19,1790395045639548000,RL_calf,1790395045153580005,1790395045650474157,0.978011098,485.96799500000003,10.926157,496.89415199999996,1,-0.032975942,0.999371714,0.012981356999999999,0.632134125,-0.752823645,-0.016293186,-0.658021097,0.976802361,-0.657395843,-0.031471828,0.752887821,0.8358986190000001,0.0,0.0,0.0,1.0
19,1790395045639548000,RL_calflower,1790395045153580005,1790395045650474157,0.978011098,485.96799500000003,10.926157,496.89415199999996,1,-0.033583528,0.999371714,0.011317023999999998,0.629553006,-0.718995464,-0.016293186,-0.694824242,1.059131895,-0.694202977,-0.031471828,0.7190908090000001,0.711323721,0.0,0.0,0.0,1.0
19,1790395045639548000,RL_calflower1,1790395045153580005,1790395045650474157,0.978011098,485.96799500000003,10.926157,496.89415199999996,1,-0.035014385,0.999371714,-0.005470031,0.62943611,-0.31688996,-0.016293186,-0.948322708,1.094114413,-0.947815677,-0.031471828,0.317261418,0.689502238,0.0,0.0,0.0,1.0
19,1790395045639548000,RL_foot,1790395045153580005,1790395045650474157,0.978011098,485.96799500000003,10.926157,496.89415199999996,1,-0.032975942,0.999371714,0.012981356999999999,0.629368655,-0.752823645,-0.016293186,-0.658021097,1.1169590679999999,-0.657395843,-0.031471828,0.752887821,0.675534125,0.0,0.0,0.0,1.0
19,1790395045639548000,RR_hip,1790395045153580005,1790395045650474157,0.978011098,485.96799500000003,10.926157,496.89415199999996,1,-0.034497854,0.986050685,-0.16283027,0.43763052399999997,-0.24436029199999998,-0.16630423800000002,-0.95531755,0.812857205,-0.9690705559999999,0.006832574,0.24668890100000002,0.7195659390000001,0.0,0.0,0.0,1.0
19,1790395045639548000,RR_thigh,1790395045153580005,1790395045650474157,0.978011098,485.96799500000003,10.926157,496.89415199999996,1,0.10809353,0.986050632,-0.126568919,0.343462781,0.608617055,-0.16630461,-0.77584066,0.828739243,-0.7860670679999999,0.00683108,-0.6181033420000001,0.7189134290000001,0.0,0.0,0.0,1.0
19,1790395045639548000,RR_calf,1790395045153580005,1790395045650474157,0.978011098,485.96799500000003,10.926157,496.89415199999996,1,-0.11308362,0.986050671,-0.12213075300000001,0.370422131,-0.6994855790000001,-0.166304336,-0.695027673,0.993992751,-0.705643026,0.006832183,0.708534461,0.850569177,0.0,0.0,0.0,1.0
19,1790395045639548000,RR_calflower,1790395045153580005,1790395045650474157,0.978011098,485.96799500000003,10.926157,496.89415199999996,1,-0.106838302,0.986050671,-0.127629947,0.386235751,-0.663874498,-0.166304336,-0.729118777,1.0828670120000001,-0.740173119,0.006832183,0.672381525,0.731593266,0.0,0.0,0.0,1.0
19,1790395045639548000,RR_calflower1,1790395045153580005,1790395045650474157,0.978011098,485.96799500000003,10.926157,496.89415199999996,1,-0.03582818,0.986050671,-0.162542818,0.392409319,-0.252161442,-0.166304336,-0.953288072,1.118670463,-0.967021585,0.006832183,0.254602466,0.7120997490000001,0.0,0.0,0.0,1.0
19,1790395045639548000,RR_foot,1790395045153580005,1790395045650474157,0.978011098,485.96799500000003,10.926157,496.89415199999996,1,-0.11308362,0.986050671,-0.12213075300000001,0.396435902,-0.6994855790000001,-0.166304336,-0.695027673,1.142033448,-0.705643026,0.006832183,0.708534461,0.6996514079999999,0.0,0.0,0.0,1.0
20,1790395045703552000,FL_hip,1790395045650474157,1790395045724313537,0.718828395,53.07784300000001,20.761537,73.83938,0,-0.036190356,0.999343016,0.0018851470000000002,0.510170804,-0.240527689,-0.006879416,-0.970618243,0.707737472,-0.96996726,-0.035580742,0.24061870800000001,0.33860149799999995,0.0,0.0,0.0,1.0
20,1790395045703552000,FL_thigh,1790395045650474157,1790395045724313537,0.718828395,53.07784300000001,20.761537,73.83938,0,-0.033743799,0.999348809,0.01276999,0.605584022,-0.524749933,-0.006841193000000001,-0.8512293320000001,0.7070804829999999,-0.850587317,-0.035425055,0.524639037,0.335204436,0.0,0.0,0.0,1.0
20,1790395045703552000,FL_calf,1790395045650474157,1790395045724313537,0.718828395,53.07784300000001,20.761537,73.83938,0,0.01248278,0.999344179,0.033987504,0.602875532,-0.856241461,-0.006871694,0.516530744,0.888324352,0.5164255170000001,-0.035549542,0.855593802,0.223479555,0.0,0.0,0.0,1.0
20,1790395045703552000,FL_calflower,1790395045650474157,1790395045724313537,0.718828395,53.07784300000001,20.761537,73.83938,0,0.010768513,0.999344179,0.034568907999999995,0.59809926,-0.880987159,-0.006871695,0.473090978,0.794768768,0.473018251,-0.035549542,0.880335051,0.10717669,0.0,0.0,0.0,1.0
20,1790395045703552000,FL_calflower1,1790395045650474157,1790395045724313537,0.718828395,53.07784300000001,20.761537,73.83938,0,-0.006411585,0.999344179,0.035635121,0.596610149,-0.999894699,-0.006871694,0.012807772,0.784655106,0.013044393999999999,-0.035549542,0.999282698,0.067233204,0.0,0.0,0.0,1.0
20,1790395045703552000,FL_foot,1790395045650474157,1790395045724313537,0.718828395,53.07784300000001,20.761537,73.83938,0,0.01248278,0.999344179,0.033987504,0.595642611,-0.856241461,-0.006871694,0.516530744,0.778319213,0.5164255170000001,-0.035549542,0.855593802,0.04123476,0.0,0.0,0.0,1.0
20,1790395045703552000,FR_hip,1790395045650474157,1790395045724313537,0.718828395,53.07784300000001,20.761537,73.83938,0,-0.036190356,0.971275725,-0.235188187,0.417934126,-0.240527689,-0.23688986,-0.9412918220000001,0.7196180320000001,-0.96996726,0.022503319,0.242191975,0.339096876,0.0,0.0,0.0,1.0
20,1790395045703552000,FR_thigh,1790395045650474157,1790395045724313537,0.718828395,53.07784300000001,20.761537,73.83938,0,-0.076981642,0.971280521,-0.225139368,0.325296961,-0.402822137,-0.236857994,-0.884100269,0.7422097870000001,-0.9120350759999999,0.022631365,0.40948709200000005,0.33695108700000004,0.0,0.0,0.0,1.0
20,1790395045703552000,FR_calf,1790395045650474157,1790395045724313537,0.718828395,53.07784300000001,20.761537,73.83938,0,-0.178650833,0.971250653,0.157339785,0.37318743,-0.6652350370000001,-0.23705680399999998,0.7080021790000001,0.930264768,0.724945985,0.021816976000000002,0.688460003,0.249797555,0.0,0.0,0.0,1.0
20,1790395045703552000,FR_calflower,1790395045650474157,1790395045724313537,0.718828395,53.07784300000001,20.761537,73.83938,0,-0.186291278,0.971250653,0.148214331,0.346293987,-0.699789027,-0.23705680399999998,0.673869467,0.812360341,0.689631333,0.021816976000000002,0.723831805,0.16240543300000002,0.0,0.0,0.0,1.0
20,1790395045703552000,FR_calflower1,1790395045650474157,1790395045724313537,0.718828395,53.07784300000001,20.761537,73.83938,0,-0.23368171,0.971250653,0.045439926,0.342206761,-0.9318882009999999,-0.23705680399999998,0.274570795,0.7924323759999999,0.27744903600000004,0.021816976000000002,0.9604925240000001,0.126565273,0.0,0.0,0.0,1.0
20,1790395045703552000,FR_foot,1790395045650474157,1790395045724313537,0.718828395,53.07784300000001,20.761537,73.83938,0,-0.178650833,0.971250653,0.157339785,0.339604206,-0.6652350370000001,-0.23705680399999998,0.7080021790000001,0.7796922609999999,0.724945985,0.021816976000000002,0.688460003,0.103172275,0.0,0.0,0.0,1.0
20,1790395045703552000,RL_hip,1790395045650474157,1790395045724313537,0.718828395,53.07784300000001,20.761537,73.83938,0,-0.036190356,0.9985836109999999,-0.038997305,0.524169234,-0.240527689,-0.046579465,-0.9695243440000001,0.800773582,-0.96996726,-0.025707788,0.24187282100000002,0.713784834,0.0,0.0,0.0,1.0
20,1790395045703552000,RL_thigh,1790395045650474157,1790395045724313537,0.718828395,53.07784300000001,20.761537,73.83938,0,0.008184272,0.998589287,-0.052461542,0.619529919,0.610449156,-0.046542283,-0.790687241,0.79632542,-0.792013348,-0.025554194,-0.609968587,0.711329848,0.0,0.0,0.0,1.0
20,1790395045703552000,RL_calf,1790395045650474157,1790395045724313537,0.718828395,53.07784300000001,20.761537,73.83938,0,-0.050990019000000004,0.998590007,-0.01475719,0.63067166,-0.707230337,-0.046537642000000004,-0.70545033,0.964637372,-0.705142085,-0.025534481,0.708606003,0.841179821,0.0,0.0,0.0,1.0
20,1790395045703552000,RL_calflower,1790395045650474157,1790395045724313537,0.718828395,53.07784300000001,20.761537,73.83938,0,-0.050188742,0.998590007,-0.017287187,0.631852276,-0.6710886620000001,-0.046537642000000004,-0.739915485,1.054827437,-0.73967638,-0.025534481,0.672478015,0.7222939509999999,0.0,0.0,0.0,1.0
20,1790395045703552000,RL_calflower1,1790395045650474157,1790395045724313537,0.718828395,53.07784300000001,20.761537,73.83938,0,-0.036534297,0.998590007,-0.038509762999999995,0.633046742,-0.25357467300000003,-0.046537642000000004,-0.9661960470000001,1.0911062009999999,-0.966625537,-0.025534481,0.254917436,0.7028068890000001,0.0,0.0,0.0,1.0
20,1790395045703552000,RL_foot,1790395045650474157,1790395045724313537,0.718828395,53.07784300000001,20.761537,73.83938,0,-0.050990019000000004,0.998590007,-0.01475719,0.633833045,-0.707230337,-0.046537642000000004,-0.70545033,1.11477882,-0.705142085,-0.025534481,0.708606003,0.690362475,0.0,0.0,0.0,1.0
20,1790395045703552000,RR_hip,1790395045650474157,1790395045724313537,0.718828395,53.07784300000001,20.761537,73.83938,0,-0.036190356,0.980914435,-0.19104159,0.431932556,-0.240527689,-0.194096935,-0.9510381059999999,0.8126541420000001,-0.96996726,0.011532111999999999,0.242961648,0.714280212,0.0,0.0,0.0,1.0
20,1790395045703552000,RR_thigh,1790395045650474157,1790395045724313537,0.718828395,53.07784300000001,20.761537,73.83938,0,0.135693519,0.9809180390000001,-0.139236595,0.338257892,0.640546975,-0.194072805,-0.742991243,0.8311898790000001,-0.755835464,0.011631243999999999,-0.6546581579999999,0.713178925,0.0,0.0,0.0,1.0
20,1790395045703552000,RR_calf,1790395045650474157,1790395045724313537,0.718828395,53.07784300000001,20.761537,73.83938,0,-0.12366053199999999,0.9809174070000001,-0.150029571,0.367886459,-0.668877933,-0.19407706,-0.7175911620000001,0.989388568,-0.7330146059999999,0.011613493,0.6801136320000001,0.852571185,0.0,0.0,0.0,1.0
20,1790395045703552000,RR_calflower,1790395045650474157,1790395045724313537,0.718828395,53.07784300000001,20.761537,73.83938,0,-0.116007635,0.9809174070000001,-0.156022524,0.387619631,-0.632177399,-0.19407706,-0.750124323,1.082187081,-0.7660900429999999,0.011613493,0.642628206,0.737283632,0.0,0.0,0.0,1.0
20,1790395045703552000,RR_calflower1,1790395045650474157,1790395045724313537,0.718828395,53.07784300000001,20.761537,73.83938,0,-0.030850231000000002,0.9809174070000001,-0.191961097,0.39501932799999995,-0.214346352,-0.19407706,-0.9572828240000001,1.118503646,-0.9762703009999999,0.011613493,0.21624352800000002,0.71924421,0.0,0.0,0.0,1.0
20,1790395045703552000,RR_foot,1790395045650474157,1790395045724313537,0.718828395,53.07784300000001,20.761537,73.83938,0,-0.12366053199999999,0.9809174070000001,-0.150029571,0.399842628,-0.668877933,-0.19407706,-0.7175911620000001,1.142191248,-0.7330146059999999,0.011613493,0.6801136320000001,0.707744413,0.0,0.0,0.0,1.0
21,1790395045771550000,FL_hip,1790395045724313537,1790395045858803149,0.351227595,47.236463,87.253149,134.48961200000002,1,-0.039455552000000005,0.9987999320000001,-0.029012196,0.49447750100000004,-0.24195777699999999,-0.037720609,-0.969553641,0.709597175,-0.969484137,-0.031234834,0.243155788,0.331448145,0.0,0.0,0.0,1.0
21,1790395045771550000,FL_thigh,1790395045724313537,1790395045858803149,0.351227595,47.236463,87.253149,134.48961200000002,1,-0.044593923,0.9988429590000001,-0.017996593999999998,0.589769776,-0.48654342700000003,-0.03744849,-0.872853813,0.705999204,-0.872517487,-0.030168137999999997,0.48765045100000004,0.328467923,0.0,0.0,0.0,1.0
21,1790395045771550000,FL_calf,1790395045724313537,1790395045858803149,0.351227595,47.236463,87.253149,134.48961200000002,1,-0.016907313,0.99881647,0.04560212,0.5936457070000001,-0.86286725,-0.037617983,0.504029434,0.891487467,0.5051483520000001,-0.030827079,0.862481697,0.22477331600000003,0.0,0.0,0.0,1.0
21,1790395045771550000,FL_calflower,1790395045724313537,1790395045858803149,0.351227595,47.236463,87.253149,134.48961200000002,1,-0.019165339,0.99881647,0.044700116,0.586619482,-0.886979863,-0.037617984,0.46027414,0.7997042609999999,0.46141093,-0.030827079,0.8866507140000001,0.107234333,0.0,0.0,0.0,1.0
21,1790395045771550000,FL_calflower1,1790395045724313537,1790395045858803149,0.351227595,47.236463,87.253149,134.48961200000002,1,-0.037641141,0.99881647,0.030798621,0.585040695,-0.9992916479999999,-0.037617983,-0.001328005,0.79016333,-0.000167684,-0.030827079,0.99952464,0.067161125,0.0,0.0,0.0,1.0
21,1790395045771550000,FL_foot,1790395045724313537,1790395045858803149,0.351227595,47.236463,87.253149,134.48961200000002,1,-0.016907313,0.99881647,0.04560212,0.5840224479999999,-0.86286725,-0.037617983,0.504029434,0.784199813,0.5051483520000001,-0.030827079,0.862481697,0.041081553,0.0,0.0,0.0,1.0
21,1790395045771550000,FR_hip,1790395045724313537,1790395045858803149,0.351227595,47.236463,87.253149,134.48961200000002,1,-0.039455552000000005,0.9815545529999999,-0.18706595199999998,0.402085244,-0.24195777699999999,-0.191025332,-0.9512972359999999,0.720151833,-0.969484137,0.007727836,0.24503190100000002,0.332574137,0.0,0.0,0.0,1.0
21,1790395045771550000,FR_thigh,1790395045724313537,1790395045858803149,0.351227595,47.236463,87.253149,134.48961200000002,1,-0.083386738,0.981558484,-0.17201554300000002,0.308347057,-0.464662246,-0.191001013,-0.864643443,0.7383947,-0.881552896,0.007829064,0.47202017,0.33183613100000003,0.0,0.0,0.0,1.0
21,1790395045771550000,FR_calf,1790395045724313537,1790395045858803149,0.351227595,47.236463,87.253149,134.48961200000002,1,-0.148625218,0.9815492840000001,0.12029671300000001,0.344857416,-0.737323642,-0.19105732399999997,0.6479595810000001,0.921883817,0.6589877989999999,0.007605255,0.7521150740000001,0.231682356,0.0,0.0,0.0,1.0
21,1790395045771550000,FR_calflower,1790395045724313537,1790395045858803149,0.351227595,47.236463,87.253149,134.48961200000002,1,-0.154451805,0.9815492840000001,0.112718209,0.32417716399999996,-0.7687866609999999,-0.19105732399999997,0.610298978,0.811839802,0.62057415,0.007605255,0.784110788,0.13410229,0.0,0.0,0.0,1.0
21,1790395045771550000,FR_calflower1,1790395045724313537,1790395045858803149,0.351227595,47.236463,87.253149,134.48961200000002,1,-0.189048889,0.9815492840000001,0.028657851,0.321223295,-0.963733224,-0.19105732399999997,0.186322424,0.795204302,0.18836008699999998,0.007605255,0.982070507,0.096740805,0.0,0.0,0.0,1.0
21,1790395045771550000,FR_foot,1790395045724313537,1790395045858803149,0.351227595,47.236463,87.253149,134.48961200000002,1,-0.148625218,0.9815492840000001,0.12029671300000001,0.3193472,-0.737323642,-0.19105732399999997,0.6479595810000001,0.784613838,0.6589877989999999,0.007605255,0.7521150740000001,0.072379783,0.0,0.0,0.0,1.0
21,1790395045771550000,RL_hip,1790395045724313537,1790395045858803149,0.351227595,47.236463,87.253149,134.48961200000002,1,-0.039455552000000005,0.9982847840000001,-0.04324929,0.509738908,-0.24195777699999999,-0.05153985,-0.9689173090000001,0.803186443,-0.969484137,-0.02776495,0.24357639399999997,0.7064446090000001,0.0,0.0,0.0,1.0
21,1790395045771550000,RL_thigh,1790395045724313537,1790395045858803149,0.351227595,47.236463,87.253149,134.48961200000002,1,0.013594604,0.9983084240000001,-0.05652635,0.6050575220000001,0.660967689,-0.051391032999999996,-0.7486530240000001,0.798265363,-0.750291457,-0.027184735,-0.660547927,0.703793529,0.0,0.0,0.0,1.0
21,1790395045771550000,RL_calf,1790395045724313537,1790395045858803149,0.351227595,47.236463,87.253149,134.48961200000002,1,-0.054801351,0.998300321,-0.019825036,0.61696602,-0.6688268239999999,-0.051442909,-0.741636691,0.957406827,-0.741395668,-0.027383462,0.6705091,0.844220775,0.0,0.0,0.0,1.0
21,1790395045771550000,RL_calflower,1790395045724313537,1790395045858803149,0.351227595,47.236463,87.253149,134.48961200000002,1,-0.053742025,0.998300321,-0.022539186,0.618834681,-0.630924579,-0.051442909,-0.7741372470000001,1.053687005,-0.773980604,-0.027383462,0.632616799,0.730257404,0.0,0.0,0.0,1.0
21,1790395045771550000,RL_calflower1,1790395045724313537,1790395045858803149,0.351227595,47.236463,87.253149,134.48961200000002,1,-0.037260776,0.998300321,-0.044809090999999995,0.62027488,-0.202146438,-0.051442909,-0.9780036390000001,1.090922892,-0.97864613,-0.027383462,0.203719764,0.7127088140000001,0.0,0.0,0.0,1.0
21,1790395045771550000,RL_foot,1790395045724313537,1790395045858803149,0.351227595,47.236463,87.253149,134.48961200000002,1,-0.054801351,0.998300321,-0.019825036,0.621221231,-0.6688268239999999,-0.051442909,-0.741636691,1.115205762,-0.741395668,-0.027383462,0.6705091,0.7015288940000001,0.0,0.0,0.0,1.0
21,1790395045771550000,RR_hip,1790395045724313537,1790395045858803149,0.351227595,47.236463,87.253149,134.48961200000002,1,-0.039455552000000005,0.98355356,-0.17625381199999998,0.417346651,-0.24195777699999999,-0.180545898,-0.953341642,0.813741101,-0.969484137,0.00503109,0.24510210100000002,0.7075706009999999,0.0,0.0,0.0,1.0
21,1790395045771550000,RR_thigh,1790395045724313537,1790395045858803149,0.351227595,47.236463,87.253149,134.48961200000002,1,0.121396862,0.9835563970000001,-0.133713756,0.32341875600000003,0.639951481,-0.18052846,-0.746908462,0.8309829670000001,-0.75876565,0.005101757,-0.651343615,0.7070901390000001,0.0,0.0,0.0,1.0
21,1790395045771550000,RR_calf,1790395045724313537,1790395045858803149,0.351227595,47.236463,87.253149,134.48961200000002,1,-0.123248219,0.98355985,-0.131983524,0.351877383,-0.692017977,-0.180507115,-0.6989484779999999,0.990020668,-0.711281273,0.005190546,0.702888222,0.845779987,0.0,0.0,0.0,1.0
21,1790395045771550000,RR_calflower,1790395045724313537,1790395045858803149,0.351227595,47.236463,87.253149,134.48961200000002,1,-0.116497764,0.983559849,-0.137978422,0.368932185,-0.65622027,-0.180507115,-0.7326614579999999,1.079468249,-0.7455221259999999,0.005190545,0.666460548,0.7277330009999999,0.0,0.0,0.0,1.0
21,1790395045771550000,RR_calflower1,1790395045724313537,1790395045858803149,0.351227595,47.236463,87.253149,134.48961200000002,1,-0.039617362999999996,0.983559849,-0.176182402,0.375606506,-0.243736244,-0.180507115,-0.952895849,1.115274613,-0.969031943,0.005190546,0.246880529,0.7085637990000001,0.0,0.0,0.0,1.0
21,1790395045771550000,RR_foot,1790395045724313537,1790395045858803149,0.351227595,47.236463,87.253149,134.48961200000002,1,-0.123248219,0.98355985,-0.131983524,0.379959854,-0.692017977,-0.180507115,-0.6989484779999999,1.138637319,-0.711281273,0.005190546,0.702888222,0.696326607,0.0,0.0,0.0,1.0
22,1790395045839550000,FL_hip,1790395045724313537,1790395045858803149,0.856842854,115.23646299999999,19.253149,134.48961200000002,1,-0.024562267999999998,0.9963512840000001,-0.08173478599999999,0.48418514700000004,-0.230976927,-0.08520320699999999,-0.969221723,0.7034368040000001,-0.972649038,-0.0049277209999999995,0.232227035,0.345984909,0.0,0.0,0.0,1.0
22,1790395045839550000,FL_thigh,1790395045724313537,1790395045858803149,0.856842854,115.23646299999999,19.253149,134.48961200000002,1,-0.040568922,0.9963650709999999,-0.074903736,0.579286599,-0.42900555700000004,-0.08507337599999999,-0.899287178,0.695303102,-0.9023902979999999,-0.004349279,0.430897509,0.345514816,0.0,0.0,0.0,1.0
22,1790395045839550000,FL_calf,1790395045724313537,1790395045858803149,0.856842854,115.23646299999999,19.253149,134.48961200000002,1,-0.072556875,0.996356734,0.044816515999999994,0.595258046,-0.8754002190000001,-0.08515193,0.475840605,0.886617092,0.477923206,-0.004707167,0.878388912,0.25382163399999996,0.0,0.0,0.0,1.0
22,1790395045839550000,FL_calflower,1790395045724313537,1790395045858803149,0.856842854,115.23646299999999,19.253149,134.48961200000002,1,-0.074706089,0.996356734,0.041134175,0.58720751,-0.898088315,-0.08515193,0.431494152,0.7987219809999999,0.433424779,-0.004707167,0.9011773590000001,0.133382732,0.0,0.0,0.0,1.0
22,1790395045839550000,FL_calflower1,1790395045724313537,1790395045858803149,0.856842854,115.23646299999999,19.253149,134.48961200000002,1,-0.085258827,0.996356734,0.001988087,0.586318583,-0.995854789,-0.08515193,-0.03198536,0.790442993,-0.031699361,-0.004707167,0.9994862790000001,0.093005307,0.0,0.0,0.0,1.0
22,1790395045839550000,FL_foot,1790395045724313537,1790395045858803149,0.856842854,115.23646299999999,19.253149,134.48961200000002,1,-0.072556875,0.996356734,0.044816515999999994,0.5857610329999999,-0.8754002190000001,-0.08515193,0.475840605,0.785300027,0.477923206,-0.004707167,0.878388912,0.066735484,0.0,0.0,0.0,1.0
22,1790395045839550000,FR_hip,1790395045724313537,1790395045858803149,0.856842854,115.23646299999999,19.253149,134.48961200000002,1,-0.024562267999999998,0.9813732620000001,-0.19053340300000002,0.391810215,-0.230976927,-0.191004996,-0.954026953,0.714198777,-0.972649038,0.02057548,0.23136622,0.345762009,0.0,0.0,0.0,1.0
22,1790395045839550000,FR_thigh,1790395045724313537,1790395045858803149,0.856842854,115.23646299999999,19.253149,134.48961200000002,1,-0.085857376,0.981374867,-0.171847732,0.298089216,-0.532144342,-0.19099089600000002,-0.82483062,0.732439725,-0.8422890340000001,0.020629731000000002,0.5386310670000001,0.34379705299999996,0.0,0.0,0.0,1.0
22,1790395045839550000,FR_calf,1790395045724313537,1790395045858803149,0.856842854,115.23646299999999,19.253149,134.48961200000002,1,-0.16957308699999998,0.9813719240000001,0.09029881699999999,0.334620598,-0.811088172,-0.19101905,0.552854751,0.907766735,0.559804923,0.02050871,0.8283704909999999,0.229282772,0.0,0.0,0.0,1.0
22,1790395045839550000,FR_calflower,1790395045724313537,1790395045858803149,0.856842854,115.23646299999999,19.253149,134.48961200000002,1,-0.173874225,0.9813719240000001,0.081710845,0.317909997,-0.8377057440000001,-0.19101905,0.511626314,0.810031046,0.517704044,0.02050871,0.8553138290000001,0.11819395099999999,0.0,0.0,0.0,1.0
22,1790395045839550000,FR_calflower1,1790395045724313537,1790395045858803149,0.856842854,115.23646299999999,19.253149,134.48961200000002,1,-0.191957922,0.9813719240000001,-0.007814391,0.316383327,-0.9792991190000001,-0.19101905100000002,0.066974875,0.7979853240000001,0.064234743,0.02050871,0.99772397,0.078918922,0.0,0.0,0.0,1.0
22,1790395045839550000,FR_foot,1790395045724313537,1790395045858803149,0.856842854,115.23646299999999,19.253149,134.48961200000002,1,-0.16957308699999998,0.9813719240000001,0.09029881699999999,0.315436885,-0.811088172,-0.19101905,0.552854751,0.7903863240000001,0.559804923,0.02050871,0.8283704909999999,0.053342979000000006,0.0,0.0,0.0,1.0
22,1790395045839550000,RL_hip,1790395045724313537,1790395045858803149,0.856842854,115.23646299999999,19.253149,134.48961200000002,1,-0.024562267999999998,0.99727506,-0.069562283,0.49368583299999996,-0.230976927,-0.073361723,-0.970189874,0.7927786790000001,-0.972649038,-0.007763069,0.23214954899999998,0.722205557,0.0,0.0,0.0,1.0
22,1790395045839550000,RL_thigh,1790395045724313537,1790395045858803149,0.856842854,115.23646299999999,19.253149,134.48961200000002,1,0.047392641,0.997282584,-0.05640166,0.588916137,0.715678976,-0.073292066,-0.694573648,0.785773242,-0.696819902,-0.00744809,-0.717207348,0.7214642790000001,0.0,0.0,0.0,1.0
22,1790395045839550000,RL_calf,1790395045724313537,1790395045858803149,0.856842854,115.23646299999999,19.253149,134.48961200000002,1,-0.051957857,0.997280095,-0.052273847000000005,0.600860053,-0.626626541,-0.07331485,-0.775863897,0.933549857,-0.7775857279999999,-0.007556333,0.628731395,0.874077455,0.0,0.0,0.0,1.0
22,1790395045839550000,RL_calflower,1790395045724313537,1790395045858803149,0.856842854,115.23646299999999,19.253149,134.48961200000002,1,-0.049280319,0.997280095,-0.05480532900000001,0.607572385,-0.587066388,-0.07331485,-0.806212543,1.035786886,-0.808037421,-0.007556332,0.589082556,0.7655260859999999,0.0,0.0,0.0,1.0
22,1790395045839550000,RL_calflower1,1790395045724313537,1790395045858803149,0.856842854,115.23646299999999,19.253149,134.48961200000002,1,-0.018403433,0.997280095,-0.07136867400000001,0.610257705,-0.148432742,-0.07331485,-0.986201465,1.073884918,-0.988751147,-0.007556333,0.149378382,0.750051392,0.0,0.0,0.0,1.0
22,1790395045839550000,RL_foot,1790395045724313537,1790395045858803149,0.856842854,115.23646299999999,19.253149,134.48961200000002,1,-0.051957857,0.997280095,-0.052273847000000005,0.61200979,-0.626626541,-0.07331485,-0.775863897,1.098715669,-0.7775857279999999,-0.007556333,0.628731395,0.740223744,0.0,0.0,0.0,1.0
22,1790395045839550000,RR_hip,1790395045724313537,1790395045858803149,0.856842854,115.23646299999999,19.253149,134.48961200000002,1,-0.024562267999999998,0.9840101529999999,-0.17640996399999997,0.401310901,-0.230976927,-0.177274515,-0.956673445,0.803540652,-0.972649038,0.017248286,0.23163802600000002,0.7219826570000001,0.0,0.0,0.0,1.0
22,1790395045839550000,RR_thigh,1790395045724313537,1790395045858803149,0.856842854,115.23646299999999,19.253149,134.48961200000002,1,0.12667822,0.98401116,-0.125197551,0.307338722,0.628349391,-0.177265215,-0.757466014,0.820470224,-0.767548077,0.017286365,-0.6407581139999999,0.72033546,0.0,0.0,0.0,1.0
22,1790395045839550000,RR_calf,1790395045724313537,1790395045858803149,0.856842854,115.23646299999999,19.253149,134.48961200000002,1,-0.119017212,0.9840125479999999,-0.132491394,0.333994072,-0.7268662690000001,-0.177252861,-0.663511512,0.981781585,-0.6763877859999999,0.017333959,0.736341582,0.8567917629999999,0.0,0.0,0.0,1.0
22,1790395045839550000,RR_calflower,1790395045724313537,1790395045858803149,0.856842854,115.23646299999999,19.253149,134.48961200000002,1,-0.112246661,0.9840125479999999,-0.138274196,0.351213674,-0.692796121,-0.177252861,-0.699010468,1.065360774,-0.7123442179999999,0.017333959,0.701616047,0.734397058,0.0,0.0,0.0,1.0
22,1790395045839550000,RR_calflower1,1790395045724313537,1790395045858803149,0.856842854,115.23646299999999,19.253149,134.48961200000002,1,-0.035710074,0.9840125479999999,-0.17448168,0.35786160100000003,-0.291718164,-0.177252861,-0.939937557,1.1002157909999999,-0.955837385,0.017333959,0.293384146,0.7134744009999999,0.0,0.0,0.0,1.0
22,1790395045839550000,RR_foot,1790395045724313537,1790395045858803149,0.856842854,115.23646299999999,19.253149,134.48961200000002,1,-0.119017212,0.9840125479999999,-0.132491394,0.362196839,-0.7268662690000001,-0.177252861,-0.663511512,1.122971216,-0.6763877859999999,0.017333959,0.736341582,0.700093,0.0,0.0,0.0,1.0
23,1790395045903551000,FL_hip,1790395045858803149,1790395045920251875,0.7282144629999999,44.747851000000004,16.700875,61.448726,0,-0.023811956000000002,0.9993480990000001,-0.027131827,0.47838280200000005,-0.254664583,-0.032307632,-0.966489954,0.70931693,-0.9667361259999999,-0.016104798,0.255267962,0.335163052,0.0,0.0,0.0,1.0
23,1790395045903551000,FL_thigh,1790395045858803149,1790395045920251875,0.7282144629999999,44.747851000000004,16.700875,61.448726,0,-0.027925118,0.99931311,-0.024356987000000004,0.5736963620000001,-0.35333660200000006,-0.032661258,-0.934926282,0.706237665,-0.935079276,-0.017502008,0.35400602,0.333626492,0.0,0.0,0.0,1.0
23,1790395045903551000,FL_calf,1790395045858803149,1790395045920251875,0.7282144629999999,44.747851000000004,16.700875,61.448726,0,-0.016269189,0.9994031459999999,0.030470191,0.5788176420000001,-0.784064125,-0.031662482,0.619872245,0.90479861,0.620466979,-0.013806063,0.784110933,0.258417525,0.0,0.0,0.0,1.0
23,1790395045903551000,FL_calflower,1790395045858803149,1790395045920251875,0.7282144629999999,44.747851000000004,16.700875,61.448726,0,-0.017771731000000002,0.9994031459999999,0.029618991,0.574325368,-0.814064949,-0.031662481,0.579910693,0.797903508,0.580502344,-0.013806063,0.8141414220000001,0.15521644,0.0,0.0,0.0,1.0
23,1790395045903551000,FL_calflower1,1790395045858803149,1790395045920251875,0.7282144629999999,44.747851000000004,16.700875,61.448726,0,-0.029440868999999998,0.9994031459999999,0.018065279,0.573420855,-0.989862158,-0.031662481,0.13845959800000002,0.782906705,0.138949076,-0.013806063,0.990203202,0.117012999,0.0,0.0,0.0,1.0
23,1790395045903551000,FL_foot,1790395045858803149,1790395045920251875,0.7282144629999999,44.747851000000004,16.700875,61.448726,0,-0.016269189,0.9994031459999999,0.030470191,0.572839284,-0.784064125,-0.031662482,0.619872245,0.7733890859999999,0.620466979,-0.013806063,0.784110933,0.092116172,0.0,0.0,0.0,1.0
23,1790395045903551000,FR_hip,1790395045858803149,1790395045920251875,0.7282144629999999,44.747851000000004,16.700875,61.448726,0,-0.023811956000000002,0.976027159,-0.21634172899999998,0.386181279,-0.254664583,-0.215186063,-0.942783948,0.7214423059999999,-0.9667361259999999,0.032644771,0.253683692,0.33423996699999997,0.0,0.0,0.0,1.0
23,1790395045903551000,FR_thigh,1790395045858803149,1790395045920251875,0.7282144629999999,44.747851000000004,16.700875,61.448726,0,-0.09906645900000001,0.976027075,-0.193795647,0.292972991,-0.572768823,-0.215186956,-0.7909684659999999,0.7419920720000001,-0.813708568,0.032641384,0.5803557020000001,0.331122467,0.0,0.0,0.0,1.0
23,1790395045903551000,FR_calf,1790395045858803149,1790395045920251875,0.7282144629999999,44.747851000000004,16.700875,61.448726,0,-0.197461415,0.976027402,0.09153834,0.334250131,-0.81238003,-0.215183455,0.541973646,0.9104636840000001,0.5486786929999999,0.032654689,0.835395235,0.207508005,0.0,0.0,0.0,1.0
23,1790395045903551000,FR_calflower,1790395045858803149,1790395045920251875,0.7282144629999999,44.747851000000004,16.700875,61.448726,0,-0.20178965,0.976027402,0.081554983,0.316754994,-0.838452159,-0.215183455,0.500694241,0.81400565,0.506240627,0.032654689,0.8617737129999999,0.09484319199999999,0.0,0.0,0.0,1.0
23,1790395045903551000,FR_calflower1,1790395045858803149,1790395045920251875,0.7282144629999999,44.747851000000004,16.700875,61.448726,0,-0.216646788,0.976027402,-0.020843403,0.31551111600000004,-0.974912982,-0.215183455,0.056933502999999996,0.802362391,0.051083711,0.032654689,0.998160288,0.055310011,0.0,0.0,0.0,1.0
23,1790395045903551000,FR_foot,1790395045858803149,1790395045920251875,0.7282144629999999,44.747851000000004,16.700875,61.448726,0,-0.197461415,0.976027402,0.09153834,0.31475492899999996,-0.81238003,-0.215183455,0.541973646,0.79502494,0.5486786929999999,0.032654689,0.835395235,0.029569216000000002,0.0,0.0,0.0,1.0
23,1790395045903551000,RL_hip,1790395045858803149,1790395045920251875,0.7282144629999999,44.747851000000004,16.700875,61.448726,0,-0.023811956000000002,0.99501914,-0.096797055,0.48759326700000005,-0.254664583,-0.09966750699999999,-0.961879932,0.80782119,-0.9667361259999999,0.0017462489999999998,0.25576952,0.709096585,0.0,0.0,0.0,1.0
23,1790395045903551000,RL_thigh,1790395045858803149,1790395045920251875,0.7282144629999999,44.747851000000004,16.700875,61.448726,0,0.07235989799999999,0.995019159,-0.068561547,0.582616957,0.710119701,-0.0996673,-0.696991466,0.798303007,-0.7003531340000001,0.001747036,-0.713794277,0.7092633509999999,0.0,0.0,0.0,1.0
23,1790395045903551000,RL_calf,1790395045858803149,1790395045920251875,0.7282144629999999,44.747851000000004,16.700875,61.448726,0,-0.065053471,0.995018165,-0.075542465,0.597220348,-0.662174361,-0.099677907,-0.742691117,0.9467615090000001,-0.746520718,0.001707358,0.665359855,0.861301698,0.0,0.0,0.0,1.0
23,1790395045903551000,RL_calflower,1790395045858803149,1790395045920251875,0.7282144629999999,44.747851000000004,16.700875,61.448726,0,-0.061196622,0.995018165,-0.078699375,0.607093773,-0.62422773,-0.09967790800000001,-0.7748578709999999,1.043412277,-0.778841894,0.001707358,0.6272178429999999,0.747925453,0.0,0.0,0.0,1.0
23,1790395045903551000,RL_calflower1,1790395045858803149,1790395045920251875,0.7282144629999999,44.747851000000004,16.700875,61.448726,0,-0.01793936,0.995018165,-0.098065271,0.61085252,-0.19587359899999998,-0.099677907,-0.9755503640000001,1.080639605,-0.9804649440000001,0.001707358,0.196686075,0.730629341,0.0,0.0,0.0,1.0
23,1790395045903551000,RL_foot,1790395045858803149,1790395045920251875,0.7282144629999999,44.747851000000004,16.700875,61.448726,0,-0.065053471,0.995018165,-0.075542465,0.613303141,-0.662174361,-0.099677907,-0.742691117,1.104915382,-0.746520718,0.001707358,0.665359855,0.7196143220000001,0.0,0.0,0.0,1.0
23,1790395045903551000,RR_hip,1790395045858803149,1790395045920251875,0.7282144629999999,44.747851000000004,16.700875,61.448726,0,-0.023811956000000002,0.977952485,-0.20746492600000002,0.395391744,-0.254664583,-0.206611346,-0.944700147,0.8199465659999999,-0.9667361259999999,0.030338534,0.253969822,0.7081735,0.0,0.0,0.0,1.0
23,1790395045903551000,RR_thigh,1790395045858803149,1790395045920251875,0.7282144629999999,44.747851000000004,16.700875,61.448726,0,0.146406666,0.97795005,-0.14892466,0.30200277600000003,0.575098898,-0.206636932,-0.7915573890000001,0.83967681,-0.80487682,0.030242593999999998,-0.592670671,0.705276335,0.0,0.0,0.0,1.0
23,1790395045903551000,RR_calf,1790395045858803149,1790395045920251875,0.7282144629999999,44.747851000000004,16.700875,61.448726,0,-0.14694027199999998,0.977948027,-0.14841152300000002,0.333733166,-0.7834908009999999,-0.206657581,-0.586033679,1.0082396470000001,-0.603780495,0.030166838999999997,0.7965795059999999,0.831496316,0.0,0.0,0.0,1.0
23,1790395045903551000,RR_calflower,1790395045858803149,1790395045920251875,0.7282144629999999,44.747851000000004,16.700875,61.448726,0,-0.13933915,0.977948027,-0.15557000099999999,0.352729489,-0.753222165,-0.206657581,-0.624459509,1.0792617070000001,-0.6428383089999999,0.030166838999999997,0.765407541,0.7015974779999999,0.0,0.0,0.0,1.0
23,1790395045903551000,RR_calflower1,1790395045858803149,1790395045920251875,0.7282144629999999,44.747851000000004,16.700875,61.448726,0,-0.051754132,0.977948027,-0.202333719,0.36033868700000005,-0.37974183899999997,-0.206657581,-0.901714725,1.111753031,-0.92364358,0.030166838999999997,0.38206325799999996,0.6774228859999999,0.0,0.0,0.0,1.0
23,1790395045903551000,RR_foot,1790395045858803149,1790395045920251875,0.7282144629999999,44.747851000000004,16.700875,61.448726,0,-0.14694027199999998,0.977948027,-0.14841152300000002,0.365303535,-0.7834908009999999,-0.206657581,-0.586033679,1.132991829,-0.603780495,0.030166838999999997,0.7965795059999999,0.661917299,0.0,0.0,0.0,1.0
24,1790395045971552000,FL_hip,1790395045920251875,1790395045988532909,0.751308555,51.300125,16.980909,68.28103399999999,0,-0.016627755,0.9997771240000001,-0.012999687,0.48174087,-0.24664995899999997,-0.016701013,-0.968961062,0.698775851,-0.9689618740000001,-0.012905575,0.246872763,0.335216942,0.0,0.0,0.0,1.0
24,1790395045971552000,FL_thigh,1790395045920251875,1790395045988532909,0.751308555,51.300125,16.980909,68.28103399999999,0,-0.019082613999999998,0.999772428,-0.009524686999999999,0.57721668,-0.42767795799999997,-0.016773078,-0.903775909,0.6971809440000001,-0.9037296459999999,-0.013173208,0.42790071399999996,0.333984499,0.0,0.0,0.0,1.0
24,1790395045971552000,FL_calf,1790395045920251875,1790395045988532909,0.751308555,51.300125,16.980909,68.28103399999999,0,-0.001118108,0.999772008,0.021317921,0.579232685,-0.658483496,-0.016779732,0.752408527,0.889187556,0.752594564,-0.013196525,0.6583518070000001,0.243059797,0.0,0.0,0.0,1.0
24,1790395045971552000,FL_calflower,1790395045920251875,1790395045988532909,0.751308555,51.300125,16.980909,68.28103399999999,0,-0.002182163,0.999772008,0.021235397000000003,0.57602929,-0.695265316,-0.016779732,0.718557755,0.7650284359999999,0.7187501409999999,-0.013196525,0.69514309,0.160931965,0.0,0.0,0.0,1.0
24,1790395045971552000,FL_calflower1,1790395045920251875,1790395045988532909,0.751308555,51.300125,16.980909,68.28103399999999,0,-0.011741631,0.999772008,0.017828012,0.575192047,-0.948511813,-0.016779731000000003,0.316298035,0.743301069,0.316525122,-0.013196525,0.948492239,0.126045043,0.0,0.0,0.0,1.0
24,1790395045971552000,FL_foot,1790395045920251875,1790395045988532909,0.751308555,51.300125,16.980909,68.28103399999999,0,-0.001118108,0.999772008,0.021317921,0.57465005,-0.658483496,-0.016779732,0.752408527,0.72939367,0.752594564,-0.013196525,0.6583518070000001,0.103262905,0.0,0.0,0.0,1.0
24,1790395045971552000,FR_hip,1790395045920251875,1790395045988532909,0.751308555,51.300125,16.980909,68.28103399999999,0,-0.016627755,0.9768926240000001,-0.213082357,0.389568133,-0.24664995899999997,-0.210533343,-0.945959923,0.711055915,-0.9689618740000001,0.036827286,0.24445135699999998,0.333672788,0.0,0.0,0.0,1.0
24,1790395045971552000,FR_thigh,1790395045920251875,1790395045988532909,0.751308555,51.300125,16.980909,68.28103399999999,0,-0.087943005,0.9768921009999999,-0.194801499,0.296276805,-0.552864974,-0.21054124300000002,-0.806234067,0.731161431,-0.828617078,0.036796001,0.558605067,0.330155855,0.0,0.0,0.0,1.0
24,1790395045971552000,FR_calf,1790395045920251875,1790395045988532909,0.751308555,51.300125,16.980909,68.28103399999999,0,-0.197651794,0.976892313,0.081332346,0.337764203,-0.824363194,-0.210538014,0.525451934,0.902877235,0.530433529,0.036808847,0.84692692,0.21117994399999998,0.0,0.0,0.0,1.0
24,1790395045971552000,FR_calflower,1790395045920251875,1790395045988532909,0.751308555,51.300125,16.980909,68.28103399999999,0,-0.20146970399999997,0.976892313,0.071352229,0.321772055,-0.8495946059999999,-0.210538015,0.483594268,0.8086265559999999,0.487441922,0.036808846,0.872379109,0.096445025,0.0,0.0,0.0,1.0
24,1790395045971552000,FR_calflower1,1790395045920251875,1790395045988532909,0.751308555,51.300125,16.980909,68.28103399999999,0,-0.211651578,0.976892313,-0.029745449,0.32093191600000004,-0.9768998640000001,-0.210538015,0.036620564,0.797779107,0.029512003999999998,0.036808846,0.998886369,0.056676107,0.0,0.0,0.0,1.0
24,1790395045971552000,FR_foot,1790395045920251875,1790395045988532909,0.751308555,51.300125,16.980909,68.28103399999999,0,-0.197651794,0.976892313,0.081332346,0.320437254,-0.824363194,-0.210538014,0.525451934,0.790960055,0.530433529,0.036808847,0.84692692,0.030787205,0.0,0.0,0.0,1.0
24,1790395045971552000,RL_hip,1790395045920251875,1790395045988532909,0.751308555,51.300125,16.980909,68.28103399999999,0,-0.016627755,0.99631925,-0.084090684,0.488172485,-0.24664995899999997,-0.085590384,-0.965317953,0.794180055,-0.9689618740000001,0.004689599,0.247165375,0.710011394,0.0,0.0,0.0,1.0
24,1790395045971552000,RL_thigh,1790395045920251875,1790395045988532909,0.751308555,51.300125,16.980909,68.28103399999999,0,0.062888033,0.996321108,-0.058216135999999995,0.58331559,0.691974048,-0.085562858,-0.716834416,0.786006658,-0.719178303,0.004795957,-0.694808891,0.71045922,0.0,0.0,0.0,1.0
24,1790395045971552000,RL_calf,1790395045920251875,1790395045988532909,0.751308555,51.300125,16.980909,68.28103399999999,0,-0.057247505,0.996322156,-0.063754668,0.5956923820000001,-0.706744954,-0.085547358,-0.7022776409999999,0.938655905,-0.705148477,0.004854353,0.709042939,0.8584231390000001,0.0,0.0,0.0,1.0
24,1790395045971552000,RL_calflower,1790395045920251875,1790395045988532909,0.751308555,51.300125,16.980909,68.28103399999999,0,-0.053989555,0.996322156,-0.066536174,0.603993385,-0.6707624529999999,-0.085547358,-0.736722503,1.028403528,-0.739704602,0.004854353,0.6729140840000001,0.73944399,0.0,0.0,0.0,1.0
24,1790395045971552000,RL_calflower1,1790395045920251875,1790395045988532909,0.751308555,51.300125,16.980909,68.28103399999999,0,-0.017163442,0.996322156,-0.083948501,0.607194352,-0.254759781,-0.085547358,-0.9632132520000001,1.064559077,-0.966851938,0.004854353,0.255291195,0.719934823,0.0,0.0,0.0,1.0
24,1790395045971552000,RL_foot,1790395045920251875,1790395045988532909,0.751308555,51.300125,16.980909,68.28103399999999,0,-0.057247505,0.996322156,-0.063754668,0.609281725,-0.706744954,-0.085547358,-0.7022776409999999,1.088151822,-0.705148477,0.004854353,0.709042939,0.707476132,0.0,0.0,0.0,1.0
24,1790395045971552000,RR_hip,1790395045920251875,1790395045988532909,0.751308555,51.300125,16.980909,68.28103399999999,0,-0.016627755,0.9823107809999999,-0.186517615,0.395999748,-0.24664995899999997,-0.184808213,-0.951320339,0.806460119,-0.9689618740000001,0.030185958,0.245359986,0.70846724,0.0,0.0,0.0,1.0
24,1790395045971552000,RR_thigh,1790395045920251875,1790395045988532909,0.751308555,51.300125,16.980909,68.28103399999999,0,0.141541891,0.982305388,-0.122644976,0.302204459,0.628534606,-0.184892058,-0.7554864929999999,0.8241063,-0.76479444,0.029846092999999997,-0.643582553,0.7055849820000001,0.0,0.0,0.0,1.0
24,1790395045971552000,RR_calf,1790395045920251875,1790395045988532909,0.751308555,51.300125,16.980909,68.28103399999999,0,-0.121494406,0.982305155,-0.142532329,0.3283617,-0.75030944,-0.184895893,-0.6347045920000001,0.9848721570000001,-0.649826885,0.029830013,0.759496556,0.8425745729999999,0.0,0.0,0.0,1.0
24,1790395045971552000,RR_calflower,1790395045920251875,1790395045988532909,0.751308555,51.300125,16.980909,68.28103399999999,0,-0.11421892199999999,0.982305155,-0.148426391,0.346970114,-0.71764974,-0.184895893,-0.6714112190000001,1.06373003,-0.6869737779999999,0.029830013,0.726069575,0.717279034,0.0,0.0,0.0,1.0
24,1790395045971552000,RR_calflower1,1790395045920251875,1790395045988532909,0.751308555,51.300125,16.980909,68.28103399999999,0,-0.032771388,0.982305155,-0.184397375,0.354037165,-0.326507957,-0.184895893,-0.926934048,1.0977303840000001,-0.944626062,0.029830013,0.326789842,0.6951259059999999,0.0,0.0,0.0,1.0
24,1790395045971552000,RR_foot,1790395045920251875,1790395045988532909,0.751308555,51.300125,16.980909,68.28103399999999,0,-0.121494406,0.982305155,-0.142532329,0.358644553,-0.75030944,-0.184895893,-0.6347045920000001,1.119938125,-0.649826885,0.029830013,0.759496556,0.6809409890000001,0.0,0.0,0.0,1.0
25,1790395046503556000,FL_hip,1790395046187480086,1790395046724334892,0.588754931,316.075914,220.77889199999998,536.8548059999999,1,-0.017479627,0.999566092,0.0237034,0.478982818,-0.261468647,0.018312368,-0.965038587,0.6764506259999999,-0.965053577,-0.023066509,0.261035184,0.33080695600000004,0.0,0.0,0.0,1.0
25,1790395046503556000,FL_thigh,1790395046187480086,1790395046724334892,0.588754931,316.075914,220.77889199999998,536.8548059999999,1,-0.008270178000000001,0.999565321,0.028293705,0.574441336,-0.578340063,0.018301169,-0.815590895,0.6781994570000001,-0.815753838,-0.023108764,0.577937279,0.328604105,0.0,0.0,0.0,1.0
25,1790395046503556000,FL_calf,1790395046187480086,1790395046724334892,0.588754931,316.075914,220.77889199999998,536.8548059999999,1,0.02842315,0.9995653640000001,0.007808175,0.568436695,-0.80610858,0.018301781,0.591485142,0.851196999,0.591085114,-0.023106406,0.806278066,0.206028081,0.0,0.0,0.0,1.0
25,1790395046503556000,FL_calflower,1790395046187480086,1790395046724334892,0.588754931,316.075914,220.77889199999998,536.8548059999999,1,0.027997382,0.9995653640000001,0.009218981999999999,0.567846253,-0.83466309,0.018301781,0.550457302,0.74792705,0.550049304,-0.023106406,0.8348123709999999,0.09891900199999999,0.0,0.0,0.0,1.0
25,1790395046503556000,FL_calflower1,1790395046187480086,1790395046724334892,0.588754931,316.075914,220.77889199999998,536.8548059999999,1,0.020576402,0.9995653640000001,0.021105798999999998,0.567198214,-0.994531642,0.018301781,0.102822798,0.7343080329999999,0.102391971,-0.023106406,0.9944756490000001,0.060171059000000006,0.0,0.0,0.0,1.0
25,1790395046503556000,FL_foot,1790395046187480086,1790395046724334892,0.588754931,316.075914,220.77889199999998,536.8548059999999,1,0.02842315,0.9995653640000001,0.007808175,0.566771426,-0.80610858,0.018301781,0.591485142,0.7256886770000001,0.591085114,-0.023106406,0.806278066,0.034928769,0.0,0.0,0.0,1.0
25,1790395046503556000,FR_hip,1790395046187480086,1790395046724334892,0.588754931,316.075914,220.77889199999998,536.8548059999999,1,-0.017479627,0.965182255,-0.260993175,0.386458378,-0.261468647,-0.256362021,-0.930544642,0.685804188,-0.965053577,0.051975697,0.25684617600000004,0.329948615,0.0,0.0,0.0,1.0
25,1790395046503556000,FR_thigh,1790395046187480086,1790395046724334892,0.588754931,316.075914,220.77889199999998,536.8548059999999,1,-0.064270802,0.965229546,-0.253379057,0.29465772,-0.43615364100000004,-0.255539337,-0.8628269340000001,0.7101915409999999,-0.897574005,0.055057355999999995,0.437412197,0.325003955,0.0,0.0,0.0,1.0
25,1790395046503556000,FR_calf,1790395046187480086,1790395046724334892,0.588754931,316.075914,220.77889199999998,536.8548059999999,1,-0.215213441,0.964966771,0.15007353199999998,0.348421062,-0.685496179,-0.25872536,0.680556277,0.892693065,0.695542001,0.043589765999999995,0.7171618340000001,0.23229272899999998,0.0,0.0,0.0,1.0
25,1790395046503556000,FR_calflower,1790395046187480086,1790395046724334892,0.588754931,316.075914,220.77889199999998,536.8548059999999,1,-0.22244503,0.964966771,0.13912979,0.321424842,-0.718653125,-0.25872536,0.645445229,0.780925159,0.6588296020000001,0.043589765999999995,0.7510281790000001,0.141675001,0.0,0.0,0.0,1.0
25,1790395046503556000,FR_calflower1,1790395046187480086,1790395046724334892,0.588754931,316.075914,220.77889199999998,536.8548059999999,1,-0.26155485300000003,0.964966771,0.020686935,0.317806799,-0.9354948390000001,-0.25872536,0.240647594,0.762738122,0.23756933800000002,0.043589765999999995,0.970391972,0.105705966,0.0,0.0,0.0,1.0
25,1790395046503556000,FR_foot,1790395046187480086,1790395046724334892,0.588754931,316.075914,220.77889199999998,536.8548059999999,1,-0.215213441,0.964966771,0.15007353199999998,0.315515283,-0.685496179,-0.25872536,0.680556277,0.751127034,0.695542001,0.043589765999999995,0.7171618340000001,0.082240063,0.0,0.0,0.0,1.0
25,1790395046503556000,RL_hip,1790395046187480086,1790395046724334892,0.588754931,316.075914,220.77889199999998,536.8548059999999,1,-0.017479627,0.999721095,-0.01587306,0.485743938,-0.261468647,-0.01989344,-0.9650072890000001,0.777586698,-0.965053577,-0.012717955,0.261743548,0.7040896790000001,0.0,0.0,0.0,1.0
25,1790395046503556000,RL_thigh,1790395046187480086,1790395046724334892,0.588754931,316.075914,220.77889199999998,536.8548059999999,1,0.001072895,0.999719975,-0.023634285,0.581215504,0.577751197,-0.01991022,-0.81597047,0.775686909,-0.8162124009999999,-0.01277958,-0.577610454,0.702875138,0.0,0.0,0.0,1.0
25,1790395046503556000,RL_calf,1790395046187480086,1790395046724334892,0.588754931,316.075914,220.77889199999998,536.8548059999999,1,-0.023425359,0.999719902,-0.003336027,0.586259022,-0.7566954779999999,-0.019911315,-0.6534647379999999,0.9494483890000001,-0.653347796,-0.012783583999999999,0.75694985,0.825879956,0.0,0.0,0.0,1.0
25,1790395046503556000,RL_calflower,1790395046187480086,1790395046724334892,0.588754931,316.075914,220.77889199999998,536.8548059999999,1,-0.023229351000000002,0.999719902,-0.004502638,0.586277497,-0.7230901809999999,-0.019911316000000002,-0.690467088,1.031005236,-0.6903630059999999,-0.012783583999999999,0.723350079,0.700815739,0.0,0.0,0.0,1.0
25,1790395046503556000,RL_calflower1,1790395046187480086,1790395046724334892,0.588754931,316.075914,220.77889199999998,536.8548059999999,1,-0.018525092,0.999719902,-0.014720648000000001,0.586688975,-0.322533996,-0.019911316000000002,-0.9463487890000001,1.065845545,-0.9463764840000001,-0.012783583999999999,0.322812588,0.67879096,0.0,0.0,0.0,1.0
25,1790395046503556000,RL_foot,1790395046187480086,1790395046724334892,0.588754931,316.075914,220.77889199999998,536.8548059999999,1,-0.023425359,0.999719902,-0.003336027,0.586961341,-0.7566954779999999,-0.019911315,-0.6534647379999999,1.08859902,-0.653347796,-0.012783583999999999,0.75694985,0.664690133,0.0,0.0,0.0,1.0
25,1790395046503556000,RR_hip,1790395046187480086,1790395046724334892,0.588754931,316.075914,220.77889199999998,536.8548059999999,1,-0.017479627,0.989424767,-0.143989075,0.39321949799999995,-0.261468647,-0.143523049,-0.954482033,0.78694026,-0.965053577,0.020964359,0.261212417,0.7032313379999999,0.0,0.0,0.0,1.0
25,1790395046503556000,RR_thigh,1790395046187480086,1790395046724334892,0.588754931,316.075914,220.77889199999998,536.8548059999999,1,0.10469921900000001,0.98942588,-0.100370621,0.298729913,0.6063771929999999,-0.143506542,-0.782120989,0.800646642,-0.788254493,0.021024721,-0.614989962,0.7012292520000001,0.0,0.0,0.0,1.0
25,1790395046503556000,RR_calf,1790395046187480086,1790395046724334892,0.588754931,316.075914,220.77889199999998,536.8548059999999,1,-0.08634304400000001,0.989425599,-0.11654021699999999,0.32008173100000004,-0.699187896,-0.143510678,-0.70038678,0.967111465,-0.709705017,0.021009702,0.7041855,0.832120523,0.0,0.0,0.0,1.0
25,1790395046503556000,RR_calflower,1790395046187480086,1790395046724334892,0.588754931,316.075914,220.77889199999998,536.8548059999999,1,-0.080410555,0.989425599,-0.120709926,0.335600127,-0.663309343,-0.143510678,-0.734456309,1.056744607,-0.7440126770000001,0.021009702999999998,0.667834985,0.71375855,0.0,0.0,0.0,1.0
25,1790395046503556000,RR_calflower1,1790395046187480086,1790395046724334892,0.588754931,316.075914,220.77889199999998,536.8548059999999,1,-0.015582424,0.989425599,-0.144201011,0.34123055399999996,-0.24919539100000002,-0.143510678,-0.9577614590000001,1.092740014,-0.968327755,0.021009702,0.24879668,0.694493661,0.0,0.0,0.0,1.0
25,1790395046503556000,RR_foot,1790395046187480086,1790395046724334892,0.588754931,316.075914,220.77889199999998,536.8548059999999,1,-0.08634304400000001,0.989425599,-0.11654021699999999,0.34489866399999997,-0.699187896,-0.143510678,-0.70038678,1.116227171,-0.709705017,0.021009702,0.7041855,0.6821943290000001,0.0,0.0,0.0,1.0
26,1790395046571556000,FL_hip,1790395046187480086,1790395046724334892,0.715418601,384.075914,152.77889199999998,536.8548059999999,1,-0.014834439,0.9998622890000001,0.007423525,0.49359559299999994,-0.244804529,0.003566673,-0.96956624,0.682834655,-0.9694588590000001,-0.016200583,0.244717981,0.322035206,0.0,0.0,0.0,1.0
26,1790395046571556000,FL_thigh,1790395046187480086,1790395046724334892,0.715418601,384.075914,152.77889199999998,536.8548059999999,1,-0.011679267,0.9998617390000001,0.011826373000000001,0.589082405,-0.544629906,0.003558151,-0.838669349,0.6831752729999999,-0.83859513,-0.01623634,0.54451301,0.320488051,0.0,0.0,0.0,1.0
26,1790395046571556000,FL_calf,1790395046187480086,1790395046724334892,0.715418601,384.075914,152.77889199999998,536.8548059999999,1,0.012028467,0.99986177,0.011468333999999998,0.58656949,-0.8289971070000001,0.0035586,0.5592421710000001,0.861192689,0.559124011,-0.016234341,0.8289249759999999,0.20493273899999997,0.0,0.0,0.0,1.0
26,1790395046571556000,FL_calflower,1790395046187480086,1790395046724334892,0.715418601,384.075914,152.77889199999998,536.8548059999999,1,0.011440256999999999,0.99986177,0.012055175,0.585112732,-0.855911535,0.0035586,0.517110677,0.762166288,0.51699627,-0.016234341,0.8558335890000001,0.09377722699999999,0.0,0.0,0.0,1.0
26,1790395046571556000,FL_calflower1,1790395046187480086,1790395046724334892,0.715418601,384.075914,152.77889199999998,536.8548059999999,1,0.004580621,0.99986177,0.015975751,0.584516551,-0.997980128,0.0035586,0.063432422,0.750082246,0.063366937,-0.016234342,0.9978581590000001,0.054496928,0.0,0.0,0.0,1.0
26,1790395046571556000,FL_foot,1790395046187480086,1790395046724334892,0.715418601,384.075914,152.77889199999998,536.8548059999999,1,0.012028467,0.99986177,0.011468333999999998,0.5841274329999999,-0.8289971070000001,0.0035586,0.5592421710000001,0.7424628459999999,0.559124011,-0.016234341,0.8289249759999999,0.028917752,0.0,0.0,0.0,1.0
26,1790395046571556000,FR_hip,1790395046187480086,1790395046724334892,0.715418601,384.075914,152.77889199999998,536.8548059999999,1,-0.014834439,0.9541033109999999,-0.299109642,0.401232762,-0.244804529,-0.293503998,-0.9240816079999999,0.6936229309999999,-0.9694588590000001,0.0595149,0.23792294100000003,0.320724327,0.0,0.0,0.0,1.0
26,1790395046571556000,FR_thigh,1790395046187480086,1790395046724334892,0.715418601,384.075914,152.77889199999998,536.8548059999999,1,-0.064186377,0.95413135,-0.292426475,0.310428525,-0.402776498,-0.2928721,-0.867178008,0.721565067,-0.913044918,0.062121234000000004,0.40310018299999995,0.315057965,0.0,0.0,0.0,1.0
26,1790395046571556000,FR_calf,1790395046187480086,1790395046724334892,0.715418601,384.075914,152.77889199999998,536.8548059999999,1,-0.242035025,0.953907127,0.17742605600000003,0.372513766,-0.654133569,-0.295480292,0.696276771,0.9051929809999999,0.716609235,0.052462767,0.69549888,0.22955592,0.0,0.0,0.0,1.0
26,1790395046571556000,FR_calflower,1790395046187480086,1790395046724334892,0.715418601,384.075914,152.77889199999998,536.8548059999999,1,-0.250600151,0.953907127,0.16510761,0.341056194,-0.6881154070000001,-0.295480292,0.662713555,0.7913091740000001,0.680953204,0.052462767,0.730445221,0.14230901599999998,0.0,0.0,0.0,1.0
26,1790395046571556000,FR_calflower1,1790395046187480086,1790395046724334892,0.715418601,384.075914,152.77889199999998,536.8548059999999,1,-0.298524318,0.953907127,0.03072768,0.33673108399999996,-0.916382191,-0.295480292,0.270066192,0.7720602320000001,0.266697642,0.052462767,0.9623512120000001,0.10683612099999999,0.0,0.0,0.0,1.0
26,1790395046571556000,FR_foot,1790395046187480086,1790395046724334892,0.715418601,384.075914,152.77889199999998,536.8548059999999,1,-0.242035025,0.953907127,0.17742605600000003,0.33398860399999997,-0.654133569,-0.295480292,0.696276771,0.759754212,0.716609235,0.052462767,0.69549888,0.083685727,0.0,0.0,0.0,1.0
26,1790395046571556000,RL_hip,1790395046187480086,1790395046724334892,0.715418601,384.075914,152.77889199999998,536.8548059999999,1,-0.014834439,0.9993124259999999,-0.033976188,0.499333554,-0.244804529,-0.036575506,-0.96888268,0.777525047,-0.9694588590000001,-0.006055601999999999,0.24517887100000002,0.697021893,0.0,0.0,0.0,1.0
26,1790395046571556000,RL_thigh,1790395046187480086,1790395046724334892,0.715418601,384.075914,152.77889199999998,536.8548059999999,1,0.016546684,0.999311622,-0.033200236,0.594766379,0.5870242960000001,-0.036588814,-0.808742485,0.774032139,-0.809400371,-0.006107635,-0.58722531,0.6964435920000001,0.0,0.0,0.0,1.0
26,1790395046571556000,RL_calf,1790395046187480086,1790395046724334892,0.715418601,384.075914,152.77889199999998,536.8548059999999,1,-0.031466882,0.9993115690000001,-0.019646606,0.601845565,-0.748840512,-0.036589689,-0.661739944,0.946260675,-0.662002918,-0.006111015,0.7494762309999999,0.821500087,0.0,0.0,0.0,1.0
26,1790395046571556000,RL_calflower,1790395046187480086,1790395046724334892,0.715418601,384.075914,152.77889199999998,536.8548059999999,1,-0.030445636,0.9993115690000001,-0.021194742000000003,0.604117775,-0.7148314440000001,-0.03658969,-0.698339369,1.029202556,-0.6986337859999999,-0.0061110140000000005,0.715453225,0.6973635570000001,0.0,0.0,0.0,1.0
26,1790395046571556000,RL_calflower1,1790395046187480086,1790395046724334892,0.715418601,384.075914,152.77889199999998,536.8548059999999,1,-0.017217833999999998,0.9993115690000001,-0.032858789,0.605269092,-0.311573284,-0.03658969,-0.9495177490000001,1.064276589,-0.9500660209999999,-0.0061110140000000005,0.311988845,0.6757363470000001,0.0,0.0,0.0,1.0
26,1790395046571556000,RL_foot,1790395046187480086,1790395046724334892,0.715418601,384.075914,152.77889199999998,536.8548059999999,1,-0.031466882,0.9993115690000001,-0.019646606,0.606022621,-0.748840512,-0.036589689,-0.661739944,1.087179477,-0.662002918,-0.006111015,0.7494762309999999,0.661895174,0.0,0.0,0.0,1.0
26,1790395046571556000,RR_hip,1790395046187480086,1790395046724334892,0.715418601,384.075914,152.77889199999998,536.8548059999999,1,-0.014834439,0.9870829640000001,-0.159520932,0.406970723,-0.244804529,-0.158268411,-0.956568097,0.788313323,-0.9694588590000001,0.024861012999999998,0.243990326,0.695711014,0.0,0.0,0.0,1.0
26,1790395046571556000,RR_thigh,1790395046187480086,1790395046724334892,0.715418601,384.075914,152.77889199999998,536.8548059999999,1,0.117609485,0.9870837920000001,-0.108781266,0.31270470300000003,0.610236853,-0.15825523800000002,-0.77625185,0.8034278909999999,-0.783440716,0.02491196,-0.620966881,0.6933367979999999,0.0,0.0,0.0,1.0
26,1790395046571556000,RR_calf,1790395046187480086,1790395046724334892,0.715418601,384.075914,152.77889199999998,536.8548059999999,1,-0.092723649,0.987083577,-0.13064495199999998,0.33585123200000006,-0.6911065390000001,-0.158258571,-0.705213902,0.96866432,-0.71678039,0.024899291,0.6968541640000001,0.825515728,0.0,0.0,0.0,1.0
26,1790395046571556000,RR_calflower,1790395046187480086,1790395046724334892,0.715418601,384.075914,152.77889199999998,536.8548059999999,1,-0.086078242,0.987083577,-0.135115931,0.353329158,-0.6549968310000001,-0.158258571,-0.7388734990000001,1.0591793379999999,-0.750712794,0.024899292000000003,0.660159189,0.708088565,0.0,0.0,0.0,1.0
26,1790395046571556000,RR_calflower1,1790395046187480086,1790395046724334892,0.715418601,384.075914,152.77889199999998,536.8548059999999,1,-0.013957241,0.987083577,-0.159596285,0.359592585,-0.239782469,-0.158258571,-0.9578409390000001,1.0952707720000001,-0.970726203,0.024899292000000003,0.238894314,0.689196169,0.0,0.0,0.0,1.0
26,1790395046571556000,RR_foot,1790395046187480086,1790395046724334892,0.715418601,384.075914,152.77889199999998,536.8548059999999,1,-0.092723649,0.987083577,-0.13064495199999998,0.363672254,-0.6911065390000001,-0.158258571,-0.705213902,1.11881811,-0.71678039,0.024899291,0.6968541640000001,0.677139862,0.0,0.0,0.0,1.0
27,1790395046639556000,FL_hip,1790395046187480086,1790395046724334892,0.842082271,452.07591399999995,84.778892,536.8548059999999,1,-0.024681737000000002,0.999600023,0.013797311000000001,0.5026834179999999,-0.252712194,0.007114698000000001,-0.967515683,0.685261696,-0.967226528,-0.027367013,0.252435592,0.32632097600000004,0.0,0.0,0.0,1.0
27,1790395046639556000,FL_thigh,1790395046187480086,1790395046724334892,0.842082271,452.07591399999995,84.778892,536.8548059999999,1,-0.019421222,0.9995994229999999,0.020580796999999998,0.598145195,-0.5316232329999999,0.007109125,-0.846951514,0.68594115,-0.846758213,-0.027390359,0.531272185,0.323707427,0.0,0.0,0.0,1.0
27,1790395046639556000,FL_calf,1790395046187480086,1790395046724334892,0.842082271,452.07591399999995,84.778892,536.8548059999999,1,0.020942472,0.9995994570000001,0.019028883,0.59376994,-0.8367880209999999,0.00710941,0.547481445,0.865937528,0.54712684,-0.027389052,0.836601397,0.210824675,0.0,0.0,0.0,1.0
27,1790395046639556000,FL_calflower,1790395046187480086,1790395046724334892,0.842082271,452.07591399999995,84.778892,536.8548059999999,1,0.019965251,0.9995994570000001,0.020051789,0.59137428,-0.863104922,0.0071094090000000006,0.504975266,0.768384568,0.504630432,-0.027389052999999997,0.862900808,0.09817401199999999,0.0,0.0,0.0,1.0
27,1790395046639556000,FL_calflower1,1790395046187480086,1790395046724334892,0.842082271,452.07591399999995,84.778892,536.8548059999999,1,0.008449578000000001,0.9995994570000001,0.027005373,0.590373637,-0.998756746,0.0071094090000000006,0.049346617,0.756843617,0.049135005999999995,-0.027389052999999997,0.9984164609999999,0.058691988,0.0,0.0,0.0,1.0
27,1790395046639556000,FL_foot,1790395046187480086,1790395046724334892,0.842082271,452.07591399999995,84.778892,536.8548059999999,1,0.020942472,0.9995994570000001,0.019028883,0.589720344,-0.8367880209999999,0.00710941,0.547481445,0.749578119,0.54712684,-0.027389052,0.836601397,0.03298501,0.0,0.0,0.0,1.0
27,1790395046639556000,FR_hip,1790395046187480086,1790395046724334892,0.842082271,452.07591399999995,84.778892,536.8548059999999,1,-0.024681737000000002,0.948683741,-0.31526136899999996,0.410274211,-0.252712194,-0.311036009,-0.91618438,0.695720947,-0.967226528,0.057057116,0.247421031,0.325946363,0.0,0.0,0.0,1.0
27,1790395046639556000,FR_thigh,1790395046187480086,1790395046724334892,0.842082271,452.07591399999995,84.778892,536.8548059999999,1,-0.071982162,0.948716426,-0.307823765,0.319878964,-0.39324372799999996,-0.310619394,-0.865376006,0.725367013,-0.916612106,0.058757875,0.395435959,0.320507322,0.0,0.0,0.0,1.0
27,1790395046639556000,FR_calf,1790395046187480086,1790395046724334892,0.842082271,452.07591399999995,84.778892,536.8548059999999,1,-0.241946415,0.948487339,0.20453229399999998,0.38531293899999997,-0.607377146,-0.312436447,0.730395193,0.908987158,0.756673886,0.052488005,0.651682037,0.23651613600000002,0.0,0.0,0.0,1.0
27,1790395046639556000,FR_calflower,1790395046187480086,1790395046724334892,0.842082271,452.07591399999995,84.778892,536.8548059999999,1,-0.25186639899999996,0.948487339,0.192184401,0.34998813799999995,-0.643122627,-0.312436447,0.699126184,0.7902308990000001,0.7231577140000001,0.052488005,0.6886855359999999,0.156052317,0.0,0.0,0.0,1.0
27,1790395046639556000,FR_calflower1,1790395046187480086,1790395046724334892,0.842082271,452.07591399999995,84.778892,536.8548059999999,1,-0.31215097199999997,0.948487339,0.05415993,0.34467733700000003,-0.8932884179999999,-0.312436447,0.323140739,0.768953588,0.32341658100000004,0.052488005,0.944799747,0.121631158,0.0,0.0,0.0,1.0
27,1790395046639556000,FR_foot,1790395046187480086,1790395046724334892,0.842082271,452.07591399999995,84.778892,536.8548059999999,1,-0.241946415,0.948487339,0.20453229399999998,0.34129713,-0.607377146,-0.312436447,0.730395193,0.755323362,0.756673886,0.052488005,0.651682037,0.09915098900000001,0.0,0.0,0.0,1.0
27,1790395046639556000,RL_hip,1790395046187480086,1790395046724334892,0.842082271,452.07591399999995,84.778892,536.8548059999999,1,-0.024681737000000002,0.99926221,-0.029421193999999998,0.512230313,-0.252712194,-0.034710784,-0.9669190129999999,0.783010773,-0.967226528,-0.016430438999999998,0.253382561,0.700444197,0.0,0.0,0.0,1.0
27,1790395046639556000,RL_thigh,1790395046187480086,1790395046724334892,0.842082271,452.07591399999995,84.778892,536.8548059999999,1,0.006549233000000001,0.999261339,-0.037863493,0.607658867,0.576082502,-0.034719814,-0.8166542440000001,0.779695925,-0.817365482,-0.016464329,-0.575884045,0.698875107,0.0,0.0,0.0,1.0
27,1790395046639556000,RL_calf,1790395046187480086,1790395046724334892,0.842082271,452.07591399999995,84.778892,536.8548059999999,1,-0.037068183,0.9992612820000001,-0.010129181999999999,0.615728619,-0.757990127,-0.034720412,-0.651341792,0.953621194,-0.651211995,-0.016466529,0.7587170940000001,0.8215238779999999,0.0,0.0,0.0,1.0
27,1790395046639556000,RL_calflower,1790395046187480086,1790395046724334892,0.842082271,452.07591399999995,84.778892,536.8548059999999,1,-0.036515609,0.9992612820000001,-0.011969161,0.616482581,-0.724489315,-0.034720412,-0.6884115009999999,1.0348478429999999,-0.6883182,-0.016466529,0.72522186,0.696226663,0.0,0.0,0.0,1.0
27,1790395046639556000,RL_calflower1,1790395046187480086,1790395046724334892,0.842082271,452.07591399999995,84.778892,536.8548059999999,1,-0.026862051,0.9992612820000001,-0.027478732000000002,0.617325945,-0.32472424899999996,-0.034720412,-0.945171585,1.0696240940000001,-0.9454271009999999,-0.016466529,0.325417098,0.67410402,0.0,0.0,0.0,1.0
27,1790395046639556000,RL_foot,1790395046187480086,1790395046724334892,0.842082271,452.07591399999995,84.778892,536.8548059999999,1,-0.037068183,0.9992612820000001,-0.010129181999999999,0.617881428,-0.757990127,-0.034720412,-0.651341792,1.092336427,-0.651211995,-0.016466529,0.7587170940000001,0.659939295,0.0,0.0,0.0,1.0
27,1790395046639556000,RR_hip,1790395046187480086,1790395046724334892,0.842082271,452.07591399999995,84.778892,536.8548059999999,1,-0.024681737000000002,0.987975888,-0.152624426,0.419821106,-0.252712194,-0.153878488,-0.955227003,0.7934700240000001,-0.967226528,0.014993113,0.253471671,0.7000695840000001,0.0,0.0,0.0,1.0
27,1790395046639556000,RR_thigh,1790395046187480086,1790395046724334892,0.842082271,452.07591399999995,84.778892,536.8548059999999,1,0.104992849,0.9879767840000001,-0.11348187300000001,0.325469673,0.596433278,-0.153869502,-0.7877767390000001,0.808165378,-0.795766423,0.01502628,-0.6054170870000001,0.698637746,0.0,0.0,0.0,1.0
27,1790395046639556000,RR_calf,1790395046187480086,1790395046724334892,0.842082271,452.07591399999995,84.778892,536.8548059999999,1,-0.098708584,0.987976552,-0.118990366,0.349625311,-0.7025701240000001,-0.153871795,-0.694780081,0.9758924,-0.704735337,0.015018038999999999,0.7093112159999999,0.8275357240000001,0.0,0.0,0.0,1.0
27,1790395046639556000,RR_calflower,1790395046187480086,1790395046724334892,0.842082271,452.07591399999995,84.778892,536.8548059999999,1,-0.092638184,0.987976552,-0.123775032,0.365260126,-0.6669675629999999,-0.153871795,-0.729025658,1.064646202,-0.739305386,0.015018038999999999,0.673202675,0.70849121,0.0,0.0,0.0,1.0
27,1790395046639556000,RR_calflower1,1790395046187480086,1790395046724334892,0.842082271,452.07591399999995,84.778892,536.8548059999999,1,-0.025012867,0.987976552,-0.152566209,0.37113629200000003,-0.254947975,-0.153871795,-0.954633788,1.1004681459999999,-0.9666311,0.015018038999999999,0.255731523,0.688960734,0.0,0.0,0.0,1.0
27,1790395046639556000,RR_foot,1790395046187480086,1790395046724334892,0.842082271,452.07591399999995,84.778892,536.8548059999999,1,-0.098708584,0.987976552,-0.118990366,0.374966656,-0.7025701240000001,-0.153871795,-0.694780081,1.123843839,-0.704735337,0.015018038999999999,0.7093112159999999,0.676488187,0.0,0.0,0.0,1.0
28,1790395046703558000,FL_hip,1790395046187480086,1790395046724334892,0.961298862,516.077914,20.776892,536.8548059999999,1,-0.036545262,0.998677603,0.036155696,0.501653052,-0.24615716399999998,0.026069207999999996,-0.968879622,0.6854721559999999,-0.9685405990000001,-0.044308232999999995,0.24487901899999998,0.329082964,0.0,0.0,0.0,1.0
28,1790395046703558000,FL_thigh,1790395046187480086,1790395046724334892,0.961298862,516.077914,20.776892,536.8548059999999,1,-0.025009114,0.998677351,0.04492036,0.597026756,-0.506775349,0.026067742,-0.8616843359999999,0.6879617659999999,-0.861715263,-0.044314782000000004,0.505453114,0.324851528,0.0,0.0,0.0,1.0
28,1790395046703558000,FL_calf,1790395046187480086,1790395046724334892,0.961298862,516.077914,20.776892,536.8548059999999,1,0.045413124000000006,0.998677365,0.024102156,0.587464484,-0.85133958,0.026067813999999998,0.523967618,0.87138637,0.522646286,-0.044314415,0.85139705,0.217266099,0.0,0.0,0.0,1.0
28,1790395046703558000,FL_calflower,1790395046187480086,1790395046724334892,0.961298862,516.077914,20.776892,536.8548059999999,1,0.044151763,0.998677365,0.026341745,0.584806134,-0.8764630929999999,0.026067813,0.48076355,0.776870238,0.47944099700000004,-0.044314415,0.876454453,0.10177569800000001,0.0,0.0,0.0,1.0
28,1790395046703558000,FL_calflower1,1790395046187480086,1790395046724334892,0.961298862,516.077914,20.776892,536.8548059999999,1,0.02699832,0.998677365,0.043753359000000006,0.5833115,-0.999424909,0.026067813999999998,0.021702423,0.766411567,0.020533315,-0.044314415999999995,0.998806518,0.061945676,0.0,0.0,0.0,1.0
28,1790395046703558000,FL_foot,1790395046187480086,1790395046724334892,0.961298862,516.077914,20.776892,536.8548059999999,1,0.045413124000000006,0.998677365,0.024102156,0.58233215,-0.85133958,0.026067813999999998,0.523967618,0.7598509459999999,0.522646286,-0.044314415,0.85139705,0.036019226,0.0,0.0,0.0,1.0
28,1790395046703558000,FR_hip,1790395046187480086,1790395046724334892,0.961298862,516.077914,20.776892,536.8548059999999,1,-0.036545262,0.9484478,-0.314818931,0.409073979,-0.24615716399999998,-0.313866317,-0.9170034140000001,0.6942185359999999,-0.9685405990000001,0.043982560999999996,0.244937722,0.330353296,0.0,0.0,0.0,1.0
28,1790395046703558000,FR_thigh,1790395046187480086,1790395046724334892,0.961298862,516.077914,20.776892,536.8548059999999,1,-0.07956798799999999,0.948462166,-0.30673800100000004,0.318554512,-0.371599731,-0.31375569,-0.8737686659999999,0.724177218,-0.9249769640000001,0.0444595,0.377413321,0.326154752,0.0,0.0,0.0,1.0
28,1790395046703558000,FR_calf,1790395046187480086,1790395046724334892,0.961298862,516.077914,20.776892,536.8548059999999,1,-0.22644471600000002,0.948372746,0.222062313,0.38385584799999994,-0.576666541,-0.314268662,0.754116426,0.910091513,0.784970629,0.04270953,0.61805894,0.24582989800000002,0.0,0.0,0.0,1.0
28,1790395046703558000,FR_calflower,1790395046187480086,1790395046724334892,0.961298862,516.077914,20.776892,536.8548059999999,1,-0.23726020899999997,0.948372746,0.21046727399999998,0.346401501,-0.61363597,-0.314268662,0.724352663,0.787366766,0.753099548,0.042709530999999995,0.656518707,0.17029254,0.0,0.0,0.0,1.0
28,1790395046703558000,FR_calflower1,1790395046187480086,1790395046724334892,0.961298862,516.077914,20.776892,536.8548059999999,1,-0.307638005,0.948372746,0.07712158,0.340316795,-0.878782965,-0.314268662,0.359132822,0.764601117,0.36482880799999995,0.042709530999999995,0.930094448,0.136601029,0.0,0.0,0.0,1.0
28,1790395046703558000,FR_foot,1790395046187480086,1790395046724334892,0.961298862,516.077914,20.776892,536.8548059999999,1,-0.22644471600000002,0.948372746,0.222062313,0.336432391,-0.576666541,-0.314268662,0.754116426,0.750000752,0.784970629,0.04270953,0.61805894,0.114584983,0.0,0.0,0.0,1.0
28,1790395046703558000,RL_hip,1790395046187480086,1790395046724334892,0.961298862,516.077914,20.776892,536.8548059999999,1,-0.036545262,0.999293469,-0.00876079,0.515788759,-0.24615716399999998,-0.017497985,-0.969072312,0.780685748,-0.9685405990000001,-0.033258756,0.24662280600000003,0.7037144679999999,0.0,0.0,0.0,1.0
28,1790395046703558000,RL_thigh,1790395046187480086,1790395046724334892,0.961298862,516.077914,20.776892,536.8548059999999,1,-0.017044951000000003,0.99929311,-0.033503662000000003,0.61122101,0.577847398,-0.017500463,-0.8159575929999999,0.779014694,-0.815966986,-0.033268246,-0.577140319,0.7005382659999999,0.0,0.0,0.0,1.0
28,1790395046703558000,RL_calf,1790395046187480086,1790395046724334892,0.961298862,516.077914,20.776892,536.8548059999999,1,-0.034972552000000004,0.9992930870000001,0.013783798,0.618358682,-0.75734234,-0.017500628,-0.652784025,0.9528075309999999,-0.652081015,-0.033268862,0.757418892,0.8234650309999999,0.0,0.0,0.0,1.0
28,1790395046703558000,RL_calflower,1790395046187480086,1790395046724334892,0.961298862,516.077914,20.776892,536.8548059999999,1,-0.035617748,0.9992930870000001,0.012018672,0.61561831,-0.7237702559999999,-0.017500628,-0.6898195559999999,1.03426928,-0.68912125,-0.033268862,0.723881848,0.698330212,0.0,0.0,0.0,1.0
28,1790395046703558000,RL_calflower1,1790395046187480086,1790395046724334892,0.961298862,516.077914,20.776892,536.8548059999999,1,-0.037142734,0.9992930870000001,-0.0057870330000000005,0.615493625,-0.323436237,-0.017500628,-0.9460884759999999,1.069098331,-0.945520613,-0.033268862,0.323857682,0.676266998,0.0,0.0,0.0,1.0
28,1790395046703558000,RL_foot,1790395046187480086,1790395046724334892,0.961298862,516.077914,20.776892,536.8548059999999,1,-0.034972552000000004,0.9992930870000001,0.013783798,0.615421625,-0.75734234,-0.017500628,-0.652784025,1.091844717,-0.652081015,-0.033268862,0.757418892,0.662140995,0.0,0.0,0.0,1.0
28,1790395046703558000,RR_hip,1790395046187480086,1790395046724334892,0.961298862,516.077914,20.776892,536.8548059999999,1,-0.036545262,0.9908548970000001,-0.1298875,0.42320968600000003,-0.24615716399999998,-0.13489507,-0.95979719,0.789432128,-0.9685405990000001,-0.0031035740000000004,0.24883593199999998,0.7049848,0.0,0.0,0.0,1.0
28,1790395046703558000,RR_thigh,1790395046187480086,1790395046724334892,0.961298862,516.077914,20.776892,536.8548059999999,1,0.078722582,0.9908552629999999,-0.109582605,0.328583117,0.596577249,-0.134892589,-0.7911385790000001,0.802314596,-0.7986855979999999,-0.00309429,-0.601740464,0.705281191,0.0,0.0,0.0,1.0
28,1790395046703558000,RR_calf,1790395046187480086,1790395046724334892,0.961298862,516.077914,20.776892,536.8548059999999,1,-0.09807078300000001,0.990855169,-0.092670924,0.351919825,-0.704236677,-0.134893228,-0.697033138,0.970807675,-0.703159221,-0.003096595,0.7110255740000001,0.833436277,0.0,0.0,0.0,1.0
28,1790395046703558000,RR_calflower,1790395046187480086,1790395046724334892,0.961298862,516.077914,20.776892,536.8548059999999,1,-0.093316604,0.990855169,-0.097456606,0.36367351600000003,-0.668519427,-0.134893228,-0.731359192,1.0598775759999999,-0.737816922,-0.003096595,0.674993664,0.714149186,0.0,0.0,0.0,1.0
28,1790395046703558000,RR_calflower1,1790395046187480086,1790395046724334892,0.961298862,516.077914,20.776892,536.8548059999999,1,-0.037767922999999995,0.990855169,-0.129535179,0.368504674,-0.25524689300000003,-0.134893228,-0.95742024,1.095814676,-0.966137881,-0.003096595,0.25800746199999997,0.6945288820000001,0.0,0.0,0.0,1.0
28,1790395046703558000,RR_foot,1790395046187480086,1790395046724334892,0.961298862,516.077914,20.776892,536.8548059999999,1,-0.09807078300000001,0.990855169,-0.092670924,0.37165809,-0.704236677,-0.134893228,-0.697033138,1.119265395,-0.703159221,-0.003096595,0.7110255740000001,0.681997795,0.0,0.0,0.0,1.0
29,1790395046771557000,FL_hip,1790395046756372051,1790395046823612245,0.225831428,15.184949,52.055245,67.24019399999999,0,-0.042834027000000004,0.9990759640000001,0.003493896,0.491581737,-0.23309693899999998,-0.006592896,-0.9724315040000001,0.6835093040000001,-0.9715095779999999,-0.042467857000000005,0.23316403100000002,0.33161182899999997,0.0,0.0,0.0,1.0
29,1790395046771557000,FL_thigh,1790395046756372051,1790395046823612245,0.225831428,15.184949,52.055245,67.24019399999999,0,-0.0401856,0.999081387,0.014874261000000001,0.586946625,-0.48653904,-0.006563121,-0.873634573,0.682880617,-0.87273408,-0.042344722,0.48635583200000004,0.327557991,0.0,0.0,0.0,1.0
29,1790395046771557000,FL_calf,1790395046756372051,1790395046823612245,0.225831428,15.184949,52.055245,67.24019399999999,0,0.015902111,0.9990786220000001,0.039859425,0.583784526,-0.8610827790000001,-0.00657837,0.5084229060000001,0.8688604790000001,0.508216648,-0.042407545,0.8601844470000001,0.223991047,0.0,0.0,0.0,1.0
29,1790395046771557000,FL_calflower,1790395046756372051,1790395046823612245,0.225831428,15.184949,52.055245,67.24019399999999,0,0.013890096999999999,0.9990786220000001,0.040604386,0.57821215,-0.885417204,-0.00657837,0.464751308,0.776422504,0.464590205,-0.042407546,0.884509687,0.106841499,0.0,0.0,0.0,1.0
29,1790395046771557000,FL_calflower1,1790395046756372051,1790395046823612245,0.225831428,15.184949,52.055245,67.24019399999999,0,-0.006429815,0.9990786220000001,0.042430040999999995,0.5764516439999999,-0.999973041,-0.00657837,0.003364824,0.7666866590000001,0.0036409990000000002,-0.042407546,0.999093683,0.066815421,0.0,0.0,0.0,1.0
29,1790395046771557000,FL_foot,1790395046756372051,1790395046823612245,0.225831428,15.184949,52.055245,67.24019399999999,0,0.015902111,0.9990786220000001,0.039859425,0.575307483,-0.8610827790000001,-0.00657837,0.5084229060000001,0.7605966129999999,0.508216648,-0.042407545,0.8601844470000001,0.040765554,0.0,0.0,0.0,1.0
29,1790395046771557000,FR_hip,1790395046756372051,1790395046823612245,0.225831428,15.184949,52.055245,67.24019399999999,0,-0.042834027000000004,0.9633163570000001,-0.26492751,0.399047616,-0.23309693899999998,-0.26748866,-0.934941877,0.6926109,-0.9715095779999999,0.021706215,0.236003865,0.33350793,0.0,0.0,0.0,1.0
29,1790395046771557000,FR_thigh,1790395046756372051,1790395046823612245,0.225831428,15.184949,52.055245,67.24019399999999,0,-0.082535919,0.9633814829999999,-0.25511504,0.30717202,-0.378345428,-0.26711359,-0.8862876209999999,0.718125256,-0.9219774270000001,0.023370792999999997,0.386537545,0.331437039,0.0,0.0,0.0,1.0
29,1790395046771557000,FR_calf,1790395046756372051,1790395046823612245,0.225831428,15.184949,52.055245,67.24019399999999,0,-0.193335562,0.963185513,0.186801423,0.36140627399999997,-0.641344459,-0.26815219100000004,0.71886881,0.9062127109999999,0.7424951759999999,0.019178598,0.669576686,0.249361974,0.0,0.0,0.0,1.0
29,1790395046771557000,FR_calflower,1790395046756372051,1790395046823612245,0.225831428,15.184949,52.055245,67.24019399999999,0,-0.20243012300000002,0.963185513,0.17690521899999997,0.329772832,-0.676471411,-0.26815219100000004,0.685916548,0.78778504,0.708102364,0.019178598,0.705849182,0.165544732,0.0,0.0,0.0,1.0
29,1790395046771557000,FR_calflower1,1790395046756372051,1790395046823612245,0.225831428,15.184949,52.055245,67.24019399999999,0,-0.261245638,0.963185513,0.063436015,0.32464552,-0.916768685,-0.26815219100000004,0.296024086,0.76725053,0.302136749,0.019178598,0.953071566,0.13041323300000002,0.0,0.0,0.0,1.0
29,1790395046771557000,FR_foot,1790395046756372051,1790395046823612245,0.225831428,15.184949,52.055245,67.24019399999999,0,-0.193335562,0.963185513,0.186801423,0.32137258399999996,-0.641344459,-0.26815219100000004,0.71886881,0.7541108409999999,0.7424951759999999,0.019178598,0.669576686,0.10747566900000001,0.0,0.0,0.0,1.0
29,1790395046771557000,RL_hip,1790395046756372051,1790395046823612245,0.225831428,15.184949,52.055245,67.24019399999999,0,-0.042834027000000004,0.9988350029999999,-0.022217694,0.508149938,-0.23309693899999998,-0.031615471,-0.9719397909999999,0.7736712,-0.9715095779999999,-0.0364535,0.234179688,0.7073917340000001,0.0,0.0,0.0,1.0
29,1790395046771557000,RL_thigh,1790395046756372051,1790395046823612245,0.225831428,15.184949,52.055245,67.24019399999999,0,-0.008073003,0.998852361,-0.047207327,0.603529684,0.631393067,-0.031516137,-0.774822694,0.77065226,-0.77542114,-0.036061806,-0.63041371,0.70391074,0.0,0.0,0.0,1.0
29,1790395046771557000,RL_calf,1790395046756372051,1790395046823612245,0.225831428,15.184949,52.055245,67.24019399999999,0,-0.047729889000000005,0.9988554820000001,0.003053958,0.613495429,-0.704516948,-0.031497242,-0.7089883440000001,0.935401259,-0.708080376,-0.035991781,0.70521388,0.837954395,0.0,0.0,0.0,1.0
29,1790395046771557000,RL_calflower,1790395046756372051,1790395046823612245,0.225831428,15.184949,52.055245,67.24019399999999,0,-0.047822872999999995,0.9988554820000001,0.0006646410000000001,0.612131888,-0.668201837,-0.031497242,-0.743313465,1.026001408,-0.7424414640000001,-0.035991781,0.668943277,0.719701218,0.0,0.0,0.0,1.0
29,1790395046771557000,RL_calflower1,1790395046756372051,1790395046823612245,0.225831428,15.184949,52.055245,67.24019399999999,0,-0.042725563,0.9988554820000001,-0.021494074,0.612585638,-0.249444958,-0.031497242,-0.9678769629999999,1.062323095,-0.9674458840000001,-0.035991781,0.250505284,0.700412605,0.0,0.0,0.0,1.0
29,1790395046771557000,RL_foot,1790395046756372051,1790395046823612245,0.225831428,15.184949,52.055245,67.24019399999999,0,-0.047729889000000005,0.9988554820000001,0.003053958,0.612891314,-0.704516948,-0.031497242,-0.7089883440000001,1.086022555,-0.708080376,-0.035991781,0.70521388,0.6880971459999999,0.0,0.0,0.0,1.0
29,1790395046771557000,RR_hip,1790395046756372051,1790395046823612245,0.225831428,15.184949,52.055245,67.24019399999999,0,-0.042834027000000004,0.9878231009999999,-0.149567747,0.41561581700000005,-0.23309693899999998,-0.155454608,-0.959948103,0.7827727959999999,-0.9715095779999999,-0.0062549269999999995,0.236917412,0.709287835,0.0,0.0,0.0,1.0
29,1790395046771557000,RR_thigh,1790395046756372051,1790395046823612245,0.225831428,15.184949,52.055245,67.24019399999999,0,0.09726131800000001,0.987852483,-0.121191794,0.321312431,0.646050214,-0.15529243,-0.747331293,0.7976130109999999,-0.7570731509999999,-0.005609825,-0.6533059139999999,0.7098850609999999,0.0,0.0,0.0,1.0
29,1790395046771557000,RR_calf,1790395046756372051,1790395046823612245,0.225831428,15.184949,52.055245,67.24019399999999,0,-0.10965650800000001,0.987836339,-0.11024772,0.346970126,-0.6689437779999999,-0.155382086,-0.726891538,0.95658113,-0.7351800490000001,-0.0059591290000000005,0.677845578,0.8488737559999999,0.0,0.0,0.0,1.0
29,1790395046771557000,RR_calflower,1790395046756372051,1790395046823612245,0.225831428,15.184949,52.055245,67.24019399999999,0,-0.10400937699999999,0.987836339,-0.115590481,0.361108861,-0.631778336,-0.155382086,-0.759416368,1.05071161,-0.768139425,-0.0059591290000000005,0.640254759,0.733888986,0.0,0.0,0.0,1.0
29,1790395046771557000,RR_calflower1,1790395046756372051,1790395046823612245,0.225831428,15.184949,52.055245,67.24019399999999,0,-0.038878512000000004,0.98783634,-0.15055753300000002,0.366771055,-0.209701513,-0.155382086,-0.9653405420000001,1.087382243,-0.976992085,-0.0059591290000000005,0.213191931,0.715968237,0.0,0.0,0.0,1.0
29,1790395046771557000,RR_foot,1790395046756372051,1790395046823612245,0.225831428,15.184949,52.055245,67.24019399999999,0,-0.10965650800000001,0.987836339,-0.11024772,0.37046551,-0.6689437779999999,-0.155382086,-0.726891538,1.111299141,-0.7351800490000001,-0.0059591290000000005,0.677845578,0.7045458459999999,0.0,0.0,0.0,1.0
30,1790395046839556000,FL_hip,1790395046823612245,1790395046882165840,0.272293358,15.943755,42.609840000000005,58.553594999999994,0,-0.049739447,0.9973090059999999,-0.053856009,0.474637263,-0.22330077899999998,-0.06366213700000001,-0.972668792,0.6864135929999999,-0.973479608,-0.036354191,0.225866492,0.33084991,0.0,0.0,0.0,1.0
30,1790395046839556000,FL_thigh,1790395046823612245,1790395046882165840,0.272293358,15.943755,42.609840000000005,58.553594999999994,0,-0.06167236,0.997311246,-0.039579469,0.569863033,-0.46143048299999995,-0.06365205,-0.884890394,0.6803350690000001,-0.8850301159999999,-0.036310378,0.464115392,0.32737868800000003,0.0,0.0,0.0,1.0
30,1790395046839556000,FL_calf,1790395046823612245,1790395046882165840,0.272293358,15.943755,42.609840000000005,58.553594999999994,0,-0.038068945,0.9973174690000001,0.06251685400000001,0.578293488,-0.8731509040000001,-0.063623699,0.483280672,0.868778145,0.485961811,-0.036188935,0.873230397,0.228531602,0.0,0.0,0.0,1.0
30,1790395046839556000,FL_calflower,1790395046823612245,1790395046882165840,0.272293358,15.943755,42.609840000000005,58.553594999999994,0,-0.041145909,0.9973174690000001,0.06053607,0.568305148,-0.896213659,-0.063623699,0.43903734,0.779812365,0.441711156,-0.036188935,0.8964270540000001,0.109028612,0.0,0.0,0.0,1.0
30,1790395046839556000,FL_calflower1,1790395046823612245,1790395046882165840,0.272293358,15.943755,42.609840000000005,58.553594999999994,0,-0.064450509,0.9973174690000001,0.034694863,0.56630245,-0.997675267,-0.063623699,-0.024428912999999997,0.7712136740000001,-0.022155792999999997,-0.036188935,0.9990992590000001,0.068760641,0.0,0.0,0.0,1.0
30,1790395046839556000,FL_foot,1790395046823612245,1790395046882165840,0.272293358,15.943755,42.609840000000005,58.553594999999994,0,-0.038068945,0.9973174690000001,0.06251685400000001,0.565014942,-0.8731509040000001,-0.063623699,0.483280672,0.7658631579999999,0.485961811,-0.036188935,0.873230397,0.042559680999999995,0.0,0.0,0.0,1.0
30,1790395046839556000,FR_hip,1790395046823612245,1790395046882165840,0.272293358,15.943755,42.609840000000005,58.553594999999994,0,-0.049739447,0.984288752,-0.16941480399999997,0.382036979,-0.22330077899999998,-0.176290365,-0.9586757290000001,0.694534993,-0.973479608,-0.009853802,0.22856115600000002,0.33371838,0.0,0.0,0.0,1.0
30,1790395046839556000,FR_thigh,1790395046823612245,1790395046882165840,0.272293358,15.943755,42.609840000000005,58.553594999999994,0,-0.09782556099999999,0.9842780459999999,-0.147059931,0.28804766800000003,-0.49681245799999996,-0.17633810100000002,-0.849754635,0.711368833,-0.8623267509999999,-0.010066778,0.506251993,0.334659327,0.0,0.0,0.0,1.0
30,1790395046839556000,FR_calf,1790395046823612245,1790395046882165840,0.272293358,15.943755,42.609840000000005,58.553594999999994,0,-0.137352432,0.984297925,0.11086766599999999,0.319339349,-0.79919929,-0.176248955,0.57464553,0.8922694720000001,0.585162704,-0.009676659,0.8108580759999999,0.22688063100000003,0.0,0.0,0.0,1.0
30,1790395046839556000,FR_calflower,1790395046823612245,1790395046882165840,0.272293358,15.943755,42.609840000000005,58.553594999999994,0,-0.14272185099999998,0.984297925,0.10386435,0.30021442800000003,-0.826920805,-0.176248955,0.533984056,0.791271737,0.54390539,-0.009676659,0.83909066,0.118607936,0.0,0.0,0.0,1.0
30,1790395046839556000,FR_calflower1,1790395046823612245,1790395046882165840,0.272293358,15.943755,42.609840000000005,58.553594999999994,0,-0.17455595100000001,0.984297925,0.026221172,0.297495313,-0.980057273,-0.176248955,0.09178633900000001,0.778184476,0.094966726,-0.009676659,0.995433338,0.07961696900000001,0.0,0.0,0.0,1.0
30,1790395046839556000,FR_foot,1790395046823612245,1790395046882165840,0.272293358,15.943755,42.609840000000005,58.553594999999994,0,-0.137352432,0.984297925,0.11086766599999999,0.295768658,-0.79919929,-0.176248955,0.57464553,0.7699084420000001,0.585162704,-0.009676659,0.8108580759999999,0.054218257,0.0,0.0,0.0,1.0
30,1790395046839556000,RL_hip,1790395046823612245,1790395046882165840,0.272293358,15.943755,42.609840000000005,58.553594999999994,0,-0.049739447,0.997927943,-0.040811076,0.49387648100000003,-0.22330077899999998,-0.05093854900000001,-0.973418055,0.772786335,-0.973479608,-0.039304404,0.225371834,0.7073918220000001,0.0,0.0,0.0,1.0
30,1790395046839556000,RL_thigh,1790395046823612245,1790395046882165840,0.272293358,15.943755,42.609840000000005,58.553594999999994,0,0.010138748000000001,0.997932659,-0.06346139599999999,0.5891748410000001,0.7272442729999999,-0.050917082,-0.684488058,0.767921906,-0.686304171,-0.039212357999999996,-0.7262567190000001,0.7036383970000001,0.0,0.0,0.0,1.0
30,1790395046839556000,RL_calf,1790395046823612245,1790395046882165840,0.272293358,15.943755,42.609840000000005,58.553594999999994,0,-0.061827283,0.997930978,-0.017631973000000002,0.602671334,-0.592734959,-0.050924803,-0.803786425,0.91368192,-0.8030209420000001,-0.039245117999999996,0.5946570729999999,0.858297355,0.0,0.0,0.0,1.0
30,1790395046839556000,RL_calflower,1790395046823612245,1790395046882165840,0.272293358,15.943755,42.609840000000005,58.553594999999994,0,-0.060868784,0.997930978,-0.020700014,0.604048575,-0.551821617,-0.050924803,-0.832406302,1.020772313,-0.8317378409999999,-0.039245117999999996,0.5537795870000001,0.7542384120000001,0.0,0.0,0.0,1.0
30,1790395046839556000,RL_calflower1,1790395046823612245,1790395046882165840,0.272293358,15.943755,42.609840000000005,58.553594999999994,0,-0.044431467,0.997930978,-0.046468744000000006,0.605485315,-0.10507507599999999,-0.050924803,-0.993159895,1.059581535,-0.993471123,-0.039245117999999996,0.107120467,0.74040625,0.0,0.0,0.0,1.0
30,1790395046839556000,RL_foot,1790395046823612245,1790395046882165840,0.272293358,15.943755,42.609840000000005,58.553594999999994,0,-0.061827283,0.997930978,-0.017631973000000002,0.606431268,-0.592734959,-0.050924803,-0.803786425,1.084864469,-0.8030209420000001,-0.039245117999999996,0.5946570729999999,0.7316488109999999,0.0,0.0,0.0,1.0
30,1790395046839556000,RR_hip,1790395046823612245,1790395046882165840,0.272293358,15.943755,42.609840000000005,58.553594999999994,0,-0.049739447,0.982912555,-0.177224808,0.40127619700000006,-0.22330077899999998,-0.183896783,-0.957245747,0.780907735,-0.973479608,-0.008038695,0.22863219199999998,0.7102602920000001,0.0,0.0,0.0,1.0
30,1790395046839556000,RR_thigh,1790395046823612245,1790395046882165840,0.272293358,15.943755,42.609840000000005,58.553594999999994,0,0.126743901,0.982918982,-0.133439105,0.307418675,0.707461804,-0.18386795399999997,-0.6824156029999999,0.7984679440000001,-0.695294368,-0.007911313,-0.718681432,0.7110278879999999,0.0,0.0,0.0,1.0
30,1790395046839556000,RR_calf,1790395046823612245,1790395046882165840,0.272293358,15.943755,42.609840000000005,58.553594999999994,0,-0.12538807,0.982920602,-0.13470210400000002,0.33581141299999995,-0.637761674,-0.18386069100000002,-0.747967899,0.9437925909999999,-0.7599591309999999,-0.007878671,0.64992299,0.864087079,0.0,0.0,0.0,1.0
30,1790395046839556000,RR_calflower,1790395046823612245,1790395046882165840,0.272293358,15.943755,42.609840000000005,58.553594999999994,0,-0.118499069,0.982920602,-0.140800553,0.35324729,-0.599581823,-0.183860692,-0.7789079329999999,1.0416977040000002,-0.7914919909999999,-0.007878671,0.611128629,0.75272898,0.0,0.0,0.0,1.0
30,1790395046839556000,RR_calflower1,1790395046823612245,1790395046882165840,0.272293358,15.943755,42.609840000000005,58.553594999999994,0,-0.040089309,0.982920602,-0.179609778,0.360063221,-0.17214257,-0.18386069100000002,-0.9677617820000001,1.078836381,-0.984255852,-0.00787867,0.17657347199999998,0.7362037790000001,0.0,0.0,0.0,1.0
30,1790395046839556000,RR_foot,1790395046823612245,1790395046882165840,0.272293358,15.943755,42.609840000000005,58.553594999999994,0,-0.12538807,0.982920602,-0.13470210400000002,0.364508861,-0.637761674,-0.18386069100000002,-0.747967899,1.1030486309999998,-0.7599591309999999,-0.007878671,0.64992299,0.7256914059999999,0.0,0.0,0.0,1.0
31,1790395046903560000,FL_hip,1790395046882165840,1790395046956464320,0.287948825,21.39416,52.90432,74.29848,0,-0.024285928999999998,0.994693396,-0.099975029,0.468598894,-0.23265391600000002,-0.102882185,-0.9671029329999999,0.684225904,-0.9722562140000001,-0.000227698,0.233918,0.342577581,0.0,0.0,0.0,1.0
31,1790395046903560000,FL_thigh,1790395046882165840,1790395046956464320,0.287948825,21.39416,52.90432,74.29848,0,-0.045042557999999996,0.9946460979999999,-0.09300576099999999,0.563498526,-0.416376297,-0.103320077,-0.903303057,0.6744090629999999,-0.908075874,-0.001961972,0.41880089,0.34255616200000005,0.0,0.0,0.0,1.0
31,1790395046903560000,FL_calf,1790395046882165840,1790395046956464320,0.287948825,21.39416,52.90432,74.29848,0,-0.089646978,0.994717228,0.050008192,0.583175674,-0.86497156,-0.102648793,0.491210849,0.8659864820000001,0.493749176,0.0007796169999999999,0.8696039170000001,0.253676087,0.0,0.0,0.0,1.0
31,1790395046903560000,FL_calflower,1790395046882165840,1790395046956464320,0.287948825,21.39416,52.90432,74.29848,0,-0.092034311,0.994717228,0.045465213,0.574135352,-0.888440881,-0.102648793,0.447366404,0.77613517,0.449670036,0.0007796169999999999,0.893194312,0.134962639,0.0,0.0,0.0,1.0
31,1790395046903560000,FL_calflower1,1790395046882165840,1790395046956464320,0.287948825,21.39416,52.90432,74.29848,0,-0.102628855,0.994717228,-0.0021721139999999997,0.573280565,-0.99462704,-0.102648793,-0.013451768999999999,0.7671318020000001,-0.013603493999999999,0.0007796169999999999,0.999907078,0.09478145699999999,0.0,0.0,0.0,1.0
31,1790395046903560000,FL_foot,1790395046882165840,1790395046956464320,0.287948825,21.39416,52.90432,74.29848,0,-0.089646978,0.994717228,0.050008192,0.572749431,-0.86497156,-0.102648793,0.491210849,0.7615167629999999,0.493749176,0.0007796169999999999,0.8696039170000001,0.06863492,0.0,0.0,0.0,1.0
31,1790395046903560000,FR_hip,1790395046882165840,1790395046956464320,0.287948825,21.39416,52.90432,74.29848,0,-0.024285928999999998,0.970897441,-0.238260608,0.376313147,-0.23265391600000002,-0.237276094,-0.943171715,0.6957211259999999,-0.9722562140000001,0.032526192,0.23164569899999998,0.342132083,0.0,0.0,0.0,1.0
31,1790395046903560000,FR_thigh,1790395046882165840,1790395046956464320,0.287948825,21.39416,52.90432,74.29848,0,-0.106181038,0.9708967209999999,-0.214673957,0.283593278,-0.548088494,-0.237283073,-0.8020576159999999,0.7183807870000001,-0.829653243,0.032496745,0.557332295,0.33902586,0.0,0.0,0.0,1.0
31,1790395046903560000,FR_calf,1790395046882165840,1790395046956464320,0.287948825,21.39416,52.90432,74.29848,0,-0.215359618,0.9708976840000001,0.104774461,0.329311516,-0.8055302109999999,-0.237273779,0.542975972,0.889200639,0.552034358,0.032535834,0.833186243,0.22032654,0.0,0.0,0.0,1.0
31,1790395046903560000,FR_calflower,1790395046882165840,1790395046956464320,0.287948825,21.39416,52.90432,74.29848,0,-0.220327015,0.9708976840000001,0.093880025,0.309499343,-0.831660996,-0.237273779,0.502037662,0.792730918,0.509702502,0.032535834,0.8597351959999999,0.108056786,0.0,0.0,0.0,1.0
31,1790395046903560000,FR_calflower1,1790395046882165840,1790395046956464320,0.287948825,21.39416,52.90432,74.29848,0,-0.238780784,0.9708976840000001,-0.018471323,0.307947831,-0.9695096190000001,-0.237273779,0.061261129000000004,0.78096607,0.055095722,0.032535835,0.997950755,0.068570792,0.0,0.0,0.0,1.0
31,1790395046903560000,FR_foot,1790395046882165840,1790395046956464320,0.287948825,21.39416,52.90432,74.29848,0,-0.215359618,0.9708976840000001,0.104774461,0.30699688399999997,-0.8055302109999999,-0.237273779,0.542975972,0.77354816,0.552034358,0.032535834,0.833186243,0.042859719000000004,0.0,0.0,0.0,1.0
31,1790395046903560000,RL_hip,1790395046882165840,1790395046956464320,0.287948825,21.39416,52.90432,74.29848,0,-0.024285928999999998,0.995003794,-0.096837022,0.477992691,-0.23265391600000002,-0.09983119,-0.967422638,0.774216438,-0.9722562140000001,-0.000965532,0.23391611899999998,0.718646285,0.0,0.0,0.0,1.0
31,1790395046903560000,RL_thigh,1790395046882165840,1790395046956464320,0.287948825,21.39416,52.90432,74.29848,0,0.072969429,0.99500434,-0.068129219,0.573015214,0.73369687,-0.09982595699999999,-0.6721044209999999,0.764682593,-0.675547802,-0.000943406,-0.737315472,0.7185540770000001,0.0,0.0,0.0,1.0
31,1790395046903560000,RL_calf,1790395046882165840,1790395046956464320,0.287948825,21.39416,52.90432,74.29848,0,-0.060944917,0.995004989,-0.079060436,0.5875204039999999,-0.6001804070000001,-0.099819735,-0.793612104,0.90782005,-0.7975394490000001,-0.000916386,0.603265959,0.875579744,0.0,0.0,0.0,1.0
31,1790395046903560000,RL_calflower,1790395046882165840,1790395046956464320,0.287948825,21.39416,52.90432,74.29848,0,-0.056917377000000005,0.995004989,-0.082007607,0.597999107,-0.559766264,-0.099819735,-0.8226168140000001,1.01319592,-0.826693463,-0.000916386,0.5626516739999999,0.770421578,0.0,0.0,0.0,1.0
31,1790395046903560000,RL_calflower1,1790395046882165840,1790395046956464320,0.287948825,21.39416,52.90432,74.29848,0,-0.012616019,0.995004989,-0.099023591,0.601846141,-0.11664252,-0.099819735,-0.988145341,1.051670764,-0.993093731,-0.000916386,0.11731935199999999,0.756192952,0.0,0.0,0.0,1.0
31,1790395046903560000,RL_foot,1790395046882165840,1790395046956464320,0.287948825,21.39416,52.90432,74.29848,0,-0.060944917,0.995004989,-0.079060436,0.604352884,-0.6001804070000001,-0.099819735,-0.793612104,1.0767389109999999,-0.7975394490000001,-0.000916386,0.603265959,0.747177248,0.0,0.0,0.0,1.0
31,1790395046903560000,RR_hip,1790395046882165840,1790395046956464320,0.287948825,21.39416,52.90432,74.29848,0,-0.024285928999999998,0.9795878,-0.199543731,0.385706944,-0.23265391600000002,-0.199660263,-0.951844844,0.78571166,-0.9722562140000001,0.023307919,0.23275399800000002,0.718200787,0.0,0.0,0.0,1.0
31,1790395046903560000,RR_thigh,1790395046882165840,1790395046956464320,0.287948825,21.39416,52.90432,74.29848,0,0.150574069,0.9795839759999999,-0.133200785,0.292158003,0.652548903,-0.199698185,-0.7309591209999999,0.804778867,-0.7426357090000001,0.023143188,-0.669295469,0.715974922,0.0,0.0,0.0,1.0
31,1790395046903560000,RR_calf,1790395046882165840,1790395046956464320,0.287948825,21.39416,52.90432,74.29848,0,-0.12669356,0.979582877,-0.156095785,0.320511848,-0.7024181909999999,-0.19970966,-0.683173045,0.96021588,-0.700398101,0.023090619,0.7133786879999999,0.8583156470000001,0.0,0.0,0.0,1.0
31,1790395046903560000,RR_calflower,1790395046882165840,1790395046956464320,0.287948825,21.39416,52.90432,74.29848,0,-0.118733688,0.979582877,-0.162232745,0.34100255799999996,-0.66739593,-0.19970966,-0.7174255340000001,1.047048864,-0.73517686,0.023090619,0.677481835,0.7390606190000001,0.0,0.0,0.0,1.0
31,1790395046903560000,RR_calflower1,1790395046882165840,1790395046956464320,0.287948825,21.39416,52.90432,74.29848,0,-0.030400476000000003,0.979582877,-0.198728365,0.34865539,-0.26068463,-0.19970966,-0.9445423479999999,1.082324145,-0.964945145,0.023090617999999997,0.261433584,0.719369558,0.0,0.0,0.0,1.0
31,1790395046903560000,RR_foot,1790395046882165840,1790395046956464320,0.287948825,21.39416,52.90432,74.29848,0,-0.12669356,0.979582877,-0.156095785,0.353643372,-0.7024181909999999,-0.19970966,-0.683173045,1.1053452940000001,-0.700398101,0.023090619,0.7133786879999999,0.7067915,0.0,0.0,0.0,1.0
32,1790395046971562000,FL_hip,1790395046956464320,1790395047020564646,0.235532031,15.097679999999999,49.002646,64.100326,0,-0.017821205,0.999687887,-0.01750151,0.461515024,-0.237944143,-0.021241737000000004,-0.9710468809999999,0.6838035240000001,-0.9711152279999999,-0.013141141,0.238248505,0.34403654200000006,0.0,0.0,0.0,1.0
32,1790395046971562000,FL_thigh,1790395046956464320,1790395047020564646,0.235532031,15.097679999999999,49.002646,64.100326,0,-0.018926071000000003,0.999691042,-0.01610571,0.556947735,-0.311300073,-0.021199747,-0.950075527,0.681775311,-0.950123087,-0.012967786,0.31160517,0.34278216,0.0,0.0,0.0,1.0
32,1790395046971562000,FL_calf,1790395046956464320,1790395047020564646,0.235532031,15.097679999999999,49.002646,64.100326,0,-0.009681718,0.999706804,0.022188733,0.560380879,-0.803090436,-0.020994439,0.595487746,0.884044029,0.595778929,-0.012054512,0.803057895,0.27643529,0.0,0.0,0.0,1.0
32,1790395046971562000,FL_calflower,1790395046956464320,1790395047020564646,0.235532031,15.097679999999999,49.002646,64.100326,0,-0.010778593000000001,0.999706804,0.021677118999999998,0.5570504820000001,-0.831848765,-0.020994439,0.554605749,0.7802198659999999,0.554898194,-0.012054513000000001,0.8318308179999999,0.169815475,0.0,0.0,0.0,1.0
32,1790395046971562000,FL_calflower1,1790395046956464320,1790395047020564646,0.235532031,15.097679999999999,49.002646,64.100326,0,-0.019570598999999998,0.999706804,0.014250165,0.556338797,-0.993951017,-0.020994439,0.107802046,0.76640385,0.108069731,-0.012054513000000001,0.994070142,0.131113019,0.0,0.0,0.0,1.0
32,1790395046971562000,FL_foot,1790395046956464320,1790395047020564646,0.235532031,15.097679999999999,49.002646,64.100326,0,-0.009681718,0.999706804,0.022188733,0.555880421,-0.803090436,-0.020994439,0.595487746,0.757656197,0.595778929,-0.012054512,0.803057895,0.105898962,0.0,0.0,0.0,1.0
32,1790395046971562000,FR_hip,1790395046956464320,1790395047020564646,0.235532031,15.097679999999999,49.002646,64.100326,0,-0.017821205,0.969021591,-0.24633175,0.369246952,-0.237944143,-0.243402919,-0.940286273,0.6953917620000001,-0.9711152279999999,0.04185589,0.234910885,0.34289043799999996,0.0,0.0,0.0,1.0
32,1790395046971562000,FR_thigh,1790395046956464320,1790395047020564646,0.235532031,15.097679999999999,49.002646,64.100326,0,-0.10746787199999999,0.969021527,-0.222368402,0.276705556,-0.568133818,-0.24340376100000002,-0.78611656,0.718636699,-0.815888808,0.041852463,0.576691989,0.33889320700000003,0.0,0.0,0.0,1.0
32,1790395046971562000,FR_calf,1790395046956464320,1790395047020564646,0.235532031,15.097679999999999,49.002646,64.100326,0,-0.22598307,0.969021565,0.09964250599999999,0.324069341,-0.805459033,-0.24340326699999998,0.540362163,0.8860780890000001,0.547875918,0.041854472000000004,0.835511824,0.216058742,0.0,0.0,0.0,1.0
32,1790395046971562000,FR_calflower,1790395046956464320,1790395047020564646,0.235532031,15.097679999999999,49.002646,64.100326,0,-0.2306807,0.969021565,0.088223532,0.304802454,-0.8314592709999999,-0.24340326699999998,0.49943067700000005,0.789995585,0.505433029,0.041854472000000004,0.861850035,0.103360609,0.0,0.0,0.0,1.0
32,1790395046971562000,FR_calflower1,1790395046956464320,1790395047020564646,0.235532031,15.097679999999999,49.002646,64.100326,0,-0.2453524,0.969021565,-0.028269718,0.303580263,-0.9681268390000001,-0.243403266,0.059041899,0.778332982,0.050332132,0.041854472000000004,0.997855052,0.06383232,0.0,0.0,0.0,1.0
32,1790395046971562000,FR_foot,1790395046956464320,1790395047020564646,0.235532031,15.097679999999999,49.002646,64.100326,0,-0.22598307,0.969021565,0.09964250599999999,0.30284526,-0.805459033,-0.24340326699999998,0.540362163,0.7709812770000001,0.547875918,0.041854472000000004,0.835511824,0.038094894,0.0,0.0,0.0,1.0
32,1790395046971562000,RL_hip,1790395046956464320,1790395047020564646,0.235532031,15.097679999999999,49.002646,64.100326,0,-0.017821205,0.9953722909999999,-0.09442551,0.468408266,-0.237944143,-0.095949275,-0.96652832,0.775840318,-0.9711152279999999,0.005243006999999999,0.238553035,0.719663912,0.0,0.0,0.0,1.0
32,1790395046971562000,RL_thigh,1790395046956464320,1790395047020564646,0.235532031,15.097679999999999,49.002646,64.100326,0,0.07191337,0.9953724509999999,-0.06373319200000001,0.563466199,0.7075601909999999,-0.09594712400000001,-0.70010956,0.766677174,-0.702984695,0.005251876999999999,-0.711185463,0.7201646190000001,0.0,0.0,0.0,1.0
32,1790395046971562000,RL_calf,1790395046956464320,1790395047020564646,0.235532031,15.097679999999999,49.002646,64.100326,0,-0.059961407,0.9953727040000001,-0.075083813,0.57703881,-0.663032666,-0.095943708,-0.7424171070000001,0.9157906929999999,-0.7461851979999999,0.005266356,0.665717464,0.871637247,0.0,0.0,0.0,1.0
32,1790395046971562000,RL_calflower,1790395046956464320,1790395047020564646,0.235532031,15.097679999999999,49.002646,64.100326,0,-0.056133845,0.9953727040000001,-0.07798679900000001,0.5869497,-0.625098657,-0.095943708,-0.774627101,1.012364198,-0.778524667,0.005266356,0.627591774,0.75823946,0.0,0.0,0.0,1.0
32,1790395046971562000,RL_calflower1,1790395046956464320,1790395047020564646,0.235532031,15.097679999999999,49.002646,64.100326,0,-0.013777755,0.9953727040000001,-0.095095335,0.590629061,-0.19675267100000002,-0.095943708,-0.9757478479999999,1.049583392,-0.980356239,0.005266356,0.19716423800000002,0.7409291240000001,0.0,0.0,0.0,1.0
32,1790395046971562000,RL_foot,1790395046956464320,1790395047020564646,0.235532031,15.097679999999999,49.002646,64.100326,0,-0.059961407,0.9953727040000001,-0.075083813,0.5930269770000001,-0.663032666,-0.095943708,-0.7424171070000001,1.07385408,-0.7461851979999999,0.005266356,0.665717464,0.729904771,0.0,0.0,0.0,1.0
32,1790395046971562000,RR_hip,1790395046956464320,1790395047020564646,0.235532031,15.097679999999999,49.002646,64.100326,0,-0.017821205,0.977581198,-0.209802706,0.376140194,-0.237944143,-0.207954024,-0.9487562279999999,0.787428556,-0.9711152279999999,0.033013068,0.236315842,0.718517808,0.0,0.0,0.0,1.0
32,1790395046971562000,RR_thigh,1790395046956464320,1790395047020564646,0.235532031,15.097679999999999,49.002646,64.100326,0,0.15171652,0.9775807329999999,-0.146006086,0.282781608,0.587045138,-0.207960065,-0.782388196,0.807288077,-0.7952109479999999,0.032988774,-0.605434649,0.715365074,0.0,0.0,0.0,1.0
32,1790395046971562000,RR_calf,1790395046956464320,1790395047020564646,0.235532031,15.097679999999999,49.002646,64.100326,0,-0.144835465,0.9775810890000001,-0.15283217,0.313880569,-0.7779117520000001,-0.207955472,-0.5929658489999999,0.9739121390000001,-0.6114541410000001,0.03300718,0.790591035,0.844304728,0.0,0.0,0.0,1.0
32,1790395046971562000,RR_calflower,1790395046956464320,1790395047020564646,0.235532031,15.097679999999999,49.002646,64.100326,0,-0.137016033,0.9775810890000001,-0.159879926,0.333602124,-0.747303625,-0.207955472,-0.63110418,1.04611195,-0.650203066,0.03300718,0.759043033,0.71506932,0.0,0.0,0.0,1.0
32,1790395046971562000,RR_calflower1,1790395046956464320,1790395047020564646,0.235532031,15.097679999999999,49.002646,64.100326,0,-0.047703305,0.9775810890000001,-0.205083834,0.34136729200000004,-0.37142375299999997,-0.207955472,-0.904875455,1.07882874,-0.927237084,0.03300718,0.37301708,0.691209863,0.0,0.0,0.0,1.0
32,1790395046971562000,RR_foot,1790395046956464320,1790395047020564646,0.235532031,15.097679999999999,49.002646,64.100326,0,-0.144835465,0.9775810890000001,-0.15283217,0.34643261299999994,-0.7779117520000001,-0.207955472,-0.5929658489999999,1.100212282,-0.6114541410000001,0.03300718,0.790591035,0.675910369,0.0,0.0,0.0,1.0
33,1790395047503570000,FL_hip,1790395047156849925,1790395047659002692,0.690467319,346.720075,155.432692,502.152767,1,-0.019915588,0.999771568,0.007741957,0.448829145,-0.248684058,0.002546711,-0.968581658,0.666906954,-0.968379784,-0.021215469,0.24857661399999997,0.335910847,0.0,0.0,0.0,1.0
33,1790395047503570000,FL_thigh,1790395047156849925,1790395047659002692,0.690467319,346.720075,155.432692,502.152767,1,-0.015591943,0.9997813729999999,0.013923156,0.544247285,-0.565414031,0.002668647,-0.824803326,0.667149445,-0.8246598140000001,-0.020732928,0.56524877,0.333886189,0.0,0.0,0.0,1.0
33,1790395047503570000,FL_calf,1790395047156849925,1790395047659002692,0.690467319,346.720075,155.432692,502.152767,1,0.014695915,0.99977382,0.015365446999999999,0.541323204,-0.8010384309999999,0.0025747979999999997,0.598607949,0.842642752,0.5984329420000001,-0.021105699,0.800894749,0.21356587300000002,0.0,0.0,0.0,1.0
33,1790395047503570000,FL_calflower,1790395047156849925,1790395047659002692,0.690467319,346.720075,155.432692,502.152767,1,0.013909597,0.99977382,0.016080734,0.539356845,-0.82995527,0.002574797,0.55782461,0.7380761159999999,0.557657002,-0.0211057,0.82980302,0.106992234,0.0,0.0,0.0,1.0
33,1790395047503570000,FL_calflower1,1790395047156849925,1790395047659002692,0.690467319,346.720075,155.432692,502.152767,1,0.004911993,0.99977382,0.020686691,0.5385791360000001,-0.9937578990000001,0.0025747979999999997,0.11153153699999999,0.7240654870000001,0.111453175,-0.021105699,0.9935454570000001,0.068223595,0.0,0.0,0.0,1.0
33,1790395047503570000,FL_foot,1790395047156849925,1790395047659002692,0.690467319,346.720075,155.432692,502.152767,1,0.014695915,0.99977382,0.015365446999999999,0.538071792,-0.8010384309999999,0.0025747979999999997,0.598607949,0.7151918420000001,0.5984329420000001,-0.021105699,0.800894749,0.042965540999999996,0.0,0.0,0.0,1.0
33,1790395047503570000,FR_hip,1790395047156849925,1790395047659002692,0.690467319,346.720075,155.432692,502.152767,1,-0.019915588,0.9887197590000001,-0.148446506,0.35628214799999997,-0.248684058,-0.148708386,-0.957101212,0.67606393,-0.968379784,0.017854768,0.24884058399999998,0.335462633,0.0,0.0,0.0,1.0
33,1790395047503570000,FR_thigh,1790395047156849925,1790395047659002692,0.690467319,346.720075,155.432692,502.152767,1,-0.064833711,0.988718167,-0.135028639,0.261885181,-0.531921336,-0.148728289,-0.833630772,0.6902615409999999,-0.844308108,0.017776959,0.5355629129999999,0.33375801,0.0,0.0,0.0,1.0
33,1790395047503570000,FR_calf,1790395047156849925,1790395047659002692,0.690467319,346.720075,155.432692,502.152767,1,-0.132964311,0.988720143,0.068940029,0.29063175199999997,-0.81654992,-0.148703586,0.557794,0.867768653,0.561753799,0.017873442,0.827111265,0.219699411,0.0,0.0,0.0,1.0
33,1790395047503570000,FR_calflower,1790395047156849925,1790395047659002692,0.690467319,346.720075,155.432692,502.152767,1,-0.136243705,0.988720143,0.062208426,0.277774792,-0.8434075259999999,-0.148703586,0.516286416,0.76890185,0.51971342,0.017873442,0.8541535790000001,0.108517541,0.0,0.0,0.0,1.0
33,1790395047503570000,FR_calflower1,1790395047156849925,1790395047659002692,0.690467319,346.720075,155.432692,502.152767,1,-0.149574031,0.988720143,-0.007735947,0.276649765,-0.9865085090000001,-0.148703586,0.06847539799999999,0.756684894,0.06655282900000001,0.017873441,0.997622722,0.069154194,0.0,0.0,0.0,1.0
33,1790395047503570000,FR_foot,1790395047156849925,1790395047659002692,0.690467319,346.720075,155.432692,502.152767,1,-0.132964311,0.988720143,0.068940029,0.275954405,-0.81654992,-0.148703586,0.557794,0.748976878,0.561753799,0.017873442,0.827111265,0.043520135,0.0,0.0,0.0,1.0
33,1790395047503570000,RL_hip,1790395047156849925,1790395047659002692,0.690467319,346.720075,155.432692,502.152767,1,-0.019915588,0.9997906740000001,-0.00466206,0.456532494,-0.248684058,-0.009469956,-0.9685387109999999,0.763097948,-0.968379784,-0.018129931000000002,0.248820688,0.7104801470000001,0.0,0.0,0.0,1.0
33,1790395047503570000,RL_thigh,1790395047156849925,1790395047659002692,0.690467319,346.720075,155.432692,502.152767,1,-0.0073135480000000004,0.9997913740000001,-0.019065116,0.552011928,0.661471846,-0.009461302,-0.749910766,0.762193572,-0.749934578,-0.018095839,-0.6612643229999999,0.7087487490000001,0.0,0.0,0.0,1.0
33,1790395047503570000,RL_calf,1790395047156849925,1790395047659002692,0.690467319,346.720075,155.432692,502.152767,1,-0.019092339,0.99979063,0.0073441619999999996,0.556065825,-0.7502401809999999,-0.00947051,-0.6610980679999999,0.921890942,-0.6608897739999999,-0.018132088,0.7502638,0.849569597,0.0,0.0,0.0,1.0
33,1790395047503570000,RL_calflower,1790395047156849925,1790395047659002692,0.690467319,346.720075,155.432692,502.152767,1,-0.019435533999999997,0.99979063,0.006380765,0.554596819,-0.716261444,-0.00947051,-0.6977682479999999,1.004727938,-0.697561395,-0.018132088,0.7162954440000001,0.7253130320000001,0.0,0.0,0.0,1.0
33,1790395047503570000,RL_calflower1,1790395047156849925,1790395047659002692,0.690467319,346.720075,155.432692,502.152767,1,-0.020185724,0.99979063,-0.0033152190000000003,0.554535916,-0.313105418,-0.00947051,-0.949671512,1.0398010229999999,-0.949503735,-0.018132088,0.31323109600000004,0.703636906,0.0,0.0,0.0,1.0
33,1790395047503570000,RL_foot,1790395047156849925,1790395047659002692,0.690467319,346.720075,155.432692,502.152767,1,-0.019092339,0.99979063,0.0073441619999999996,0.55450125,-0.7502401809999999,-0.00947051,-0.6610980679999999,1.0627036890000001,-0.6608897739999999,-0.018132088,0.7502638,0.6897638079999999,0.0,0.0,0.0,1.0
33,1790395047503570000,RR_hip,1790395047156849925,1790395047659002692,0.690467319,346.720075,155.432692,502.152767,1,-0.019915588,0.993839307,-0.109025493,0.36398549700000005,-0.248684058,-0.11054406900000001,-0.9622561629999999,0.7722549240000001,-0.968379784,0.007948722,0.24935365899999998,0.710031933,0.0,0.0,0.0,1.0
33,1790395047503570000,RR_thigh,1790395047156849925,1790395047659002692,0.690467319,346.720075,155.432692,502.152767,1,0.079477963,0.9938398940000001,-0.07723520099999999,0.26908216,0.660720611,-0.11053674599999999,-0.74244904,0.782810928,-0.746412712,0.007977165999999999,-0.665435393,0.709272905,0.0,0.0,0.0,1.0
33,1790395047503570000,RR_calf,1790395047156849925,1790395047659002692,0.690467319,346.720075,155.432692,502.152767,1,-0.067094024,0.9938402940000001,-0.088202147,0.285526755,-0.657562902,-0.11053174800000001,-0.7452479040000001,0.940941639,-0.7504061809999999,0.007996496,0.660928479,0.851011792,0.0,0.0,0.0,1.0
33,1790395047503570000,RR_calflower,1790395047156849925,1790395047659002692,0.690467319,346.720075,155.432692,502.152767,1,-0.062601904,0.9938402940000001,-0.091445221,0.29724138,-0.619494248,-0.11053174800000001,-0.777180985,1.03807351,-0.782501025,0.007996496,0.6225978129999999,0.738192121,0.0,0.0,0.0,1.0
33,1790395047503570000,RR_calflower1,1790395047156849925,1790395047659002692,0.690467319,346.720075,155.432692,502.152767,1,-0.013300073,0.9938402940000001,-0.11001970300000001,0.301525029,-0.190602258,-0.11053174800000001,-0.975425131,1.075351192,-0.9815771409999999,0.007996496,0.190898421,0.721114585,0.0,0.0,0.0,1.0
33,1790395047503570000,RR_foot,1790395047156849925,1790395047659002692,0.690467319,346.720075,155.432692,502.152767,1,-0.067094024,0.9938402940000001,-0.088202147,0.304316093,-0.657562902,-0.11053174800000001,-0.7452479040000001,1.099658455,-0.7504061809999999,0.007996496,0.660928479,0.710242142,0.0,0.0,0.0,1.0
34,1790395047571560000,FL_hip,1790395047156849925,1790395047659002692,0.825864363,414.710075,87.44269200000001,502.152767,1,-0.016500587,0.9998541009999999,-0.00438958,0.456684449,-0.249825307,-0.008373616,-0.9682550659999999,0.662701332,-0.968150218,-0.014880444,0.249927113,0.331062818,0.0,0.0,0.0,1.0
34,1790395047571560000,FL_thigh,1790395047156849925,1790395047659002692,0.825864363,414.710075,87.44269200000001,502.152767,1,-0.016703118,0.999859562,0.001273997,0.552130107,-0.559585136,-0.008292075999999999,-0.828731797,0.661901338,-0.8286045009999999,-0.01455561,0.55964502,0.329642505,0.0,0.0,0.0,1.0
34,1790395047571560000,FL_calf,1790395047156849925,1790395047659002692,0.825864363,414.710075,87.44269200000001,502.152767,1,0.002160183,0.999855355,0.016863038,0.551885923,-0.801422297,-0.008354676,0.598041114,0.8382933020000001,0.5980954479999999,-0.014806588999999998,0.801287985,0.210490316,0.0,0.0,0.0,1.0
34,1790395047571560000,FL_calflower,1790395047156849925,1790395047659002692,0.825864363,414.710075,87.44269200000001,502.152767,1,0.0013146829999999999,0.999855355,0.016949929,0.549442855,-0.830310326,-0.008354677,0.5572392979999999,0.733787099,0.5573002770000001,-0.014806588999999998,0.830178897,0.103854981,0.0,0.0,0.0,1.0
34,1790395047571560000,FL_calflower1,1790395047156849925,1790395047659002692,0.825864363,414.710075,87.44269200000001,502.152767,1,-0.006661006999999999,0.999855355,0.015641593999999998,0.548754825,-0.993802547,-0.008354676,0.11084841,0.7198025029999999,0.110963189,-0.014806588999999998,0.9937141290000001,0.06507487,0.0,0.0,0.0,1.0
34,1790395047571560000,FL_foot,1790395047156849925,1790395047659002692,0.825864363,414.710075,87.44269200000001,502.152767,1,0.002160183,0.999855355,0.016863038,0.548308693,-0.801422297,-0.008354676,0.598041114,0.710945862,0.5980954479999999,-0.014806588999999998,0.801287985,0.039809459,0.0,0.0,0.0,1.0
34,1790395047571560000,FR_hip,1790395047156849925,1790395047659002692,0.825864363,414.710075,87.44269200000001,502.152767,1,-0.016500587,0.989525593,-0.14341057,0.364147512,-0.249825307,-0.142960965,-0.9576795659999999,0.671935182,-0.968150218,0.020025034,0.24956760100000003,0.33025725,0.0,0.0,0.0,1.0
34,1790395047571560000,FR_thigh,1790395047156849925,1790395047659002692,0.825864363,414.710075,87.44269200000001,502.152767,1,-0.0597421,0.989524712,-0.131421025,0.26966516,-0.531509906,-0.142974385,-0.834898927,0.6855852590000001,-0.844942602,0.019972682,0.5344837929999999,0.328345259,0.0,0.0,0.0,1.0
34,1790395047571560000,FR_calf,1790395047156849925,1790395047659002692,0.825864363,414.710075,87.44269200000001,502.152767,1,-0.12934743199999998,0.989525808,0.06409117,0.297648078,-0.816438219,-0.142957719,0.559457236,0.863380878,0.562759705,0.020037596,0.826377542,0.214511166,0.0,0.0,0.0,1.0
34,1790395047571560000,FR_calflower,1790395047156849925,1790395047659002692,0.825864363,414.710075,87.44269200000001,502.152767,1,-0.132389004,0.989525808,0.057546395,0.285579298,-0.843379091,-0.142957719,0.517953157,0.7642643579999999,0.52075474,0.020037596,0.853471048,0.103459467,0.0,0.0,0.0,1.0
34,1790395047571560000,FR_calflower1,1790395047156849925,1790395047659002692,0.825864363,414.710075,87.44269200000001,502.152767,1,-0.144002102,0.989525808,-0.010091125,0.284601919,-0.987252954,-0.142957719,0.069966919,0.75198031,0.067791653,0.020037596,0.997498181,0.064113032,0.0,0.0,0.0,1.0
34,1790395047571560000,FR_foot,1790395047156849925,1790395047659002692,0.825864363,414.710075,87.44269200000001,502.152767,1,-0.12934743199999998,0.989525808,0.06409117,0.284001281,-0.816438219,-0.142957719,0.559457236,0.7442288340000001,0.562759705,0.020037596,0.826377542,0.038489669,0.0,0.0,0.0,1.0
34,1790395047571560000,RL_hip,1790395047156849925,1790395047659002692,0.825864363,414.710075,87.44269200000001,502.152767,1,-0.016500587,0.9998361720000001,-0.007424261999999999,0.463066876,-0.249825307,-0.011312372,-0.9682251909999999,0.75933376,-0.968150218,-0.01412181,0.24997112600000002,0.705543322,0.0,0.0,0.0,1.0
34,1790395047571560000,RL_thigh,1790395047156849925,1790395047659002692,0.825864363,414.710075,87.44269200000001,502.152767,1,-0.003010524,0.999836562,-0.017819847,0.558550844,0.665015704,-0.011306567,-0.7467442320000001,0.7582534329999999,-0.746823551,-0.014098864,-0.664872649,0.704194695,0.0,0.0,0.0,1.0
34,1790395047571560000,RL_calf,1790395047156849925,1790395047659002692,0.825864363,414.710075,87.44269200000001,502.152767,1,-0.017819674,0.999836147,0.003146064,0.562341826,-0.751255656,-0.011312747,-0.659914869,0.9172873509999999,-0.659770823,-0.014123261000000002,0.751334032,0.8457933870000001,0.0,0.0,0.0,1.0
34,1790395047571560000,RL_calflower,1790395047156849925,1790395047659002692,0.825864363,414.710075,87.44269200000001,502.152767,1,-0.017954641,0.999836147,0.00225152,0.561519663,-0.717334785,-0.011312747,-0.6966372809999999,0.9999291570000001,-0.6964973320000001,-0.014123261000000002,0.717420263,0.7214007179999999,0.0,0.0,0.0,1.0
34,1790395047571560000,RL_calflower1,1790395047156849925,1790395047659002692,0.825864363,414.710075,87.44269200000001,502.152767,1,-0.016965381,0.999836147,-0.006293993,0.56160913,-0.31457972300000003,-0.011312747,-0.949163997,1.034967822,-0.949079335,-0.014123261000000002,0.314720167,0.699668933,0.0,0.0,0.0,1.0
34,1790395047571560000,RL_foot,1790395047156849925,1790395047659002692,0.825864363,414.710075,87.44269200000001,502.152767,1,-0.017819674,0.999836147,0.003146064,0.561671531,-0.751255656,-0.011312747,-0.659914869,1.05784845,-0.659770823,-0.014123261000000002,0.751334032,0.685759508,0.0,0.0,0.0,1.0
34,1790395047571560000,RR_hip,1790395047156849925,1790395047659002692,0.825864363,414.710075,87.44269200000001,502.152767,1,-0.016500587,0.994131375,-0.10691257900000001,0.370529939,-0.249825307,-0.107634774,-0.962290364,0.76856761,-0.968150218,0.010830827,0.250135328,0.704737754,0.0,0.0,0.0,1.0
34,1790395047571560000,RR_thigh,1790395047156849925,1790395047659002692,0.825864363,414.710075,87.44269200000001,502.152767,1,0.079524369,0.994131703,-0.07333342400000001,0.275595989,0.659147409,-0.107629816,-0.744272255,0.7788460909999999,-0.7477974159999999,0.01084996,-0.663838186,0.70370348,0.0,0.0,0.0,1.0
34,1790395047571560000,RR_calf,1790395047156849925,1790395047659002692,0.825864363,414.710075,87.44269200000001,502.152767,1,-0.06329831,0.994131929,-0.087719965,0.291211633,-0.660218344,-0.107626422,-0.743322921,0.937368723,-0.748401683,0.01086296,0.6631566560000001,0.845101784,0.0,0.0,0.0,1.0
34,1790395047571560000,RR_calflower,1790395047156849925,1790395047659002692,0.825864363,414.710075,87.44269200000001,502.152767,1,-0.058835032999999995,0.994131929,-0.090773934,0.30292995300000003,-0.622242581,-0.107626422,-0.7753911259999999,1.034167032,-0.780610395,0.01086296,0.624923388,0.731990536,0.0,0.0,0.0,1.0
34,1790395047571560000,RR_calflower1,1790395047156849925,1790395047659002692,0.825864363,414.710075,87.44269200000001,502.152767,1,-0.010268863,0.994131929,-0.10768481199999999,0.30714913899999996,-0.193866535,-0.107626422,-0.975106657,1.0714020770000001,-0.9809740640000001,0.01086296,0.19383424800000001,0.71480063,0.0,0.0,0.0,1.0
34,1790395047571560000,RR_foot,1790395047156849925,1790395047659002692,0.825864363,414.710075,87.44269200000001,502.152767,1,-0.06329831,0.994131929,-0.087719965,0.309897507,-0.660218344,-0.107626422,-0.743322921,1.095682394,-0.748401683,0.01086296,0.6631566560000001,0.703854909,0.0,0.0,0.0,1.0
35,1790395047639563000,FL_hip,1790395047156849925,1790395047659002692,0.961287295,482.713075,19.439692,502.152767,1,-0.014842046000000001,0.9994249409999999,-0.03048388,0.47041676200000004,-0.236535456,-0.033131222,-0.971058173,0.658682358,-0.971509387,-0.007202266,0.23689125,0.330796673,0.0,0.0,0.0,1.0
35,1790395047639563000,FL_thigh,1790395047156849925,1790395047659002692,0.961287295,482.713075,19.439692,502.152767,1,-0.023913933,0.9994261990000001,-0.023982551,0.565851387,-0.541112536,-0.033111508,-0.840298475,0.655518434,-0.840610063,-0.007117877,0.5415938370000001,0.33010899,0.0,0.0,0.0,1.0
35,1790395047639563000,FL_calf,1790395047156849925,1790395047659002692,0.961287295,482.713075,19.439692,502.152767,1,-0.022642947000000004,0.999425232,0.025224349,0.5709660129999999,-0.810148175,-0.033126595,0.585289021,0.8344685740000001,0.58578816,-0.0071830869999999995,0.810432268,0.21476251600000001,0.0,0.0,0.0,1.0
35,1790395047639563000,FL_calflower,1790395047156849925,1790395047659002692,0.961287295,482.713075,19.439692,502.152767,1,-0.023875341,0.999425232,0.02406115,0.56678256,-0.83838796,-0.033126595,0.54406703,0.7316511790000001,0.544551346,-0.007183088000000001,0.8386966440000001,0.106532722,0.0,0.0,0.0,1.0
35,1790395047639563000,FL_calflower1,1790395047156849925,1790395047659002692,0.961287295,482.713075,19.439692,502.152767,1,-0.032288244,0.999425232,0.010316983,0.566059681,-0.994884688,-0.033126595,0.095434592,0.718272846,0.095721634,-0.0071830869999999995,0.995382137,0.067539367,0.0,0.0,0.0,1.0
35,1790395047639563000,FL_foot,1790395047156849925,1790395047659002692,0.961287295,482.713075,19.439692,502.152767,1,-0.022642947000000004,0.999425232,0.025224349,0.565597179,-0.810148175,-0.033126595,0.585289021,0.709811104,0.58578816,-0.0071830869999999995,0.810432268,0.042138907999999996,0.0,0.0,0.0,1.0
35,1790395047639563000,FR_hip,1790395047156849925,1790395047659002692,0.961287295,482.713075,19.439692,502.152767,1,-0.014842046000000001,0.988241204,-0.152180164,0.378032459,-0.236535456,-0.151347153,-0.9597633520000001,0.669301209,-0.971509387,0.02175087,0.236000501,0.329622688,0.0,0.0,0.0,1.0
35,1790395047639563000,FR_thigh,1790395047156849925,1790395047659002692,0.961287295,482.713075,19.439692,502.152767,1,-0.060532982,0.9882410009999999,-0.140410996,0.283659902,-0.517811131,-0.151350431,-0.8420008040000001,0.683754107,-0.853350625,0.021737273999999997,0.520883891,0.327545595,0.0,0.0,0.0,1.0
35,1790395047639563000,FR_calf,1790395047156849925,1790395047659002692,0.961287295,482.713075,19.439692,502.152767,1,-0.13812549300000002,0.9882412540000001,0.065576961,0.313564781,-0.822636255,-0.151346357,0.548055241,0.8630904770000001,0.551535627,0.021754132000000002,0.8338675170000001,0.21660001,0.0,0.0,0.0,1.0
35,1790395047639563000,FR_calflower,1790395047156849925,1790395047659002692,0.961287295,482.713075,19.439692,502.152767,1,-0.141230354,0.9882412540000001,0.05859161,0.30109787,-0.84899952,-0.151346357,0.506255638,0.7655286570000001,0.509170346,0.021754132000000002,0.8603906920000001,0.104217595,0.0,0.0,0.0,1.0
35,1790395047639563000,FR_calflower1,1790395047156849925,1790395047659002692,0.961287295,482.713075,19.439692,502.152767,1,-0.152326993,0.9882412540000001,-0.013246776000000002,0.300166663,-0.986836574,-0.15134635800000001,0.056995882000000005,0.7537685,0.054321007000000004,0.021754131,0.9982864379999999,0.064710253,0.0,0.0,0.0,1.0
35,1790395047639563000,FR_foot,1790395047156849925,1790395047659002692,0.961287295,482.713075,19.439692,502.152767,1,-0.13812549300000002,0.9882412540000001,0.065576961,0.299598128,-0.822636255,-0.151346357,0.548055241,0.746357901,0.551535627,0.021754132000000002,0.8338675170000001,0.03898548,0.0,0.0,0.0,1.0
35,1790395047639563000,RL_hip,1790395047156849925,1790395047659002692,0.961287295,482.713075,19.439692,502.152767,1,-0.014842046000000001,0.999598075,-0.024148889,0.476157665,-0.236535456,-0.026975967000000003,-0.971248655,0.750174273,-0.971509387,-0.008703544,0.236840844,0.706576504,0.0,0.0,0.0,1.0
35,1790395047639563000,RL_thigh,1790395047156849925,1790395047659002692,0.961287295,482.713075,19.439692,502.152767,1,0.011946749,0.999598165,-0.025701178999999998,0.5716191820000001,0.67929476,-0.026974558,-0.733370082,0.74759807,-0.733768545,-0.008697583,-0.679343728,0.7057453159999999,0.0,0.0,0.0,1.0
35,1790395047639563000,RL_calf,1790395047156849925,1790395047659002692,0.961287295,482.713075,19.439692,502.152767,1,-0.025861102,0.999598069,-0.011604746,0.577092271,-0.742221166,-0.026976059,-0.669612357,0.903800145,-0.669655945,-0.008703921,0.7426203490000001,0.85044047,0.0,0.0,0.0,1.0
35,1790395047639563000,RL_calflower,1790395047156849925,1790395047659002692,0.961287295,482.713075,19.439692,502.152767,1,-0.025248786000000002,0.999598069,-0.012882758999999999,0.578292509,-0.707826913,-0.026976057999999997,-0.7058711129999999,0.9880582259999999,-0.705934598,-0.008703921,0.7082234190000001,0.727139586,0.0,0.0,0.0,1.0
35,1790395047639563000,RL_calflower1,1790395047156849925,1790395047659002692,0.961287295,482.713075,19.439692,502.152767,1,-0.016446555,0.999598069,-0.023086306,0.579060302,-0.301882298,-0.026976059,-0.9529638220000001,1.0233712940000002,-0.9532032309999999,-0.008703921,0.30220468100000003,0.705870008,0.0,0.0,0.0,1.0
35,1790395047639563000,RL_foot,1790395047156849925,1790395047659002692,0.961287295,482.713075,19.439692,502.152767,1,-0.025861102,0.999598069,-0.011604746,0.579564031,-0.742221166,-0.026976059,-0.669612357,1.046427378,-0.669655945,-0.008703921,0.7426203490000001,0.692262403,0.0,0.0,0.0,1.0
35,1790395047639563000,RR_hip,1790395047156849925,1790395047659002692,0.961287295,482.713075,19.439692,502.152767,1,-0.014842046000000001,0.992822544,-0.118671291,0.383773362,-0.236535456,-0.11880186300000001,-0.9643328109999999,0.7607931240000001,-0.971509387,0.013757008999999999,0.23660110199999998,0.7054025190000001,0.0,0.0,0.0,1.0
35,1790395047639563000,RR_thigh,1790395047156849925,1790395047659002692,0.961287295,482.713075,19.439692,502.152767,1,0.090097451,0.992822621,-0.078647685,0.288960255,0.667303789,-0.118800646,-0.735250117,0.7721385159999999,-0.739316243,0.013761977,-0.673217592,0.704088748,0.0,0.0,0.0,1.0
35,1790395047639563000,RR_calf,1790395047156849925,1790395047659002692,0.961287295,482.713075,19.439692,502.152767,1,-0.067407837,0.992822674,-0.09878809,0.305711053,-0.650948347,-0.11879981,-0.749768984,0.9287449,-0.756123305,0.013765352,0.654284257,0.8474842640000001,0.0,0.0,0.0,1.0
35,1790395047639563000,RR_calflower,1790395047156849925,1790395047659002692,0.961287295,482.713075,19.439692,502.152767,1,-0.062386248,0.992822674,-0.102033619,0.31898394399999996,-0.612662,-0.11879981,-0.7813658259999999,1.026689365,-0.787878931,0.013765352,0.615676157,0.735528727,0.0,0.0,0.0,1.0
35,1790395047639563000,RR_calflower1,1790395047156849925,1790395047659002692,0.961287295,482.713075,19.439692,502.152767,1,-0.008219285,0.992822674,-0.11931197199999999,0.323689108,-0.182609617,-0.11879981,-0.975982074,1.064069832,-0.98315104,0.013765352,0.182275543,0.7187806990000001,0.0,0.0,0.0,1.0
35,1790395047639563000,RR_foot,1790395047156849925,1790395047659002692,0.961287295,482.713075,19.439692,502.152767,1,-0.067407837,0.992822674,-0.09878809,0.326753253,-0.650948347,-0.11879981,-0.749768984,1.0884420190000001,-0.756123305,0.013765352,0.654284257,0.708123093,0.0,0.0,0.0,1.0
36,1790395047707557000,FL_hip,1790395047659002692,1790395047718741927,0.8127708359999999,48.554308,11.184927,59.739235,0,-0.036021408,0.99931613,0.008335341,0.476330496,-0.253729007,-0.001077747,-0.967275091,0.660189565,-0.966604287,-0.036957817999999996,0.2535944,0.332206781,0.0,0.0,0.0,1.0
36,1790395047707557000,FL_thigh,1790395047659002692,1790395047718741927,0.8127708359999999,48.554308,11.184927,59.739235,0,-0.030929038,0.9993178490000001,0.020173721999999998,0.571760183,-0.5702438470000001,-0.00106551,-0.8214751929999999,0.660086673,-0.8208929859999999,-0.036911667999999995,0.56988778,0.328677488,0.0,0.0,0.0,1.0
36,1790395047707557000,FL_calf,1790395047659002692,1790395047718741927,0.8127708359999999,48.554308,11.184927,59.739235,0,0.020955937,0.99931513,0.030493744,0.567466766,-0.80720055,-0.0010847510000000001,0.590276858,0.835043058,0.589905634,-0.036984662,0.80662465,0.20729921199999998,0.0,0.0,0.0,1.0
36,1790395047707557000,FL_calflower,1790395047659002692,1790395047718741927,0.8127708359999999,48.554308,11.184927,59.739235,0,0.019405696,0.99931513,0.031502996,0.5633692579999999,-0.8356933059999999,-0.001084752,0.549195952,0.731543343,0.548853976,-0.036984662,0.8350995720000001,0.09971761,0.0,0.0,0.0,1.0
36,1790395047707557000,FL_calflower1,1790395047659002692,1790395047718741927,0.8127708359999999,48.554308,11.184927,59.739235,0,0.002665326,0.99931513,0.036904143,0.561913962,-0.994862974,-0.001084752,0.101228255,0.7179328220000001,0.101199098,-0.036984662,0.994178417,0.060825653,0.0,0.0,0.0,1.0
36,1790395047707557000,FL_foot,1790395047659002692,1790395047718741927,0.8127708359999999,48.554308,11.184927,59.739235,0,0.020955937,0.99931513,0.030493744,0.5609662,-0.80720055,-0.0010847510000000001,0.590276858,0.709319978,0.589905634,-0.036984662,0.80662465,0.035489832,0.0,0.0,0.0,1.0
36,1790395047707557000,FR_hip,1790395047659002692,1790395047718741927,0.8127708359999999,48.554308,11.184927,59.739235,0,-0.036021408,0.983239959,-0.17872153899999998,0.383798619,-0.253729007,-0.18197562899999997,-0.950003755,0.669453259,-0.966604287,0.011126098000000001,0.256031658,0.33322341899999997,0.0,0.0,0.0,1.0
36,1790395047707557000,FR_thigh,1790395047659002692,1790395047718741927,0.8127708359999999,48.554308,11.184927,59.739235,0,-0.081778009,0.9832482229999999,-0.162895787,0.289925694,-0.49596564299999996,-0.18191683399999997,-0.849073036,0.686827363,-0.864482683,0.011354943999999999,0.502534182,0.332161088,0.0,0.0,0.0,1.0
36,1790395047707557000,FR_calf,1790395047659002692,1790395047718741927,0.8127708359999999,48.554308,11.184927,59.739235,0,-0.151982296,0.983231678,0.100779947,0.324620456,-0.7849116490000001,-0.18203343800000002,0.592265315,0.86758689,0.6006793460000001,0.01091022,0.799415498,0.22515749899999998,0.0,0.0,0.0,1.0
36,1790395047707557000,FR_calflower,1790395047659002692,1790395047718741927,0.8127708359999999,48.554308,11.184927,59.739235,0,-0.156829255,0.983231678,0.09305805,0.306642949,-0.8135316429999999,-0.18203343800000002,0.552295905,0.7642758759999999,0.559974531,0.01091022,0.828437891,0.11887111800000001,0.0,0.0,0.0,1.0
36,1790395047707557000,FR_calflower1,1790395047659002692,1790395047718741927,0.8127708359999999,48.554308,11.184927,59.739235,0,-0.182079023,0.983231678,0.010121534,0.304480371,-0.9766371840000001,-0.18203343800000002,0.114211693,0.75032416,0.11413919900000001,0.01091022,0.993404781,0.080140459,0.0,0.0,0.0,1.0
36,1790395047707557000,FR_foot,1790395047659002692,1790395047718741927,0.8127708359999999,48.554308,11.184927,59.739235,0,-0.151982296,0.983231678,0.100779947,0.303117777,-0.7849116490000001,-0.18203343800000002,0.592265315,0.741484684,0.6006793460000001,0.01091022,0.799415498,0.054906445,0.0,0.0,0.0,1.0
36,1790395047707557000,RL_hip,1790395047659002692,1790395047718741927,0.8127708359999999,48.554308,11.184927,59.739235,0,-0.036021408,0.99924498,-0.014549103,0.490263577,-0.253729007,-0.023226049,-0.966996802,0.758331945,-0.966604287,-0.031141343999999998,0.254374167,0.706089319,0.0,0.0,0.0,1.0
36,1790395047707557000,RL_thigh,1790395047659002692,1790395047718741927,0.8127708359999999,48.554308,11.184927,59.739235,0,-0.009973391,0.9992423659999999,-0.037616122,0.585690241,0.622257168,-0.023244915,-0.782468123,0.7561138829999999,-0.7827495609999999,-0.031211048999999998,-0.6215535729999999,0.70311536,0.0,0.0,0.0,1.0
36,1790395047707557000,RL_calf,1790395047659002692,1790395047718741927,0.8127708359999999,48.554308,11.184927,59.739235,0,-0.038225626,0.999246775,0.006665733,0.5937118570000001,-0.72657015,-0.023213622000000003,-0.6867005290000001,0.922711162,-0.686028222,-0.031092967000000003,0.726910141,0.8354516820000001,0.0,0.0,0.0,1.0
36,1790395047707557000,RL_calflower,1790395047659002692,1790395047718741927,0.8127708359999999,48.554308,11.184927,59.739235,0,-0.038511001,0.999246775,0.004746917,0.591966054,-0.691341405,-0.023213623,-0.722155705,1.009793299,-0.721501231,-0.031092967000000003,0.6917145720000001,0.714172293,0.0,0.0,0.0,1.0
36,1790395047707557000,RL_calflower1,1790395047659002692,1790395047718741927,0.8127708359999999,48.554308,11.184927,59.739235,0,-0.03635109,0.999246775,-0.013573087,0.592161832,-0.27973985,-0.023213623,-0.959795508,1.045585543,-0.959387313,-0.031092967000000003,0.28037307,0.693722865,0.0,0.0,0.0,1.0
36,1790395047707557000,RL_foot,1790395047659002692,1790395047718741927,0.8127708359999999,48.554308,11.184927,59.739235,0,-0.038225626,0.999246775,0.006665733,0.59229818,-0.72657015,-0.023213622000000003,-0.6867005290000001,1.06894801,-0.686028222,-0.031092967000000003,0.726910141,0.680650491,0.0,0.0,0.0,1.0
36,1790395047707557000,RR_hip,1790395047659002692,1790395047718741927,0.8127708359999999,48.554308,11.184927,59.739235,0,-0.036021408,0.988741498,-0.145232424,0.3977317,-0.253729007,-0.149613178,-0.955634952,0.767595639,-0.966604287,0.00242609,0.256261808,0.707105957,0.0,0.0,0.0,1.0
36,1790395047707557000,RR_thigh,1790395047659002692,1790395047718741927,0.8127708359999999,48.554308,11.184927,59.739235,0,0.094949337,0.988732139,-0.11572868800000001,0.30333246399999997,0.615803243,-0.14967877400000001,-0.773552393,0.7818801409999999,-0.7821581479999999,0.0021819129999999997,-0.6230760129999999,0.7068742459999999,0.0,0.0,0.0,1.0
36,1790395047707557000,RR_calf,1790395047659002692,1790395047718741927,0.8127708359999999,48.554308,11.184927,59.739235,0,-0.10383003800000001,0.988731861,-0.10783495800000001,0.328016183,-0.6961827909999999,-0.149680711,-0.702086804,0.9465700459999999,-0.710316052,0.00217487,0.70387941,0.83956633,0.0,0.0,0.0,1.0
36,1790395047707557000,RR_calflower,1790395047659002692,1790395047718741927,0.8127708359999999,48.554308,11.184927,59.739235,0,-0.098310776,0.988731861,-0.112889531,0.341868767,-0.660223028,-0.149680711,-0.736004016,1.0365044840000002,-0.74460765,0.002174869,0.6674987379999999,0.7212237459999999,0.0,0.0,0.0,1.0
36,1790395047707557000,RR_calflower1,1790395047659002692,1790395047718741927,0.8127708359999999,48.554308,11.184927,59.739235,0,-0.035071125,0.988731861,-0.14553031,0.347362546,-0.245743147,-0.14968071,-0.9577090709999999,1.0725276559999999,-0.968700222,0.002174869,0.248223685,0.701977445,0.0,0.0,0.0,1.0
36,1790395047707557000,RR_foot,1790395047659002692,1790395047718741927,0.8127708359999999,48.554308,11.184927,59.739235,0,-0.10383003800000001,0.988731861,-0.10783495800000001,0.350946595,-0.6961827909999999,-0.149680711,-0.702086804,1.096032034,-0.710316052,0.00217487,0.70387941,0.6896903459999999,0.0,0.0,0.0,1.0
37,1790395047771562000,FL_hip,1790395047718741927,1790395047850303870,0.40148444,52.820073,78.74186999999999,131.56194299999999,1,-0.036026675,0.9993432659999999,-0.003855235,0.476799565,-0.234321152,-0.012197326999999999,-0.972083073,0.6461586770000001,-0.971491366,-0.034117844,0.23460677600000002,0.343936075,0.0,0.0,0.0,1.0
37,1790395047771562000,FL_thigh,1790395047718741927,1790395047850303870,0.40148444,52.820073,78.74186999999999,131.56194299999999,1,-0.035113567000000005,0.999344635,0.008779805,0.57221648,-0.554882796,-0.012188408999999999,-0.83183965,0.644994136,-0.831187142,-0.034080906,0.554947086,0.34067850299999997,0.0,0.0,0.0,1.0
37,1790395047771562000,FL_calf,1790395047718741927,1790395047850303870,0.40148444,52.820073,78.74186999999999,131.56194299999999,1,0.009449451999999999,0.999343993,0.034957674,0.57034889,-0.8211856129999999,-0.012192595,0.5705315129999999,0.82213325,0.570583421,-0.034098235,0.8205313590000001,0.222485509,0.0,0.0,0.0,1.0
37,1790395047771562000,FL_calflower,1790395047718741927,1790395047850303870,0.40148444,52.820073,78.74186999999999,131.56194299999999,1,0.007690486999999999,0.999343993,0.035386262,0.565366892,-0.8486740359999999,-0.012192595,0.528776323,0.721286005,0.528860865,-0.034098235,0.848023194,0.11245504,0.0,0.0,0.0,1.0
37,1790395047771562000,FL_calflower1,1790395047718741927,1790395047850303870,0.40148444,52.820073,78.74186999999999,131.56194299999999,1,-0.009519216,0.999343993,0.034938741,0.563875373,-0.996947455,-0.012192595,0.077121917,0.708622347,0.07749745,-0.034098235,0.996409201,0.073245395,0.0,0.0,0.0,1.0
37,1790395047771562000,FL_foot,1790395047718741927,1790395047850303870,0.40148444,52.820073,78.74186999999999,131.56194299999999,1,0.009449451999999999,0.999343993,0.034957674,0.562907034,-0.8211856129999999,-0.012192595,0.5705315129999999,0.700626199,0.570583421,-0.034098235,0.8205313590000001,0.047708666,0.0,0.0,0.0,1.0
37,1790395047771562000,FR_hip,1790395047718741927,1790395047850303870,0.40148444,52.820073,78.74186999999999,131.56194299999999,1,-0.036026675,0.975885201,-0.21529027,0.384269381,-0.234321152,-0.217673425,-0.947476942,0.655417571,-0.971491366,0.016312358,0.23651273399999997,0.345134259,0.0,0.0,0.0,1.0
37,1790395047771562000,FR_thigh,1790395047718741927,1790395047850303870,0.40148444,52.820073,78.74186999999999,131.56194299999999,1,-0.08911113300000001,0.9758873290000001,-0.199255801,0.291118345,-0.465749686,-0.21765958,-0.857730853,0.676194925,-0.88041825,0.016369696,0.47391516,0.343577245,0.0,0.0,0.0,1.0
37,1790395047771562000,FR_calf,1790395047718741927,1790395047850303870,0.40148444,52.820073,78.74186999999999,131.56194299999999,1,-0.17372043899999998,0.9758278770000001,0.132593029,0.333540262,-0.7330303140000001,-0.218042706,0.644301649,0.85879321,0.6576384239999999,0.014733393999999999,0.753189532,0.242658188,0.0,0.0,0.0,1.0
37,1790395047771562000,FR_calflower,1790395047718741927,1790395047850303870,0.40148444,52.820073,78.74186999999999,131.56194299999999,1,-0.180130223,0.9758278770000001,0.12374491900000001,0.31038773399999997,-0.7643158790000001,-0.218042706,0.6068601929999999,0.749451428,0.61917276,0.014733393999999999,0.7851164629999999,0.144839486,0.0,0.0,0.0,1.0
37,1790395047771562000,FR_calflower1,1790395047718741927,1790395047850303870,0.40148444,52.820073,78.74186999999999,131.56194299999999,1,-0.21691742,0.9758278770000001,0.026580727999999998,0.307193846,-0.958179703,-0.218042706,0.185336754,0.732929583,0.186652662,0.014733393999999999,0.982315403,0.107439459,0.0,0.0,0.0,1.0
37,1790395047771562000,FR_foot,1790395047718741927,1790395047850303870,0.40148444,52.820073,78.74186999999999,131.56194299999999,1,-0.17372043899999998,0.9758278770000001,0.132593029,0.305168357,-0.7330303140000001,-0.218042706,0.644301649,0.722411666,0.6576384239999999,0.014733393999999999,0.753189532,0.083053837,0.0,0.0,0.0,1.0
37,1790395047771562000,RL_hip,1790395047718741927,1790395047850303870,0.40148444,52.820073,78.74186999999999,131.56194299999999,1,-0.036026675,0.99905329,-0.024379282999999998,0.49073468299999995,-0.234321152,-0.032159736,-0.971627515,0.736794099,-0.971491366,-0.029292211000000002,0.23525801300000002,0.719708935,0.0,0.0,0.0,1.0
37,1790395047771562000,RL_thigh,1790395047718741927,1790395047850303870,0.40148444,52.820073,78.74186999999999,131.56194299999999,1,-0.001505335,0.999058068,-0.043364263,0.586140577,0.646041153,-0.03212839,-0.762626562,0.7337229670000001,-0.7633013190000001,-0.029163391,-0.645383943,0.716911636,0.0,0.0,0.0,1.0
37,1790395047771562000,RL_calf,1790395047718741927,1790395047850303870,0.40148444,52.820073,78.74186999999999,131.56194299999999,1,-0.043196927,0.999059872,-0.003625638,0.595349891,-0.681421065,-0.032116406,-0.73118708,0.8960849609999999,-0.730615783,-0.029114732999999997,0.682167686,0.8543174809999999,0.0,0.0,0.0,1.0
37,1790395047771562000,RL_calflower,1790395047718741927,1790395047850303870,0.40148444,52.820073,78.74186999999999,131.56194299999999,1,-0.04296173599999999,0.999059872,-0.005780054000000001,0.595038835,-0.644025344,-0.032116406,-0.764330145,0.990585057,-0.763796877,-0.029114732999999997,0.644799584,0.738844202,0.0,0.0,0.0,1.0
37,1790395047771562000,RL_calflower1,1790395047718741927,1790395047850303870,0.40148444,52.820073,78.74186999999999,131.56194299999999,1,-0.035437733,0.999059872,-0.024965712999999997,0.5957005670000001,-0.21829546600000002,-0.032116406,-0.975354451,1.0275649409999998,-0.975238972,-0.029114732999999997,0.219228465,0.7207059929999999,0.0,0.0,0.0,1.0
37,1790395047771562000,RL_foot,1790395047718741927,1790395047850303870,0.40148444,52.820073,78.74186999999999,131.56194299999999,1,-0.043196927,0.999059872,-0.003625638,0.596139894,-0.681421065,-0.032116406,-0.73118708,1.051685169,-0.730615783,-0.029114732999999997,0.682167686,0.7091415040000001,0.0,0.0,0.0,1.0
37,1790395047771562000,RR_hip,1790395047718741927,1790395047850303870,0.40148444,52.820073,78.74186999999999,131.56194299999999,1,-0.036026675,0.986948591,-0.156953196,0.398204499,-0.234321152,-0.16101929,-0.958732008,0.7460529929999999,-0.971491366,0.0022372570000000003,0.23706404399999997,0.720907119,0.0,0.0,0.0,1.0
37,1790395047771562000,RR_thigh,1790395047718741927,1790395047850303870,0.40148444,52.820073,78.74186999999999,131.56194299999999,1,0.10603953199999999,0.9869489090000001,-0.121190829,0.303950927,0.6393422329999999,-0.161017222,-0.7518747509999999,0.761430332,-0.761575682,0.002245761,-0.64807197,0.720693461,0.0,0.0,0.0,1.0
37,1790395047771562000,RR_calf,1790395047718741927,1790395047850303870,0.40148444,52.820073,78.74186999999999,131.56194299999999,1,-0.10765888400000001,0.986948947,-0.119754286,0.329752914,-0.670140822,-0.161016975,-0.724558825,0.921516874,-0.734384693,0.0022467710000000003,0.6787296340000001,0.858678073,0.0,0.0,0.0,1.0
37,1790395047771562000,RR_calflower,1790395047718741927,1790395047850303870,0.40148444,52.820073,78.74186999999999,131.56194299999999,1,-0.10153911800000001,0.986948947,-0.124985325,0.345316489,-0.633090472,-0.161016974,-0.7571463970000001,1.015302014,-0.7673892459999999,0.0022467710000000003,0.6411774610000001,0.74359508,0.0,0.0,0.0,1.0
37,1790395047771562000,RR_calflower1,1790395047718741927,1790395047850303870,0.40148444,52.820073,78.74186999999999,131.56194299999999,1,-0.032349062000000005,0.986948947,-0.157749999,0.351328394,-0.211913596,-0.161016974,-0.963933006,1.05190063,-0.976752765,0.0022467710000000003,0.21435678,0.7256306779999999,0.0,0.0,0.0,1.0
37,1790395047771562000,RR_foot,1790395047718741927,1790395047850303870,0.40148444,52.820073,78.74186999999999,131.56194299999999,1,-0.10765888400000001,0.986948947,-0.119754286,0.35524890299999995,-0.670140822,-0.161016975,-0.724558825,1.075771175,-0.734384693,0.0022467710000000003,0.6787296340000001,0.714179762,0.0,0.0,0.0,1.0
38,1790395047839568000,FL_hip,1790395047718741927,1790395047850303870,0.918396842,120.826073,10.73587,131.56194299999999,1,-0.042995435,0.998690765,-0.027710895,0.469173905,-0.236769867,-0.037131828,-0.9708562890000001,0.654274977,-0.970613837,-0.035181566000000004,0.238056469,0.334079217,0.0,0.0,0.0,1.0
38,1790395047839568000,FL_thigh,1790395047718741927,1790395047850303870,0.918396842,120.826073,10.73587,131.56194299999999,1,-0.049855245,0.998691274,-0.011399036999999999,0.564542523,-0.553533694,-0.037129032,-0.831999135,0.650729051,-0.8313331709999999,-0.035170052,0.5546603210000001,0.33071961899999996,0.0,0.0,0.0,1.0
38,1790395047839568000,FL_calf,1790395047718741927,1790395047850303870,0.918396842,120.826073,10.73587,131.56194299999999,1,-0.010359944,0.998691035,0.050086249000000006,0.566971172,-0.8203327509999999,-0.03713034,0.570680465,0.827931538,0.571793149,-0.035175455,0.8196432929999999,0.21258033699999998,0.0,0.0,0.0,1.0
38,1790395047839568000,FL_calflower,1790395047718741927,1790395047850303870,0.918396842,120.826073,10.73587,131.56194299999999,1,-0.012850266,0.998691035,0.049505872,0.559352111,-0.847829684,-0.03713034,0.528967713,0.7270688809999999,0.530113466,-0.035175455,0.847196699,0.10270788800000001,0.0,0.0,0.0,1.0
38,1790395047839568000,FL_calflower1,1790395047718741927,1790395047850303870,0.918396842,120.826073,10.73587,131.56194299999999,1,-0.034258902,0.998691035,0.037977472000000005,0.557500642,-0.9962869,-0.037130341000000004,0.077681583,0.7143886709999999,0.07899016,-0.035175455,0.99625453,0.06351885,0.0,0.0,0.0,1.0
38,1790395047839568000,FL_foot,1790395047718741927,1790395047850303870,0.918396842,120.826073,10.73587,131.56194299999999,1,-0.010359944,0.998691035,0.050086249000000006,0.556304137,-0.8203327509999999,-0.03713034,0.570680465,0.706381622,0.571793149,-0.035175455,0.8196432929999999,0.037995156,0.0,0.0,0.0,1.0
38,1790395047839568000,FR_hip,1790395047718741927,1790395047850303870,0.918396842,120.826073,10.73587,131.56194299999999,1,-0.042995435,0.967426005,-0.24947557199999998,0.37668770100000004,-0.236769867,-0.25245960300000003,-0.938192334,0.663878226,-0.970613837,0.018730056000000002,0.239912089,0.33583351899999997,0.0,0.0,0.0,1.0
38,1790395047839568000,FR_thigh,1790395047718741927,1790395047850303870,0.918396842,120.826073,10.73587,131.56194299999999,1,-0.103602175,0.967426792,-0.23097994800000002,0.284312817,-0.46240714899999996,-0.252455263,-0.849968615,0.687984651,-0.880594157,0.018747927,0.473500044,0.334045011,0.0,0.0,0.0,1.0
38,1790395047839568000,FR_calf,1790395047718741927,1790395047850303870,0.918396842,120.826073,10.73587,131.56194299999999,1,-0.183514554,0.967400433,0.17452379199999998,0.333505028,-0.649549109,-0.252593241,0.717135473,0.868997386,0.7378406409999999,0.018242768,0.674728268,0.233197336,0.0,0.0,0.0,1.0
38,1790395047839568000,FR_calflower,1790395047718741927,1790395047850303870,0.918396842,120.826073,10.73587,131.56194299999999,1,-0.192007763,0.967400433,0.165133778,0.303993261,-0.684579177,-0.252593241,0.683775315,0.750087037,0.703196174,0.018242768,0.7107616959999999,0.148242411,0.0,0.0,0.0,1.0
38,1790395047839568000,FR_calflower1,1790395047718741927,1790395047850303870,0.918396842,120.826073,10.73587,131.56194299999999,1,-0.246565251,0.9674004340000001,0.057807635999999996,0.299295081,-0.922971456,-0.252593241,0.290380825,0.729618462,0.295516486,0.018242769,0.955163365,0.112840009,0.0,0.0,0.0,1.0
38,1790395047839568000,FR_foot,1790395047718741927,1790395047850303870,0.918396842,120.826073,10.73587,131.56194299999999,1,-0.183514554,0.967400433,0.17452379199999998,0.296298099,-0.649549109,-0.252593241,0.717135473,0.7165242890000001,0.7378406409999999,0.018242768,0.674728268,0.08972746300000001,0.0,0.0,0.0,1.0
38,1790395047839568000,RL_hip,1790395047718741927,1790395047850303870,0.918396842,120.826073,10.73587,131.56194299999999,1,-0.042995435,0.9984358790000001,-0.035734182999999996,0.485804539,-0.236769867,-0.04493117,-0.970526608,0.7458575620000001,-0.970613837,-0.033267717,0.238331459,0.7095126490000001,0.0,0.0,0.0,1.0
38,1790395047839568000,RL_thigh,1790395047718741927,1790395047850303870,0.918396842,120.826073,10.73587,131.56194299999999,1,0.005265028000000001,0.998437645,-0.055626375,0.581154013,0.667663048,-0.044921718,-0.74310751,0.741566682,-0.744445235,-0.033227475,-0.666856111,0.706335622,0.0,0.0,0.0,1.0
38,1790395047839568000,RL_calf,1790395047718741927,1790395047850303870,0.918396842,120.826073,10.73587,131.56194299999999,1,-0.054463134,0.998438305,-0.012428314,0.5929936570000001,-0.650434927,-0.044918325999999995,-0.758233095,0.899824631,-0.75760689,-0.033212223,0.651865473,0.848356826,0.0,0.0,0.0,1.0
38,1790395047839568000,RL_calflower,1790395047718741927,1790395047850303870,0.918396842,120.826073,10.73587,131.56194299999999,1,-0.053773913,0.998438305,-0.015134803999999998,0.593748825,-0.611726193,-0.044918325999999995,-0.789793698,0.999006843,-0.7892397729999999,-0.033212223,0.613186248,0.7367593920000001,0.0,0.0,0.0,1.0
38,1790395047839568000,RL_calflower1,1790395047718741927,1790395047850303870,0.918396842,120.826073,10.73587,131.56194299999999,1,-0.04070825,0.998438305,-0.038256168,0.59489219,-0.177887744,-0.044918325999999995,-0.983025418,1.036705322,-0.983208312,-0.033212223,0.179438597,0.720129144,0.0,0.0,0.0,1.0
38,1790395047839568000,RL_foot,1790395047718741927,1790395047850303870,0.918396842,120.826073,10.73587,131.56194299999999,1,-0.054463134,0.998438305,-0.012428314,0.595646297,-0.650434927,-0.044918325999999995,-0.758233095,1.0612832970000001,-0.75760689,-0.033212223,0.651865473,0.70954814,0.0,0.0,0.0,1.0
38,1790395047839568000,RR_hip,1790395047718741927,1790395047850303870,0.918396842,120.826073,10.73587,131.56194299999999,1,-0.042995435,0.98624062,-0.159626367,0.393318335,-0.236769867,-0.165281042,-0.9574042429999999,0.755460811,-0.970613837,-0.0033695659999999996,0.240618518,0.7112669509999999,0.0,0.0,0.0,1.0
38,1790395047839568000,RR_thigh,1790395047718741927,1790395047850303870,0.918396842,120.826073,10.73587,131.56194299999999,1,0.107874521,0.986240734,-0.125267903,0.299132362,0.658860353,-0.16528041699999999,-0.7338842529999999,0.7712451490000001,-0.744490795,-0.00336691,-0.66762412,0.711588745,0.0,0.0,0.0,1.0
38,1790395047839568000,RR_calf,1790395047718741927,1790395047850303870,0.918396842,120.826073,10.73587,131.56194299999999,1,-0.111057976,0.9862407470000001,-0.122454318,0.325810633,-0.647333358,-0.165280345,-0.744071642,0.9275430509999999,-0.754072713,-0.003366594,0.6567821979999999,0.8537754959999999,0.0,0.0,0.0,1.0
38,1790395047839568000,RR_calflower,1790395047718741927,1790395047850303870,0.918396842,120.826073,10.73587,131.56194299999999,1,-0.104799017,0.9862407470000001,-0.12785186699999998,0.341710588,-0.609336277,-0.165280345,-0.77549493,1.02470427,-0.785955747,-0.003366594,0.618273463,0.741507845,0.0,0.0,0.0,1.0
38,1790395047839568000,RR_calflower1,1790395047718741927,1790395047850303870,0.918396842,120.826073,10.73587,131.56194299999999,1,-0.033916866000000004,0.9862407470000001,-0.161797961,0.34787173899999996,-0.18237077399999999,-0.165280345,-0.9692388690000001,1.061811752,-0.982644567,-0.003366594,0.18546742600000002,0.7246391670000001,0.0,0.0,0.0,1.0
38,1790395047839568000,RR_foot,1790395047718741927,1790395047850303870,0.918396842,120.826073,10.73587,131.56194299999999,1,-0.111057976,0.9862407470000001,-0.122454318,0.351889767,-0.647333358,-0.165280345,-0.744071642,1.0860062129999999,-0.754072713,-0.003366594,0.6567821979999999,0.713902881,0.0,0.0,0.0,1.0
39,1790395047907560000,FL_hip,1790395047884398444,1790395047954519101,0.330310025,23.161556,46.959101000000004,70.120657,0,-0.041770932000000004,0.997070615,-0.064071216,0.455410857,-0.230806204,-0.072022148,-0.970330865,0.656504726,-0.972102609,-0.025743868,0.233138615,0.33524028899999997,0.0,0.0,0.0,1.0
39,1790395047907560000,FL_thigh,1790395047884398444,1790395047954519101,0.330310025,23.161556,46.959101000000004,70.120657,0,-0.059870373,0.997073953,-0.047526975,0.550626262,-0.5268351,-0.072003593,-0.846912593,0.6496269720000001,-0.8478562559999999,-0.025666371,0.529604427,0.332781872,0.0,0.0,0.0,1.0
39,1790395047907560000,FL_calf,1790395047884398444,1790395047954519101,0.330310025,23.161556,46.959101000000004,70.120657,0,-0.045707477,0.997073165,0.061283545999999994,0.5607527729999999,-0.830766679,-0.072007994,0.551944068,0.829986364,0.554741503,-0.025684633999999998,0.8316261220000001,0.219992446,0.0,0.0,0.0,1.0
39,1790395047907560000,FL_calflower,1790395047884398444,1790395047954519101,0.330310025,23.161556,46.959101000000004,70.120657,0,-0.048713255,0.997073165,0.058922536,0.55077767,-0.857314143,-0.072007994,0.5097332529999999,0.731693287,0.512484238,-0.025684635,0.858312326,0.108013786,0.0,0.0,0.0,1.0
39,1790395047907560000,FL_calflower1,1790395047884398444,1790395047954519101,0.330310025,23.161556,46.959101000000004,70.120657,0,-0.07041761,0.997073165,0.029769224,0.5489105479999999,-0.9958174940000001,-0.072007994,0.056240989000000005,0.719877875,0.058220159,-0.025684635,0.9979732240000001,0.068559248,0.0,0.0,0.0,1.0
39,1790395047907560000,FL_foot,1790395047884398444,1790395047954519101,0.330310025,23.161556,46.959101000000004,70.120657,0,-0.045707477,0.997073165,0.061283545999999994,0.547712752,-0.830766679,-0.072007994,0.551944068,0.712433509,0.554741503,-0.025684633999999998,0.8316261220000001,0.04286788,0.0,0.0,0.0,1.0
39,1790395047907560000,FR_hip,1790395047884398444,1790395047954519101,0.330310025,23.161556,46.959101000000004,70.120657,0,-0.041770932000000004,0.9747428140000001,-0.21938864600000002,0.362846385,-0.230806204,-0.22305498199999998,-0.947087985,0.66529343,-0.972102609,0.011075255,0.234294045,0.33713108,0.0,0.0,0.0,1.0
39,1790395047907560000,FR_thigh,1790395047884398444,1790395047954519101,0.330310025,23.161556,46.959101000000004,70.120657,0,-0.116672686,0.9747359390000001,-0.190465422,0.269767228,-0.5502123489999999,-0.22309302399999997,-0.8046717059999999,0.6865931409999999,-0.8268335790000001,0.01091296,0.562340628,0.3360735,0.0,0.0,0.0,1.0
39,1790395047907560000,FR_calf,1790395047884398444,1790395047954519101,0.330310025,23.161556,46.959101000000004,70.120657,0,-0.182124648,0.97475128,0.129190937,0.310307586,-0.764825373,-0.22300827899999998,0.604408916,0.857923093,0.617959003,0.011268997,0.786129457,0.21633473399999997,0.0,0.0,0.0,1.0
39,1790395047907560000,FR_calflower,1790395047884398444,1790395047954519101,0.330310025,23.161556,46.959101000000004,70.120657,0,-0.18835389600000002,0.97475128,0.11992704300000001,0.287580787,-0.794077395,-0.22300827899999998,0.565428225,0.753219146,0.577896619,0.011268997,0.816032077,0.11238941599999999,0.0,0.0,0.0,1.0
39,1790395047907560000,FR_calflower1,1790395047884398444,1790395047954519101,0.330310025,23.161556,46.959101000000004,70.120657,0,-0.22244876,0.97475128,0.019396772,0.284676508,-0.965445598,-0.22300827899999998,0.134843559,0.738547473,0.135764746,0.011268996000000002,0.9906769329999999,0.073985378,0.0,0.0,0.0,1.0
39,1790395047907560000,FR_foot,1790395047884398444,1790395047954519101,0.330310025,23.161556,46.959101000000004,70.120657,0,-0.182124648,0.97475128,0.129190937,0.282841128,-0.764825373,-0.22300827899999998,0.604408916,0.729236682,0.617959003,0.011268997,0.786129457,0.048958601,0.0,0.0,0.0,1.0
39,1790395047907560000,RL_hip,1790395047884398444,1790395047954519101,0.330310025,23.161556,46.959101000000004,70.120657,0,-0.041770932000000004,0.997710712,-0.053181455999999995,0.471567853,-0.230806204,-0.061423858,-0.971059363,0.745780566,-0.972102609,-0.028287722999999997,0.23284365,0.711249578,0.0,0.0,0.0,1.0
39,1790395047907560000,RL_thigh,1790395047884398444,1790395047954519101,0.330310025,23.161556,46.959101000000004,70.120657,0,0.025623583999999998,0.997711714,-0.06256604,0.566847587,0.7303603409999999,-0.0614183,-0.6802957040000001,0.739914691,-0.6825816140000001,-0.028264418,-0.730262491,0.708548147,0.0,0.0,0.0,1.0
39,1790395047907560000,RL_calf,1790395047884398444,1790395047954519101,0.330310025,23.161556,46.959101000000004,70.120657,0,-0.058891877,0.99770992,-0.033262676,0.580169167,-0.583172397,-0.061428224000000003,-0.810022968,0.884811377,-0.810210877,-0.028306176000000002,0.585454472,0.864089397,0.0,0.0,0.0,1.0
39,1790395047907560000,RL_calflower,1790395047884398444,1790395047954519101,0.330310025,23.161556,46.959101000000004,70.120657,0,-0.057155837,0.99770992,-0.036164474,0.5839125789999999,-0.5419593079999999,-0.061428224000000003,-0.838157123,0.993026999,-0.838458852,-0.028306176000000002,0.54422914,0.76124063,0.0,0.0,0.0,1.0
39,1790395047907560000,RL_calflower1,1790395047884398444,1790395047954519101,0.330310025,23.161556,46.959101000000004,70.120657,0,-0.033996936,0.99770992,-0.05847108,0.5859305579999999,-0.09367165,-0.061428224000000003,-0.993706635,1.031971382,-0.995022428,-0.028306176000000002,0.095545647,0.7478565,0.0,0.0,0.0,1.0
39,1790395047907560000,RL_foot,1790395047884398444,1790395047954519101,0.330310025,23.161556,46.959101000000004,70.120657,0,-0.058891877,0.99770992,-0.033262676,0.587252234,-0.583172397,-0.061428224000000003,-0.810022968,1.05733947,-0.810210877,-0.028306176000000002,0.585454472,0.73939104,0.0,0.0,0.0,1.0
39,1790395047907560000,RR_hip,1790395047884398444,1790395047954519101,0.330310025,23.161556,46.959101000000004,70.120657,0,-0.041770932000000004,0.9831768609999999,-0.177815051,0.37900338100000003,-0.230806204,-0.182651973,-0.9557025859999999,0.75456927,-0.972102609,0.001119965,0.234552992,0.7131403690000001,0.0,0.0,0.0,1.0
39,1790395047907560000,RR_thigh,1790395047884398444,1790395047954519101,0.330310025,23.161556,46.959101000000004,70.120657,0,0.128917145,0.9831883240000001,-0.129309055,0.285125576,0.688742935,-0.182588385,-0.701637607,0.772009706,-0.7134521709999999,0.001392155,-0.700702437,0.7130334140000001,0.0,0.0,0.0,1.0
39,1790395047907560000,RR_calf,1790395047884398444,1790395047954519101,0.330310025,23.161556,46.959101000000004,70.120657,0,-0.11728237300000001,0.9831882479999999,-0.13994805,0.312602858,-0.637332465,-0.182588809,-0.748645,0.921378225,-0.7616115609999999,0.00139031,0.648032206,0.8622175590000001,0.0,0.0,0.0,1.0
39,1790395047907560000,RR_calflower,1790395047884398444,1790395047954519101,0.330310025,23.161556,46.959101000000004,70.120657,0,-0.110141313,0.9831882479999999,-0.145634827,0.33098127899999996,-0.599119311,-0.182588809,-0.7795627359999999,1.0193620970000001,-0.7930478559999999,0.00139031,0.609157622,0.751133292,0.0,0.0,0.0,1.0
39,1790395047907560000,RR_calflower1,1790395047884398444,1790395047954519101,0.330310025,23.161556,46.959101000000004,70.120657,0,-0.030443655,0.9831882479999999,-0.180038317,0.33790585100000003,-0.171429949,-0.182588809,-0.96812901,1.056511734,-0.984725726,0.00139031,0.174106732,0.734706794,0.0,0.0,0.0,1.0
39,1790395047907560000,RR_foot,1790395047884398444,1790395047954519101,0.330310025,23.161556,46.959101000000004,70.120657,0,-0.11728237300000001,0.9831882479999999,-0.13994805,0.34241979200000006,-0.637332465,-0.182588809,-0.748645,1.0807309390000002,-0.7616115609999999,0.00139031,0.648032206,0.7242587159999999,0.0,0.0,0.0,1.0
40,1790395047971563000,FL_hip,1790395047954519101,1790395048020886998,0.256809388,17.043899,49.323997999999996,66.367897,0,-0.023135354,0.996556597,-0.079620765,0.448059734,-0.24349331300000002,-0.08286059,-0.9663569740000001,0.6519616779999999,-0.969626505,-0.002970175,0.244571977,0.34270918100000003,0.0,0.0,0.0,1.0
40,1790395047971563000,FL_thigh,1790395047954519101,1790395048020886998,0.256809388,17.043899,49.323997999999996,66.367897,0,-0.043871599000000004,0.996510785,-0.07100210900000001,0.54314614,-0.47488163,-0.083329122,-0.876096095,0.644054245,-0.8789554,-0.004718427,0.47688046100000003,0.342426106,0.0,0.0,0.0,1.0
40,1790395047971563000,FL_calf,1790395047954519101,1790395048020886998,0.256809388,17.043899,49.323997999999996,66.367897,0,-0.066699726,0.9965754640000001,0.048869750999999996,0.5581360160000001,-0.8189267170000001,-0.082658992,0.567914779,0.8297918479999999,0.570009435,-0.002141273,0.821635255,0.24125012199999998,0.0,0.0,0.0,1.0
40,1790395047971563000,FL_calflower,1790395047954519101,1790395048020886998,0.256809388,17.043899,49.323997999999996,66.367897,0,-0.069058839,0.9965754640000001,0.04547508,0.5496901,-0.8462871809999999,-0.082658992,0.526275756,0.7295014409999999,0.528232423,-0.002141274,0.849097023,0.131120807,0.0,0.0,0.0,1.0
40,1790395047971563000,FL_calflower1,1790395047954519101,1790395048020886998,0.256809388,17.043899,49.323997999999996,66.367897,0,-0.082254284,0.9965754640000001,0.008446232,0.548597729,-0.9936756170000001,-0.082658993,0.076006127,0.7169247670000001,0.076444154,-0.002141274,0.997071481,0.09190552099999999,0.0,0.0,0.0,1.0
40,1790395047971563000,FL_foot,1790395047954519101,1790395048020886998,0.256809388,17.043899,49.323997999999996,66.367897,0,-0.066699726,0.9965754640000001,0.048869750999999996,0.547907004,-0.8189267170000001,-0.082658992,0.567914779,0.708984066,0.570009435,-0.002141273,0.821635255,0.066365438,0.0,0.0,0.0,1.0
40,1790395047971563000,FR_hip,1790395047954519101,1790395048020886998,0.256809388,17.043899,49.323997999999996,66.367897,0,-0.023135354,0.964400356,-0.263432096,0.35568134700000004,-0.24349331300000002,-0.26100324,-0.934124717,0.6626851420000001,-0.969626505,0.042532383,0.240863592,0.342220477,0.0,0.0,0.0,1.0
40,1790395047971563000,FR_thigh,1790395047954519101,1790395048020886998,0.256809388,17.043899,49.323997999999996,66.367897,0,-0.122857657,0.9644003590000001,-0.234174519,0.263581125,-0.584638902,-0.261003214,-0.7681636209999999,0.6876109490000001,-0.801937205,0.042532485999999994,0.595892221,0.338158635,0.0,0.0,0.0,1.0
40,1790395047971563000,FR_calf,1790395047954519101,1790395048020886998,0.256809388,17.043899,49.323997999999996,66.367897,0,-0.235233615,0.964400342,0.120817584,0.313460295,-0.773217947,-0.261003395,0.577937633,0.85122976,0.588897064,0.04253177,0.8070880559999999,0.21123361,0.0,0.0,0.0,1.0
40,1790395047971563000,FR_calflower,1790395047954519101,1790395048020886998,0.256809388,17.043899,49.323997999999996,66.367897,0,-0.240977997,0.964400342,0.108909812,0.290874615,-0.8011364679999999,-0.261003395,0.538570571,0.750230981,0.547823506,0.04253177,0.835511992,0.10356285400000001,0.0,0.0,0.0,1.0
40,1790395047971563000,FR_calflower1,1790395047954519101,1790395048020886998,0.256809388,17.043899,49.323997999999996,66.367897,0,-0.264038543,0.964400342,-0.01467617,0.288927983,-0.9593046540000001,-0.261003394,0.107761223,0.736699573,0.100094629,0.04253177,0.994068381,0.064664262,0.0,0.0,0.0,1.0
40,1790395047971563000,FR_foot,1790395047954519101,1790395048020886998,0.256809388,17.043899,49.323997999999996,66.367897,0,-0.235233615,0.964400342,0.120817584,0.287726113,-0.773217947,-0.261003395,0.577937633,0.728129475,0.588897064,0.04253177,0.8070880559999999,0.039324391,0.0,0.0,0.0,1.0
40,1790395047971563000,RL_hip,1790395047954519101,1790395048020886998,0.256809388,17.043899,49.323997999999996,66.367897,0,-0.023135354,0.9959453629999999,-0.086933019,0.45700848899999996,-0.24349331300000002,-0.08995110099999999,-0.965722775,0.746144892,-0.969626505,-0.001175017,0.24458718899999998,0.717760713,0.0,0.0,0.0,1.0
40,1790395047971563000,RL_thigh,1790395047954519101,1790395048020886998,0.256809388,17.043899,49.323997999999996,66.367897,0,0.064208828,0.995945558,-0.063003435,0.5521212320000001,0.719903132,-0.089949053,-0.688221854,0.737554565,-0.6910985209999999,-0.001166739,-0.722759507,0.717648499,0.0,0.0,0.0,1.0
40,1790395047971563000,RL_calf,1790395047954519101,1790395048020886998,0.256809388,17.043899,49.323997999999996,66.367897,0,-0.056787589000000006,0.995945773,-0.069763515,0.565537041,-0.618707211,-0.089946795,-0.7804560420000001,0.884120128,-0.783566553,-0.001157315,0.621306648,0.871569577,0.0,0.0,0.0,1.0
40,1790395047971563000,RL_calflower,1790395047954519101,1790395048020886998,0.256809388,17.043899,49.323997999999996,66.367897,0,-0.053229898,0.995945773,-0.072514526,0.574720597,-0.578927443,-0.089946795,-0.810403148,0.9871723809999999,-0.813639688,-0.001157315,0.581368172,0.76403185,0.0,0.0,0.0,1.0
40,1790395047971563000,RL_calflower1,1790395047954519101,1790395048020886998,0.256809388,17.043899,49.323997999999996,66.367897,0,-0.013728951000000001,0.995945773,-0.08890047400000001,0.57815088,-0.139278405,-0.089946795,-0.986160115,1.02534749,-0.990157988,-0.001157315,0.13994875199999998,0.748926023,0.0,0.0,0.0,1.0
40,1790395047971563000,RL_foot,1790395047954519101,1790395048020886998,0.256809388,17.043899,49.323997999999996,66.367897,0,-0.056787589000000006,0.995945773,-0.069763515,0.580386683,-0.618707211,-0.089946795,-0.7804560420000001,1.050226133,-0.783566553,-0.001157315,0.621306648,0.7393386940000001,0.0,0.0,0.0,1.0
40,1790395047971563000,RR_hip,1790395047954519101,1790395048020886998,0.256809388,17.043899,49.323997999999996,66.367897,0,-0.023135354,0.982715207,-0.183671821,0.364630102,-0.24349331300000002,-0.183727328,-0.952342348,0.7568683559999999,-0.969626505,0.022689807000000003,0.243535308,0.7172720090000001,0.0,0.0,0.0,1.0
40,1790395047971563000,RR_thigh,1790395047954519101,1790395048020886998,0.256809388,17.043899,49.323997999999996,66.367897,0,0.13493297099999998,0.9827104090000001,-0.12677976,0.270785341,0.62776377,-0.183779384,-0.7563983479999999,0.77441345,-0.7666199429999999,0.02247506,-0.64170754,0.715105242,0.0,0.0,0.0,1.0
40,1790395047971563000,RR_calf,1790395047954519101,1790395048020886998,0.256809388,17.043899,49.323997999999996,66.367897,0,-0.11619328,0.9827082359999999,-0.144164509,0.297796806,-0.706215198,-0.18380419399999998,-0.68372274,0.935348782,-0.698397655,0.022366902999999997,0.7153602379999999,0.851656269,0.0,0.0,0.0,1.0
40,1790395047971563000,RR_calflower,1790395047954519101,1790395048020886998,0.256809388,17.043899,49.323997999999996,66.367897,0,-0.10884284699999999,0.9827082359999999,-0.149791584,0.316733092,-0.671160718,-0.18380419399999998,-0.718164314,1.022225489,-0.73327795,0.022366902999999997,0.67956089,0.73209281,0.0,0.0,0.0,1.0
40,1790395047971563000,RR_calflower1,1790395047954519101,1790395048020886998,0.256809388,17.043899,49.323997999999996,66.367897,0,-0.027372418,0.9827082359999999,-0.18312573399999998,0.32379268699999997,-0.263682825,-0.18380419399999998,-0.946936143,1.0575832509999998,-0.9642208859999999,0.022366902999999997,0.264154572,0.712290648,0.0,0.0,0.0,1.0
40,1790395047971563000,RR_foot,1790395047954519101,1790395048020886998,0.256809388,17.043899,49.323997999999996,66.367897,0,-0.11619328,0.9827082359999999,-0.144164509,0.328393877,-0.706215198,-0.18380419399999998,-0.68372274,1.080658841,-0.698397655,0.022366902999999997,0.7153602379999999,0.699640218,0.0,0.0,0.0,1.0
41,1790395048507567000,FL_hip,1790395048152429456,1790395048678638044,0.674898799,355.137544,171.071044,526.208588,1,-0.004648364,0.9989256190000001,0.046105812999999995,0.44600798700000005,-0.230386018,0.043796264,-0.972113605,0.658187269,-0.9730881109999999,-0.015141162,0.229934996,0.344658945,0.0,0.0,0.0,1.0
41,1790395048507567000,FL_thigh,1790395048152429456,1790395048678638044,0.674898799,355.137544,171.071044,526.208588,1,0.007873557,0.998925669,0.045664659,0.5414032910000001,-0.482201861,0.043798715999999994,-0.874964988,0.662369717,-0.876024693,-0.015130787,0.482028657,0.343212997,0.0,0.0,0.0,1.0
41,1790395048507567000,FL_calf,1790395048152429456,1790395048678638044,0.674898799,355.137544,171.071044,526.208588,1,0.044422355,0.9989251140000001,-0.013229391,0.531677595,-0.81016595,0.043770004,0.584564806,0.848731947,0.584515463,-0.015250033,0.8112391379999999,0.240542449,0.0,0.0,0.0,1.0
41,1790395048507567000,FL_calflower,1790395048152429456,1790395048678638044,0.674898799,355.137544,171.071044,526.208588,1,0.045028032,0.9989251140000001,-0.010992666000000002,0.534507703,-0.8383695170000001,0.043770004,0.543342831,0.746072134,0.543239912,-0.015250032,0.8394388979999999,0.13223166,0.0,0.0,0.0,1.0
41,1790395048507567000,FL_calflower1,1790395048152429456,1790395048678638044,0.674898799,355.137544,171.071044,526.208588,1,0.04501582,0.9989251140000001,0.011042568999999999,0.5344925420000001,-0.994533909,0.043770004,0.094800748,0.732729425,0.094215641,-0.015250032,0.995434919,0.09324412300000001,0.0,0.0,0.0,1.0
41,1790395048507567000,FL_foot,1790395048152429456,1790395048678638044,0.674898799,355.137544,171.071044,526.208588,1,0.044422355,0.9989251140000001,-0.013229391,0.534471605,-0.81016595,0.043770004,0.584564806,0.724290662,0.584515463,-0.015250033,0.8112391379999999,0.067847827,0.0,0.0,0.0,1.0
41,1790395048507567000,FR_hip,1790395048152429456,1790395048678638044,0.674898799,355.137544,171.071044,526.208588,1,-0.004648364,0.994003379,-0.109249355,0.353041284,-0.230386018,-0.10737608900000001,-0.967157355,0.660671083,-0.9730881109999999,0.020673551000000002,0.229503729,0.34451500399999996,0.0,0.0,0.0,1.0
41,1790395048507567000,FR_thigh,1790395048152429456,1790395048678638044,0.674898799,355.137544,171.071044,526.208588,1,-0.036349626,0.994003231,-0.10313111800000001,0.258114271,-0.502505338,-0.10738390199999999,-0.8578798129999999,0.670925466,-0.86380957,0.020640053000000002,0.5033953170000001,0.34254068600000004,0.0,0.0,0.0,1.0
41,1790395048507567000,FR_calf,1790395048152429456,1790395048678638044,0.674898799,355.137544,171.071044,526.208588,1,-0.10335178800000001,0.994003051,0.03572238,0.28007093,-0.861159087,-0.107395432,0.49686209299999995,0.853587395,0.497718881,0.02058866,0.8670939120000001,0.23535695899999998,0.0,0.0,0.0,1.0
41,1790395048507567000,FR_calflower,1790395048152429456,1790395048678638044,0.674898799,355.137544,171.071044,526.208588,1,-0.105008,0.994003051,0.0305123,0.27272311899999996,-0.884915617,-0.107395432,0.453201129,0.76304556,0.453760228,0.02058866,0.890885846,0.11725256099999999,0.0,0.0,0.0,1.0
41,1790395048507567000,FR_calflower1,1790395048152429456,1790395048678638044,0.674898799,355.137544,171.071044,526.208588,1,-0.10723150699999999,0.994003051,-0.021426252000000003,0.272549716,-0.994194503,-0.107395432,-0.006648504,0.7537901909999999,-0.008909513,0.02058866,0.999748247,0.077172411,0.0,0.0,0.0,1.0
41,1790395048507567000,FR_foot,1790395048152429456,1790395048678638044,0.674898799,355.137544,171.071044,526.208588,1,-0.10335178800000001,0.994003051,0.03572238,0.27246320399999996,-0.861159087,-0.107395432,0.49686209299999995,0.7480109629999999,0.497718881,0.02058866,0.8670939120000001,0.051090422,0.0,0.0,0.0,1.0
41,1790395048507567000,RL_hip,1790395048152429456,1790395048678638044,0.674898799,355.137544,171.071044,526.208588,1,-0.004648364,0.999566086,0.02908229,0.447805974,-0.230386018,0.027229822,-0.972718619,0.747300581,-0.9730881109999999,-0.011221991,0.230159563,0.721049426,0.0,0.0,0.0,1.0
41,1790395048507567000,RL_thigh,1790395048152429456,1790395048678638044,0.674898799,355.137544,171.071044,526.208588,1,-0.026790817999999997,0.999565514,0.012279328,0.5432484129999999,0.678352257,0.027201366,-0.734233609,0.749900518,-0.734248493,-0.011341298,-0.678785942,0.719977924,0.0,0.0,0.0,1.0
41,1790395048507567000,RL_calf,1790395048152429456,1790395048678638044,0.674898799,355.137544,171.071044,526.208588,1,0.012396743,0.99956709,0.026677684,0.540655597,-0.7300305640000001,0.02727925,-0.682870346,0.9062597,-0.6833021440000001,-0.011010445,0.730052587,0.864550762,0.0,0.0,0.0,1.0
41,1790395048507567000,RL_calflower,1790395048152429456,1790395048678638044,0.674898799,355.137544,171.071044,526.208588,1,0.011047922,0.99956709,0.027263923,0.536978642,-0.6949889229999999,0.02727925,-0.7185032570000001,0.9926823359999999,-0.7189356159999999,-0.011010445,0.694989338,0.742875081,0.0,0.0,0.0,1.0
41,1790395048507567000,RL_calflower1,1790395048152429456,1790395048678638044,0.674898799,355.137544,171.071044,526.208588,1,-0.0027904609999999997,0.99956709,0.029284661,0.535780861,-0.284661805,0.02727925,-0.958240153,1.028356032,-0.958623845,-0.011010445,0.284462518,0.722272158,0.0,0.0,0.0,1.0
41,1790395048507567000,RL_foot,1790395048152429456,1790395048678638044,0.674898799,355.137544,171.071044,526.208588,1,0.012396743,0.99956709,0.026677684,0.5350019770000001,-0.7300305640000001,0.02727925,-0.682870346,1.051642549,-0.6833021440000001,-0.011010445,0.730052587,0.7090996820000001,0.0,0.0,0.0,1.0
41,1790395048507567000,RR_hip,1790395048152429456,1790395048678638044,0.674898799,355.137544,171.071044,526.208588,1,-0.004648364,0.9989467409999999,-0.045645889,0.354839271,-0.230386018,-0.045488232,-0.972035902,0.749784395,-0.9730881109999999,0.005997517,0.23035491600000002,0.720905485,0.0,0.0,0.0,1.0
41,1790395048507567000,RR_thigh,1790395048152429456,1790395048678638044,0.674898799,355.137544,171.071044,526.208588,1,0.032648586,0.998945778,-0.032266846,0.259446709,0.615854539,-0.045534017999999996,-0.786543408,0.7541282290000001,-0.7871833290000001,0.005807566,-0.6166915820000001,0.720332759,0.0,0.0,0.0,1.0
41,1790395048507567000,RR_calf,1790395048152429456,1790395048678638044,0.674898799,355.137544,171.071044,526.208588,1,-0.030126327999999997,0.998945112,-0.034652762999999996,0.26634853399999997,-0.7438435859999999,-0.045563739000000006,-0.666799338,0.921562972,-0.667674511,0.005687739,0.7444314790000001,0.8516199090000001,0.0,0.0,0.0,1.0
41,1790395048507567000,RR_calflower,1790395048152429456,1790395048678638044,0.674898799,355.137544,171.071044,526.208588,1,-0.028356762,0.998945112,-0.036115145,0.270836822,-0.709587898,-0.04556374,-0.703142697,1.005245058,-0.7040461579999999,0.005687739,0.7101313159999999,0.7282654540000001,0.0,0.0,0.0,1.0
41,1790395048507567000,RR_calflower1,1790395048152429456,1790395048678638044,0.674898799,355.137544,171.071044,526.208588,1,-0.008475082,0.998945112,-0.045128512,0.272558797,-0.30470420800000003,-0.045563739000000006,-0.951356917,1.040413831,-0.9524092209999999,0.005687739,0.304769017,0.706930873,0.0,0.0,0.0,1.0
41,1790395048507567000,RR_foot,1790395048152429456,1790395048678638044,0.674898799,355.137544,171.071044,526.208588,1,-0.030126327999999997,0.998945112,-0.034652762999999996,0.27368162100000004,-0.7438435859999999,-0.045563739000000006,-0.666799338,1.063376595,-0.667674511,0.005687739,0.7444314790000001,0.6932804370000001,0.0,0.0,0.0,1.0
42,1790395048571565000,FL_hip,1790395048152429456,1790395048678638044,0.7965197709999999,419.135544,107.073044,526.208588,1,0.017561534,0.996316249,0.083936137,0.444956069,-0.245431895,0.085676244,-0.9656207609999999,0.660668637,-0.969254649,-0.003643118,0.24603248100000003,0.34271500200000005,0.0,0.0,0.0,1.0
42,1790395048571565000,FL_thigh,1790395048152429456,1790395048678638044,0.7965197709999999,419.135544,107.073044,526.208588,1,0.039333289,0.996316111,0.076202688,0.54010273,-0.49423741600000004,0.085678172,-0.865094974,0.668850582,-0.8684366179999999,-0.003635484,0.495786701,0.342367091,0.0,0.0,0.0,1.0
42,1790395048571565000,FL_calf,1790395048152429456,1790395048678638044,0.7965197709999999,419.135544,107.073044,526.208588,1,0.070448968,0.996317748,-0.04886347,0.523872359,-0.7931495209999999,0.085655371,0.602974031,0.853111937,0.604939097,-0.003723155,0.7962629309999999,0.236765742,0.0,0.0,0.0,1.0
42,1790395048571565000,FL_calflower,1790395048152429456,1790395048678638044,0.7965197709999999,419.135544,107.073044,526.208588,1,0.07280308099999999,0.996317748,-0.045281423,0.532498636,-0.8222944320000001,0.08565537,0.562579516,0.74805272,0.564386521,-0.003723155,0.825502163,0.13106264199999998,0.0,0.0,0.0,1.0
42,1790395048571565000,FL_calflower1,1790395048152429456,1790395048678638044,0.7965197709999999,419.135544,107.073044,526.208588,1,0.085485981,0.996317748,-0.006545445,0.533578031,-0.989158491,0.08565537,0.11928672900000001,0.7337780359999999,0.11940827,-0.003723155,0.99283817,0.092415102,0.0,0.0,0.0,1.0
42,1790395048571565000,FL_foot,1790395048152429456,1790395048678638044,0.7965197709999999,419.135544,107.073044,526.208588,1,0.070448968,0.996317748,-0.04886347,0.534259471,-0.7931495209999999,0.085655371,0.602974031,0.7247314570000001,0.604939097,-0.003723155,0.7962629309999999,0.067233874,0.0,0.0,0.0,1.0
42,1790395048571565000,FR_hip,1790395048152429456,1790395048678638044,0.7965197709999999,419.135544,107.073044,526.208588,1,0.017561534,0.997455346,-0.06909542,0.351978642,-0.245431895,-0.062691241,-0.96738497,0.659069098,-0.969254649,0.033946706,0.243706535,0.341435438,0.0,0.0,0.0,1.0
42,1790395048571565000,FR_thigh,1790395048152429456,1790395048678638044,0.7965197709999999,419.135544,107.073044,526.208588,1,-0.002885156,0.997455801,-0.07122746,0.256721886,-0.510979567,-0.06269733799999999,-0.857303688,0.665056097,-0.8595879470000001,0.033922044,0.509860456,0.338193535,0.0,0.0,0.0,1.0
42,1790395048571565000,FR_calf,1790395048152429456,1790395048678638044,0.7965197709999999,419.135544,107.073044,526.208588,1,-0.07125549099999999,0.997456537,0.001692114,0.271887549,-0.865998926,-0.062706129,0.49609927299999995,0.847612783,0.49494360600000004,0.033884151,0.8682640840000001,0.22962299600000002,0.0,0.0,0.0,1.0
42,1790395048571565000,FR_calflower,1790395048152429456,1790395048678638044,0.7965197709999999,419.135544,107.073044,526.208588,1,-0.07125101,0.997456537,-0.001871291,0.270206905,-0.889711283,-0.062706129,0.452197371,0.7570323179999999,0.450929938,0.033884151,0.89191585,0.11121745300000001,0.0,0.0,0.0,1.0
42,1790395048571565000,FR_calflower1,1790395048152429456,1790395048678638044,0.7965197709999999,419.135544,107.073044,526.208588,1,-0.06233516099999999,0.997456537,-0.034562058,0.270990415,-0.99798472,-0.062706129,-0.00975337,0.747859455,-0.0118956,0.03388415,0.9993548859999999,0.071099918,0.0,0.0,0.0,1.0
42,1790395048571565000,FR_foot,1790395048152429456,1790395048678638044,0.7965197709999999,419.135544,107.073044,526.208588,1,-0.07125549099999999,0.997456537,0.001692114,0.271515644,-0.865998926,-0.062706129,0.49609927299999995,0.742135002,0.49494360600000004,0.033884151,0.8682640840000001,0.044994335999999996,0.0,0.0,0.0,1.0
42,1790395048571565000,RL_hip,1790395048152429456,1790395048678638044,0.7965197709999999,419.135544,107.073044,526.208588,1,0.017561534,0.997801273,0.063905892,0.438163268,-0.245431895,0.066262237,-0.967146932,0.7556016940000001,-0.969254649,0.001299747,0.246056019,0.7176227,0.0,0.0,0.0,1.0
42,1790395048571565000,RL_thigh,1790395048152429456,1790395048678638044,0.7965197709999999,419.135544,107.073044,526.208588,1,-0.043088529,0.997802876,0.050324442999999996,0.533441406,0.662747104,0.066239753,-0.745908345,0.7619288590000001,-0.74760286,0.001211993,-0.664144806,0.717746833,0.0,0.0,0.0,1.0
42,1790395048571565000,RL_calf,1790395048152429456,1790395048678638044,0.7965197709999999,419.135544,107.073044,526.208588,1,0.049848101,0.997798493,0.043738825,0.522740133,-0.7353528709999999,0.066300847,-0.674433866,0.920783901,-0.675848681,0.001455484,0.7370388520000001,0.859203968,0.0,0.0,0.0,1.0
42,1790395048571565000,RL_calflower,1790395048152429456,1790395048678638044,0.7965197709999999,419.135544,107.073044,526.208588,1,0.047599773,0.997798493,0.04617553,0.517281959,-0.700726227,0.066300848,-0.710343325,1.005863494,-0.7118406359999999,0.001455484,0.70233939,0.736634054,0.0,0.0,0.0,1.0
42,1790395048571565000,RL_calflower1,1790395048152429456,1790395048678638044,0.7965197709999999,419.135544,107.073044,526.208588,1,0.020897858999999998,0.997798493,0.062938044,0.514961782,-0.293518851,0.066300847,-0.953651702,1.041272618,-0.955724734,0.001455484,0.294258291,0.71566447,0.0,0.0,0.0,1.0
42,1790395048571565000,RL_foot,1790395048152429456,1790395048678638044,0.7965197709999999,419.135544,107.073044,526.208588,1,0.049848101,0.997798493,0.043738825,0.513446626,-0.7353528709999999,0.066300847,-0.674433866,1.064389135,-0.675848681,0.001455484,0.7370388520000001,0.702252674,0.0,0.0,0.0,1.0
42,1790395048571565000,RR_hip,1790395048152429456,1790395048678638044,0.7965197709999999,419.135544,107.073044,526.208588,1,0.017561534,0.999803999,-0.009127315,0.345185841,-0.245431895,-0.004538783,-0.969403565,0.754002155,-0.969254649,0.019264063,0.245304198,0.716343136,0.0,0.0,0.0,1.0
42,1790395048571565000,RR_thigh,1790395048152429456,1790395048678638044,0.7965197709999999,419.135544,107.073044,526.208588,1,0.01806742,0.9998065140000001,0.007762364,0.249709624,0.597638259,-0.00457517,-0.801753245,0.75443561,-0.80156248,0.019124413,-0.59760495,0.71450351,0.0,0.0,0.0,1.0
42,1790395048571565000,RR_calf,1790395048152429456,1790395048678638044,0.7965197709999999,419.135544,107.073044,526.208588,1,0.0087778,0.999808083,-0.017507112,0.248081388,-0.763698048,-0.004599149,-0.645557764,0.925135995,-0.645514045,0.019036439,0.7635110079999999,0.841744665,0.0,0.0,0.0,1.0
42,1790395048571565000,RR_calflower,1790395048152429456,1790395048678638044,0.7965197709999999,419.135544,107.073044,526.208588,1,0.009641821,0.999808083,-0.017046526,0.250822469,-0.7304791840000001,-0.004599149,-0.682919979,1.005312025,-0.682866966,0.019036439,0.730294563,0.715965517,0.0,0.0,0.0,1.0
42,1790395048571565000,RR_calflower1,1790395048152429456,1790395048678638044,0.7965197709999999,419.135544,107.073044,526.208588,1,0.016423977,0.999808083,-0.010667788999999999,0.25140471600000003,-0.332573102,-0.004599149,-0.943066629,1.039894899,-0.942934353,0.01903644,0.332433825,0.693605464,0.0,0.0,0.0,1.0
42,1790395048571565000,RR_foot,1790395048152429456,1790395048678638044,0.7965197709999999,419.135544,107.073044,526.208588,1,0.0087778,0.999808083,-0.017507112,0.251779661,-0.763698048,-0.004599149,-0.645557764,1.062483246,-0.645514045,0.019036439,0.7635110079999999,0.6792854070000001,0.0,0.0,0.0,1.0
43,1790395048639566000,FL_hip,1790395048152429456,1790395048678638044,0.925747993,487.136544,39.072044,526.208588,1,0.027671022000000003,0.991110932,0.13012758300000002,0.455195942,-0.25686061600000004,0.132856196,-0.95727349,0.665291662,-0.9660521390000001,-0.00693621,0.258253729,0.331088927,0.0,0.0,0.0,1.0
43,1790395048639566000,FL_thigh,1790395048152429456,1790395048678638044,0.925747993,487.136544,39.072044,526.208588,1,0.06129461,0.99111084,0.118076359,0.549846386,-0.502265371,0.13285705,-0.85444671,0.6779793390000001,-0.862538322,-0.006932983,0.5059440789999999,0.330426524,0.0,0.0,0.0,1.0
43,1790395048639566000,FL_calf,1790395048152429456,1790395048678638044,0.925747993,487.136544,39.072044,526.208588,1,0.10829255300000001,0.9911119490000001,-0.077263061,0.524696542,-0.7752766990000001,0.13284684,0.617493672,0.85997487,0.622269466,-0.00697001,0.782771975,0.222660971,0.0,0.0,0.0,1.0
43,1790395048639566000,FL_calflower,1790395048152429456,1790395048678638044,0.925747993,487.136544,39.072044,526.208588,1,0.11201875900000001,0.9911119490000001,-0.071754131,0.538290306,-0.805169626,0.13284684,0.577974281,0.753098887,0.5823694979999999,-0.00697001,0.812894225,0.11927492,0.0,0.0,0.0,1.0
43,1790395048639566000,FL_calflower1,1790395048152429456,1790395048678638044,0.925747993,487.136544,39.072044,526.208588,1,0.132494633,0.9911119490000001,-0.011917618999999999,0.540038555,-0.981077857,0.13284684,0.140849686,0.738033997,0.141181163,-0.00697001,0.989959157,0.08094238200000001,0.0,0.0,0.0,1.0
43,1790395048639566000,FL_foot,1790395048152429456,1790395048678638044,0.925747993,487.136544,39.072044,526.208588,1,0.10829255300000001,0.9911119490000001,-0.077263061,0.54114371,-0.7752766990000001,0.13284684,0.617493672,0.7284712240000001,0.622269466,-0.00697001,0.782771975,0.055960790999999996,0.0,0.0,0.0,1.0
43,1790395048639566000,FR_hip,1790395048152429456,1790395048678638044,0.925747993,487.136544,39.072044,526.208588,1,0.027671022000000003,0.9994144420000001,-0.020120681,0.362408021,-0.25686061600000004,-0.012343708,-0.9663699790000001,0.659096636,-0.9660521390000001,0.031908379,0.256368787,0.330078368,0.0,0.0,0.0,1.0
43,1790395048639566000,FR_thigh,1790395048152429456,1790395048678638044,0.925747993,487.136544,39.072044,526.208588,1,0.020979419,0.9994147409999999,-0.02701466,0.26696404,-0.515290096,-0.012346392,-0.85692728,0.660275458,-0.8567589259999999,0.031897946,0.51472954,0.32703112100000004,0.0,0.0,0.0,1.0
43,1790395048639566000,FR_calf,1790395048152429456,1790395048678638044,0.925747993,487.136544,39.072044,526.208588,1,-0.026398157999999998,0.9994152070000001,-0.021728652999999997,0.272716768,-0.87133336,-0.012350168,0.490536776,0.8427802259999999,0.489981614,0.031881891,0.87114947,0.217406563,0.0,0.0,0.0,1.0
43,1790395048639566000,FR_calflower,1790395048152429456,1790395048678638044,0.925747993,487.136544,39.072044,526.208588,1,-0.025279187,0.9994152070000001,-0.023020856,0.275399232,-0.89476104,-0.012350168,0.446375216,0.752823281,0.445829937,0.031881891,0.8945496340000001,0.09835987300000001,0.0,0.0,0.0,1.0
43,1790395048639566000,FR_calflower1,1790395048152429456,1790395048678638044,0.925747993,487.136544,39.072044,526.208588,1,-0.011791959,0.9994152070000001,-0.032092785,0.276570907,-0.9997752790000001,-0.012350168,-0.017249466,0.743923587,-0.017635501,0.031881891,0.999335964,0.058148548,0.0,0.0,0.0,1.0
43,1790395048639566000,FR_foot,1790395048152429456,1790395048678638044,0.925747993,487.136544,39.072044,526.208588,1,-0.026398157999999998,0.9994152070000001,-0.021728652999999997,0.277336335,-0.87133336,-0.012350168,0.490536776,0.738377596,0.489981614,0.031881891,0.87114947,0.031983337,0.0,0.0,0.0,1.0
43,1790395048639566000,RL_hip,1790395048152429456,1790395048678638044,0.925747993,487.136544,39.072044,526.208588,1,0.027671022000000003,0.9938770659999999,0.106969367,0.444492791,-0.25686061600000004,0.11048667,-0.960112493,0.764645348,-0.9660521390000001,-0.000909216,0.258345259,0.7047578940000001,0.0,0.0,0.0,1.0
43,1790395048639566000,RL_thigh,1790395048152429456,1790395048678638044,0.925747993,487.136544,39.072044,526.208588,1,-0.072722866,0.993878145,0.083170731,0.539403034,0.647741098,0.110476651,-0.75380837,0.775196213,-0.758381985,-0.000946297,-0.651809561,0.7046710829999999,0.0,0.0,0.0,1.0
43,1790395048639566000,RL_calf,1790395048152429456,1790395048678638044,0.925747993,487.136544,39.072044,526.208588,1,0.081343057,0.993875233,0.074800282,0.521695693,-0.736724873,0.110503683,-0.667102748,0.935747795,-0.671282265,-0.000843343,0.7412012170000001,0.8435042229999999,0.0,0.0,0.0,1.0
43,1790395048639566000,RL_calflower,1790395048152429456,1790395048678638044,0.925747993,487.136544,39.072044,526.208588,1,0.077502944,0.993875233,0.078772259,0.5122604470000001,-0.7024629179999999,0.110503683,-0.70308994,1.019732482,-0.707487958,-0.000843343,0.7067247790000001,0.7203931309999999,0.0,0.0,0.0,1.0
43,1790395048639566000,RL_calflower1,1790395048152429456,1790395048678638044,0.925747993,487.136544,39.072044,526.208588,1,0.032369329,0.993875233,0.105659839,0.508335976,-0.298408748,0.110503683,-0.948019954,1.054875763,-0.953889012,-0.000843343,0.300158084,0.6992014390000001,0.0,0.0,0.0,1.0
43,1790395048639566000,RL_foot,1790395048152429456,1790395048678638044,0.925747993,487.136544,39.072044,526.208588,1,0.081343057,0.993875233,0.074800282,0.505773943,-0.736724873,0.110503683,-0.667102748,1.077820484,-0.671282265,-0.000843343,0.7412012170000001,0.6856446709999999,0.0,0.0,0.0,1.0
43,1790395048639566000,RR_hip,1790395048152429456,1790395048678638044,0.925747993,487.136544,39.072044,526.208588,1,0.027671022000000003,0.9989731559999999,0.035870627999999995,0.35170487,-0.25686061600000004,0.041785157999999996,-0.9655450809999999,0.7584503220000001,-0.9660521390000001,0.017503583,0.257753224,0.703747335,0.0,0.0,0.0,1.0
43,1790395048639566000,RR_thigh,1790395048152429456,1790395048678638044,0.925747993,487.136544,39.072044,526.208588,1,-0.010034085,0.9989748690000001,0.044139335,0.256305079,0.5801415520000001,0.041768851,-0.8134444190000001,0.754459944,-0.814454063,0.017444607,-0.579965603,0.702075777,0.0,0.0,0.0,1.0
43,1790395048639566000,RR_calf,1790395048152429456,1790395048678638044,0.925747993,487.136544,39.072044,526.208588,1,0.043482834000000005,0.998975972,0.01249014,0.24691551399999997,-0.779998981,0.041757949,-0.624386533,0.927692845,-0.62426836,0.017407515,0.781015895,0.825588265,0.0,0.0,0.0,1.0
43,1790395048639566000,RR_calflower,1790395048152429456,1790395048678638044,0.925747993,487.136544,39.072044,526.208588,1,0.042804245,0.998975972,0.014647766000000001,0.24592779,-0.747817865,0.041757949,-0.662589914,1.00446334,-0.662522713,0.017407515,0.7488394140000001,0.6975687159999999,0.0,0.0,0.0,1.0
43,1790395048639566000,RR_calflower1,1790395048152429456,1790395048678638044,0.925747993,487.136544,39.072044,526.208588,1,0.031203115,0.998975972,0.032758603,0.244913288,-0.357340425,0.041757949,-0.9330406059999999,1.0384288259999999,-0.93345273,0.017407515,0.358277566,0.67425044,0.0,0.0,0.0,1.0
43,1790395048639566000,RR_foot,1790395048152429456,1790395048678638044,0.925747993,487.136544,39.072044,526.208588,1,0.043482834000000005,0.998975972,0.01249014,0.244245397,-0.779998981,0.041757949,-0.624386533,1.06062152,-0.62426836,0.017407515,0.781015895,0.659304577,0.0,0.0,0.0,1.0
44,1790395048707562000,FL_hip,1790395048678638044,1790395048724401910,0.632026062,28.923956,16.83991,45.763866,0,0.041493372,0.987548717,0.151741854,0.472776984,-0.258353777,0.157312331,-0.953156247,0.668235845,-0.965158755,0.00034628800000000004,0.26166445899999996,0.327004401,0.0,0.0,0.0,1.0
44,1790395048707562000,FL_thigh,1790395048678638044,1790395048724401910,0.632026062,28.923956,16.83991,45.763866,0,0.084986385,0.987548375,0.13238308599999998,0.567087869,-0.531607049,0.15731446400000001,-0.832254035,0.68325917,-0.8427165409999999,0.00035418300000000005,0.538357258,0.327037472,0.0,0.0,0.0,1.0
44,1790395048707562000,FL_calf,1790395048678638044,1790395048724401910,0.632026062,28.923956,16.83991,45.763866,0,0.126180286,0.9875491270000001,-0.09394155800000001,0.5389008470000001,-0.7934022070000001,0.157309779,0.588019766,0.860465983,0.595476301,0.00033664,0.8033726990000001,0.21240791899999997,0.0,0.0,0.0,1.0
44,1790395048707562000,FL_calflower,1790395048678638044,1790395048724401910,0.632026062,28.923956,16.83991,45.763866,0,0.130717714,0.9875491270000001,-0.08751777,0.555317759,-0.8217994,0.157309779,0.5476313110000001,0.7576257259999999,0.554580211,0.00033664,0.832130103,0.105474695,0.0,0.0,0.0,1.0
44,1790395048707562000,FL_calflower1,1790395048678638044,1790395048724401910,0.632026062,28.923956,16.83991,45.763866,0,0.156359832,0.9875491270000001,-0.0172651,0.557509705,-0.9818166309999999,0.157309778,0.106256343,0.7439457840000001,0.107649478,0.000336641,0.9941887690000001,0.066664239,0.0,0.0,0.0,1.0
44,1790395048707562000,FL_foot,1790395048678638044,1790395048724401910,0.632026062,28.923956,16.83991,45.763866,0,0.126180286,0.9875491270000001,-0.09394155800000001,0.558897755,-0.7934022070000001,0.157309779,0.588019766,0.735284435,0.595476301,0.00033664,0.8033726990000001,0.041379881,0.0,0.0,0.0,1.0
44,1790395048707562000,FR_hip,1790395048678638044,1790395048724401910,0.632026062,28.923956,16.83991,45.763866,0,0.041493372,0.998938016,0.020022501,0.38018303600000003,-0.258353777,0.030085213,-0.9655821459999999,0.65972341,-0.965158755,0.034892089,0.259327884,0.325302308,0.0,0.0,0.0,1.0
44,1790395048707562000,FR_thigh,1790395048678638044,1790395048724401910,0.632026062,28.923956,16.83991,45.763866,0,0.045155895,0.998941765,0.008720888000000001,0.284793064,-0.497615139,0.030061933,-0.866877227,0.656850511,-0.866221672,0.034804689,0.498446065,0.32197042,0.0,0.0,0.0,1.0
44,1790395048707562000,FR_calf,1790395048678638044,1790395048724401910,0.632026062,28.923956,16.83991,45.763866,0,0.010357897,0.998942015,-0.044803169000000004,0.282930949,-0.884392649,0.030060387999999997,0.46577536399999997,0.841460553,0.46662944,0.034798857999999995,0.883767977,0.215815698,0.0,0.0,0.0,1.0
44,1790395048707562000,FR_calflower,1790395048678638044,1790395048724401910,0.632026062,28.923956,16.83991,45.763866,0,0.012584178,0.998942015,-0.044229497,0.289754725,-0.906566454,0.030060387999999997,0.420992056,0.7548511609999999,0.421876285,0.034798857999999995,0.9059852490000001,0.094361446,0.0,0.0,0.0,1.0
44,1790395048707562000,FR_calflower1,1790395048678638044,1790395048724401910,0.632026062,28.923956,16.83991,45.763866,0,0.031586362,0.998942015,-0.033420227999999996,0.291393928,-0.998525207,0.030060387999999997,-0.045215694,0.747077604,-0.044162997999999995,0.034798857,0.9984179990000001,0.053907375,0.0,0.0,0.0,1.0
44,1790395048707562000,FR_foot,1790395048678638044,1790395048724401910,0.632026062,28.923956,16.83991,45.763866,0,0.010357897,0.998942015,-0.044803169000000004,0.29245295600000004,-0.884392649,0.030060387999999997,0.46577536399999997,0.74226433,0.46662944,0.034798857999999995,0.883767977,0.027590715,0.0,0.0,0.0,1.0
44,1790395048707562000,RL_hip,1790395048678638044,1790395048724401910,0.632026062,28.923956,16.83991,45.763866,0,0.041493372,0.9885891179999999,0.144808889,0.456727348,-0.258353777,0.150620546,-0.95423658,0.7681670859999999,-0.965158755,0.0021822729999999998,0.261655588,0.7003278079999999,0.0,0.0,0.0,1.0
44,1790395048707562000,RL_thigh,1790395048678638044,1790395048724401910,0.632026062,28.923956,16.83991,45.763866,0,-0.094288162,0.98858603,0.117503888,0.551127701,0.630305099,0.150639764,-0.761592948,0.782549865,-0.770600794,0.002253804,-0.6373140270000001,0.7005361859999999,0.0,0.0,0.0,1.0
44,1790395048707562000,RL_calf,1790395048678638044,1790395048724401910,0.632026062,28.923956,16.83991,45.763866,0,0.11408142199999999,0.9885868440000001,0.09839329699999999,0.526089712,-0.738839369,0.15063470199999998,-0.656830456,0.9447465070000001,-0.664155054,0.002235014,0.747591399,0.836280281,0.0,0.0,0.0,1.0
44,1790395048707562000,RL_calflower,1790395048678638044,1790395048724401910,0.632026062,28.923956,16.83991,45.763866,0,0.109021235,0.9885868440000001,0.103972026,0.513816434,-0.705088171,0.15063470199999998,-0.692936166,1.027167743,-0.70068903,0.002235014,0.713463187,0.712360305,0.0,0.0,0.0,1.0
44,1790395048707562000,RL_calflower1,1790395048678638044,1790395048724401910,0.632026062,28.923956,16.83991,45.763866,0,0.048689165,0.9885868440000001,0.142566395,0.5085687,-0.305426136,0.15063470199999998,-0.940225896,1.0619312090000002,-0.950970054,0.002235014,0.309274622,0.6908303709999999,0.0,0.0,0.0,1.0
44,1790395048707562000,RL_foot,1790395048678638044,1790395048724401910,0.632026062,28.923956,16.83991,45.763866,0,0.11408142199999999,0.9885868440000001,0.09839329699999999,0.5051414710000001,-0.738839369,0.15063470199999998,-0.656830456,1.084630478,-0.664155054,0.002235014,0.747591399,0.67705277,0.0,0.0,0.0,1.0
44,1790395048707562000,RR_hip,1790395048678638044,1790395048724401910,0.632026062,28.923956,16.83991,45.763866,0,0.041493372,0.997569198,0.055979949,0.3641334,-0.258353777,0.064835035,-0.963872615,0.759654651,-0.965158755,0.025531407000000002,0.260416121,0.698625715,0.0,0.0,0.0,1.0
44,1790395048707562000,RR_thigh,1790395048678638044,1790395048724401910,0.632026062,28.923956,16.83991,45.763866,0,-0.016267179,0.9975691990000001,0.067755675,0.268865542,0.5729715160000001,0.064835029,-0.8170071809999999,0.753462905,-0.8194140209999999,0.025531382999999998,-0.572633078,0.696187465,0.0,0.0,0.0,1.0
44,1790395048707562000,RR_calf,1790395048678638044,1790395048724401910,0.632026062,28.923956,16.83991,45.763866,0,0.066094867,0.9975691590000001,0.022068082000000003,0.25443359,-0.764367708,0.064835274,-0.6415131079999999,0.9274853959999999,-0.641384132,0.025532307999999997,0.766794841,0.8181582829999999,0.0,0.0,0.0,1.0
44,1790395048707562000,RR_calflower,1790395048678638044,1790395048724401910,0.632026062,28.923956,16.83991,45.763866,0,0.06490932099999999,0.9975691590000001,0.025343868999999998,0.252490127,-0.731350155,0.064835274,-0.678913847,1.0071161659999999,-0.678906338,0.025532307999999997,0.7337807009999999,0.6918863390000001,0.0,0.0,0.0,1.0
44,1790395048707562000,RR_calflower1,1790395048678638044,1790395048724401910,0.632026062,28.923956,16.83991,45.763866,0,0.045870967,0.9975691590000001,0.052453655999999994,0.250827831,-0.335195598,0.064835274,-0.939915407,1.041574998,-0.941031122,0.025532307999999997,0.337354947,0.669331596,0.0,0.0,0.0,1.0
44,1790395048707562000,RR_foot,1790395048678638044,1790395048724401910,0.632026062,28.923956,16.83991,45.763866,0,0.066094867,0.9975691590000001,0.022068082000000003,0.249734719,-0.764367708,0.064835274,-0.6415131079999999,1.064083319,-0.641384132,0.025532307999999997,0.766794841,0.6548845329999999,0.0,0.0,0.0,1.0
45,1790395048771567000,FL_hip,1790395048724401910,1790395048788791199,0.7324990029999999,47.16509,17.224199,64.389289,0,0.037116914,0.966277449,0.254813639,0.481324875,-0.259506002,0.25556158100000004,-0.9313138940000001,0.660042491,-0.965027858,-0.031558461,0.26024055,0.334624049,0.0,0.0,0.0,1.0
45,1790395048771567000,FL_thigh,1790395048724401910,1790395048788791199,0.7324990029999999,47.16509,17.224199,64.389289,0,0.11984602800000001,0.9662749009999999,0.227924352,0.573594128,-0.5545724879999999,0.25557929,-0.791914918,0.6844459690000001,-0.823459908,-0.031493007999999996,0.5664996179999999,0.331610535,0.0,0.0,0.0,1.0
45,1790395048771567000,FL_calf,1790395048724401910,1790395048788791199,0.7324990029999999,47.16509,17.224199,64.389289,0,0.226358185,0.966276784,-0.122763651,0.525058377,-0.784608978,0.255566226,0.564867515,0.8530972109999999,0.577192583,-0.031541214,0.8159986029999999,0.210956805,0.0,0.0,0.0,1.0
45,1790395048771567000,FL_calflower,1790395048724401910,1790395048788791199,0.7324990029999999,47.16509,17.224199,64.389289,0,0.232210922,0.966276784,-0.111297033,0.5477548520000001,-0.8118600309999999,0.255566226,0.524947473,0.753812719,0.53568831,-0.031541214,0.843826423,0.10173109300000001,0.0,0.0,0.0,1.0
45,1790395048771567000,FL_calflower1,1790395048724401910,1790395048788791199,0.7324990029999999,47.16509,17.224199,64.389289,0,0.257364561,0.966276784,0.008510264,0.5498852670000001,-0.962525537,0.255566226,0.090725687,0.7409338809999999,0.085491341,-0.031541214,0.99583946,0.062621176,0.0,0.0,0.0,1.0
45,1790395048771567000,FL_foot,1790395048724401910,1790395048788791199,0.7324990029999999,47.16509,17.224199,64.389289,0,0.226358185,0.966276784,-0.122763651,0.551208392,-0.784608978,0.255566226,0.564867515,0.732789244,0.577192583,-0.031541214,0.8159986029999999,0.037147377999999995,0.0,0.0,0.0,1.0
45,1790395048771567000,FR_hip,1790395048724401910,1790395048788791199,0.7324990029999999,47.16509,17.224199,64.389289,0,0.037116914,0.997550158,0.059294024,0.389636735,-0.259506002,0.066920929,-0.9634204059999999,0.644490867,-0.965027858,0.020371771,0.261354302,0.33527955800000003,0.0,0.0,0.0,1.0
45,1790395048771567000,FR_thigh,1790395048724401910,1790395048788791199,0.7324990029999999,47.16509,17.224199,64.389289,0,0.047758162,0.997526074,0.051581523,0.294416236,-0.42753541899999997,0.067085189,-0.90150635,0.6381034520000001,-0.902736093,0.021001092000000002,0.429681682,0.333334855,0.0,0.0,0.0,1.0
45,1790395048771567000,FR_calf,1790395048724401910,1790395048788791199,0.7324990029999999,47.16509,17.224199,64.389289,0,0.047640339000000004,0.9975683890000001,-0.05086719,0.283475658,-0.8619325840000001,0.066791125,0.502605034,0.82986173,0.50478043,0.019899549,0.863018292,0.241922015,0.0,0.0,0.0,1.0
45,1790395048771567000,FR_calflower,1790395048724401910,1790395048788791199,0.7324990029999999,47.16509,17.224199,64.389289,0,0.050123100999999996,0.9975683890000001,-0.048422595,0.291882779,-0.885975175,0.066791125,0.45889823399999996,0.7383031840000001,0.461016648,0.019899549,0.887168251,0.12434212,0.0,0.0,0.0,1.0
45,1790395048771567000,FR_calflower1,1790395048724401910,1790395048788791199,0.7324990029999999,47.16509,17.224199,64.389289,0,0.066819482,0.9975683890000001,-0.019804791999999998,0.293297713,-0.997765131,0.066791125,-0.002084481,0.7288091,-0.000756397,0.019899549,0.999801622,0.084265281,0.0,0.0,0.0,1.0
45,1790395048771567000,FR_foot,1790395048724401910,1790395048788791199,0.7324990029999999,47.16509,17.224199,64.389289,0,0.047640339000000004,0.9975683890000001,-0.05086719,0.294202155,-0.8619325840000001,0.066791125,0.502605034,0.722875735,0.50478043,0.019899549,0.863018292,0.058183463,0.0,0.0,0.0,1.0
45,1790395048771567000,RL_hip,1790395048724401910,1790395048788791199,0.7324990029999999,47.16509,17.224199,64.389289,0,0.037116914,0.969599436,0.241865733,0.466968053,-0.259506002,0.24308128699999998,-0.9346490129999999,0.7604194129999999,-0.965027858,-0.028074612000000002,0.260639399,0.7078968240000001,0.0,0.0,0.0,1.0
45,1790395048771567000,RL_thigh,1790395048724401910,1790395048788791199,0.7324990029999999,47.16509,17.224199,64.389289,0,-0.165511662,0.969596592,0.180244563,0.559563797,0.567202192,0.24310084,-0.7868826529999999,0.783633426,-0.806776213,-0.028003434,-0.5901930160000001,0.705215727,0.0,0.0,0.0,1.0
45,1790395048771567000,RL_calf,1790395048724401910,1790395048788791199,0.7324990029999999,47.16509,17.224199,64.389289,0,0.16206531,0.9696001459999999,0.183330732,0.521179039,-0.723954111,0.24307630300000002,-0.645604376,0.9511512240000001,-0.670541122,-0.028093253,0.741340152,0.830863191,0.0,0.0,0.0,1.0
45,1790395048771567000,RL_calflower,1790395048724401910,1790395048788791199,0.7324990029999999,47.16509,17.224199,64.389289,0,0.152700053,0.9696001459999999,0.19120150600000002,0.497286681,-0.6907825870000001,0.24307630300000002,-0.680980164,1.0322172059999999,-0.706754685,-0.028093253,0.706900581,0.70773865,0.0,0.0,0.0,1.0
45,1790395048771567000,RL_calflower1,1790395048724401910,1790395048788791199,0.7324990029999999,47.16509,17.224199,64.389289,0,0.047151298,0.9696001459999999,0.240108469,0.48811182399999997,-0.29825818800000004,0.24307630300000002,-0.923014962,1.066362609,-0.953319785,-0.028093253,0.300652631,0.686531025,0.0,0.0,0.0,1.0
45,1790395048771567000,RL_foot,1790395048724401910,1790395048788791199,0.7324990029999999,47.16509,17.224199,64.389289,0,0.16206531,0.9696001459999999,0.183330732,0.48212921700000005,-0.723954111,0.24307630300000002,-0.645604376,1.088657881,-0.670541122,-0.028093253,0.741340152,0.67296376,0.0,0.0,0.0,1.0
45,1790395048771567000,RR_hip,1790395048724401910,1790395048788791199,0.7324990029999999,47.16509,17.224199,64.389289,0,0.037116914,0.9959386579999999,0.082026145,0.37527991299999996,-0.259506002,0.08887279199999999,-0.9616438620000001,0.7448677890000001,-0.965027858,0.014406706000000002,0.261750887,0.708552333,0.0,0.0,0.0,1.0
45,1790395048771567000,RR_thigh,1790395048724401910,1790395048788791199,0.7324990029999999,47.16509,17.224199,64.389289,0,-0.040650465,0.9959305690000001,0.080433858,0.28021853,0.588036718,0.08892898,-0.803931035,0.736385532,-0.8078123,0.014617622,-0.589258399,0.707177075,0.0,0.0,0.0,1.0
45,1790395048771567000,RR_calf,1790395048724401910,1790395048788791199,0.7324990029999999,47.16509,17.224199,64.389289,0,0.075935697,0.995933148,0.048484020999999995,0.263058611,-0.741489155,0.08891115,-0.665048341,0.907534921,-0.666654101,0.014550263999999999,0.7452250979999999,0.832696214,0.0,0.0,0.0,1.0
45,1790395048771567000,RR_calflower,1790395048724401910,1790395048788791199,0.7324990029999999,47.16509,17.224199,64.389289,0,0.073417605,0.995933148,0.052218632,0.257422085,-0.707323923,0.08891115,-0.701276215,0.991072431,-0.7030666879999999,0.014550263,0.710974943,0.70909079,0.0,0.0,0.0,1.0
45,1790395048771567000,RR_calflower1,1790395048724401910,1790395048788791199,0.7324990029999999,47.16509,17.224199,64.389289,0,0.041007567,0.995933148,0.080220382,0.254602993,-0.303557976,0.08891115,-0.948655901,1.026175136,-0.951930005,0.014550263999999999,0.305969609,0.687688871,0.0,0.0,0.0,1.0
45,1790395048771567000,RR_foot,1790395048724401910,1790395048788791199,0.7324990029999999,47.16509,17.224199,64.389289,0,0.075935697,0.995933148,0.048484020999999995,0.252758197,-0.741489155,0.08891115,-0.665048341,1.049094714,-0.666654101,0.014550263999999999,0.7452250979999999,0.6739948159999999,0.0,0.0,0.0,1.0
46,1790395048839564000,FL_hip,1790395048826039214,1790395048926519039,0.134602006,13.524785999999999,86.955039,100.479825,1,0.042385463,0.952952852,0.300140155,0.484168885,-0.235525277,0.301473879,-0.9239274820000001,0.650378033,-0.9709434140000001,-0.031529786000000004,0.237222677,0.34082883799999997,0.0,0.0,0.0,1.0
46,1790395048839564000,FL_thigh,1790395048826039214,1790395048926519039,0.134602006,13.524785999999999,86.955039,100.479825,1,0.141154804,0.95294663,0.268268189,0.5751384820000001,-0.532991578,0.30150802,-0.790577978,0.6791577670000001,-0.83426329,-0.031391092,0.550471799,0.337818784,0.0,0.0,0.0,1.0
46,1790395048839564000,FL_calf,1790395048826039214,1790395048926519039,0.134602006,13.524785999999999,86.955039,100.479825,1,0.266340758,0.952954913,-0.14470423,0.5180326239999999,-0.783061228,0.301462379,0.544000179,0.8474687870000001,0.562030485,-0.031577435,0.826513423,0.220593667,0.0,0.0,0.0,1.0
46,1790395048839564000,FL_calflower,1790395048826039214,1790395048926519039,0.134602006,13.524785999999999,86.955039,100.479825,1,0.27324009899999996,0.952954913,-0.131211897,0.544761198,-0.809271283,0.301462379,0.504183571,0.751321265,0.520019639,-0.031577435,0.853570313,0.109504252,0.0,0.0,0.0,1.0
46,1790395048839564000,FL_calflower1,1790395048826039214,1790395048926519039,0.134602006,13.524785999999999,86.955039,100.479825,1,0.302953502,0.952954913,0.009792301,0.547275011,-0.9506409929999999,0.301462379,0.07350364200000001,0.7392471740000001,0.067093784,-0.031577435,0.9972467740000001,0.070161264,0.0,0.0,0.0,1.0
46,1790395048839564000,FL_foot,1790395048826039214,1790395048926519039,0.134602006,13.524785999999999,86.955039,100.479825,1,0.266340758,0.952954913,-0.14470423,0.548836455,-0.783061228,0.301462379,0.544000179,0.731623274,0.562030485,-0.031577435,0.826513423,0.044540328,0.0,0.0,0.0,1.0
46,1790395048839564000,FR_hip,1790395048826039214,1790395048926519039,0.134602006,13.524785999999999,86.955039,100.479825,1,0.042385463,0.998018447,0.046501944,0.393408042,-0.235525277,0.055212849,-0.97029894,0.63011578,-0.9709434140000001,0.030173931,0.23739894600000003,0.341781888,0.0,0.0,0.0,1.0
46,1790395048839564000,FR_thigh,1790395048826039214,1790395048926519039,0.134602006,13.524785999999999,86.955039,100.479825,1,0.049829835999999995,0.997969349,0.039672974,0.298128291,-0.373318817,0.055453772,-0.926044593,0.62484522,-0.926363785,0.031333726,0.37532409200000005,0.338901081,0.0,0.0,0.0,1.0
46,1790395048839564000,FR_calf,1790395048826039214,1790395048926519039,0.134602006,13.524785999999999,86.955039,100.479825,1,0.019722144,0.998004385,-0.059983859,0.289792496,-0.7317955709999999,0.055288456,0.67927835,0.8212102040000001,0.681239158,0.030498841000000002,0.7314252309999999,0.259371444,0.0,0.0,0.0,1.0
46,1790395048839564000,FR_calflower,1790395048826039214,1790395048926519039,0.134602006,13.524785999999999,86.955039,100.479825,1,0.022695438999999998,0.998004385,-0.058923199,0.299097681,-0.764830785,0.055288456,0.641854894,0.706113296,0.6438317610000001,0.030498841000000002,0.7645589079999999,0.164770967,0.0,0.0,0.0,1.0
46,1790395048839564000,FR_calflower1,1790395048826039214,1790395048926519039,0.134602006,13.524785999999999,86.955039,100.479825,1,0.047340245999999996,0.998004385,-0.041784296,0.30123995600000003,-0.974796247,0.055288456,0.216139103,0.688097915,0.218018121,0.030498841000000002,0.9754679690000001,0.127762438,0.0,0.0,0.0,1.0
46,1790395048839564000,FR_foot,1790395048826039214,1790395048926519039,0.134602006,13.524785999999999,86.955039,100.479825,1,0.019722144,0.998004385,-0.059983859,0.302622507,-0.7317955709999999,0.055288456,0.67927835,0.676613301,0.681239158,0.030498841000000002,0.7314252309999999,0.103623631,0.0,0.0,0.0,1.0
46,1790395048839564000,RL_hip,1790395048826039214,1790395048926519039,0.134602006,13.524785999999999,86.955039,100.479825,1,0.042385463,0.957419328,0.285572202,0.467774188,-0.235525277,0.287348423,-0.928417673,0.74147921,-0.9709434140000001,-0.027908343999999998,0.237675935,0.71638975,0.0,0.0,0.0,1.0
46,1790395048839564000,RL_thigh,1790395048826039214,1790395048926519039,0.134602006,13.524785999999999,86.955039,100.479825,1,-0.195672332,0.957402552,0.21234988,0.55920134,0.575583694,0.28743655,-0.76556142,0.768919122,-0.793987433,-0.027574345,-0.607308365,0.7137246759999999,0.0,0.0,0.0,1.0
46,1790395048839564000,RL_calf,1790395048826039214,1790395048926519039,0.134602006,13.524785999999999,86.955039,100.479825,1,0.1816013,0.95740166,0.224505696,0.5139881620000001,-0.67356528,0.287441013,-0.680946492,0.931688403,-0.716471117,-0.027558759,0.6970720859999999,0.8428518859999999,0.0,0.0,0.0,1.0
46,1790395048839564000,RL_calflower,1790395048826039214,1790395048926519039,0.134602006,13.524785999999999,86.955039,100.479825,1,0.170153737,0.95740166,0.233301404,0.484481161,-0.6386903589999999,0.287441013,-0.713759719,1.0188243240000001,-0.750414798,-0.027558759,0.660392296,0.725569894,0.0,0.0,0.0,1.0
46,1790395048839564000,RL_calflower1,1790395048826039214,1790395048926519039,0.134602006,13.524785999999999,86.955039,100.479825,1,0.043191771,0.9574016609999999,0.285510614,0.473471211,-0.23691573100000002,0.287441013,-0.928035155,1.05369255,-0.9705695259999999,-0.027558759,0.239238687,0.70669147,0.0,0.0,0.0,1.0
46,1790395048839564000,RL_foot,1790395048826039214,1790395048926519039,0.134602006,13.524785999999999,86.955039,100.479825,1,0.1816013,0.95740166,0.224505696,0.466295224,-0.67356528,0.287441013,-0.680946492,1.076443023,-0.716471117,-0.027558759,0.6970720859999999,0.694643853,0.0,0.0,0.0,1.0
46,1790395048839564000,RR_hip,1790395048826039214,1790395048926519039,0.134602006,13.524785999999999,86.955039,100.479825,1,0.042385463,0.992426503,0.115294787,0.377013345,-0.235525277,0.122071135,-0.9641717329999999,0.721216957,-0.9709434140000001,0.013711763,0.238915703,0.7173428,0.0,0.0,0.0,1.0
46,1790395048839564000,RR_thigh,1790395048826039214,1790395048926519039,0.134602006,13.524785999999999,86.955039,100.479825,1,-0.06881925,0.992407197,0.10193941699999999,0.282257253,0.646842161,0.12217997800000001,-0.752773485,0.7095614,-0.759512697,0.01413314,-0.650338802,0.716033685,0.0,0.0,0.0,1.0
46,1790395048839564000,RR_calf,1790395048826039214,1790395048926519039,0.134602006,13.524785999999999,86.955039,100.479825,1,0.09395795,0.992405869,0.079386857,0.260486467,-0.678709847,0.12218756900000001,-0.7241711059999999,0.8697331979999999,-0.728371387,0.014160725,0.685036083,0.8544359640000001,0.0,0.0,0.0,1.0
46,1790395048839564000,RR_calflower,1790395048826039214,1790395048926519039,0.134602006,13.524785999999999,86.955039,100.479825,1,0.08987283800000001,0.992405869,0.083983585,0.25066638,-0.641668166,0.12218756900000001,-0.757187435,0.963218342,-0.761698647,0.014160725,0.647776569,0.738602423,0.0,0.0,0.0,1.0
46,1790395048839564000,RR_calflower1,1790395048826039214,1790395048926519039,0.134602006,13.524785999999999,86.955039,100.479825,1,0.04093488,0.992405869,0.115994418,0.246416126,-0.21950301600000002,0.12218756900000001,-0.967930407,0.999877424,-0.974752563,0.014160725,0.222837955,0.720327576,0.0,0.0,0.0,1.0
46,1790395048839564000,RR_foot,1790395048826039214,1790395048926519039,0.134602006,13.524785999999999,86.955039,100.479825,1,0.09395795,0.992405869,0.079386857,0.243639877,-0.678709847,0.12218756900000001,-0.7241711059999999,1.02378916,-0.728371387,0.014160725,0.685036083,0.708674008,0.0,0.0,0.0,1.0
47,1790395048907565000,FL_hip,1790395048826039214,1790395048926519039,0.811364729,81.525786,18.954039,100.479825,1,0.03662561,0.956563423,0.289214061,0.474321204,-0.227424741,0.28979252899999997,-0.9296767770000001,0.63608041,-0.9731065459999999,-0.031724729,0.22816011100000003,0.343450308,0.0,0.0,0.0,1.0
47,1790395048907565000,FL_thigh,1790395048826039214,1790395048926519039,0.811364729,81.525786,18.954039,100.479825,1,0.126909503,0.956556691,0.262474885,0.565624253,-0.511343145,0.289834715,-0.809026983,0.663739919,-0.849954166,-0.031541796000000004,0.525911471,0.340422425,0.0,0.0,0.0,1.0
47,1790395048907565000,FL_calf,1790395048826039214,1790395048926519039,0.811364729,81.525786,18.954039,100.479825,1,0.257198396,0.956565801,-0.13722479099999998,0.509766459,-0.787596911,0.289777805,0.543801952,0.8359555129999999,0.559947019,-0.031787444,0.827918316,0.22843450399999998,0.0,0.0,0.0,1.0
47,1790395048907565000,FL_calflower,1790395048826039214,1790395048926519039,0.811364729,81.525786,18.954039,100.479825,1,0.263735345,0.956565801,-0.124198734,0.535199787,-0.81379139,0.289777805,0.503758901,0.73975426,0.517868561,-0.031787443,0.8548693209999999,0.117093987,0.0,0.0,0.0,1.0
47,1790395048907565000,FL_calflower1,1790395048826039214,1790395048926519039,0.811364729,81.525786,18.954039,100.479825,1,0.291284302,0.956565801,0.011623844,0.537527396,-0.9544542009999999,0.289777806,0.071039671,0.727742453,0.064585935,-0.031787443,0.997405665,0.077720593,0.0,0.0,0.0,1.0
47,1790395048907565000,FL_foot,1790395048826039214,1790395048926519039,0.811364729,81.525786,18.954039,100.479825,1,0.257198396,0.956565801,-0.13722479099999998,0.538970543,-0.787596911,0.289777805,0.543801952,0.720159999,0.559947019,-0.031787444,0.827918316,0.052080492,0.0,0.0,0.0,1.0
47,1790395048907565000,FR_hip,1790395048826039214,1790395048926519039,0.811364729,81.525786,18.954039,100.479825,1,0.03662561,0.9892230809999999,0.141760537,0.38453079799999995,-0.227424741,0.146384121,-0.9627306520000001,0.611964272,-0.9731065459999999,0.0030204859999999997,0.230335345,0.34570700200000004,0.0,0.0,0.0,1.0
47,1790395048907565000,FR_thigh,1790395048826039214,1790395048926519039,0.811364729,81.525786,18.954039,100.479825,1,0.08195103599999999,0.989158608,0.121856739,0.290100507,-0.526170964,0.146780458,-0.8376158109999999,0.597989959,-0.846420724,0.004525747,0.532495371,0.345418815,0.0,0.0,0.0,1.0
47,1790395048907565000,FR_calf,1790395048826039214,1790395048926519039,0.811364729,81.525786,18.954039,100.479825,1,0.10021513,0.989206424,-0.106898874,0.264369303,-0.693524276,0.146487239,0.705383726,0.775285012,0.713429372,0.0034465840000000004,0.7007185570000001,0.232602046,0.0,0.0,0.0,1.0
47,1790395048907565000,FR_calflower,1790395048826039214,1790395048926519039,0.811364729,81.525786,18.954039,100.479825,1,0.105432604,0.989206424,-0.101756609,0.282233118,-0.7279120440000001,0.14648724,0.669840412,0.657115378,0.67751644,0.0034465840000000004,0.7354994490000001,0.143196191,0.0,0.0,0.0,1.0
47,1790395048907565000,FR_calflower1,1790395048826039214,1790395048926519039,0.811364729,81.525786,18.954039,100.479825,1,0.140507267,0.989206424,-0.041571015,0.285264662,-0.95497264,0.146487239,0.258010422,0.637615798,0.26131531399999997,0.0034465840000000004,0.96524726,0.107016556,0.0,0.0,0.0,1.0
47,1790395048907565000,FR_foot,1790395048826039214,1790395048926519039,0.811364729,81.525786,18.954039,100.479825,1,0.10021513,0.989206424,-0.106898874,0.28720303199999997,-0.693524276,0.146487239,0.705383726,0.625160336,0.713429372,0.0034465840000000004,0.7007185570000001,0.083406548,0.0,0.0,0.0,1.0
47,1790395048907565000,RL_hip,1790395048826039214,1790395048926519039,0.811364729,81.525786,18.954039,100.479825,1,0.03662561,0.951201277,0.306389433,0.46015441799999995,-0.227424741,0.306483732,-0.924308575,0.7240483,-0.9731065459999999,-0.035827449,0.227551947,0.71984792,0.0,0.0,0.0,1.0
47,1790395048907565000,RL_thigh,1790395048826039214,1790395048926519039,0.811364729,81.525786,18.954039,100.479825,1,-0.239566698,0.9511870170000001,0.194552938,0.550985834,0.661226958,0.306579553,-0.6846813279999999,0.753314756,-0.7109058429999999,-0.035383475,-0.702396424,0.716426727,0.0,0.0,0.0,1.0
47,1790395048907565000,RL_calf,1790395048826039214,1790395048926519039,0.811364729,81.525786,18.954039,100.479825,1,0.156159553,0.951186465,0.266192211,0.509573732,-0.5769614479999999,0.30658368,-0.75704859,0.898778321,-0.801704223,-0.035362551,0.596673841,0.8657182929999999,0.0,0.0,0.0,1.0
47,1790395048907565000,RL_calflower,1790395048826039214,1790395048926519039,0.811364729,81.525786,18.954039,100.479825,1,0.142660329,0.951186465,0.273664264,0.47343087,-0.538403737,0.30658368,-0.78493853,0.999046787,-0.830523565,-0.035362551,0.555859643,0.761644025,0.0,0.0,0.0,1.0
47,1790395048907565000,RL_calflower1,1790395048826039214,1790395048926519039,0.811364729,81.525786,18.954039,100.479825,1,0.000166529,0.951186465,0.30861638199999997,0.461092912,-0.11509311400000001,0.30658368,-0.944860125,1.035736861,-0.993354593,-0.035362551,0.109526195,0.747753366,0.0,0.0,0.0,1.0
47,1790395048907565000,RL_foot,1790395048826039214,1790395048926519039,0.811364729,81.525786,18.954039,100.479825,1,0.156159553,0.951186465,0.266192211,0.453063215,-0.5769614479999999,0.30658368,-0.75704859,1.059642993,-0.801704223,-0.035362551,0.596673841,0.738957255,0.0,0.0,0.0,1.0
47,1790395048907565000,RR_hip,1790395048826039214,1790395048926519039,0.811364729,81.525786,18.954039,100.479825,1,0.03662561,0.992205778,0.119105202,0.370364012,-0.227424741,0.12433331800000001,-0.9658259920000001,0.6999321620000001,-0.9731065459999999,0.008286241,0.23020606600000001,0.722104614,0.0,0.0,0.0,1.0
47,1790395048907565000,RR_thigh,1790395048826039214,1790395048926519039,0.811364729,81.525786,18.954039,100.479825,1,-0.083161365,0.992185518,0.093015452,0.275635385,0.71249133,0.12445644300000001,-0.690555813,0.688062055,-0.6967358020000001,0.008844884,-0.7172731940000001,0.7213134240000001,0.0,0.0,0.0,1.0
47,1790395048907565000,RR_calf,1790395048826039214,1790395048926519039,0.811364729,81.525786,18.954039,100.479825,1,0.08304365400000001,0.9921842359999999,0.09313422,0.25575118199999997,-0.6055124470000001,0.124464042,-0.7860432629999999,0.834931822,-0.79149124,0.00888172,0.611115846,0.8739286740000001,0.0,0.0,0.0,1.0
47,1790395048907565000,RR_calflower,1790395048826039214,1790395048926519039,0.811364729,81.525786,18.954039,100.479825,1,0.078285101,0.9921842359999999,0.09716828,0.24370105,-0.565469924,0.124464042,-0.815323923,0.938997425,-0.8210451440000001,0.00888172,0.570794035,0.7678035209999999,0.0,0.0,0.0,1.0
47,1790395048907565000,RR_calflower1,1790395048826039214,1790395048926519039,0.811364729,81.525786,18.954039,100.479825,1,0.024568198,0.9921842359999999,0.1223382,0.239043893,-0.125069343,0.124464042,-0.9843104159999999,0.977205285,-0.991843673,0.00888172,0.127149862,0.7532051259999999,0.0,0.0,0.0,1.0
47,1790395048907565000,RR_foot,1790395048826039214,1790395048926519039,0.811364729,81.525786,18.954039,100.479825,1,0.08304365400000001,0.9921842359999999,0.09313422,0.236006825,-0.6055124470000001,0.124464042,-0.7860432629999999,1.00210171,-0.79149124,0.00888172,0.611115846,0.7439483259999999,0.0,0.0,0.0,1.0
48,1790395048971565000,FL_hip,1790395048926519039,1790395048991671616,0.691391854,45.045961,20.106616,65.15257700000001,0,0.054454808,0.9605579479999999,0.272695645,0.473435724,-0.234839333,0.277760471,-0.931504277,0.652471008,-0.970507578,-0.013315051000000001,0.240702295,0.329810941,0.0,0.0,0.0,1.0
48,1790395048971565000,FL_thigh,1790395048926519039,1790395048991671616,0.691391854,45.045961,20.106616,65.15257700000001,0,0.136598926,0.9605571209999999,0.242220073,0.565143434,-0.512962255,0.27776403899999996,-0.8122299390000001,0.678989562,-0.847472928,-0.013300292,0.5306718220000001,0.32853975,0.0,0.0,0.0,1.0
48,1790395048971565000,FL_calf,1790395048926519039,1790395048991671616,0.691391854,45.045961,20.106616,65.15257700000001,0,0.23754750300000002,0.9605507059999999,-0.14461444099999998,0.51356734,-0.794894716,0.27779171199999997,0.5394207679999999,0.851942124,0.5583136870000001,-0.013185076,0.82952506,0.215520323,0.0,0.0,0.0,1.0
48,1790395048971565000,FL_calflower,1790395048926519039,1790395048991671616,0.691391854,45.045961,20.106616,65.15257700000001,0,0.24447834,0.960550707,-0.132561283,0.5397309770000001,-0.820861107,0.27779171199999997,0.499018455,0.75623932,0.516156967,-0.013185076,0.856392424,0.103919085,0.0,0.0,0.0,1.0
48,1790395048971565000,FL_calflower1,1790395048926519039,1790395048991671616,0.691391854,45.045961,20.106616,65.15257700000001,0,0.278065086,0.9605507059999999,-0.004686179,0.54259355,-0.9585359640000001,0.27779171199999997,0.063570271,0.744490148,0.062364420999999996,-0.013185076,0.9979662709999999,0.064504101,0.0,0.0,0.0,1.0
48,1790395048971565000,FL_foot,1790395048926519039,1790395048991671616,0.691391854,45.045961,20.106616,65.15257700000001,0,0.23754750300000002,0.9605507059999999,-0.14461444099999998,0.544388081,-0.794894716,0.27779171199999997,0.5394207679999999,0.737079664,0.5583136870000001,-0.013185076,0.82952506,0.038837466,0.0,0.0,0.0,1.0
48,1790395048971565000,FR_hip,1790395048926519039,1790395048991671616,0.691391854,45.045961,20.106616,65.15257700000001,0,0.054454808,0.9807523290000001,0.18750827899999997,0.384589644,-0.234839333,0.195098566,-0.952253982,0.625036754,-0.970507578,0.007820226,0.240943415,0.331464272,0.0,0.0,0.0,1.0
48,1790395048971565000,FR_thigh,1790395048926519039,1790395048991671616,0.691391854,45.045961,20.106616,65.15257700000001,0,0.12299872099999999,0.980752717,0.151641796,0.290927858,-0.58624503,0.19509689100000002,-0.786291662,0.606404853,-0.80074217,0.007813356,0.5989580729999999,0.330717441,0.0,0.0,0.0,1.0
48,1790395048971565000,FR_calf,1790395048926519039,1790395048991671616,0.691391854,45.045961,20.106616,65.15257700000001,0,0.141858362,0.980750276,-0.134182389,0.258630087,-0.739582324,0.195107366,0.644167455,0.7738719390000001,0.657947354,0.00785812,0.7530228240000001,0.20314908199999998,0.0,0.0,0.0,1.0
48,1790395048971565000,FR_calflower,1790395048926519039,1790395048991671616,0.691391854,45.045961,20.106616,65.15257700000001,0,0.148387401,0.980750276,-0.12692473199999998,0.28127766600000004,-0.770852993,0.195107366,0.606398704,0.6640024139999999,0.6194896360000001,0.00785812,0.784965404,0.105082304,0.0,0.0,0.0,1.0
48,1790395048971565000,FR_calflower1,1790395048926519039,1790395048991671616,0.691391854,45.045961,20.106616,65.15257700000001,0,0.19023007,0.980750276,-0.044059382,0.284863724,-0.963764985,0.195107366,0.181908712,0.647495033,0.187003484,0.00785812,0.982327741,0.067574699,0.0,0.0,0.0,1.0
48,1790395048971565000,FR_foot,1790395048926519039,1790395048991671616,0.691391854,45.045961,20.106616,65.15257700000001,0,0.141858362,0.980750276,-0.134182389,0.287150811,-0.739582324,0.195107366,0.644167455,0.636988725,0.657947354,0.00785812,0.7530228240000001,0.043118805999999996,0.0,0.0,0.0,1.0
48,1790395048971565000,RL_hip,1790395048926519039,1790395048991671616,0.691391854,45.045961,20.106616,65.15257700000001,0,0.054454808,0.9438656190000001,0.325810037,0.452372604,-0.234839333,0.329247635,-0.914574815,0.7433068620000001,-0.970507578,-0.026710296,0.239585988,0.705203272,0.0,0.0,0.0,1.0
48,1790395048971565000,RL_thigh,1790395048926519039,1790395048991671616,0.691391854,45.045961,20.106616,65.15257700000001,0,-0.26342616,0.9438617509999999,0.199327533,0.542510817,0.701561454,0.329264459,-0.63197868,0.7747496770000001,-0.66213191,-0.026639483,-0.7489135570000001,0.702652466,0.0,0.0,0.0,1.0
48,1790395048971565000,RL_calf,1790395048926519039,1790395048991671616,0.691391854,45.045961,20.106616,65.15257700000001,0,0.159936733,0.943862615,0.289038781,0.500063122,-0.52609456,0.329260673,-0.7840998229999999,0.909287478,-0.83525127,-0.026655647,0.549221847,0.8620922670000001,0.0,0.0,0.0,1.0
48,1790395048971565000,RL_calflower,1790395048926519039,1790395048991671616,0.691391854,45.045961,20.106616,65.15257700000001,0,0.145290935,0.943862615,0.296671063,0.460500085,-0.48624842100000004,0.329260673,-0.809413671,1.0147810290000001,-0.861657075,-0.026655647,0.506790298,0.764132155,0.0,0.0,0.0,1.0
48,1790395048971565000,RL_calflower1,1790395048926519039,1790395048991671616,0.691391854,45.045961,20.106616,65.15257700000001,0,-0.008124197,0.943862615,0.330238055,0.447184586,-0.057529502999999996,0.329260673,-0.942485212,1.052008599,-0.998310657,-0.026655647,0.051625128,0.752480777,0.0,0.0,0.0,1.0
48,1790395048971565000,RL_foot,1790395048926519039,1790395048991671616,0.691391854,45.045961,20.106616,65.15257700000001,0,0.159936733,0.943862615,0.289038781,0.43852083700000005,-0.52609456,0.329260673,-0.7840998229999999,1.076250479,-0.83525127,-0.026655647,0.549221847,0.7451437340000001,0.0,0.0,0.0,1.0
48,1790395048971565000,RR_hip,1790395048926519039,1790395048991671616,0.691391854,45.045961,20.106616,65.15257700000001,0,0.054454808,0.983245004,0.173964788,0.36352652399999996,-0.234839333,0.181947377,-0.9548540459999999,0.715872608,-0.970507578,0.011142358,0.240812652,0.706856603,0.0,0.0,0.0,1.0
48,1790395048971565000,RR_thigh,1790395048926519039,1790395048991671616,0.691391854,45.045961,20.106616,65.15257700000001,0,-0.119879993,0.983231472,0.137420787,0.269649459,0.692121123,0.18200576,-0.698457489,0.6985007190000001,-0.711756708,0.01138049,-0.702333765,0.705792801,0.0,0.0,0.0,1.0
48,1790395048971565000,RR_calf,1790395048926519039,1790395048991671616,0.691391854,45.045961,20.106616,65.15257700000001,0,0.121657289,0.983234688,0.1358266,0.24034619899999998,-0.608471241,0.181991882,-0.772426251,0.847202155,-0.7841952640000001,0.011324443,0.6204106620000001,0.855358452,0.0,0.0,0.0,1.0
48,1790395048971565000,RR_calflower,1790395048926519039,1790395048991671616,0.691391854,45.045961,20.106616,65.15257700000001,0,0.114716749,0.983234688,0.14173718300000002,0.222699153,-0.569105587,0.181991882,-0.801871807,0.949310019,-0.8142228340000001,0.011324443,0.580441882,0.7478769740000001,0.0,0.0,0.0,1.0
48,1790395048971565000,RR_calflower1,1790395048926519039,1790395048991671616,0.691391854,45.045961,20.106616,65.15257700000001,0,0.036301894,0.983234688,0.17869396699999998,0.21588606300000002,-0.134506065,0.181991882,-0.97405733,0.987061128,-0.9902474929999999,0.011324443,0.138857853,0.7328061140000001,0.0,0.0,0.0,1.0
48,1790395048971565000,RR_foot,1790395048926519039,1790395048991671616,0.691391854,45.045961,20.106616,65.15257700000001,0,0.121657289,0.983234688,0.1358266,0.21144311899999998,-0.608471241,0.181991882,-0.772426251,1.01166268,-0.7841952640000001,0.011324443,0.6204106620000001,0.723241721,0.0,0.0,0.0,1.0
49,1790395049507568000,FL_hip,1790395049118554041,1790395049650324010,0.7315455590000001,389.013959,142.75601,531.7699690000001,1,0.121285571,0.776317512,0.618563624,0.503130771,-0.228887123,0.6282431239999999,-0.743587012,0.6415737260000001,-0.965867637,-0.051395154000000005,0.253886004,0.337329557,0.0,0.0,0.0,1.0
49,1790395049507568000,FL_thigh,1790395049118554041,1790395049650324010,0.7315455590000001,389.013959,142.75601,531.7699690000001,1,0.17148712100000002,0.77630761,0.606579499,0.577259311,-0.288831577,0.628261744,-0.722401469,0.701563116,-0.94189612,-0.051317046,0.331961018,0.332421946,0.0,0.0,0.0,1.0
49,1790395049507568000,FL_calf,1790395049118554041,1790395049650324010,0.7315455590000001,389.013959,142.75601,531.7699690000001,1,0.468049689,0.776310183,-0.42222270799999995,0.44808243,-0.519961561,0.628256919,0.578734482,0.855406907,0.714541724,-0.051337197,0.6977065809999999,0.261724811,0.0,0.0,0.0,1.0
49,1790395049507568000,FL_calflower,1790395049118554041,1790395049650324010,0.7315455590000001,389.013959,142.75601,531.7699690000001,1,0.488567089,0.776310183,-0.398302305,0.519928418,-0.5482364129999999,0.628256919,0.552023967,0.7593710990000001,0.678777938,-0.051337197,0.732546832,0.172754055,0.0,0.0,0.0,1.0
49,1790395049507568000,FL_calflower1,1790395049118554041,1790395049650324010,0.7315455590000001,389.013959,142.75601,531.7699690000001,1,0.617284237,0.776310183,-0.127682015,0.5309756179999999,-0.7411960870000001,0.628256919,0.236478297,0.742775425,0.263797712,-0.051337195999999995,0.963210837,0.13666494199999998,0.0,0.0,0.0,1.0
49,1790395049507568000,FL_foot,1790395049118554041,1790395049650324010,0.7315455590000001,389.013959,142.75601,531.7699690000001,1,0.468049689,0.776310183,-0.42222270799999995,0.53801321,-0.519961561,0.628256919,0.578734482,0.7321573809999999,0.714541724,-0.051337197,0.6977065809999999,0.113113195,0.0,0.0,0.0,1.0
49,1790395049507568000,FR_hip,1790395049118554041,1790395049650324010,0.7315455590000001,389.013959,142.75601,531.7699690000001,1,0.121285571,0.873579087,0.47132729100000004,0.42616913799999995,-0.228887123,0.48664940700000003,-0.8430797240000001,0.589432971,-0.965867637,-0.005627602,0.2589747,0.340021475,0.0,0.0,0.0,1.0
49,1790395049507568000,FR_thigh,1790395049118554041,1790395049650324010,0.7315455590000001,389.013959,142.75601,531.7699690000001,1,0.281532231,0.873579971,0.39698572200000004,0.34274283200000005,-0.514753411,0.48664773899999997,-0.7058351690000001,0.5429582279999999,-0.809795315,-0.005634664,0.5866853129999999,0.340558908,0.0,0.0,0.0,1.0
49,1790395049507568000,FR_calf,1790395049118554041,1790395049650324010,0.7315455590000001,389.013959,142.75601,531.7699690000001,1,0.405869473,0.873580923,-0.268563528,0.258185697,-0.7220832220000001,0.48664594200000005,0.49170309100000004,0.6932985,0.560237821,-0.005642316999999999,0.828312504,0.21559637,0.0,0.0,0.0,1.0
49,1790395049507568000,FR_calflower,1790395049118554041,1790395049650324010,0.7315455590000001,389.013959,142.75601,531.7699690000001,1,0.418784824,0.873580923,-0.24794287399999998,0.306046658,-0.745755718,0.486645941,0.454999471,0.606087549,0.518139299,-0.005642316,0.85527755,0.104215116,0.0,0.0,0.0,1.0
49,1790395049507568000,FR_calflower1,1790395049118554041,1790395049650324010,0.7315455590000001,389.013959,142.75601,531.7699690000001,1,0.485954869,0.873580923,-0.02653796,0.311775745,-0.871590816,0.486645941,0.05920776,0.5953452539999999,0.064637566,-0.005642316,0.997892783,0.064824156,0.0,0.0,0.0,1.0
49,1790395049507568000,FR_foot,1790395049118554041,1790395049650324010,0.7315455590000001,389.013959,142.75601,531.7699690000001,1,0.405869473,0.873580923,-0.268563528,0.315384617,-0.7220832220000001,0.48664594200000005,0.49170309100000004,0.588568713,0.560237821,-0.005642316999999999,0.828312504,0.039172582000000004,0.0,0.0,0.0,1.0
49,1790395049507568000,RL_hip,1790395049118554041,1790395049650324010,0.7315455590000001,389.013959,142.75601,531.7699690000001,1,0.121285571,0.8234493420000001,0.554275218,0.45621751200000005,-0.228887123,0.5665498870000001,-0.791601094,0.730107265,-0.965867637,-0.030856942000000002,0.257191396,0.710927159,0.0,0.0,0.0,1.0
49,1790395049507568000,RL_thigh,1790395049118554041,1790395049650324010,0.7315455590000001,389.013959,142.75601,531.7699690000001,1,-0.40394908700000004,0.8234469240000001,0.398447392,0.534847315,0.547210881,0.566554447,-0.616097957,0.784206242,-0.733066036,-0.030837732000000003,-0.67945793,0.707980663,0.0,0.0,0.0,1.0
49,1790395049507568000,RL_calf,1790395049118554041,1790395049650324010,0.7315455590000001,389.013959,142.75601,531.7699690000001,1,0.3941942,0.8234319059999999,0.40813093,0.449982926,-0.610157275,0.566582657,-0.553798315,0.915421688,-0.68725477,-0.030720245,0.725766495,0.852708398,0.0,0.0,0.0,1.0
49,1790395049507568000,RL_calflower,1790395049118554041,1790395049650324010,0.7315455590000001,389.013959,142.75601,531.7699690000001,1,0.373303515,0.8234319059999999,0.42732237100000003,0.39749080600000003,-0.581716358,0.566582657,-0.583601365,0.9851652390000001,-0.722669087,-0.030720245,0.6905110529999999,0.7315730340000001,0.0,0.0,0.0,1.0
49,1790395049507568000,RL_calflower1,1790395049118554041,1790395049650324010,0.7315455590000001,389.013959,142.75601,531.7699690000001,1,0.13378975,0.8234319059999999,0.551416563,0.37667214600000004,-0.246484498,0.566582657,-0.786275948,1.014318557,-0.9598674359999999,-0.030720245,0.278766264,0.7111838309999999,0.0,0.0,0.0,1.0
49,1790395049507568000,RL_foot,1790395049118554041,1790395049650324010,0.7315455590000001,389.013959,142.75601,531.7699690000001,1,0.3941942,0.8234319059999999,0.40813093,0.36309039,-0.610157275,0.566582657,-0.553798315,1.033352203,-0.68725477,-0.030720245,0.725766495,0.6981507790000001,0.0,0.0,0.0,1.0
49,1790395049507568000,RR_hip,1790395049118554041,1790395049650324010,0.7315455590000001,389.013959,142.75601,531.7699690000001,1,0.121285571,0.863410215,0.489706685,0.37925587899999996,-0.228887123,0.5043800039999999,-0.832593465,0.67796651,-0.965867637,-0.011106243,0.258797636,0.713619077,0.0,0.0,0.0,1.0
49,1790395049507568000,RR_thigh,1790395049118554041,1790395049650324010,0.7315455590000001,389.013959,142.75601,531.7699690000001,1,-0.307315698,0.863422123,0.400074151,0.296802721,0.508231389,0.504357481,-0.698086505,0.629799682,-0.8045236290000001,-0.011202962,-0.593814855,0.714679693,0.0,0.0,0.0,1.0
49,1790395049507568000,RR_calf,1790395049118554041,1790395049650324010,0.7315455590000001,389.013959,142.75601,531.7699690000001,1,0.391504364,0.8634198270000001,0.318167504,0.211631221,-0.6838702459999999,0.50436183,-0.5272011120000001,0.778447795,-0.615667094,-0.011184016000000001,0.787926903,0.84112215,0.0,0.0,0.0,1.0
49,1790395049507568000,RR_calflower,1790395049118554041,1790395049650324010,0.7315455590000001,389.013959,142.75601,531.7699690000001,1,0.37511333799999996,0.8634198270000001,0.337336941,0.172374875,-0.656666512,0.50436183,-0.560721514,0.842775678,-0.6542776029999999,-0.011184016000000001,0.7561716690000001,0.7122240059999999,0.0,0.0,0.0,1.0
49,1790395049507568000,RR_calflower1,1790395049118554041,1790395049650324010,0.7315455590000001,389.013959,142.75601,531.7699690000001,1,0.176948452,0.8634198270000001,0.472435682,0.155133445,-0.32353034399999997,0.50436183,-0.800592057,0.8717635009999999,-0.9295252420000001,-0.011184016000000001,0.368588659,0.68852531,0.0,0.0,0.0,1.0
49,1790395049507568000,RR_foot,1790395049118554041,1790395049650324010,0.7315455590000001,389.013959,142.75601,531.7699690000001,1,0.391504364,0.8634198270000001,0.318167504,0.143869179,-0.6838702459999999,0.50436183,-0.5272011120000001,0.890708431,-0.615667094,-0.011184016000000001,0.787926903,0.6733309559999999,0.0,0.0,0.0,1.0
50,1790395049571571000,FL_hip,1790395049118554041,1790395049650324010,0.8519039909999999,453.016959,78.75301,531.7699690000001,1,0.120276022,0.78533484,0.607274963,0.496386579,-0.213589611,0.6178607070000001,-0.7567219,0.622519897,-0.96949108,-0.038692409,0.24205327699999998,0.35496480799999997,0.0,0.0,0.0,1.0
50,1790395049571571000,FL_thigh,1790395049118554041,1790395049650324010,0.8519039909999999,453.016959,78.75301,531.7699690000001,1,0.17115028699999998,0.7853285040000001,0.5949510339999999,0.571379686,-0.27667363300000003,0.617871911,-0.7359934859999999,0.681520668,-0.94559986,-0.038642052999999996,0.32302870300000003,0.351269978,0.0,0.0,0.0,1.0
50,1790395049571571000,FL_calf,1790395049118554041,1790395049650324010,0.8519039909999999,453.016959,78.75301,531.7699690000001,1,0.458059782,0.785330155,-0.416458637,0.444670558,-0.537934614,0.617869,0.573467226,0.8382690890000001,0.70767789,-0.038655042,0.7054768859999999,0.282471393,0.0,0.0,0.0,1.0
50,1790395049571571000,FL_calflower,1790395049118554041,1790395049650324010,0.8519039909999999,453.016959,78.75301,531.7699690000001,1,0.478301583,0.785330155,-0.393044724,0.515465263,-0.565923751,0.617869,0.545865016,0.74264766,0.671534328,-0.038655042,0.7399643770000001,0.19221389100000003,0.0,0.0,0.0,1.0
50,1790395049571571000,FL_calflower1,1790395049118554041,1790395049650324010,0.8519039909999999,453.016959,78.75301,531.7699690000001,1,0.605750944,0.785330155,-0.127758965,0.526404567,-0.754040591,0.617869,0.22284769399999999,0.7264741579999999,0.2539474,-0.038655042,0.966445214,0.155900354,0.0,0.0,0.0,1.0
50,1790395049571571000,FL_foot,1790395049118554041,1790395049650324010,0.8519039909999999,453.016959,78.75301,531.7699690000001,1,0.458059782,0.785330155,-0.416458637,0.53337477,-0.537934614,0.617869,0.573467226,0.716134035,0.70767789,-0.038655042,0.7054768859999999,0.132204972,0.0,0.0,0.0,1.0
50,1790395049571571000,FR_hip,1790395049118554041,1790395049650324010,0.8519039909999999,453.016959,78.75301,531.7699690000001,1,0.120276022,0.882039151,0.455566271,0.41846284799999994,-0.213589611,0.47114222200000005,-0.855806575,0.571779327,-0.96949108,0.0056285219999999995,0.245061647,0.356476248,0.0,0.0,0.0,1.0
50,1790395049571571000,FR_thigh,1790395049118554041,1790395049650324010,0.8519039909999999,453.016959,78.75301,531.7699690000001,1,0.274524513,0.882039713,0.382938961,0.334228431,-0.5041722129999999,0.47114122399999997,-0.7237656640000001,0.5267854160000001,-0.8188080329999999,0.005623968000000001,0.5740397389999999,0.35593872600000004,0.0,0.0,0.0,1.0
50,1790395049571571000,FR_calf,1790395049118554041,1790395049650324010,0.8519039909999999,453.016959,78.75301,531.7699690000001,1,0.391929508,0.8820403170000001,-0.261526579,0.252662929,-0.7402620609999999,0.47114015200000003,0.47962427700000004,0.6809457940000001,0.5462636439999999,0.0056190319999999995,0.837594355,0.23366915300000002,0.0,0.0,0.0,1.0
50,1790395049571571000,FR_calflower,1790395049118554041,1790395049650324010,0.8519039909999999,453.016959,78.75301,531.7699690000001,1,0.40451058,0.8820403170000001,-0.24161142800000002,0.299205016,-0.7633081490000001,0.47114015200000003,0.442027189,0.595157933,0.503718686,0.0056190319999999995,0.8638493829999999,0.12063321199999999,0.0,0.0,0.0,1.0
50,1790395049571571000,FR_calflower1,1790395049118554041,1790395049650324010,0.8519039909999999,453.016959,78.75301,531.7699690000001,1,0.47036995600000003,0.8820403170000001,-0.027513548,0.304823866,-0.8811694040000001,0.47114015200000003,0.039596065,0.5851099989999999,0.047888262,0.0056190319999999995,0.998836817,0.081043036,0.0,0.0,0.0,1.0
50,1790395049571571000,FR_foot,1790395049118554041,1790395049650324010,0.8519039909999999,453.016959,78.75301,531.7699690000001,1,0.391929508,0.8820403170000001,-0.261526579,0.308364829,-0.7402620609999999,0.47114015200000003,0.47962427700000004,0.578787709,0.5462636439999999,0.0056190319999999995,0.837594355,0.055265935,0.0,0.0,0.0,1.0
50,1790395049571571000,RL_hip,1790395049118554041,1790395049650324010,0.8519039909999999,453.016959,78.75301,531.7699690000001,1,0.120276022,0.83162068,0.542163016,0.449863814,-0.213589611,0.55501514,-0.8039515420000001,0.705136359,-0.96949108,-0.019104572,0.24438065899999997,0.729963958,0.0,0.0,0.0,1.0
50,1790395049571571000,RL_thigh,1790395049118554041,1790395049650324010,0.8519039909999999,453.016959,78.75301,531.7699690000001,1,-0.39397796399999996,0.831619138,0.3913962,0.529277344,0.565395829,0.555017877,-0.610150082,0.758136209,-0.724644288,-0.019092186,-0.688858468,0.728139599,0.0,0.0,0.0,1.0
50,1790395049571571000,RL_calf,1790395049118554041,1790395049650324010,0.8519039909999999,453.016959,78.75301,531.7699690000001,1,0.38890362100000003,0.831609495,0.39645886799999996,0.445912949,-0.606455526,0.555034925,-0.569340263,0.888089468,-0.69351695,-0.01901646,0.7201891840000001,0.874868361,0.0,0.0,0.0,1.0
50,1790395049571571000,RL_calflower,1790395049118554041,1790395049650324010,0.8519039909999999,453.016959,78.75301,531.7699690000001,1,0.36860290799999995,0.831609495,0.41540047799999996,0.39503246299999994,-0.577242461,0.555034925,-0.59893888,0.960212242,-0.728644691,-0.019016459,0.6846277340000001,0.754424807,0.0,0.0,0.0,1.0
50,1790395049571571000,RL_calflower1,1790395049118554041,1790395049650324010,0.8519039909999999,453.016959,78.75301,531.7699690000001,1,0.135125618,0.831609495,0.538671262,0.374734987,-0.235433631,0.555034925,-0.797814293,0.9899370190000001,-0.9624509720000001,-0.01901646,0.27078837899999997,0.734328998,0.0,0.0,0.0,1.0
50,1790395049571571000,RL_foot,1790395049118554041,1790395049650324010,0.8519039909999999,453.016959,78.75301,531.7699690000001,1,0.38890362100000003,0.831609495,0.39645886799999996,0.36149209600000004,-0.606455526,0.555034925,-0.569340263,1.009339863,-0.69351695,-0.01901646,0.7201891840000001,0.7214875359999999,0.0,0.0,0.0,1.0
50,1790395049571571000,RR_hip,1790395049118554041,1790395049650324010,0.8519039909999999,453.016959,78.75301,531.7699690000001,1,0.120276022,0.871639742,0.475160869,0.371940083,-0.213589611,0.49014678899999997,-0.845065685,0.654395789,-0.96949108,0.000151445,0.24512622899999997,0.7314753979999999,0.0,0.0,0.0,1.0
50,1790395049571571000,RR_thigh,1790395049118554041,1790395049650324010,0.8519039909999999,453.016959,78.75301,531.7699690000001,1,-0.299261072,0.8716472609999999,0.388167329,0.288700122,0.532346434,0.49013343200000004,-0.690200624,0.60758768,-0.791865167,8.9046e-05,-0.610695828,0.731460937,0.0,0.0,0.0,1.0
50,1790395049571571000,RR_calf,1790395049118554041,1790395049650324010,0.8519039909999999,453.016959,78.75301,531.7699690000001,1,0.380239719,0.8716458229999999,0.30927549,0.206048476,-0.6760781490000001,0.49013598799999997,-0.550168573,0.754571964,-0.631138844,0.000101275,0.775669772,0.861512865,0.0,0.0,0.0,1.0
50,1790395049571571000,RR_calflower,1790395049118554041,1790395049650324010,0.8519039909999999,453.016959,78.75301,531.7699690000001,1,0.364307186,0.8716458229999999,0.327893041,0.167881735,-0.647736259,0.490135989,-0.58327083,0.8224618140000001,-0.669117416,0.00010127399999999999,0.743156591,0.734108935,0.0,0.0,0.0,1.0
50,1790395049571571000,RR_calflower1,1790395049118554041,1790395049650324010,0.8519039909999999,453.016959,78.75301,531.7699690000001,1,0.171724446,0.8716458229999999,0.459068935,0.151124888,-0.30519645,0.49013598799999997,-0.81646938,0.852264958,-0.936677988,0.00010127399999999999,0.350191635,0.711077217,0.0,0.0,0.0,1.0
50,1790395049571571000,RR_foot,1790395049118554041,1790395049650324010,0.8519039909999999,453.016959,78.75301,531.7699690000001,1,0.380239719,0.8716458229999999,0.30927549,0.140177265,-0.6760781490000001,0.49013598799999997,-0.550168573,0.87173599,-0.631138844,0.000101275,0.775669772,0.696318711,0.0,0.0,0.0,1.0
51,1790395049639570000,FL_hip,1790395049118554041,1790395049650324010,0.979776951,521.015959,10.754010000000001,531.7699690000001,1,0.120365605,0.7778072090000001,0.616869585,0.49561768799999995,-0.22896158100000003,0.626384976,-0.7451300890000001,0.627505259,-0.9659650679999999,-0.051551685,0.253483268,0.34321857,0.0,0.0,0.0,1.0
51,1790395049639570000,FL_thigh,1790395049118554041,1790395049650324010,0.979776951,521.015959,10.754010000000001,531.7699690000001,1,0.173755598,0.7778062090000001,0.604008702,0.569897283,-0.29312082100000003,0.626386867,-0.722301925,0.6873242420000001,-0.9401537059999999,-0.051543807000000004,0.336829483,0.338295446,0.0,0.0,0.0,1.0
51,1790395049639570000,FL_calf,1790395049118554041,1790395049650324010,0.979776951,521.015959,10.754010000000001,531.7699690000001,1,0.465343047,0.77780647,-0.42246060399999996,0.44124588200000003,-0.518820058,0.626386375,0.581778523,0.841171736,0.717134576,-0.051545839,0.6950258140000001,0.266551838,0.0,0.0,0.0,1.0
51,1790395049639570000,FL_calflower,1790395049118554041,1790395049650324010,0.979776951,521.015959,10.754010000000001,531.7699690000001,1,0.48587572,0.77780647,-0.398675179,0.513076525,-0.547248476,0.626386375,0.5551212560000001,0.7446937440000001,0.681501531,-0.051545839,0.7299990040000001,0.178030605,0.0,0.0,0.0,1.0
51,1790395049639570000,FL_calflower1,1790395049118554041,1790395049650324010,0.979776951,521.015959,10.754010000000001,531.7699690000001,1,0.615069192,0.77780647,-0.12925557099999999,0.5241648560000001,-0.741750055,0.626386375,0.239681786,0.7279616720000001,0.267390061,-0.051545838,0.962208625,0.142015685,0.0,0.0,0.0,1.0
51,1790395049639570000,FL_foot,1790395049118554041,1790395049650324010,0.979776951,521.015959,10.754010000000001,531.7699690000001,1,0.465343047,0.77780647,-0.42246060399999996,0.531229739,-0.518820058,0.626386375,0.581778523,0.717255023,0.717134576,-0.051545839,0.6950258140000001,0.11851132699999999,0.0,0.0,0.0,1.0
51,1790395049639570000,FR_hip,1790395049118554041,1790395049650324010,0.979776951,521.015959,10.754010000000001,531.7699690000001,1,0.120365605,0.8780779459999999,0.46313201200000004,0.41807374399999997,-0.22896158100000003,0.4785006,-0.847711132,0.576224448,-0.9659650679999999,-0.004004435,0.258641273,0.345711142,0.0,0.0,0.0,1.0
51,1790395049639570000,FR_thigh,1790395049118554041,1790395049650324010,0.979776951,521.015959,10.754010000000001,531.7699690000001,1,0.276826662,0.8780780340000001,0.390315236,0.334217351,-0.514785142,0.47850043200000003,-0.711360659,0.530527668,-0.811395821,-0.004005148,0.584483221,0.346093565,0.0,0.0,0.0,1.0
51,1790395049639570000,FR_calf,1790395049118554041,1790395049650324010,0.979776951,521.015959,10.754010000000001,531.7699690000001,1,0.399726515,0.878078128,-0.263054238,0.25108028600000004,-0.728870053,0.478500252,0.48967984200000003,0.682047223,0.55584871,-0.004005921,0.831273734,0.221598783,0.0,0.0,0.0,1.0
51,1790395049639570000,FR_calflower,1790395049118554041,1790395049650324010,0.979776951,521.015959,10.754010000000001,531.7699690000001,1,0.41237419299999994,0.878078128,-0.24274749,0.29800646,-0.7524329470000001,0.478500252,0.45263955,0.594997487,0.513607673,-0.004005921,0.858015715,0.10968767300000001,0.0,0.0,0.0,1.0
51,1790395049639570000,FR_calflower1,1790395049118554041,1790395049650324010,0.979776951,521.015959,10.754010000000001,531.7699690000001,1,0.477869551,0.878078128,-0.024889976,0.303592538,-0.8764237220000001,0.478500252,0.054031117000000004,0.5844162479999999,0.059353609,-0.004005921,0.9982289109999999,0.070231122,0.0,0.0,0.0,1.0
51,1790395049639570000,FR_foot,1790395049118554041,1790395049650324010,0.979776951,521.015959,10.754010000000001,531.7699690000001,1,0.399726515,0.878078128,-0.263054238,0.307110325,-0.728870053,0.478500252,0.48967984200000003,0.5777457189999999,0.55584871,-0.004005921,0.831273734,0.044538162,0.0,0.0,0.0,1.0
51,1790395049639570000,RL_hip,1790395049118554041,1790395049650324010,0.979776951,521.015959,10.754010000000001,531.7699690000001,1,0.120365605,0.824985107,0.5521881129999999,0.44906027200000004,-0.22896158100000003,0.564305676,-0.7931809959999999,0.716067598,-0.9659650679999999,-0.030958428,0.256813005,0.716853858,0.0,0.0,0.0,1.0
51,1790395049639570000,RL_thigh,1790395049118554041,1790395049650324010,0.979776951,521.015959,10.754010000000001,531.7699690000001,1,-0.402116491,0.824984864,0.397117513,0.527845375,0.547620082,0.564306138,-0.617795454,0.7699581390000001,-0.733767671,-0.030956489,-0.678694745,0.7138973609999999,0.0,0.0,0.0,1.0
51,1790395049639570000,RL_calf,1790395049118554041,1790395049650324010,0.979776951,521.015959,10.754010000000001,531.7699690000001,1,0.39634351799999995,0.824983335,0.40288252700000005,0.44325982799999997,-0.616723628,0.564309023,-0.548823913,0.901547213,-0.6801204890000001,-0.030944647999999998,0.732446862,0.8584596640000001,0.0,0.0,0.0,1.0
51,1790395049639570000,RL_calflower,1790395049118554041,1790395049650324010,0.979776951,521.015959,10.754010000000001,531.7699690000001,1,0.37571245799999997,0.824983335,0.422187948,0.39156282600000003,-0.58852312,0.564309023,-0.5789613610000001,0.970437102,-0.715877601,-0.030944647000000002,0.697539637,0.736457468,0.0,0.0,0.0,1.0
51,1790395049639570000,RL_calflower1,1790395049118554041,1790395049650324010,0.979776951,521.015959,10.754010000000001,531.7699690000001,1,0.13829744,0.824983335,0.547974756,0.37091890899999996,-0.25466472,0.564309023,-0.785303509,0.999479985,-0.9570890759999999,-0.030944647999999998,0.288136748,0.71571512,0.0,0.0,0.0,1.0
51,1790395049639570000,RL_foot,1790395049118554041,1790395049650324010,0.979776951,521.015959,10.754010000000001,531.7699690000001,1,0.39634351799999995,0.824983335,0.40288252700000005,0.357449787,-0.616723628,0.564309023,-0.548823913,1.0184438009999999,-0.6801204890000001,-0.030944647999999998,0.732446862,0.7024515920000001,0.0,0.0,0.0,1.0
51,1790395049639570000,RR_hip,1790395049118554041,1790395049650324010,0.979776951,521.015959,10.754010000000001,531.7699690000001,1,0.120365605,0.8669024909999999,0.48372741399999997,0.37151632799999995,-0.22896158100000003,0.498375002,-0.836181407,0.664786787,-0.9659650679999999,-0.010107777,0.258474711,0.71934643,0.0,0.0,0.0,1.0
51,1790395049639570000,RR_thigh,1790395049118554041,1790395049650324010,0.979776951,521.015959,10.754010000000001,531.7699690000001,1,-0.308811491,0.86690366,0.39129723299999997,0.288727396,0.521014007,0.49837277,-0.692942552,0.617192119,-0.795726229,-0.010117548,-0.605571845,0.72031172,0.0,0.0,0.0,1.0
51,1790395049639570000,RR_calf,1790395049118554041,1790395049650324010,0.979776951,521.015959,10.754010000000001,531.7699690000001,1,0.38357298799999995,0.8669034390000001,0.318355476,0.205385505,-0.679897503,0.49837319399999996,-0.537925589,0.76478439,-0.624989033,-0.010115632,0.780567895,0.849294448,0.0,0.0,0.0,1.0
51,1790395049639570000,RR_calflower,1790395049118554041,1790395049650324010,0.979776951,521.015959,10.754010000000001,531.7699690000001,1,0.367182479,0.8669034390000001,0.337128274,0.165940574,-0.652162734,0.49837319399999996,-0.571234034,0.830797346,-0.663220094,-0.010115632,0.7483559559999999,0.721273473,0.0,0.0,0.0,1.0
51,1790395049639570000,RR_calflower1,1790395049118554041,1790395049650324010,0.979776951,521.015959,10.754010000000001,531.7699690000001,1,0.17001017899999998,0.8669034390000001,0.46858829,0.14878393199999998,-0.314681052,0.49837319399999996,-0.8078368570000001,0.8601675520000001,-0.933848053,-0.010115632,0.357526705,0.6979719759999999,0.0,0.0,0.0,1.0
51,1790395049639570000,RR_foot,1790395049118554041,1790395049650324010,0.979776951,521.015959,10.754010000000001,531.7699690000001,1,0.38357298799999995,0.8669034390000001,0.318355476,0.137576529,-0.679897503,0.49837319399999996,-0.537925589,0.879359167,-0.624989033,-0.010115632,0.780567895,0.683037228,0.0,0.0,0.0,1.0
52,1790395049707570000,FL_hip,1790395049650324010,1790395049722478797,0.7933775759999999,57.24599,14.908797,72.154787,0,0.12768386,0.823056888,0.55342047,0.508643617,-0.23244155,0.567279771,-0.79004112,0.636005469,-0.9641926959999999,-0.027762687,0.26374521,0.327049882,0.0,0.0,0.0,1.0
52,1790395049707570000,FL_thigh,1790395049650324010,1790395049722478797,0.7933775759999999,57.24599,14.908797,72.154787,0,0.257535497,0.8232984640000001,0.505821245,0.587173146,-0.419270615,0.566844289,-0.7091544870000001,0.690128601,-0.870567337,-0.029443806,0.49116741700000005,0.324401514,0.0,0.0,0.0,1.0
52,1790395049707570000,FL_calf,1790395049650324010,1790395049722478797,0.7933775759999999,57.24599,14.908797,72.154787,0,0.45492807700000004,0.822884203,-0.340443915,0.479859101,-0.630324375,0.567597063,0.529646241,0.8404891659999999,0.62907247,-0.026361122999999997,0.776899463,0.220158556,0.0,0.0,0.0,1.0
52,1790395049707570000,FL_calflower,1790395049650324010,1790395049722478797,0.7933775759999999,57.24599,14.908797,72.154787,0,0.471374639,0.822884203,-0.317281521,0.539302921,-0.6560079129999999,0.567597063,0.49748123200000005,0.749867373,0.589457503,-0.026361122999999997,0.8073690609999999,0.1179546,0.0,0.0,0.0,1.0
52,1790395049707570000,FL_calflower1,1790395049650324010,1790395049722478797,0.7933775759999999,57.24599,14.908797,72.154787,0,0.564620911,0.822884202,-0.063756107,0.547304751,-0.8116021609999999,0.567597063,0.138332534,0.736599353,0.150019594,-0.026361122999999997,0.988331458,0.079845926,0.0,0.0,0.0,1.0
52,1790395049707570000,FL_foot,1790395049650324010,1790395049722478797,0.7933775759999999,57.24599,14.908797,72.154787,0,0.45492807700000004,0.822884203,-0.340443915,0.552373784,-0.630324375,0.567597063,0.529646241,0.728163679,0.62907247,-0.026361122999999997,0.776899463,0.055008002,0.0,0.0,0.0,1.0
52,1790395049707570000,FR_hip,1790395049650324010,1790395049722478797,0.7933775759999999,57.24599,14.908797,72.154787,0,0.12768386,0.853069138,0.505934683,0.431444138,-0.23244155,0.521640973,-0.820890982,0.584197155,-0.9641926959999999,-0.01278598,0.264893982,0.329316341,0.0,0.0,0.0,1.0
52,1790395049707570000,FR_thigh,1790395049650324010,1790395049722478797,0.7933775759999999,57.24599,14.908797,72.154787,0,0.277484049,0.8531039859999999,0.44183279299999995,0.349997051,-0.474766391,0.521577284,-0.70891071,0.534392991,-0.835224148,-0.013056213999999998,0.549754506,0.33053716,0.0,0.0,0.0,1.0
52,1790395049707570000,FR_calf,1790395049650324010,1790395049722478797,0.7933775759999999,57.24599,14.908797,72.154787,0,0.438465235,0.85307032,-0.282876815,0.255923601,-0.703326848,0.52163882,0.482933402,0.6852922220000001,0.559535704,-0.012794916000000002,0.828707394,0.213489423,0.0,0.0,0.0,1.0
52,1790395049707570000,FR_calflower,1790395049650324010,1790395049722478797,0.7933775759999999,57.24599,14.908797,72.154787,0,0.45205521600000004,0.85307032,-0.260609164,0.306549143,-0.726584482,0.52163882,0.44717817,0.599765002,0.517418323,-0.012794917,0.855636855,0.102026985,0.0,0.0,0.0,1.0
52,1790395049707570000,FR_calflower1,1790395049650324010,1790395049722478797,0.7933775759999999,57.24599,14.908797,72.154787,0,0.521314566,0.85307032,-0.022409321,0.312452463,-0.8509743129999999,0.52163882,0.061123183,0.589143802,0.06383214400000001,-0.012794916000000002,0.9978785520000001,0.06262725799999999,0.0,0.0,0.0,1.0
52,1790395049707570000,FR_foot,1790395049650324010,1790395049722478797,0.7933775759999999,57.24599,14.908797,72.154787,0,0.438465235,0.85307032,-0.282876815,0.31616604600000003,-0.703326848,0.52163882,0.482933402,0.582440951,0.559535704,-0.012794916000000002,0.828707394,0.03697019,0.0,0.0,0.0,1.0
52,1790395049707570000,RL_hip,1790395049650324010,1790395049722478797,0.7933775759999999,57.24599,14.908797,72.154787,0,0.12768386,0.794636023,0.593506906,0.4592555,-0.23244155,0.60571394,-0.7609743309999999,0.725913861,-0.9641926959999999,-0.040791805,0.26204643,0.699999617,0.0,0.0,0.0,1.0
52,1790395049707570000,RL_thigh,1790395049650324010,1790395049722478797,0.7933775759999999,57.24599,14.908797,72.154787,0,-0.42778437799999997,0.794626683,0.430777187,0.535122595,0.511068443,0.605730902,-0.609835636,0.7837441559999999,-0.745526635,-0.040721812,-0.6652305079999999,0.696104975,0.0,0.0,0.0,1.0
52,1790395049707570000,RL_calf,1790395049650324010,1790395049722478797,0.7933775759999999,57.24599,14.908797,72.154787,0,0.454027753,0.794581742,0.403111249,0.443376595,-0.637042261,0.605811476,-0.476623539,0.913604953,-0.622925456,-0.040398867000000005,0.781237266,0.8378050029999999,0.0,0.0,0.0,1.0
52,1790395049707570000,RL_calflower,1790395049650324010,1790395049722478797,0.7933775759999999,57.24599,14.908797,72.154787,0,0.433313172,0.794581742,0.425299395,0.39287843299999997,-0.612424875,0.605811476,-0.507866726,0.971368963,-0.661192551,-0.040398867000000005,0.7491276259999999,0.709808222,0.0,0.0,0.0,1.0
52,1790395049707570000,RL_calflower1,1790395049650324010,1790395049722478797,0.7933775759999999,57.24599,14.908797,72.154787,0,0.187952179,0.794581742,0.577333403,0.371556745,-0.308695477,0.605811476,-0.7332802620000001,0.9977861579999999,-0.9324059729999999,-0.040398867000000005,0.35914745,0.686471794,0.0,0.0,0.0,1.0
52,1790395049707570000,RL_foot,1790395049650324010,1790395049722478797,0.7933775759999999,57.24599,14.908797,72.154787,0,0.454027753,0.794581742,0.403111249,0.357634259,-0.637042261,0.605811476,-0.476623539,1.01505437,-0.622925456,-0.040398867000000005,0.781237266,0.671513825,0.0,0.0,0.0,1.0
52,1790395049707570000,RR_hip,1790395049650324010,1790395049722478797,0.7933775759999999,57.24599,14.908797,72.154787,0,0.12768386,0.8344579520000001,0.536075352,0.382056021,-0.23244155,0.550622532,-0.8017394440000001,0.674105547,-0.9641926959999999,-0.022237271,0.26426843699999997,0.7022660759999999,0.0,0.0,0.0,1.0
52,1790395049707570000,RR_thigh,1790395049650324010,1790395049722478797,0.7933775759999999,57.24599,14.908797,72.154787,0,-0.37003629899999996,0.834509127,0.408249531,0.302398444,0.529526643,0.550528693,-0.645383666,0.621542343,-0.76333156,-0.022636652,-0.645610076,0.704389004,0.0,0.0,0.0,1.0
52,1790395049707570000,RR_calf,1790395049650324010,1790395049722478797,0.7933775759999999,57.24599,14.908797,72.154787,0,0.37581731399999996,0.834558976,0.402830843,0.21556423800000002,-0.5994061270000001,0.550435801,-0.581148094,0.758948189,-0.7067345290000001,-0.023054031000000003,0.7071030159999999,0.8418598340000001,0.0,0.0,0.0,1.0
52,1790395049707570000,RR_calflower,1790395049650324010,1790395049722478797,0.7933775759999999,57.24599,14.908797,72.154787,0,0.35521448899999997,0.834558976,0.421110446,0.163502955,-0.569611726,0.550435801,-0.610379631,0.832763982,-0.7411917159999999,-0.023054031000000003,0.670897316,0.723296371,0.0,0.0,0.0,1.0
52,1790395049707570000,RR_calflower1,1790395049650324010,1790395049722478797,0.7933775759999999,57.24599,14.908797,72.154787,0,0.120613414,0.834558976,0.5375534820000001,0.143141183,-0.22338210600000002,0.550435801,-0.804438467,0.862805466,-0.9672396990000001,-0.023054031000000003,0.252815613,0.7039119359999999,0.0,0.0,0.0,1.0
52,1790395049707570000,RR_foot,1790395049650324010,1790395049722478797,0.7933775759999999,57.24599,14.908797,72.154787,0,0.37581731399999996,0.834558976,0.402830843,0.129860271,-0.5994061270000001,0.550435801,-0.581148094,0.882411479,-0.7067345290000001,-0.023054031000000003,0.7071030159999999,0.6915342290000001,0.0,0.0,0.0,1.0
53,1790395049771573000,FL_hip,1790395049722478797,1790395049792477078,0.7013629809999999,49.094203,20.904078,69.998281,0,0.117408359,0.831962422,0.542267289,0.524438042,-0.231938649,0.553914436,-0.799614697,0.653047041,-0.965618733,-0.031891567,0.257998542,0.323298564,0.0,0.0,0.0,1.0
53,1790395049771573000,FL_thigh,1790395049722478797,1790395049792477078,0.7013629809999999,49.094203,20.904078,69.998281,0,0.277154967,0.8319489870000001,0.480672461,0.603880211,-0.464508012,0.5539409,-0.690928497,0.705939117,-0.841081053,-0.031782219,0.539974454,0.320253295,0.0,0.0,0.0,1.0
53,1790395049771573000,FL_calf,1790395049722478797,1790395049792477078,0.7013629809999999,49.094203,20.904078,69.998281,0,0.46143894799999996,0.8319648940000001,-0.308072263,0.50152722,-0.658846185,0.553909549,0.50902487,0.85307512,0.59413498,-0.03191194,0.80373199,0.20525672600000003,0.0,0.0,0.0,1.0
53,1790395049771573000,FL_calflower,1790395049722478797,1790395049792477078,0.7013629809999999,49.094203,20.904078,69.998281,0,0.476259465,0.8319648940000001,-0.284624917,0.556343159,-0.6834634390000001,0.553909549,0.47546013600000003,0.7645688409999999,0.553222608,-0.03191194,0.8324219070000001,0.098185127,0.0,0.0,0.0,1.0
53,1790395049771573000,FL_calflower1,1790395049722478797,1790395049792477078,0.7013629809999999,49.094203,20.904078,69.998281,0,0.553873587,0.8319648940000001,-0.032534152999999996,0.562964582,-0.82578619,0.553909549,0.106121544,0.752384982,0.10631054300000001,-0.03191194,0.993820685,0.059356075,0.0,0.0,0.0,1.0
53,1790395049771573000,FL_foot,1790395049722478797,1790395049792477078,0.7013629809999999,49.094203,20.904078,69.998281,0,0.46143894799999996,0.8319648940000001,-0.308072263,0.567137479,-0.658846185,0.553909549,0.50902487,0.7446589779999999,0.59413498,-0.03191194,0.80373199,0.034059938,0.0,0.0,0.0,1.0
53,1790395049771573000,FR_hip,1790395049722478797,1790395049792477078,0.7013629809999999,49.094203,20.904078,69.998281,0,0.117408359,0.8384235990000001,0.5322228410000001,0.446300187,-0.231938649,0.544258162,-0.806218282,0.602681094,-0.965618733,-0.028786554,0.258363415,0.325895653,0.0,0.0,0.0,1.0
53,1790395049771573000,FR_thigh,1790395049722478797,1790395049792477078,0.7013629809999999,49.094203,20.904078,69.998281,0,0.266650789,0.838429979,0.47532361,0.36625239200000004,-0.455783855,0.544245546,-0.7043140379999999,0.5507182970000001,-0.849210415,-0.028839207000000002,0.527266373,0.328644073,0.0,0.0,0.0,1.0
53,1790395049771573000,FR_calf,1790395049722478797,1790395049792477078,0.7013629809999999,49.094203,20.904078,69.998281,0,0.47330695899999997,0.838444284,-0.27016978199999997,0.265035607,-0.700796805,0.544217165,0.461207022,0.7006892509999999,0.533727443,-0.028958646,0.8451605,0.21635182,0.0,0.0,0.0,1.0
53,1790395049771573000,FR_calflower,1790395049722478797,1790395049792477078,0.7013629809999999,49.094203,20.904078,69.998281,0,0.48621831,0.838444284,-0.246176652,0.314451749,-0.722971735,0.544217165,0.425605391,0.618425466,0.49082000299999995,-0.028958646,0.870779524,0.101952263,0.0,0.0,0.0,1.0
53,1790395049771573000,FR_calflower1,1790395049722478797,1790395049792477078,0.7013629809999999,49.094203,20.904078,69.998281,0,0.544952424,0.838444284,0.00616805,0.319429774,-0.837807965,0.544217165,0.04365653,0.608628307,0.033247,-0.028958645,0.9990274729999999,0.062217715,0.0,0.0,0.0,1.0
53,1790395049771573000,FR_foot,1790395049722478797,1790395049792477078,0.7013629809999999,49.094203,20.904078,69.998281,0,0.47330695899999997,0.838444284,-0.27016978199999997,0.322535382,-0.700796805,0.544217165,0.461207022,0.602458481,0.533727443,-0.028958646,0.8451605,0.036350277,0.0,0.0,0.0,1.0
53,1790395049771573000,RL_hip,1790395049722478797,1790395049792477078,0.7013629809999999,49.094203,20.904078,69.998281,0,0.117408359,0.796789533,0.592740857,0.479024489,-0.231938649,0.602362725,-0.7637827,0.74276091,-0.965618733,-0.047805321,0.25552880699999997,0.696799889,0.0,0.0,0.0,1.0
53,1790395049771573000,RL_thigh,1790395049722478797,1790395049792477078,0.7013629809999999,49.094203,20.904078,69.998281,0,-0.42160831200000004,0.7967877609999999,0.43286915200000003,0.555117738,0.49754265200000003,0.6023662129999999,-0.6241847939999999,0.8002864359999999,-0.7580884529999999,-0.047790912000000005,-0.650398173,0.69223449,0.0,0.0,0.0,1.0
53,1790395049771573000,RL_calf,1790395049722478797,1790395049792477078,0.7013629809999999,49.094203,20.904078,69.998281,0,0.431351265,0.796793318,0.423150684,0.462924925,-0.622453818,0.602355182,-0.49971980200000005,0.9332211909999999,-0.653060081,-0.047837270999999994,0.7557936120000001,0.8307538959999999,0.0,0.0,0.0,1.0
53,1790395049771573000,RL_calflower,1790395049722478797,1790395049792477078,0.7013629809999999,49.094203,20.904078,69.998281,0,0.409663469,0.796793318,0.44418043399999996,0.40895229899999996,-0.5967003329999999,0.602355183,-0.5302050070000001,0.9946952520000001,-0.690017863,-0.047837270999999994,0.7222096659999999,0.7059043890000001,0.0,0.0,0.0,1.0
53,1790395049771573000,RL_calflower1,1790395049722478797,1790395049792477078,0.7013629809999999,49.094203,20.904078,69.998281,0,0.158256142,0.796793318,0.583159849,0.38710006700000005,-0.284432535,0.602355182,-0.7458329370000001,1.021855329,-0.945543725,-0.047837270999999994,0.321960427,0.6839284640000001,0.0,0.0,0.0,1.0
53,1790395049771573000,RL_foot,1790395049722478797,1790395049792477078,0.7013629809999999,49.094203,20.904078,69.998281,0,0.431351265,0.796793318,0.423150684,0.37283969100000003,-0.622453818,0.602355182,-0.49971980200000005,1.03960111,-0.653060081,-0.047837270999999994,0.7557936120000001,0.669859156,0.0,0.0,0.0,1.0
53,1790395049771573000,RR_hip,1790395049722478797,1790395049792477078,0.7013629809999999,49.094203,20.904078,69.998281,0,0.117408359,0.859377287,0.497680584,0.40088663399999996,-0.231938649,0.511015856,-0.8276881420000001,0.6923949629999999,-0.965618733,-0.018254123,0.259320471,0.699396978,0.0,0.0,0.0,1.0
53,1790395049771573000,RR_thigh,1790395049722478797,1790395049792477078,0.7013629809999999,49.094203,20.904078,69.998281,0,-0.33545200399999997,0.8594190270000001,0.385837914,0.318849664,0.536060209,0.510933458,-0.672002125,0.6436132760000001,-0.7746688279999999,-0.018592374,-0.632093654,0.701139445,0.0,0.0,0.0,1.0
53,1790395049771573000,RR_calf,1790395049722478797,1790395049792477078,0.7013629809999999,49.094203,20.904078,69.998281,0,0.34798355200000003,0.8594096859999999,0.37459637700000004,0.236768483,-0.611067257,0.510951888,-0.604586949,0.786697526,-0.710988258,-0.018517534,0.702959925,0.835746762,0.0,0.0,0.0,1.0
53,1790395049771573000,RR_calflower,1790395049722478797,1790395049792477078,0.7013629809999999,49.094203,20.904078,69.998281,0,0.32882664699999997,0.8594096859999999,0.39152015799999995,0.18830076399999998,-0.580086828,0.510951888,-0.634372006,0.863887981,-0.74523306,-0.018517534,0.666546805,0.7175236220000001,0.0,0.0,0.0,1.0
53,1790395049771573000,RR_calflower1,1790395049722478797,1790395049792477078,0.7013629809999999,49.094203,20.904078,69.998281,0,0.110871711,0.8594096859999999,0.49912169100000003,0.169361497,-0.22159428899999997,0.510951888,-0.830556766,0.8950432359999999,-0.968815375,-0.018517534,0.24709052399999998,0.6983219079999999,0.0,0.0,0.0,1.0
53,1790395049771573000,RR_foot,1790395049722478797,1790395049792477078,0.7013629809999999,49.094203,20.904078,69.998281,0,0.34798355200000003,0.8594096859999999,0.37459637700000004,0.157008578,-0.611067257,0.510951888,-0.604586949,0.915373674,-0.710988258,-0.018517534,0.702959925,0.686063868,0.0,0.0,0.0,1.0
54,1790395049839573000,FL_hip,1790395049792477078,1790395049848506610,0.840555334,47.095921999999995,8.93361,56.029531999999996,0,0.110959482,0.816270168,0.566913585,0.527753946,-0.227720165,0.576141551,-0.784987161,0.644456616,-0.967383749,-0.041996161,0.24980965,0.343194505,0.0,0.0,0.0,1.0
54,1790395049839573000,FL_thigh,1790395049792477078,1790395049848506610,0.840555334,47.095921999999995,8.93361,56.029531999999996,0,0.297748982,0.8162653320000001,0.495031775,0.605705995,-0.48184845,0.576151409,-0.660206051,0.699476908,-0.8241162240000001,-0.041954889,0.564864668,0.33918396,0.0,0.0,0.0,1.0
54,1790395049839573000,FL_calf,1790395049792477078,1790395049848506610,0.840555334,47.095921999999995,8.93361,56.029531999999996,0,0.490970513,0.816272102,-0.304381041,0.500277787,-0.653606399,0.576137571,0.49077956100000003,0.840087424,0.575975,-0.042013170999999995,0.8163868870000001,0.21887848699999998,0.0,0.0,0.0,1.0
54,1790395049839573000,FL_calflower,1790395049792477078,1790395049848506610,0.840555334,47.095921999999995,8.93361,56.029531999999996,0,0.505569639,0.816272102,-0.27946234600000003,0.555142044,-0.677318317,0.576137571,0.45749951,0.7543810559999999,0.534452844,-0.042013170999999995,0.844153368,0.109573924,0.0,0.0,0.0,1.0
54,1790395049839573000,FL_calflower1,1790395049792477078,1790395049848506610,0.840555334,47.095921999999995,8.93361,56.029531999999996,0,0.577487595,0.816272102,-0.014420151,0.5612641279999999,-0.8120416540000001,0.576137571,0.09302824900000001,0.7428540570000001,0.08424451300000001,-0.042013170999999995,0.995558945,0.070463813,0.0,0.0,0.0,1.0
54,1790395049839573000,FL_foot,1790395049792477078,1790395049848506610,0.840555334,47.095921999999995,8.93361,56.029531999999996,0,0.490970513,0.816272102,-0.304381041,0.565106228,-0.653606399,0.576137571,0.49077956100000003,0.735552173,0.575975,-0.042013170999999995,0.8163868870000001,0.04499018900000001,0.0,0.0,0.0,1.0
54,1790395049839573000,FR_hip,1790395049792477078,1790395049848506610,0.840555334,47.095921999999995,8.93361,56.029531999999996,0,0.110959482,0.88406046,0.454010026,0.44973411,-0.227720165,0.46729318,-0.854272213,0.593927156,-0.967383749,-0.008597894,0.253169144,0.34614014299999996,0.0,0.0,0.0,1.0
54,1790395049839573000,FR_thigh,1790395049792477078,1790395049848506610,0.840555334,47.095921999999995,8.93361,56.029531999999996,0,0.20604540300000002,0.8839760759999999,0.41968035,0.36540148299999997,-0.404555038,0.467466275,-0.786009483,0.5493545,-0.89099964,-0.007830418,0.453936319,0.34695948,0.0,0.0,0.0,1.0
54,1790395049839573000,FR_calf,1790395049792477078,1790395049848506610,0.840555334,47.095921999999995,8.93361,56.029531999999996,0,0.368006754,0.88422666,-0.28760085,0.276210152,-0.683432611,0.466951823,0.561138365,0.716506815,0.630469237,-0.009947166,0.776150405,0.25038261300000003,0.0,0.0,0.0,1.0
54,1790395049839573000,FR_calflower,1790395049792477078,1790395049848506610,0.840555334,47.095921999999995,8.93361,56.029531999999996,0,0.381920893,0.88422666,-0.26884875199999997,0.32585123899999996,-0.710623728,0.466951823,0.526279694,0.619926863,0.590889962,-0.009947166,0.806690748,0.148283848,0.0,0.0,0.0,1.0
54,1790395049839573000,FR_calflower1,1790395049792477078,1790395049848506610,0.840555334,47.095921999999995,8.93361,56.029531999999996,0,0.462910648,0.88422666,-0.062104364,0.332723367,-0.8733446420000001,0.466951823,0.13865617800000002,0.605978297,0.151603408,-0.009947166,0.9883912770000001,0.110173471,0.0,0.0,0.0,1.0
54,1790395049839573000,FR_foot,1790395049792477078,1790395049848506610,0.840555334,47.095921999999995,8.93361,56.029531999999996,0,0.368006754,0.88422666,-0.28760085,0.337082183,-0.683432611,0.466951823,0.561138365,0.597114985,0.630469237,-0.009947166,0.776150405,0.085334014,0.0,0.0,0.0,1.0
54,1790395049839573000,RL_hip,1790395049792477078,1790395049848506610,0.840555334,47.095921999999995,8.93361,56.029531999999996,0,0.110959482,0.798975777,0.591037823,0.48483481799999995,-0.227720165,0.599327437,-0.76743114,0.732538776,-0.967383749,-0.049437747000000004,0.248444055,0.717378539,0.0,0.0,0.0,1.0
54,1790395049839573000,RL_thigh,1790395049792477078,1790395049848506610,0.840555334,47.095921999999995,8.93361,56.029531999999996,0,-0.39976451799999996,0.798979498,0.449243919,0.561136592,0.46788356799999997,0.599319888,-0.6495391,0.789774235,-0.7882091170000001,-0.049469115,-0.613415888,0.71265726,0.0,0.0,0.0,1.0
54,1790395049839573000,RL_calf,1790395049792477078,1790395049848506610,0.840555334,47.095921999999995,8.93361,56.029531999999996,0,0.41302016700000005,0.7989752720000001,0.437095942,0.465470932,-0.6066314629999999,0.599328475,-0.522306473,0.928102214,-0.679273675,-0.049433322,0.73221819,0.8432889140000001,0.0,0.0,0.0,1.0
54,1790395049839573000,RL_calflower,1790395049792477078,1790395049848506610,0.840555334,47.095921999999995,8.93361,56.029531999999996,0,0.39065830700000004,0.7989752720000001,0.457192091,0.40904207200000003,-0.5797688879999999,0.599328475,-0.5519726620000001,0.993270488,-0.715020416,-0.049433322,0.697353575,0.721335748,0.0,0.0,0.0,1.0
54,1790395049839573000,RL_calflower1,1790395049792477078,1790395049848506610,0.840555334,47.095921999999995,8.93361,56.029531999999996,0,0.13539014800000002,0.7989752720000001,0.585924935,0.38684806,-0.259362579,0.599328475,-0.757322148,1.021146843,-0.956242838,-0.049433323,0.288367542,0.70059194,0.0,0.0,0.0,1.0
54,1790395049839573000,RL_foot,1790395049792477078,1790395049848506610,0.840555334,47.095921999999995,8.93361,56.029531999999996,0,0.41302016700000005,0.7989752720000001,0.437095942,0.37237085200000003,-0.6066314629999999,0.599328475,-0.522306473,1.03935264,-0.679273675,-0.049433322,0.73221819,0.687327255,0.0,0.0,0.0,1.0
54,1790395049839573000,RR_hip,1790395049792477078,1790395049848506610,0.840555334,47.095921999999995,8.93361,56.029531999999996,0,0.110959482,0.865477967,0.488503725,0.40681498200000005,-0.227720165,0.50060241,-0.8351892940000001,0.6820093159999999,-0.967383749,-0.018570241,0.2526335,0.7203241770000001,0.0,0.0,0.0,1.0
54,1790395049839573000,RR_thigh,1790395049792477078,1790395049848506610,0.840555334,47.095921999999995,8.93361,56.029531999999996,0,-0.313770144,0.865476633,0.390510564,0.324161967,0.512840847,0.500605139,-0.6974160629999999,0.634201861,-0.7990888009999999,-0.018558834,-0.6009263810000001,0.722097632,0.0,0.0,0.0,1.0
54,1790395049839573000,RR_calf,1790395049792477078,1790395049848506610,0.840555334,47.095921999999995,8.93361,56.029531999999996,0,0.35386908899999997,0.865476603,0.354579927,0.24098890399999998,-0.6371725770000001,0.5006052,-0.586008485,0.78273723,-0.6846808440000001,-0.018558581,0.728606601,0.850083575,0.0,0.0,0.0,1.0
54,1790395049839573000,RR_calflower,1790395049792477078,1790395049848506610,0.840555334,47.095921999999995,8.93361,56.029531999999996,0,0.33570523399999996,0.865476603,0.37182287799999997,0.19559376899999997,-0.60708806,0.5006052,-0.6171214829999999,0.856716512,-0.720240324,-0.018558582,0.6934762520000001,0.7285673890000001,0.0,0.0,0.0,1.0
54,1790395049839573000,RR_calflower1,1790395049792477078,1790395049848506610,0.840555334,47.095921999999995,8.93361,56.029531999999996,0,0.126068776,0.865476603,0.48482669100000003,0.17736563100000002,-0.253510177,0.5006052,-0.8277242459999999,0.887469398,-0.9590824020000001,-0.018558581,0.28251793199999997,0.7080326290000001,0.0,0.0,0.0,1.0
54,1790395049839573000,RR_foot,1790395049792477078,1790395049848506610,0.840555334,47.095921999999995,8.93361,56.029531999999996,0,0.35386908899999997,0.865476603,0.354579927,0.16547171300000002,-0.6371725770000001,0.5006052,-0.586008485,0.907545797,-0.6846808440000001,-0.018558581,0.728606601,0.69490467,0.0,0.0,0.0,1.0
55,1790395049907571000,FL_hip,1790395049848506610,1790395049922563537,0.7975538870000001,59.06439,14.992536999999999,74.056927,0,0.094195343,0.8191613959999999,0.565775433,0.522642249,-0.21539113399999998,0.571610509,-0.7917502790000001,0.638662931,-0.971974122,-0.047284094000000006,0.230283244,0.34938909700000004,0.0,0.0,0.0,1.0
55,1790395049907571000,FL_thigh,1790395049848506610,1790395049922563537,0.7975538870000001,59.06439,14.992536999999999,74.056927,0,0.294621721,0.819161713,0.492109872,0.600872147,-0.490082595,0.57160979,-0.658089445,0.693251724,-0.82037616,-0.04728730900000001,0.569865527,0.34487346700000004,0.0,0.0,0.0,1.0
55,1790395049907571000,FL_calf,1790395049848506610,1790395049922563537,0.7975538870000001,59.06439,14.992536999999999,74.056927,0,0.492822108,0.8191615879999999,-0.29342913800000003,0.49605831799999994,-0.659275572,0.571610073,0.488485479,0.833416899,0.567875561,-0.047286052,0.8217549690000001,0.223498725,0.0,0.0,0.0,1.0
55,1790395049907571000,FL_calflower,1790395049848506610,1790395049922563537,0.7975538870000001,59.06439,14.992536999999999,74.056927,0,0.506871553,0.8191615879999999,-0.268431588,0.549340971,-0.682865748,0.571610072,0.454924954,0.747937125,0.526095234,-0.047286052,0.849109938,0.11323875300000001,0.0,0.0,0.0,1.0
55,1790395049907571000,FL_calflower1,1790395049848506610,1790395049922563537,0.7975538870000001,59.06439,14.992536999999999,74.056927,0,0.5735486120000001,0.8191615879999999,-0.004034728,0.555009338,-0.815773321,0.571610073,0.08818294199999999,0.7365689670000001,0.074542514,-0.047286052,0.996096027,0.074014203,0.0,0.0,0.0,1.0
55,1790395049907571000,FL_foot,1790395049848506610,1790395049922563537,0.7975538870000001,59.06439,14.992536999999999,74.056927,0,0.492822108,0.8191615879999999,-0.29342913800000003,0.5585571260000001,-0.659275572,0.571610073,0.488485479,0.729371377,0.567875561,-0.047286052,0.8217549690000001,0.048468489000000003,0.0,0.0,0.0,1.0
55,1790395049907571000,FR_hip,1790395049848506610,1790395049922563537,0.7975538870000001,59.06439,14.992536999999999,74.056927,0,0.094195343,0.930841637,0.353073759,0.44427615299999995,-0.21539113399999998,0.36530523299999995,-0.9056263929999999,0.5887062439999999,-0.971974122,0.009256591,0.23490524399999999,0.352865045,0.0,0.0,0.0,1.0
55,1790395049907571000,FR_thigh,1790395049848506610,1790395049922563537,0.7975538870000001,59.06439,14.992536999999999,74.056927,0,0.14977607099999998,0.930800338,0.333433434,0.35546501799999997,-0.35708017799999997,0.365399201,-0.8596380570000001,0.553854711,-0.9219873590000001,0.009690499,0.38709851,0.35198142200000004,0.0,0.0,0.0,1.0
55,1790395049907571000,FR_calf,1790395049848506610,1790395049922563537,0.7975538870000001,59.06439,14.992536999999999,74.056927,0,0.230562474,0.93104158,-0.282847164,0.284549395,-0.603743244,0.364838825,0.708792738,0.736746386,0.763109072,0.007345816999999999,0.646227851,0.269593174,0.0,0.0,0.0,1.0
55,1790395049907571000,FR_calflower,1790395049848506610,1790395049922563537,0.7975538870000001,59.06439,14.992536999999999,74.056927,0,0.24441079699999999,0.93104158,-0.270970358,0.330588172,-0.638413594,0.364838825,0.677732346,0.620224065,0.729857454,0.007345816999999999,0.683559791,0.189538939,0.0,0.0,0.0,1.0
55,1790395049907571000,FR_calflower1,1790395049848506610,1790395049922563537,0.7975538870000001,59.06439,14.992536999999999,74.056927,0,0.341919605,0.93104158,-0.127485516,0.338873873,-0.8792323,0.364838825,0.306339047,0.599556145,0.331726179,0.007345816999999999,0.943347037,0.155039918,0.0,0.0,0.0,1.0
55,1790395049907571000,FR_foot,1790395049848506610,1790395049922563537,0.7975538870000001,59.06439,14.992536999999999,74.056927,0,0.230562474,0.93104158,-0.282847164,0.344182482,-0.603743244,0.364838825,0.708792738,0.586320789,0.763109072,0.007345816999999999,0.646227851,0.132506621,0.0,0.0,0.0,1.0
55,1790395049907571000,RL_hip,1790395049848506610,1790395049922563537,0.7975538870000001,59.06439,14.992536999999999,74.056927,0,0.094195343,0.806859212,0.583185601,0.486207491,-0.21539113399999998,0.5884324129999999,-0.779329438,0.721976222,-0.971974122,-0.052204078,0.229218002,0.725348687,0.0,0.0,0.0,1.0
55,1790395049907571000,RL_thigh,1790395049848506610,1790395049922563537,0.7975538870000001,59.06439,14.992536999999999,74.056927,0,-0.40025778799999995,0.806859184,0.434478948,0.563262265,0.47955451600000004,0.588432477,-0.650980111,0.778171312,-0.7809106729999999,-0.05220379,-0.622457337,0.720363216,0.0,0.0,0.0,1.0
55,1790395049907571000,RL_calf,1790395049848506610,1790395049922563537,0.7975538870000001,59.06439,14.992536999999999,74.056927,0,0.38572957,0.806858014,0.447429146,0.470718491,-0.591695966,0.588435169,-0.55103571,0.9168296690000001,-0.7078903009999999,-0.052191527,0.7043913820000001,0.8529467390000001,0.0,0.0,0.0,1.0
55,1790395049907571000,RL_calflower,1790395049848506610,1790395049922563537,0.7975538870000001,59.06439,14.992536999999999,74.056927,0,0.362885371,0.806858014,0.46614842,0.412217469,-0.563416193,0.588435169,-0.579919532,0.9865462759999999,-0.7422105179999999,-0.052191527,0.668131307,0.7345444640000001,0.0,0.0,0.0,1.0
55,1790395049907571000,RL_calflower1,1790395049848506610,1790395049922563537,0.7975538870000001,59.06439,14.992536999999999,74.056927,0,0.106619848,0.806858014,0.581044189,0.389943892,-0.23195253899999999,0.588435169,-0.774559546,1.015375876,-0.966866085,-0.052191527,0.249891715,0.715242232,0.0,0.0,0.0,1.0
55,1790395049907571000,RL_foot,1790395049848506610,1790395049922563537,0.7975538870000001,59.06439,14.992536999999999,74.056927,0,0.38572957,0.806858014,0.447429146,0.375421985,-0.591695966,0.588435169,-0.55103571,1.034195295,-0.7078903009999999,-0.052191527,0.7043913820000001,0.7029183290000001,0.0,0.0,0.0,1.0
55,1790395049907571000,RR_hip,1790395049848506610,1790395049922563537,0.7975538870000001,59.06439,14.992536999999999,74.056927,0,0.094195343,0.862447651,0.497304013,0.407841395,-0.21539113399999998,0.505348319,-0.835601672,0.672019535,-0.971974122,-0.028405352000000002,0.233365152,0.728824635,0.0,0.0,0.0,1.0
55,1790395049907571000,RR_thigh,1790395049848506610,1790395049922563537,0.7975538870000001,59.06439,14.992536999999999,74.056927,0,-0.335114232,0.862450099,0.37931289799999995,0.325479327,0.528026898,0.505342706,-0.6825077009999999,0.62375975,-0.780311733,-0.028430893999999998,-0.624744056,0.7315372920000001,0.0,0.0,0.0,1.0
55,1790395049907571000,RR_calf,1790395049848506610,1790395049922563537,0.7975538870000001,59.06439,14.992536999999999,74.056927,0,0.334191548,0.862452524,0.380120571,0.244693539,-0.610782194,0.505337108,-0.609573569,0.769128913,-0.717816955,-0.028456804,0.6956499709999999,0.8646037990000001,0.0,0.0,0.0,1.0
55,1790395049907571000,RR_calflower,1790395049848506610,1790395049922563537,0.7975538870000001,59.06439,14.992536999999999,74.056927,0,0.314775786,0.862452524,0.396348135,0.19512309100000003,-0.579552895,0.505337108,-0.639338148,0.847115072,-0.7516878779999999,-0.028456804,0.658904694,0.7473081309999999,0.0,0.0,0.0,1.0
55,1790395049907571000,RR_calflower1,1790395049848506610,1790395049922563537,0.7975538870000001,59.06439,14.992536999999999,74.056927,0,0.096179208,0.862452524,0.496915686,0.17612392300000002,-0.218827432,0.505337108,-0.8347151490000001,0.878478882,-0.9710117979999999,-0.028456804,0.237331309,0.728471648,0.0,0.0,0.0,1.0
55,1790395049907571000,RR_foot,1790395049848506610,1790395049922563537,0.7975538870000001,59.06439,14.992536999999999,74.056927,0,0.334191548,0.862452524,0.380120571,0.16373558900000001,-0.610782194,0.505337108,-0.609573569,0.898944339,-0.717816955,-0.028456804,0.6956499709999999,0.716451855,0.0,0.0,0.0,1.0
56,1790395049971572000,FL_hip,1790395049922563537,1790395049988756890,0.7403834490000001,49.008463,17.18489,66.193353,0,0.090990189,0.846777274,0.524107832,0.512874509,-0.2064003,0.530898392,-0.821916205,0.6335218029999999,-0.974227642,-0.033389972999999996,0.22308172699999998,0.349885471,0.0,0.0,0.0,1.0
56,1790395049971572000,FL_thigh,1790395049922563537,1790395049988756890,0.7403834490000001,49.008463,17.18489,66.193353,0,0.27698218,0.846774848,0.45415109200000003,0.593721614,-0.493586343,0.5309038979999999,-0.6888497720000001,0.6842097570000001,-0.8244109059999999,-0.033363935,0.565007391,0.346697569,0.0,0.0,0.0,1.0
56,1790395049971572000,FL_calf,1790395049922563537,1790395049988756890,0.7403834490000001,49.008463,17.18489,66.193353,0,0.45270268700000005,0.84678074,-0.279325335,0.497015783,-0.6862213340000001,0.530890538,0.497248381,0.8308949659999999,0.569351499,-0.033426944,0.8214142409999999,0.22636228100000003,0.0,0.0,0.0,1.0
56,1790395049971572000,FL_calflower,1790395049922563537,1790395049988756890,0.7403834490000001,49.008463,17.18489,66.193353,0,0.466097374,0.84678074,-0.256350547,0.547395792,-0.710215797,0.530890538,0.462330178,0.743590625,0.527586357,-0.033426944,0.8488434020000001,0.116176713,0.0,0.0,0.0,1.0
56,1790395049971572000,FL_calflower1,1790395049922563537,1790395049988756890,0.7403834490000001,49.008463,17.18489,66.193353,0,0.531803349,0.84678074,-0.012147571999999999,0.552987035,-0.843452254,0.530890538,0.082121656,0.732199512,0.075988214,-0.033426944,0.996548181,0.0769472,0.0,0.0,0.0,1.0
56,1790395049971572000,FL_foot,1790395049922563537,1790395049988756890,0.7403834490000001,49.008463,17.18489,66.193353,0,0.45270268700000005,0.84678074,-0.279325335,0.556494939,-0.6862213340000001,0.530890538,0.497248381,0.724993751,0.569351499,-0.033426944,0.8214142409999999,0.051397914,0.0,0.0,0.0,1.0
56,1790395049971572000,FR_hip,1790395049922563537,1790395049988756890,0.7403834490000001,49.008463,17.18489,66.193353,0,0.090990189,0.924041145,0.37130679200000005,0.43389310799999997,-0.2064003,0.382255712,-0.9007107870000001,0.584512649,-0.974227642,0.005317761999999999,0.225504032,0.352891952,0.0,0.0,0.0,1.0
56,1790395049971572000,FR_thigh,1790395049922563537,1790395049988756890,0.7403834490000001,49.008463,17.18489,66.193353,0,0.17594612399999998,0.923964641,0.33960608200000003,0.345691976,-0.410818346,0.38242888399999997,-0.827633295,0.548025168,-0.894578723,0.006102211999999999,0.44686856799999997,0.352384488,0.0,0.0,0.0,1.0
56,1790395049971572000,FR_calf,1790395049922563537,1790395049988756890,0.7403834490000001,49.008463,17.18489,66.193353,0,0.274625725,0.9241565959999999,-0.26554714100000004,0.273517723,-0.6715773490000001,0.381992768,0.634874652,0.723999134,0.688160642,0.003982285,0.725547323,0.25734433,0.0,0.0,0.0,1.0
56,1790395049971572000,FR_calflower,1790395049922563537,1790395049988756890,0.7403834490000001,49.008463,17.18489,66.193353,0,0.28755434,0.9241565959999999,-0.251489711,0.317985256,-0.70246856,0.381992768,0.600516347,0.617000341,0.6510383679999999,0.003982285,0.759034274,0.16404606300000002,0.0,0.0,0.0,1.0
56,1790395049971572000,FR_calflower1,1790395049922563537,1790395049988756890,0.7403834490000001,49.008463,17.18489,66.193353,0,0.37119195,0.9241565959999999,-0.090283491,0.32508946,-0.90039199,0.381992768,0.208269598,0.600056244,0.226961506,0.003982285,0.9738955090000001,0.127306214,0.0,0.0,0.0,1.0
56,1790395049971572000,FR_foot,1790395049922563537,1790395049988756890,0.7403834490000001,49.008463,17.18489,66.193353,0,0.274625725,0.9241565959999999,-0.26554714100000004,0.329621858,-0.6715773490000001,0.381992768,0.634874652,0.5892497329999999,0.688160642,0.003982285,0.725547323,0.103340284,0.0,0.0,0.0,1.0
56,1790395049971572000,RL_hip,1790395049922563537,1790395049988756890,0.7403834490000001,49.008463,17.18489,66.193353,0,0.090990189,0.825398643,0.5571695010000001,0.477679504,-0.2064003,0.562972049,-0.800288587,0.713357439,-0.974227642,-0.042181816,0.221587548,0.726716722,0.0,0.0,0.0,1.0
56,1790395049971572000,RL_thigh,1790395049922563537,1790395049988756890,0.7403834490000001,49.008463,17.18489,66.193353,0,-0.413166296,0.82537651,0.38476904100000003,0.556500303,0.55173395,0.563023184,-0.615300721,0.767117988,-0.7244885440000001,-0.041931651,-0.688010125,0.7226886090000001,0.0,0.0,0.0,1.0
56,1790395049971572000,RL_calf,1790395049922563537,1790395049988756890,0.7403834490000001,49.008463,17.18489,66.193353,0,0.330057566,0.8253749570000001,0.458059134,0.4746026,-0.541414209,0.563026852,-0.624397192,0.8980022520000001,-0.7732610659999999,-0.04191298,0.6327009339999999,0.86908263,0.0,0.0,0.0,1.0
56,1790395049971572000,RL_calflower,1790395049922563537,1790395049988756890,0.7403834490000001,49.008463,17.18489,66.193353,0,0.306751665,0.8253749570000001,0.47398268200000004,0.413510456,-0.509530729,0.563026852,-0.650676291,0.979493097,-0.803916558,-0.04191298,0.593263277,0.7601166779999999,0.0,0.0,0.0,1.0
56,1790395049971572000,RL_calflower1,1790395049922563537,1790395049988756890,0.7403834490000001,49.008463,17.18489,66.193353,0,0.053211837000000005,0.8253749570000001,0.562071763,0.391514305,-0.151482408,0.563026852,-0.8124372459999999,1.01057632,-0.987026532,-0.04191298,0.154989589,0.7444461840000001,0.0,0.0,0.0,1.0
56,1790395049971572000,RL_foot,1790395049922563537,1790395049988756890,0.7403834490000001,49.008463,17.18489,66.193353,0,0.330057566,0.8253749570000001,0.458059134,0.37718606,-0.541414209,0.563026852,-0.624397192,1.030842505,-0.7732610659999999,-0.04191298,0.6327009339999999,0.734490495,0.0,0.0,0.0,1.0
56,1790395049971572000,RR_hip,1790395049922563537,1790395049988756890,0.7403834490000001,49.008463,17.18489,66.193353,0,0.090990189,0.8865868240000001,0.453524614,0.39869810299999997,-0.2064003,0.46231404299999995,-0.862360178,0.664348285,-0.974227642,-0.015141561999999999,0.22505794899999998,0.7297232029999999,0.0,0.0,0.0,1.0
56,1790395049971572000,RR_thigh,1790395049922563537,1790395049988756890,0.7403834490000001,49.008463,17.18489,66.193353,0,-0.327615004,0.886541754,0.326668202,0.314054281,0.605128939,0.46241661,-0.6480665720000001,0.620210725,-0.7255947970000001,-0.014640211,-0.6879663509999999,0.731168732,0.0,0.0,0.0,1.0
56,1790395049971572000,RR_calf,1790395049922563537,1790395049988756890,0.7403834490000001,49.008463,17.18489,66.193353,0,0.288473369,0.886553977,0.361669943,0.24447464100000002,-0.57751144,0.462388725,-0.672813227,0.758052524,-0.763717,-0.014780092,0.645381855,0.877587995,0.0,0.0,0.0,1.0
56,1790395049971572000,RR_calflower,1790395049922563537,1790395049988756890,0.7403834490000001,49.008463,17.18489,66.193353,0,0.27003689,0.886553977,0.375635609,0.19678435600000002,-0.543163055,0.462388725,-0.7008359279999999,0.8460231220000001,-0.795018201,-0.014780092,0.606405355,0.766855838,0.0,0.0,0.0,1.0
56,1790395049971572000,RR_calflower1,1790395049922563537,1790395049988756890,0.7403834490000001,49.008463,17.18489,66.193353,0,0.066060648,0.886553977,0.45788429,0.179075018,-0.158151435,0.462388725,-0.872459297,0.879464,-0.985202473,-0.014780092,0.17075562100000002,0.750560078,0.0,0.0,0.0,1.0
56,1790395049971572000,RR_foot,1790395049922563537,1790395049988756890,0.7403834490000001,49.008463,17.18489,66.193353,0,0.288473369,0.886553977,0.361669943,0.16753343199999998,-0.57751144,0.462388725,-0.672813227,0.90126622,-0.763717,-0.014780092,0.645381855,0.7401972040000001,0.0,0.0,0.0,1.0
57,1790395050507575000,FL_hip,1790395050123505677,1790395050652238748,0.7263954990000001,384.069323,144.663748,528.733071,1,0.159580678,0.897666099,0.410767072,0.528280721,-0.425968305,0.43798332799999995,-0.7916576679999999,0.612497696,-0.8905530909999999,-0.0486407,0.45227124700000004,0.346126064,0.0,0.0,0.0,1.0
57,1790395050507575000,FL_thigh,1790395050123505677,1790395050652238748,0.7263954990000001,384.069323,144.663748,528.733071,1,0.161230438,0.896737186,0.41214945299999994,0.6134849379999999,-0.416126231,0.44044527,-0.7955169259999999,0.654047765,-0.894898601,-0.043244871,0.444169315,0.34151983399999997,0.0,0.0,0.0,1.0
57,1790395050507575000,FL_calf,1790395050123505677,1790395050652238748,0.7263954990000001,384.069323,144.663748,528.733071,1,0.407533729,0.895595127,-0.17839740699999998,0.526874342,-0.785351932,0.44341552700000003,0.431978319,0.8215576609999999,0.46598211700000003,-0.035941204,0.8840638559999999,0.248058895,0.0,0.0,0.0,1.0
57,1790395050507575000,FL_calflower,1790395050123505677,1790395050652238748,0.7263954990000001,384.069323,144.663748,528.733071,1,0.415940573,0.895595127,-0.157806259,0.561824761,-0.805960364,0.44341552799999995,0.39218722200000006,0.745723158,0.42121498399999996,-0.035941204,0.9062484059999999,0.12978814800000002,0.0,0.0,0.0,1.0
57,1790395050507575000,FL_calflower1,1790395050123505677,1790395050652238748,0.7263954990000001,384.069323,144.663748,528.733071,1,0.44180882,0.895595127,0.052099344000000006,0.564385295,-0.895986643,0.44341552700000003,-0.024307638,0.738656558,-0.044871089,-0.035941204,0.998346043,0.090517634,0.0,0.0,0.0,1.0
57,1790395050507575000,FL_foot,1790395050123505677,1790395050652238748,0.7263954990000001,384.069323,144.663748,528.733071,1,0.407533729,0.895595127,-0.17839740699999998,0.5659460070000001,-0.785351932,0.44341552700000003,0.431978319,0.7342698609999999,0.46598211700000003,-0.035941204,0.8840638559999999,0.06497234,0.0,0.0,0.0,1.0
57,1790395050507575000,FR_hip,1790395050123505677,1790395050652238748,0.7263954990000001,384.069323,144.663748,528.733071,1,0.159580678,0.853085847,0.496768105,0.449283315,-0.425968305,0.5134636370000001,-0.7449203670000001,0.564240816,-0.8905530909999999,-0.092732809,0.44532664899999996,0.35505250200000005,0.0,0.0,0.0,1.0
57,1790395050507575000,FR_thigh,1790395050123505677,1790395050652238748,0.7263954990000001,384.069323,144.663748,528.733071,1,0.24152699800000002,0.8539586309999999,0.46088976200000004,0.36819379,-0.556249621,0.511011361,-0.6553274020000001,0.515419053,-0.7951420659999999,-0.09809073199999999,0.59843739,0.363874243,0.0,0.0,0.0,1.0
57,1790395050507575000,FR_calf,1790395050123505677,1790395050652238748,0.7263954990000001,384.069323,144.663748,528.733071,1,0.48124206799999997,0.85408325,-0.19735217300000002,0.27089504,-0.703602189,0.510636602,0.494160375,0.653072403,0.522829557,-0.098953576,0.846674347,0.23787050699999998,0.0,0.0,0.0,1.0
57,1790395050507575000,FR_calflower,1790395050123505677,1790395050652238748,0.7263954990000001,384.069323,144.663748,528.733071,1,0.490504138,0.85408325,-0.17305345600000002,0.308363283,-0.727420595,0.510636602,0.45837735,0.566488907,0.479860075,-0.098953576,0.871746812,0.124142363,0.0,0.0,0.0,1.0
57,1790395050507575000,FR_calflower1,1790395050123505677,1790395050652238748,0.7263954990000001,384.069323,144.663748,528.733071,1,0.514987162,0.85408325,0.07300706,0.310115656,-0.8568874890000001,0.510636602,0.070670699,0.555401285,0.023078926,-0.098953575,0.9948243859999999,0.08490874,0.0,0.0,0.0,1.0
57,1790395050507575000,FR_foot,1790395050123505677,1790395050652238748,0.7263954990000001,384.069323,144.663748,528.733071,1,0.48124206799999997,0.85408325,-0.19735217300000002,0.311131592,-0.703602189,0.510636602,0.494160375,0.548393688,0.522829557,-0.098953576,0.846674347,0.059370377,0.0,0.0,0.0,1.0
57,1790395050507575000,RL_hip,1790395050123505677,1790395050652238748,0.7263954990000001,384.069323,144.663748,528.733071,1,0.159580678,0.90020505,0.405172656,0.466554915,-0.425968305,0.43304810899999996,-0.7943680470000001,0.777262236,-0.8905530909999999,-0.04582513,0.452565195,0.690592,0.0,0.0,0.0,1.0
57,1790395050507575000,RL_thigh,1790395050123505677,1790395050652238748,0.7263954990000001,384.069323,144.663748,528.733071,1,-0.296017593,0.899707349,0.320780732,0.552199554,0.534853606,0.434373513,-0.724742387,0.818451281,-0.79139482,-0.042965977999999995,-0.609793547,0.686237375,0.0,0.0,0.0,1.0
57,1790395050507575000,RL_calf,1790395050123505677,1790395050652238748,0.7263954990000001,384.069323,144.663748,528.733071,1,0.320944395,0.89996228,0.295063717,0.483695954,-0.7280750840000001,0.433695414,-0.530862709,0.971839985,-0.6057238189999999,-0.044451342000000005,0.794432338,0.815992721,0.0,0.0,0.0,1.0
57,1790395050507575000,RL_calflower,1790395050123505677,1790395050652238748,0.7263954990000001,384.069323,144.663748,528.733071,1,0.30579625899999996,0.89996228,0.310735498,0.44678882,-0.7006331029999999,0.433695414,-0.566587857,1.035498026,-0.644671891,-0.044451342000000005,0.763165931,0.686584915,0.0,0.0,0.0,1.0
57,1790395050507575000,RL_calflower1,1790395050123505677,1790395050652238748,0.7263954990000001,384.069323,144.663748,528.733071,1,0.127748547,0.89996228,0.416831154,0.43138846399999997,-0.359819531,0.433695414,-0.826098329,1.065033114,-0.924234828,-0.044451342000000005,0.37922825200000004,0.662588709,0.0,0.0,0.0,1.0
57,1790395050507575000,RL_foot,1790395050123505677,1790395050652238748,0.7263954990000001,384.069323,144.663748,528.733071,1,0.320944395,0.89996228,0.295063717,0.421334114,-0.7280750840000001,0.433695414,-0.530862709,1.084342966,-0.6057238189999999,-0.044451342000000005,0.794432338,0.647199339,0.0,0.0,0.0,1.0
57,1790395050507575000,RR_hip,1790395050123505677,1790395050652238748,0.7263954990000001,384.069323,144.663748,528.733071,1,0.159580678,0.918095806,0.362814146,0.38755750899999997,-0.425968305,0.395587769,-0.8136716629999999,0.7290053559999999,-0.8905530909999999,-0.02470125,0.45420815299999995,0.699518438,0.0,0.0,0.0,1.0
57,1790395050507575000,RR_thigh,1790395050123505677,1790395050652238748,0.7263954990000001,384.069323,144.663748,528.733071,1,-0.219604167,0.91777763,0.330844735,0.30001334,0.45872228200000004,0.396435087,-0.795244205,0.6912871340000001,-0.86101588,-0.022873288999999998,-0.508063454,0.701872521,0.0,0.0,0.0,1.0
57,1790395050507575000,RR_calf,1790395050123505677,1790395050652238748,0.7263954990000001,384.069323,144.663748,528.733071,1,0.313155625,0.917742719,0.244298718,0.229487558,-0.757523075,0.39652780200000004,-0.518579549,0.8599167679999999,-0.572793455,-0.022666013,0.819386304,0.809904938,0.0,0.0,0.0,1.0
57,1790395050507575000,RR_calflower,1790395050123505677,1790395050652238748,0.7263954990000001,384.069323,144.663748,528.733071,1,0.300554415,0.917742718,0.259644667,0.199955164,-0.730658193,0.39652780200000004,-0.555791834,0.92126426,-0.613029859,-0.022666013999999998,0.7897345440000001,0.677700793,0.0,0.0,0.0,1.0
57,1790395050507575000,RR_calflower1,1790395050123505677,1790395050652238748,0.7263954990000001,384.069323,144.663748,528.733071,1,0.14669174,0.917742719,0.369093271,0.18665326699999998,-0.39143701299999994,0.39652780200000004,-0.8303872729999999,0.950666267,-0.908437339,-0.022666013999999998,0.417406108,0.652355879,0.0,0.0,0.0,1.0
57,1790395050507575000,RR_foot,1790395050123505677,1790395050652238748,0.7263954990000001,384.069323,144.663748,528.733071,1,0.313155625,0.917742719,0.244298718,0.17795989199999998,-0.757523075,0.39652780200000004,-0.518579549,0.9698969040000001,-0.572793455,-0.022666013,0.819386304,0.636084306,0.0,0.0,0.0,1.0
58,1790395050571581000,FL_hip,1790395050123505677,1790395050652238748,0.847450912,448.075323,80.657748,528.733071,1,0.19667293,0.938167677,0.284887911,0.525085503,-0.565599479,0.345901753,-0.748631673,0.547078281,-0.800885002,-0.01389705,0.5986570179999999,0.36864884700000006,0.0,0.0,0.0,1.0
58,1790395050571581000,FL_thigh,1790395050123505677,1790395050652238748,0.847450912,448.075323,80.657748,528.733071,1,0.18929559899999998,0.937424374,0.292237354,0.6143255470000001,-0.535205323,0.348023915,-0.769697857,0.579961951,-0.823238872,-0.010706752,0.567594278,0.367340405,0.0,0.0,0.0,1.0
58,1790395050571581000,FL_calf,1790395050123505677,1790395050652238748,0.847450912,448.075323,80.657748,528.733071,1,0.294635054,0.936515822,-0.190074335,0.552674666,-0.777116096,0.350568524,0.52267816,0.742715861,0.556130817,-0.006289665,0.831071052,0.24741822300000002,0.0,0.0,0.0,1.0
58,1790395050571581000,FL_calflower,1790395050123505677,1790395050652238748,0.847450912,448.075323,80.657748,528.733071,1,0.303766594,0.936515822,-0.175111176,0.587006734,-0.8022679229999999,0.350568524,0.483185331,0.652519493,0.513899557,-0.006289665,0.857827386,0.137345825,0.0,0.0,0.0,1.0
58,1790395050571581000,FL_calflower1,1790395050123505677,1790395050652238748,0.847450912,448.075323,80.657748,528.733071,1,0.350302121,0.936515822,-0.015049637,0.591210395,-0.9347324990000001,0.350568524,0.058112316,0.641657011,0.059699475,-0.006289665,0.99819665,0.09863638,0.0,0.0,0.0,1.0
58,1790395050571581000,FL_foot,1790395050123505677,1790395050652238748,0.847450912,448.075323,80.657748,528.733071,1,0.294635054,0.936515822,-0.190074335,0.5938613939999999,-0.777116096,0.350568524,0.52267816,0.6348123920000001,0.556130817,-0.006289665,0.831071052,0.073430992,0.0,0.0,0.0,1.0
58,1790395050571581000,FR_hip,1790395050123505677,1790395050652238748,0.847450912,448.075323,80.657748,528.733071,1,0.19667293,0.88316933,0.425830537,0.44222443899999997,-0.565599479,0.45695843799999997,-0.686503016,0.505782673,-0.800885002,-0.105833203,0.589391793,0.37746443399999996,0.0,0.0,0.0,1.0
58,1790395050571581000,FR_thigh,1790395050123505677,1790395050652238748,0.847450912,448.075323,80.657748,528.733071,1,0.25376825,0.8838706709999999,0.392904906,0.35813886100000003,-0.662110575,0.454851584,-0.595583578,0.46226332700000006,-0.7051319659999999,-0.10900652300000001,0.700647292,0.387549763,0.0,0.0,0.0,1.0
58,1790395050571581000,FR_calf,1790395050123505677,1790395050652238748,0.847450912,448.075323,80.657748,528.733071,1,0.41577818899999996,0.883971119,-0.21383056600000003,0.27486165100000004,-0.657093146,0.454531833,0.601356455,0.587985502,0.62877485,-0.10952453,0.769835505,0.239470133,0.0,0.0,0.0,1.0
58,1790395050571581000,FR_calflower,1790395050123505677,1790395050652238748,0.847450912,448.075323,80.657748,528.733071,1,0.42594564799999995,0.883971119,-0.192783085,0.313917582,-0.686327246,0.454531833,0.567763947,0.486398414,0.5895133060000001,-0.10952453,0.800299056,0.138706025,0.0,0.0,0.0,1.0
58,1790395050571581000,FR_calflower1,1790395050123505677,1790395050652238748,0.847450912,448.075323,80.657748,528.733071,1,0.466834841,0.883971119,0.025695212000000002,0.317177261,-0.87095035,0.454531832,0.186672108,0.47058386,0.15333387,-0.10952453,0.9820861679999999,0.101067055,0.0,0.0,0.0,1.0
58,1790395050571581000,FR_foot,1790395050123505677,1790395050652238748,0.847450912,448.075323,80.657748,528.733071,1,0.41577818899999996,0.883971119,-0.21383056600000003,0.319185061,-0.657093146,0.454531833,0.601356455,0.46050437,0.62877485,-0.10952453,0.769835505,0.07653457400000001,0.0,0.0,0.0,1.0
58,1790395050571581000,RL_hip,1790395050123505677,1790395050652238748,0.847450912,448.075323,80.657748,528.733071,1,0.19667293,0.938088209,0.285149477,0.44901241299999994,-0.565599479,0.34611047100000003,-0.7485352009999999,0.765852159,-0.800885002,-0.014063965,0.59865312,0.678431166,0.0,0.0,0.0,1.0
58,1790395050571581000,RL_thigh,1790395050123505677,1790395050652238748,0.847450912,448.075323,80.657748,528.733071,1,-0.17802881899999998,0.937689433,0.298402782,0.538379834,0.449526976,0.34725354700000005,-0.8230070759999999,0.7988152940000001,-0.87534668,-0.012379058,-0.48333744700000003,0.677097884,0.0,0.0,0.0,1.0
58,1790395050571581000,RL_calf,1790395050123505677,1790395050652238748,0.847450912,448.075323,80.657748,528.733071,1,0.30018890600000003,0.9378936529999999,0.17390246899999998,0.47465982700000003,-0.830113193,0.34666911200000006,-0.436729653,0.9734815640000001,-0.469892194,-0.013257518000000001,0.882624327,0.780042984,0.0,0.0,0.0,1.0
58,1790395050571581000,RL_calflower,1790395050123505677,1790395050652238748,0.847450912,448.075323,80.657748,528.733071,1,0.291122247,0.9378936529999999,0.18868832800000002,0.45511443700000004,-0.807248382,0.34666911200000006,-0.47767222200000004,1.0213036290000002,-0.513417782,-0.013257518000000001,0.858036455,0.6402505479999999,0.0,0.0,0.0,1.0
58,1790395050571581000,RL_calflower1,1790395050123505677,1790395050652238748,0.847450912,448.075323,80.657748,528.733071,1,0.17109161399999998,0.9378936529999999,0.301799781,0.44470030299999996,-0.495446131,0.34666911200000006,-0.796463328,1.048400671,-0.851622333,-0.013257518000000001,0.52398834,0.611134549,0.0,0.0,0.0,1.0
58,1790395050571581000,RL_foot,1790395050123505677,1790395050652238748,0.847450912,448.075323,80.657748,528.733071,1,0.30018890600000003,0.9378936529999999,0.17390246899999998,0.437880439,-0.830113193,0.34666911200000006,-0.436729653,1.0661572940000001,-0.469892194,-0.013257518000000001,0.882624327,0.592395388,0.0,0.0,0.0,1.0
58,1790395050571581000,RR_hip,1790395050123505677,1790395050652238748,0.847450912,448.075323,80.657748,528.733071,1,0.19667293,0.9482117870000001,0.24942758,0.36615134899999996,-0.565599479,0.31752162899999997,-0.7611027659999999,0.7245565509999999,-0.800885002,0.008612035,0.598756366,0.6872467529999999,0.0,0.0,0.0,1.0
58,1790395050571581000,RR_thigh,1790395050123505677,1790395050652238748,0.847450912,448.075323,80.657748,528.733071,1,-0.11031853,0.947956412,0.298677779,0.27568709399999997,0.356840999,0.318252258,-0.878282515,0.694265692,-0.9276285940000001,0.009689474,-0.373378421,0.686423476,0.0,0.0,0.0,1.0
58,1790395050571581000,RR_calf,1790395050123505677,1790395050652238748,0.847450912,448.075323,80.657748,528.733071,1,0.289131765,0.947928355,0.133546279,0.21200298,-0.847238167,0.318332044,-0.425267415,0.8808385679999999,-0.44563470299999997,0.009812646,0.895161194,0.7658996229999999,0.0,0.0,0.0,1.0
58,1790395050571581000,RR_calflower,1790395050123505677,1790395050652238748,0.847450912,448.075323,80.657748,528.733071,1,0.28209589399999996,0.947928355,0.147829947,0.198214373,-0.824924827,0.318332045,-0.46708020100000003,0.926704865,-0.48981718799999996,0.009812646,0.871770023,0.62488076,0.0,0.0,0.0,1.0
58,1790395050571581000,RR_calflower1,1790395050123505677,1790395050652238748,0.847450912,448.075323,80.657748,528.733071,1,0.18195283399999998,0.947928355,0.26139042100000004,0.18952517300000002,-0.5160162229999999,0.318332044,-0.795230874,0.9535566540000001,-0.8370306009999999,0.009812646,0.547068207,0.5949988079999999,0.0,0.0,0.0,1.0
58,1790395050571581000,RR_foot,1790395050123505677,1790395050652238748,0.847450912,448.075323,80.657748,528.733071,1,0.289131765,0.947928355,0.133546279,0.18382520600000002,-0.847238167,0.318332044,-0.425267415,0.971158428,-0.44563470299999997,0.009812646,0.895161194,0.575757237,0.0,0.0,0.0,1.0
