base_sample_index,base_common_time_ns,frame_name,source_t0_ns,source_t1_ns,interpolation_alpha,source_t0_offset_ms,source_t1_offset_ms,interpolation_gap_ms,large_gap_warning,F_T00,F_T01,F_T02,F_T03,F_T10,F_T11,F_T12,F_T13,F_T20,F_T21,F_T22,F_T23,F_T30,F_T31,F_T32,F_T33
0,1790733285896451000,FL_hip,1790733285745841920,1790733286255747668,0.295366508,150.609080,359.296668,509.905748,1,-0.055573819,-0.990965774,-0.122058025,0.486875483,0.997299141,-0.060972112,0.040946281,0.351098566,-0.048018444,-0.119452994,0.991678340,0.350566419,0.000000000,0.000000000,0.000000000,1.000000000
0,1790733285896451000,FL_thigh,1790733285745841920,1790733286255747668,0.295366508,150.609080,359.296668,509.905748,1,0.068913806,-0.990991838,-0.114829616,0.392241225,0.534446838,-0.060519230,0.843032486,0.345275912,-0.842388152,-0.119467074,0.525462214,0.339159023,0.000000000,0.000000000,0.000000000,1.000000000
0,1790733285896451000,FL_calf,1790733285745841920,1790733286255747668,0.295366508,150.609080,359.296668,509.905748,1,-0.097940013,-0.991088948,-0.090278611,0.416460123,0.930523504,-0.059030655,-0.361443167,0.166901867,0.352893401,-0.119406290,0.928013526,0.227919018,0.000000000,0.000000000,0.000000000,1.000000000
0,1790733285896451000,FL_calflower,1790733285745841920,1790733286255747668,0.295366508,150.609080,359.296668,509.905748,1,-0.093305564,-0.991088948,-0.095060747,0.426385307,0.947425221,-0.059030655,-0.314484665,0.233072638,0.306071031,-0.119406290,0.944491070,0.113279308,0.000000000,0.000000000,0.000000000,1.000000000
0,1790733285896451000,FL_calflower1,1790733285745841920,1790733286255747668,0.295366508,150.609080,359.296668,509.905748,1,-0.038864488,-0.991088948,-0.127404966,0.430529906,0.985583830,-0.059030655,0.158554937,0.236488320,-0.164662857,-0.119406290,0.979096012,0.077029021,0.000000000,0.000000000,0.000000000,1.000000000
0,1790733285896451000,FL_foot,1790733285745841920,1790733286255747668,0.295366508,150.609080,359.296668,509.905748,1,-0.097940013,-0.991088948,-0.090278611,0.433235797,0.930523504,-0.059030655,-0.361443167,0.238494983,0.352893401,-0.119406290,0.928013526,0.053469417,0.000000000,0.000000000,0.000000000,1.000000000
0,1790733285896451000,FR_hip,1790733285745841920,1790733286255747668,0.295366508,150.609080,359.296668,509.905748,1,-0.055573819,-0.996815180,0.057191121,0.579729160,0.997299141,-0.052663368,0.051193417,0.356227384,-0.048018444,0.059881603,0.997050220,0.349624239,0.000000000,0.000000000,0.000000000,1.000000000
0,1790733285896451000,FR_thigh,1790733285745841920,1790733286255747668,0.295366508,150.609080,359.296668,509.905748,1,-0.082219423,-0.996610809,-0.002576266,0.674447963,0.657424654,-0.056179075,0.751422990,0.361230844,-0.749021394,0.060087797,0.659815979,0.343919895,0.000000000,0.000000000,0.000000000,1.000000000
0,1790733285896451000,FR_calf,1790733285745841920,1790733286255747668,0.295366508,150.609080,359.296668,509.905748,1,-0.004469999,-0.996256142,0.086333625,0.675523807,0.736351719,-0.061692093,-0.673780383,0.201638930,0.676584407,0.060560049,0.733871064,0.204482306,0.000000000,0.000000000,0.000000000,1.000000000
0,1790733285896451000,FR_calflower,1790733285745841920,1790733286255747668,0.295366508,150.609080,359.296668,509.905748,1,-0.008779295,-0.996256142,0.086002324,0.661700384,0.769106455,-0.061692092,-0.636136086,0.314118451,0.639060586,0.060560049,0.766769044,0.111267834,0.000000000,0.000000000,0.000000000,1.000000000
0,1790733285896451000,FR_calflower1,1790733285745841920,1790733286255747668,0.295366508,150.609080,359.296668,509.905748,1,-0.047501272,-0.996256142,0.072229529,0.658188325,0.975947918,-0.061692093,-0.209092134,0.331554574,0.212765519,0.060560049,0.975225119,0.074967424,0.000000000,0.000000000,0.000000000,1.000000000
0,1790733285896451000,FR_foot,1790733285745841920,1790733286255747668,0.295366508,150.609080,359.296668,509.905748,1,-0.004469999,-0.996256142,0.086333625,0.655916248,0.736351719,-0.061692093,-0.673780383,0.342665746,0.676584407,0.060560049,0.733871064,0.051292120,0.000000000,0.000000000,0.000000000,1.000000000
0,1790733285896451000,RL_hip,1790733285745841920,1790733286255747668,0.295366508,150.609080,359.296668,509.905748,1,-0.055573819,-0.993942229,-0.094816513,0.508371436,0.997299141,-0.059825439,0.042604145,-0.034656742,-0.048018444,-0.092192908,0.994583036,0.369139953,0.000000000,0.000000000,0.000000000,1.000000000
0,1790733285896451000,RL_thigh,1790733285745841920,1790733286255747668,0.295366508,150.609080,359.296668,509.905748,1,0.012163754,-0.993563155,-0.112623599,0.413833204,0.742419352,-0.066475182,0.666629079,-0.040346501,-0.669825090,-0.091722808,0.736832405,0.360381523,0.000000000,0.000000000,0.000000000,1.000000000
0,1790733285896451000,RL_calf,1790733285745841920,1790733286255747668,0.295366508,150.609080,359.296668,509.905748,1,-0.113290673,-0.993383091,-0.018842326,0.438240951,0.723859315,-0.069532302,-0.686434793,-0.180779216,0.680583017,-0.091406009,0.726947328,0.205994028,0.000000000,0.000000000,0.000000000,1.000000000
0,1790733285896451000,RL_calflower,1790733285745841920,1790733286255747668,0.295366508,150.609080,359.296668,509.905748,1,-0.112207366,-0.993383091,-0.024480952,0.437460551,0.757262119,-0.069532302,-0.649399041,-0.067576738,0.643400242,-0.091406009,0.760053807,0.114159735,0.000000000,0.000000000,0.000000000,1.000000000
0,1790733285896451000,RL_calflower1,1790733285745841920,1790733286255747668,0.295366508,150.609080,359.296668,509.905748,1,-0.088222570,-0.993383091,-0.073529505,0.439257292,0.971566609,-0.069532302,-0.226325775,-0.049656905,0.219715727,-0.091406009,0.971272701,0.078249688,0.000000000,0.000000000,0.000000000,1.000000000
0,1790733285896451000,RL_foot,1790733285745841920,1790733286255747668,0.295366508,150.609080,359.296668,509.905748,1,-0.113290673,-0.993383091,-0.018842326,0.440449910,0.723859315,-0.069532302,-0.686434793,-0.038228256,0.680583017,-0.091406009,0.726947328,0.054827526,0.000000000,0.000000000,0.000000000,1.000000000
0,1790733285896451000,RR_hip,1790733285745841920,1790733286255747668,0.295366508,150.609080,359.296668,509.905748,1,-0.055573819,-0.997786889,0.036505493,0.601225113,0.997299141,-0.053713761,0.050090201,-0.029527924,-0.048018444,0.039190522,0.998077678,0.368197773,0.000000000,0.000000000,0.000000000,1.000000000
0,1790733285896451000,RR_thigh,1790733285745841920,1790733286255747668,0.295366508,150.609080,359.296668,509.905748,1,-0.062113683,-0.997746278,-0.025377759,0.696509483,0.528511870,-0.054449740,0.847177787,-0.024398489,-0.846650751,0.039208807,0.530703207,0.364455259,0.000000000,0.000000000,0.000000000,1.000000000
0,1790733285896451000,RR_calf,1790733285745841920,1790733286255747668,0.295366508,150.609080,359.296668,509.905748,1,-0.033812038,-0.997685331,0.058995774,0.701980944,0.905307619,-0.055582034,-0.421103937,-0.202609750,0.423408650,0.039170862,0.905091972,0.252671592,0.000000000,0.000000000,0.000000000,1.000000000
0,1790733285896451000,RR_calflower,1790733285745841920,1790733286255747668,0.295366508,150.609080,359.296668,509.905748,1,-0.036718341,-0.997685331,0.057232147,0.693147076,0.925222645,-0.055582034,-0.375331143,-0.127057060,0.377643754,0.039170862,0.925122455,0.137185357,0.000000000,0.000000000,0.000000000,1.000000000
0,1790733285896451000,RR_calflower1,1790733285745841920,1790733286255747668,0.295366508,150.609080,359.296668,509.905748,1,-0.058997596,-0.997685331,0.033808858,0.691357453,0.993987895,-0.055582034,0.094331732,-0.121370362,-0.092234192,0.039170862,0.994966942,0.099475931,0.000000000,0.000000000,0.000000000,1.000000000
0,1790733285896451000,RR_foot,1790733285745841920,1790733286255747668,0.295366508,150.609080,359.296668,509.905748,1,-0.033812038,-0.997685331,0.058995774,0.690206576,0.905307619,-0.055582034,-0.421103937,-0.117896204,0.423408650,0.039170862,0.905091972,0.074953501,0.000000000,0.000000000,0.000000000,1.000000000
1,1790733285964448000,FL_hip,1790733285745841920,1790733286255747668,0.428718603,218.606080,291.299668,509.905748,1,-0.053050852,-0.990811690,-0.124408904,0.487186886,0.997453659,-0.058523516,0.040755004,0.351251585,-0.047661327,-0.121930202,0.991394040,0.350334866,0.000000000,0.000000000,0.000000000,1.000000000
1,1790733285964448000,FL_thigh,1790733285745841920,1790733286255747668,0.428718603,218.606080,291.299668,509.905748,1,0.076102409,-0.990840279,-0.111551499,0.392567869,0.506223281,-0.057990628,0.860450377,0.345662796,-0.859038285,-0.121952486,0.497173546,0.338690966,0.000000000,0.000000000,0.000000000,1.000000000
1,1790733285964448000,FL_calf,1790733285745841920,1790733286255747668,0.428718603,218.606080,291.299668,509.905748,1,-0.082235336,-0.990937866,-0.106203898,0.416050274,0.972044097,-0.056235029,-0.227964186,0.163799090,0.219926170,-0.121981756,0.967860346,0.233581910,0.000000000,0.000000000,0.000000000,1.000000000
1,1790733285964448000,FL_calflower,1790733285745841920,1790733286255747668,0.428718603,218.606080,291.299668,509.905748,1,-0.076824580,-0.990937866,-0.110181224,0.428260431,0.982222755,-0.056235029,-0.179097333,0.210865102,0.171278463,-0.121981756,0.977642500,0.113470047,0.000000000,0.000000000,0.000000000,1.000000000
1,1790733285964448000,FL_calflower1,1790733285745841920,1790733286255747668,0.428718603,218.606080,291.299668,509.905748,1,-0.017263618,-0.990937866,-0.133206178,0.432723984,0.953930016,-0.056235029,0.294711589,0.208828604,-0.299531821,-0.121981756,0.946256761,0.078033746,0.000000000,0.000000000,0.000000000,1.000000000
1,1790733285964448000,FL_foot,1790733285745841920,1790733286255747668,0.428718603,218.606080,291.299668,509.905748,1,-0.082235336,-0.990937866,-0.106203898,0.435632253,0.972044097,-0.056235029,-0.227964186,0.207298986,0.219926170,-0.121981756,0.967860346,0.055034153,0.000000000,0.000000000,0.000000000,1.000000000
1,1790733285964448000,FR_hip,1790733285745841920,1790733286255747668,0.428718603,218.606080,291.299668,509.905748,1,-0.053050852,-0.998199915,0.027969790,0.580053351,0.997453659,-0.051632493,0.049194084,0.356146554,-0.047661327,0.030508273,0.998397898,0.349409270,0.000000000,0.000000000,0.000000000,1.000000000
1,1790733285964448000,FR_thigh,1790733285745841920,1790733286255747668,0.428718603,218.606080,291.299668,509.905748,1,-0.060339641,-0.997970616,-0.020335922,0.674819832,0.674263193,-0.055772720,0.736381915,0.361048128,-0.736022082,0.030721173,0.676260618,0.346507036,0.000000000,0.000000000,0.000000000,1.000000000
1,1790733285964448000,FR_calf,1790733285745841920,1790733286255747668,0.428718603,218.606080,291.299668,509.905748,1,-0.021272346,-0.997573712,0.066286864,0.679760484,0.698270038,-0.062275178,-0.713120278,0.204730091,0.715518547,0.031116306,0.697900926,0.203771878,0.000000000,0.000000000,0.000000000,1.000000000
1,1790733285964448000,FR_calflower,1790733285745841920,1790733286255747668,0.428718603,218.606080,291.299668,509.905748,1,-0.024558723,-0.997573712,0.065140848,0.668373988,0.733038541,-0.062275178,-0.677330107,0.321884508,0.679743827,0.031116306,0.732789755,0.116936875,0.000000000,0.000000000,0.000000000,1.000000000
1,1790733285964448000,FR_calflower1,1790733285745841920,1790733286255747668,0.428718603,218.606080,291.299668,509.905748,1,-0.051864150,-0.997573712,0.046438895,0.665817142,0.962978402,-0.062275178,-0.262286433,0.341256672,0.264542275,0.031116306,0.963872336,0.081714735,0.000000000,0.000000000,0.000000000,1.000000000
1,1790733285964448000,FR_foot,1790733285745841920,1790733286255747668,0.428718603,218.606080,291.299668,509.905748,1,-0.021272346,-0.997573712,0.066286864,0.664168121,0.698270038,-0.062275178,-0.713120278,0.353631680,0.715518547,0.031116306,0.697900926,0.058728778,0.000000000,0.000000000,0.000000000,1.000000000
1,1790733285964448000,RL_hip,1790733285745841920,1790733286255747668,0.428718603,218.606080,291.299668,509.905748,1,-0.053050852,-0.991234710,-0.120992271,0.507706955,0.997453659,-0.058382662,0.040956525,-0.034563490,-0.047661327,-0.118511576,0.991808511,0.368770268,0.000000000,0.000000000,0.000000000,1.000000000
1,1790733285964448000,RL_thigh,1790733285745841920,1790733286255747668,0.428718603,218.606080,291.299668,509.905748,1,0.024173851,-0.990794529,-0.133197594,0.413494620,0.771637981,-0.066217378,0.632605612,-0.040112291,-0.635602478,-0.118073007,0.762934450,0.357510578,0.000000000,0.000000000,0.000000000,1.000000000
1,1790733285964448000,RL_calf,1790733285745841920,1790733286255747668,0.428718603,218.606080,291.299668,509.905748,1,-0.133771573,-0.990575898,-0.029399464,0.442334987,0.677902967,-0.069826594,-0.731827568,-0.173067982,0.722878355,-0.117827880,0.680855486,0.198047249,0.000000000,0.000000000,0.000000000,1.000000000
1,1790733285964448000,RL_calflower,1790733285745841920,1790733286255747668,0.428718603,218.606080,291.299668,509.905748,1,-0.132135033,-0.990575898,-0.036048514,0.442460362,0.713631898,-0.069826594,-0.697031947,-0.054629101,0.687946354,-0.117827880,0.716133454,0.114174477,0.000000000,0.000000000,0.000000000,1.000000000
1,1790733285964448000,RL_calflower1,1790733285745841920,1790733286255747668,0.428718603,218.606080,291.299668,509.905748,1,-0.100556651,-0.990575898,-0.092992055,0.444857427,0.954862708,-0.069826594,-0.288723448,-0.034477013,0.279509407,-0.117827880,0.952886038,0.079724476,0.000000000,0.000000000,0.000000000,1.000000000
1,1790733285964448000,RL_foot,1790733285745841920,1790733286255747668,0.428718603,218.606080,291.299668,509.905748,1,-0.133771573,-0.990575898,-0.029399464,0.446444028,0.677902967,-0.069826594,-0.731827568,-0.021590567,0.722878355,-0.117827880,0.680855486,0.057238342,0.000000000,0.000000000,0.000000000,1.000000000
1,1790733285964448000,RR_hip,1790733285745841920,1790733286255747668,0.428718603,218.606080,291.299668,509.905748,1,-0.053050852,-0.997820558,0.039236637,0.600573420,0.997453659,-0.051073853,0.049773826,-0.029668521,-0.047661327,0.041777194,0.997989871,0.367844672,0.000000000,0.000000000,0.000000000,1.000000000
1,1790733285964448000,RR_thigh,1790733285745841920,1790733286255747668,0.428718603,218.606080,291.299668,509.905748,1,-0.061940940,-0.997774423,-0.024683865,0.695860249,0.489876954,-0.051939724,0.870242845,-0.024791226,-0.869588599,0.041811526,0.492004252,0.363855165,0.000000000,0.000000000,0.000000000,1.000000000
1,1790733285964448000,RR_calf,1790733285745841920,1790733286255747668,0.428718603,218.606080,291.299668,509.905748,1,-0.037237157,-0.997703022,0.056584865,0.701200582,0.947283356,-0.053273471,-0.315936631,-0.207498026,0.318225669,0.041837241,0.947091753,0.260497508,0.000000000,0.000000000,0.000000000,1.000000000
1,1790733285964448000,RR_calflower,1790733285745841920,1790733286255747668,0.428718603,218.606080,291.299668,509.905748,1,-0.040018685,-0.997703022,0.054653066,0.692736697,0.961889749,-0.053273471,-0.268197357,-0.147089148,0.270493110,0.041837241,0.961812789,0.138677379,0.000000000,0.000000000,0.000000000,1.000000000
1,1790733285964448000,RR_calflower1,1790733285745841920,1790733286255747668,0.428718603,218.606080,291.299668,509.905748,1,-0.060734018,-0.997703022,0.029997197,0.691102118,0.977039278,-0.053273471,0.206290961,-0.145931230,-0.204219101,0.041837241,0.978031146,0.101118547,0.000000000,0.000000000,0.000000000,1.000000000
1,1790733285964448000,RR_foot,1790733285745841920,1790733286255747668,0.428718603,218.606080,291.299668,509.905748,1,-0.037237157,-0.997703022,0.056584865,0.690052470,0.947283356,-0.053273471,-0.315936631,-0.145397228,0.318225669,0.041837241,0.947091753,0.076720217,0.000000000,0.000000000,0.000000000,1.000000000
2,1790733286564452000,FL_hip,1790733286456281794,1790733286583636962,0.849358591,108.170206,19.184962,127.355168,1,-0.059365237,-0.996248536,0.062963673,0.533159837,0.997965551,-0.057761936,0.026983102,0.440850208,-0.023244901,0.064437287,0.997651345,0.347627345,0.000000000,0.000000000,0.000000000,1.000000000
2,1790733286564452000,FL_thigh,1790733286456281794,1790733286583636962,0.849358591,108.170206,19.184962,127.355168,1,-0.070161013,-0.996203753,0.051529760,0.438058422,0.977924663,-0.058497011,0.200602154,0.435336299,-0.196826312,0.064466526,0.978317007,0.353779266,0.000000000,0.000000000,0.000000000,1.000000000
2,1790733286564452000,FL_calf,1790733286456281794,1790733286583636962,0.849358591,108.170206,19.184962,127.355168,1,0.037021554,-0.996151810,0.079440395,0.427115618,0.382586631,-0.059309168,-0.922013916,0.392658565,0.923177938,0.064527074,0.378918787,0.145754787,0.000000000,0.000000000,0.000000000,1.000000000
2,1790733286564452000,FL_calflower,1790733286456281794,1790733286583636962,0.849358591,108.170206,19.184962,127.355168,1,0.033004922,-0.996151810,0.081191421,0.415927957,0.428189987,-0.059309168,-0.901740277,0.535926475,0.903086160,0.064527074,0.424584904,0.108312804,0.000000000,0.000000000,0.000000000,1.000000000
2,1790733286564452000,FL_calflower1,1790733286456281794,1790733286583636962,0.849358591,108.170206,19.184962,127.355168,1,-0.008217309,-0.996151810,0.087257364,0.412314285,0.796207226,-0.059309168,-0.602109829,0.567521659,0.604968372,0.064527074,0.793631036,0.082444720,0.000000000,0.000000000,0.000000000,1.000000000
2,1790733286564452000,FL_foot,1790733286456281794,1790733286583636962,0.849358591,108.170206,19.184962,127.355168,1,0.037021554,-0.996151810,0.079440395,0.409964781,0.382586631,-0.059309168,-0.922013916,0.587888892,0.923177938,0.064527074,0.378918787,0.065461807,0.000000000,0.000000000,0.000000000,1.000000000
2,1790733286564452000,FR_hip,1790733286456281794,1790733286583636962,0.849358591,108.170206,19.184962,127.355168,1,-0.059365237,-0.987590980,0.145394725,0.625524870,0.997965551,-0.055324327,0.031681980,0.446123801,-0.023244901,0.146979636,0.988866704,0.338146433,0.000000000,0.000000000,0.000000000,1.000000000
2,1790733286564452000,FR_thigh,1790733286456281794,1790733286583636962,0.849358591,108.170206,19.184962,127.355168,1,-0.154433581,-0.987513320,-0.031104862,0.719797690,0.163138589,-0.056537502,0.984981767,0.451404895,-0.974441767,0.147039759,0.169833002,0.324115311,0.000000000,0.000000000,0.000000000,1.000000000
2,1790733286564452000,FR_calf,1790733286456281794,1790733286583636962,0.849358591,108.170206,19.184962,127.355168,1,0.012543312,-0.987652618,0.156156247,0.726652880,0.907841508,-0.054210611,-0.415794151,0.242307016,0.419125832,0.146980459,0.895952553,0.288091219,0.000000000,0.000000000,0.000000000,1.000000000
2,1790733286564452000,FR_calflower,1790733286456281794,1790733286583636962,0.849358591,108.170206,19.184962,127.355168,1,0.004723077,-0.987652618,0.156587997,0.703939433,0.927487989,-0.054210611,-0.369901352,0.321801441,0.373823069,0.146980460,0.915780407,0.164276369,0.000000000,0.000000000,0.000000000,1.000000000
2,1790733286564452000,FR_calflower1,1790733286456281794,1790733286583636962,0.849358591,108.170206,19.184962,127.355168,1,-0.068119731,-0.987652618,0.141073776,0.697650405,0.993489878,-0.054210612,0.100194017,0.327313014,-0.091309157,0.146980459,0.984916280,0.124037808,0.000000000,0.000000000,0.000000000,1.000000000
2,1790733286564452000,FR_foot,1790733286456281794,1790733286583636962,0.849358591,108.170206,19.184962,127.355168,1,0.012543312,-0.987652618,0.156156247,0.693573951,0.907841508,-0.054210611,-0.415794151,0.330656041,0.419125832,0.146980459,0.895952553,0.097872927,0.000000000,0.000000000,0.000000000,1.000000000
2,1790733286564452000,RL_hip,1790733286456281794,1790733286583636962,0.849358591,108.170206,19.184962,127.355168,1,-0.059365237,-0.997660236,-0.033906105,0.556122310,0.997965551,-0.060105566,0.021256762,0.054837133,-0.023244901,-0.032575414,0.999199286,0.356618473,0.000000000,0.000000000,0.000000000,1.000000000
2,1790733286564452000,RL_thigh,1790733286456281794,1790733286583636962,0.849358591,108.170206,19.184962,127.355168,1,0.011246742,-0.997639141,-0.067745528,0.460850486,0.323852661,-0.060463721,0.944173375,0.049097337,-0.946040961,-0.032558646,0.322408329,0.353507706,0.000000000,0.000000000,0.000000000,1.000000000
2,1790733286564452000,RL_calf,1790733286456281794,1790733286583636962,0.849358591,108.170206,19.184962,127.355168,1,-0.067636894,-0.997684373,0.007137548,0.475310505,0.820715300,-0.059704244,-0.568209089,-0.151494896,0.567319856,-0.032574205,0.822853449,0.285044037,0.000000000,0.000000000,0.000000000,1.000000000
2,1790733286564452000,RL_calflower,1790733286456281794,1790733286583636962,0.849358591,108.170206,19.184962,127.355168,1,-0.067909094,-0.997684373,0.003748193,0.472942594,0.848088238,-0.059704244,-0.526480307,-0.051290634,0.525485322,-0.032574205,0.850179272,0.174990372,0.000000000,0.000000000,0.000000000,1.000000000
2,1790733286564452000,RL_calflower1,1790733286456281794,1790733286583636962,0.849358591,108.170206,19.184962,127.355168,1,-0.061965859,-0.997684373,-0.028034378,0.473472791,0.995367603,-0.059704244,-0.075355872,-0.038746219,0.073507729,-0.032574205,0.996762876,0.135859870,0.000000000,0.000000000,0.000000000,1.000000000
2,1790733286564452000,RL_foot,1790733286456281794,1790733286583636962,0.849358591,108.170206,19.184962,127.355168,1,-0.067636894,-0.997684373,0.007137548,0.473832951,0.820715300,-0.059704244,-0.568209089,-0.030826544,0.567319856,-0.032574205,0.822853449,0.110375630,0.000000000,0.000000000,0.000000000,1.000000000
2,1790733286564452000,RR_hip,1790733286456281794,1790733286583636962,0.849358591,108.170206,19.184962,127.355168,1,-0.059365237,-0.988484239,0.139192235,0.648487343,0.997965551,-0.055522121,0.031334056,0.060110726,-0.023244901,0.140769107,0.989769887,0.347137561,0.000000000,0.000000000,0.000000000,1.000000000
2,1790733286564452000,RR_thigh,1790733286456281794,1790733286583636962,0.849358591,108.170206,19.184962,127.355168,1,-0.106286142,-0.988421955,0.108282483,0.742875836,0.920084447,-0.056472515,0.387627701,0.065412425,-0.377024890,0.140828378,0.915434485,0.333695661,0.000000000,0.000000000,0.000000000,1.000000000
2,1790733286564452000,RR_calf,1790733286456281794,1790733286583636962,0.849358591,108.170206,19.184962,127.355168,1,0.095694328,-0.988406112,0.117880253,0.720029263,0.487643663,-0.056689553,-0.871200162,-0.016661798,0.867782696,0.140852369,0.476565315,0.140188722,0.000000000,0.000000000,0.000000000,1.000000000
2,1790733286564452000,RR_calflower,1790733286456281794,1790733286583636962,0.849358591,108.170206,19.184962,127.355168,1,0.089683178,-0.988406112,0.122515656,0.704476786,0.530576096,-0.056689553,-0.845739364,0.120449491,0.842879855,0.140852369,0.519340791,0.087473200,0.000000000,0.000000000,0.000000000,1.000000000
2,1790733286564452000,RR_calflower1,1790733286456281794,1790733286583636962,0.849358591,108.170206,19.184962,127.355168,1,0.022973344,-0.988406112,0.150084589,0.698699181,0.861163129,-0.056689553,-0.505157529,0.148628925,0.507809389,0.140852369,0.849877009,0.058567436,0.000000000,0.000000000,0.000000000,1.000000000
2,1790733286564452000,RR_foot,1790733286456281794,1790733286583636962,0.849358591,108.170206,19.184962,127.355168,1,0.095694328,-0.988406112,0.117880253,0.694933757,0.487643663,-0.056689553,-0.871200162,0.166758319,0.867782696,0.140852369,0.476565315,0.039632116,0.000000000,0.000000000,0.000000000,1.000000000
3,1790733286628451000,FL_hip,1790733286615730278,1790733287286720060,0.018958146,12.720722,658.269060,670.989782,1,-0.025748111,-0.995438220,0.091867123,0.554298587,0.998818432,-0.021828392,0.043417182,0.494186669,-0.041213735,0.092876355,0.994824661,0.341723123,0.000000000,0.000000000,0.000000000,1.000000000
3,1790733286628451000,FL_thigh,1790733286615730278,1790733287286720060,0.018958146,12.720722,658.269060,670.989782,1,-0.051763580,-0.995441537,0.080102813,0.459235312,0.940524431,-0.021625432,0.339036761,0.492102082,-0.335759117,0.092888278,0.937357071,0.350592727,0.000000000,0.000000000,0.000000000,1.000000000
3,1790733286628451000,FL_calf,1790733286615730278,1790733287286720060,0.018958146,12.720722,658.269060,670.989782,1,0.067384487,-0.995440633,0.067505992,0.442194600,0.529105205,-0.021709110,-0.848278367,0.420282295,0.845876791,0.092878443,0.525230182,0.151590141,0.000000000,0.000000000,0.000000000,1.000000000
3,1790733286628451000,FL_calflower,1790733286615730278,1790733287286720060,0.018958146,12.720722,658.269060,670.989782,1,0.063926381,-0.995440633,0.070789448,0.433577745,0.570840209,-0.021709110,-0.820774001,0.556249787,0.818569097,0.092878443,0.566850000,0.090868869,0.000000000,0.000000000,0.000000000,1.000000000
3,1790733286628451000,FL_calflower1,1790733286615730278,1790733287286720060,0.018958146,12.720722,658.269060,670.989782,1,0.024013282,-0.995440633,0.092309752,0.430113726,0.885348709,-0.021709110,-0.464420251,0.583343255,0.464307107,0.092878444,0.880791235,0.060051705,0.000000000,0.000000000,0.000000000,1.000000000
3,1790733286628451000,FL_foot,1790733286615730278,1790733287286720060,0.018958146,12.720722,658.269060,670.989782,1,0.067384487,-0.995440633,0.067505992,0.427853404,0.529105205,-0.021709110,-0.848278367,0.600758042,0.845876791,0.092878443,0.525230182,0.039881687,0.000000000,0.000000000,0.000000000,1.000000000
3,1790733286628451000,FR_hip,1790733286615730278,1790733287286720060,0.018958146,12.720722,658.269060,670.989782,1,-0.025748111,-0.974178334,0.224306467,0.646827889,0.998818432,-0.015819328,0.045948659,0.496195339,-0.041213735,0.225224472,0.973435185,0.332596716,0.000000000,0.000000000,0.000000000,1.000000000
3,1790733286628451000,FR_thigh,1790733286615730278,1790733287286720060,0.018958146,12.720722,658.269060,670.989782,1,-0.220703894,-0.974143026,0.048321207,0.739824560,0.283450854,-0.016656738,0.958841987,0.497705372,-0.933244895,0.225316796,0.279798145,0.311093847,0.000000000,0.000000000,0.000000000,1.000000000
3,1790733286628451000,FR_calf,1790733286615730278,1790733287286720060,0.018958146,12.720722,658.269060,670.989782,1,0.161772122,-0.974184849,0.157459336,0.729705275,0.647977079,-0.015480398,-0.761502366,0.293821873,0.744282115,0.225219842,0.628745458,0.251670728,0.000000000,0.000000000,0.000000000,1.000000000
3,1790733286628451000,FR_calflower,1790733286615730278,1790733287286720060,0.018958146,12.720722,658.269060,670.989782,1,0.153700263,-0.974184849,0.165347789,0.709687464,0.685226532,-0.015480398,-0.728165330,0.419450243,0.711927780,0.225219842,0.665158292,0.173553620,0.000000000,0.000000000,0.000000000,1.000000000
3,1790733286628451000,FR_calflower1,1790733286615730278,1790733287286720060,0.018958146,12.720722,658.269060,670.989782,1,0.059977187,-0.974184849,0.217638230,0.701547503,0.944044040,-0.015480398,-0.329455608,0.441719102,0.324320079,0.225219843,0.918745451,0.139850945,0.000000000,0.000000000,0.000000000,1.000000000
3,1790733286628451000,FR_foot,1790733286615730278,1790733287286720060,0.018958146,12.720722,658.269060,670.989782,1,0.161772122,-0.974184849,0.157459336,0.696235174,0.647977079,-0.015480398,-0.761502366,0.455979360,0.744282115,0.225219842,0.628745458,0.117837444,0.000000000,0.000000000,0.000000000,1.000000000
3,1790733286628451000,RL_hip,1790733286615730278,1790733287286720060,0.018958146,12.720722,658.269060,670.989782,1,-0.025748111,-0.992459410,0.119837959,0.564257957,0.998818432,-0.020598185,0.044014148,0.107843699,-0.041213735,0.120829529,0.991817699,0.357664596,0.000000000,0.000000000,0.000000000,1.000000000
3,1790733286628451000,RL_thigh,1790733286615730278,1790733287286720060,0.018958146,12.720722,658.269060,670.989782,1,-0.113688692,-0.992446108,0.046101925,0.469520236,0.527941065,-0.021038120,0.849020270,0.105877570,-0.841637403,0.120862989,0.526345243,0.369201654,0.000000000,0.000000000,0.000000000,1.000000000
3,1790733286628451000,RL_calf,1790733286615730278,1790733287286720060,0.018958146,12.720722,658.269060,670.989782,1,0.090570945,-0.992470733,0.082453203,0.459775270,0.544072356,-0.020035101,-0.838798937,-0.074882004,0.834135895,0.120831206,0.538161522,0.257201795,0.000000000,0.000000000,0.000000000,1.000000000
3,1790733286628451000,RL_calflower,1790733286615730278,1790733287286720060,0.018958146,12.720722,658.269060,670.989782,1,0.086336812,-0.992470733,0.086876818,0.449461638,0.585314881,-0.020035101,-0.810558373,0.060051682,0.806196576,0.120831206,0.579178379,0.194319492,0.000000000,0.000000000,0.000000000,1.000000000
3,1790733286628451000,RL_calflower1,1790733286615730278,1790733287286720060,0.018958146,12.720722,658.269060,670.989782,1,0.036462409,-0.992470733,0.116927839,0.445138694,0.893470305,-0.020035101,-0.448674938,0.086604293,0.447639756,0.120831206,0.886013072,0.163128477,0.000000000,0.000000000,0.000000000,1.000000000
3,1790733286628451000,RL_foot,1790733286615730278,1790733287286720060,0.018958146,12.720722,658.269060,670.989782,1,0.090570945,-0.992470733,0.082453203,0.442316219,0.544072356,-0.020035101,-0.838798937,0.103664964,0.834135895,0.120831206,0.538161522,0.142719258,0.000000000,0.000000000,0.000000000,1.000000000
3,1790733286628451000,RR_hip,1790733286615730278,1790733287286720060,0.018958146,12.720722,658.269060,670.989782,1,-0.025748111,-0.990391143,0.135875681,0.656787259,0.998818432,-0.019883545,0.044341573,0.109852369,-0.041213735,0.136856741,0.989733477,0.348538189,0.000000000,0.000000000,0.000000000,1.000000000
3,1790733286628451000,RR_thigh,1790733286615730278,1790733287286720060,0.018958146,12.720722,658.269060,670.989782,1,-0.087928410,-0.990388181,0.106769037,0.751367797,0.855084750,-0.020061798,0.518099783,0.111751212,-0.510978137,0.136852160,0.848630381,0.335468648,0.000000000,0.000000000,0.000000000,1.000000000
3,1790733286628451000,RR_calf,1790733286615730278,1790733287286720060,0.018958146,12.720722,658.269060,670.989782,1,0.095056904,-0.990389678,0.100460205,0.728687124,0.620590339,-0.019948907,-0.783881026,0.001615515,0.778352267,0.136857831,0.612730265,0.154978471,0.000000000,0.000000000,0.000000000,1.000000000
3,1790733286628451000,RR_calflower,1790733286615730278,1790733287286720060,0.018958146,12.720722,658.269060,670.989782,1,0.089917190,-0.990389678,0.105085521,0.715715554,0.658992485,-0.019948907,-0.751884790,0.130013957,0.746755779,0.136857831,0.650865911,0.079882220,0.000000000,0.000000000,0.000000000,1.000000000
3,1790733286628451000,RR_calflower1,1790733286615730278,1790733287286720060,0.018958146,12.720722,658.269060,670.989782,1,0.031229786,-0.990389678,0.134732209,0.710612882,0.931727726,-0.019948907,-0.362608984,0.153494575,0.361812261,0.136857831,0.922151027,0.046388572,0.000000000,0.000000000,0.000000000,1.000000000
3,1790733286628451000,RR_foot,1790733286615730278,1790733287286720060,0.018958146,12.720722,658.269060,670.989782,1,0.095056904,-0.990389678,0.100460205,0.707284389,0.620590339,-0.019948907,-0.783881026,0.168546467,0.778352267,0.136857831,0.612730265,0.024501833,0.000000000,0.000000000,0.000000000,1.000000000
4,1790733286696451000,FL_hip,1790733286615730278,1790733287286720060,0.120300971,80.720722,590.269060,670.989782,1,-0.014635151,-0.997278267,0.072260921,0.565323146,0.996320330,-0.008440896,0.085289840,0.546211521,-0.084447671,0.073243115,0.993732724,0.330061750,0.000000000,0.000000000,0.000000000,1.000000000
4,1790733286696451000,FL_thigh,1790733286615730278,1790733287286720060,0.120300971,80.720722,590.269060,670.989782,1,-0.038469306,-0.997287873,0.062743785,0.470089195,0.899919749,-0.007282841,0.435994508,0.545405472,-0.434355208,0.073236638,0.897759788,0.337056072,0.000000000,0.000000000,0.000000000,1.000000000
4,1790733286696451000,FL_calf,1790733286615730278,1790733287286720060,0.120300971,80.720722,590.269060,670.989782,1,0.054261003,-0.997285682,0.049767281,0.456798830,0.594677921,-0.007762228,-0.803926442,0.455021795,0.802131172,0.073217220,0.592642819,0.149410931,0.000000000,0.000000000,0.000000000,1.000000000
4,1790733286696451000,FL_calflower,1790733286615730278,1790733287286720060,0.120300971,80.720722,590.269060,670.989782,1,0.051705864,-0.997285682,0.052417005,0.450649901,0.634114304,-0.007762228,-0.773200235,0.585017011,0.771508921,0.073217220,0.631992019,0.078336725,0.000000000,0.000000000,0.000000000,1.000000000
4,1790733286696451000,FL_calflower1,1790733286615730278,1790733287286720060,0.120300971,80.720722,590.269060,670.989782,1,0.021657757,-0.997285682,0.070370308,0.448069051,0.919503935,-0.007762229,-0.393003902,0.609451635,0.392483742,0.073217220,0.916840466,0.045593467,0.000000000,0.000000000,0.000000000,1.000000000
4,1790733286696451000,FL_foot,1790733286615730278,1790733287286720060,0.120300971,80.720722,590.269060,670.989782,1,0.054261003,-0.997285682,0.049767281,0.446383965,0.594677921,-0.007762228,-0.803926442,0.625129017,0.802131172,0.073217220,0.592642819,0.024188066,0.000000000,0.000000000,0.000000000,1.000000000
4,1790733286696451000,FR_hip,1790733286615730278,1790733287286720060,0.120300971,80.720722,590.269060,670.989782,1,-0.014635151,-0.982048216,0.188060853,0.658007164,0.996320330,0.001562363,0.085692267,0.546926555,-0.084447671,0.188622900,0.978412327,0.322435530,0.000000000,0.000000000,0.000000000,1.000000000
4,1790733286696451000,FR_thigh,1790733286615730278,1790733287286720060,0.120300971,80.720722,590.269060,670.989782,1,-0.182184460,-0.981916524,0.051463911,0.751579377,0.287736837,-0.003191441,0.957704095,0.546776720,-0.940221748,0.189286795,0.283115283,0.304451607,0.000000000,0.000000000,0.000000000,1.000000000
4,1790733286696451000,FR_calf,1790733286615730278,1790733287286720060,0.120300971,80.720722,590.269060,670.989782,1,0.138650492,-0.982066499,0.127754466,0.741603217,0.690865130,0.003488302,-0.722975110,0.344793652,0.709564503,0.188501890,0.678959457,0.245104958,0.000000000,0.000000000,0.000000000,1.000000000
4,1790733286696451000,FR_calflower,1790733286615730278,1790733287286720060,0.120300971,80.720722,590.269060,670.989782,1,0.132092153,-0.982066499,0.134524442,0.725748430,0.726135424,0.003488302,-0.687542714,0.465432662,0.674743902,0.188501890,0.713574378,0.159119573,0.000000000,0.000000000,0.000000000,1.000000000
4,1790733286696451000,FR_calflower1,1790733286615730278,1790733287286720060,0.120300971,80.720722,590.269060,670.989782,1,0.055044483,-0.982066499,0.180319903,0.719105463,0.961571342,0.003488303,-0.274532679,0.485647673,0.268980627,0.188501890,0.944519534,0.123962511,0.000000000,0.000000000,0.000000000,1.000000000
4,1790733286696451000,FR_foot,1790733286615730278,1790733287286720060,0.120300971,80.720722,590.269060,670.989782,1,0.138650492,-0.982066499,0.127754466,0.714768252,0.690865130,0.003488302,-0.722975110,0.498567306,0.709564503,0.188501890,0.678959457,0.101016372,0.000000000,0.000000000,0.000000000,1.000000000
4,1790733286696451000,RL_hip,1790733286615730278,1790733287286720060,0.120300971,80.720722,590.269060,670.989782,1,-0.014635151,-0.996541888,0.081791500,0.570984022,0.996320330,-0.007625148,0.085366637,0.160834817,-0.084447671,0.082739755,0.992987116,0.362726110,0.000000000,0.000000000,0.000000000,1.000000000
4,1790733286696451000,RL_thigh,1790733286615730278,1790733287286720060,0.120300971,80.720722,590.269060,670.989782,1,-0.076504070,-0.996496307,0.033793606,0.476054426,0.511407133,-0.010121807,0.859278825,0.160109577,-0.855926544,0.083020485,0.510390086,0.370621075,0.000000000,0.000000000,0.000000000,1.000000000
4,1790733286696451000,RL_calf,1790733286615730278,1790733287286720060,0.120300971,80.720722,590.269060,670.989782,1,0.063347521,-0.996574428,0.053162693,0.469271193,0.601094118,-0.004422886,-0.799165881,-0.022433208,0.796663949,0.082580826,0.598755082,0.262536847,0.000000000,0.000000000,0.000000000,1.000000000
4,1790733286696451000,RL_calflower,1790733286615730278,1790733287286720060,0.120300971,80.720722,590.269060,670.989782,1,0.060611326,-0.996574428,0.056262310,0.463097447,0.640284554,-0.004422885,-0.768124947,0.107374392,0.765743045,0.082580826,0.637823396,0.190362941,0.000000000,0.000000000,0.000000000,1.000000000
4,1790733286696451000,RL_calflower1,1790733286615730278,1790733287286720060,0.120300971,80.720722,590.269060,670.989782,1,0.027781175,-0.996574428,0.077893431,0.460322841,0.922633253,-0.004422885,-0.385652855,0.131612891,0.384676631,0.082580826,0.919350306,0.157416072,0.000000000,0.000000000,0.000000000,1.000000000
4,1790733286696451000,RL_foot,1790733286615730278,1790733287286720060,0.120300971,80.720722,590.269060,670.989782,1,0.063347521,-0.996574428,0.053162693,0.458509568,0.601094118,-0.004422886,-0.799165881,0.147161144,0.796663949,0.082580826,0.598755082,0.135880096,0.000000000,0.000000000,0.000000000,1.000000000
4,1790733286696451000,RR_hip,1790733286615730278,1790733287286720060,0.120300971,80.720722,590.269060,670.989782,1,-0.014635151,-0.992117750,0.124450604,0.663668040,0.996320330,-0.003957387,0.085615096,0.161549851,-0.084447671,0.125245548,0.988525585,0.355099890,0.000000000,0.000000000,0.000000000,1.000000000
4,1790733286696451000,RR_thigh,1790733286615730278,1790733287286720060,0.120300971,80.720722,590.269060,670.989782,1,-0.077668575,-0.992109135,0.098421679,0.758404933,0.808766371,-0.004972049,0.588108869,0.161927751,-0.582979053,0.125277613,0.802771221,0.343140367,0.000000000,0.000000000,0.000000000,1.000000000
4,1790733286696451000,RR_calf,1790733286615730278,1790733287286720060,0.120300971,80.720722,590.269060,670.989782,1,0.090772951,-0.992113143,0.086438149,0.737776400,0.664378989,-0.004328663,-0.747383186,0.037992851,0.741863363,0.125269759,0.658746482,0.173607812,0.000000000,0.000000000,0.000000000,1.000000000
4,1790733286696451000,RR_calflower,1790733286615730278,1790733287286720060,0.120300971,80.720722,590.269060,670.989782,1,0.086339401,-0.992113143,0.090866880,0.726769525,0.700902279,-0.004328664,-0.713244042,0.161741318,0.708012625,0.125269759,0.695000935,0.091075898,0.000000000,0.000000000,0.000000000,1.000000000
4,1790733286696451000,RR_calflower1,1790733286615730278,1790733287286720060,0.120300971,80.720722,590.269060,670.989782,1,0.034622178,-0.992113143,0.120468199,0.722269999,0.951058009,-0.004328663,-0.308981767,0.183236857,0.307066645,0.125269759,0.943407787,0.056245625,0.000000000,0.000000000,0.000000000,1.000000000
4,1790733286696451000,RR_foot,1790733286615730278,1790733287286720060,0.120300971,80.720722,590.269060,670.989782,1,0.090772951,-0.992113143,0.086438149,0.719333280,0.664378989,-0.004328663,-0.747383186,0.196992347,0.741863363,0.125269759,0.658746482,0.033502551,0.000000000,0.000000000,0.000000000,1.000000000
5,1790733286764454000,FL_hip,1790733286615730278,1790733287286720060,0.221648266,148.723722,522.266060,670.989782,1,-0.007977900,-0.996847465,0.078938307,0.580981186,0.992659780,0.001631946,0.120928571,0.613733801,-0.120676062,0.079323485,0.989517937,0.309787193,0.000000000,0.000000000,0.000000000,1.000000000
5,1790733286764454000,FL_thigh,1790733286615730278,1790733287286720060,0.221648266,148.723722,522.266060,670.989782,1,-0.038425148,-0.996852076,0.069348516,0.485792231,0.852407019,0.003517491,0.522866831,0.613889643,-0.521464965,0.079204244,0.849589108,0.317361856,0.000000000,0.000000000,0.000000000,1.000000000
5,1790733286764454000,FL_calf,1790733286615730278,1790733287286720060,0.221648266,148.723722,522.266060,670.989782,1,0.061862471,-0.996852700,0.049573181,0.471215049,0.651800409,0.002735256,-0.758385500,0.506898282,0.755863570,0.079227267,0.649918441,0.141991701,0.000000000,0.000000000,0.000000000,1.000000000
5,1790733286764454000,FL_calflower,1790733286615730278,1790733287286720060,0.221648266,148.723722,522.266060,670.989782,1,0.059307533,-0.996852700,0.052603062,0.465328523,0.688889305,0.002735256,-0.724861273,0.630788926,0.722436553,0.079227267,0.686883645,0.061957354,0.000000000,0.000000000,0.000000000,1.000000000
5,1790733286764454000,FL_calflower1,1790733286615730278,1790733287286720060,0.221648266,148.723722,522.266060,670.989782,1,0.028314482,-0.996852700,0.074045633,0.462686784,0.945767157,0.002735256,-0.324833534,0.652666211,0.323608992,0.079227268,0.942868462,0.027678965,0.000000000,0.000000000,0.000000000,1.000000000
5,1790733286764454000,FL_foot,1790733286615730278,1790733287286720060,0.221648266,148.723722,522.266060,670.989782,1,0.061862471,-0.996852700,0.049573181,0.460960374,0.651800409,0.002735256,-0.758385500,0.666673905,0.755863570,0.079227267,0.649918441,0.005291670,0.000000000,0.000000000,0.000000000,1.000000000
5,1790733286764454000,FR_hip,1790733286615730278,1790733287286720060,0.221648266,148.723722,522.266060,670.989782,1,-0.007977900,-0.984080683,0.177542484,0.673590274,0.992659780,0.013632988,0.120168732,0.613443160,-0.120676062,0.177197881,0.976749136,0.301274248,0.000000000,0.000000000,0.000000000,1.000000000
5,1790733286764454000,FR_thigh,1790733286615730278,1790733287286720060,0.221648266,148.723722,522.266060,670.989782,1,-0.168675780,-0.983931329,0.058543936,0.767222214,0.296983814,0.005902623,0.954864176,0.612144377,-0.939866832,0.178448965,0.291216380,0.284400894,0.000000000,0.000000000,0.000000000,1.000000000
5,1790733286764454000,FR_calf,1790733286615730278,1790733287286720060,0.221648266,148.723722,522.266060,670.989782,1,0.133303484,-0.984091736,0.117445337,0.756392398,0.727784555,0.016762506,-0.685600818,0.412051945,0.672725934,0.176867784,0.718441563,0.223856810,0.000000000,0.000000000,0.000000000,1.000000000
5,1790733286764454000,FR_calflower,1790733286615730278,1790733287286720060,0.221648266,148.723722,522.266060,670.989782,1,0.127267070,-0.984091736,0.123960958,0.742132391,0.761140773,0.016762506,-0.648369928,0.527804103,0.635978090,0.176867785,0.751165981,0.131497079,0.000000000,0.000000000,0.000000000,1.000000000
5,1790733286764454000,FR_calflower1,1790733286615730278,1790733287286720060,0.221648266,148.723722,522.266060,670.989782,1,0.055642656,-0.984091736,0.168722023,0.735997692,0.974531732,0.016762506,-0.223621875,0.546094815,0.217236529,0.176867785,0.959961850,0.095309400,0.000000000,0.000000000,0.000000000,1.000000000
5,1790733286764454000,FR_foot,1790733286615730278,1790733287286720060,0.221648266,148.723722,522.266060,670.989782,1,0.133303484,-0.984091736,0.117445337,0.731990862,0.727784555,0.016762506,-0.685600818,0.557759201,0.672725934,0.176867784,0.718441563,0.071705444,0.000000000,0.000000000,0.000000000,1.000000000
5,1790733286764454000,RL_hip,1790733286615730278,1790733287286720060,0.221648266,148.723722,522.266060,670.989782,1,-0.007977900,-0.997518926,0.069943661,0.584067038,0.992659780,0.000541119,0.120938372,0.229772998,-0.120676062,0.070394935,0.990193171,0.356464694,0.000000000,0.000000000,0.000000000,1.000000000
5,1790733286764454000,RL_thigh,1790733286615730278,1790733287286720060,0.221648266,148.723722,522.266060,670.989782,1,-0.063232537,-0.997472061,0.032417647,0.489195510,0.499573699,-0.003515710,0.866264152,0.229826380,-0.863960714,0.070970925,0.498533537,0.363175555,0.000000000,0.000000000,0.000000000,1.000000000
5,1790733286764454000,RL_calf,1790733286615730278,1790733287286720060,0.221648266,148.723722,522.266060,670.989782,1,0.056797127,-0.997537542,0.041142540,0.482974738,0.650854287,0.005746422,-0.759180806,0.046125353,0.757075464,0.069896929,0.649578198,0.257988419,0.000000000,0.000000000,0.000000000,1.000000000
5,1790733286764454000,RL_calflower,1790733286615730278,1790733287286720060,0.221648266,148.723722,522.266060,670.989782,1,0.054669875,-0.997537542,0.043929795,0.478714847,0.687984115,0.005746422,-0.725702872,0.170734901,0.723663939,0.069896929,0.686604398,0.177856064,0.000000000,0.000000000,0.000000000,1.000000000
5,1790733286764454000,RL_calflower1,1790733286615730278,1790733287286720060,0.221648266,148.723722,522.266060,670.989782,1,0.028206037,-0.997537542,0.064210916,0.476544549,0.945352891,0.005746423,-0.325998025,0.192762692,0.324826627,0.069896929,0.943187552,0.143525284,0.000000000,0.000000000,0.000000000,1.000000000
5,1790733286764454000,RL_foot,1790733286615730278,1790733287286720060,0.221648266,148.723722,522.266060,670.989782,1,0.056797127,-0.997537542,0.041142540,0.475124013,0.650854287,0.005746422,-0.759180806,0.206867267,0.757075464,0.069896929,0.649578198,0.121103679,0.000000000,0.000000000,0.000000000,1.000000000
5,1790733286764454000,RR_hip,1790733286615730278,1790733287286720060,0.221648266,148.723722,522.266060,670.989782,1,-0.007977900,-0.990237360,0.139162115,0.676676126,0.992659780,0.008952338,0.120607787,0.229482357,-0.120676062,0.139102713,0.982897959,0.347951749,0.000000000,0.000000000,0.000000000,1.000000000
5,1790733286764454000,RR_thigh,1790733286615730278,1790733287286720060,0.221648266,148.723722,522.266060,670.989782,1,-0.084896974,-0.990231809,0.110603976,0.771226944,0.760592466,0.007302397,0.649188414,0.228627579,-0.643654929,0.139238564,0.752543441,0.334669951,0.000000000,0.000000000,0.000000000,1.000000000
5,1790733286764454000,RR_calf,1790733286615730278,1790733287286720060,0.221648266,148.723722,522.266060,670.989782,1,0.104981742,-0.990233550,0.091739419,0.748253460,0.701490223,0.008349187,-0.712630044,0.092637149,0.704904749,0.139167330,0.695515941,0.176636178,0.000000000,0.000000000,0.000000000,1.000000000
5,1790733286764454000,RR_calflower,1790733286615730278,1790733287286720060,0.221648266,148.723722,522.266060,670.989782,1,0.100265482,-0.990233550,0.096871669,0.736728183,0.736230201,0.008349187,-0.676679543,0.211897769,0.669262493,0.139167330,0.729877281,0.088012847,0.000000000,0.000000000,0.000000000,1.000000000
5,1790733286764454000,RR_calflower1,1790733286615730278,1790733287286720060,0.221648266,148.723722,522.266060,670.989782,1,0.044201655,-0.990233550,0.132225190,0.731848917,0.965508972,0.008349187,-0.260235544,0.231565010,0.256590304,0.139167330,0.956448925,0.052208131,0.000000000,0.000000000,0.000000000,1.000000000
5,1790733286764454000,RR_foot,1790733286615730278,1790733287286720060,0.221648266,148.723722,522.266060,670.989782,1,0.104981742,-0.990233550,0.091739419,0.728662770,0.701490223,0.008349187,-0.712630044,0.244127277,0.704904749,0.139167330,0.695515941,0.028843343,0.000000000,0.000000000,0.000000000,1.000000000
6,1790733286828453000,FL_hip,1790733286615730278,1790733287286720060,0.317028258,212.722722,458.267060,670.989782,1,-0.000503816,-0.998599216,0.052906628,0.592907672,0.994464312,0.005058976,0.104952167,0.689754399,-0.105072716,0.052666487,0.993069310,0.309242908,0.000000000,0.000000000,0.000000000,1.000000000
6,1790733286828453000,FL_thigh,1790733286615730278,1790733287286720060,0.317028258,212.722722,458.267060,670.989782,1,-0.023225986,-0.998592809,0.047672983,0.497553988,0.828884032,0.007425937,0.559371017,0.690237474,-0.558938084,0.052507175,0.827545711,0.314271949,0.000000000,0.000000000,0.000000000,1.000000000
6,1790733286828453000,FL_calf,1790733286615730278,1790733287286720060,0.317028258,212.722722,458.267060,670.989782,1,0.043484609,-0.998597301,0.030203953,0.487491312,0.666059935,0.006444416,-0.745870264,0.576618119,0.744629905,0.052551377,0.665406151,0.145008452,0.000000000,0.000000000,0.000000000,1.000000000
6,1790733286828453000,FL_calflower,1790733286615730278,1790733287286720060,0.317028258,212.722722,458.267060,670.989782,1,0.041920696,-0.998597301,0.032339531,0.484119296,0.702505510,0.006444416,-0.711648998,0.698581428,0.710442865,0.052551377,0.701790550,0.062720656,0.000000000,0.000000000,0.000000000,1.000000000
6,1790733286828453000,FL_calflower1,1790733286615730278,1790733287286720060,0.317028258,212.722722,458.267060,670.989782,1,0.022249722,-0.998597301,0.048043104,0.482461980,0.951743508,0.006444416,-0.306826633,0.719733353,0.306086953,0.052551377,0.950552376,0.028073818,0.000000000,0.000000000,0.000000000,1.000000000
6,1790733286828453000,FL_foot,1790733286615730278,1790733287286720060,0.317028258,212.722722,458.267060,670.989782,1,0.043484609,-0.998597301,0.030203953,0.481377667,0.666059935,0.006444416,-0.745870264,0.733268212,0.744629905,0.052551377,0.665406151,0.005451254,0.000000000,0.000000000,0.000000000,1.000000000
6,1790733286828453000,FR_hip,1790733286615730278,1790733287286720060,0.317028258,212.722722,458.267060,670.989782,1,-0.000503816,-0.990762914,0.135603665,0.685688878,0.994464312,0.013752114,0.104170197,0.689130999,-0.105072716,0.134905393,0.985272017,0.302898070,0.000000000,0.000000000,0.000000000,1.000000000
6,1790733286828453000,FR_thigh,1790733286615730278,1790733287286720060,0.317028258,212.722722,458.267060,670.989782,1,-0.126095970,-0.990674266,0.051614560,0.779868620,0.351721048,0.004003171,0.936096201,0.687822575,-0.927573524,0.136191790,0.347936549,0.290063113,0.000000000,0.000000000,0.000000000,1.000000000
6,1790733286828453000,FR_calf,1790733286615730278,1790733287286720060,0.317028258,212.722722,458.267060,670.989782,1,0.104954410,-0.990751387,0.086000115,0.770898097,0.728275478,0.017684627,-0.685056129,0.492499286,0.677199933,0.134531342,0.723396335,0.218000024,0.000000000,0.000000000,0.000000000,1.000000000
6,1790733286828453000,FR_calflower,1790733286615730278,1790733287286720060,0.317028258,212.722722,458.267060,670.989782,1,0.100525030,-0.990751387,0.091138171,0.760820546,0.761603860,0.017684627,-0.647801384,0.608102469,0.640198862,0.134531342,0.756338168,0.125141171,0.000000000,0.000000000,0.000000000,1.000000000
6,1790733286828453000,FR_calflower1,1790733286615730278,1790733287286720060,0.317028258,212.722722,458.267060,670.989782,1,0.047079482,-0.990751387,0.127259461,0.756282365,0.974679946,0.017684627,-0.222903736,0.626354232,0.218591924,0.134531342,0.966498617,0.088763270,0.000000000,0.000000000,0.000000000,1.000000000
6,1790733286828453000,FR_foot,1790733286615730278,1790733287286720060,0.317028258,212.722722,458.267060,670.989782,1,0.104954410,-0.990751387,0.086000115,0.753316473,0.728275478,0.017684627,-0.685056129,0.637993405,0.677199933,0.134531342,0.723396335,0.065035292,0.000000000,0.000000000,0.000000000,1.000000000
6,1790733286828453000,RL_hip,1790733286615730278,1790733287286720060,0.317028258,212.722722,458.267060,670.989782,1,-0.000503816,-0.999650624,0.026422229,0.593102548,0.994464312,0.002275658,0.105049379,0.305095603,-0.105072716,0.026328731,0.994116296,0.349885034,0.000000000,0.000000000,0.000000000,1.000000000
6,1790733286828453000,RL_thigh,1790733286615730278,1790733287286720060,0.317028258,212.722722,458.267060,670.989782,1,-0.024328559,-0.999632996,0.011906022,0.498127560,0.531058339,-0.002832338,0.847330418,0.305313185,-0.846986118,0.026936961,0.530932768,0.352399492,0.000000000,0.000000000,0.000000000,1.000000000
6,1790733286828453000,RL_calf,1790733286615730278,1790733287286720060,0.317028258,212.722722,458.267060,670.989782,1,0.025177822,-0.999629444,0.010334874,0.496415652,0.658755160,0.008814554,-0.752305630,0.125820014,0.751936282,0.025749411,0.658733242,0.240615013,0.000000000,0.000000000,0.000000000,1.000000000
6,1790733286828453000,RL_calflower,1790733286615730278,1790733287286720060,0.317028258,212.722722,458.267060,670.989782,1,0.024629827,-0.999629444,0.011580325,0.496222691,0.695531498,0.008814554,-0.718441409,0.249363333,0.718073618,0.025749411,0.695491147,0.159264474,0.000000000,0.000000000,0.000000000,1.000000000
6,1790733286828453000,RL_calflower1,1790733286615730278,1790733287286720060,0.317028258,212.722722,458.267060,670.989782,1,0.016498979,-0.999629444,0.021645231,0.495666083,0.948694189,0.008814554,-0.316071920,0.270990524,0.315764324,0.025749411,0.948488560,0.124732371,0.000000000,0.000000000,0.000000000,1.000000000
6,1790733286828453000,RL_foot,1790733286615730278,1790733287286720060,0.317028258,212.722722,458.267060,670.989782,1,0.025177822,-0.999629444,0.010334874,0.495298299,0.658755160,0.008814554,-0.752305630,0.284833970,0.751936282,0.025749411,0.658733242,0.102182162,0.000000000,0.000000000,0.000000000,1.000000000
6,1790733286828453000,RR_hip,1790733286615730278,1790733287286720060,0.317028258,212.722722,458.267060,670.989782,1,-0.000503816,-0.992665283,0.120893099,0.685883754,0.994464312,0.012205480,0.104362718,0.304472203,-0.105072716,0.120276349,0.987164633,0.343540196,0.000000000,0.000000000,0.000000000,1.000000000
6,1790733286828453000,RR_thigh,1790733286615730278,1790733287286720060,0.317028258,212.722722,458.267060,670.989782,1,-0.072856933,-0.992668547,0.096440556,0.780662078,0.744927634,0.010133830,0.667068171,0.303306853,-0.663155174,0.120441673,0.738728439,0.332056494,0.000000000,0.000000000,0.000000000,1.000000000
6,1790733286828453000,RR_calf,1790733286615730278,1790733287286720060,0.317028258,212.722722,458.267060,670.989782,1,0.093867584,-0.992665479,0.076183210,0.760801510,0.700324990,0.011447618,-0.713732218,0.164082437,0.707625732,0.120349221,0.696263296,0.177564602,0.000000000,0.000000000,0.000000000,1.000000000
6,1790733286828453000,RR_calflower,1790733286615730278,1790733287286720060,0.317028258,212.722722,458.267060,670.989782,1,0.089942700,-0.992665479,0.080779424,0.751336980,0.735121510,0.011447617,-0.677838577,0.283419403,0.671942722,0.120349221,0.730759695,0.088935235,0.000000000,0.000000000,0.000000000,1.000000000
6,1790733286828453000,RR_calflower1,1790733286615730278,1790733287286720060,0.317028258,212.722722,458.267060,670.989782,1,0.042476462,-0.992665479,0.113184605,0.747201696,0.965060786,0.011447618,-0.261775572,0.303133371,0.258560174,0.120349221,0.958469295,0.053088995,0.000000000,0.000000000,0.000000000,1.000000000
6,1790733286828453000,RR_foot,1790733286615730278,1790733287286720060,0.317028258,212.722722,458.267060,670.989782,1,0.093867584,-0.992665479,0.076183210,0.744500199,0.700324990,0.011447618,-0.713732218,0.315726281,0.707625732,0.120349221,0.696263296,0.029696736,0.000000000,0.000000000,0.000000000,1.000000000
7,1790733286896453000,FL_hip,1790733286615730278,1790733287286720060,0.418371083,280.722722,390.267060,670.989782,1,-0.013923526,-0.998553834,0.051924405,0.601601287,0.993591336,-0.007991205,0.112748441,0.775680183,-0.112170357,0.053161346,0.992266279,0.313288570,0.000000000,0.000000000,0.000000000,1.000000000
7,1790733286896453000,FL_thigh,1790733286615730278,1790733287286720060,0.418371083,280.722722,390.267060,670.989782,1,-0.036830368,-0.998585052,0.038356046,0.506253488,0.787079386,-0.005336622,0.616828480,0.774917139,-0.615751230,0.052907125,0.786162798,0.318364755,0.000000000,0.000000000,0.000000000,1.000000000
7,1790733286896453000,FL_calf,1790733286615730278,1790733287286720060,0.418371083,280.722722,390.267060,670.989782,1,0.033409279,-0.998573558,0.041646578,0.498118787,0.699000406,-0.006436974,-0.715092169,0.649966744,0.714340720,0.053001541,0.697788548,0.158606458,0.000000000,0.000000000,0.000000000,1.000000000
7,1790733286896453000,FL_calflower,1790733286615730278,1790733287286720060,0.418371083,280.722722,390.267060,670.989782,1,0.031286064,-0.998573558,0.043264299,0.492911088,0.733866550,-0.006436974,-0.679263031,0.767849902,0.678573089,0.053001541,0.732618649,0.071118743,0.000000000,0.000000000,0.000000000,1.000000000
7,1790733286896453000,FL_calflower1,1790733286615730278,1790733287286720060,0.418371083,280.722722,390.267060,670.989782,1,0.007772028,-0.998573558,0.052822467,0.490936079,0.964605426,-0.006436974,-0.263618569,0.787369561,0.263582849,0.053001541,0.963179944,0.035629131,0.000000000,0.000000000,0.000000000,1.000000000
7,1790733286896453000,FL_foot,1790733286615730278,1790733287286720060,0.418371083,280.722722,390.267060,670.989782,1,0.033409279,-0.998573558,0.041646578,0.489648491,0.699000406,-0.006436974,-0.715092169,0.799839419,0.714340720,0.053001541,0.697788548,0.012468597,0.000000000,0.000000000,0.000000000,1.000000000
7,1790733286896453000,FR_hip,1790733286615730278,1790733287286720060,0.418371083,280.722722,390.267060,670.989782,1,-0.013923526,-0.992991986,0.117357653,0.694356933,0.993591336,-0.000573145,0.113029827,0.776221864,-0.112170357,0.118179211,0.986636798,0.306573329,0.000000000,0.000000000,0.000000000,1.000000000
7,1790733286896453000,FR_thigh,1790733286615730278,1790733287286720060,0.418371083,280.722722,390.267060,670.989782,1,-0.114757211,-0.992761873,0.035417714,0.788695086,0.384698438,-0.011540712,0.922970063,0.776275686,-0.915881208,0.119542498,0.383238685,0.295340266,0.000000000,0.000000000,0.000000000,1.000000000
7,1790733286896453000,FR_calf,1790733286615730278,1790733287286720060,0.418371083,280.722722,390.267060,670.989782,1,0.081166050,-0.993041506,0.085325300,0.783362328,0.746480865,0.003840796,-0.665395656,0.584262425,0.660438284,0.117701131,0.741598545,0.216053263,0.000000000,0.000000000,0.000000000,1.000000000
7,1790733286896453000,FR_calflower,1790733286615730278,1790733287286720060,0.418371083,280.722722,390.267060,670.989782,1,0.076800126,-0.993041506,0.089275278,0.772980585,0.778803881,0.003840796,-0.627255591,0.697295208,0.622548429,0.117701131,0.773679896,0.120253836,0.000000000,0.000000000,0.000000000,1.000000000
7,1790733286896453000,FR_calflower1,1790733286615730278,1790733287286720060,0.418371083,280.722722,390.267060,670.989782,1,0.026895858,-0.993041506,0.114651417,0.768767887,0.980448658,0.003840796,-0.196737111,0.714553561,0.194928031,0.117701131,0.973730040,0.083394148,0.000000000,0.000000000,0.000000000,1.000000000
7,1790733286896453000,FR_foot,1790733286615730278,1790733287286720060,0.418371083,280.722722,390.267060,670.989782,1,0.081166050,-0.993041506,0.085325300,0.766018666,0.746480865,0.003840796,-0.665395656,0.725544901,0.660438284,0.117701131,0.741598545,0.059358506,0.000000000,0.000000000,0.000000000,1.000000000
7,1790733286896453000,RL_hip,1790733286615730278,1790733287286720060,0.418371083,280.722722,390.267060,670.989782,1,-0.013923526,-0.999879368,0.006866829,0.606986907,0.993591336,-0.013064656,0.112273706,0.391359054,-0.112170357,0.008385894,0.993653950,0.356676065,0.000000000,0.000000000,0.000000000,1.000000000
7,1790733286896453000,RL_thigh,1790733286615730278,1790733287286720060,0.418371083,280.722722,390.267060,670.989782,1,-0.017834411,-0.999781914,-0.010854805,0.512050922,0.543427739,-0.018805407,0.839245175,0.390119334,-0.839266656,0.009068467,0.543645038,0.357478802,0.000000000,0.000000000,0.000000000,1.000000000
7,1790733286896453000,RL_calf,1790733286615730278,1790733287286720060,0.418371083,280.722722,390.267060,670.989782,1,0.001624129,-0.999954498,0.009387837,0.515268857,0.684989737,-0.005726820,-0.728530080,0.212483197,0.728551204,0.007613626,0.684949532,0.243151482,0.000000000,0.000000000,0.000000000,1.000000000
7,1790733286896453000,RL_calflower,1790733286615730278,1790733287286720060,0.418371083,280.722722,390.267060,670.989782,1,0.001152903,-0.999954498,0.009457278,0.514858834,0.720545006,-0.005726820,-0.693384389,0.332945416,0.693407496,0.007613625,0.720505907,0.157610932,0.000000000,0.000000000,0.000000000,1.000000000
7,1790733286896453000,RL_calflower1,1790733286615730278,1790733287286720060,0.418371083,280.722722,390.267060,670.989782,1,-0.003344555,-0.999954498,0.008920944,0.514641412,0.959310234,-0.005726820,-0.282295754,0.353312045,0.282334304,0.007613626,0.959286224,0.122386310,0.000000000,0.000000000,0.000000000,1.000000000
7,1790733286896453000,RL_foot,1790733286615730278,1790733287286720060,0.418371083,280.722722,390.267060,670.989782,1,0.001624129,-0.999954498,0.009387837,0.514499037,0.684989737,-0.005726820,-0.728530080,0.366332746,0.728551204,0.007613626,0.684949532,0.099393726,0.000000000,0.000000000,0.000000000,1.000000000
7,1790733286896453000,RR_hip,1790733286615730278,1790733287286720060,0.418371083,280.722722,390.267060,670.989782,1,-0.013923526,-0.991677992,0.127986967,0.699742553,0.993591336,0.000637562,0.113029482,0.391900735,-0.112170357,0.128740406,0.985314368,0.349960824,0.000000000,0.000000000,0.000000000,1.000000000
7,1790733286896453000,RR_thigh,1790733286615730278,1790733287286720060,0.418371083,280.722722,390.267060,670.989782,1,-0.092044737,-0.991646191,0.090362414,0.794423979,0.709747991,-0.001686283,0.704453518,0.391839870,-0.698416561,0.128975676,0.703974622,0.337669267,0.000000000,0.000000000,0.000000000,1.000000000
7,1790733286896453000,RR_calf,1790733286615730278,1790733287286720060,0.418371083,280.722722,390.267060,670.989782,1,0.089579867,-0.991666176,0.092592717,0.775912288,0.717560425,-0.000213022,-0.696496091,0.245085809,0.690711850,0.128832792,0.711561619,0.190860719,0.000000000,0.000000000,0.000000000,1.000000000
7,1790733286896453000,RR_calflower,1790733286615730278,1790733287286720060,0.418371083,280.722722,390.267060,670.989782,1,0.084840208,-0.991666176,0.096954127,0.763931382,0.751473957,-0.000213022,-0.659762578,0.362181876,0.654285381,0.128832792,0.745193557,0.099666334,0.000000000,0.000000000,0.000000000,1.000000000
7,1790733286896453000,RR_calflower1,1790733286615730278,1790733287286720060,0.418371083,280.722722,390.267060,670.989782,1,0.030481437,-0.991666176,0.125175260,0.759200933,0.971218204,-0.000213022,-0.238191033,0.381004669,0.236232945,0.128832792,0.963118265,0.063432831,0.000000000,0.000000000,0.000000000,1.000000000
7,1790733286896453000,RR_foot,1790733286615730278,1790733287286720060,0.418371083,280.722722,390.267060,670.989782,1,0.089579867,-0.991666176,0.092592717,0.756115072,0.717560425,-0.000213022,-0.696496091,0.393016169,0.690711850,0.128832792,0.711561619,0.039794046,0.000000000,0.000000000,0.000000000,1.000000000
8,1790733286964454000,FL_hip,1790733286615730278,1790733287286720060,0.519715399,348.723722,322.266060,670.989782,1,-0.023505851,-0.998730090,0.044558432,0.604217772,0.994209243,-0.018677806,0.105824982,0.850752077,-0.104858251,0.046787765,0.993386300,0.319942806,0.000000000,0.000000000,0.000000000,1.000000000
8,1790733286964454000,FL_thigh,1790733286615730278,1790733287286720060,0.519715399,348.723722,322.266060,670.989782,1,-0.042668047,-0.998791162,0.024401310,0.508853504,0.751052748,-0.015958929,0.660049156,0.848968616,-0.658862104,0.046489533,0.750826305,0.324410354,0.000000000,0.000000000,0.000000000,1.000000000
8,1790733286964454000,FL_calf,1790733286615730278,1790733287286720060,0.519715399,348.723722,322.266060,670.989782,1,0.020044150,-0.998766657,0.045422122,0.503585298,0.720247707,-0.017084600,-0.693506426,0.715085807,0.693427611,0.046615780,0.719017249,0.172286514,0.000000000,0.000000000,0.000000000,1.000000000
8,1790733286964454000,FL_calflower,1790733286615730278,1790733287286720060,0.519715399,348.723722,322.266060,670.989782,1,0.017748940,-0.998766657,0.046367146,0.497573712,0.754008460,-0.017084600,-0.656642342,0.830160311,0.656625123,0.046615780,0.752775601,0.081288435,0.000000000,0.000000000,0.000000000,1.000000000
8,1790733286964454000,FL_calflower1,1790733286615730278,1790733287286720060,0.519715399,348.723722,322.266060,670.989782,1,-0.005668163,-0.998766657,0.049323514,0.495612596,0.972025435,-0.017084600,-0.234253018,0.848569495,0.234807054,0.046615780,0.970923944,0.045229408,0.000000000,0.000000000,0.000000000,1.000000000
8,1790733286964454000,FL_foot,1790733286615730278,1790733287286720060,0.519715399,348.723722,322.266060,670.989782,1,0.020044150,-0.998766657,0.045422122,0.494337303,0.720247707,-0.017084600,-0.693506426,0.860314930,0.693427611,0.046615780,0.719017249,0.021705387,0.000000000,0.000000000,0.000000000,1.000000000
8,1790733286964454000,FR_hip,1790733286615730278,1790733287286720060,0.519715399,348.723722,322.266060,670.989782,1,-0.023505851,-0.995415584,0.092709559,0.696981451,0.994209243,-0.013548465,0.106603125,0.852264914,-0.104858251,0.094678380,0.989970424,0.313492308,0.000000000,0.000000000,0.000000000,1.000000000
8,1790733286964454000,FR_thigh,1790733286615730278,1790733287286720060,0.519715399,348.723722,322.266060,670.989782,1,-0.097145133,-0.995088070,0.019034904,0.791537889,0.431034623,-0.024825239,0.901993718,0.853552054,-0.897091091,0.095828883,0.431329443,0.304500005,0.000000000,0.000000000,0.000000000,1.000000000
8,1790733286964454000,FR_calf,1790733286615730278,1790733287286720060,0.519715399,348.723722,322.266060,670.989782,1,0.055098947,-0.995512811,0.076929323,0.789685282,0.754021723,-0.009020631,-0.656787390,0.666090593,0.654534699,0.094194556,0.750141588,0.215155798,0.000000000,0.000000000,0.000000000,1.000000000
8,1790733286964454000,FR_calflower,1790733286615730278,1790733287286720060,0.519715399,348.723722,322.266060,670.989782,1,0.051185224,-0.995512811,0.079586981,0.780037687,0.785905080,-0.009020631,-0.618281197,0.777996458,0.616225248,0.094194556,0.781917206,0.117998837,0.000000000,0.000000000,0.000000000,1.000000000
8,1790733286964454000,FR_calflower1,1790733286615730278,1790733287286720060,0.519715399,348.723722,322.266060,670.989782,1,0.008649424,-0.995512811,0.094229519,0.776469298,0.982603198,-0.009020631,-0.185497683,0.794824628,0.185515583,0.094194556,0.978116579,0.080882141,0.000000000,0.000000000,0.000000000,1.000000000
8,1790733286964454000,FR_foot,1790733286615730278,1790733287286720060,0.519715399,348.723722,322.266060,670.989782,1,0.055098947,-0.995512811,0.076929323,0.774143843,0.754021723,-0.009020631,-0.656787390,0.805535486,0.654534699,0.094194556,0.750141588,0.056681564,0.000000000,0.000000000,0.000000000,1.000000000
8,1790733286964454000,RL_hip,1790733286615730278,1790733287286720060,0.519715399,348.723722,322.266060,670.989782,1,-0.023505851,-0.999541633,-0.019072802,0.613309835,0.994209243,-0.025372738,0.104422275,0.466191942,-0.104858251,-0.016508004,0.994350502,0.360501978,0.000000000,0.000000000,0.000000000,1.000000000
8,1790733286964454000,RL_thigh,1790733286615730278,1790733287286720060,0.519715399,348.723722,322.266060,670.989782,1,-0.004688949,-0.999384469,-0.034763053,0.518420186,0.568131456,-0.031270101,0.822343381,0.463783057,-0.822924618,-0.015894241,0.567928811,0.358933204,0.000000000,0.000000000,0.000000000,1.000000000
8,1790733286964454000,RL_calf,1790733286615730278,1790733287286720060,0.519715399,348.723722,322.266060,670.989782,1,-0.024858850,-0.999690655,0.000635014,0.526726463,0.699514936,-0.017848057,-0.714394924,0.289763223,0.714185762,-0.017315016,0.699742507,0.239497517,0.000000000,0.000000000,0.000000000,1.000000000
8,1790733286964454000,RL_calflower,1790733286615730278,1790733287286720060,0.519715399,348.723722,322.266060,670.989782,1,-0.024859520,-0.999690655,-0.000608204,0.527104822,0.734345589,-0.017848057,-0.678540941,0.408409308,0.678320666,-0.017315016,0.734562422,0.151524779,0.000000000,0.000000000,0.000000000,1.000000000
8,1790733286964454000,RL_calflower1,1790733286615730278,1790733287286720060,0.519715399,348.723722,322.266060,670.989782,1,-0.021769412,-0.999690655,-0.012019083,0.527550781,0.964696886,-0.017848057,-0.262756868,0.428042845,0.262461357,-0.017315016,0.964787497,0.115904534,0.000000000,0.000000000,0.000000000,1.000000000
8,1790733286964454000,RL_foot,1790733286615730278,1790733287286720060,0.519715399,348.723722,322.266060,670.989782,1,-0.024858850,-0.999690655,0.000635014,0.527844591,0.699514936,-0.017848057,-0.714394924,0.440585164,0.714185762,-0.017315016,0.699742507,0.092659377,0.000000000,0.000000000,0.000000000,1.000000000
8,1790733286964454000,RR_hip,1790733286615730278,1790733287286720060,0.519715399,348.723722,322.266060,670.989782,1,-0.023505851,-0.991400852,0.128730719,0.706073514,0.994209243,-0.009675383,0.107024176,0.467704779,-0.104858251,0.130500867,0.985887904,0.354051480,0.000000000,0.000000000,0.000000000,1.000000000
8,1790733286964454000,RR_thigh,1790733286615730278,1790733287286720060,0.519715399,348.723722,322.266060,670.989782,1,-0.103624578,-0.991340826,0.080654113,0.800727856,0.683449358,-0.012057010,0.729898218,0.468628538,-0.722605770,0.130758300,0.678781155,0.341591849,0.000000000,0.000000000,0.000000000,1.000000000
8,1790733286964454000,RR_calf,1790733286615730278,1790733287286720060,0.519715399,348.723722,322.266060,670.989782,1,0.082482631,-0.991379723,0.101797014,0.784259236,0.724193612,-0.010547938,-0.689515888,0.316569928,0.684646322,0.130593734,0.717081151,0.200208659,0.000000000,0.000000000,0.000000000,1.000000000
8,1790733286964454000,RR_calflower,1790733286615730278,1790733287286720060,0.519715399,348.723722,322.266060,670.989782,1,0.077291819,-0.991379723,0.105792208,0.770775602,0.757749990,-0.010547938,-0.652459577,0.432755504,0.647951572,0.130593735,0.750403041,0.108083026,0.000000000,0.000000000,0.000000000,1.000000000
8,1790733286964454000,RR_calflower1,1790733286615730278,1790733287286720060,0.519715399,348.723722,322.266060,670.989782,1,0.019704812,-0.991379723,0.129528904,0.765767431,0.973412640,-0.010547938,-0.228815166,0.451221747,0.228209257,0.130593734,0.964814231,0.071707376,0.000000000,0.000000000,0.000000000,1.000000000
8,1790733286964454000,RR_foot,1790733286615730278,1790733287286720060,0.519715399,348.723722,322.266060,670.989782,1,0.082482631,-0.991379723,0.101797014,0.762503479,0.724193612,-0.010547938,-0.689515888,0.463000683,0.684646322,0.130593734,0.717081151,0.047978063,0.000000000,0.000000000,0.000000000,1.000000000
9,1790733287564450000,FL_hip,1790733287374840144,1790733287618538684,0.778050849,189.609856,54.088684,243.698540,1,0.098175925,-0.994844129,-0.025423264,0.595277794,0.995056255,0.097748539,0.017553462,1.055977699,-0.014977825,-0.027021026,0.999523011,0.345022907,0.000000000,0.000000000,0.000000000,1.000000000
9,1790733287564450000,FL_thigh,1790733287374840144,1790733287618538684,0.778050849,189.609856,54.088684,243.698540,1,0.086583143,-0.994832419,0.053023696,0.500270380,0.678805537,0.097868010,0.727766960,1.065312665,-0.729195877,-0.027019693,0.683771914,0.342442404,0.000000000,0.000000000,0.000000000,1.000000000
9,1790733287564450000,FL_calf,1790733287374840144,1790733287618538684,0.778050849,189.609856,54.088684,243.698540,1,0.047775994,-0.994853895,-0.089346944,0.489039367,0.687280265,0.097650087,-0.719798687,0.911407506,0.724819727,-0.027017414,0.688409141,0.197735490,0.000000000,0.000000000,0.000000000,1.000000000
9,1790733287564450000,FL_calflower,1790733287374840144,1790733287618538684,0.778050849,189.609856,54.088684,243.698540,1,0.052181773,-0.994853895,-0.086847479,0.503138482,0.722396284,0.097650087,-0.684549429,1.031108943,0.689507774,-0.027017414,0.723774696,0.110728527,0.000000000,0.000000000,0.000000000,1.000000000
9,1790733287564450000,FL_calflower1,1790733287374840144,1790733287618538684,0.778050849,189.609856,54.088684,243.698540,1,0.086389325,-0.994853895,-0.052936817,0.506073850,0.956872507,0.097650087,-0.273604308,1.051166504,0.277365812,-0.027017414,0.960384812,0.075044764,0.000000000,0.000000000,0.000000000,1.000000000
9,1790733287564450000,FL_foot,1790733287374840144,1790733287618538684,0.778050849,189.609856,54.088684,243.698540,1,0.047775994,-0.994853895,-0.089346944,0.507963041,0.687280265,0.097650087,-0.719798687,1.063985502,0.724819727,-0.027017414,0.688409141,0.051753833,0.000000000,0.000000000,0.000000000,1.000000000
9,1790733287564450000,FR_hip,1790733287374840144,1790733287618538684,0.778050849,189.609856,54.088684,243.698540,1,0.098175925,-0.995162929,0.003453663,0.687803282,0.995056255,0.098216710,0.014709817,1.046818160,-0.014977825,0.001992336,0.999886202,0.342989494,0.000000000,0.000000000,0.000000000,1.000000000
9,1790733287564450000,FR_thigh,1790733287374840144,1790733287618538684,0.778050849,189.609856,54.088684,243.698540,1,0.046441622,-0.995247456,0.085588387,0.782830273,0.492857415,0.097355728,0.864646334,1.037439556,-0.868870067,0.002027189,0.495036786,0.342799173,0.000000000,0.000000000,0.000000000,1.000000000
9,1790733287564450000,FR_calf,1790733287374840144,1790733287618538684,0.778050849,189.609856,54.088684,243.698540,1,0.064877107,-0.995089333,-0.074752084,0.764858440,0.636867917,0.098959463,-0.764595405,0.854400664,0.768238645,0.001997430,0.640161008,0.238105761,0.000000000,0.000000000,0.000000000,1.000000000
9,1790733287564450000,FR_calflower,1790733287374840144,1790733287618538684,0.778050849,189.609856,54.088684,243.698540,1,0.068532075,-0.995089333,-0.071416160,0.777250055,0.674285841,0.098959463,-0.731809730,0.979706210,0.735283831,0.001997430,0.677756902,0.159141395,0.000000000,0.000000000,0.000000000,1.000000000
9,1790733287564450000,FR_calflower1,1790733287374840144,1790733287618538684,0.778050849,189.609856,54.088684,243.698540,1,0.093766098,-0.995089334,-0.031699086,0.779426068,0.936022611,0.098959463,-0.337740356,1.002134125,0.339219002,0.001997430,0.940705693,0.124851313,0.000000000,0.000000000,0.000000000,1.000000000
9,1790733287564450000,FR_foot,1790733287374840144,1790733287618538684,0.778050849,189.609856,54.088684,243.698540,1,0.064877107,-0.995089333,-0.074752084,0.780819071,0.636867917,0.098959463,-0.764595405,1.016500937,0.768238645,0.001997430,0.640161008,0.102452157,0.000000000,0.000000000,0.000000000,1.000000000
9,1790733287564450000,RL_hip,1790733287374840144,1790733287618538684,0.778050849,189.609856,54.088684,243.698540,1,0.098175925,-0.987220927,-0.125522999,0.557303346,0.995056255,0.095482701,0.027312171,0.671089940,-0.014977825,-0.127584022,0.991715031,0.350816330,0.000000000,0.000000000,0.000000000,1.000000000
9,1790733287564450000,RL_thigh,1790733287374840144,1790733287618538684,0.778050849,189.609856,54.088684,243.698540,1,0.158508681,-0.987264219,0.013566672,0.463026407,0.519370964,0.095057125,0.849245427,0.680208281,-0.839719685,-0.127566816,0.527824099,0.338632408,0.000000000,0.000000000,0.000000000,1.000000000
9,1790733287564450000,RL_calf,1790733287374840144,1790733287618538684,0.778050849,189.609856,54.088684,243.698540,1,-0.041789717,-0.987183684,-0.154018468,0.460212465,0.616250739,0.095871153,-0.781692779,0.500444619,0.786440771,-0.127580894,0.604346549,0.227003433,0.000000000,0.000000000,0.000000000,1.000000000
9,1790733287564450000,RL_calflower,1790733287374840144,1790733287618538684,0.778050849,189.609856,54.088684,243.698540,1,-0.034039776,-0.987183684,-0.155914600,0.482097588,0.654548941,0.095871153,-0.749916167,0.627786754,0.755253186,-0.127580894,0.642896929,0.153725393,0.000000000,0.000000000,0.000000000,1.000000000
9,1790733287564450000,RL_calflower1,1790733287374840144,1790733287618538684,0.778050849,189.609856,54.088684,243.698540,1,0.041805007,-0.987183684,-0.154014318,0.488647046,0.926877257,0.095871153,-0.362914762,0.651119552,0.373029327,-0.127580893,0.919006506,0.120643638,0.000000000,0.000000000,0.000000000,1.000000000
9,1790733287564450000,RL_foot,1790733287374840144,1790733287618538684,0.778050849,189.609856,54.088684,243.698540,1,-0.041789717,-0.987183684,-0.154018468,0.492899120,0.616250739,0.095871153,-0.781692779,0.666077640,0.786440771,-0.127580894,0.604346549,0.099022607,0.000000000,0.000000000,0.000000000,1.000000000
9,1790733287564450000,RR_hip,1790733287374840144,1790733287618538684,0.778050849,189.609856,54.088684,243.698540,1,0.098175925,-0.987842441,0.120534206,0.649828834,0.995056255,0.099265290,0.003050090,0.661930401,-0.014977825,0.119638837,0.992704858,0.348782917,0.000000000,0.000000000,0.000000000,1.000000000
9,1790733287564450000,RR_thigh,1790733287374840144,1790733287618538684,0.778050849,189.609856,54.088684,243.698540,1,-0.014880515,-0.987833535,0.154800426,0.744167703,0.705404004,0.099352392,0.701807769,0.652450574,-0.708649428,0.119640068,0.695343773,0.337357418,0.000000000,0.000000000,0.000000000,1.000000000
9,1790733287564450000,RR_calf,1790733287374840144,1790733287618538684,0.778050849,189.609856,54.088684,243.698540,1,0.155267235,-0.987849159,0.006768945,0.711460996,0.663434448,0.099195143,-0.741629900,0.504321054,0.731947503,0.119641542,0.670775279,0.190442610,0.000000000,0.000000000,0.000000000,1.000000000
9,1790733287564450000,RR_calflower,1790733287374840144,1790733287618538684,0.778050849,189.609856,54.088684,243.698540,1,0.154734886,-0.987849159,0.014520613,0.713537524,0.699671375,0.099195143,-0.707545152,0.626645529,0.697507968,0.119641542,0.706519113,0.106246964,0.000000000,0.000000000,0.000000000,1.000000000
9,1790733287564450000,RR_calflower1,1790733287374840144,1790733287618538684,0.778050849,189.609856,54.088684,243.698540,1,0.130543741,-0.987849159,0.084333058,0.711417833,0.947334574,0.099195143,-0.304495288,0.647823069,0.292430213,0.119641542,0.948773520,0.071201943,0.000000000,0.000000000,0.000000000,1.000000000
9,1790733287564450000,RR_foot,1790733287374840144,1790733287618538684,0.778050849,189.609856,54.088684,243.698540,1,0.155267235,-0.987849159,0.006768945,0.710006401,0.663434448,0.099195143,-0.741629900,0.661373495,0.731947503,0.119641542,0.670775279,0.048323091,0.000000000,0.000000000,0.000000000,1.000000000
10,1790733287628455000,FL_hip,1790733287618538684,1790733287690100692,0.138569561,9.916316,61.645692,71.562008,0,0.117562934,-0.993055112,-0.004493399,0.607652985,0.992844113,0.117440302,0.021638041,1.051741399,-0.020960008,-0.007005206,0.999756130,0.343380903,0.000000000,0.000000000,0.000000000,1.000000000
10,1790733287628455000,FL_thigh,1790733287618538684,1790733287690100692,0.138569561,9.916316,61.645692,71.562008,0,0.089708603,-0.993053813,0.076132660,0.512817373,0.717276847,0.117451279,0.686818014,1.062956812,-0.690989479,-0.007005421,0.722831362,0.342711918,0.000000000,0.000000000,0.000000000,1.000000000
10,1790733287628455000,FL_calf,1790733287618538684,1790733287690100692,0.138569561,9.916316,61.645692,71.562008,0,0.081029610,-0.993053884,-0.085310471,0.496599671,0.725853525,0.117450678,-0.677747638,0.916666279,0.683060141,-0.007005410,0.730329023,0.188752264,0.000000000,0.000000000,0.000000000,1.000000000
10,1790733287628455000,FL_calflower,1790733287618538684,1790733287690100692,0.138569561,9.916316,61.645692,71.562008,0,0.085192090,-0.993053884,-0.081154063,0.510847290,0.758819661,0.117450678,-0.640623074,1.031488850,0.645705256,-0.007005410,0.763555080,0.094326759,0.000000000,0.000000000,0.000000000,1.000000000
10,1790733287628455000,FL_calflower1,1790733287618538684,1790733287690100692,0.138569561,9.916316,61.645692,71.562008,0,0.113040208,-0.993053884,-0.032643308,0.513241701,0.968895581,0.117450678,-0.217822296,1.049525401,0.220143448,-0.007005410,0.975442720,0.057328284,0.000000000,0.000000000,0.000000000,1.000000000
10,1790733287628455000,FL_foot,1790733287618538684,1790733287690100692,0.138569561,9.916316,61.645692,71.562008,0,0.081029610,-0.993053884,-0.085310471,0.514772155,0.725853525,0.117450678,-0.677747638,1.061025089,0.683060141,-0.007005410,0.730329023,0.033195460,0.000000000,0.000000000,0.000000000,1.000000000
10,1790733287628455000,FR_hip,1790733287618538684,1790733287690100692,0.138569561,9.916316,61.645692,71.562008,0,0.117562934,-0.991835267,0.049411033,0.699913512,0.992844113,0.118441599,0.015232106,1.040732852,-0.020960008,0.047266623,0.998662735,0.339405368,0.000000000,0.000000000,0.000000000,1.000000000
10,1790733287628455000,FR_thigh,1790733287618538684,1790733287690100692,0.138569561,9.916316,61.645692,71.562008,0,0.010691535,-0.991787809,0.127445375,0.794556208,0.445242124,0.118842830,0.887488419,1.029430990,-0.895346660,0.047255338,0.442856642,0.334897318,0.000000000,0.000000000,0.000000000,1.000000000
10,1790733287628455000,FR_calf,1790733287618538684,1790733287690100692,0.138569561,9.916316,61.645692,71.562008,0,0.108914128,-0.991817516,-0.066598927,0.767348246,0.592899833,0.118591567,-0.796495882,0.840443728,0.797877147,0.047263064,0.600965037,0.240677458,0.000000000,0.000000000,0.000000000,1.000000000
10,1790733287628455000,FR_calflower,1790733287618538684,1790733287690100692,0.138569561,9.916316,61.645692,71.562008,0,0.112106573,-0.991817516,-0.061072258,0.779407059,0.631967065,0.118591567,-0.765867829,0.970177947,0.766844275,0.047263064,0.640091224,0.167749341,0.000000000,0.000000000,0.000000000,1.000000000
10,1790733287628455000,FR_calflower1,1790733287618538684,1790733287690100692,0.138569561,9.916316,61.645692,71.562008,0,0.127639858,-0.991817516,-0.002402302,0.780734719,0.914213392,0.118591567,-0.387491646,0.994492242,0.384606181,0.047263064,0.921870383,0.134504539,0.000000000,0.000000000,0.000000000,1.000000000
10,1790733287628455000,FR_foot,1790733287618538684,1790733287690100692,0.138569561,9.916316,61.645692,71.562008,0,0.108914128,-0.991817516,-0.066598927,0.781567315,0.592899833,0.118591567,-0.796495882,1.010090959,0.797877147,0.047263064,0.600965037,0.112774209,0.000000000,0.000000000,0.000000000,1.000000000
10,1790733287628455000,RL_hip,1790733287618538684,1790733287690100692,0.138569561,9.916316,61.645692,71.562008,0,0.117562934,-0.989743864,-0.081152509,0.562179642,0.992844113,0.115419091,0.030640867,0.667709296,-0.020960008,-0.084174196,0.996230946,0.351488234,0.000000000,0.000000000,0.000000000,1.000000000
10,1790733287628455000,RL_thigh,1790733287618538684,1790733287690100692,0.138569561,9.916316,61.645692,71.562008,0,0.129805927,-0.989649260,0.061191947,0.467762473,0.474701963,0.116208597,0.872441098,0.678719693,-0.870522182,-0.084200263,0.484873345,0.343454984,0.000000000,0.000000000,0.000000000,1.000000000
10,1790733287628455000,RL_calf,1790733287618538684,1790733287690100692,0.138569561,9.916316,61.645692,71.562008,0,-0.002489408,-0.989761730,-0.142706730,0.454590343,0.575698188,0.115267865,-0.809496620,0.493016981,0.817658779,-0.084171347,0.569517357,0.240356103,0.000000000,0.000000000,0.000000000,1.000000000
10,1790733287628455000,RL_calflower,1790733287618538684,1790733287690100692,0.138569561,9.916316,61.645692,71.562008,0,0.004646067,-0.989761730,-0.142652802,0.475637022,0.615436684,0.115267865,-0.779712043,0.624337807,0.788172914,-0.084171348,0.609671515,0.172493334,0.000000000,0.000000000,0.000000000,1.000000000
10,1790733287628455000,RL_calflower1,1790733287618538684,1790733287690100692,0.138569561,9.916316,61.645692,71.562008,0,0.069995131,-0.989761730,-0.124386854,0.481290943,0.905943998,0.115267865,-0.407404779,0.649372710,0.417571763,-0.084171347,0.904737377,0.140260115,0.000000000,0.000000000,0.000000000,1.000000000
10,1790733287628455000,RL_foot,1790733287618538684,1790733287690100692,0.138569561,9.916316,61.645692,71.562008,0,-0.002489408,-0.989761730,-0.142706730,0.484953315,0.575698188,0.115267865,-0.809496620,0.665442429,0.817658779,-0.084171347,0.569517357,0.119180039,0.000000000,0.000000000,0.000000000,1.000000000
10,1790733287628455000,RR_hip,1790733287618538684,1790733287690100692,0.138569561,9.916316,61.645692,71.562008,0,0.117562934,-0.983213904,0.139531593,0.654440169,0.992844113,0.119336600,0.004382399,0.656700749,-0.020960008,0.138017869,0.990208291,0.347512699,0.000000000,0.000000000,0.000000000,1.000000000
10,1790733287628455000,RR_thigh,1790733287618538684,1790733287690100692,0.138569561,9.916316,61.645692,71.562008,0,-0.001983845,-0.983212442,0.182452868,0.748334357,0.749374829,0.119348933,0.651301052,0.645304436,-0.662143200,0.138017623,0.736558370,0.334332362,0.000000000,0.000000000,0.000000000,1.000000000
10,1790733287628455000,RR_calf,1790733287618538684,1790733287690100692,0.138569561,9.916316,61.645692,71.562008,0,0.181816239,-0.983212412,0.015358958,0.709471021,0.704504439,0.119349181,-0.699592118,0.506578273,0.686015033,0.138017617,0.714377510,0.177451138,0.000000000,0.000000000,0.000000000,1.000000000
10,1790733287628455000,RR_calflower,1790733287618538684,1790733287690100692,0.138569561,9.916316,61.645692,71.562008,0,0.180821389,-0.983212412,0.024426788,0.710836044,0.738589025,0.119349181,-0.663507263,0.624207181,0.649453698,0.138017617,0.747771185,0.085446500,0.000000000,0.000000000,0.000000000,1.000000000
10,1790733287628455000,RR_calflower1,1790733287618538684,1790733287690100692,0.138569561,9.916316,61.645692,71.562008,0,0.149107872,-0.983212412,0.105165988,0.708051156,0.961518552,0.119349181,-0.247462543,0.643361451,0.230756972,0.138017618,0.963173438,0.049042336,0.000000000,0.000000000,0.000000000,1.000000000
10,1790733287628455000,RR_foot,1790733287618538684,1790733287690100692,0.138569561,9.916316,61.645692,71.562008,0,0.181816239,-0.983212412,0.015358958,0.706202040,0.704504439,0.119349181,-0.699592118,0.655590366,0.686015033,0.138017617,0.714377510,0.025293678,0.000000000,0.000000000,0.000000000,1.000000000
11,1790733287696454000,FL_hip,1790733287690100692,1790733287713884394,0.267128641,6.353308,17.430394,23.783702,0,0.122748626,-0.992417695,0.006291894,0.617627302,0.991346339,0.122908674,0.046105973,1.050605694,-0.046529643,0.000577846,0.998917095,0.340645220,0.000000000,0.000000000,0.000000000,1.000000000
11,1790733287696454000,FL_thigh,1790733287690100692,1790733287713884394,0.267128641,6.353308,17.430394,23.783702,0,0.085231691,-0.992417571,0.088558557,0.522852891,0.691566040,0.122909675,0.711779102,1.062343290,-0.717267135,0.000577799,0.696798556,0.340700407,0.000000000,0.000000000,0.000000000,1.000000000
11,1790733287696454000,FL_calf,1790733287690100692,1790733287713884394,0.267128641,6.353308,17.430394,23.783702,0,0.093131053,-0.992417612,-0.080209634,0.503989784,0.748892438,0.122909346,-0.651193731,0.910734482,0.656115088,0.000577814,0.754661091,0.192284745,0.000000000,0.000000000,0.000000000,1.000000000
11,1790733287696454000,FL_calflower,1790733287690100692,1790733287713884394,0.267128641,6.353308,17.430394,23.783702,0,0.097023474,-0.992417612,-0.075454780,0.517723515,0.780502640,0.122909346,-0.612950886,1.022089056,0.617577780,0.000577814,0.786510048,0.093718661,0.000000000,0.000000000,0.000000000,1.000000000
11,1790733287696454000,FL_calflower1,1790733287690100692,1790733287713884394,0.267128641,6.353308,17.430394,23.783702,0,0.120902776,-0.992417612,-0.022124587,0.519771487,0.975349833,0.122909346,-0.183264459,1.038802090,0.184594394,0.000577814,0.982814977,0.056083057,0.000000000,0.000000000,0.000000000,1.000000000
11,1790733287696454000,FL_foot,1790733287690100692,1790733287713884394,0.267128641,6.353308,17.430394,23.783702,0,0.093131053,-0.992417612,-0.080209634,0.521074545,0.748892438,0.122909346,-0.651193731,1.049438841,0.656115088,0.000577814,0.754661091,0.031544339,0.000000000,0.000000000,0.000000000,1.000000000
11,1790733287696454000,FR_hip,1790733287690100692,1790733287713884394,0.267128641,6.353308,17.430394,23.783702,0,0.122748626,-0.975199322,0.184170442,0.709686370,0.991346339,0.129184628,0.023315974,1.038919277,-0.046529643,0.179714640,0.982618107,0.334517140,0.000000000,0.000000000,0.000000000,1.000000000
11,1790733287696454000,FR_thigh,1790733287690100692,1790733287713884394,0.267128641,6.353308,17.430394,23.783702,0,-0.088822953,-0.975139531,0.203010033,0.802806769,0.514155870,0.129674656,0.847837302,1.026583624,-0.853085389,0.179686164,0.489856006,0.317356507,0.000000000,0.000000000,0.000000000,1.000000000
11,1790733287696454000,FR_calf,1790733287690100692,1790733287713884394,0.267128641,6.353308,17.430394,23.783702,0,0.220925379,-0.975240033,0.009927209,0.759574214,0.604161872,0.128858986,-0.786373741,0.846369067,0.765624463,0.179727508,0.617671360,0.213268220,0.000000000,0.000000000,0.000000000,1.000000000
11,1790733287696454000,FR_calflower,1790733287690100692,1790733287713884394,0.267128641,6.353308,17.430394,23.783702,0,0.220153126,-0.975240033,0.020956469,0.762481841,0.642709134,0.128858986,-0.755195470,0.974726532,0.733796930,0.179727508,0.655164706,0.137252075,0.000000000,0.000000000,0.000000000,1.000000000
11,1790733287696454000,FR_calflower1,1790733287690100692,1790733287713884394,0.267128641,6.353308,17.430394,23.783702,0,0.185597444,-0.975240033,0.120250411,0.759438135,0.918813280,0.128858986,-0.373064854,0.998487355,0.348332734,0.179727508,0.919979909,0.103743392,0.000000000,0.000000000,0.000000000,1.000000000
11,1790733287696454000,FR_foot,1790733287690100692,1790733287713884394,0.267128641,6.353308,17.430394,23.783702,0,0.220925379,-0.975240033,0.009927209,0.757411717,0.604161872,0.128858986,-0.786373741,1.013724923,0.765624463,0.179727508,0.617671360,0.081850240,0.000000000,0.000000000,0.000000000,1.000000000
11,1790733287696454000,RL_hip,1790733287690100692,1790733287713884394,0.267128641,6.353308,17.430394,23.783702,0,0.122748626,-0.989436232,0.077125949,0.570148134,0.991346339,0.125886628,0.037213703,0.667152931,-0.046529643,0.071890483,0.996326982,0.358642886,0.000000000,0.000000000,0.000000000,1.000000000
11,1790733287696454000,RL_thigh,1790733287690100692,1790733287713884394,0.267128641,6.353308,17.430394,23.783702,0,0.014010506,-0.989325255,0.145048063,0.475692541,0.573448289,0.126785729,0.809371550,0.679170562,-0.819122162,0.071837745,0.569103617,0.365505496,0.000000000,0.000000000,0.000000000,1.000000000
11,1790733287696454000,RL_calf,1790733287690100692,1790733287713884394,0.267128641,6.353308,17.430394,23.783702,0,0.134666103,-0.989537848,-0.051764683,0.444724421,0.621838625,0.125068287,-0.773094118,0.507165192,0.771480520,0.071920179,0.632175608,0.244622281,0.000000000,0.000000000,0.000000000,1.000000000
11,1790733287696454000,RL_calflower,1790733287690100692,1790733287713884394,0.267128641,6.353308,17.430394,23.783702,0,0.137084961,-0.989537848,-0.044969491,0.454960121,0.659700090,0.125068287,-0.741048974,0.633807862,0.738920759,0.071920179,0.669943508,0.166672853,0.000000000,0.000000000,0.000000000,1.000000000
11,1790733287696454000,RL_calflower1,1790733287690100692,1790733287713884394,0.267128641,6.353308,17.430394,23.783702,0,0.142359639,-0.989537848,0.023415270,0.455370080,0.927351614,0.125068287,-0.352670914,0.656815218,0.346053001,0.071920179,0.935454709,0.132562699,0.000000000,0.000000000,0.000000000,1.000000000
11,1790733287696454000,RL_foot,1790733287690100692,1790733287713884394,0.267128641,6.353308,17.430394,23.783702,0,0.134666103,-0.989537848,-0.051764683,0.455602090,0.621838625,0.125068287,-0.773094118,0.671560527,0.771480520,0.071920179,0.632175608,0.110278763,0.000000000,0.000000000,0.000000000,1.000000000
11,1790733287696454000,RR_hip,1790733287690100692,1790733287713884394,0.267128641,6.353308,17.430394,23.783702,0,0.122748626,-0.982163785,0.142431630,0.662207202,0.991346339,0.128073270,0.028801741,0.655466514,-0.046529643,0.137663626,0.989385882,0.352514806,0.000000000,0.000000000,0.000000000,1.000000000
11,1790733287696454000,RR_thigh,1790733287690100692,1790733287713884394,0.267128641,6.353308,17.430394,23.783702,0,-0.001409269,-0.982164081,0.188019750,0.756001306,0.727122142,0.128070877,0.674456157,0.643235847,-0.686506803,0.137663739,0.713973254,0.339368279,0.000000000,0.000000000,0.000000000,1.000000000
11,1790733287696454000,RR_calf,1790733287690100692,1790733287713884394,0.267128641,6.353308,17.430394,23.783702,0,0.187407242,-0.982164056,0.015231147,0.715954046,0.726098360,0.128071081,-0.675558167,0.499576800,0.661558744,0.137663729,0.737149530,0.187296255,0.000000000,0.000000000,0.000000000,1.000000000
11,1790733287696454000,RR_calflower,1790733287690100692,1790733287713884394,0.267128641,6.353308,17.430394,23.783702,0,0.186411791,-0.982164056,0.024578571,0.717448070,0.758954761,0.128071081,-0.638424103,0.614081461,0.623889847,0.137663729,0.769292442,0.091431796,0.000000000,0.000000000,0.000000000,1.000000000
11,1790733287696454000,RR_calflower1,1790733287690100692,1790733287713884394,0.267128641,6.353308,17.430394,23.783702,0,0.153996440,-0.982164056,0.107882151,0.714600907,0.967999976,0.128071081,-0.215809434,0.632028908,0.198143897,0.137663729,0.970457829,0.054422189,0.000000000,0.000000000,0.000000000,1.000000000
11,1790733287696454000,RR_foot,1790733287690100692,1790733287713884394,0.267128641,6.353308,17.430394,23.783702,0,0.187407242,-0.982164056,0.015231147,0.712710062,0.726098360,0.128071081,-0.675558167,0.643470825,0.661558744,0.137663729,0.737149530,0.030287536,0.000000000,0.000000000,0.000000000,1.000000000
12,1790733287764452000,FL_hip,1790733287713884394,1790733287783779694,0.723476486,50.567606,19.327694,69.895300,0,0.129574632,-0.991444536,-0.015742892,0.633441633,0.990558287,0.128709552,0.047201707,1.058354858,-0.044771547,-0.021710560,0.998761666,0.346346369,0.000000000,0.000000000,0.000000000,1.000000000
12,1790733287764452000,FL_thigh,1790733287713884394,1790733287783779694,0.723476486,50.567606,19.327694,69.895300,0,0.106152567,-0.991447272,0.075918582,0.538760176,0.698427359,0.128688629,0.704015859,1.070646426,-0.707764799,-0.021709641,0.706114996,0.344273041,0.000000000,0.000000000,0.000000000,1.000000000
12,1790733287764452000,FL_calf,1790733287713884394,1790733287783779694,0.723476486,50.567606,19.327694,69.895300,0,0.081962613,-0.991446580,-0.101565252,0.522592975,0.743411241,0.128693920,-0.656336401,0.920695013,0.663793757,-0.021709868,0.747600987,0.193877313,0.000000000,0.000000000,0.000000000,1.000000000
12,1790733287764452000,FL_calflower,1790733287713884394,1790733287783779694,0.723476486,50.567606,19.327694,69.895300,0,0.086936328,-0.991446580,-0.097341898,0.539261770,0.775285319,0.128693920,-0.618361075,1.032699567,0.625599712,-0.021709868,0.779842541,0.096511204,0.000000000,0.000000000,0.000000000,1.000000000
12,1790733287764452000,FL_calflower1,1790733287713884394,1790733287783779694,0.723476486,50.567606,19.327694,69.895300,0,0.122062543,-0.991446580,-0.046196384,0.542285735,0.973220409,0.128693920,-0.190472518,1.049680954,0.194788722,-0.021709868,0.980605293,0.059062670,0.000000000,0.000000000,0.000000000,1.000000000
12,1790733287764452000,FL_foot,1790733287713884394,1790733287783779694,0.723476486,50.567606,19.327694,69.895300,0,0.081962613,-0.991446580,-0.101565252,0.544223689,0.743411241,0.128693920,-0.656336401,1.060492878,0.663793757,-0.021709868,0.747600987,0.034643189,0.000000000,0.000000000,0.000000000,1.000000000
12,1790733287764452000,FR_hip,1790733287713884394,1790733287783779694,0.723476486,50.567606,19.327694,69.895300,0,0.129574632,-0.969460887,0.208220305,0.725445100,0.990558287,0.136038158,0.016963765,1.046059518,-0.044771547,0.204056244,0.977935204,0.340585776,0.000000000,0.000000000,0.000000000,1.000000000
12,1790733287764452000,FR_thigh,1790733287713884394,1790733287783779694,0.723476486,50.567606,19.327694,69.895300,0,-0.061657459,-0.969454120,0.237395784,0.818028439,0.670015624,0.136089164,0.729766177,1.033067898,-0.739782206,0.204054381,0.641158953,0.321098442,0.000000000,0.000000000,0.000000000,1.000000000
12,1790733287764452000,FR_calf,1790733287713884394,1790733287783779694,0.723476486,50.567606,19.327694,69.895300,0,0.238710887,-0.969467471,0.056121541,0.767525270,0.713798763,0.135987102,-0.687021618,0.877848802,0.658413772,0.204058995,0.724466657,0.184719867,0.000000000,0.000000000,0.000000000,1.000000000
12,1790733287764452000,FR_calflower,1790733287713884394,1790733287783779694,0.723476486,50.567606,19.327694,69.895300,0,0.235607653,-0.969467471,0.067981975,0.763991447,0.747243470,0.135987102,-0.650487951,0.993640676,0.621382685,0.204058995,0.756468236,0.090797097,0.000000000,0.000000000,0.000000000,1.000000000
12,1790733287764452000,FR_calflower1,1790733287713884394,1790733287783779694,0.723476486,50.567606,19.327694,69.895300,0,0.177590131,-0.969467471,0.169098374,0.758921931,0.963182954,0.135987102,-0.231918037,1.012161116,0.201842008,0.204058995,0.957925068,0.054375327,0.000000000,0.000000000,0.000000000,1.000000000
12,1790733287764452000,FR_foot,1790733287713884394,1790733287783779694,0.723476486,50.567606,19.327694,69.895300,0,0.238710887,-0.969467471,0.056121541,0.755579043,0.713798763,0.135987102,-0.687021618,1.023977451,0.658413772,0.204058995,0.724466657,0.030622400,0.000000000,0.000000000,0.000000000,1.000000000
12,1790733287764452000,RL_hip,1790733287713884394,1790733287783779694,0.723476486,50.567606,19.327694,69.895300,0,0.129574632,-0.986489353,0.100244020,0.583322166,0.990558287,0.133344285,0.031834755,0.675206912,-0.044771547,0.095172472,0.994453828,0.363664004,0.000000000,0.000000000,0.000000000,1.000000000
12,1790733287764452000,RL_thigh,1790733287713884394,1790733287783779694,0.723476486,50.567606,19.327694,69.895300,0,0.026931432,-0.986516893,0.161427412,0.489118338,0.705714312,0.133134554,0.695875254,0.687940492,-0.707984610,0.095180622,0.699785072,0.372752382,0.000000000,0.000000000,0.000000000,1.000000000
12,1790733287764452000,RL_calf,1790733287713884394,1790733287783779694,0.723476486,50.567606,19.327694,69.895300,0,0.162609184,-0.986468934,-0.020904248,0.454791094,0.722702729,0.133500830,-0.678143173,0.539822281,0.671758370,0.095164655,0.734632620,0.223809697,0.000000000,0.000000000,0.000000000,1.000000000
12,1790733287764452000,RL_calflower,1790733287713884394,1790733287783779694,0.723476486,50.567606,19.327694,69.895300,0,0.163450742,-0.986468934,-0.012751051,0.461153919,0.755692572,0.133500830,-0.641175589,0.654593100,0.634202519,0.095164656,0.767288446,0.128560401,0.000000000,0.000000000,0.000000000,1.000000000
12,1790733287764452000,RL_calflower1,1790733287713884394,1790733287783779694,0.723476486,50.567606,19.327694,69.895300,0,0.150868148,-0.986468934,0.064168032,0.460033273,0.966377009,0.133500830,-0.219756399,0.672675510,0.208216589,0.095164655,0.973442472,0.091543451,0.000000000,0.000000000,0.000000000,1.000000000
12,1790733287764452000,RL_foot,1790733287713884394,1790733287783779694,0.723476486,50.567606,19.327694,69.895300,0,0.162609184,-0.986468934,-0.020904248,0.459266796,0.722702729,0.133500830,-0.678143173,0.684205761,0.671758370,0.095164655,0.734632620,0.067401568,0.000000000,0.000000000,0.000000000,1.000000000
12,1790733287764452000,RR_hip,1790733287713884394,1790733287783779694,0.723476486,50.567606,19.327694,69.895300,0,0.129574632,-0.985073269,0.113317081,0.675325633,0.990558287,0.133754721,0.030063672,0.662911572,-0.044771547,0.108351596,0.993104298,0.357903411,0.000000000,0.000000000,0.000000000,1.000000000
12,1790733287764452000,RR_thigh,1790733287713884394,1790733287783779694,0.723476486,50.567606,19.327694,69.895300,0,0.025769279,-0.985078571,0.170164169,0.769396889,0.737077850,0.133714239,0.662447443,0.650138437,-0.675316482,0.108353359,0.729525808,0.347556199,0.000000000,0.000000000,0.000000000,1.000000000
12,1790733287764452000,RR_calf,1790733287713884394,1790733287783779694,0.723476486,50.567606,19.327694,69.895300,0,0.171813980,-0.985073331,-0.010496636,0.733159913,0.725625675,0.133754245,-0.674964482,0.509043392,0.666293942,0.108351617,0.737775722,0.192179621,0.000000000,0.000000000,0.000000000,1.000000000
12,1790733287764452000,RR_calflower,1790733287713884394,1790733287783779694,0.723476486,50.567606,19.327694,69.895300,0,0.172123870,-0.985073331,-0.001896398,0.738150003,0.758452996,0.133754245,-0.637854784,0.623450749,0.628587831,0.108351617,0.770154512,0.096317821,0.000000000,0.000000000,0.000000000,1.000000000
12,1790733287764452000,RR_calflower1,1790733287713884394,1790733287783779694,0.723476486,50.567606,19.327694,69.895300,0,0.153548716,-0.985073331,0.077801124,0.736504757,0.967292013,0.133754245,-0.215536156,0.641380448,0.201912899,0.108351617,0.973391912,0.059227011,0.000000000,0.000000000,0.000000000,1.000000000
12,1790733287764452000,RR_foot,1790733287713884394,1790733287783779694,0.723476486,50.567606,19.327694,69.895300,0,0.171813980,-0.985073331,-0.010496636,0.735396231,0.725625675,0.133754245,-0.674964482,0.652810990,0.666293942,0.108351617,0.737775722,0.035038585,0.000000000,0.000000000,0.000000000,1.000000000
13,1790733287828455000,FL_hip,1790733287783779694,1790733288198705818,0.107670507,44.675306,370.250818,414.926124,1,0.135153425,-0.989995244,-0.040529606,0.634794125,0.989906495,0.133154948,0.048525907,1.058036825,-0.042643638,-0.046679122,0.997999645,0.343168378,0.000000000,0.000000000,0.000000000,1.000000000
13,1790733287828455000,FL_thigh,1790733287783779694,1790733288198705818,0.107670507,44.675306,370.250818,414.926124,1,0.127356247,-0.989995864,0.060731021,0.540250325,0.700879120,0.133150412,0.700741964,1.070753022,-0.701818347,-0.046678922,0.710825434,0.338710559,0.000000000,0.000000000,0.000000000,1.000000000
13,1790733287828455000,FL_calf,1790733287783779694,1790733288198705818,0.107670507,44.675306,370.250818,414.926124,1,0.068326314,-0.989994943,-0.123455291,0.527315242,0.741843134,0.133157156,-0.657219757,0.921495357,0.667083637,-0.046679216,0.743519458,0.187306422,0.000000000,0.000000000,0.000000000,1.000000000
13,1790733287828455000,FL_calflower,1790733287783779694,1790733288198705818,0.107670507,44.675306,370.250818,414.926124,1,0.074411117,-0.989994943,-0.119886112,0.546953366,0.773763321,0.133157156,-0.619321700,1.033600673,0.629089472,-0.046679216,0.775930538,0.090608013,0.000000000,0.000000000,0.000000000,1.000000000
13,1790733287828455000,FL_calflower1,1790733287783779694,1790733288198705818,0.107670507,44.675306,370.250818,414.926124,1,0.121363193,-0.989994943,-0.071976868,0.551004727,0.972314001,0.133157156,-0.192027415,1.050635905,0.199690604,-0.046679216,0.978746865,0.053280211,0.000000000,0.000000000,0.000000000,1.000000000
13,1790733287828455000,FL_foot,1790733287783779694,1790733288198705818,0.107670507,44.675306,370.250818,414.926124,1,0.068326314,-0.989994943,-0.123455291,0.553611478,0.741843134,0.133157156,-0.657219757,1.061483091,0.667083637,-0.046679216,0.743519458,0.028938094,0.000000000,0.000000000,0.000000000,1.000000000
13,1790733287828455000,FR_hip,1790733287783779694,1790733288198705818,0.107670507,44.675306,370.250818,414.926124,1,0.135153425,-0.972233768,0.191035950,0.726835929,0.989906495,0.140792983,0.016196905,1.045302560,-0.042643638,0.186918639,0.981449772,0.339277029,0.000000000,0.000000000,0.000000000,1.000000000
13,1790733287828455000,FR_thigh,1790733287783779694,1790733288198705818,0.107670507,44.675306,370.250818,414.926124,1,-0.037902383,-0.972233857,0.230920806,0.819683464,0.693472043,0.140792331,0.706593177,1.031856944,-0.719486064,0.186918668,0.668881101,0.321426454,0.000000000,0.000000000,0.000000000,1.000000000
13,1790733287828455000,FR_calf,1790733287783779694,1790733288198705818,0.107670507,44.675306,370.250818,414.926124,1,0.229059520,-0.972235056,0.047858270,0.770497681,0.735920335,0.140783574,-0.662269672,0.881352612,0.637144585,0.186919027,0.747735761,0.178956036,0.000000000,0.000000000,0.000000000,1.000000000
13,1790733287828455000,FR_calflower,1790733287783779694,1790733288198705818,0.107670507,44.675306,370.250818,414.926124,1,0.226381339,-0.972235056,0.059246664,0.767994976,0.768100314,0.140783574,-0.624661321,0.994085904,0.598977108,0.186919027,0.778645243,0.081036082,0.000000000,0.000000000,0.000000000,1.000000000
13,1790733287828455000,FR_calflower1,1790733287783779694,1790733288198705818,0.107670507,44.675306,370.250818,414.926124,1,0.173440222,-0.972235056,0.157089678,0.763361243,0.969756668,0.140783574,-0.199378691,1.011391200,0.171727496,0.186919027,0.967249532,0.043901239,0.000000000,0.000000000,0.000000000,1.000000000
13,1790733287828455000,FR_foot,1790733287783779694,1790733288198705818,0.107670507,44.675306,370.250818,414.926124,1,0.229059520,-0.972235056,0.047858270,0.760302914,0.735920335,0.140783574,-0.662269672,1.022414774,0.637144585,0.186919027,0.747735761,0.019691583,0.000000000,0.000000000,0.000000000,1.000000000
13,1790733287828455000,RL_hip,1790733287783779694,1790733288198705818,0.107670507,44.675306,370.250818,414.926124,1,0.135153425,-0.988231895,0.071630684,0.582516781,0.989906495,0.137786565,0.033164234,0.675140992,-0.042643638,0.066425327,0.996880087,0.359662937,0.000000000,0.000000000,0.000000000,1.000000000
13,1790733287828455000,RL_thigh,1790733287783779694,1790733288198705818,0.107670507,44.675306,370.250818,414.926124,1,0.054074140,-0.988232701,0.143079690,0.488141906,0.720934729,0.137780659,0.679168226,0.688299432,-0.690890208,0.066425587,0.719902128,0.366006476,0.000000000,0.000000000,0.000000000,1.000000000
13,1790733287828455000,RL_calf,1790733287783779694,1790733288198705818,0.107670507,44.675306,370.250818,414.926124,1,0.146953146,-0.988232165,-0.042445745,0.457666984,0.734717459,0.137784583,-0.664233045,0.543636942,0.662265283,0.066425413,0.746319684,0.212669829,0.000000000,0.000000000,0.000000000,1.000000000
13,1790733287828455000,RL_calflower,1790733287783779694,1790733288198705818,0.107670507,44.675306,370.250818,414.926124,1,0.148890896,-0.988232165,-0.035048103,0.466887866,0.766997069,0.137784583,-0.626682358,0.656637823,0.624137186,0.066425413,0.778486448,0.115461105,0.000000000,0.000000000,0.000000000,1.000000000
13,1790733287828455000,RL_calflower1,1790733287783779694,1790733288198705818,0.107670507,44.675306,370.250818,414.926124,1,0.148249953,-0.988232165,0.037667226,0.466800877,0.969711369,0.137784583,-0.201680795,0.674035163,0.194117685,0.066425413,0.978727082,0.078080781,0.000000000,0.000000000,0.000000000,1.000000000
13,1790733287828455000,RL_foot,1790733287783779694,1790733288198705818,0.107670507,44.675306,370.250818,414.926124,1,0.146953146,-0.988232165,-0.042445745,0.466707770,0.734717459,0.137784583,-0.664233045,0.685118649,0.662265283,0.066425413,0.746319684,0.053705856,0.000000000,0.000000000,0.000000000,1.000000000
13,1790733287828455000,RR_hip,1790733287783779694,1790733288198705818,0.107670507,44.675306,370.250818,414.926124,1,0.135153425,-0.987007510,0.086887330,0.674558585,0.989906495,0.138282412,0.031031891,0.662406727,-0.042643638,0.081816182,0.995735078,0.355771588,0.000000000,0.000000000,0.000000000,1.000000000
13,1790733287828455000,RR_thigh,1790733287783779694,1790733288198705818,0.107670507,44.675306,370.250818,414.926124,1,0.048270089,-0.987008637,0.153243692,0.768817027,0.740913435,0.138274145,0.657211849,0.649200866,-0.669863744,0.081816552,0.737962959,0.347958204,0.000000000,0.000000000,0.000000000,1.000000000
13,1790733287828455000,RR_calf,1790733287783779694,1790733288198705818,0.107670507,44.675306,370.250818,414.926124,1,0.157210759,-0.987007281,-0.033182609,0.736177623,0.725989719,0.138284089,-0.673658898,0.509215814,0.669495323,0.081816110,0.738297263,0.190774690,0.000000000,0.000000000,0.000000000,1.000000000
13,1790733287828455000,RR_calflower,1790733287783779694,1790733288198705818,0.107670507,44.675306,370.250818,414.926124,1,0.158672725,-0.987007281,-0.025283876,0.744233120,0.758751333,0.138284089,-0.636532637,0.623437081,0.631759145,0.081816110,0.770835404,0.094897367,0.000000000,0.000000000,0.000000000,1.000000000
13,1790733287828455000,RR_calflower1,1790733287783779694,1790733288198705818,0.107670507,44.675306,370.250818,414.926124,1,0.152417469,-0.987007281,0.050845091,0.743657806,0.966946097,0.138284088,-0.214225651,0.641310872,0.204411416,0.081816110,0.975460306,0.057746669,0.000000000,0.000000000,0.000000000,1.000000000
13,1790733287828455000,RR_foot,1790733287783779694,1790733288198705818,0.107670507,44.675306,370.250818,414.926124,1,0.157210759,-0.987007281,-0.033182609,0.743245870,0.725989719,0.138284089,-0.673658898,0.652705113,0.669495323,0.081816110,0.738297263,0.033518650,0.000000000,0.000000000,0.000000000,1.000000000
14,1790733287896454000,FL_hip,1790733287783779694,1790733288198705818,0.271552692,112.674306,302.251818,414.926124,1,0.128191489,-0.990498385,-0.049795319,0.634334530,0.989481510,0.124343718,0.073924660,1.063706232,-0.067030455,-0.058748223,0.996020218,0.342037376,0.000000000,0.000000000,0.000000000,1.000000000
14,1790733287896454000,FL_thigh,1790733287783779694,1790733288198705818,0.271552692,112.674306,302.251818,414.926124,1,0.128476740,-0.990499595,0.049030222,0.539743469,0.684385205,0.124334383,0.718441178,1.075580865,-0.717712174,-0.058747585,0.693857815,0.336427015,0.000000000,0.000000000,0.000000000,1.000000000
14,1790733287896454000,FL_calf,1790733287783779694,1790733288198705818,0.271552692,112.674306,302.251818,414.926124,1,0.056947063,-0.990497797,-0.125183185,0.529301287,0.759671560,0.124348262,-0.638307531,0.922553758,0.647808963,-0.058748529,0.759534639,0.188638750,0.000000000,0.000000000,0.000000000,1.000000000
14,1790733287896454000,FL_calflower,1790733287783779694,1790733288198705818,0.271552692,112.674306,302.251818,414.926124,1,0.063132445,-0.990497797,-0.122180572,0.548967771,0.790624249,0.124348262,-0.599542059,1.032216604,0.609038460,-0.058748529,0.790962373,0.089185452,0.000000000,0.000000000,0.000000000,1.000000000
14,1790733287896454000,FL_calflower1,1790733287783779694,1790733288198705818,0.271552692,112.674306,302.251818,414.926124,1,0.112418602,-0.990497797,-0.079220298,0.553223720,0.978135732,0.124348262,-0.166696949,1.048292056,0.174964070,-0.058748529,0.982820886,0.051457219,0.000000000,0.000000000,0.000000000,1.000000000
14,1790733287896454000,FL_foot,1790733287783779694,1790733288198705818,0.271552692,112.674306,302.251818,414.926124,1,0.056947063,-0.990497797,-0.125183185,0.555965818,0.759671560,0.124348262,-0.638307531,1.058513183,0.647808963,-0.058748529,0.759534639,0.026860589,0.000000000,0.000000000,0.000000000,1.000000000
14,1790733287896454000,FR_hip,1790733287783779694,1790733288198705818,0.271552692,112.674306,302.251818,414.926124,1,0.128191489,-0.974091073,0.186314805,0.726491582,0.989481510,0.138318802,0.042357108,1.051566916,-0.067030455,0.178925212,0.981576995,0.339085676,0.000000000,0.000000000,0.000000000,1.000000000
14,1790733287896454000,FR_thigh,1790733287783779694,1790733288198705818,0.271552692,112.674306,302.251818,414.926124,1,-0.039582611,-0.974091247,0.222663743,0.819515648,0.674678878,0.138317460,0.725035562,1.038357702,-0.737049449,0.178925303,0.651724294,0.321998622,0.000000000,0.000000000,0.000000000,1.000000000
14,1790733287896454000,FR_calf,1790733287783779694,1790733288198705818,0.271552692,112.674306,302.251818,414.926124,1,0.220618842,-0.974093586,0.049685977,0.772088974,0.754987681,0.138299437,-0.640988878,0.883925228,0.617512065,0.178926502,0.765940511,0.183183936,0.000000000,0.000000000,0.000000000,1.000000000
14,1790733287896454000,FR_calflower,1790733287783779694,1790733288198705818,0.271552692,112.674306,302.251818,414.926124,1,0.217859862,-0.974093586,0.060650229,0.769146022,0.786080235,0.138299438,-0.602454151,0.993889320,0.578459265,0.178926502,0.795846025,0.082179240,0.000000000,0.000000000,0.000000000,1.000000000
14,1790733287896454000,FR_calflower1,1790733287783779694,1790733288198705818,0.271552692,112.674306,302.251818,414.926124,1,0.165233578,-0.974093586,0.154399592,0.764541299,0.975449958,0.138299437,-0.171378291,1.010126407,0.145585310,0.178926502,0.973031826,0.044562331,0.000000000,0.000000000,0.000000000,1.000000000
14,1790733287896454000,FR_foot,1790733287783779694,1790733288198705818,0.271552692,112.674306,302.251818,414.926124,1,0.220618842,-0.974093586,0.049685977,0.761503872,0.754987681,0.138299437,-0.640988878,1.020453390,0.617512065,0.178926502,0.765940511,0.020045383,0.000000000,0.000000000,0.000000000,1.000000000
14,1790733287896454000,RL_hip,1790733287783779694,1790733288198705818,0.271552692,112.674306,302.251818,414.926124,1,0.128191489,-0.989819226,0.061842747,0.584750062,0.989481510,0.131864318,0.059481235,0.680974784,-0.067030455,0.053567169,0.996312294,0.367964756,0.000000000,0.000000000,0.000000000,1.000000000
14,1790733287896454000,RL_thigh,1790733287783779694,1790733288198705818,0.271552692,112.674306,302.251818,414.926124,1,0.055473725,-0.989820800,0.131061560,0.490224947,0.704070935,0.131852163,0.697781484,0.693567478,-0.707959715,0.053568000,0.704218873,0.373080285,0.000000000,0.000000000,0.000000000,1.000000000
14,1790733287896454000,RL_calf,1790733287783779694,1790733288198705818,0.271552692,112.674306,302.251818,414.926124,1,0.135124816,-0.989819754,-0.044696992,0.462310955,0.752441629,0.131860239,-0.645324993,0.544940871,0.644649638,0.053567446,0.762599556,0.223086823,0.000000000,0.000000000,0.000000000,1.000000000
14,1790733287896454000,RL_calflower,1790733287783779694,1790733288198705818,0.271552692,112.674306,302.251818,414.926124,1,0.137189864,-0.989819754,-0.037887706,0.471628274,0.783754080,0.131860239,-0.606912097,0.655497952,0.605729902,0.053567447,0.793865559,0.123117719,0.000000000,0.000000000,0.000000000,1.000000000
14,1790733287896454000,RL_calflower1,1790733287783779694,1790733288198705818,0.271552692,112.674306,302.251818,414.926124,1,0.139182467,-0.989819754,0.029745219,0.471771866,0.975445258,0.131860239,-0.176406635,0.671936956,0.170688764,0.053567447,0.983868174,0.085306838,0.000000000,0.000000000,0.000000000,1.000000000
14,1790733287896454000,RL_foot,1790733287783779694,1790733288198705818,0.271552692,112.674306,302.251818,414.926124,1,0.135124816,-0.989819754,-0.044696992,0.471831055,0.752441629,0.131860239,-0.645324993,0.682395345,0.644649638,0.053567446,0.762599556,0.060657474,0.000000000,0.000000000,0.000000000,1.000000000
14,1790733287896454000,RR_hip,1790733287783779694,1790733288198705818,0.271552692,112.674306,302.251818,414.926124,1,0.128191489,-0.988699362,0.077718705,0.676907114,0.989481510,0.132801851,0.057357510,0.668835468,-0.067030455,0.069548390,0.995324394,0.365013056,0.000000000,0.000000000,0.000000000,1.000000000
14,1790733287896454000,RR_thigh,1790733287783779694,1790733288198705818,0.271552692,112.674306,302.251818,414.926124,1,0.049087840,-0.988701565,0.141630799,0.771326305,0.725217386,0.132784838,0.675594408,0.656153106,-0.686767996,0.069549560,0.723542181,0.358371294,0.000000000,0.000000000,0.000000000,1.000000000
14,1790733287896454000,RR_calf,1790733287783779694,1790733288198705818,0.271552692,112.674306,302.251818,414.926124,1,0.145830975,-0.988698915,-0.034748607,0.741161980,0.744478643,0.132805301,-0.654304345,0.512253860,0.651525257,0.069548157,0.755432726,0.204262119,0.000000000,0.000000000,0.000000000,1.000000000
14,1790733287896454000,RR_calflower,1790733287783779694,1790733288198705818,0.271552692,112.674306,302.251818,414.926124,1,0.147385430,-0.988698915,-0.027416670,0.749221911,0.776249826,0.132805301,-0.616278211,0.623980430,0.612955120,0.069548157,0.787051323,0.105490163,0.000000000,0.000000000,0.000000000,1.000000000
14,1790733287896454000,RR_calflower1,1790733287783779694,1790733288198705818,0.271552692,112.674306,302.251818,414.926124,1,0.143390575,-0.988698915,0.043741076,0.748844837,0.973114099,0.132805300,-0.188179639,0.640869075,0.180244168,0.069548157,0.981160437,0.067879196,0.000000000,0.000000000,0.000000000,1.000000000
14,1790733287896454000,RR_foot,1790733287783779694,1790733288198705818,0.271552692,112.674306,302.251818,414.926124,1,0.145830975,-0.988698915,-0.034748607,0.748564138,0.744478643,0.132805301,-0.654304345,0.651620664,0.651525257,0.069548157,0.755432726,0.043357585,0.000000000,0.000000000,0.000000000,1.000000000
15,1790733287964452000,FL_hip,1790733287783779694,1790733288198705818,0.435432467,180.672306,234.253818,414.926124,1,0.134202246,-0.988562983,-0.068794344,0.634254947,0.988209354,0.128344731,0.083485212,1.069724524,-0.073700936,-0.079187275,0.994131913,0.340039517,0.000000000,0.000000000,0.000000000,1.000000000
15,1790733287964452000,FL_thigh,1790733287783779694,1790733288198705818,0.435432467,180.672306,234.253818,414.926124,1,0.145722987,-0.988564557,0.038789232,0.539849086,0.677913995,0.128333144,0.723852953,1.081981199,-0.720553656,-0.079186409,0.688863306,0.332477286,0.000000000,0.000000000,0.000000000,1.000000000
15,1790733287964452000,FL_calf,1790733287783779694,1790733288198705818,0.435432467,180.672306,234.253818,414.926124,1,0.048062004,-0.988562217,-0.142949161,0.531588466,0.765814207,0.128350371,-0.630122734,0.927801623,0.641263552,-0.079187695,0.763224134,0.185753707,0.000000000,0.000000000,0.000000000,1.000000000
15,1790733287964452000,FL_calflower,1790733287783779694,1790733288198705818,0.435432467,180.672306,234.253818,414.926124,1,0.055146419,-0.988562217,-0.140368413,0.553706681,0.796350150,0.128350371,-0.591060487,1.036375966,0.602316831,-0.079187695,0.794320122,0.085623866,0.000000000,0.000000000,0.000000000,1.000000000
15,1790733287964452000,FL_calflower1,1790733287783779694,1790733288198705818,0.435432467,180.672306,234.253818,414.926124,1,0.113733804,-0.988562217,-0.099040601,0.558770001,0.979297964,0.128350371,-0.156529736,1.052054906,0.167451480,-0.079187695,0.982695285,0.047828697,0.000000000,0.000000000,0.000000000,1.000000000
15,1790733287964452000,FL_foot,1790733287783779694,1790733288198705818,0.435432467,180.672306,234.253818,414.926124,1,0.048062004,-0.988562217,-0.142949161,0.562037214,0.765814207,0.128350371,-0.630122734,1.062017697,0.641263552,-0.079187695,0.763224134,0.023190355,0.000000000,0.000000000,0.000000000,1.000000000
15,1790733287964452000,FR_hip,1790733287783779694,1790733288198705818,0.435432467,180.672306,234.253818,414.926124,1,0.134202246,-0.975986711,0.171579057,0.726388526,0.988209354,0.144686957,0.050078292,1.057120152,-0.073700936,0.162835395,0.983897108,0.338802093,0.000000000,0.000000000,0.000000000,1.000000000
15,1790733287964452000,FR_thigh,1790733287783779694,1790733288198705818,0.435432467,180.672306,234.253818,414.926124,1,-0.024991772,-0.975986937,0.216389892,0.819593224,0.668227813,0.144685291,0.729751762,1.043302849,-0.743536996,0.162835520,0.648566144,0.323251653,0.000000000,0.000000000,0.000000000,1.000000000
15,1790733287964452000,FR_calf,1790733287783779694,1790733288198705818,0.435432467,180.672306,234.253818,414.926124,1,0.214932817,-0.975989976,0.035314685,0.773502998,0.760840948,0.144662923,-0.632608544,0.887865873,0.612311322,0.162837180,0.773666343,0.185110295,0.000000000,0.000000000,0.000000000,1.000000000
15,1790733287964452000,FR_calflower,1790733287783779694,1790733288198705818,0.435432467,180.672306,234.253818,414.926124,1,0.212899209,-0.975989976,0.046012715,0.772572740,0.791507344,0.144662923,-0.593791749,0.996706315,0.572878891,0.162837180,0.803302273,0.082859181,0.000000000,0.000000000,0.000000000,1.000000000
15,1790733287964452000,FR_calflower1,1790733287783779694,1790733288198705818,0.435432467,180.672306,234.253818,414.926124,1,0.167592804,-0.975989976,0.139125465,0.768603063,0.976263660,0.144662923,-0.161188658,1.012542586,0.137192407,0.162837180,0.977068580,0.045000196,0.000000000,0.000000000,0.000000000,1.000000000
15,1790733287964452000,FR_foot,1790733287783779694,1790733288198705818,0.435432467,180.672306,234.253818,414.926124,1,0.214932817,-0.975989976,0.035314685,0.765978345,0.760840948,0.144662923,-0.632608544,1.022608519,0.612311322,0.162837180,0.773666343,0.020327771,0.000000000,0.000000000,0.000000000,1.000000000
15,1790733287964452000,RL_hip,1790733287783779694,1790733288198705818,0.435432467,180.672306,234.253818,414.926124,1,0.134202246,-0.990058763,0.042107953,0.582345518,0.988209354,0.136870261,0.068619839,0.687485146,-0.073700936,0.032402444,0.996754216,0.368547039,0.000000000,0.000000000,0.000000000,1.000000000
15,1790733287964452000,RL_thigh,1790733287783779694,1790733288198705818,0.435432467,180.672306,234.253818,414.926124,1,0.073158780,-0.990060811,0.120112693,0.487798164,0.697938850,0.136855175,0.702959387,0.700555805,-0.712410926,0.032403572,0.701014546,0.371641368,0.000000000,0.000000000,0.000000000,1.000000000
15,1790733287964452000,RL_calf,1790733287783779694,1790733288198705818,0.435432467,180.672306,234.253818,414.926124,1,0.125694656,-0.990059450,-0.063109545,0.462216682,0.757622074,0.136865199,-0.638182253,0.550826556,0.640476326,0.032402822,0.767294498,0.222331717,0.000000000,0.000000000,0.000000000,1.000000000
15,1790733287964452000,RL_calflower,1790733287783779694,1790733288198705818,0.435432467,180.672306,234.253818,414.926124,1,0.128691733,-0.990059450,-0.056748560,0.474070316,0.788571063,0.136865199,-0.599519369,0.660430188,0.601327155,0.032402822,0.798346054,0.121584926,0.000000000,0.000000000,0.000000000,1.000000000
15,1790733287964452000,RL_calflower1,1790733287783779694,1790733288198705818,0.435432467,180.672306,234.253818,414.926124,1,0.140354217,-0.990059450,0.009091478,0.475053297,0.976304089,0.136865199,-0.167624941,0.676525340,0.164714551,0.032402822,0.985809255,0.083639104,0.000000000,0.000000000,0.000000000,1.000000000
15,1790733287964452000,RL_foot,1790733287783779694,1790733288198705818,0.435432467,180.672306,234.253818,414.926124,1,0.125694656,-0.990059450,-0.063109545,0.475658471,0.757622074,0.136865199,-0.638182253,0.686759739,0.640476326,0.032402822,0.767294498,0.058903391,0.000000000,0.000000000,0.000000000,1.000000000
15,1790733287964452000,RR_hip,1790733287783779694,1790733288198705818,0.435432467,180.672306,234.253818,414.926124,1,0.134202246,-0.989220563,0.058584224,0.674479097,0.988209354,0.137993650,0.066331767,0.674880774,-0.073700936,0.048991523,0.996076662,0.367309615,0.000000000,0.000000000,0.000000000,1.000000000
15,1790733287964452000,RR_thigh,1790733287783779694,1790733288198705818,0.435432467,180.672306,234.253818,414.926124,1,0.066207625,-0.989223430,0.130588023,0.768947674,0.719994775,0.137972532,0.680125711,0.661702658,-0.690814176,0.048993104,0.721371030,0.362631021,0.000000000,0.000000000,0.000000000,1.000000000
15,1790733287964452000,RR_calf,1790733287783779694,1790733288198705818,0.435432467,180.672306,234.253818,414.926124,1,0.136690223,-0.989219981,-0.052528918,0.741136091,0.750163392,0.137997931,-0.646692613,0.516838857,0.646970596,0.048991203,0.760939960,0.208985634,0.000000000,0.000000000,0.000000000,1.000000000
15,1790733287964452000,RR_calflower,1790733287783779694,1790733288198705818,0.435432467,180.672306,234.253818,414.926124,1,0.139144748,-0.989219981,-0.045631607,0.751644783,0.781547042,0.137997931,-0.608391872,0.627552589,0.608130904,0.048991203,0.792324036,0.109307910,0.000000000,0.000000000,0.000000000,1.000000000
15,1790733287964452000,RR_calflower1,1790733287783779694,1790733288198705818,0.435432467,180.672306,234.253818,414.926124,1,0.144492411,-0.989219982,0.023779144,0.752078727,0.974170955,0.137997931,-0.178738352,0.644072819,0.173530283,0.048991203,0.983609585,0.071534434,0.000000000,0.000000000,0.000000000,1.000000000
15,1790733287964452000,RR_foot,1790733287783779694,1790733288198705818,0.435432467,180.672306,234.253818,414.926124,1,0.136690223,-0.989219981,-0.052528918,0.752325567,0.750163392,0.137997931,-0.646692613,0.654584382,0.646970596,0.048991203,0.760939960,0.046908713,0.000000000,0.000000000,0.000000000,1.000000000
16,1790733288564453000,FL_hip,1790733288531697089,1790733288721235267,0.172819594,32.755911,156.782267,189.538178,1,0.177897535,-0.976875947,-0.118598052,0.590390332,0.983696238,0.173311386,0.048008003,1.085633270,-0.026343433,-0.125205100,0.991781445,0.351327291,0.000000000,0.000000000,0.000000000,1.000000000
16,1790733288564453000,FL_thigh,1790733288531697089,1790733288721235267,0.172819594,32.755911,156.782267,189.538178,1,0.211729491,-0.976875926,0.029727003,0.497098681,0.702744162,0.173311502,0.690009898,1.102184507,-0.679206448,-0.125205103,0.723189470,0.339370204,0.000000000,0.000000000,0.000000000,1.000000000
16,1790733288564453000,FL_calf,1790733288531697089,1790733288721235267,0.172819594,32.755911,156.782267,189.538178,1,0.044539410,-0.976875927,-0.209115547,0.490766821,0.737709939,0.173311500,-0.652492960,0.955212619,0.673647228,-0.125205103,0.728370663,0.185331073,0.000000000,0.000000000,0.000000000,1.000000000
16,1790733288564453000,FL_calflower,1790733288531697089,1790733288721235267,0.172819594,32.755911,156.782267,189.538178,1,0.054935169,-0.976875927,-0.206628165,0.522606678,0.769399050,0.173311500,-0.614807384,1.066535614,0.636401984,-0.125205103,0.761128718,0.091005298,0.000000000,0.000000000,0.000000000,1.000000000
16,1790733288564453000,FL_calflower1,1790733288531697089,1790733288721235267,0.172819594,32.755911,156.782267,189.538178,1,0.144143800,-0.976875926,-0.157910216,0.530322444,0.966358298,0.173311500,-0.190038569,1.083433894,0.213011937,-0.125205103,0.968994492,0.054196182,0.000000000,0.000000000,0.000000000,1.000000000
16,1790733288564453000,FL_foot,1790733288531697089,1790733288721235267,0.172819594,32.755911,156.782267,189.538178,1,0.044539410,-0.976875927,-0.209115547,0.535308386,0.737709939,0.173311500,-0.652492960,1.094193418,0.673647228,-0.125205103,0.728370663,0.030188348,0.000000000,0.000000000,0.000000000,1.000000000
16,1790733288564453000,FR_hip,1790733288531697089,1790733288721235267,0.172819594,32.755911,156.782267,189.538178,1,0.177897535,-0.974812909,0.134506156,0.681889402,0.983696238,0.179824117,0.002211727,1.069146509,-0.026343433,0.131919755,0.990910657,0.353586665,0.000000000,0.000000000,0.000000000,1.000000000
16,1790733288564453000,FR_thigh,1790733288531697089,1790733288721235267,0.172819594,32.755911,156.782267,189.538178,1,0.032067799,-0.974812892,0.220705980,0.774984034,0.698374714,0.179824215,0.692774064,1.051973306,-0.715013761,0.131919753,0.686551693,0.340988328,0.000000000,0.000000000,0.000000000,1.000000000
16,1790733288564453000,FR_calf,1790733288531697089,1790733288721235267,0.172819594,32.755911,156.782267,189.538178,1,0.222147509,-0.974812891,-0.019747361,0.727973717,0.730530820,0.179824216,-0.658777554,0.904412656,0.645736335,0.131919753,0.752078780,0.194753042,0.000000000,0.000000000,0.000000000,1.000000000
16,1790733288564453000,FR_calflower,1790733288531697089,1790733288721235267,0.172819594,32.755911,156.782267,189.538178,1,0.222856839,-0.974812891,-0.008619934,0.735339276,0.762543002,0.179824216,-0.621442930,1.016522177,0.607341060,0.131919753,0.783412243,0.096360260,0.000000000,0.000000000,0.000000000,1.000000000
16,1790733288564453000,FR_calflower1,1790733288531697089,1790733288721235267,0.172819594,32.755911,156.782267,189.538178,1,0.201653391,-0.974812891,0.095264810,0.733455510,0.963341175,0.179824216,-0.199090245,1.033754438,0.176944977,0.131919753,0.975340136,0.058950416,0.000000000,0.000000000,0.000000000,1.000000000
16,1790733288564453000,FR_foot,1790733288531697089,1790733288721235267,0.172819594,32.755911,156.782267,189.538178,1,0.222147509,-0.974812891,-0.019747361,0.732179913,0.730530820,0.179824216,-0.658777554,1.044732058,0.645736335,0.131919753,0.752078780,0.034560507,0.000000000,0.000000000,0.000000000,1.000000000
16,1790733288564453000,RL_hip,1790733288531697089,1790733288721235267,0.172819594,32.755911,156.782267,189.538178,1,0.177897535,-0.983996838,-0.010116202,0.521579566,0.983696238,0.177549437,0.028597243,0.705139565,-0.026343433,-0.015038720,0.999540188,0.361516931,0.000000000,0.000000000,0.000000000,1.000000000
16,1790733288564453000,RL_thigh,1790733288531697089,1790733288721235267,0.172819594,32.755911,156.782267,189.538178,1,0.141073670,-0.983996822,0.108849079,0.427607869,0.724718603,0.177549526,0.665776994,0.722095536,-0.674448909,-0.015038723,0.738168838,0.360080734,0.000000000,0.000000000,0.000000000,1.000000000
16,1790733288564453000,RL_calf,1790733288531697089,1790733288721235267,0.172819594,32.755911,156.782267,189.538178,1,0.120392909,-0.983996822,-0.131360000,0.404423038,0.724697431,0.177549525,-0.665800039,0.580285259,0.678468470,-0.015038722,0.734476072,0.202851016,0.000000000,0.000000000,0.000000000,1.000000000
16,1790733288564453000,RL_calflower,1790733288531697089,1790733288721235267,0.172819594,32.755911,156.782267,189.538178,1,0.126807713,-0.983996822,-0.125178696,0.426272154,0.757067881,0.177549525,-0.628748187,0.693317440,0.640912057,-0.015038722,0.767467459,0.107718072,0.000000000,0.000000000,0.000000000,1.000000000
16,1790733288564453000,RL_calflower1,1790733288531697089,1790733288721235267,0.172819594,32.755911,156.782267,189.538178,1,0.170282712,-0.983996822,-0.052475707,0.430011220,0.961858186,0.177549525,-0.208098267,0.710896662,0.214085250,-0.015038723,0.976699580,0.070610310,0.000000000,0.000000000,0.000000000,1.000000000
16,1790733288564453000,RL_foot,1790733288531697089,1790733288721235267,0.172819594,32.755911,156.782267,189.538178,1,0.120392909,-0.983996822,-0.131360000,0.432402689,0.724697431,0.177549525,-0.665800039,0.722100449,0.678468470,-0.015038722,0.734476072,0.046407851,0.000000000,0.000000000,0.000000000,1.000000000
16,1790733288564453000,RR_hip,1790733288531697089,1790733288721235267,0.172819594,32.755911,156.782267,189.538178,1,0.177897535,-0.984012330,0.008476408,0.613078636,0.983696238,0.178058038,0.025237670,0.688652804,-0.026343433,0.003848431,0.999645908,0.363776305,0.000000000,0.000000000,0.000000000,1.000000000
16,1790733288564453000,RR_thigh,1790733288531697089,1790733288721235267,0.172819594,32.755911,156.782267,189.538178,1,0.132825962,-0.984012322,0.118645105,0.707051813,0.748097050,0.178058079,0.639254267,0.671648262,-0.650160141,0.003848430,0.759787937,0.363408780,0.000000000,0.000000000,0.000000000,1.000000000
16,1790733288564453000,RR_calf,1790733288531697089,1790733288721235267,0.172819594,32.755911,156.782267,189.538178,1,0.132703846,-0.984012322,-0.118781677,0.681780442,0.718615692,0.178058080,-0.672225186,0.535487332,0.682628348,0.003848430,0.730756085,0.201574221,0.000000000,0.000000000,0.000000000,1.000000000
16,1790733288564453000,RR_calflower,1790733288531697089,1790733288721235267,0.172819594,32.755911,156.782267,189.538178,1,0.138474610,-0.984012322,-0.112000803,0.702014177,0.751314865,0.178058080,-0.635469265,0.649348776,0.645252659,0.003848430,0.763960027,0.107075051,0.000000000,0.000000000,0.000000000,1.000000000
16,1790733288564453000,RR_calflower1,1790733288531697089,1790733288721235267,0.172819594,32.755911,156.782267,189.538178,1,0.174545914,-0.984012322,-0.035399452,0.705109459,0.959858944,0.178058080,-0.216716452,0.667254366,0.219555000,0.003848430,0.975592906,0.070064187,0.000000000,0.000000000,0.000000000,1.000000000
16,1790733288564453000,RR_foot,1790733288531697089,1790733288721235267,0.172819594,32.755911,156.782267,189.538178,1,0.132703846,-0.984012322,-0.118781677,0.707080901,0.718615692,0.178058080,-0.672225186,0.678671048,0.682628348,0.003848430,0.730756085,0.045923444,0.000000000,0.000000000,0.000000000,1.000000000
17,1790733288628461000,FL_hip,1790733288531697089,1790733288721235267,0.510524645,96.763911,92.774267,189.538178,1,0.179012249,-0.975835909,-0.125293813,0.593530925,0.983509669,0.174160772,0.048750895,1.087965152,-0.025751572,-0.131954818,0.990921545,0.350870004,0.000000000,0.000000000,0.000000000,1.000000000
17,1790733288628461000,FL_thigh,1790733288531697089,1790733288721235267,0.510524645,96.763911,92.774267,189.538178,1,0.216975422,-0.975835872,0.025800454,0.500338598,0.701051014,0.174160975,0.691516684,1.104597506,-0.679300580,-0.131954824,0.721899836,0.338268319,0.000000000,0.000000000,0.000000000,1.000000000
17,1790733288628461000,FL_calf,1790733288531697089,1790733288721235267,0.510524645,96.763911,92.774267,189.538178,1,0.040986821,-0.975835872,-0.214625433,0.494843086,0.739080073,0.174160972,-0.650713835,0.957304837,0.672369708,-0.131954824,0.728359546,0.184504049,0.000000000,0.000000000,0.000000000,1.000000000
17,1790733288628461000,FL_calflower,1790733288531697089,1790733288721235267,0.510524645,96.763911,92.774267,189.538178,1,0.051662399,-0.975835872,-0.212308720,0.527427328,0.770678552,0.174160972,-0.612962004,1.068391803,0.635126616,-0.131954824,0.761053765,0.090154471,0.000000000,0.000000000,0.000000000,1.000000000
17,1790733288628461000,FL_calflower1,1790733288531697089,1790733288721235267,0.510524645,96.763911,92.774267,189.538178,1,0.143864031,-0.975835872,-0.164460136,0.535403037,0.966641052,0.174160972,-0.187810879,1.085203455,0.211915303,-0.131954824,0.968339071,0.053361148,0.000000000,0.000000000,0.000000000,1.000000000
17,1790733288628461000,FL_foot,1790733288531697089,1790733288721235267,0.510524645,96.763911,92.774267,189.538178,1,0.040986821,-0.975835872,-0.214625433,0.540558218,0.739080073,0.174160972,-0.650713835,1.095906531,0.672369708,-0.131954824,0.728359546,0.029363861,0.000000000,0.000000000,0.000000000,1.000000000
17,1790733288628461000,FR_hip,1790733288531697089,1790733288721235267,0.510524645,96.763911,92.774267,189.538178,1,0.179012249,-0.975512612,0.127786561,0.684997019,0.983509669,0.180834958,0.002709683,1.071392466,-0.025751572,0.125194270,0.991798356,0.353750568,0.000000000,0.000000000,0.000000000,1.000000000
17,1790733288628461000,FR_thigh,1790733288531697089,1790733288721235267,0.510524645,96.763911,92.774267,189.538178,1,0.037245720,-0.975512581,0.216766251,0.778158472,0.696814175,0.180835129,0.694081086,1.054122728,-0.716284180,0.125194265,0.686486778,0.341794516,0.000000000,0.000000000,0.000000000,1.000000000
17,1790733288628461000,FR_calf,1790733288531697089,1790733288721235267,0.510524645,96.763911,92.774267,189.538178,1,0.218502024,-0.975512580,-0.025133983,0.731987358,0.731756068,0.180835130,-0.657138955,0.906283852,0.645592851,0.125194266,0.753350512,0.195573224,0.000000000,0.000000000,0.000000000,1.000000000
17,1790733288628461000,FR_calflower,1790733288531697089,1790733288721235267,0.510524645,96.763911,92.774267,189.538178,1,0.219485129,-0.975512580,-0.014182023,0.740077225,0.763684823,0.180835130,-0.619745142,1.018175235,0.607134195,0.125194265,0.784675214,0.096989468,0.000000000,0.000000000,0.000000000,1.000000000
17,1790733288628461000,FR_calflower1,1790733288531697089,1790733288721235267,0.510524645,96.763911,92.774267,189.538178,1,0.201231158,-0.975512580,0.088774280,0.738449662,0.963569961,0.180835130,-0.197057046,1.035328146,0.176178275,0.125194266,0.976364859,0.059531218,0.000000000,0.000000000,0.000000000,1.000000000
17,1790733288628461000,FR_foot,1790733288531697089,1790733288721235267,0.510524645,96.763911,92.774267,189.538178,1,0.218502024,-0.975512580,-0.025133983,0.737340906,0.731756068,0.180835130,-0.657138955,1.046254070,0.645592851,0.125194266,0.753350512,0.035109994,0.000000000,0.000000000,0.000000000,1.000000000
17,1790733288628461000,RL_hip,1790733288531697089,1790733288721235267,0.510524645,96.763911,92.774267,189.538178,1,0.179012249,-0.983702266,-0.016855638,0.524288987,0.983509669,0.178476484,0.029236430,0.707543612,-0.025751572,-0.021811431,0.999430760,0.360830712,0.000000000,0.000000000,0.000000000,1.000000000
17,1790733288628461000,RL_thigh,1790733288531697089,1790733288721235267,0.510524645,96.763911,92.774267,189.538178,1,0.146164732,-0.983702238,0.104715925,0.430345422,0.723109204,0.178476641,0.667277349,0.724588116,-0.675091931,-0.021811435,0.737411603,0.358747720,0.000000000,0.000000000,0.000000000,1.000000000
17,1790733288628461000,RL_calf,1790733288531697089,1790733288721235267,0.510524645,96.763911,92.774267,189.538178,1,0.116703051,-0.983702238,-0.136784323,0.408040969,0.726045623,0.178476639,-0.664081122,0.582458431,0.677671331,-0.021811435,0.735041873,0.201679477,0.000000000,0.000000000,0.000000000,1.000000000
17,1790733288628461000,RL_calflower,1790733288531697089,1790733288721235267,0.510524645,96.763911,92.774267,189.538178,1,0.123393570,-0.983702238,-0.130780657,0.430619068,0.758328477,0.178476639,-0.626964036,0.695263046,0.640087636,-0.021811435,0.767992713,0.106446960,0.000000000,0.000000000,0.000000000,1.000000000
17,1790733288628461000,RL_calflower1,1790733288531697089,1790733288721235267,0.510524645,96.763911,92.774267,189.538178,1,0.169841253,-0.983702238,-0.059021198,0.434616350,0.962152445,0.178476639,-0.205933618,0.712758276,0.213111441,-0.021811435,0.976784778,0.069326474,0.000000000,0.000000000,0.000000000,1.000000000
17,1790733288628461000,RL_foot,1790733288531697089,1790733288721235267,0.510524645,96.763911,92.774267,189.538178,1,0.116703051,-0.983702238,-0.136784323,0.437175975,0.726045623,0.178476639,-0.664081122,0.723907329,0.677671331,-0.021811435,0.735041873,0.045115976,0.000000000,0.000000000,0.000000000,1.000000000
17,1790733288628461000,RR_hip,1790733288531697089,1790733288721235267,0.510524645,96.763911,92.774267,189.538178,1,0.179012249,-0.983845050,0.001782894,0.615755081,0.983509669,0.178998318,0.025850079,0.690970926,-0.025751572,-0.002874045,0.999664605,0.363711276,0.000000000,0.000000000,0.000000000,1.000000000
17,1790733288628461000,RR_thigh,1790733288531697089,1790733288721235267,0.510524645,96.763911,92.774267,189.538178,1,0.137721207,-0.983845037,0.114374206,0.709712283,0.746518977,0.178998390,0.640834524,0.673876587,-0.650955013,-0.002874047,0.759111348,0.363985748,0.000000000,0.000000000,0.000000000,1.000000000
17,1790733288628461000,RR_calf,1790733288531697089,1790733288721235267,0.510524645,96.763911,92.774267,189.538178,1,0.129008187,-0.983845036,-0.124118806,0.685350638,0.720028177,0.178998391,-0.670461702,0.537379235,0.681847925,-0.002874047,0.731488806,0.202295505,0.000000000,0.000000000,0.000000000,1.000000000
17,1790733288628461000,RR_calflower,1790733288531697089,1790733288721235267,0.510524645,96.763911,92.774267,189.538178,1,0.135050315,-0.983845036,-0.117515968,0.706300331,0.752637448,0.178998391,-0.633637389,0.651007784,0.644436590,-0.002874047,0.764652828,0.107672407,0.000000000,0.000000000,0.000000000,1.000000000
17,1790733288628461000,RR_calflower1,1790733288531697089,1790733288721235267,0.510524645,96.763911,92.774267,189.538178,1,0.174055370,-0.983845036,-0.041872644,0.709650458,0.960186147,0.178998391,-0.214480846,0.668826851,0.218511231,-0.002874047,0.975830574,0.070642040,0.000000000,0.000000000,0.000000000,1.000000000
17,1790733288628461000,RR_foot,1790733288531697089,1790733288721235267,0.510524645,96.763911,92.774267,189.538178,1,0.129008187,-0.983845036,-0.124118806,0.711787875,0.720028177,0.178998391,-0.670461702,0.680187143,0.681847925,-0.002874047,0.731488806,0.046488861,0.000000000,0.000000000,0.000000000,1.000000000
18,1790733288696457000,FL_hip,1790733288531697089,1790733288721235267,0.869270311,164.759911,24.778267,189.538178,1,0.182600724,-0.975579520,-0.122070556,0.595814158,0.982792975,0.177600544,0.050753419,1.090112499,-0.027834162,-0.129237831,0.991223269,0.350436127,0.000000000,0.000000000,0.000000000,1.000000000
18,1790733288696457000,FL_thigh,1790733288531697089,1790733288721235267,0.869270311,164.759911,24.778267,189.538178,1,0.217454430,-0.975579503,0.030949138,0.502646315,0.698053270,0.177600636,0.693671061,1.107073351,-0.682228217,-0.129237834,0.719626965,0.338093914,0.000000000,0.000000000,0.000000000,1.000000000
18,1790733288696457000,FL_calf,1790733288531697089,1790733288721235267,0.869270311,164.759911,24.778267,189.538178,1,0.046151573,-0.975579503,-0.214742428,0.496054143,0.741003748,0.177600635,-0.647588878,0.959321590,0.669913259,-0.129237833,0.731105009,0.184813550,0.000000000,0.000000000,0.000000000,1.000000000
18,1790733288696457000,FL_calflower,1790733288531697089,1790733288721235267,0.869270311,164.759911,24.778267,189.538178,1,0.056826544,-0.975579503,-0.212167438,0.528759027,0.772443640,0.177600635,-0.609744809,1.069984691,0.632536021,-0.129237833,0.763673026,0.090008384,0.000000000,0.000000000,0.000000000,1.000000000
18,1790733288696457000,FL_calflower1,1790733288531697089,1790733288721235267,0.869270311,164.759911,24.778267,189.538178,1,0.148379361,-0.975579503,-0.161950126,0.536677452,0.966721042,0.177600635,-0.184142163,1.086650027,0.208407939,-0.129237833,0.969466059,0.053136145,0.000000000,0.000000000,0.000000000,1.000000000
18,1790733288696457000,FL_foot,1790733288531697089,1790733288721235267,0.869270311,164.759911,24.778267,189.538178,1,0.046151573,-0.975579503,-0.214742428,0.541794241,0.741003748,0.177600635,-0.647588878,1.097257862,0.669913259,-0.129237833,0.731105009,0.029088364,0.000000000,0.000000000,0.000000000,1.000000000
18,1790733288696457000,FR_hip,1790733288531697089,1790733288721235267,0.869270311,164.759911,24.778267,189.538178,1,0.182600724,-0.974439610,0.130858955,0.687226462,0.982792975,0.184671848,0.003764455,1.073202312,-0.027834162,0.127919887,0.991394215,0.353050357,0.000000000,0.000000000,0.000000000,1.000000000
18,1790733288696457000,FR_thigh,1790733288531697089,1790733288721235267,0.869270311,164.759911,24.778267,189.538178,1,0.037267096,-0.974439596,0.221536187,0.780285444,0.694415423,0.184671926,0.695473504,1.055566150,-0.718608830,0.127919884,0.683548520,0.340834008,0.000000000,0.000000000,0.000000000,1.000000000
18,1790733288696457000,FR_calf,1790733288531697089,1790733288721235267,0.869270311,164.759911,24.778267,189.538178,1,0.223266049,-0.974439596,-0.024887546,0.733098282,0.733020359,0.184671927,-0.654658176,0.907430474,0.642521307,0.127919885,0.755515454,0.195238351,0.000000000,0.000000000,0.000000000,1.000000000
18,1790733288696457000,FR_calflower,1790733288531697089,1790733288721235267,0.869270311,164.759911,24.778267,189.538178,1,0.224230884,-0.974439596,-0.013697791,0.741246958,0.764823546,0.184671927,-0.617204275,1.018980154,0.603958288,0.127919884,0.786683937,0.096272610,0.000000000,0.000000000,0.000000000,1.000000000
18,1790733288696457000,FR_calflower1,1790733288531697089,1790733288721235267,0.869270311,164.759911,24.778267,189.538178,1,0.205217010,-0.974439596,0.091395282,0.739552564,0.963406684,0.184671927,-0.194277471,1.036020068,0.172433674,0.127919885,0.976680018,0.058765715,0.000000000,0.000000000,0.000000000,1.000000000
18,1790733288696457000,FR_foot,1790733288531697089,1790733288721235267,0.869270311,164.759911,24.778267,189.538178,1,0.223266049,-0.974439596,-0.024887546,0.738399334,0.733020359,0.184671927,-0.654658176,1.046872493,0.642521307,0.127919885,0.755515454,0.034313754,0.000000000,0.000000000,0.000000000,1.000000000
18,1790733288696457000,RL_hip,1790733288531697089,1790733288721235267,0.869270311,164.759911,24.778267,189.538178,1,0.182600724,-0.983092236,-0.013648302,0.525184198,0.982792975,0.182117216,0.030841246,0.709968176,-0.027834162,-0.019045159,0.999431472,0.361202381,0.000000000,0.000000000,0.000000000,1.000000000
18,1790733288696457000,RL_thigh,1790733288531697089,1790733288721235267,0.869270311,164.759911,24.778267,189.538178,1,0.146585552,-0.983092222,0.109736057,0.431298890,0.720397063,0.182117287,0.669224372,0.727360370,-0.677894471,-0.019045161,0.734912984,0.359383568,0.000000000,0.000000000,0.000000000,1.000000000
18,1790733288696457000,RL_calf,1790733288531697089,1790733288721235267,0.869270311,164.759911,24.778267,189.538178,1,0.121738461,-0.983092223,-0.136781115,0.407925129,0.727745026,0.182117286,-0.661226410,0.584815757,0.674957186,-0.019045161,0.737611555,0.202847297,0.000000000,0.000000000,0.000000000,1.000000000
18,1790733288696457000,RL_calflower,1790733288531697089,1790733288721235267,0.869270311,164.759911,24.778267,189.538178,1,0.128422526,-0.983092223,-0.130525787,0.430603484,0.759883081,0.182117286,-0.624027957,0.697232028,0.637248453,-0.019045161,0.770423532,0.107180046,0.000000000,0.000000000,0.000000000,1.000000000
18,1790733288696457000,RL_calflower1,1790733288531697089,1790733288721235267,0.869270311,164.759911,24.778267,189.538178,1,0.174184219,-0.983092223,-0.056472862,0.434540287,0.962175551,0.182117286,-0.202611447,0.714594295,0.209470598,-0.019045161,0.977629826,0.069990666,0.000000000,0.000000000,0.000000000,1.000000000
18,1790733288696457000,RL_foot,1790733288531697089,1790733288721235267,0.869270311,164.759911,24.778267,189.538178,1,0.121738461,-0.983092223,-0.136781115,0.437059482,0.727745026,0.182117286,-0.661226410,0.725656809,0.674957186,-0.019045161,0.737611555,0.045736226,0.000000000,0.000000000,0.000000000,1.000000000
18,1790733288696457000,RR_hip,1790733288531697089,1790733288721235267,0.869270311,164.759911,24.778267,189.538178,1,0.182600724,-0.983174096,0.005031478,0.616596502,0.982792975,0.182670284,0.027375719,0.693057989,-0.027834162,-0.000053983,0.999612917,0.363816611,0.000000000,0.000000000,0.000000000,1.000000000
18,1790733288696457000,RR_thigh,1790733288531697089,1790733288721235267,0.869270311,164.759911,24.778267,189.538178,1,0.138246709,-0.983174090,0.119399329,0.710489628,0.743884010,0.182670317,0.642859260,0.675612977,-0.653853630,-0.000053984,0.756621540,0.363821766,0.000000000,0.000000000,0.000000000,1.000000000
18,1790733288696457000,RR_calf,1790733288531697089,1790733288721235267,0.869270311,164.759911,24.778267,189.538178,1,0.134064084,-0.983174090,-0.124077290,0.685057600,0.721765591,0.182670318,-0.667597095,0.538684138,0.679029847,-0.000053984,0.734111157,0.202661593,0.000000000,0.000000000,0.000000000,1.000000000
18,1790733288696457000,RR_calflower,1790733288531697089,1790733288721235267,0.869270311,164.759911,24.778267,189.538178,1,0.140097819,-0.983174090,-0.117221814,0.706102295,0.754229520,0.182670318,-0.630689528,0.651923662,0.641490971,-0.000053984,0.767131057,0.107593870,0.000000000,0.000000000,0.000000000,1.000000000
18,1790733288696457000,RR_calflower1,1790733288531697089,1790733288721235267,0.869270311,164.759911,24.778267,189.538178,1,0.178396646,-0.983174090,-0.039280899,0.709390186,0.960237045,0.182670317,-0.211130923,0.669608924,0.214754087,-0.000053984,0.976668524,0.070493770,0.000000000,0.000000000,0.000000000,1.000000000
18,1790733288696457000,RR_foot,1790733288531697089,1790733288721235267,0.869270311,164.759911,24.778267,189.538178,1,0.134064084,-0.983174090,-0.124077290,0.711486031,0.721765591,0.182670318,-0.667597095,0.680882122,0.679029847,-0.000053984,0.734111157,0.046296132,0.000000000,0.000000000,0.000000000,1.000000000
