timestamp_iso,wall_time_ns,ros_sec,ros_nanosec,common_time_ns,x_floor_m,y_floor_m,z_floor_m,roll_floor_rad,pitch_floor_rad,yaw_floor_rad,qx_floor,qy_floor,qz_floor,qw_floor,T00,T01,T02,T03,T10,T11,T12,T13,T20,T21,T22,T23,T30,T31,T32,T33,C_T1_T00,C_T1_T01,C_T1_T02,C_T1_T03,C_T1_T10,C_T1_T11,C_T1_T12,C_T1_T13,C_T1_T20,C_T1_T21,C_T1_T22,C_T1_T23,C_T1_T30,C_T1_T31,C_T1_T32,C_T1_T33
2026-09-26T17:08:49.789,1790406529789682538,1790406529,562269000,1790406529562269000,0.386545799,1.190137879,0.338345707,-0.027126770,0.057644171,-1.508656047,0.009853129,0.030282785,-0.684166923,0.728629872,0.061996999,0.997605572,0.030647502,0.386545799,-0.996412062,0.063636656,-0.055795597,1.190137879,-0.057612256,-0.027078465,0.997972098,0.338345707,0.000000000,0.000000000,0.000000000,1.000000000,-0.982923107,0.180477391,0.035917644,0.081784178,0.103528351,0.703725346,-0.702888695,-0.572364632,-0.152131675,-0.687167046,-0.710392430,2.180450406,0.000000000,0.000000000,0.000000000,1.000000000
2026-09-26T17:08:49.811,1790406529811983943,1790406529,626271000,1790406529626271000,0.392097468,1.186360497,0.359902698,-0.011924325,0.073529236,-1.513344997,0.020900709,0.030816222,-0.685870302,0.726770562,0.057264428,0.998228746,0.016122280,0.392097468,-0.995652434,0.058289761,-0.072651982,1.186360497,-0.073463004,-0.011891907,0.997227400,0.359902698,0.000000000,0.000000000,0.000000000,1.000000000,-0.982438092,0.183132979,0.035745040,0.082150696,0.105939457,0.705166261,-0.701083002,-0.574612397,-0.153597615,-0.684983837,-0.712183204,2.183366750,0.000000000,0.000000000,0.000000000,1.000000000
2026-09-26T17:08:49.878,1790406529878874675,1790406529,694268000,1790406529694268000,0.390169610,1.183919811,0.352719025,-0.016061780,0.069368749,-1.514243251,0.017983397,0.030715788,-0.686194610,0.726546692,0.056386844,0.998209490,0.019952674,0.390169610,-0.996000005,0.057626691,-0.068285648,1.183919811,-0.069313134,-0.016022543,0.997466634,0.352719025,0.000000000,0.000000000,0.000000000,1.000000000,-0.983312724,0.178975834,0.032614979,0.081773950,0.105261513,0.705951878,-0.700394146,-0.571867051,-0.148378232,-0.685273374,-0.713010731,2.178614234,0.000000000,0.000000000,0.000000000,1.000000000
2026-09-26T17:08:49.945,1790406529945500291,1790406529,762268000,1790406529762268000,0.389436862,1.185408718,0.352067004,-0.015706271,0.065185737,-1.512266710,0.016647744,0.029091427,-0.685541906,0.727261189,0.058371818,0.998104551,0.019488665,0.389436862,-0.996167336,0.059509878,-0.064101375,1.185408718,-0.065139589,-0.015672348,0.997753442,0.352067004,0.000000000,0.000000000,0.000000000,1.000000000,-0.982802484,0.181349540,0.034808357,0.082028758,0.104980622,0.703789404,-0.702609097,-0.573132674,-0.151915590,-0.686871763,-0.710724162,2.179210757,0.000000000,0.000000000,0.000000000,1.000000000
2026-09-26T17:08:50.045,1790406530045569386,1790406529,826268000,1790406529826268000,0.388724955,1.186544509,0.353151367,-0.015032346,0.071094359,-1.510856968,0.018897250,0.031021168,-0.684953730,0.727680540,0.059752000,0.998027326,0.019259503,0.388724955,-0.995682478,0.060962146,-0.069998528,1.186544509,-0.071034489,-0.014993890,0.997361521,0.353151367,0.000000000,0.000000000,0.000000000,1.000000000,-0.982819182,0.181548455,0.033265822,0.082016736,0.107031845,0.707433265,-0.698628914,-0.573232122,-0.150368349,-0.683065396,-0.714710448,2.180734638,0.000000000,0.000000000,0.000000000,1.000000000
2026-09-26T17:08:50.078,1790406530078807899,1790406529,894268000,1790406529894268000,0.388511401,1.186436487,0.348540593,-0.021301690,0.066070089,-1.509289701,0.014869678,0.031352809,-0.684361112,0.728317075,0.061333589,0.997796076,0.025317101,0.388511401,-0.995931262,0.062857104,-0.064573041,1.186436487,-0.066022035,-0.021253685,0.997592147,0.348540593,0.000000000,0.000000000,0.000000000,1.000000000,-0.982560301,0.182655939,0.034814693,0.082014697,0.106113670,0.704556760,-0.701669196,-0.572827266,-0.152692973,-0.685737982,-0.711651794,2.178786600,0.000000000,0.000000000,0.000000000,1.000000000
2026-09-26T17:08:50.145,1790406530145861609,1790406529,962274000,1790406529962274000,0.389316171,1.185073184,0.355432894,-0.018239908,0.072760384,-1.510728490,0.018299003,0.032726629,-0.684830289,0.727737308,0.059872735,0.997950727,0.022569341,0.389316171,-0.995555280,0.061344825,-0.071458185,1.185073184,-0.072696205,-0.018190721,0.997188587,0.355432894,0.000000000,0.000000000,0.000000000,1.000000000,-0.982731387,0.181841801,0.034242952,0.082046349,0.106426486,0.706851199,-0.699310221,-0.573470267,-0.151368502,-0.683589746,-0.713997644,2.179297461,0.000000000,0.000000000,0.000000000,1.000000000
2026-09-26T17:08:50.712,1790406530712154804,1790406530,562267000,1790406530562267000,0.389992510,1.184762602,0.354605622,-0.017667271,0.072820501,-1.511847942,0.018546184,0.032542033,-0.685245911,0.727347988,0.058757963,0.998031427,0.021921358,0.389992510,-0.995617316,0.060187742,-0.071577727,1.184762602,-0.072756163,-0.017619614,0.997194469,0.354605622,0.000000000,0.000000000,0.000000000,1.000000000,-0.982707481,0.181779347,0.035245942,0.082365461,0.105970802,0.708219820,-0.697993464,-0.575220009,-0.151842671,-0.682188358,-0.715236218,2.177369273,0.000000000,0.000000000,0.000000000,1.000000000
2026-09-26T17:08:50.778,1790406530778770158,1790406530,626273000,1790406530626273000,0.390365160,1.183253971,0.353053007,-0.019852030,0.068643448,-1.512146863,0.016324167,0.031769960,-0.685384394,0.727304904,0.058477653,0.998003993,0.023836224,0.390365160,-0.995929533,0.059963089,-0.067294638,1.183253971,-0.068589558,-0.019804057,0.997448742,0.353053007,0.000000000,0.000000000,0.000000000,1.000000000,-0.982709535,0.181776655,0.035202525,0.082255883,0.105506800,0.706003939,-0.700304757,-0.574960091,-0.152152178,-0.684482056,-0.712975476,2.174674260,0.000000000,0.000000000,0.000000000,1.000000000
2026-09-26T17:08:50.845,1790406530845908344,1790406530,694272000,1790406530694272000,0.390576007,1.185423587,0.353249200,-0.015775408,0.069701659,-1.512710215,0.018178148,0.030752351,-0.685636965,0.727066572,0.057912339,0.998125372,0.019790778,0.390576007,-0.995889301,0.059142596,-0.068603422,1.185423587,-0.069645239,-0.015736531,0.997448054,0.353249200,0.000000000,0.000000000,0.000000000,1.000000000,-0.982728725,0.181819354,0.034437987,0.082320735,0.106149018,0.706300642,-0.699908415,-0.575428789,-0.151580468,-0.684164546,-0.713401875,2.177638831,0.000000000,0.000000000,0.000000000,1.000000000
2026-09-26T17:08:50.912,1790406530912158000,1790406530,762267000,1790406530762267000,0.390033842,1.184891079,0.352592464,-0.016507954,0.067815826,-1.512611035,0.017263448,0.030319125,-0.685617498,0.727125416,0.058018645,0.998106537,0.020419353,0.390033842,-0.996012898,0.059260822,-0.066680105,1.184891079,-0.067763862,-0.016469341,0.997565807,0.352592464,0.000000000,0.000000000,0.000000000,1.000000000,-0.982803669,0.181302547,0.035019053,0.082358963,0.105312532,0.706125191,-0.700211744,-0.575057833,-0.151678008,-0.684482726,-0.713075859,2.177261783,0.000000000,0.000000000,0.000000000,1.000000000
2026-09-26T17:08:50.978,1790406530978935365,1790406530,826267000,1790406530826267000,0.390941294,1.184763367,0.353598910,-0.014531160,0.069654067,-1.514596124,0.018642717,0.030290935,-0.686341934,0.726408740,0.056034266,0.998258864,0.018416629,0.390941294,-0.996000055,0.057173978,-0.068664420,1.184763367,-0.069597763,-0.014495495,0.997470175,0.353598910,0.000000000,0.000000000,0.000000000,1.000000000,-0.983082895,0.179960938,0.034089319,0.082376686,0.105207038,0.707163352,-0.699179142,-0.575096406,-0.149931651,-0.683764619,-0.714133352,2.177040280,0.000000000,0.000000000,0.000000000,1.000000000
2026-09-26T17:08:51.045,1790406531045564142,1790406530,894269000,1790406530894269000,0.389640843,1.187013544,0.350720188,-0.018395831,0.068707090,-1.511008278,0.016857719,0.031303655,-0.684992229,0.727682311,0.059611305,0.997968767,0.022463405,0.389640843,-0.995857946,0.061002510,-0.067419725,1.187013544,-0.068653051,-0.018351473,0.997472156,0.350720188,0.000000000,0.000000000,0.000000000,1.000000000,-0.982743513,0.181777220,0.034237845,0.082372413,0.106349309,0.706702960,-0.699471765,-0.575656536,-0.151344019,-0.683760169,-0.713839631,2.178977064,0.000000000,0.000000000,0.000000000,1.000000000
2026-09-26T17:08:51.112,1790406531112229431,1790406530,962265000,1790406530962265000,0.389426282,1.184712523,0.352830068,-0.017951224,0.068548568,-1.511453844,0.016972083,0.031089955,-0.685163651,0.727527412,0.059168223,0.998005893,0.021980266,0.389426282,-0.995895259,0.060525022,-0.067298800,1.184712523,-0.068494901,-0.017908183,0.997491085,0.352830068,0.000000000,0.000000000,0.000000000,1.000000000,-0.982734318,0.181734184,0.034726728,0.082230512,0.105965087,0.706683735,-0.699549497,-0.575397298,-0.151672871,-0.683791478,-0.713739837,2.176376078,0.000000000,0.000000000,0.000000000,1.000000000
2026-09-26T17:08:51.712,1790406531712153617,1790406531,562268000,1790406531562268000,0.389986334,1.184618751,0.353379954,-0.016185734,0.069289943,-1.511960441,0.017876227,0.030750127,-0.685364141,0.727331330,0.058660696,0.998072913,0.020227598,0.389986334,-0.995874140,0.059912450,-0.068154025,1.184618751,-0.069234517,-0.016146271,0.997470099,0.353379954,0.000000000,0.000000000,0.000000000,1.000000000,-0.982608905,0.182270493,0.035457110,0.082280678,0.105946753,0.707145569,-0.699085423,-0.575175892,-0.152495983,-0.683170997,-0.714158501,2.176732880,0.000000000,0.000000000,0.000000000,1.000000000
2026-09-26T17:08:51.778,1790406531778932932,1790406531,630266000,1790406531630266000,0.389671995,1.182820884,0.355239256,-0.017269103,0.069015597,-1.512536670,0.017397106,0.031016647,-0.685561028,0.727146055,0.058087938,0.998085089,0.021253696,0.389671995,-0.995926701,0.059406416,-0.067828159,1.182820884,-0.068960826,-0.017227217,0.997470976,0.355239256,0.000000000,0.000000000,0.000000000,1.000000000,-0.982704854,0.181670974,0.035872371,0.082104327,0.104899142,0.705771357,-0.700630403,-0.574854407,-0.152601900,-0.684749917,-0.712622067,2.175049734,0.000000000,0.000000000,0.000000000,1.000000000
2026-09-26T17:08:51.845,1790406531845598256,1790406531,694267000,1790406531694267000,0.389425399,1.184240882,0.353750002,-0.016571052,0.069139777,-1.511975571,0.017684843,0.030827454,-0.685365941,0.727331039,0.058646239,0.998066098,0.020602336,0.389425399,-0.995885394,0.059921127,-0.067981720,1.184240882,-0.069084711,-0.016530785,0.997474188,0.353750002,0.000000000,0.000000000,0.000000000,1.000000000,-0.982633175,0.182085620,0.035733328,0.082137346,0.105456415,0.706445402,-0.699867015,-0.575062087,-0.152679365,-0.683944238,-0.713378785,2.176109635,0.000000000,0.000000000,0.000000000,1.000000000
2026-09-26T17:08:51.912,1790406531912166016,1790406531,762271000,1790406531762271000,0.389780979,1.185000978,0.353067876,-0.018541604,0.069628179,-1.511840463,0.017133545,0.031681381,-0.685278642,0.727389796,0.058778795,0.998014906,0.022606909,0.389780979,-0.995843661,0.060198831,-0.068346755,1.185000978,-0.069571936,-0.018495698,0.997405822,0.353067876,0.000000000,0.000000000,0.000000000,1.000000000,-0.982694828,0.181781676,0.035585084,0.082249322,0.105343709,0.706479021,-0.699850052,-0.575256091,-0.152360030,-0.683990362,-0.713402836,2.176964616,0.000000000,0.000000000,0.000000000,1.000000000
2026-09-26T17:08:51.978,1790406531978894046,1790406531,830263000,1790406531830263000,0.389424509,1.185696787,0.350860822,-0.021039302,0.068428180,-1.510481484,0.015791851,0.032111753,-0.684762900,0.727886820,0.060137060,0.997873884,0.025120084,0.389424509,-0.995845479,0.061700357,-0.066967310,1.185696787,-0.068374795,-0.020988595,0.997439265,0.350860822,0.000000000,0.000000000,0.000000000,1.000000000,-0.982632580,0.182170467,0.035314792,0.082302019,0.105858462,0.706629031,-0.699620896,-0.575352021,-0.152404723,-0.683731916,-0.713640993,2.177175010,0.000000000,0.000000000,0.000000000,1.000000000
2026-09-26T17:08:52.045,1790406532045555476,1790406531,894266000,1790406531894266000,0.390594455,1.184085829,0.353285599,-0.016825220,0.069093204,-1.512926769,0.017591133,0.030889262,-0.685708554,0.727007692,0.057699113,0.998117436,0.020788666,0.390594455,-0.995943939,0.058988243,-0.067939916,1.184085829,-0.069038248,-0.016784364,0.997473170,0.353285599,0.000000000,0.000000000,0.000000000,1.000000000,-0.982772742,0.181516666,0.034776968,0.082256865,0.105735065,0.706536413,-0.699733087,-0.575117081,-0.151584411,-0.684001460,-0.713557404,2.175845399,0.000000000,0.000000000,0.000000000,1.000000000
2026-09-26T17:08:52.112,1790406532112178352,1790406531,962269000,1790406531962269000,0.390412071,1.185272876,0.353263567,-0.016724376,0.070611705,-1.512372480,0.018140026,0.031411386,-0.685485792,0.727181885,0.058244958,0.998085202,0.020814108,0.390412071,-0.995806000,0.059559919,-0.069446390,1.185272876,-0.070553046,-0.016682003,0.997368887,0.353263567,0.000000000,0.000000000,0.000000000,1.000000000,-0.982800263,0.181549858,0.033812618,0.082252374,0.106501436,0.706786433,-0.699364270,-0.575400981,-0.150867784,-0.683734295,-0.713965213,2.177210681,0.000000000,0.000000000,0.000000000,1.000000000
2026-09-26T17:08:52.712,1790406532712157298,1790406532,562265000,1790406532562265000,0.390300641,1.183411300,0.355259182,-0.016221712,0.070277494,-1.512873403,0.018215963,0.031113089,-0.685680797,0.727008940,0.057747489,0.998125544,0.020258302,0.390300641,-0.995858536,0.059019627,-0.069153707,1.183411300,-0.070219665,-0.016181041,0.997400668,0.355259182,0.000000000,0.000000000,0.000000000,1.000000000,-0.982813702,0.181318226,0.034654402,0.082246743,0.105687181,0.706591716,-0.699684476,-0.574970326,-0.151352061,-0.683996964,-0.713611033,2.175846916,0.000000000,0.000000000,0.000000000,1.000000000
2026-09-26T17:08:52.778,1790406532778935253,1790406532,630264000,1790406532630264000,0.390427771,1.184448016,0.353205893,-0.014974088,0.069108058,-1.512722276,0.018266021,0.030261845,-0.685662298,0.727061061,0.057902717,0.998142138,0.018955759,0.390427771,-0.995931095,0.059066712,-0.068059914,1.184448016,-0.069053068,-0.014937868,0.997501505,0.353205893,0.000000000,0.000000000,0.000000000,1.000000000,-0.982770581,0.181689288,0.033926221,0.082276401,0.106519401,0.706764688,-0.699383509,-0.575061766,-0.151048346,-0.683719737,-0.713940977,2.176565013,0.000000000,0.000000000,0.000000000,1.000000000
2026-09-26T17:08:52.845,1790406532845542757,1790406532,694265000,1790406532694265000,0.390026664,1.182610309,0.355111301,-0.018146284,0.069146167,-1.512372444,0.017120395,0.031366175,-0.685485670,0.727208671,0.058250969,0.998056144,0.022147924,0.390026664,-0.995908150,0.059632159,-0.067902402,1.182610309,-0.069091084,-0.018102008,0.997446469,0.355111301,0.000000000,0.000000000,0.000000000,1.000000000,-0.982652597,0.181916150,0.036060887,0.082156738,0.105005924,0.706036700,-0.700347010,-0.574836350,-0.152864742,-0.684411201,-0.712891071,2.174960366,0.000000000,0.000000000,0.000000000,1.000000000
2026-09-26T17:08:52.912,1790406532912127427,1790406532,762263000,1790406532762263000,0.388472272,1.184207619,0.351677078,-0.022044740,0.067617436,-1.510719511,0.015151953,0.032159329,-0.684845996,0.727820141,0.059903329,0.997863868,0.026058893,0.388472272,-0.995914773,0.061512342,-0.066104242,1.184207619,-0.067565926,-0.021992661,0.997472751,0.351677078,0.000000000,0.000000000,0.000000000,1.000000000,-0.982845617,0.181034616,0.035227284,0.082108626,0.104954244,0.706075175,-0.700315967,-0.574865305,-0.151654543,-0.684605225,-0.712963242,2.175228822,0.000000000,0.000000000,0.000000000,1.000000000
2026-09-26T17:08:52.978,1790406532978814894,1790406532,830262000,1790406532830262000,0.390378589,1.184310066,0.353519286,-0.016898309,0.069574857,-1.512638093,0.017725316,0.031091865,-0.685595276,0.727102625,0.057984677,0.998098370,0.020909154,0.390378589,-0.995893929,0.059289444,-0.068409195,1.184310066,-0.069518744,-0.016856705,0.997438577,0.353519286,0.000000000,0.000000000,0.000000000,1.000000000,-0.982799243,0.181411144,0.034578098,0.082258727,0.105853592,0.706786346,-0.699462707,-0.575113633,-0.151329658,-0.683771203,-0.713832107,2.176385026,0.000000000,0.000000000,0.000000000,1.000000000
2026-09-26T17:08:53.045,1790406533045563581,1790406532,894264000,1790406532894264000,0.390086999,1.186396116,0.351874460,-0.017483699,0.070031872,-1.512161426,0.017661760,0.031462798,-0.685405910,0.727266728,0.058457512,0.998057098,0.021552728,0.390086999,-0.995834356,0.059813184,-0.068819272,1.186396116,-0.069974646,-0.017440035,0.997396668,0.351874460,0.000000000,0.000000000,0.000000000,1.000000000,-0.982771932,0.181478815,0.034996696,0.082258260,0.105707740,0.707245188,-0.699020828,-0.575417123,-0.151608717,-0.683278628,-0.714244435,2.178416516,0.000000000,0.000000000,0.000000000,1.000000000
2026-09-26T17:08:53.112,1790406533112164958,1790406532,962265000,1790406532962265000,0.390156511,1.184639249,0.353110546,-0.014936772,0.068911210,-1.512471936,0.018208287,0.030179806,-0.685574715,0.727148505,0.058152828,0.998128198,0.018924105,0.390156511,-0.995930119,0.059311118,-0.067861356,1.184639249,-0.068856689,-0.014900848,0.997515634,0.353110546,0.000000000,0.000000000,0.000000000,1.000000000,-0.982807057,0.181555006,0.033586741,0.082143332,0.106682313,0.706860472,-0.699261867,-0.575051200,-0.150695632,-0.683656386,-0.714076167,2.176733246,0.000000000,0.000000000,0.000000000,1.000000000
2026-09-26T17:08:53.712,1790406533712153509,1790406533,562264000,1790406533562264000,0.389340894,1.186848970,0.351029654,-0.019369981,0.068411181,-1.509344666,0.016375632,0.031543329,-0.684375883,0.728262664,0.061269188,0.997843788,0.023529469,0.389340894,-0.995777631,0.062722561,-0.067026585,1.186848970,-0.068357836,-0.019323544,0.997474073,0.351029654,0.000000000,0.000000000,0.000000000,1.000000000,-0.982421937,0.183450869,0.034538610,0.081956966,0.107107932,0.705487588,-0.700582011,-0.573431994,-0.152888940,-0.684567777,-0.712735526,2.180166684,0.000000000,0.000000000,0.000000000,1.000000000
2026-09-26T17:08:53.778,1790406533778912120,1790406533,630285000,1790406533630285000,0.389102951,1.185614061,0.351075632,-0.018817688,0.067998046,-1.511562140,0.016469857,0.031185753,-0.685197837,0.727502657,0.059062595,0.997993640,0.022805203,0.389102951,-0.995939152,0.060464917,-0.066700626,1.185614061,-0.067945662,-0.018773173,0.997512744,0.351075632,0.000000000,0.000000000,0.000000000,1.000000000,-0.982892547,0.180917439,0.034512639,0.081899157,0.105269050,0.705588247,-0.700759340,-0.572476969,-0.151131297,-0.685138019,-0.712562436,2.178674592,0.000000000,0.000000000,0.000000000,1.000000000
2026-09-26T17:08:53.845,1790406533845591109,1790406533,694264000,1790406533694264000,0.389499728,1.184598967,0.350983222,-0.017964638,0.065317274,-1.512756763,0.015878964,0.029909427,-0.685684900,0.727110379,0.057883138,0.998086971,0.021718964,0.389499728,-0.996187260,0.059167735,-0.064108477,1.184598967,-0.065270845,-0.017925445,0.997706929,0.350983222,0.000000000,0.000000000,0.000000000,1.000000000,-0.983103516,0.179972005,0.033429850,0.081709500,0.104764461,0.702951210,-0.703479924,-0.571792582,-0.150106246,-0.688091327,-0.709928476,2.178452360,0.000000000,0.000000000,0.000000000,1.000000000
2026-09-26T17:08:53.912,1790406533912138741,1790406533,762262000,1790406533762262000,0.391514982,1.182542825,0.357149579,-0.010827371,0.071050512,-1.515579423,0.020481875,0.029516767,-0.686734270,0.726020176,0.055049455,0.998374882,0.014728311,0.391514982,-0.995956659,0.055952653,-0.070280938,1.182542825,-0.070990755,-0.010799926,0.997418865,0.357149579,0.000000000,0.000000000,0.000000000,1.000000000,-0.982939159,0.180659109,0.034538322,0.081786543,0.105285591,0.706615469,-0.699721033,-0.571909241,-0.150816290,-0.684146816,-0.713580816,2.177958430,0.000000000,0.000000000,0.000000000,1.000000000
2026-09-26T17:08:53.978,1790406533978959280,1790406533,830261000,1790406533830261000,0.389628460,1.185364937,0.351686552,-0.017981727,0.069169161,-1.512149165,0.017184619,0.031320049,-0.685406711,0.727283565,0.058473239,0.998046414,0.022000194,0.389628460,-0.995893533,0.059844240,-0.067930200,1.185364937,-0.069114024,-0.017937842,0.997447846,0.351686552,0.000000000,0.000000000,0.000000000,1.000000000,-0.983024991,0.180411898,0.033367848,0.081851464,0.105810360,0.706045292,-0.700217262,-0.571895633,-0.149886737,-0.684800404,-0.713149615,2.179638368,0.000000000,0.000000000,0.000000000,1.000000000
2026-09-26T17:08:54.045,1790406534045761722,1790406533,894265000,1790406533894265000,0.390902211,1.184412717,0.352722329,-0.014669720,0.066429511,-1.513921094,0.017475353,0.029173737,-0.686140871,0.726673386,0.056719045,0.998220158,0.018418434,0.390902211,-0.996180884,0.057810215,-0.065432410,1.184412717,-0.066380670,-0.014636920,0.997687369,0.352722329,0.000000000,0.000000000,0.000000000,1.000000000,-0.982823593,0.181168283,0.035154496,0.081775211,0.105047599,0.705814760,-0.700564434,-0.572196080,-0.151732618,-0.684838359,-0.712722691,2.180048406,0.000000000,0.000000000,0.000000000,1.000000000
2026-09-26T17:08:54.112,1790406534112272706,1790406533,962266000,1790406533962266000,0.389613924,1.181976420,0.359773045,-0.015094611,0.072322737,-1.512098770,0.019315070,0.031477208,-0.685385975,0.727242861,0.058510350,0.998099979,0.019306579,0.389613924,-0.995668052,0.059745568,-0.071241644,1.181976420,-0.072259710,-0.015054663,0.997272586,0.359773045,0.000000000,0.000000000,0.000000000,1.000000000,-0.982642882,0.182124548,0.035264920,0.081755585,0.105580617,0.705375357,-0.700926772,-0.572299580,-0.152530977,-0.685037412,-0.712360896,2.178793261,0.000000000,0.000000000,0.000000000,1.000000000
2026-09-26T17:08:54.712,1790406534712185182,1790406534,562264000,1790406534562264000,0.392434844,1.179650224,0.368518396,-0.008174159,0.074356821,-1.515164522,0.022574476,0.029810208,-0.686576009,0.726095812,0.055449320,0.998385724,0.012291931,0.392434844,-0.995693936,0.056207136,-0.073716491,1.179650224,-0.074288328,-0.008151567,0.997203847,0.368518396,0.000000000,0.000000000,0.000000000,1.000000000,-0.982497861,0.182753804,0.036041641,0.081896024,0.105337120,0.704678220,-0.701664234,-0.573355692,-0.153629567,-0.685587086,-0.711595603,2.180539815,0.000000000,0.000000000,0.000000000,1.000000000
2026-09-26T17:08:54.778,1790406534778812048,1790406534,630262000,1790406534630262000,0.387765406,1.192048439,0.337753889,-0.025833130,0.059462079,-1.510008971,0.010967432,0.030494643,-0.684652318,0.728149020,0.060642410,0.997726621,0.029391521,0.387765406,-0.996388840,0.062261418,-0.057728378,1.192048439,-0.059427049,-0.025784680,0.997899944,0.337753889,0.000000000,0.000000000,0.000000000,1.000000000,-0.983253270,0.179124050,0.033579494,0.081870998,0.104180481,0.703636394,-0.702881392,-0.572220472,-0.149530716,-0.687612100,-0.710514015,2.184401263,0.000000000,0.000000000,0.000000000,1.000000000
2026-09-26T17:08:54.845,1790406534845546236,1790406534,698258000,1790406534698258000,0.391986857,1.185431895,0.357149742,-0.010804625,0.067930216,-1.516090811,0.019425520,0.028371668,-0.686963598,0.725877891,0.054551974,0.998405538,0.014499468,0.391986857,-0.996201013,0.055406908,-0.067181795,1.185431895,-0.067877991,-0.010779578,0.997635754,0.357149742,0.000000000,0.000000000,0.000000000,1.000000000,-0.983271926,0.179164316,0.032809576,0.081966716,0.104649028,0.703121625,-0.703326782,-0.573090774,-0.149080184,-0.688127989,-0.710109125,2.183430081,0.000000000,0.000000000,0.000000000,1.000000000
2026-09-26T17:08:54.912,1790406534912192457,1790406534,762261000,1790406534762261000,0.389339044,1.185838315,0.351279971,-0.017778115,0.069849279,-1.512617848,0.017499272,0.031493344,-0.685570004,0.727114650,0.058003727,0.998078103,0.021804578,0.389339044,-0.995873673,0.059374672,-0.068629813,1.185838315,-0.069792499,-0.017733911,0.997404248,0.351279971,0.000000000,0.000000000,0.000000000,1.000000000,-0.983016402,0.180163224,0.034928025,0.081672160,0.104871539,0.707665968,-0.698720858,-0.571966694,-0.150601177,-0.683191108,-0.714541248,2.180231349,0.000000000,0.000000000,0.000000000,1.000000000
2026-09-26T17:08:54.978,1790406534978930417,1790406534,830263000,1790406534830263000,0.389731653,1.184357237,0.351943439,-0.015655368,0.063557929,-1.511989460,0.016104031,0.028484566,-0.685464423,0.727370479,0.058654157,0.998090500,0.019360170,0.389731653,-0.996255646,0.059757950,-0.062477582,1.184357237,-0.063515152,-0.015623199,0.997858939,0.351943439,0.000000000,0.000000000,0.000000000,1.000000000,-0.982564264,0.182422393,0.035910139,0.081704356,0.104954449,0.703645046,-0.702757577,-0.571976701,-0.153466711,-0.686735553,-0.710522519,2.179586515,0.000000000,0.000000000,0.000000000,1.000000000
2026-09-26T17:08:55.045,1790406535045629283,1790406534,898259000,1790406534898259000,0.391736029,1.184277459,0.359751227,-0.008860943,0.074014475,-1.515554007,0.022213403,0.029917394,-0.686712035,0.725973894,0.055062909,0.998399049,0.012930056,0.391736029,-0.995740793,0.055865872,-0.073342049,1.184277459,-0.073946923,-0.008836653,0.997223387,0.359751227,0.000000000,0.000000000,0.000000000,1.000000000,-0.982919857,0.180790622,0.034399199,0.081755268,0.105909672,0.708553385,-0.697664133,-0.573293677,-0.150504801,-0.682104722,-0.715598667,2.181795132,0.000000000,0.000000000,0.000000000,1.000000000
2026-09-26T17:08:55.112,1790406535112189657,1790406534,962262000,1790406534962262000,0.389440436,1.187139426,0.345290112,-0.019726330,0.059382333,-1.512017961,0.013191884,0.028361734,-0.685474377,0.727424543,0.058640831,0.998009954,0.023176631,0.389440436,-0.996513387,0.059901287,-0.058074756,1.187139426,-0.059347445,-0.019690359,0.998043532,0.345290112,0.000000000,0.000000000,0.000000000,1.000000000,-0.982839198,0.181041847,0.035368914,0.081623471,0.104135006,0.702807969,-0.703716463,-0.572359665,-0.152259683,-0.687956982,-0.709600014,2.180303155,0.000000000,0.000000000,0.000000000,1.000000000
2026-09-26T17:08:55.712,1790406535712150988,1790406535,562258000,1790406535562258000,0.390221335,1.183452520,0.353312618,-0.013661014,0.065206774,-1.513507688,0.017416284,0.028387202,-0.686022124,0.726818055,0.057135473,0.998215226,0.017368734,0.390221335,-0.996237639,0.058140218,-0.064265512,1.183452520,-0.065160581,-0.013631637,0.997782039,0.353312618,0.000000000,0.000000000,0.000000000,1.000000000,-0.982808795,0.181300765,0.034884171,0.081689422,0.105234329,0.705343924,-0.701010474,-0.572211188,-0.151699073,-0.685288247,-0.712297276,2.178826484,0.000000000,0.000000000,0.000000000,1.000000000
2026-09-26T17:08:55.778,1790406535778933325,1790406535,630259000,1790406535630259000,0.391272734,1.183428375,0.354538423,-0.012667151,0.067260439,-1.514723536,0.018499704,0.028781057,-0.686449784,0.726371879,0.055916540,0.998300415,0.016413250,0.391272734,-0.996170662,0.056888492,-0.066388906,1.183428375,-0.067209743,-0.012638253,0.997659182,0.354538423,0.000000000,0.000000000,0.000000000,1.000000000,-0.982978242,0.180596007,0.033746982,0.081786277,0.105595734,0.705675594,-0.700622221,-0.572374802,-0.150343997,-0.685132861,-0.712733923,2.178708325,0.000000000,0.000000000,0.000000000,1.000000000
2026-09-26T17:08:55.845,1790406535845702841,1790406535,698260000,1790406535698260000,0.390392707,1.182818161,0.354230586,-0.016998268,0.067901988,-1.512938502,0.017119740,0.030515714,-0.685727821,0.727016548,0.057692143,0.998115684,0.020891880,0.390392707,-0.996026011,0.058968122,-0.066743692,1.182818161,-0.067849827,-0.016958360,0.997551770,0.354230586,0.000000000,0.000000000,0.000000000,1.000000000,-0.982689378,0.181781572,0.035735771,0.081658336,0.104982128,0.705338392,-0.701053853,-0.571953270,-0.152644483,-0.685166558,-0.712212363,2.177684400,0.000000000,0.000000000,0.000000000,1.000000000
2026-09-26T17:08:55.912,1790406535912183957,1790406535,762261000,1790406535762261000,0.390846220,1.182617970,0.353561049,-0.013719535,0.065773981,-1.515065034,0.017611942,0.028599610,-0.686579247,0.726278748,0.055581850,0.998303115,0.017358575,0.390846220,-0.996288348,0.056597096,-0.064854231,1.182617970,-0.065726572,-0.013689520,0.997744123,0.353561049,0.000000000,0.000000000,0.000000000,1.000000000,-0.983112598,0.179860518,0.033761137,0.081638241,0.104909926,0.705078736,-0.701325805,-0.571801400,-0.149945083,-0.685940355,-0.712040941,2.177667370,0.000000000,0.000000000,0.000000000,1.000000000
2026-09-26T17:08:55.978,1790406535978909029,1790406535,830259000,1790406535830259000,0.390877073,1.182814807,0.354335383,-0.012608264,0.066699148,-1.514624393,0.018326939,0.028557981,-0.686422363,0.726410975,0.056017411,0.998296131,0.016329606,0.390877073,-0.996202621,0.056976507,-0.065831529,1.182814807,-0.066649711,-0.012579976,0.997697489,0.354335383,0.000000000,0.000000000,0.000000000,1.000000000,-0.982934173,0.180744211,0.034233644,0.081699352,0.105382092,0.705781685,-0.700547520,-0.572071735,-0.150781388,-0.684984484,-0.712784140,2.178084366,0.000000000,0.000000000,0.000000000,1.000000000
2026-09-26T17:08:56.045,1790406536045554147,1790406535,898258000,1790406535898258000,0.388556707,1.187497009,0.346334603,-0.020231641,0.064644700,-1.510118317,0.014783862,0.030461789,-0.684700679,0.728037428,0.060513969,0.997876025,0.024109590,0.388556707,-0.996074664,0.061932417,-0.063240898,1.187497009,-0.064599690,-0.020188083,0.997707393,0.346334603,0.000000000,0.000000000,0.000000000,1.000000000,-0.982852949,0.181225371,0.034021261,0.081811626,0.105839051,0.705548924,-0.700713073,-0.572355740,-0.150990650,-0.685097132,-0.712631562,2.179592510,0.000000000,0.000000000,0.000000000,1.000000000
2026-09-26T17:08:56.112,1790406536112161644,1790406535,962260000,1790406535962260000,0.391112255,1.180553282,0.358466530,-0.011348618,0.067182973,-1.515583713,0.018964143,0.028292220,-0.686781998,0.726065010,0.055059923,0.998369726,0.015035503,0.391112255,-0.996223587,0.055941277,-0.066399651,1.180553282,-0.067132452,-0.011322856,0.997680182,0.358466530,0.000000000,0.000000000,0.000000000,1.000000000,-0.982983512,0.180471647,0.034254935,0.081622277,0.104609614,0.703254921,-0.703199364,-0.571245352,-0.150997499,-0.687649984,-0.710167061,2.178003275,0.000000000,0.000000000,0.000000000,1.000000000
2026-09-26T17:08:56.745,1790406536745314474,1790406536,562258000,1790406536562258000,0.390409368,1.188529558,0.346189727,-0.015579960,0.058607491,-1.511841240,0.014431864,0.026660147,-0.685477460,0.727462446,0.058819628,0.998087625,0.019003061,0.390409368,-0.996548614,0.059824328,-0.057547210,1.188529558,-0.058573953,-0.015552658,0.998162275,0.346189727,0.000000000,0.000000000,0.000000000,1.000000000,-0.982745990,0.181918250,0.033407633,0.081920678,0.106020315,0.702053249,-0.704188135,-0.573679373,-0.151558611,-0.688496178,-0.709227045,2.182702553,0.000000000,0.000000000,0.000000000,1.000000000
2026-09-26T17:08:56.812,1790406536812303363,1790406536,630258000,1790406536630258000,0.391561763,1.182844271,0.358250061,-0.013732775,0.072146473,-1.514523371,0.019787322,0.030922481,-0.686290992,0.726399984,0.056096798,0.998267171,0.017764443,0.391561763,-0.995819691,0.057225854,-0.071190738,1.182844271,-0.072083907,-0.013696703,0.997304883,0.358250061,0.000000000,0.000000000,0.000000000,1.000000000,-0.982851139,0.181065942,0.034910777,0.081848942,0.105360011,0.706784773,-0.699538815,-0.572893997,-0.151337060,-0.683864321,-0.713741329,2.179059524,0.000000000,0.000000000,0.000000000,1.000000000
2026-09-26T17:08:56.912,1790406536912174753,1790406536,698256000,1790406536698256000,0.388436149,1.185546332,0.347997388,-0.019782269,0.064255749,-1.510876574,0.014825628,0.030160826,-0.684989171,0.727777687,0.059760171,0.997933870,0.023589951,0.388436149,-0.996145269,0.061139655,-0.062899275,1.185546332,-0.064211546,-0.019740235,0.997741410,0.347997388,0.000000000,0.000000000,0.000000000,1.000000000,-0.982766527,0.181494678,0.035066154,0.081578348,0.105021176,0.704319538,-0.702071607,-0.571794010,-0.152120038,-0.686289786,-0.711242450,2.178573158,0.000000000,0.000000000,0.000000000,1.000000000
2026-09-26T17:08:56.945,1790406536945360237,1790406536,762259000,1790406536762259000,0.391410669,1.182282915,0.357958840,-0.011532023,0.068639804,-1.513600964,0.019369377,0.028903092,-0.686039229,0.726732148,0.057029424,0.998253090,0.015433293,0.391410669,-0.996013761,0.057949588,-0.067810085,1.182282915,-0.068585925,-0.011504695,0.997579236,0.357958840,0.000000000,0.000000000,0.000000000,1.000000000,-0.982471148,0.183059577,0.035208443,0.081725675,0.106336741,0.705474127,-0.700713032,-0.573051867,-0.153110877,-0.684686386,-0.712573935,2.178657104,0.000000000,0.000000000,0.000000000,1.000000000
2026-09-26T17:08:57.012,1790406537012023528,1790406536,830257000,1790406536830257000,0.388864214,1.186889514,0.350774228,-0.016997338,0.069284380,-1.511396408,0.017570414,0.031031182,-0.685146541,0.727531830,0.059222415,0.998022191,0.021075713,0.388864214,-0.995841279,0.060530577,-0.068087961,1.186889514,-0.069228967,-0.016955823,0.997457052,0.350774228,0.000000000,0.000000000,0.000000000,1.000000000,-0.982813604,0.181311489,0.034692422,0.081754645,0.105728531,0.706923450,-0.699343058,-0.572932440,-0.151323818,-0.683655893,-0.713943781,2.179991356,0.000000000,0.000000000,0.000000000,1.000000000
2026-09-26T17:08:57.078,1790406537078891855,1790406536,898256000,1790406536898256000,0.390858341,1.185932721,0.351233802,-0.013335346,0.064306930,-1.513448452,0.017225005,0.027949125,-0.686017390,0.726844059,0.057197823,0.998218071,0.016995991,0.390858341,-0.996292388,0.058166461,-0.063387032,1.185932721,-0.064262624,-0.013307467,0.997844650,0.351233802,0.000000000,0.000000000,0.000000000,1.000000000,-0.982838635,0.181296031,0.034058298,0.081992804,0.105792270,0.705218854,-0.701052326,-0.573426911,-0.151116558,-0.685418206,-0.712296054,2.180436488,0.000000000,0.000000000,0.000000000,1.000000000
2026-09-26T17:08:57.145,1790406537145551838,1790406536,962258000,1790406536962258000,0.391708388,1.184122590,0.354155540,-0.014512347,0.070264566,-1.514766640,0.018861767,0.030504500,-0.686395206,0.726343810,0.055862041,0.998268450,0.018420242,0.391708388,-0.995966987,0.057011290,-0.069276618,1.184122590,-0.070206768,-0.014476112,0.997427777,0.354155540,0.000000000,0.000000000,0.000000000,1.000000000,-0.983032460,0.180302666,0.033736206,0.081816220,0.105710028,0.707154222,-0.699112506,-0.572667030,-0.149908549,-0.683684031,-0.714215355,2.179654145,0.000000000,0.000000000,0.000000000,1.000000000
2026-09-26T17:08:57.712,1790406537712170545,1790406537,562266000,1790406537562266000,0.389965070,1.186310130,0.349540138,-0.018299987,0.067404908,-1.512222351,0.016464989,0.030787327,-0.685454860,0.727277581,0.058407401,0.998045626,0.022209838,0.389965070,-0.996017985,0.059760660,-0.066155955,1.186310130,-0.067353883,-0.018257491,0.997562448,0.349540138,0.000000000,0.000000000,0.000000000,1.000000000,-0.982814030,0.181312817,0.034673415,0.081710965,0.105509174,0.705866508,-0.700442922,-0.573171161,-0.151474082,-0.684746768,-0.712865672,2.178752774,0.000000000,0.000000000,0.000000000,1.000000000
2026-09-26T17:08:57.778,1790406537778891147,1790406537,630260000,1790406537630260000,0.393122978,1.179074143,0.363362671,-0.011351800,0.072022757,-1.515587150,0.020625590,0.030049557,-0.686715360,0.726012137,0.055037925,0.998366846,0.015304852,0.393122978,-0.995887699,0.055992780,-0.071219921,1.179074143,-0.071960513,-0.011322211,0.997343577,0.363362671,0.000000000,0.000000000,0.000000000,1.000000000,-0.982512994,0.182655309,0.036128299,0.081795312,0.105477986,0.705908541,-0.700405258,-0.573035024,-0.153436013,-0.684346527,-0.712830429,2.177688672,0.000000000,0.000000000,0.000000000,1.000000000
2026-09-26T17:08:57.845,1790406537845629150,1790406537,698285000,1790406537698285000,0.388873077,1.195423502,0.337276938,-0.022274106,0.058102631,-1.510424919,0.011803409,0.028779170,-0.684876117,0.727995291,0.060232778,0.997852456,0.025734441,0.388873077,-0.996493698,0.061610349,-0.056606055,1.195423502,-0.058069950,-0.022234755,0.998065238,0.337276938,0.000000000,0.000000000,0.000000000,1.000000000,-0.983209021,0.179613963,0.032231122,0.082045290,0.105067752,0.701611015,-0.704771418,-0.574346293,-0.149200497,-0.689551164,-0.708701914,2.188238851,0.000000000,0.000000000,0.000000000,1.000000000
2026-09-26T17:08:57.912,1790406537912332489,1790406537,766253000,1790406537766253000,0.392065904,1.181181891,0.364891702,-0.011199703,0.075808285,-1.516410572,0.021994027,0.031361869,-0.686960713,0.725684281,0.054202674,0.998412623,0.015299550,0.392065904,-0.995653540,0.055202066,-0.075010262,1.181181891,-0.075735701,-0.011167389,0.997065750,0.364891702,0.000000000,0.000000000,0.000000000,1.000000000,-0.983023846,0.180012027,0.035493488,0.081938560,0.104454580,0.708106820,-0.698336576,-0.574174509,-0.150842163,-0.682774049,-0.714888970,2.179545905,0.000000000,0.000000000,0.000000000,1.000000000
2026-09-26T17:08:57.978,1790406537978905578,1790406537,830258000,1790406537830258000,0.389031348,1.187345373,0.347611106,-0.016927072,0.065121599,-1.512592359,0.016186624,0.029483930,-0.685643343,0.727160159,0.058047657,0.998099431,0.020682563,0.389031348,-0.996190461,0.059261980,-0.063971532,1.187345373,-0.065075586,-0.016890465,0.997737741,0.347611106,0.000000000,0.000000000,0.000000000,1.000000000,-0.983088826,0.179950067,0.033975487,0.081750147,0.105040350,0.706069840,-0.700308437,-0.573107761,-0.150009616,-0.684896602,-0.713031388,2.179621287,0.000000000,0.000000000,0.000000000,1.000000000
2026-09-26T17:08:58.045,1790406538045560056,1790406537,898258000,1790406537898258000,0.391467933,1.184709360,0.355255625,-0.012293605,0.066352913,-1.513421068,0.018305296,0.028335300,-0.685994397,0.726824404,0.057217447,0.998232204,0.016074900,0.391467933,-0.996157472,0.058152790,-0.065485261,1.184709360,-0.066304242,-0.012266324,0.997724413,0.355255625,0.000000000,0.000000000,0.000000000,1.000000000,-0.982577884,0.182588736,0.034670667,0.081920269,0.106236538,0.704870617,-0.701335306,-0.574185728,-0.152494261,-0.685433269,-0.711987875,2.180317188,0.000000000,0.000000000,0.000000000,1.000000000
2026-09-26T17:08:58.112,1790406538112170268,1790406537,966252000,1790406537966252000,0.389939515,1.183767279,0.353228052,-0.017015140,0.069954363,-1.512699705,0.017813980,0.031269258,-0.685610142,0.727078832,0.057921782,0.998099198,0.021043526,0.389939515,-0.995871090,0.059242371,-0.068781452,1.183767279,-0.069897326,-0.016972786,0.997410150,0.353228052,0.000000000,0.000000000,0.000000000,1.000000000,-0.982836642,0.181141912,0.034924818,0.081821214,0.105422681,0.706858075,-0.699455303,-0.572555424,-0.151387560,-0.683768433,-0.713822483,2.177269637,0.000000000,0.000000000,0.000000000,1.000000000
2026-09-26T17:08:58.712,1790406538712148778,1790406538,566257000,1790406538566257000,0.389370558,1.182618900,0.354273123,-0.018555010,0.069273176,-1.512389500,0.017015610,0.031552270,-0.685483511,0.727205115,0.058233469,0.998047888,0.022562091,0.389370558,-0.995900376,0.059645231,-0.068004875,1.182618900,-0.069217789,-0.018509526,0.997430205,0.354273123,0.000000000,0.000000000,0.000000000,1.000000000,-0.982784455,0.181227086,0.035936874,0.081765745,0.104560442,0.705935895,-0.700515257,-0.572632423,-0.152321469,-0.684697930,-0.712732008,2.175722075,0.000000000,0.000000000,0.000000000,1.000000000
2026-09-26T17:08:58.778,1790406538778910096,1790406538,630256000,1790406538630256000,0.390077883,1.184459236,0.354226783,-0.016405714,0.070535097,-1.511454439,0.018215257,0.031282692,-0.685158081,0.727494331,0.059159444,0.998036780,0.020555287,0.390077883,-0.995757502,0.060452799,-0.069370248,1.184459236,-0.070476629,-0.016364268,0.997379554,0.354226783,0.000000000,0.000000000,0.000000000,1.000000000,-0.982551350,0.182720377,0.034729086,0.081858302,0.106568949,0.706111940,-0.700034990,-0.573408901,-0.152433279,-0.684119282,-0.713263558,2.178098225,0.000000000,0.000000000,0.000000000,1.000000000
2026-09-26T17:08:58.845,1790406538845577095,1790406538,698254000,1790406538698254000,0.389264539,1.183086209,0.352888064,-0.017219518,0.067212467,-1.511724330,0.016784332,0.030351257,-0.685293097,0.727441035,0.058904196,0.998039385,0.021153111,0.389264539,-0.996001694,0.060182898,-0.066018313,1.183086209,-0.067161878,-0.017179869,0.997594534,0.352888064,0.000000000,0.000000000,0.000000000,1.000000000,-0.982746922,0.181702131,0.034537263,0.081823244,0.105773072,0.705315507,-0.700957982,-0.572719217,-0.151725226,-0.685211187,-0.712365836,2.175985117,0.000000000,0.000000000,0.000000000,1.000000000
2026-09-26T17:08:58.912,1790406538912191181,1790406538,766257000,1790406538766257000,0.390796434,1.184591520,0.353242648,-0.015808744,0.068862001,-1.512770290,0.017878924,0.030458155,-0.685670682,0.727054579,0.057855882,0.998129031,0.019771359,0.390796434,-0.995950807,0.059071701,-0.067766511,1.184591520,-0.068807595,-0.015770701,0.997505649,0.353242648,0.000000000,0.000000000,0.000000000,1.000000000,-0.982673871,0.182050721,0.034779288,0.081895119,0.105974759,0.705836944,-0.700402426,-0.573343205,-0.152057273,-0.684581436,-0.712900303,2.178393290,0.000000000,0.000000000,0.000000000,1.000000000
2026-09-26T17:08:58.979,1790406538979150736,1790406538,830255000,1790406538830255000,0.390197386,1.183654645,0.354461667,-0.015074994,0.068652267,-1.513119296,0.018078974,0.030127236,-0.685811721,0.726930385,0.057509116,0.998163990,0.019003248,0.390197386,-0.995985323,0.058670450,-0.067607611,1.183654645,-0.068598357,-0.015038994,0.997531360,0.354461667,0.000000000,0.000000000,0.000000000,1.000000000,-0.982731923,0.181593298,0.035522413,0.081810181,0.105187430,0.706204863,-0.700150196,-0.573184197,-0.152228684,-0.684323437,-0.713111395,2.177268043,0.000000000,0.000000000,0.000000000,1.000000000
2026-09-26T17:08:59.045,1790406539045556601,1790406538,898256000,1790406538898256000,0.389781346,1.183696900,0.353026024,-0.017399335,0.069595240,-1.511834581,0.017537594,0.031278069,-0.685294983,0.727382225,0.058784787,0.998039759,0.021465359,0.389781346,-0.995845602,0.060126020,-0.068382551,1.183696900,-0.069539078,-0.017356421,0.997428589,0.353026024,0.000000000,0.000000000,0.000000000,1.000000000,-0.982725461,0.181843390,0.034404215,0.081753080,0.106169934,0.706205907,-0.700000830,-0.572592190,-0.151586984,-0.684255945,-0.713312826,2.177376326,0.000000000,0.000000000,0.000000000,1.000000000
2026-09-26T17:08:59.112,1790406539112163861,1790406538,966254000,1790406538966254000,0.390689491,1.183624842,0.354235209,-0.015952512,0.067766662,-1.513040319,0.017454985,0.030107102,-0.685782660,0.726973884,0.057591260,0.998143102,0.019833488,0.390689491,-0.996041038,0.058794514,-0.066672569,1.183624842,-0.067714812,-0.015915302,0.997578131,0.354235209,0.000000000,0.000000000,0.000000000,1.000000000,-0.982708797,0.181769339,0.035260843,0.081946087,0.105389317,0.705686861,-0.700641953,-0.573295889,-0.152238338,-0.684810895,-0.712641233,2.178183473,0.000000000,0.000000000,0.000000000,1.000000000
2026-09-26T17:08:59.779,1790406539779024588,1790406539,566253000,1790406539566253000,0.389775082,1.184907581,0.351714541,-0.018281428,0.068185449,-1.511685227,0.016731081,0.031069128,-0.685248136,0.727454310,0.058939254,0.998012955,0.022272845,0.389775082,-0.995933686,0.060309709,-0.066922393,1.184907581,-0.068132631,-0.018238011,0.997509919,0.351714541,0.000000000,0.000000000,0.000000000,1.000000000,-0.982687858,0.181911741,0.035109719,0.081818636,0.105672813,0.706002139,-0.700281541,-0.573199977,-0.152176971,-0.684448025,-0.713002855,2.177953734,0.000000000,0.000000000,0.000000000,1.000000000
2026-09-26T17:08:59.845,1790406539845521281,1790406539,630253000,1790406539630253000,0.389367438,1.183321283,0.354731764,-0.016829410,0.070063353,-1.511381386,0.017898287,0.031256993,-0.685131993,0.727527871,0.059234154,0.998024030,0.020955276,0.389367438,-0.995786255,0.060547189,-0.068873413,1.183321283,-0.070006050,-0.016787409,0.997405662,0.354731764,0.000000000,0.000000000,0.000000000,1.000000000,-0.982468744,0.182867225,0.036259428,0.081773921,0.105660057,0.706434728,-0.699847075,-0.572994296,-0.153594012,-0.683746703,-0.713371801,2.176584723,0.000000000,0.000000000,0.000000000,1.000000000
2026-09-26T17:08:59.878,1790406539878898083,1790406539,698255000,1790406539698255000,0.389389370,1.183965450,0.353103139,-0.018268961,0.069151066,-1.511277335,0.017060268,0.031419348,-0.685085381,0.727584904,0.059341541,0.997987503,0.022344992,0.389389370,-0.995843424,0.060733518,-0.067875534,1.183965450,-0.069095971,-0.018224366,0.997443903,0.353103139,0.000000000,0.000000000,0.000000000,1.000000000,-0.982599668,0.182322968,0.035443304,0.081789235,0.105739514,0.705998200,-0.700275443,-0.573016651,-0.152699206,-0.684342660,-0.712992339,2.176777943,0.000000000,0.000000000,0.000000000,1.000000000
2026-09-26T17:08:59.945,1790406539945457241,1790406539,766251000,1790406539766251000,0.389459162,1.184338066,0.353694330,-0.015480681,0.069011700,-1.511463441,0.018029667,0.030411862,-0.685198259,0.727498038,0.059156778,0.998057306,0.019541332,0.389459162,-0.995864054,0.060356135,-0.067909481,1.184338066,-0.068956939,-0.015443296,0.997500458,0.353694330,0.000000000,0.000000000,0.000000000,1.000000000,-0.982592040,0.182491178,0.034782948,0.081860590,0.106342819,0.706033271,-0.700148716,-0.573256527,-0.152328883,-0.684261638,-0.713149298,2.177653674,0.000000000,0.000000000,0.000000000,1.000000000
2026-09-26T17:09:00.012,1790406540012002614,1790406539,830259000,1790406539830259000,0.390246880,1.184934163,0.352259154,-0.017469809,0.069039015,-1.511777147,0.017320358,0.031100535,-0.685281368,0.727407869,0.058844255,0.998035360,0.021506897,0.390246880,-0.995880682,0.060178484,-0.067823238,1.184934163,-0.068984189,-0.017427386,0.997465883,0.352259154,0.000000000,0.000000000,0.000000000,1.000000000,-0.982743567,0.181853795,0.033827176,0.081864844,0.106553491,0.706046690,-0.700103154,-0.573357542,-0.151199982,-0.684417467,-0.713239999,2.177994841,0.000000000,0.000000000,0.000000000,1.000000000
2026-09-26T17:09:00.078,1790406540078884978,1790406539,898252000,1790406539898252000,0.389600533,1.183836691,0.352820649,-0.017776087,0.068300787,-1.512197612,0.016962356,0.030933568,-0.685440586,0.727273398,0.058428483,0.998054716,0.021740934,0.389600533,-0.995955903,0.059766544,-0.067078861,1.183836691,-0.068247701,-0.017733786,0.997511145,0.352820649,0.000000000,0.000000000,0.000000000,1.000000000,-0.982830796,0.181182688,0.034877782,0.081861653,0.105324279,0.706125448,-0.700209717,-0.572971036,-0.151493968,-0.684514196,-0.713084773,2.177029535,0.000000000,0.000000000,0.000000000,1.000000000
2026-09-26T17:09:00.145,1790406540145532224,1790406539,966255000,1790406539966255000,0.389622187,1.183165492,0.354174755,-0.016465979,0.069458383,-1.511884919,0.017830900,0.030908058,-0.685329853,0.727358057,0.058735218,0.998062513,0.020522341,0.389622187,-0.995858051,0.060009685,-0.068303403,1.183165492,-0.069402551,-0.016425614,0.997453861,0.354174755,0.000000000,0.000000000,0.000000000,1.000000000,-0.982686507,0.181981996,0.034781924,0.081807607,0.106063259,0.706473597,-0.699746841,-0.572898481,-0.151913837,-0.683942695,-0.713543675,2.176268413,0.000000000,0.000000000,0.000000000,1.000000000
2026-09-26T17:09:00.745,1790406540745604491,1790406540,566251000,1790406540566251000,0.390184277,1.185378130,0.351621899,-0.016157612,0.067558523,-1.512295350,0.017297810,0.030108258,-0.685511761,0.727233047,0.058334086,0.998095122,0.020075722,0.390184277,-0.996011906,0.059548404,-0.066438283,1.185378130,-0.067507149,-0.016120133,0.997588916,0.351621899,0.000000000,0.000000000,0.000000000,1.000000000,-0.982746886,0.181751309,0.034278555,0.081830980,0.106139625,0.705973440,-0.700239875,-0.573667735,-0.151469263,-0.684520244,-0.713084216,2.177895761,0.000000000,0.000000000,0.000000000,1.000000000
2026-09-26T17:09:00.812,1790406540812188495,1790406540,630261000,1790406540630261000,0.388834485,1.184280275,0.353837027,-0.015586491,0.068086338,-1.510915041,0.017665712,0.030116525,-0.685010637,0.727695915,0.059706694,0.998022840,0.019628929,0.388834485,-0.995894732,0.060896282,-0.066970888,1.184280275,-0.068033750,-0.015549828,0.997562194,0.353837027,0.000000000,0.000000000,0.000000000,1.000000000,-0.982551921,0.182663426,0.035011359,0.081812389,0.106138441,0.705273005,-0.700945519,-0.573171829,-0.152729676,-0.684999315,-0.712354957,2.177884467,0.000000000,0.000000000,0.000000000,1.000000000
2026-09-26T17:09:00.878,1790406540878819600,1790406540,698257000,1790406540698257000,0.389708667,1.183920064,0.354586867,-0.015570860,0.069960205,-1.513014847,0.018345881,0.030773376,-0.685747014,0.726957675,0.057607915,0.998147134,0.019580602,0.389708667,-0.995888887,0.058828506,-0.068878936,1.183920064,-0.069903155,-0.015532224,0.997433215,0.354586867,0.000000000,0.000000000,0.000000000,1.000000000,-0.982872187,0.180939117,0.034975699,0.081835562,0.105137049,0.706411608,-0.699949171,-0.573032803,-0.151355424,-0.684283330,-0.713335727,2.177587664,0.000000000,0.000000000,0.000000000,1.000000000
2026-09-26T17:09:00.945,1790406540945790285,1790406540,766251000,1790406540766251000,0.389880061,1.183383542,0.353892456,-0.014978741,0.068492581,-1.512127648,0.018044277,0.030045169,-0.685454969,0.727271048,0.058497396,0.998107289,0.018964871,0.389880061,-0.995938727,0.059651361,-0.067435457,1.183383542,-0.068439047,-0.014943143,0.997543743,0.353892456,0.000000000,0.000000000,0.000000000,1.000000000,-0.982670964,0.182168604,0.034239995,0.081802304,0.106404419,0.705646549,-0.700529120,-0.572823504,-0.151775746,-0.684746338,-0.712801918,2.176588407,0.000000000,0.000000000,0.000000000,1.000000000
2026-09-26T17:09:00.978,1790406540978887763,1790406540,830256000,1790406540830256000,0.389107335,1.185561279,0.351198306,-0.020249228,0.068697335,-1.510878304,0.016177951,0.031935927,-0.684915784,0.727742220,0.059740780,0.997917478,0.024321164,0.389107335,-0.995850858,0.061256867,-0.067293673,1.185561279,-0.068643317,-0.020200165,0.997437100,0.351198306,0.000000000,0.000000000,0.000000000,1.000000000,-0.982706408,0.181781414,0.035265173,0.081861378,0.105490715,0.706116489,-0.700193697,-0.573304672,-0.152183520,-0.684364685,-0.713081450,2.178182541,0.000000000,0.000000000,0.000000000,1.000000000
2026-09-26T17:09:01.045,1790406541045815493,1790406540,898251000,1790406540898251000,0.390800195,1.185279946,0.355099512,-0.013344889,0.069441949,-1.512999398,0.018976939,0.029821989,-0.685782678,0.726947483,0.057625385,0.998187739,0.017329913,0.390800195,-0.995924030,0.058683570,-0.068493360,1.185279946,-0.069386158,-0.013312413,0.997501408,0.355099512,0.000000000,0.000000000,0.000000000,1.000000000,-0.982778075,0.181717635,0.033555266,0.082050517,0.106339393,0.704655109,-0.701536251,-0.573375155,-0.151126397,-0.685886200,-0.711843335,2.180445401,0.000000000,0.000000000,0.000000000,1.000000000
2026-09-26T17:09:01.112,1790406541112150871,1790406540,966254000,1790406540966254000,0.389851881,1.185889843,0.352441294,-0.017115659,0.071307562,-1.512907138,0.018244908,0.031793481,-0.685663372,0.726995212,0.057709679,0.998108010,0.021207673,0.389851881,-0.995787745,0.059065309,-0.070127249,1.185889843,-0.071247152,-0.017071411,0.997312955,0.352441294,0.000000000,0.000000000,0.000000000,1.000000000,-0.983007727,0.180296160,0.034483394,0.081931243,0.105316794,0.707804067,-0.698513977,-0.573017818,-0.150346874,-0.683012956,-0.714765080,2.179286579,0.000000000,0.000000000,0.000000000,1.000000000
2026-09-26T17:09:01.712,1790406541712148846,1790406541,566248000,1790406541566248000,0.390878089,1.185492309,0.359422678,-0.017140024,0.077309859,-1.512990764,0.020296497,0.033981402,-0.685598176,0.726903334,0.057600660,0.998106502,0.021571893,0.390878089,-0.995347700,0.059085969,-0.076102435,1.185492309,-0.077232875,-0.017088076,0.996866991,0.359422678,0.000000000,0.000000000,0.000000000,1.000000000,-0.982942354,0.180673238,0.034373096,0.081963210,0.105668958,0.707773912,-0.698491346,-0.573642693,-0.150527074,-0.682944559,-0.714792508,2.183893734,0.000000000,0.000000000,0.000000000,1.000000000
2026-09-26T17:09:01.778,1790406541778906669,1790406541,634252000,1790406541634252000,0.391693178,1.188586119,0.346010562,-0.013346611,0.057845030,-1.514189012,0.015012809,0.025599845,-0.686369739,0.726646988,0.056482309,0.998265552,0.016595410,0.391693178,-0.996728262,0.057341975,-0.056960017,1.188586119,-0.057812785,-0.013323970,0.998238887,0.346010562,0.000000000,0.000000000,0.000000000,1.000000000,-0.982843180,0.181240024,0.034224792,0.081919088,0.105079518,0.702712798,-0.703671101,-0.573767921,-0.151583567,-0.688002018,-0.709701096,2.183511056,0.000000000,0.000000000,0.000000000,1.000000000
2026-09-26T17:09:01.845,1790406541845563695,1790406541,698250000,1790406541698250000,0.392005567,1.184005201,0.363770894,-0.008776093,0.078855288,-1.515889552,0.023912140,0.031640769,-0.686763812,0.725797863,0.054708504,0.998416505,0.013085604,0.392005567,-0.995390123,0.055566933,-0.078170312,1.184005201,-0.078773597,-0.008748797,0.996854500,0.363770894,0.000000000,0.000000000,0.000000000,1.000000000,-0.982994444,0.180366830,0.034492466,0.081829534,0.105742401,0.709526700,-0.696699654,-0.574131592,-0.150134834,-0.681204572,-0.716533225,2.183084525,0.000000000,0.000000000,0.000000000,1.000000000
2026-09-26T17:09:01.912,1790406541912213299,1790406541,766249000,1790406541766249000,0.388798589,1.190449720,0.339756639,-0.023151342,0.057218518,-1.509630202,0.011169702,0.028762390,-0.684586553,0.728278254,0.061027803,0.997781429,0.026600778,0.388798589,-0.996496371,0.062432560,-0.055650063,1.190449720,-0.057187306,-0.023111463,0.998096285,0.339756639,0.000000000,0.000000000,0.000000000,1.000000000,-0.982605856,0.182316753,0.035303456,0.081583071,0.104938621,0.701976141,-0.704426989,-0.573439829,-0.153211026,-0.688469388,-0.708897935,2.180853475,0.000000000,0.000000000,0.000000000,1.000000000
2026-09-26T17:09:01.978,1790406541978878832,1790406541,834252000,1790406541834252000,0.392011933,1.179370436,0.362973573,-0.010055171,0.071745541,-1.515146401,0.020994544,0.029508376,-0.686578618,0.726153074,0.055477964,0.998361271,0.014026370,0.392011933,-0.995883224,0.056337643,-0.071010224,1.179370436,-0.071684013,-0.010029218,0.997377328,0.362973573,0.000000000,0.000000000,0.000000000,1.000000000,-0.982484121,0.182772611,0.036319765,0.081718643,0.105500923,0.706230625,-0.700077039,-0.572750141,-0.153605038,-0.683982805,-0.713143053,2.177054530,0.000000000,0.000000000,0.000000000,1.000000000
2026-09-26T17:09:02.112,1790406542112165509,1790406541,898253000,1790406541898253000,0.389041585,1.186535596,0.346070956,-0.019956540,0.063412214,-1.512432757,0.014496380,0.029902472,-0.685564906,0.727252678,0.058213054,0.998024677,0.023616872,0.389041585,-0.996290778,0.059580811,-0.062085307,1.186535596,-0.063369729,-0.019915185,0.997791754,0.346070956,0.000000000,0.000000000,0.000000000,1.000000000,-0.983135336,0.179720358,0.033845297,0.081581918,0.104666838,0.704715999,-0.701726595,-0.572177612,-0.149965877,-0.686349731,-0.711641962,2.178985314,0.000000000,0.000000000,0.000000000,1.000000000
2026-09-26T17:09:02.178,1790406542178875673,1790406541,966249000,1790406541966249000,0.392296683,1.184899270,0.356572557,-0.012917728,0.069568822,-1.513931955,0.019189582,0.029712669,-0.686126104,0.726622245,0.056696103,0.998249222,0.016846812,0.392296683,-0.995968539,0.057725041,-0.068660507,1.184899270,-0.069512725,-0.012886204,0.997498193,0.356572557,0.000000000,0.000000000,0.000000000,1.000000000,-0.982608207,0.182369164,0.034965684,0.082007606,0.106120398,0.706026084,-0.700189710,-0.573878581,-0.152379697,-0.684301583,-0.713100113,2.181715445,0.000000000,0.000000000,0.000000000,1.000000000
2026-09-26T17:09:02.812,1790406542812005690,1790406542,566246000,1790406542566246000,0.391012819,1.186134462,0.344295995,-0.017472160,0.055207342,-1.514567362,0.012613160,0.026055292,-0.686486899,0.726565735,0.056113566,0.998212890,0.020544212,0.391012819,-0.996898344,0.057152870,-0.054101884,1.186134462,-0.055179309,-0.017444728,0.998324420,0.344295995,0.000000000,0.000000000,0.000000000,1.000000000,-0.983211980,0.179404103,0.033292186,0.081706401,0.104035856,0.701074026,-0.705458539,-0.572017562,-0.149902443,-0.690151706,-0.707968841,2.180472069,0.000000000,0.000000000,0.000000000,1.000000000
2026-09-26T17:09:02.878,1790406542878860042,1790406542,634250000,1790406542634250000,0.392270588,1.182211005,0.361968003,-0.010393952,0.073078755,-1.514241340,0.021315764,0.030118208,-0.686225842,0.726452081,0.056373824,0.998304261,0.014503998,0.392270588,-0.995736303,0.057279046,-0.072305626,1.182211005,-0.073013733,-0.010366108,0.997277422,0.361968003,0.000000000,0.000000000,0.000000000,1.000000000,-0.982536909,0.182745572,0.035003982,0.081942941,0.106430488,0.706285296,-0.699881156,-0.573205842,-0.152622980,-0.683933576,-0.713401072,2.181021835,0.000000000,0.000000000,0.000000000,1.000000000
2026-09-26T17:09:02.945,1790406542945594956,1790406542,698248000,1790406542698248000,0.388214456,1.188306686,0.346856217,-0.019668727,0.065936331,-1.510002525,0.015429485,0.030739855,-0.684648007,0.728061879,0.060624186,0.997880724,0.023633487,0.388214456,-0.995983535,0.062037657,-0.064559274,1.188306686,-0.065888569,-0.019624800,0.997634344,0.346856217,0.000000000,0.000000000,0.000000000,1.000000000,-0.982801730,0.181488934,0.034095845,0.081801685,0.105943262,0.705376398,-0.700871003,-0.572863516,-0.151250735,-0.685205009,-0.712472673,2.180903459,0.000000000,0.000000000,0.000000000,1.000000000
2026-09-26T17:09:03.012,1790406543012342877,1790406542,766250000,1790406542766250000,0.390201107,1.184026970,0.357450912,-0.017120266,0.073175594,-1.511115942,0.018854969,0.032490580,-0.684982985,0.727589969,0.059485194,0.997998611,0.021448960,0.390201107,-0.995548186,0.060885183,-0.071948439,1.184026970,-0.073110311,-0.017073698,0.997178063,0.357450912,0.000000000,0.000000000,0.000000000,1.000000000,-0.982503550,0.182924914,0.035003576,0.082005817,0.106588415,0.706394436,-0.699746962,-0.573268340,-0.152727484,-0.683772898,-0.713532718,2.178943099,0.000000000,0.000000000,0.000000000,1.000000000
2026-09-26T17:09:03.078,1790406543078891429,1790406542,834245000,1790406542834245000,0.390082568,1.186905658,0.351744061,-0.018181632,0.070306552,-1.512488056,0.017507356,0.031798944,-0.685509440,0.727158254,0.058131118,0.998061022,0.022242799,0.390082568,-0.995834172,0.059540181,-0.069058266,1.186905658,-0.070248650,-0.018135796,0.997364998,0.351744061,0.000000000,0.000000000,0.000000000,1.000000000,-0.982974639,0.180557742,0.034055274,0.081905125,0.105480848,0.706281854,-0.700028381,-0.572989973,-0.150448166,-0.684517965,-0.713302534,2.180840091,0.000000000,0.000000000,0.000000000,1.000000000
2026-09-26T17:09:03.112,1790406543112070824,1790406542,898249000,1790406542898249000,0.392408349,1.180191962,0.363896651,-0.006914150,0.073119736,-1.517205852,0.022636622,0.028905558,-0.687352616,0.725395363,0.053421548,0.998513344,0.010817216,0.392408349,-0.995896059,0.054067509,-0.072577702,1.180191962,-0.073054606,-0.006895706,0.997304462,0.363896651,0.000000000,0.000000000,0.000000000,1.000000000,-0.983013029,0.180376948,0.033904880,0.081722803,0.105303700,0.705597754,-0.700744562,-0.572163264,-0.150321373,-0.685270725,-0.712606145,2.180743361,0.000000000,0.000000000,0.000000000,1.000000000
2026-09-26T17:09:03.178,1790406543178932523,1790406542,966247000,1790406542966247000,0.388453370,1.190300097,0.342385135,-0.020361529,0.065119064,-1.510518968,0.014905237,0.030675841,-0.684837500,0.727897263,0.060113034,0.997897041,0.024242377,0.388453370,-0.996068129,0.061550448,-0.063714968,1.190300097,-0.065073056,-0.020317048,0.997674013,0.342385135,0.000000000,0.000000000,0.000000000,1.000000000,-0.983052259,0.180299162,0.033173312,0.081840077,0.106127458,0.707244479,-0.698957945,-0.572594407,-0.149483174,-0.683591588,-0.714392975,2.181188519,0.000000000,0.000000000,0.000000000,1.000000000
2026-09-26T17:09:03.712,1790406543712159108,1790406543,566261000,1790406543566261000,0.387838828,1.186364216,0.349909849,-0.018409629,0.066518442,-1.511361528,0.016107971,0.030509672,-0.685153221,0.727581444,0.059268297,0.997992332,0.022323672,0.387838828,-0.996026548,0.060610776,-0.065247396,1.186364216,-0.066469404,-0.018367957,0.997619746,0.349909849,0.000000000,0.000000000,0.000000000,1.000000000,-0.983147737,0.179697789,0.033604046,0.081929034,0.104981480,0.705445195,-0.700946479,-0.572719218,-0.149664345,-0.685606142,-0.712421786,2.179260206,0.000000000,0.000000000,0.000000000,1.000000000
2026-09-26T17:09:03.779,1790406543779114295,1790406543,634246000,1790406543634246000,0.390323498,1.183845530,0.357458839,-0.014825909,0.072316019,-1.512921993,0.019423388,0.031374691,-0.685689582,0.726958154,0.057690702,0.998153966,0.018979332,0.390323498,-0.995716367,0.058904641,-0.071266656,1.183845530,-0.072253010,-0.014786700,0.997277080,0.357458839,0.000000000,0.000000000,0.000000000,1.000000000,-0.982792739,0.181394580,0.034848795,0.081954638,0.105720528,0.707110818,-0.699154819,-0.573747918,-0.151464855,-0.683440046,-0.714120509,2.178588335,0.000000000,0.000000000,0.000000000,1.000000000
2026-09-26T17:09:03.845,1790406543845662240,1790406543,698252000,1790406543698252000,0.389408170,1.186289197,0.350760216,-0.017576068,0.069746972,-1.512486870,0.017535579,0.031388060,-0.685527114,0.727158765,0.058134581,0.998074809,0.021605962,0.389408170,-0.995873190,0.059489741,-0.068537109,1.186289197,-0.069690441,-0.017532513,0.997414945,0.350760216,0.000000000,0.000000000,0.000000000,1.000000000,-0.983058811,0.180113194,0.033979584,0.081974929,0.105401563,0.707178767,-0.699134252,-0.573072718,-0.149952944,-0.683708585,-0.714182529,2.179625959,0.000000000,0.000000000,0.000000000,1.000000000
2026-09-26T17:09:03.912,1790406543912343148,1790406543,766251000,1790406543766251000,0.390799871,1.186745342,0.351335444,-0.015139577,0.066572120,-1.512134763,0.017327332,0.029402209,-0.685482663,0.727288659,0.058497908,0.998106351,0.019012600,0.390799871,-0.996068515,0.059626147,-0.065513429,1.186745342,-0.066522964,-0.015105545,0.997670906,0.351335444,0.000000000,0.000000000,0.000000000,1.000000000,-0.982615869,0.182446665,0.034340491,0.082071077,0.106375516,0.704909574,-0.701275083,-0.574068495,-0.152152240,-0.685431038,-0.712063191,2.180172480,0.000000000,0.000000000,0.000000000,1.000000000
2026-09-26T17:09:03.978,1790406543978898383,1790406543,834244000,1790406543834244000,0.390205556,1.183474068,0.354641629,-0.015198618,0.069781194,-1.513321775,0.018424463,0.030577882,-0.685866923,0.726850807,0.057302963,0.998172510,0.019177643,0.390205556,-0.995918998,0.058493787,-0.068728464,1.183474068,-0.069724581,-0.015161126,0.997451423,0.354641629,0.000000000,0.000000000,0.000000000,1.000000000,-0.982763753,0.181430478,0.035473761,0.081722688,0.105163757,0.706486273,-0.699869795,-0.572731174,-0.152039437,-0.684076112,-0.713389012,2.177570785,0.000000000,0.000000000,0.000000000,1.000000000
2026-09-26T17:09:04.045,1790406544045610065,1790406543,898252000,1790406543898252000,0.389364574,1.185323102,0.350804481,-0.018840494,0.066850251,-1.511931321,0.016073738,0.030773335,-0.685348960,0.727386719,0.058699458,0.998016644,0.022735977,0.389364574,-0.996038085,0.060076456,-0.065564669,1.185323102,-0.066800475,-0.018797378,0.997589633,0.350804481,0.000000000,0.000000000,0.000000000,1.000000000,-0.982753111,0.181407098,0.035885747,0.081785206,0.104611519,0.705401532,-0.701045725,-0.572982168,-0.152488531,-0.685200805,-0.712212822,2.177622979,0.000000000,0.000000000,0.000000000,1.000000000
2026-09-26T17:09:04.112,1790406544112157037,1790406543,966247000,1790406543966247000,0.391008440,1.182987524,0.357425635,-0.014296781,0.072482958,-1.514157479,0.019692283,0.031241771,-0.686144290,0.726527480,0.056459780,0.998235702,0.018372500,0.391008440,-0.995774826,0.057636037,-0.071486773,1.182987524,-0.072419512,-0.014258839,0.997272690,0.357425635,0.000000000,0.000000000,0.000000000,1.000000000,-0.982825942,0.181117071,0.035352147,0.081869504,0.105098942,0.706852874,-0.699509276,-0.572857936,-0.151681838,-0.683780390,-0.713748554,2.177883238,0.000000000,0.000000000,0.000000000,1.000000000
2026-09-26T17:09:04.645,1790406544645605741,1790406544,502243000,1790406544502243000,0.389664870,1.183740053,0.353400923,-0.014591253,0.068067800,-1.512728232,0.018048453,0.029752555,-0.685685240,0.727065877,0.057900923,0.998150552,0.018513005,0.389664870,-0.996002613,0.059019591,-0.067046680,1.183740053,-0.068015256,-0.014557029,0.997578437,0.353400923,0.000000000,0.000000000,0.000000000,1.000000000,-0.982750927,0.181606193,0.034925714,0.081749086,0.105535031,0.705812327,-0.700493623,-0.572652850,-0.151864980,-0.684724872,-0.712803534,2.177040675,0.000000000,0.000000000,0.000000000,1.000000000
2026-09-26T17:09:04.712,1790406544712158897,1790406544,566247000,1790406544566247000,0.389629735,1.183738447,0.353138639,-0.014837273,0.067835573,-1.512924007,0.017882269,0.029750768,-0.685756076,0.727003246,0.057706841,0.998157705,0.018732047,0.389629735,-0.996029671,0.058837238,-0.066804551,1.183738447,-0.067783565,-0.014802686,0.997590591,0.353138639,0.000000000,0.000000000,0.000000000,1.000000000,-0.982917148,0.180939570,0.033686071,0.081670507,0.105874062,0.705585249,-0.700671206,-0.572750728,-0.150547542,-0.685135263,-0.712688648,2.176524415,0.000000000,0.000000000,0.000000000,1.000000000
2026-09-26T17:09:04.778,1790406544778926074,1790406544,634246000,1790406544634246000,0.390386439,1.181830366,0.353805484,-0.014965912,0.065789938,-1.513647843,0.017144233,0.029045421,-0.686046249,0.726775744,0.056993664,0.998199365,0.018695526,0.390386439,-0.996207531,0.058092820,-0.064773105,1.181830366,-0.065742494,-0.014933058,0.997725237,0.353805484,0.000000000,0.000000000,0.000000000,1.000000000,-0.982774118,0.181446566,0.035102369,0.081653546,0.105221306,0.705499568,-0.700855789,-0.572460611,-0.151932582,-0.685089413,-0.712438760,2.175902877,0.000000000,0.000000000,0.000000000,1.000000000
2026-09-26T17:09:04.845,1790406544845567772,1790406544,702247000,1790406544702247000,0.389850078,1.182240616,0.354999004,-0.014642771,0.068577745,-1.512988238,0.018208541,0.029953144,-0.685771655,0.726972142,0.057639942,0.998164479,0.018576386,0.389850078,-0.995982879,0.058770954,-0.067556314,1.182240616,-0.068524011,-0.014607912,0.997542875,0.354999004,0.000000000,0.000000000,0.000000000,1.000000000,-0.982724636,0.181721426,0.035065841,0.081667510,0.105560345,0.705991046,-0.700309686,-0.572493143,-0.152017445,-0.684510019,-0.712977371,2.175940013,0.000000000,0.000000000,0.000000000,1.000000000
2026-09-26T17:09:04.912,1790406544912071507,1790406544,766252000,1790406544766252000,0.390393588,1.182619209,0.354879819,-0.016263742,0.069423288,-1.513104137,0.017911204,0.030815089,-0.685776772,0.726938675,0.057521147,0.998139082,0.020235170,0.390393588,-0.995931353,0.058778396,-0.068305315,1.182619209,-0.069367541,-0.016223932,0.997459597,0.354879819,0.000000000,0.000000000,0.000000000,1.000000000,-0.982739679,0.181598436,0.035280757,0.081823690,0.105273252,0.705799072,-0.700546367,-0.572698362,-0.152119250,-0.684740592,-0.712734211,2.176113916,0.000000000,0.000000000,0.000000000,1.000000000
2026-09-26T17:09:04.978,1790406544978726982,1790406544,834245000,1790406544834245000,0.390771244,1.184947981,0.352564483,-0.017329351,0.068544519,-1.513393374,0.017226842,0.030858747,-0.685878548,0.726857339,0.057236560,0.998134805,0.021228757,0.390771244,-0.996008421,0.058547288,-0.067373695,1.184947981,-0.068490862,-0.017287873,0.997502306,0.352564483,0.000000000,0.000000000,0.000000000,1.000000000,-0.982814677,0.181161714,0.035436477,0.081877617,0.104832108,0.705771422,-0.700640371,-0.573347087,-0.151939263,-0.684884759,-0.712634076,2.178619618,0.000000000,0.000000000,0.000000000,1.000000000
2026-09-26T17:09:05.045,1790406545045546643,1790406544,902248000,1790406544902248000,0.389383665,1.184242326,0.352805784,-0.016418859,0.067945364,-1.511437050,0.017322463,0.030345826,-0.685190019,0.727525739,0.059187388,0.998037974,0.020416366,0.389383665,-0.995935328,0.060428723,-0.066790465,1.184242326,-0.067893102,-0.016380318,0.997558485,0.352805784,0.000000000,0.000000000,0.000000000,1.000000000,-0.982626222,0.182291645,0.034863501,0.081840610,0.106113429,0.705926210,-0.700291458,-0.573120058,-0.152268341,-0.684425264,-0.713005197,2.177134726,0.000000000,0.000000000,0.000000000,1.000000000
2026-09-26T17:09:05.112,1790406545112137780,1790406544,966245000,1790406544966245000,0.388685393,1.184657257,0.352721795,-0.017979592,0.068988536,-1.511178147,0.017108277,0.031261982,-0.685056290,0.727617945,0.059440985,0.997988074,0.022053279,0.388685393,-0.995848730,0.060809954,-0.067729090,1.184657257,-0.068933829,-0.017935937,0.997460350,0.352721795,0.000000000,0.000000000,0.000000000,1.000000000,-0.982678278,0.181841465,0.035736318,0.081879482,0.105189702,0.706072159,-0.700283680,-0.572962114,-0.152573030,-0.684394468,-0.712969623,2.177488655,0.000000000,0.000000000,0.000000000,1.000000000
2026-09-26T17:09:05.645,1790406545645554389,1790406545,502243000,1790406545502243000,0.390103850,1.186854520,0.352625950,-0.015046432,0.070989799,-1.512077223,0.018875198,0.030976458,-0.685398922,0.727263710,0.058537403,0.998100794,0.019182012,0.390103850,-0.995762059,0.059743671,-0.069917031,1.186854520,-0.070930193,-0.015008050,0.997368731,0.352625950,0.000000000,0.000000000,0.000000000,1.000000000,-0.982826185,0.181441494,0.033640365,0.082108446,0.106692431,0.707462240,-0.698651490,-0.573993000,-0.150563658,-0.683063806,-0.714670849,2.180097506,0.000000000,0.000000000,0.000000000,1.000000000
2026-09-26T17:09:05.712,1790406545712066486,1790406545,566250000,1790406545566250000,0.388900957,1.184048434,0.353061214,-0.017528187,0.068078378,-1.511109365,0.016959484,0.030777009,-0.685051897,0.727646240,0.059513199,0.997994694,0.021553284,0.388900957,-0.995906856,0.060832131,-0.066848782,1.184048434,-0.068025808,-0.017486769,0.997530662,0.353061214,0.000000000,0.000000000,0.000000000,1.000000000,-0.982602994,0.182247733,0.035736806,0.081886255,0.105408433,0.705702500,-0.700623325,-0.573027053,-0.152906566,-0.684667616,-0.712635838,2.176981700,0.000000000,0.000000000,0.000000000,1.000000000
2026-09-26T17:09:05.778,1790406545778887690,1790406545,634243000,1790406545634243000,0.389922969,1.182440538,0.354013884,-0.017569648,0.068075015,-1.512738892,0.016968327,0.030776173,-0.685643941,0.727088227,0.057890277,0.998091609,0.021485510,0.389922969,-0.996002741,0.059208506,-0.066878011,1.182440538,-0.068022453,-0.017528131,0.997530165,0.354013884,0.000000000,0.000000000,0.000000000,1.000000000,-0.982800859,0.181309902,0.035059817,0.081745182,0.105170024,0.705588570,-0.700773884,-0.572761355,-0.151795050,-0.685033933,-0.712521419,2.175562626,0.000000000,0.000000000,0.000000000,1.000000000
2026-09-26T17:09:05.845,1790406545845657615,1790406545,702241000,1790406545702241000,0.389612362,1.185382555,0.352919460,-0.015164845,0.069099776,-1.511818679,0.018180132,0.030332450,-0.685330974,0.727372588,0.058802647,0.998084719,0.019207155,0.389612362,-0.995878939,0.059981460,-0.068023070,1.185382555,-0.069044805,-0.015128157,0.997499209,0.352919460,0.000000000,0.000000000,0.000000000,1.000000000,-0.982787647,0.181663390,0.033568631,0.081897488,0.106596884,0.706049235,-0.700093981,-0.573455537,-0.150882553,-0.684465405,-0.713261218,2.178595153,0.000000000,0.000000000,0.000000000,1.000000000
2026-09-26T17:09:05.912,1790406545912168805,1790406545,766243000,1790406545766243000,0.388930187,1.183560700,0.354336231,-0.016627029,0.069308069,-1.511245194,0.017710903,0.030914275,-0.685096914,0.727580133,0.059372902,0.998020743,0.020717840,0.388930187,-0.995830675,0.060656667,-0.068130827,1.183560700,-0.069252599,-0.016586427,0.997461622,0.354336231,0.000000000,0.000000000,0.000000000,1.000000000,-0.982447754,0.182861505,0.036852136,0.081840080,0.105170787,0.706155970,-0.700202007,-0.572864772,-0.154063349,-0.684036122,-0.712993036,2.176548266,0.000000000,0.000000000,0.000000000,1.000000000
2026-09-26T17:09:05.978,1790406545978941271,1790406545,834245000,1790406545834245000,0.389877185,1.181909540,0.354586263,-0.015493134,0.068587415,-1.512973138,0.017902533,0.030248367,-0.685753228,0.726984901,0.057654943,0.998147424,0.019426759,0.389877185,-0.995981346,0.058843602,-0.067515650,1.181909540,-0.068533658,-0.015456170,0.997529430,0.354586263,0.000000000,0.000000000,0.000000000,1.000000000,-0.982801593,0.181392310,0.034610106,0.081781377,0.105607283,0.705839419,-0.700455435,-0.572372745,-0.151486407,-0.684753638,-0.712856454,2.175224668,0.000000000,0.000000000,0.000000000,1.000000000
2026-09-26T17:09:06.045,1790406546045597585,1790406545,902243000,1790406545902243000,0.387502390,1.183135057,0.353711383,-0.021395998,0.069391613,-1.509873007,0.015982233,0.032589134,-0.684520557,0.728089365,0.060738960,0.997825866,0.025575257,0.387502390,-0.995742488,0.062351931,-0.067888927,1.183135057,-0.069335941,-0.021342957,0.997365392,0.353711383,0.000000000,0.000000000,0.000000000,1.000000000,-0.982648154,0.181870135,0.036412357,0.081771459,0.104716330,0.706014660,-0.700412586,-0.572717193,-0.153091789,-0.684446166,-0.712808775,2.175406078,0.000000000,0.000000000,0.000000000,1.000000000
2026-09-26T17:09:06.112,1790406546112156354,1790406545,966250000,1790406545966250000,0.389580823,1.182844419,0.354492444,-0.018313519,0.069864239,-1.511623772,0.017294003,0.031690906,-0.685199829,0.727459826,0.058993612,0.998006717,0.022408012,0.389580823,-0.995814478,0.060403806,-0.068590668,1.182844419,-0.069807423,-0.018267903,0.997393567,0.354492444,0.000000000,0.000000000,0.000000000,1.000000000,-0.982771095,0.181604853,0.034360612,0.081966391,0.105919692,0.705734922,-0.700513554,-0.572880818,-0.151466145,-0.684805007,-0.712811412,2.176073447,0.000000000,0.000000000,0.000000000,1.000000000
2026-09-26T17:09:06.678,1790406546678847604,1790406546,502241000,1790406546502241000,0.389701285,1.184931765,0.352531398,-0.018834793,0.068875084,-1.511575551,0.016764521,0.031510329,-0.685189156,0.727490117,0.059045688,0.997993085,0.022873157,0.389701285,-0.995880074,0.060469124,-0.067573194,1.184931765,-0.068820647,-0.018789106,0.997452459,0.352531398,0.000000000,0.000000000,0.000000000,1.000000000,-0.982729158,0.181658171,0.035266287,0.081995627,0.105316456,0.705747611,-0.700591717,-0.573287794,-0.152157308,-0.684777788,-0.712690350,2.178094332,0.000000000,0.000000000,0.000000000,1.000000000
2026-09-26T17:09:06.745,1790406546745576055,1790406546,566247000,1790406546566247000,0.390700581,1.184839531,0.352948301,-0.015789228,0.069384320,-1.512853559,0.018066467,0.030640490,-0.685693558,0.727020707,0.057770860,0.998133856,0.019776408,0.390700581,-0.995919606,0.058995477,-0.068289441,1.184839531,-0.069328667,-0.015750665,0.997469885,0.352948301,0.000000000,0.000000000,0.000000000,1.000000000,-0.982815326,0.181464349,0.033833775,0.081865728,0.106318881,0.706315069,-0.699868073,-0.573411105,-0.150898409,-0.684243899,-0.713470361,2.178395631,0.000000000,0.000000000,0.000000000,1.000000000
2026-09-26T17:09:06.812,1790406546812145511,1790406546,634247000,1790406546634247000,0.389665442,1.184558684,0.352825375,-0.016314439,0.068088915,-1.512983217,0.017433124,0.030348775,-0.685751734,0.726993533,0.057646872,0.998132195,0.020217122,0.389665442,-0.996015911,0.058880873,-0.066971063,1.184558684,-0.068036322,-0.016275994,0.997550435,0.352825375,0.000000000,0.000000000,0.000000000,1.000000000,-0.982859002,0.180916882,0.035457925,0.081854978,0.104673740,0.705945236,-0.700488924,-0.573059661,-0.151761625,-0.684770331,-0.712781876,2.177450570,0.000000000,0.000000000,0.000000000,1.000000000
2026-09-26T17:09:06.845,1790406546845593267,1790406546,702241000,1790406546702241000,0.390332325,1.185679811,0.351983174,-0.015759861,0.069283820,-1.513713293,0.018055815,0.030586149,-0.686007950,0.726726612,0.056915010,0.998184876,0.019682657,0.390332325,-0.995975856,0.058133742,-0.068208042,1.185679811,-0.069228409,-0.015721481,0.997477309,0.351983174,0.000000000,0.000000000,0.000000000,1.000000000,-0.983124144,0.179857040,0.033441922,0.081784922,0.105431025,0.706434324,-0.699882022,-0.573276665,-0.149503231,-0.684545098,-0.713475152,2.178557756,0.000000000,0.000000000,0.000000000,1.000000000
2026-09-26T17:09:06.912,1790406546912164986,1790406546,766244000,1790406546766244000,0.390085514,1.182956973,0.353737887,-0.019373114,0.068761655,-1.511783919,0.016533119,0.031651798,-0.685258177,0.727424257,0.058838637,0.997993343,0.023389648,0.390085514,-0.995900142,0.060295354,-0.067432566,1.182956973,-0.068707486,-0.019326203,0.997449998,0.353737887,0.000000000,0.000000000,0.000000000,1.000000000,-0.982555289,0.182449115,0.036019777,0.081686742,0.105296724,0.705437124,-0.700907315,-0.572992634,-0.153289607,-0.684887425,-0.712342271,2.176041520,0.000000000,0.000000000,0.000000000,1.000000000
2026-09-26T17:09:06.978,1790406546978935687,1790406546,834248000,1790406546834248000,0.390349115,1.184848182,0.352910485,-0.015211833,0.068717469,-1.513590912,0.018058728,0.030193589,-0.685980106,0.726769237,0.057039131,0.998188887,0.019111672,0.390349115,-0.996007867,0.058209934,-0.067673536,1.184848182,-0.068663406,-0.015175428,0.997524818,0.352910485,0.000000000,0.000000000,0.000000000,1.000000000,-0.982990030,0.180521702,0.033801135,0.081846553,0.105519697,0.705756052,-0.700552631,-0.573247994,-0.150320309,-0.685069566,-0.712799758,2.178272044,0.000000000,0.000000000,0.000000000,1.000000000
2026-09-26T17:09:07.045,1790406547045897151,1790406546,902240000,1790406546902240000,0.389414356,1.182182266,0.355880464,-0.015020917,0.069562888,-1.512520878,0.018401947,0.030445015,-0.685581721,0.727125968,0.058101459,0.998128935,0.019042631,0.389414356,-0.995887957,0.059277726,-0.068506235,1.182182266,-0.069506804,-0.014984107,0.997469298,0.355880464,0.000000000,0.000000000,0.000000000,1.000000000,-0.982661206,0.181978251,0.035508749,0.081609635,0.105482779,0.706203894,-0.700106737,-0.572814188,-0.152480616,-0.684222169,-0.713154741,2.175422742,0.000000000,0.000000000,0.000000000,1.000000000
2026-09-26T17:09:07.112,1790406547112027165,1790406546,966253000,1790406546966253000,0.389439852,1.184565794,0.351681303,-0.016035145,0.067504614,-1.512394320,0.017325339,0.030045832,-0.685550371,0.727198576,0.058235723,0.998103511,0.019943773,0.389439852,-0.996021306,0.059440625,-0.066393861,1.184565794,-0.067453362,-0.015998019,0.997594520,0.351681303,0.000000000,0.000000000,0.000000000,1.000000000,-0.982870649,0.181102609,0.034163329,0.081757944,0.105656123,0.705591548,-0.700697760,-0.572868497,-0.151003548,-0.685085697,-0.712639822,2.176783570,0.000000000,0.000000000,0.000000000,1.000000000
2026-09-26T17:09:07.645,1790406547645602894,1790406547,502244000,1790406547502244000,0.391040454,1.185131336,0.352085148,-0.016858221,0.070383079,-1.514255433,0.018042482,0.031357208,-0.686171477,0.726539675,0.056370709,0.998193021,0.020804024,0.391040454,-0.995929986,0.057685928,-0.069250077,1.185131336,-0.070324988,-0.016815767,0.997382748,0.352085148,0.000000000,0.000000000,0.000000000,1.000000000,-0.983101964,0.179904015,0.033838935,0.081765332,0.105287189,0.706909218,-0.699424024,-0.572942451,-0.149750244,-0.684042325,-0.713905429,2.178873472,0.000000000,0.000000000,0.000000000,1.000000000
2026-09-26T17:09:07.712,1790406547712155050,1790406547,570239000,1790406547570239000,0.389313709,1.181652024,0.353992059,-0.017859585,0.068058586,-1.512366069,0.016851532,0.030872742,-0.685504167,0.727218630,0.058261671,0.998063204,0.021798862,0.389313709,-0.995982204,0.059599707,-0.066836358,1.181652024,-0.068006062,-0.017817371,0.997526158,0.353992059,0.000000000,0.000000000,0.000000000,1.000000000,-0.982695832,0.181696189,0.035991623,0.081612479,0.104814410,0.705688763,-0.700726273,-0.572168802,-0.152718177,-0.684828347,-0.712521785,2.174269060,0.000000000,0.000000000,0.000000000,1.000000000
2026-09-26T17:09:07.778,1790406547778903105,1790406547,634242000,1790406547634242000,0.391333962,1.183281252,0.355565789,-0.012449086,0.067494470,-1.514811483,0.018660529,0.028790354,-0.686481621,0.726337307,0.055828047,0.998308805,0.016202780,0.391333962,-0.996159844,0.056789117,-0.066635851,1.183281252,-0.067443243,-0.012420502,0.997646159,0.355565789,0.000000000,0.000000000,0.000000000,1.000000000,-0.982796805,0.181284515,0.035303892,0.081719295,0.105123199,0.706246848,-0.700117492,-0.573661418,-0.151853723,-0.684361976,-0.713154354,2.177897308,0.000000000,0.000000000,0.000000000,1.000000000
2026-09-26T17:09:07.845,1790406547845358291,1790406547,702240000,1790406547702240000,0.390975042,1.185070345,0.351541548,-0.014533458,0.063027823,-1.513706278,0.016354222,0.027893313,-0.686111573,0.726777416,0.056945595,0.998213033,0.018102802,0.390975042,-0.996388351,0.057966479,-0.062047682,1.185070345,-0.062986108,-0.014504169,0.997909364,0.351541548,0.000000000,0.000000000,0.000000000,1.000000000,-0.982891545,0.181086973,0.033641020,0.081824906,0.105514473,0.703305096,-0.703013967,-0.573597296,-0.150966573,-0.687436870,-0.710379929,2.179654192,0.000000000,0.000000000,0.000000000,1.000000000
2026-09-26T17:09:07.912,1790406547912021363,1790406547,770242000,1790406547770242000,0.390643768,1.182268492,0.355349521,-0.012746915,0.067246883,-1.513695772,0.018451276,0.028812998,-0.686075463,0.726725410,0.056940390,0.998240111,0.016560326,0.390643768,-0.996113577,0.057919601,-0.066353881,1.182268492,-0.067196218,-0.012717842,0.997659082,0.355349521,0.000000000,0.000000000,0.000000000,1.000000000,-0.982652782,0.182052455,0.035361190,0.081710154,0.105638610,0.706184135,-0.700103172,-0.572996961,-0.152427013,-0.684222822,-0.713165574,2.176597760,0.000000000,0.000000000,0.000000000,1.000000000
2026-09-26T17:09:07.979,1790406547979103164,1790406547,834240000,1790406547834240000,0.388393582,1.187306774,0.346373255,-0.021019947,0.064537782,-1.510532020,0.014466622,0.030689776,-0.684840793,0.727902426,0.060102301,0.997882401,0.024863646,0.388393582,-0.996106503,0.061567191,-0.063095873,1.187306774,-0.064492995,-0.020974721,0.997698068,0.346373255,0.000000000,0.000000000,0.000000000,1.000000000,-0.982941679,0.180791642,0.033764462,0.081713153,0.105511316,0.704687392,-0.701628849,-0.572890670,-0.150642022,-0.686097705,-0.711742172,2.179436181,0.000000000,0.000000000,0.000000000,1.000000000
2026-09-26T17:09:08.045,1790406548045568881,1790406547,902240000,1790406547902240000,0.391683999,1.181924914,0.359963867,-0.010496078,0.070670073,-1.515200505,0.020465910,0.029268836,-0.686606942,0.726151079,0.055428334,0.998358664,0.014403106,0.391683999,-0.995962623,0.056303689,-0.069915133,1.181924914,-0.070611271,-0.010469770,0.997449322,0.359963867,0.000000000,0.000000000,0.000000000,1.000000000,-0.982849739,0.181147193,0.034526576,0.081771158,0.105709606,0.706856241,-0.699413850,-0.573662357,-0.151102182,-0.683768929,-0.713882471,2.178168656,0.000000000,0.000000000,0.000000000,1.000000000
2026-09-26T17:09:08.112,1790406548112166419,1790406547,970243000,1790406547970243000,0.389662900,1.187995240,0.348137905,-0.019415484,0.068863298,-1.512907115,0.016570361,0.031693960,-0.685664360,0.727038720,0.057719605,0.998059334,0.023362047,0.389662900,-0.995958624,0.059179198,-0.067557501,1.187995240,-0.068808889,-0.019368330,0.997442191,0.348137905,0.000000000,0.000000000,0.000000000,1.000000000,-0.983068897,0.179847530,0.035077193,0.081628972,0.104552466,0.707764144,-0.698669234,-0.573295982,-0.150480315,-0.683172586,-0.714584419,2.180924381,0.000000000,0.000000000,0.000000000,1.000000000
2026-09-26T17:09:08.645,1790406548645602565,1790406548,502240000,1790406548502240000,0.393116452,1.180907836,0.365533109,-0.010288532,0.074953505,-1.516417993,0.022031021,0.030738780,-0.686990291,0.725681818,0.054198784,0.998427034,0.014342937,0.393116452,-0.995718220,0.055117530,-0.074209589,1.180907836,-0.074883349,-0.010259549,0.997139881,0.365533109,0.000000000,0.000000000,0.000000000,1.000000000,-0.982929525,0.180733435,0.034423457,0.082019360,0.105364680,0.706352902,-0.699974187,-0.574256949,-0.150823848,-0.684398278,-0.713338043,2.180392008,0.000000000,0.000000000,0.000000000,1.000000000
2026-09-26T17:09:08.712,1790406548712181569,1790406548,570235000,1790406548570235000,0.387990026,1.190134786,0.344825769,-0.018765217,0.065358451,-1.510174572,0.015563031,0.030218977,-0.684732922,0.728000982,0.060455126,0.997912974,0.022685836,0.387990026,-0.996031790,0.061796815,-0.064043734,1.190134786,-0.065311933,-0.018724131,0.997689570,0.344825769,0.000000000,0.000000000,0.000000000,1.000000000,-0.982793163,0.181387029,0.034876133,0.081800000,0.105776177,0.707474931,-0.698777949,-0.573954569,-0.151423246,-0.683065127,-0.714487952,2.181768317,0.000000000,0.000000000,0.000000000,1.000000000
2026-09-26T17:09:08.778,1790406548778872320,1790406548,634240000,1790406548634240000,0.392069504,1.182634965,0.362847363,-0.009342462,0.070263617,-1.513587129,0.020721986,0.028741989,-0.686043324,0.726697361,0.057036761,0.998282824,0.013341079,0.392069504,-0.995900471,0.057829895,-0.069553803,1.182634965,-0.070205824,-0.009319358,0.997489353,0.362847363,0.000000000,0.000000000,0.000000000,1.000000000,-0.982264733,0.184005012,0.036029857,0.082159389,0.106120199,0.703998783,-0.702228037,-0.574740213,-0.154578454,-0.685950340,-0.711039825,2.181071490,0.000000000,0.000000000,0.000000000,1.000000000
2026-09-26T17:09:08.845,1790406548845583744,1790406548,702237000,1790406548702237000,0.389183301,1.185526254,0.354922959,-0.017954409,0.072822712,-1.512432574,0.018452058,0.032635825,-0.685453785,0.727150283,0.058175874,0.998060118,0.022166218,0.389183301,-0.995651337,0.059624843,-0.071575615,1.185526254,-0.072758369,-0.017905943,0.997189208,0.354922959,0.000000000,0.000000000,0.000000000,1.000000000,-0.982903952,0.180570071,0.035975980,0.081817371,0.104379440,0.707442401,-0.699020874,-0.573505629,-0.151673182,-0.683315227,-0.714195734,2.180109544,0.000000000,0.000000000,0.000000000,1.000000000
2026-09-26T17:09:08.912,1790406548912152553,1790406548,770240000,1790406548770240000,0.389007863,1.185714692,0.348008216,-0.017857386,0.062392438,-1.511410490,0.014895162,0.028819904,-0.685238416,0.727595946,0.059235303,0.998011837,0.021525002,0.389007863,-0.996294739,0.060452477,-0.061172404,1.185714692,-0.062351971,-0.017821770,0.997895454,0.348008216,0.000000000,0.000000000,0.000000000,1.000000000,-0.982784793,0.181522001,0.034406591,0.081845619,0.105338893,0.703533543,-0.702811690,-0.572948246,-0.151781975,-0.687088289,-0.710543394,2.177543836,0.000000000,0.000000000,0.000000000,1.000000000
2026-09-26T17:09:08.978,1790406548978899606,1790406548,834269000,1790406548834269000,0.390508651,1.183250464,0.355322915,-0.016558711,0.070116369,-1.513822069,0.018052971,0.031161528,-0.686022739,0.726688276,0.056803369,0.998174374,0.020519922,0.390508651,-0.995924154,0.058093364,-0.068992874,1.183250464,-0.070058936,-0.016517350,0.997406458,0.355322915,0.000000000,0.000000000,0.000000000,1.000000000,-0.982827535,0.180956808,0.036120217,0.081815038,0.104322225,0.706354039,-0.700129164,-0.573241400,-0.152206800,-0.684338079,-0.713102015,2.176565153,0.000000000,0.000000000,0.000000000,1.000000000
2026-09-26T17:09:09.045,1790406549045555978,1790406548,902241000,1790406548902241000,0.388904202,1.184153753,0.351607804,-0.017452132,0.066161446,-1.512084999,0.016344791,0.030045942,-0.685436087,0.727328990,0.058549074,0.998057158,0.021299936,0.388904202,-0.996092791,0.059820019,-0.064965301,1.184153753,-0.066113193,-0.017413145,0.997660538,0.351607804,0.000000000,0.000000000,0.000000000,1.000000000,-0.982770846,0.181354875,0.035663346,0.081694174,0.104672264,0.705135245,-0.701304501,-0.572717592,-0.152332473,-0.685488654,-0.711969186,2.177049401,0.000000000,0.000000000,0.000000000,1.000000000
2026-09-26T17:09:09.112,1790406549112206518,1790406548,970236000,1790406548970236000,0.390741029,1.181428088,0.357537975,-0.013572985,0.068975786,-1.513783250,0.018745760,0.029723492,-0.686070816,0.726685589,0.056846547,0.998229824,0.017477414,0.390741029,-0.996001078,0.057910444,-0.068029466,1.181428088,-0.068921111,-0.013540376,0.997530580,0.357537975,0.000000000,0.000000000,0.000000000,1.000000000,-0.982540908,0.182362070,0.036843445,0.081760811,0.104986724,0.706960116,-0.699417745,-0.573033852,-0.153594114,-0.683338474,-0.713762830,2.176479868,0.000000000,0.000000000,0.000000000,1.000000000
2026-09-26T17:09:09.712,1790406549712135622,1790406549,502241000,1790406549502241000,0.389464069,1.184316073,0.354309064,-0.018076197,0.071259625,-1.512719087,0.017876289,0.032107046,-0.685580407,0.727068828,0.057897135,0.998076091,0.022176785,0.389464069,-0.995780284,0.059319469,-0.070018585,1.184316073,-0.071199336,-0.018029421,0.997299511,0.354309064,0.000000000,0.000000000,0.000000000,1.000000000,-0.983059532,0.180035655,0.034367433,0.081804063,0.104990844,0.706826918,-0.699551736,-0.572499721,-0.150236082,-0.684092736,-0.713755034,2.178382352,0.000000000,0.000000000,0.000000000,1.000000000
2026-09-26T17:09:09.745,1790406549745554999,1790406549,570235000,1790406549570235000,0.388669735,1.182851812,0.353703349,-0.022200988,0.069499777,-1.510288445,0.015733063,0.032900728,-0.684656886,0.727952582,0.060324831,0.997830650,0.026356828,0.388669735,-0.995760144,0.061994420,-0.067957343,1.182851812,-0.069443844,-0.022145653,0.997340385,0.353703349,0.000000000,0.000000000,0.000000000,1.000000000,-0.982640977,0.181984468,0.036032826,0.081805229,0.105042555,0.705884110,-0.700495314,-0.571933938,-0.152914266,-0.684550419,-0.712746765,2.178094721,0.000000000,0.000000000,0.000000000,1.000000000
2026-09-26T17:09:09.878,1790406549878857697,1790406549,634243000,1790406549634243000,0.395833980,1.187592799,0.366650588,-0.007997913,0.074875207,-1.516897584,0.022842407,0.029918066,-0.687200157,0.725492301,0.053721557,0.998483540,0.012016027,0.395833980,-0.995749950,0.054467920,-0.074263459,1.187592799,-0.074805271,-0.007975506,0.997166626,0.366650588,0.000000000,0.000000000,0.000000000,1.000000000,-0.982608571,0.182201241,0.035820441,0.082551170,0.105003872,0.704312289,-0.702081467,-0.577492812,-0.153148891,-0.686109982,-0.711195128,2.190275032,0.000000000,0.000000000,0.000000000,1.000000000
2026-09-26T17:09:09.945,1790406549945588011,1790406549,702260000,1790406549702260000,0.389322732,1.191045495,0.346749078,-0.018977657,0.068733985,-1.512425624,0.016677572,0.031500895,-0.685498204,0.727201323,0.058199662,0.998041014,0.022950081,0.389322732,-0.995939592,0.059627724,-0.067443595,1.191045495,-0.068679881,-0.018931790,0.997459463,0.346749078,0.000000000,0.000000000,0.000000000,1.000000000,-0.983391964,0.178637575,0.032075889,0.081793453,0.105587978,0.706847688,-0.699440866,-0.573586298,-0.147619188,-0.684437698,-0.713970316,2.185934623,0.000000000,0.000000000,0.000000000,1.000000000
2026-09-26T17:09:10.012,1790406550012303260,1790406549,770239000,1790406549770239000,0.386931816,1.189828990,0.341693537,-0.023664710,0.058085900,-1.506489162,0.011233915,0.029271435,-0.683422232,0.729349734,0.064154322,0.997565210,0.027343200,0.386931816,-0.996249889,0.065615285,-0.056396476,1.189828990,-0.058053246,-0.023622668,0.998034324,0.341693537,0.000000000,0.000000000,0.000000000,1.000000000,-0.982498108,0.183140267,0.034016321,0.081929291,0.106439649,0.701842569,-0.704334870,-0.573165579,-0.152866179,-0.688386992,-0.709052382,2.181186358,0.000000000,0.000000000,0.000000000,1.000000000
2026-09-26T17:09:10.045,1790406550045686222,1790406549,834239000,1790406549834239000,0.393365441,1.180865099,0.365967133,-0.009044321,0.077927074,-1.516860190,0.023511183,0.031384728,-0.687125758,0.725479439,0.053746233,0.998466896,0.013227655,0.393365441,-0.995515340,0.054610417,-0.077244349,1.180865099,-0.077848234,-0.009016837,0.996924804,0.365967133,0.000000000,0.000000000,0.000000000,1.000000000,-0.982859645,0.181010269,0.034959979,0.081939236,0.105490511,0.707719416,-0.698573532,-0.573007496,-0.151190839,-0.682911788,-0.714683720,2.182068475,0.000000000,0.000000000,0.000000000,1.000000000
2026-09-26T17:09:10.112,1790406550112171992,1790406549,902243000,1790406549902243000,0.389328693,1.191731673,0.341504510,-0.016311748,0.060853859,-1.511548344,0.014931916,0.027729839,-0.685331450,0.727549928,0.059103570,0.998053709,0.019883047,0.389328693,-0.996397482,0.060195265,-0.059735763,1.191731673,-0.060816314,-0.016280910,0.998016547,0.341504510,0.000000000,0.000000000,0.000000000,1.000000000,-0.983064275,0.180478514,0.031814115,0.081760897,0.106658803,0.704629519,-0.701513464,-0.573619734,-0.149025272,-0.686239569,-0.711945730,2.183185292,0.000000000,0.000000000,0.000000000,1.000000000
2026-09-26T17:09:10.178,1790406550178868256,1790406549,970237000,1790406549970237000,0.393572093,1.183549412,0.362426219,-0.007612099,0.074571726,-1.517028622,0.022879994,0.029673944,-0.687257765,0.725446571,0.053592292,0.998495351,0.011604799,0.393572093,-0.995779604,0.054306123,-0.073983804,1.183549412,-0.074502637,-0.007590956,0.997192284,0.362426219,0.000000000,0.000000000,0.000000000,1.000000000,-0.982824379,0.181179016,0.035077125,0.081895990,0.105616566,0.708097348,-0.698171388,-0.574211104,-0.151332024,-0.682475135,-0.715070842,2.182138728,0.000000000,0.000000000,0.000000000,1.000000000
2026-09-26T17:09:10.645,1790406550645616791,1790406550,502264000,1790406550502264000,0.391044503,1.181905357,0.359709442,-0.011583235,0.071750279,-1.515082173,0.020440397,0.030035311,-0.686532483,0.726190898,0.055541909,0.998335042,0.015556732,0.391044503,-0.995879319,0.056510261,-0.070927772,1.181905357,-0.071688739,-0.011553257,0.997360499,0.359709442,0.000000000,0.000000000,0.000000000,1.000000000,-0.982904351,0.180717153,0.035218574,0.081505993,0.104921831,0.706965402,-0.699422140,-0.572426565,-0.151295892,-0.683769867,-0.713840544,2.178217465,0.000000000,0.000000000,0.000000000,1.000000000
2026-09-26T17:09:10.712,1790406550712223691,1790406550,570241000,1790406550570241000,0.389389468,1.184123911,0.351415019,-0.016748952,0.065020682,-1.512519487,0.016215697,0.029386785,-0.685620905,0.727184600,0.058120633,0.998098877,0.020503580,0.389389468,-0.996192780,0.059321633,-0.063880074,1.184123911,-0.064974883,-0.016712858,0.997747295,0.351415019,0.000000000,0.000000000,0.000000000,1.000000000,-0.982882927,0.180940662,0.034664521,0.081367205,0.105034497,0.704938216,-0.701448406,-0.571709748,-0.151356885,-0.685800692,-0.711876748,2.178256176,0.000000000,0.000000000,0.000000000,1.000000000
2026-09-26T17:09:10.778,1790406550778890489,1790406550,638241000,1790406550638241000,0.390704883,1.184172219,0.352850340,-0.014389478,0.064967006,-1.513791566,0.017073322,0.028547552,-0.686118202,0.726729215,0.056853549,0.998218982,0.018064031,0.390704883,-0.996269388,0.057900210,-0.063989430,1.184172219,-0.064921321,-0.014358706,0.997787437,0.352850340,0.000000000,0.000000000,0.000000000,1.000000000,-0.982859647,0.181061995,0.034691046,0.081620966,0.104908038,0.704044168,-0.702364658,-0.571659200,-0.151595575,-0.686686510,-0.710971461,2.179864642,0.000000000,0.000000000,0.000000000,1.000000000
2026-09-26T17:09:10.845,1790406550845402310,1790406550,702238000,1790406550702238000,0.390521972,1.183481401,0.354963564,-0.013516336,0.069080800,-1.513367641,0.018796203,0.029746105,-0.685919133,0.726826537,0.057260074,0.998206579,0.017455152,0.390521972,-0.995970135,0.058322873,-0.068130081,1.183481401,-0.069025875,-0.013483769,0.997524103,0.354963564,0.000000000,0.000000000,0.000000000,1.000000000,-0.982769268,0.181559796,0.034649763,0.081618037,0.105794428,0.706250916,-0.700012273,-0.571590120,-0.151565513,-0.684284797,-0.713289711,2.179599101,0.000000000,0.000000000,0.000000000,1.000000000
2026-09-26T17:09:10.912,1790406550912192297,1790406550,770236000,1790406550770236000,0.390933419,1.184642290,0.350525466,-0.014908129,0.062816110,-1.514174633,0.016151949,0.027941163,-0.686279372,0.726621655,0.056479679,0.998233409,0.018435794,0.390933419,-0.996428204,0.057519057,-0.061823674,1.184642290,-0.062774814,-0.014878254,0.997917171,0.350525466,0.000000000,0.000000000,0.000000000,1.000000000,-0.982916338,0.180755647,0.034682385,0.081573931,0.104696217,0.704083334,-0.702357004,-0.571825939,-0.151374284,-0.686727060,-0.710979445,2.179468182,0.000000000,0.000000000,0.000000000,1.000000000
2026-09-26T17:09:10.978,1790406550978902184,1790406550,838237000,1790406550838237000,0.391627034,1.184776308,0.355232386,-0.014109486,0.070638934,-1.513624315,0.019119200,0.030513059,-0.685980881,0.726728037,0.056998217,0.998209744,0.018118564,0.391627034,-0.995876215,0.058128955,-0.069651745,1.184776308,-0.070580208,-0.014073914,0.997407178,0.355232386,0.000000000,0.000000000,0.000000000,1.000000000,-0.982776692,0.181601930,0.034215679,0.081750971,0.106211811,0.706598813,-0.699597862,-0.572132521,-0.151225080,-0.683914363,-0.713717114,2.181597503,0.000000000,0.000000000,0.000000000,1.000000000
2026-09-26T17:09:11.045,1790406551045580192,1790406550,902235000,1790406550902235000,0.390903396,1.183955213,0.350324039,-0.017717625,0.062038530,-1.513095050,0.014848800,0.028630839,-0.685857941,0.727020408,0.057558170,0.998115602,0.021262060,0.390903396,-0.996415079,0.058756378,-0.060864211,1.183955213,-0.061998748,-0.017682693,0.997919936,0.350324039,0.000000000,0.000000000,0.000000000,1.000000000,-0.982752850,0.181547892,0.035173838,0.081632636,0.104712103,0.703095048,-0.703343962,-0.571603051,-0.152421166,-0.687530156,-0.709978924,2.179007521,0.000000000,0.000000000,0.000000000,1.000000000
2026-09-26T17:09:11.112,1790406551112124876,1790406550,970236000,1790406550970236000,0.390497270,1.182213868,0.357446927,-0.009174718,0.068516407,-1.514615650,0.020197812,0.028039404,-0.686443080,0.726361988,0.056019228,0.998344885,0.013004201,0.390497270,-0.996079558,0.056775474,-0.067836833,1.182213868,-0.068462818,-0.009153146,0.997612039,0.357446927,0.000000000,0.000000000,0.000000000,1.000000000,-0.982850126,0.181198790,0.034243648,0.081531029,0.105760255,0.705999771,-0.700270727,-0.571501683,-0.151064217,-0.684639556,-0.713055595,2.178921701,0.000000000,0.000000000,0.000000000,1.000000000
2026-09-26T17:09:11.712,1790406551712158697,1790406551,502234000,1790406551502234000,0.390037492,1.185083969,0.349659933,-0.018085944,0.065458384,-1.512284786,0.015876190,0.030006035,-0.685509429,0.727271894,0.058352771,0.998056139,0.021878523,0.390037492,-0.996150625,0.059649120,-0.064231528,1.185083969,-0.065411653,-0.018046306,0.997695528,0.349659933,0.000000000,0.000000000,0.000000000,1.000000000,-0.982859627,0.181120432,0.034385211,0.081651061,0.105521733,0.705639481,-0.700669741,-0.571742678,-0.151169169,-0.685031614,-0.712656699,2.179222952,0.000000000,0.000000000,0.000000000,1.000000000
2026-09-26T17:09:11.745,1790406551745525958,1790406551,570234000,1790406551570234000,0.390720820,1.177882967,0.371322463,-0.010520182,0.080330818,-1.513764074,0.023751225,0.032800170,-0.685941242,0.726529174,0.056817372,0.998270631,0.015076656,0.390720820,-0.995154466,0.057840566,-0.079509974,1.177882967,-0.080244455,-0.010486151,0.996720414,0.371322463,0.000000000,0.000000000,0.000000000,1.000000000,-0.982577527,0.182384635,0.035738599,0.081516344,0.105523749,0.705769567,-0.700538405,-0.571675277,-0.152990657,-0.684562023,-0.712719227,2.179034730,0.000000000,0.000000000,0.000000000,1.000000000
2026-09-26T17:09:11.812,1790406551812096363,1790406551,638232000,1790406551638232000,0.391460787,1.182316854,0.356859623,-0.011447199,0.069837555,-1.515323206,0.019836451,0.029291981,-0.686649270,0.726127589,0.055309368,0.998351950,0.015298046,0.391460787,-0.996027766,0.056238171,-0.069034300,1.182316854,-0.069780806,-0.011419129,0.997497349,0.356859623,0.000000000,0.000000000,0.000000000,1.000000000,-0.982902013,0.180753514,0.035097000,0.081783573,0.105059153,0.707073007,-0.699292741,-0.571192566,-0.151215762,-0.683648982,-0.713973293,2.179860321,0.000000000,0.000000000,0.000000000,1.000000000
2026-09-26T17:09:11.912,1790406551912223442,1790406551,702235000,1790406551702235000,0.391347971,1.186164510,0.358692869,-0.010652120,0.075664088,-1.514900394,0.022119656,0.031138194,-0.686423280,0.726198467,0.055706835,0.998336495,0.014858108,0.391347971,-0.995581442,0.056667184,-0.074874563,1.186164510,-0.075591918,-0.010621527,0.997082626,0.358692869,0.000000000,0.000000000,0.000000000,1.000000000,-0.982975913,0.180492618,0.034362338,0.081636788,0.105616793,0.708112298,-0.698156190,-0.573011189,-0.150344433,-0.682641478,-0.715120384,2.183657380,0.000000000,0.000000000,0.000000000,1.000000000
2026-09-26T17:09:11.978,1790406551978955077,1790406551,770235000,1790406551770235000,0.390603607,1.188660602,0.344004007,-0.020688882,0.059299009,-1.512195939,0.012815765,0.028660204,-0.685526539,0.727370410,0.058463763,0.997997939,0.024122061,0.390603607,-0.996528741,0.059777821,-0.057938349,1.188660602,-0.059264268,-0.020651120,0.998029057,0.344004007,0.000000000,0.000000000,0.000000000,1.000000000,-0.982931079,0.180829192,0.033871781,0.081641975,0.104786956,0.701610465,-0.704813769,-0.572395012,-0.151215700,-0.689234038,-0.708583272,2.183098793,0.000000000,0.000000000,0.000000000,1.000000000
2026-09-26T17:09:12.045,1790406552045579703,1790406551,838232000,1790406551838232000,0.392784819,1.183824000,0.360170340,-0.008071555,0.073203543,-1.516775656,0.022239331,0.029338498,-0.687178547,0.725555173,0.053849642,0.998476730,0.012008601,0.392784819,-0.995866868,0.054581694,-0.072593375,1.183824000,-0.073138188,-0.008049936,0.997289688,0.360170340,0.000000000,0.000000000,0.000000000,1.000000000,-0.982943790,0.180585592,0.034790067,0.081924285,0.105264608,0.707579807,-0.698749010,-0.573117606,-0.150800753,-0.683168838,-0.714520449,2.182007647,0.000000000,0.000000000,0.000000000,1.000000000
2026-09-26T17:09:12.078,1790406552078798666,1790406551,902239000,1790406551902239000,0.388991355,1.184389865,0.348189096,-0.019517140,0.062802031,-1.511669184,0.014435582,0.029535617,-0.685302522,0.727516127,0.058976052,0.997989896,0.023189779,0.388991355,-0.996284452,0.060303716,-0.061485976,1.184389865,-0.062760762,-0.019477505,0.997838882,0.348189096,0.000000000,0.000000000,0.000000000,1.000000000,-0.982858583,0.181042796,0.034821131,0.081579451,0.104885064,0.704425304,-0.701985837,-0.571371901,-0.151618364,-0.686300588,-0.711339141,2.177611075,0.000000000,0.000000000,0.000000000,1.000000000
2026-09-26T17:09:12.145,1790406552145536458,1790406551,970234000,1790406551970234000,0.391735563,1.181030585,0.359771068,-0.008066672,0.069291009,-1.516226294,0.020888667,0.027923522,-0.687032927,0.725789018,0.054411918,0.998448370,0.011830751,0.391735563,-0.996115242,0.055098423,-0.068690366,1.181030585,-0.069235583,-0.008047311,0.997568240,0.359771068,0.000000000,0.000000000,0.000000000,1.000000000,-0.982890490,0.180921740,0.034548643,0.081698378,0.105291043,0.705789814,-0.700553021,-0.572237697,-0.151129352,-0.684929239,-0.712763535,2.178190600,0.000000000,0.000000000,0.000000000,1.000000000
2026-09-26T17:09:12.645,1790406552645568830,1790406552,502238000,1790406552502238000,0.390177328,1.182602958,0.354525153,-0.013873512,0.066626732,-1.513689545,0.017828983,0.028974269,-0.686065548,0.726743891,0.056948961,0.998220950,0.017650029,0.390177328,-0.996154634,0.057991964,-0.065670781,1.182602958,-0.066577455,-0.013842367,0.997685597,0.354525153,0.000000000,0.000000000,0.000000000,1.000000000,-0.982834753,0.181221316,0.034564180,0.081643189,0.105356843,0.705132008,-0.701205238,-0.572476376,-0.151445646,-0.685527304,-0.712121149,2.176838939,0.000000000,0.000000000,0.000000000,1.000000000
2026-09-26T17:09:12.712,1790406552712155257,1790406552,570233000,1790406552570233000,0.390674101,1.183362963,0.354328622,-0.014100965,0.067549870,-1.513959983,0.018067128,0.029385142,-0.686147517,0.726644120,0.056676045,0.998231822,0.017911636,0.390674101,-0.996108214,0.057749908,-0.066581904,1.183362963,-0.067498516,-0.014068421,0.997620544,0.354328622,0.000000000,0.000000000,0.000000000,1.000000000,-0.982890189,0.180958230,0.034365618,0.081732909,0.105460200,0.705842616,-0.700474373,-0.572676160,-0.151013320,-0.684865184,-0.712849673,2.178298436,0.000000000,0.000000000,0.000000000,1.000000000
2026-09-26T17:09:12.778,1790406552778892052,1790406552,638229000,1790406552638229000,0.390946381,1.181988768,0.353978999,-0.014623452,0.066566545,-1.514239312,0.017543847,0.029204839,-0.686255229,0.726562490,0.056401525,0.998239241,0.018359153,0.390946381,-0.996189791,0.057491529,-0.065577425,1.181988768,-0.066517401,-0.014590626,0.997678941,0.353978999,0.000000000,0.000000000,0.000000000,1.000000000,-0.982853143,0.181052742,0.034922819,0.081798900,0.105155140,0.705941857,-0.700420224,-0.572158398,-0.151466481,-0.684737905,-0.712875800,2.176539739,0.000000000,0.000000000,0.000000000,1.000000000
2026-09-26T17:09:12.845,1790406552845529098,1790406552,702237000,1790406552702237000,0.391287626,1.183092089,0.355476566,-0.011223394,0.066990429,-1.514565904,0.018929116,0.028188981,-0.686416793,0.726415210,0.056074585,0.998314276,0.014967267,0.391287626,-0.996179918,0.056946932,-0.066199651,1.183092089,-0.066940341,-0.011198066,0.997694499,0.355476566,0.000000000,0.000000000,0.000000000,1.000000000,-0.982675293,0.181946940,0.035278593,0.081665166,0.105463634,0.705485504,-0.700833522,-0.572825645,-0.152403051,-0.684971178,-0.712451960,2.178454054,0.000000000,0.000000000,0.000000000,1.000000000
2026-09-26T17:09:12.912,1790406552912321452,1790406552,770235000,1790406552770235000,0.391809917,1.183112278,0.355160000,-0.008821407,0.066683822,-1.516396601,0.019721192,0.027235211,-0.687118779,0.725766561,0.054251902,0.998449782,0.012431192,0.391809917,-0.996301351,0.054957296,-0.066053689,1.183112278,-0.066634421,-0.008801769,0.997738995,0.355160000,0.000000000,0.000000000,0.000000000,1.000000000,-0.983190922,0.179720862,0.032187303,0.081526361,0.106055556,0.705662102,-0.700566354,-0.572675701,-0.148619750,-0.685376837,-0.712860969,2.178655074,0.000000000,0.000000000,0.000000000,1.000000000
2026-09-26T17:09:12.978,1790406552978895308,1790406552,838231000,1790406552838231000,0.390254764,1.184555920,0.351375493,-0.014557812,0.065405220,-1.514007156,0.017165664,0.028762610,-0.686188069,0.726652590,0.056637141,0.998228028,0.018243089,0.390254764,-0.996253123,0.057702129,-0.064420143,1.184555920,-0.065358604,-0.014526253,0.997756464,0.351375493,0.000000000,0.000000000,0.000000000,1.000000000,-0.983056540,0.180152998,0.033833943,0.081687186,0.105145845,0.705404084,-0.700963216,-0.572353384,-0.150147226,-0.685528975,-0.712394437,2.178974998,0.000000000,0.000000000,0.000000000,1.000000000
2026-09-26T17:09:13.045,1790406553045664180,1790406552,902234000,1790406552902234000,0.391233231,1.184208694,0.354160288,-0.013819411,0.068123569,-1.514148216,0.018369117,0.029495163,-0.686211913,0.726571278,0.056486342,0.998247227,0.017650447,0.391233231,-0.996080039,0.057551154,-0.067172886,1.184208694,-0.068070896,-0.013787000,0.997585581,0.354160288,0.000000000,0.000000000,0.000000000,1.000000000,-0.982761210,0.181457045,0.035408249,0.081753404,0.105198259,0.706342794,-0.700009417,-0.572878371,-0.152032002,-0.684217216,-0.713255264,2.179273411,0.000000000,0.000000000,0.000000000,1.000000000
2026-09-26T17:09:13.112,1790406553112148101,1790406552,970236000,1790406552970236000,0.390001307,1.183588151,0.352906156,-0.015156877,0.066311564,-1.513278122,0.017248445,0.029303578,-0.685901761,0.726899282,0.057360000,0.998173772,0.018940007,0.390001307,-0.996152019,0.058482113,-0.065274591,1.183588151,-0.066262983,-0.015123067,0.997687942,0.352906156,0.000000000,0.000000000,0.000000000,1.000000000,-0.982834359,0.181134814,0.035025738,0.081628044,0.105116217,0.705822295,-0.700546550,-0.572382227,-0.151615316,-0.684839446,-0.712746609,2.178122906,0.000000000,0.000000000,0.000000000,1.000000000
2026-09-26T17:09:13.645,1790406553645564082,1790406553,506228000,1790406553506228000,0.391231951,1.183442459,0.354266081,-0.013687602,0.068086440,-1.515061699,0.018417699,0.029428046,-0.686546165,0.726256939,0.055576556,0.998301721,0.017455430,0.391231951,-0.996133745,0.056629885,-0.067159464,1.183442459,-0.068033853,-0.013655543,0.997589916,0.354266081,0.000000000,0.000000000,0.000000000,1.000000000,-0.983002055,0.180340823,0.034411431,0.081714539,0.105055485,0.706232963,-0.700141662,-0.572769240,-0.150566610,-0.684625583,-0.713174247,2.178162836,0.000000000,0.000000000,0.000000000,1.000000000
2026-09-26T17:09:13.712,1790406553712154771,1790406553,570234000,1790406553570234000,0.390098415,1.185292558,0.353103035,-0.015411071,0.069823517,-1.513641087,0.018366670,0.030663181,-0.685979083,0.726742824,0.056984783,0.998187008,0.019370177,0.390098415,-0.995934298,0.058190308,-0.068764369,1.185292558,-0.069766801,-0.015372993,0.997445228,0.353103035,0.000000000,0.000000000,0.000000000,1.000000000,-0.983032651,0.180211788,0.034212835,0.081786057,0.105113150,0.706287398,-0.700078094,-0.572904580,-0.150326419,-0.684603406,-0.713246202,2.179054439,0.000000000,0.000000000,0.000000000,1.000000000
2026-09-26T17:09:13.778,1790406553778928340,1790406553,638235000,1790406553638235000,0.390968580,1.182306498,0.353889898,-0.017438089,0.066963451,-1.513918229,0.016652723,0.030317377,-0.686090987,0.726692989,0.056719877,0.998164649,0.021212271,0.390968580,-0.996145194,0.058003269,-0.065803867,1.182306498,-0.066913422,-0.017398205,0.997607446,0.353889898,0.000000000,0.000000000,0.000000000,1.000000000,-0.982776994,0.181257023,0.035989889,0.081771854,0.104344058,0.705033403,-0.701455785,-0.572558737,-0.152517862,-0.685619276,-0.711803702,2.176081509,0.000000000,0.000000000,0.000000000,1.000000000
2026-09-26T17:09:13.845,1790406553845579230,1790406553,706232000,1790406553706232000,0.392566888,1.183282156,0.354469067,-0.012199475,0.067541662,-1.516741303,0.018795090,0.028703686,-0.687185085,0.725671759,0.053905363,0.998420489,0.015827482,0.392566888,-0.996262548,0.054846387,-0.066727699,1.183282156,-0.067490328,-0.012171440,0.997646045,0.354469067,0.000000000,0.000000000,0.000000000,1.000000000,-0.983102584,0.179840005,0.034159662,0.081761875,0.104887198,0.706342153,-0.700056740,-0.572922918,-0.150026617,-0.684644679,-0.713269709,2.178695296,0.000000000,0.000000000,0.000000000,1.000000000
2026-09-26T17:09:13.912,1790406553912289964,1790406553,770232000,1790406553770232000,0.390175996,1.184982884,0.352573315,-0.017678834,0.067845543,-1.512756194,0.016850181,0.030730083,-0.685651962,0.727085360,0.057873947,0.998090517,0.021580053,0.390175996,-0.996019299,0.059194498,-0.066643399,1.184982884,-0.067793511,-0.017637323,0.997543826,0.352573315,0.000000000,0.000000000,0.000000000,1.000000000,-0.982824492,0.181185516,0.035040348,0.081803288,0.104910948,0.704772309,-0.701633583,-0.573038183,-0.151821310,-0.685906554,-0.711675831,2.178551513,0.000000000,0.000000000,0.000000000,1.000000000
2026-09-26T17:09:13.978,1790406553978725855,1790406553,838231000,1790406553838231000,0.390045611,1.185225935,0.352465704,-0.015317021,0.067459554,-1.513240719,0.017583596,0.029775861,-0.685869448,0.726902549,0.057392846,0.998167528,0.019168181,0.390045611,-0.996073273,0.058547416,-0.066407903,1.185225935,-0.067408406,-0.015281666,0.997608790,0.352465704,0.000000000,0.000000000,0.000000000,1.000000000,-0.982914494,0.180823036,0.034382068,0.081797233,0.105021155,0.704358049,-0.702032974,-0.572760321,-0.151161020,-0.686427541,-0.711313979,2.179158712,0.000000000,0.000000000,0.000000000,1.000000000
2026-09-26T17:09:14.045,1790406554045581701,1790406553,906229000,1790406553906229000,0.389655037,1.182975941,0.354244026,-0.016282610,0.068307393,-1.513250067,0.017523706,0.030414898,-0.685846007,0.726899655,0.057380227,0.998148310,0.020180016,0.389655037,-0.996016395,0.058615930,-0.067195901,1.182975941,-0.068254292,-0.016244002,0.997536066,0.354244026,0.000000000,0.000000000,0.000000000,1.000000000,-0.982809437,0.181013359,0.036328699,0.081867183,0.104153235,0.706073591,-0.700437141,-0.572451082,-0.152439214,-0.684612481,-0.712788915,2.176586367,0.000000000,0.000000000,0.000000000,1.000000000
2026-09-26T17:09:14.112,1790406554112078184,1790406553,970234000,1790406553970234000,0.390406995,1.181979226,0.354550935,-0.015526053,0.066662537,-1.512165222,0.017218249,0.029567271,-0.685486757,0.727280699,0.058467216,0.998100663,0.019401633,0.390406995,-0.996064288,0.059622458,-0.065581021,1.181979226,-0.066613180,-0.015491025,0.997658976,0.354550935,0.000000000,0.000000000,0.000000000,1.000000000,-0.982422658,0.183205630,0.035796889,0.081779360,0.105965792,0.705208295,-0.701036741,-0.572399735,-0.153678141,-0.684921133,-0.712226138,2.176560433,0.000000000,0.000000000,0.000000000,1.000000000
2026-09-26T17:09:14.712,1790406554712144632,1790406554,506229000,1790406554506229000,0.390789680,1.181526871,0.357364217,-0.012720246,0.066121754,-1.514093790,0.018080478,0.028391583,-0.686235937,0.726599789,0.056548164,0.998264335,0.016443674,0.390789680,-0.996211013,0.057506252,-0.065241267,1.181526871,-0.066073590,-0.012692188,0.997734388,0.357364217,0.000000000,0.000000000,0.000000000,1.000000000,-0.982649292,0.181973789,0.035859573,0.081743331,0.104874295,0.704611936,-0.701800115,-0.573058527,-0.152976309,-0.685862639,-0.711470793,2.177014198,0.000000000,0.000000000,0.000000000,1.000000000
2026-09-26T17:09:14.745,1790406554745311347,1790406554,570229000,1790406554570229000,0.391645410,1.184371982,0.353734151,-0.013778217,0.068236214,-1.514213093,0.018423708,0.029521335,-0.686234488,0.726547510,0.056421285,0.998251597,0.017611322,0.391645410,-0.996076039,0.057485169,-0.067288591,1.184371982,-0.068183279,-0.013745799,0.997578474,0.353734151,0.000000000,0.000000000,0.000000000,1.000000000,-0.982913515,0.181045844,0.033217829,0.081851199,0.106372028,0.705974482,-0.700203558,-0.573165521,-0.150219883,-0.684706093,-0.713170073,2.179535524,0.000000000,0.000000000,0.000000000,1.000000000
2026-09-26T17:09:14.812,1790406554812052376,1790406554,638230000,1790406554638230000,0.389557402,1.185673840,0.350134561,-0.019284513,0.066487494,-1.511877877,0.015787036,0.030794057,-0.685328092,0.727411783,0.058754113,0.998003648,0.023161307,0.389557402,-0.996059072,0.060151932,-0.065175492,1.185673840,-0.066438524,-0.019240791,0.997605350,0.350134561,0.000000000,0.000000000,0.000000000,1.000000000,-0.982806888,0.181236911,0.035267596,0.081866839,0.104865247,0.705126291,-0.701284674,-0.572818509,-0.151966777,-0.685529063,-0.712008428,2.179112877,0.000000000,0.000000000,0.000000000,1.000000000
2026-09-26T17:09:14.879,1790406554879125446,1790406554,706229000,1790406554706229000,0.391062254,1.182175411,0.357906392,-0.012220961,0.069149497,-1.514017739,0.019300059,0.029320521,-0.686173502,0.726590490,0.056612314,0.998265952,0.016121630,0.391062254,-0.996002413,0.057586447,-0.068284486,1.182175411,-0.069094409,-0.012191533,0.997535988,0.357906392,0.000000000,0.000000000,0.000000000,1.000000000,-0.982596386,0.182192894,0.036195185,0.082023689,0.105179614,0.706322414,-0.700032782,-0.573083143,-0.153106469,-0.684042686,-0.713192830,2.178127764,0.000000000,0.000000000,0.000000000,1.000000000
2026-09-26T17:09:14.945,1790406554945624882,1790406554,770230000,1790406554770230000,0.389903965,1.185171425,0.356186840,-0.015408788,0.073771361,-1.513373062,0.019718002,0.032098784,-0.685822033,0.726793648,0.057235463,0.998167938,0.019612290,0.389903965,-0.995636254,0.058518260,-0.072690022,1.185171425,-0.073704471,-0.015366353,0.997162095,0.356186840,0.000000000,0.000000000,0.000000000,1.000000000,-0.982993017,0.180311400,0.034821359,0.081812731,0.105144019,0.708058263,-0.698282344,-0.573328308,-0.150563818,-0.682745410,-0.714974994,2.180190502,0.000000000,0.000000000,0.000000000,1.000000000
2026-09-26T17:09:15.012,1790406555012150383,1790406554,838229000,1790406554838229000,0.388118656,1.186497490,0.347452168,-0.019690259,0.063588188,-1.510113571,0.014618915,0.029892118,-0.684722561,0.728043792,0.060522802,0.997889896,0.023505727,0.388118656,-0.996141946,0.061882186,-0.062222110,1.186497490,-0.063545349,-0.019649272,0.997785857,0.347452168,0.000000000,0.000000000,0.000000000,1.000000000,-0.982718884,0.181819242,0.034718258,0.081782900,0.105501331,0.704280351,-0.702038928,-0.572978308,-0.152095573,-0.686244089,-0.711291773,2.177677553,0.000000000,0.000000000,0.000000000,1.000000000
2026-09-26T17:09:15.079,1790406555079153513,1790406554,906228000,1790406554906228000,0.391171581,1.183226292,0.364783548,-0.010974648,0.079267751,-1.513791505,0.023221809,0.032569698,-0.685960413,0.726538556,0.056794902,0.998265926,0.015467784,0.391171581,-0.995240628,0.057837701,-0.078426206,1.183226292,-0.079184771,-0.010940054,0.996800283,0.364783548,0.000000000,0.000000000,0.000000000,1.000000000,-0.982689074,0.181855863,0.035364233,0.082122969,0.105993353,0.708442397,-0.697764129,-0.574118688,-0.151946020,-0.681936812,-0.715454115,2.181371172,0.000000000,0.000000000,0.000000000,1.000000000
2026-09-26T17:09:15.112,1790406555112170109,1790406554,970230000,1790406554970230000,0.387800307,1.189291369,0.344148266,-0.020901058,0.063042870,-1.509179641,0.013977271,0.030114786,-0.684372275,0.728376499,0.061455227,0.997803105,0.024738478,0.387800307,-0.996119426,0.062878031,-0.061580955,1.189291369,-0.063001124,-0.020858095,0.997795831,0.344148266,0.000000000,0.000000000,0.000000000,1.000000000,-0.982672202,0.182035807,0.034904265,0.081925346,0.105607739,0.704635727,-0.701666230,-0.573306912,-0.152323170,-0.685821739,-0.711650331,2.180283415,0.000000000,0.000000000,0.000000000,1.000000000
2026-09-26T17:09:15.712,1790406555712181294,1790406555,506227000,1790406555506227000,0.391006439,1.181084437,0.361673501,-0.011721258,0.071684672,-1.513518802,0.020344248,0.030074790,-0.685963492,0.726729459,0.057099038,0.998243347,0.015801634,0.391006439,-0.995795963,0.058079980,-0.070830021,1.181084437,-0.071623300,-0.011690971,0.997363596,0.361673501,0.000000000,0.000000000,0.000000000,1.000000000,-0.982522269,0.182665364,0.035823961,0.081884347,0.105752130,0.706130637,-0.700139993,-0.573252193,-0.153187723,-0.684114674,-0.713106327,2.178293666,0.000000000,0.000000000,0.000000000,1.000000000
2026-09-26T17:09:15.779,1790406555779036973,1790406555,570232000,1790406555570232000,0.389352997,1.187828611,0.347418625,-0.016302404,0.066432136,-1.512224783,0.016857808,0.029749115,-0.685500198,0.727269058,0.058408786,0.998089072,0.020159145,0.389352997,-0.996083064,0.059610167,-0.065306448,1.187828611,-0.066383289,-0.016265803,0.997661968,0.347418625,0.000000000,0.000000000,0.000000000,1.000000000,-0.983096429,0.180204844,0.032367033,0.081723065,0.106378433,0.706085907,-0.700090223,-0.572793461,-0.149013555,-0.684813045,-0.713320443,2.180566074,0.000000000,0.000000000,0.000000000,1.000000000
2026-09-26T17:09:15.845,1790406555845628044,1790406555,638230000,1790406555638230000,0.390950494,1.182876777,0.356551008,-0.011542279,0.066657007,-1.512790484,0.018673794,0.028193955,-0.685771692,0.727030658,0.057844425,0.998206959,0.015383805,0.390950494,-0.996101018,0.058736534,-0.065822149,1.182876777,-0.066607664,-0.011516472,0.997713140,0.356551008,0.000000000,0.000000000,0.000000000,1.000000000,-0.982398328,0.183396046,0.035488252,0.081908330,0.106306028,0.705113316,-0.701080765,-0.573076371,-0.153598679,-0.684967956,-0.712198248,2.179006243,0.000000000,0.000000000,0.000000000,1.000000000
2026-09-26T17:09:15.878,1790406555878861904,1790406555,706225000,1790406555706225000,0.389560450,1.186140467,0.350227026,-0.019539111,0.069778859,-1.512205141,0.016828268,0.032074862,-0.685393041,0.727271883,0.058415014,0.998013599,0.023586321,0.389560450,-0.995854553,0.059905958,-0.068445303,1.186140467,-0.069722251,-0.019490402,0.997376384,0.350227026,0.000000000,0.000000000,0.000000000,1.000000000,-0.982972790,0.180473592,0.034551060,0.081741307,0.105247331,0.707108217,-0.699228839,-0.572376401,-0.150623679,-0.683686516,-0.714062501,2.179392907,0.000000000,0.000000000,0.000000000,1.000000000
2026-09-26T17:09:15.945,1790406555945584422,1790406555,770234000,1790406555770234000,0.391261786,1.185450416,0.351641359,-0.015163533,0.063618126,-1.512929484,0.016316863,0.028330214,-0.685812380,0.727043698,0.057717406,0.998155553,0.018813979,0.391261786,-0.996306524,0.058789860,-0.062584643,1.185450416,-0.063575227,-0.015132357,0.997862677,0.351641359,0.000000000,0.000000000,0.000000000,1.000000000,-0.982573179,0.182483197,0.035352954,0.081959699,0.105455805,0.703904578,-0.702422535,-0.573114165,-0.153065416,-0.686453369,-0.710881672,2.180489540,0.000000000,0.000000000,0.000000000,1.000000000
2026-09-26T17:09:16.012,1790406556012143777,1790406555,838229000,1790406555838229000,0.391052201,1.185210784,0.357082562,-0.012123861,0.072196315,-1.514346906,0.020386103,0.030390273,-0.686250825,0.726443833,0.056272321,0.998284333,0.016173677,0.391052201,-0.995806188,0.057288005,-0.071329495,1.185210784,-0.072133619,-0.012092066,0.997322035,0.357082562,0.000000000,0.000000000,0.000000000,1.000000000,-0.983137566,0.179913725,0.032734972,0.081995667,0.106100678,0.707005423,-0.699203817,-0.572959141,-0.148940166,-0.683940336,-0.714172559,2.181933124,0.000000000,0.000000000,0.000000000,1.000000000
2026-09-26T17:09:16.078,1790406556078904909,1790406555,906226000,1790406555906226000,0.388261002,1.186504011,0.347137869,-0.020104918,0.064194477,-1.510283520,0.014678249,0.030253402,-0.684769358,0.727983659,0.060351167,0.997889835,0.023945521,0.388261002,-0.996113578,0.061750533,-0.062804331,1.186504011,-0.064150400,-0.020062233,0.997738921,0.347137869,0.000000000,0.000000000,0.000000000,1.000000000,-0.982840687,0.181263675,0.034171096,0.081798596,0.105495531,0.704346808,-0.701973124,-0.571458222,-0.151310531,-0.686322849,-0.711383209,2.180086960,0.000000000,0.000000000,0.000000000,1.000000000
2026-09-26T17:09:16.145,1790406556145497211,1790406555,970231000,1790406555970231000,0.391443349,1.182471300,0.357518904,-0.009843255,0.069882223,-1.516496185,0.020450983,0.028745520,-0.687097663,0.725708105,0.054140842,0.998440328,0.013618053,0.391443349,-0.996088844,0.054956699,-0.069184924,1.182471300,-0.069825365,-0.009819154,0.997511263,0.357518904,0.000000000,0.000000000,0.000000000,1.000000000,-0.983201333,0.179379399,0.033736763,0.081856120,0.104892375,0.706551658,-0.699844514,-0.572085450,-0.149374454,-0.684549330,-0.713498064,2.178688213,0.000000000,0.000000000,0.000000000,1.000000000
2026-09-26T17:09:16.678,1790406556678894239,1790406556,506251000,1790406556506251000,0.391186520,1.186091059,0.350440178,-0.014353365,0.065309574,-1.514437605,0.017213280,0.028654026,-0.686348705,0.726504029,0.056208652,0.998256554,0.018005891,0.391186520,-0.996283647,0.057257896,-0.064344417,1.186091059,-0.065263162,-0.014322353,0.997765659,0.350440178,0.000000000,0.000000000,0.000000000,1.000000000,-0.983018688,0.180353930,0.033863236,0.081767811,0.105298188,0.705515055,-0.700828651,-0.572743394,-0.150288224,-0.685361924,-0.712525426,2.180248164,0.000000000,0.000000000,0.000000000,1.000000000
2026-09-26T17:09:16.712,1790406556712380531,1790406556,574223000,1790406556574223000,0.391139973,1.184141393,0.355548933,-0.011423627,0.068556135,-1.514671087,0.019395478,0.028825146,-0.686430701,0.726364797,0.055963856,0.998316244,0.015247824,0.391139973,-0.996079946,0.056872997,-0.067749393,1.184141393,-0.068502453,-0.011396627,0.997586212,0.355548933,0.000000000,0.000000000,0.000000000,1.000000000,-0.982879613,0.180983735,0.034533387,0.081760532,0.105461516,0.706304549,-0.700008395,-0.572662461,-0.151081222,-0.684382037,-0.713299160,2.179987183,0.000000000,0.000000000,0.000000000,1.000000000
2026-09-26T17:09:16.778,1790406556778939880,1790406556,638228000,1790406556638228000,0.390303960,1.183521411,0.355224374,-0.013799718,0.068422701,-1.513430873,0.018468340,0.029603653,-0.685947304,0.726814171,0.057199688,0.998205799,0.017696079,0.390303960,-0.996018889,0.058270014,-0.067459271,1.183521411,-0.068369331,-0.013767072,0.997565447,0.355224374,0.000000000,0.000000000,0.000000000,1.000000000,-0.982921412,0.180931061,0.033607262,0.081615924,0.105813632,0.705083009,-0.701185729,-0.571948959,-0.150562187,-0.685654360,-0.712186160,2.179573259,0.000000000,0.000000000,0.000000000,1.000000000
2026-09-26T17:09:16.845,1790406556845414100,1790406556,706230000,1790406556706230000,0.391076993,1.185170309,0.350509164,-0.014213436,0.065972455,-1.513542009,0.017478785,0.028854521,-0.686016134,0.726803806,0.057098409,0.998206853,0.017961680,0.391076993,-0.996189497,0.058152292,-0.064996705,1.185170309,-0.065924615,-0.014182119,0.997724176,0.350509164,0.000000000,0.000000000,0.000000000,1.000000000,-0.982852522,0.181301431,0.033626045,0.081755218,0.106138927,0.705374942,-0.700842863,-0.571685476,-0.150782783,-0.685256143,-0.712522681,2.180760205,0.000000000,0.000000000,0.000000000,1.000000000
2026-09-26T17:09:16.912,1790406556912025953,1790406556,774225000,1790406556774225000,0.390432827,1.184068205,0.355747105,-0.013309180,0.069392713,-1.513809744,0.018985097,0.029784167,-0.686078399,0.726669733,0.056818517,0.998235618,0.017235961,0.390432827,-0.995973809,0.057871575,-0.068460414,1.184068205,-0.069337041,-0.013276839,0.997505298,0.355747105,0.000000000,0.000000000,0.000000000,1.000000000,-0.982783689,0.181277877,0.035700863,0.081749362,0.104984566,0.706917415,-0.699461228,-0.572682691,-0.152034409,-0.683671046,-0.713778284,2.179201046,0.000000000,0.000000000,0.000000000,1.000000000
2026-09-26T17:09:16.979,1790406556979083923,1790406556,838225000,1790406556838225000,0.389156763,1.184585319,0.351844439,-0.016011054,0.067042860,-1.511959765,0.017169239,0.029873496,-0.685399383,0.727351687,0.058670369,0.998078501,0.019921490,0.389156763,-0.996026892,0.059865387,-0.065926777,1.184585319,-0.066992653,-0.015974482,0.997625942,0.351844439,0.000000000,0.000000000,0.000000000,1.000000000,-0.982777650,0.181526216,0.034587899,0.081630512,0.105443520,0.704578813,-0.701748075,-0.571698120,-0.151755573,-0.686015254,-0.711585074,2.178386790,0.000000000,0.000000000,0.000000000,1.000000000
2026-09-26T17:09:17.045,1790406557045582711,1790406556,906226000,1790406556906226000,0.389786116,1.183612018,0.353062787,-0.017021074,0.067622724,-1.513468224,0.017023698,0.030417565,-0.685924118,0.726837719,0.057165601,0.998146576,0.020863323,0.389786116,-0.996075310,0.058436177,-0.066475291,1.183612018,-0.067571203,-0.016981432,0.997570290,0.353062787,0.000000000,0.000000000,0.000000000,1.000000000,-0.982919595,0.180584027,0.035475055,0.081619979,0.104032899,0.704219447,-0.702319106,-0.571079873,-0.151809836,-0.686632638,-0.710977774,2.178999433,0.000000000,0.000000000,0.000000000,1.000000000
2026-09-26T17:09:17.112,1790406557112141912,1790406556,974224000,1790406556974224000,0.391502147,1.184997437,0.354390333,-0.012317596,0.070212180,-1.515694877,0.019654637,0.029723113,-0.686766043,0.726004569,0.054937726,0.998358858,0.016161941,0.391502147,-0.996022082,0.055931776,-0.069364439,1.184997437,-0.070154513,-0.012287019,0.997460822,0.354390333,0.000000000,0.000000000,0.000000000,1.000000000,-0.983159053,0.179501818,0.034312870,0.081772291,0.104956089,0.708300089,-0.698065328,-0.572735987,-0.149607805,-0.682707903,-0.715211454,2.180579510,0.000000000,0.000000000,0.000000000,1.000000000
2026-09-26T17:09:17.645,1790406557645563614,1790406557,506231000,1790406557506231000,0.389753738,1.186417664,0.345564909,-0.021125557,0.061168983,-1.511801140,0.013292504,0.029492174,-0.685350174,0.727494783,0.058850550,0.997961298,0.024690752,0.389753738,-0.996393210,0.060236476,-0.059765460,1.186417664,-0.061130850,-0.021084555,0.997907402,0.345564909,0.000000000,0.000000000,0.000000000,1.000000000,-0.982942580,0.180704923,0.034199624,0.081570438,0.104874690,0.703496760,-0.702917924,-0.571814624,-0.151080054,-0.687341283,-0.710448293,2.179714786,0.000000000,0.000000000,0.000000000,1.000000000
2026-09-26T17:09:17.712,1790406557712162796,1790406557,574226000,1790406557574226000,0.390662142,1.184030386,0.355200747,-0.011410761,0.067493904,-1.513749098,0.019022313,0.028443857,-0.686110567,0.726692086,0.056886323,0.998264270,0.015237017,0.390662142,-0.996100009,0.057780465,-0.066678067,1.184030386,-0.067442679,-0.011384615,0.997658556,0.355200747,0.000000000,0.000000000,0.000000000,1.000000000,-0.982757874,0.181676259,0.034361281,0.081678362,0.105892680,0.705375511,-0.700879539,-0.572306858,-0.151570779,-0.685156278,-0.712451524,2.180137436,0.000000000,0.000000000,0.000000000,1.000000000
2026-09-26T17:09:17.778,1790406557778905309,1790406557,638227000,1790406557638227000,0.391030449,1.185184354,0.351121507,-0.016938719,0.067696815,-1.513669730,0.017082118,0.030414511,-0.685997509,0.726767209,0.056964599,0.998159973,0.020771944,0.391030449,-0.996081808,0.058230819,-0.066558079,1.185184354,-0.067645124,-0.016899192,0.997566677,0.351121507,0.000000000,0.000000000,0.000000000,1.000000000,-0.982962874,0.180583332,0.034258562,0.081634348,0.105428461,0.706615408,-0.699699582,-0.572193950,-0.150561710,-0.684166885,-0.713615334,2.179420593,0.000000000,0.000000000,0.000000000,1.000000000
2026-09-26T17:09:17.845,1790406557845592137,1790406557,706226000,1790406557706226000,0.389805258,1.182130421,0.353501784,-0.015208964,0.064513022,-1.512805046,0.016605585,0.028671989,-0.685754191,0.727078649,0.057838063,0.998146586,0.018918869,0.389805258,-0.996242137,0.058930470,-0.063471082,1.182130421,-0.064468288,-0.015176820,0.997804702,0.353501784,0.000000000,0.000000000,0.000000000,1.000000000,-0.982749078,0.181613337,0.034940587,0.081531273,0.105174085,0.704208341,-0.702160255,-0.571355782,-0.152127120,-0.686372500,-0.711161115,2.177146626,0.000000000,0.000000000,0.000000000,1.000000000
2026-09-26T17:09:17.912,1790406557912140933,1790406557,774224000,1790406557774224000,0.390277909,1.183735652,0.352887062,-0.015801658,0.066741648,-1.513840124,0.017170016,0.029676118,-0.686090366,0.726708007,0.056798524,0.998193699,0.019571366,0.390277909,-0.996155553,0.057969981,-0.065676248,1.183735652,-0.066692115,-0.015765901,0.997649396,0.352887062,0.000000000,0.000000000,0.000000000,1.000000000,-0.983016504,0.180269167,0.034374112,0.081486752,0.104950370,0.705875664,-0.700517642,-0.571912596,-0.150545580,-0.685012828,-0.712806743,2.178669395,0.000000000,0.000000000,0.000000000,1.000000000
2026-09-26T17:09:17.978,1790406557978925535,1790406557,838225000,1790406557838225000,0.391149107,1.184615300,0.350726848,-0.016583212,0.064343005,-1.513805156,0.016062202,0.029073374,-0.686100219,0.726748398,0.056842306,0.998178330,0.020217481,0.391149107,-0.996310412,0.058016572,-0.063240931,1.184615300,-0.064298623,-0.016548217,0.997793848,0.350726848,0.000000000,0.000000000,0.000000000,1.000000000,-0.982839860,0.181105019,0.035025456,0.081656489,0.104855966,0.704745235,-0.701668996,-0.572097690,-0.151759800,-0.685955629,-0.711641650,2.179522246,0.000000000,0.000000000,0.000000000,1.000000000
2026-09-26T17:09:18.045,1790406558045536911,1790406557,906224000,1790406557906224000,0.389813089,1.184068387,0.353683571,-0.011613414,0.066836442,-1.513655908,0.018721722,0.028275451,-0.686082786,0.726732693,0.056981669,0.998256206,0.015408070,0.389813089,-0.996138757,0.057879398,-0.066010052,1.184068387,-0.066786699,-0.011587306,0.997700351,0.353683571,0.000000000,0.000000000,0.000000000,1.000000000,-0.982951821,0.180741306,0.033738675,0.081643924,0.105718395,0.705716586,-0.700562432,-0.571886680,-0.150430511,-0.685052319,-0.712793084,2.179339757,0.000000000,0.000000000,0.000000000,1.000000000
2026-09-26T17:09:18.112,1790406558112544365,1790406557,974223000,1790406557974223000,0.390803529,1.184040340,0.353019778,-0.015752585,0.068946272,-1.513854903,0.017944769,0.030459794,-0.686064485,0.726681298,0.056775296,0.998193543,0.019646573,0.390803529,-0.996007179,0.057986596,-0.067875097,1.184040340,-0.068891667,-0.015714591,0.997500731,0.353019778,0.000000000,0.000000000,0.000000000,1.000000000,-0.982942599,0.180658795,0.034441928,0.081703019,0.105138615,0.705637835,-0.700728990,-0.571593949,-0.150896383,-0.685155198,-0.712595703,2.178729541,0.000000000,0.000000000,0.000000000,1.000000000
2026-09-26T17:09:18.645,1790406558645521589,1790406558,506222000,1790406558506222000,0.389855341,1.185478849,0.348531194,-0.019517940,0.064671693,-1.511174063,0.015068863,0.030219321,-0.685095324,0.727670337,0.059462230,0.997957727,0.023332178,0.389855341,-0.996136256,0.060834235,-0.063336634,1.185478849,-0.064626627,-0.019475980,0.997719803,0.348531194,0.000000000,0.000000000,0.000000000,1.000000000,-0.982532477,0.182605531,0.035849023,0.081748084,0.105494912,0.705259834,-0.701055911,-0.572138264,-0.153299563,-0.685028311,-0.712204645,2.178180349,0.000000000,0.000000000,0.000000000,1.000000000
2026-09-26T17:09:18.778,1790406558778922613,1790406558,574222000,1790406558574222000,0.390616852,1.180330183,0.357711195,-0.010931148,0.067031139,-1.515319377,0.019059825,0.028096282,-0.686693973,0.726153365,0.055323823,0.998361193,0.014627869,0.390616852,-0.996219164,0.056175803,-0.066267883,1.180330183,-0.066980960,-0.010906464,0.997695003,0.357711195,0.000000000,0.000000000,0.000000000,1.000000000,-0.983008482,0.180351877,0.034169056,0.081622330,0.104860200,0.704520157,-0.701894356,-0.571268732,-0.150660753,-0.686385132,-0.711461024,2.177100082,0.000000000,0.000000000,0.000000000,1.000000000
2026-09-26T17:09:18.845,1790406558845574468,1790406558,638228000,1790406558638228000,0.389850099,1.188452196,0.342890266,-0.019979795,0.057257078,-1.512319378,0.012375001,0.027674174,-0.685609374,0.727338151,0.058347702,0.998024540,0.023288119,0.389850099,-0.996654680,0.059572872,-0.055949038,1.188452196,-0.057225804,-0.019945801,0.998162359,0.342890266,0.000000000,0.000000000,0.000000000,1.000000000,-0.982912562,0.180707017,0.035040966,0.081665531,0.103888164,0.701745278,-0.704812609,-0.571780826,-0.151954416,-0.689128826,-0.708527570,2.183505837,0.000000000,0.000000000,0.000000000,1.000000000
2026-09-26T17:09:18.912,1790406558912142485,1790406558,706224000,1790406558706224000,0.392782797,1.186583279,0.358683665,-0.008470946,0.075980596,-1.516794145,0.023049170,0.030482645,-0.687139508,0.725519704,0.053820059,0.998471598,0.012555513,0.392782797,-0.995661211,0.054615647,-0.075336993,1.186583279,-0.075907517,-0.008446492,0.997079446,0.358683665,0.000000000,0.000000000,0.000000000,1.000000000,-0.983125132,0.179723740,0.034122613,0.081933207,0.105726237,0.710443280,-0.695767424,-0.573997038,-0.149288105,-0.680418785,-0.717456158,2.183920681,0.000000000,0.000000000,0.000000000,1.000000000
2026-09-26T17:09:18.945,1790406558945983737,1790406558,774221000,1790406558774221000,0.390755943,1.187918045,0.347232530,-0.016149432,0.060200886,-1.514752845,0.014811034,0.027413096,-0.686507235,0.726455072,0.055912527,0.998245253,0.019492987,0.390755943,-0.996621199,0.056976481,-0.059157753,1.187918045,-0.060164537,-0.016119553,0.998058670,0.347232530,0.000000000,0.000000000,0.000000000,1.000000000,-0.983196305,0.179223630,0.034697490,0.081830785,0.103365741,0.703229441,-0.703408755,-0.572982044,-0.150467767,-0.688002358,-0.709938171,2.182481365,0.000000000,0.000000000,0.000000000,1.000000000
2026-09-26T17:09:19.012,1790406559012285579,1790406558,838226000,1790406558838226000,0.393355896,1.186718877,0.364544233,-0.013660559,0.073758168,-1.512927719,0.020341755,0.031499024,-0.685688180,0.726928982,0.057678913,0.998174607,0.017898890,0.393355896,-0.995611636,0.058835449,-0.072771118,1.186718877,-0.073691315,-0.013623078,0.997188407,0.364544233,0.000000000,0.000000000,0.000000000,1.000000000,-0.982311474,0.183739919,0.036108319,0.082301706,0.105732549,0.703398535,-0.702887708,-0.576184862,-0.154547069,-0.686636835,-0.710383741,2.187233420,0.000000000,0.000000000,0.000000000,1.000000000
2026-09-26T17:09:19.078,1790406559078867464,1790406558,906224000,1790406558906224000,0.387783510,1.191970465,0.339266035,-0.023495473,0.058027379,-1.509194855,0.011315102,0.029176997,-0.684411610,0.728423928,0.061458752,0.997743765,0.027018059,0.387783510,-0.996423213,0.062905014,-0.056422604,1.191970465,-0.057994824,-0.023453844,0.998041703,0.339266035,0.000000000,0.000000000,0.000000000,1.000000000,-0.982919432,0.180904627,0.033806887,0.081592303,0.104942665,0.701854585,-0.704547499,-0.572576455,-0.151183421,-0.688965643,-0.708851124,2.184663232,0.000000000,0.000000000,0.000000000,1.000000000
2026-09-26T17:09:19.145,1790406559145557346,1790406558,974226000,1790406558974226000,0.392310252,1.185534131,0.355405314,-0.012413781,0.065986827,-1.515657030,0.018167565,0.028223237,-0.686809827,0.726061739,0.054991268,0.998358065,0.016028286,0.392310252,-0.996307087,0.055923982,-0.065149617,1.185534131,-0.065938957,-0.012386527,0.997747136,0.355405314,0.000000000,0.000000000,0.000000000,1.000000000,-0.983121027,0.179819918,0.033731945,0.082055883,0.104415227,0.702856013,-0.703626950,-0.572631604,-0.150234841,-0.688228321,-0.709768463,2.183938336,0.000000000,0.000000000,0.000000000,1.000000000
2026-09-26T17:09:19.645,1790406559645617740,1790406559,506222000,1790406559506222000,0.390053411,1.186762986,0.351049258,-0.014865065,0.068493447,-1.512740286,0.018095101,0.030000983,-0.685679407,0.727060010,0.057887232,0.998145791,0.018810140,0.390053411,-0.995974319,0.059032217,-0.067454636,1.186762986,-0.068439911,-0.014829746,0.997545376,0.351049258,0.000000000,0.000000000,0.000000000,1.000000000,-0.982836975,0.181279362,0.034194630,0.081847441,0.105832045,0.705895884,-0.700364605,-0.572984739,-0.151099497,-0.684725342,-0.712965741,2.179889537,0.000000000,0.000000000,0.000000000,1.000000000
2026-09-26T17:09:19.712,1790406559712019908,1790406559,574225000,1790406559574225000,0.390333478,1.183250129,0.356057088,-0.012327943,0.070421527,-1.514405570,0.019703584,0.029815336,-0.686294729,0.726445014,0.056221029,0.998285602,0.016273459,0.390333478,-0.995935738,0.057222208,-0.069551434,1.183250129,-0.070363342,-0.012297159,0.997445988,0.356057088,0.000000000,0.000000000,0.000000000,1.000000000,-0.983021527,0.180367562,0.033707873,0.081775587,0.105491562,0.705845914,-0.700466328,-0.572525236,-0.150133969,-0.685017583,-0.712888984,2.177490683,0.000000000,0.000000000,0.000000000,1.000000000
2026-09-26T17:09:19.778,1790406559778866225,1790406559,642222000,1790406559642222000,0.388420755,1.183415680,0.353311744,-0.019565164,0.068573820,-1.510748867,0.016382483,0.031657808,-0.684881460,0.727782099,0.059870188,0.997926095,0.023639841,0.388420755,-0.995851573,0.061337583,-0.067209522,1.183415680,-0.068520094,-0.019518016,0.997459154,0.353311744,0.000000000,0.000000000,0.000000000,1.000000000,-0.982640147,0.181967382,0.036141582,0.081822260,0.104907732,0.705684474,-0.700716627,-0.572248873,-0.153012124,-0.684760757,-0.712523680,2.176676056,0.000000000,0.000000000,0.000000000,1.000000000
2026-09-26T17:09:19.845,1790406559845602127,1790406559,706224000,1790406559706224000,0.389804607,1.184781364,0.353118166,-0.015547822,0.069052369,-1.512103267,0.018028926,0.030443884,-0.685429343,0.727279000,0.058519421,0.998094370,0.019567270,0.389804607,-0.995898900,0.059722729,-0.067958458,1.184781364,-0.068997511,-0.015510225,0.997496614,0.353118166,0.000000000,0.000000000,0.000000000,1.000000000,-0.982708341,0.181890326,0.034644265,0.081910660,0.105958152,0.705864905,-0.700376760,-0.572729948,-0.151845928,-0.684595242,-0.712932092,2.178811936,0.000000000,0.000000000,0.000000000,1.000000000
2026-09-26T17:09:19.912,1790406559912048467,1790406559,774223000,1790406559774223000,0.389945422,1.184749003,0.353539297,-0.017318333,0.070533665,-1.511761696,0.017887656,0.031592065,-0.685255514,0.727397315,0.058853493,0.998036153,0.021444723,0.389945422,-0.995775733,0.060209406,-0.069320215,1.184749003,-0.070475200,-0.017274489,0.997364305,0.353539297,0.000000000,0.000000000,0.000000000,1.000000000,-0.982631087,0.182198172,0.035213248,0.081959557,0.105933102,0.706547141,-0.699692301,-0.573022185,-0.152362478,-0.683809157,-0.713576003,2.178101936,0.000000000,0.000000000,0.000000000,1.000000000
2026-09-26T17:09:19.978,1790406559978856237,1790406559,842220000,1790406559842220000,0.390460448,1.185719079,0.351914911,-0.017328167,0.069159117,-1.512873901,0.017430101,0.031086106,-0.685680557,0.727029586,0.057751504,0.998103666,0.021298061,0.390460448,-0.995936342,0.059076311,-0.067974750,1.185719079,-0.069104004,-0.017285959,0.997460050,0.351914911,0.000000000,0.000000000,0.000000000,1.000000000,-0.982939576,0.180713040,0.034243057,0.082095237,0.105390586,0.705955782,-0.700370801,-0.572964691,-0.150740221,-0.684813282,-0.712957330,2.179586766,0.000000000,0.000000000,0.000000000,1.000000000
2026-09-26T17:09:20.112,1790406560112223708,1790406559,906222000,1790406559906222000,0.388840419,1.181957614,0.354412615,-0.019850671,0.068550679,-1.510526722,0.016267133,0.031748968,-0.684796448,0.727860707,0.060091506,0.997905678,0.023938290,0.388840419,-0.995839831,0.061577993,-0.067163651,1.181957614,-0.068497007,-0.019802828,0.997455126,0.354412615,0.000000000,0.000000000,0.000000000,1.000000000,-0.982475212,0.182833326,0.036255110,0.081803655,0.105302257,0.704939551,-0.701406918,-0.572105374,-0.153798220,-0.685297166,-0.711838396,2.175255864,0.000000000,0.000000000,0.000000000,1.000000000
2026-09-26T17:09:20.178,1790406560178890745,1790406559,974227000,1790406559974227000,0.390173569,1.185218788,0.352907432,-0.015669426,0.069916699,-1.511731643,0.018275369,0.030803097,-0.685279583,0.727398841,0.058885975,0.998068920,0.019764786,0.390173569,-0.995817179,0.060115390,-0.068804509,1.185218788,-0.069859755,-0.015630584,0.997434719,0.352907432,0.000000000,0.000000000,0.000000000,1.000000000,-0.982618676,0.182435417,0.034319920,0.081957913,0.106711821,0.706395720,-0.699726856,-0.572975658,-0.151898405,-0.683902336,-0.713585643,2.178839156,0.000000000,0.000000000,0.000000000,1.000000000
2026-09-26T17:09:20.645,1790406560645495616,1790406560,506221000,1790406560506221000,0.390242562,1.184137618,0.353898307,-0.015486872,0.069134949,-1.513583752,0.018101945,0.030439618,-0.685967233,0.726770049,0.057044618,0.998182807,0.019410509,0.390242562,-0.995978753,0.058242130,-0.068073142,1.184137618,-0.069079894,-0.015449340,0.997491857,0.353898307,0.000000000,0.000000000,0.000000000,1.000000000,-0.982878539,0.180853624,0.035238384,0.081905380,0.104770711,0.705888463,-0.700531638,-0.572754212,-0.151568054,-0.684845562,-0.712750784,2.177843763,0.000000000,0.000000000,0.000000000,1.000000000
2026-09-26T17:09:20.712,1790406560712326946,1790406560,574222000,1790406560574222000,0.389331239,1.182876486,0.353719580,-0.017815381,0.068521759,-1.511754321,0.017016969,0.031031115,-0.685275457,0.727423563,0.058869085,0.998027036,0.021822892,0.389331239,-0.995914826,0.060215522,-0.067286887,1.182876486,-0.068468155,-0.017772714,0.997495344,0.353719580,0.000000000,0.000000000,0.000000000,1.000000000,-0.982589500,0.182207862,0.036306607,0.081778096,0.105068252,0.706129965,-0.700243625,-0.572431165,-0.153227077,-0.684237362,-0.712980151,2.176047504,0.000000000,0.000000000,0.000000000,1.000000000
2026-09-26T17:09:20.778,1790406560778933672,1790406560,642223000,1790406560642223000,0.390250994,1.183400933,0.354129965,-0.016429824,0.069389451,-1.512986596,0.017837416,0.030860793,-0.685731991,0.726980794,0.057638345,0.998128823,0.020407021,0.390250994,-0.995926927,0.058906507,-0.068259460,1.183400933,-0.069333786,-0.016389630,0.997459235,0.354129965,0.000000000,0.000000000,0.000000000,1.000000000,-0.982748382,0.181531697,0.035381639,0.081843355,0.105179164,0.705922142,-0.700436488,-0.572620621,-0.152128106,-0.684631414,-0.712837195,2.176965770,0.000000000,0.000000000,0.000000000,1.000000000
2026-09-26T17:09:20.845,1790406560845494597,1790406560,706222000,1790406560706222000,0.390601085,1.183773908,0.354321766,-0.015942888,0.069870960,-1.514137310,0.018197361,0.030858304,-0.686150492,0.726576990,0.056490383,0.998205293,0.019869597,0.390601085,-0.995959147,0.057732297,-0.068790524,1.183773908,-0.069814128,-0.015903395,0.997433601,0.354321766,0.000000000,0.000000000,0.000000000,1.000000000,-0.982937621,0.180521759,0.035292040,0.081916385,0.104483632,0.705876290,-0.700586778,-0.572671323,-0.151382972,-0.684945660,-0.712693930,2.177544875,0.000000000,0.000000000,0.000000000,1.000000000
2026-09-26T17:09:20.912,1790406560912144340,1790406560,774219000,1790406560774219000,0.390493336,1.180716410,0.355338053,-0.016198901,0.067198720,-1.513184575,0.017172733,0.029984014,-0.685839627,0.726931952,0.057449780,0.998147187,0.020037180,0.390493336,-0.996087569,0.058657788,-0.066095342,1.180716410,-0.067148163,-0.016161714,0.997612471,0.355338053,0.000000000,0.000000000,0.000000000,1.000000000,-0.982673676,0.181920882,0.035457580,0.081747059,0.105342442,0.705601333,-0.700735134,-0.572202448,-0.152497269,-0.684858782,-0.712539846,2.175243420,0.000000000,0.000000000,0.000000000,1.000000000
2026-09-26T17:09:20.978,1790406560978951373,1790406560,842218000,1790406560842218000,0.389838452,1.184755003,0.352300732,-0.015401038,0.067819229,-1.513100842,0.017674379,0.029936569,-0.685812176,0.726947782,0.057530771,0.998157396,0.019282022,0.389838452,-0.996040966,0.058698132,-0.066758503,1.184755003,-0.067767258,-0.015365107,0.997583195,0.352300732,0.000000000,0.000000000,0.000000000,1.000000000,-0.982979688,0.180559514,0.033899789,0.081880851,0.105538167,0.706032675,-0.700271060,-0.573044607,-0.150374961,-0.684774506,-0.713071698,2.177852010,0.000000000,0.000000000,0.000000000,1.000000000
2026-09-26T17:09:21.045,1790406561045542864,1790406560,906227000,1790406560906227000,0.389711889,1.182991314,0.354114609,-0.017185964,0.068439859,-1.511926686,0.017220468,0.030784196,-0.685349095,0.727359888,0.058697753,0.998051014,0.021178300,0.389711889,-0.995930552,0.059999730,-0.067246872,1.182991314,-0.068386447,-0.017144966,0.997511937,0.354114609,0.000000000,0.000000000,0.000000000,1.000000000,-0.982644377,0.182105664,0.035320757,0.081877580,0.105484963,0.705187570,-0.701130098,-0.572518057,-0.152587521,-0.685235739,-0.712158009,2.176834897,0.000000000,0.000000000,0.000000000,1.000000000
2026-09-26T17:09:21.112,1790406561112032543,1790406560,974221000,1790406560974221000,0.389083598,1.183152022,0.354884160,-0.016954628,0.070461741,-1.512050530,0.017999816,0.031438706,-0.685367380,0.727295792,0.058566175,0.998061300,0.021057490,0.389083598,-0.995797748,0.059894705,-0.069276584,1.183152022,-0.070403455,-0.016911828,0.997375588,0.354884160,0.000000000,0.000000000,0.000000000,1.000000000,-0.982732592,0.181552131,0.035713807,0.081882685,0.105073263,0.706441841,-0.699928235,-0.572551624,-0.152303190,-0.684089723,-0.713319697,2.176398217,0.000000000,0.000000000,0.000000000,1.000000000
2026-09-26T17:09:21.678,1790406561678654826,1790406561,506220000,1790406561506220000,0.390773069,1.181472166,0.358865636,-0.013708347,0.067354089,-1.513424217,0.018134756,0.029184203,-0.685961347,0.726826281,0.057210474,0.998207862,0.017544194,0.390773069,-0.996090880,0.058255903,-0.066400180,1.181472166,-0.067303180,-0.013676918,0.997639185,0.358865636,0.000000000,0.000000000,0.000000000,1.000000000,-0.982586234,0.182329472,0.035780683,0.081878304,0.105034068,0.703894942,-0.702495377,-0.573255597,-0.153271453,-0.686504096,-0.710788286,2.177859251,0.000000000,0.000000000,0.000000000,1.000000000
2026-09-26T17:09:21.745,1790406561745553382,1790406561,574219000,1790406561574219000,0.390065201,1.187613693,0.347901389,-0.016983547,0.067609521,-1.513477298,0.017032943,0.030399822,-0.685928180,0.726834411,0.057156614,0.998147902,0.020824508,0.390065201,-0.996076720,0.058424402,-0.066464524,1.187613693,-0.067558031,-0.016944011,0.997571818,0.347901389,0.000000000,0.000000000,0.000000000,1.000000000,-0.983191039,0.179501087,0.033387741,0.081810461,0.105331329,0.707011504,-0.699313981,-0.572988756,-0.149133137,-0.684042465,-0.714034463,2.180387793,0.000000000,0.000000000,0.000000000,1.000000000
2026-09-26T17:09:21.812,1790406561812001136,1790406561,642218000,1790406561642218000,0.390672243,1.184938287,0.356210645,-0.014848812,0.072237126,-1.514061677,0.019405864,0.031342829,-0.686104554,0.726568359,0.056556184,0.998220084,0.018916498,0.390672243,-0.995787157,0.057767487,-0.071208366,1.184938287,-0.072174324,-0.014809625,0.997282438,0.356210645,0.000000000,0.000000000,0.000000000,1.000000000,-0.982946576,0.180503952,0.035133343,0.081939514,0.104730150,0.706540114,-0.699880464,-0.573185017,-0.151154306,-0.684265585,-0.713395392,2.180471055,0.000000000,0.000000000,0.000000000,1.000000000
2026-09-26T17:09:21.878,1790406561878879665,1790406561,706218000,1790406561706218000,0.389063191,1.188597159,0.347546119,-0.017004264,0.065120600,-1.511958855,0.016148867,0.029515147,-0.685411855,0.727377934,0.058678740,0.998060086,0.020800069,0.389063191,-0.996153553,0.059899188,-0.063952797,1.188597159,-0.065074589,-0.016967483,0.997736500,0.347546119,0.000000000,0.000000000,0.000000000,1.000000000,-0.983018686,0.180393370,0.033652556,0.081892965,0.105389058,0.705110815,-0.701221709,-0.573561829,-0.150224528,-0.685767432,-0.712148594,2.180834404,0.000000000,0.000000000,0.000000000,1.000000000
2026-09-26T17:09:21.945,1790406561945536983,1790406561,774220000,1790406561774220000,0.389068976,1.183285724,0.358695125,-0.016253389,0.073845176,-1.510263229,0.019385976,0.032445397,-0.684676320,0.727866620,0.060331115,0.997963946,0.020685591,0.389068976,-0.995448014,0.061684623,-0.072650077,1.183285724,-0.073778085,-0.016208463,0.997143319,0.358695125,0.000000000,0.000000000,0.000000000,1.000000000,-0.982503642,0.182956420,0.034835932,0.081945334,0.106851990,0.706935385,-0.699160220,-0.573155679,-0.152542604,-0.683205174,-0.714115848,2.178802916,0.000000000,0.000000000,0.000000000,1.000000000
2026-09-26T17:09:21.978,1790406561978697618,1790406561,842221000,1790406561842221000,0.388358467,1.187551596,0.348802860,-0.019694735,0.067465259,-1.511150042,0.015961721,0.031295833,-0.685042272,0.727655743,0.059475164,0.997948853,0.023676264,0.388358467,-0.995950723,0.060924201,-0.066107287,1.187551596,-0.067414096,-0.019648740,0.997531948,0.348802860,0.000000000,0.000000000,0.000000000,1.000000000,-0.982937545,0.180610786,0.034835719,0.081819827,0.104940805,0.706175044,-0.700217277,-0.573195676,-0.151066909,-0.684614163,-0.713079405,2.180000942,0.000000000,0.000000000,0.000000000,1.000000000
2026-09-26T17:09:22.045,1790406562045555280,1790406561,906221000,1790406561906221000,0.392012648,1.181229522,0.362661607,-0.010003833,0.070932327,-1.514715950,0.020727624,0.029200053,-0.686434511,0.726309427,0.055909887,0.998338104,0.013960218,0.392012648,-0.995917124,0.056755637,-0.070197263,1.181229522,-0.070872867,-0.009978594,0.997435804,0.362661607,0.000000000,0.000000000,0.000000000,1.000000000,-0.982634782,0.182246221,0.034859725,0.081963404,0.105888363,0.705053664,-0.701203954,-0.573809369,-0.152369748,-0.685336155,-0.712108007,2.179400383,0.000000000,0.000000000,0.000000000,1.000000000
2026-09-26T17:09:22.112,1790406562112259613,1790406561,974222000,1790406561974222000,0.388775714,1.188338006,0.347203335,-0.019457419,0.065995065,-1.511406796,0.015548071,0.030677977,-0.685161407,0.727578838,0.059225266,0.997971743,0.023335404,0.388775714,-0.996063821,0.060623790,-0.064663701,1.188338006,-0.065947175,-0.019413916,0.997634598,0.347203335,0.000000000,0.000000000,0.000000000,1.000000000,-0.982998987,0.180380657,0.034290081,0.081962278,0.105062804,0.705738608,-0.700638869,-0.573293067,-0.150581533,-0.685124687,-0.712691634,2.180541064,0.000000000,0.000000000,0.000000000,1.000000000
2026-09-26T17:09:22.645,1790406562645587112,1790406562,506223000,1790406562506223000,0.390683265,1.181921858,0.358621265,-0.013953608,0.071726105,-1.514357556,0.019560234,0.030847274,-0.686233604,0.726463546,0.056263622,0.998254049,0.017973046,0.390683265,-0.995840541,0.057401258,-0.070756544,1.181921858,-0.071664626,-0.013917362,0.997332044,0.358621265,0.000000000,0.000000000,0.000000000,1.000000000,-0.982848382,0.180926188,0.035703951,0.081764208,0.104763577,0.707108880,-0.699300812,-0.572673503,-0.151768410,-0.683566198,-0.713935293,2.178430909,0.000000000,0.000000000,0.000000000,1.000000000
2026-09-26T17:09:22.712,1790406562712157024,1790406562,574217000,1790406562574217000,0.388169724,1.192090014,0.339262243,-0.023531120,0.060153453,-1.509961777,0.012041684,0.029958408,-0.684659739,0.728147330,0.060686921,0.997787716,0.027139345,0.388169724,-0.996344729,0.062191661,-0.058558944,1.192090014,-0.060117187,-0.023486468,0.997915343,0.339262243,0.000000000,0.000000000,0.000000000,1.000000000,-0.983000261,0.180421063,0.034040075,0.081863042,0.104807047,0.703624708,-0.702799938,-0.573314018,-0.150751350,-0.687284883,-0.710572671,2.183478367,0.000000000,0.000000000,0.000000000,1.000000000
2026-09-26T17:09:22.779,1790406562779017529,1790406562,642217000,1790406562642217000,0.390782803,1.182574340,0.361340288,-0.013265987,0.074227248,-1.513398880,0.020653501,0.031529295,-0.685858525,0.726758158,0.057207824,0.998208832,0.017497570,0.390782803,-0.995604082,0.058342616,-0.073269551,1.182574340,-0.074159110,-0.013229154,0.997159031,0.361340288,0.000000000,0.000000000,0.000000000,1.000000000,-0.982657758,0.182030664,0.035335087,0.081827034,0.105603781,0.706016906,-0.700277067,-0.573489720,-0.152419068,-0.684401173,-0.712996116,2.179035245,0.000000000,0.000000000,0.000000000,1.000000000
2026-09-26T17:09:22.845,1790406562845591963,1790406562,710213000,1790406562710213000,0.387998041,1.187804388,0.346086747,-0.018338051,0.063821022,-1.511627497,0.015213247,0.029502369,-0.685290194,0.727513242,0.059013771,0.998012931,0.022075737,0.387998041,-0.996217635,0.060291397,-0.062571119,1.187804388,-0.063777711,-0.018299770,0.997796694,0.346086747,0.000000000,0.000000000,0.000000000,1.000000000,-0.983099299,0.179878986,0.034048762,0.081777477,0.104771017,0.705319014,-0.701104930,-0.572692685,-0.150129283,-0.685688442,-0.712244733,2.179913313,0.000000000,0.000000000,0.000000000,1.000000000
2026-09-26T17:09:22.912,1790406562912154940,1790406562,774219000,1790406562774219000,0.391519932,1.183873727,0.355563611,-0.014600124,0.068193772,-1.513282698,0.018096700,0.029796354,-0.685884842,0.726874590,0.057348171,0.998182854,0.018491905,0.391519932,-0.996026002,0.058468567,-0.067181874,1.183873727,-0.068140935,-0.014565753,0.997569732,0.355563611,0.000000000,0.000000000,0.000000000,1.000000000,-0.982649906,0.182186603,0.034744850,0.081979627,0.106001265,0.705391856,-0.700846674,-0.573458775,-0.152193609,-0.685003920,-0.712465251,2.179589893,0.000000000,0.000000000,0.000000000,1.000000000
2026-09-26T17:09:22.978,1790406562978983795,1790406562,842219000,1790406562842219000,0.389421194,1.186513891,0.353827797,-0.016807947,0.072026264,-1.512123671,0.018590794,0.031956368,-0.685372388,0.727253644,0.058486810,0.998067217,0.020997522,0.389421194,-0.995690852,0.059837726,-0.070844547,1.186513891,-0.071964008,-0.016763661,0.997266705,0.353827797,0.000000000,0.000000000,0.000000000,1.000000000,-0.983046858,0.180312719,0.033259548,0.081863328,0.106070261,0.707217257,-0.698994171,-0.573175787,-0.149559266,-0.683616175,-0.714353520,2.180613763,0.000000000,0.000000000,0.000000000,1.000000000
2026-09-26T17:09:23.045,1790406563045582384,1790406562,910251000,1790406562910251000,0.390458260,1.188297225,0.342751822,-0.016291034,0.053016697,-1.512614652,0.012265661,0.024866368,-0.685819282,0.727243515,0.058067002,0.998125150,0.019343741,0.390458260,-0.996905152,0.059002512,-0.051947986,1.188297225,-0.052991872,-0.016267499,0.998462795,0.342751822,0.000000000,0.000000000,0.000000000,1.000000000,-0.982744815,0.181745104,0.034370707,0.081703749,0.104807852,0.700266971,-0.706145511,-0.572902490,-0.152407160,-0.690358520,-0.707232049,2.181878808,0.000000000,0.000000000,0.000000000,1.000000000
2026-09-26T17:09:23.112,1790406563112164656,1790406562,974216000,1790406562974216000,0.392208127,1.184013390,0.362493623,-0.009859667,0.078317651,-1.516108407,0.023337704,0.031815250,-0.686834210,0.725742316,0.054492963,0.998414184,0.014121064,0.392208127,-0.995444217,0.055427820,-0.077578003,1.184013390,-0.078237619,-0.009829372,0.996886641,0.362493623,0.000000000,0.000000000,0.000000000,1.000000000,-0.983013905,0.180320061,0.034180969,0.081814136,0.105505233,0.707602861,-0.698689371,-0.572981615,-0.150174262,-0.683215096,-0.714608161,2.182415533,0.000000000,0.000000000,0.000000000,1.000000000
2026-09-26T17:09:23.712,1790406563712207050,1790406563,510218000,1790406563510218000,0.388612835,1.191108369,0.342874351,-0.018906147,0.063427332,-1.511347768,0.014867483,0.029555976,-0.685185672,0.727616655,0.059293927,0.997983755,0.022636855,0.388612835,-0.996226075,0.060598686,-0.062138392,1.191108369,-0.063384818,-0.018867084,0.997811164,0.342874351,0.000000000,0.000000000,0.000000000,1.000000000,-0.983163454,0.179741425,0.032903548,0.081868361,0.105490325,0.705340053,-0.700975892,-0.572870079,-0.149202596,-0.685702872,-0.712425544,2.183752512,0.000000000,0.000000000,0.000000000,1.000000000
2026-09-26T17:09:23.779,1790406563779026673,1790406563,574216000,1790406563574216000,0.393001649,1.181858098,0.361574794,-0.009850417,0.072679787,-1.517802319,0.021429245,0.029748740,-0.687532056,0.725227875,0.052829216,0.998509705,0.013682629,0.393001649,-0.995959745,0.053680499,-0.071988675,1.181858098,-0.072615824,-0.009824337,0.997311958,0.361574794,0.000000000,0.000000000,0.000000000,1.000000000,-0.983234447,0.179129537,0.034097366,0.081917234,0.104490789,0.706736966,-0.699717469,-0.572951123,-0.149437935,-0.684423458,-0.713605516,2.180420094,0.000000000,0.000000000,0.000000000,1.000000000
2026-09-26T17:09:23.811,1790406563811976262,1790406563,642215000,1790406563642215000,0.389255115,1.187618517,0.346193032,-0.019541664,0.065059317,-1.512100374,0.015207164,0.030361354,-0.685426228,0.727349859,0.058537998,0.998012655,0.023319862,0.389255115,-0.996165826,0.059918838,-0.063742868,1.187618517,-0.065013436,-0.019499159,0.997694220,0.346193032,0.000000000,0.000000000,0.000000000,1.000000000,-0.983114912,0.179895552,0.033506121,0.081708425,0.105096991,0.704983499,-0.701393533,-0.571954598,-0.149798839,-0.686029049,-0.711986272,2.180565641,0.000000000,0.000000000,0.000000000,1.000000000
2026-09-26T17:09:23.879,1790406563879067523,1790406563,710217000,1790406563710217000,0.391760844,1.182036947,0.357921817,-0.012283431,0.070190293,-1.515393805,0.019655049,0.029706399,-0.686657566,0.726107841,0.055237683,0.998342540,0.016147507,0.391760844,-0.996007030,0.056229714,-0.069339694,1.182036947,-0.070132680,-0.012252960,0.997462777,0.357921817,0.000000000,0.000000000,0.000000000,1.000000000,-0.982824804,0.181066030,0.035644043,0.081710896,0.104802260,0.706623189,-0.699785792,-0.572430600,-0.151894343,-0.684031258,-0.713462926,2.178476287,0.000000000,0.000000000,0.000000000,1.000000000
2026-09-26T17:09:23.945,1790406563945585705,1790406563,774217000,1790406563774217000,0.390750201,1.181772681,0.360102752,-0.011275531,0.069711088,-1.514219967,0.019839236,0.029198092,-0.686252906,0.726505902,0.056408690,0.998292003,0.015195690,0.390750201,-0.995974943,0.057326289,-0.068901273,1.181772681,-0.069654646,-0.011247989,0.997508111,0.360102752,0.000000000,0.000000000,0.000000000,1.000000000,-0.982569728,0.182260476,0.036576601,0.081775923,0.104899549,0.706061491,-0.700337958,-0.573114116,-0.153469259,-0.684294008,-0.712873689,2.178199212,0.000000000,0.000000000,0.000000000,1.000000000
2026-09-26T17:09:24.012,1790406564012006036,1790406563,842217000,1790406563842217000,0.390766901,1.187062583,0.349657123,-0.016313744,0.063903236,-1.511811403,0.015980433,0.028837156,-0.685385452,0.727433726,0.058830250,0.998066543,0.020048714,0.390766901,-0.996223233,0.059982397,-0.062778620,1.187062583,-0.063859758,-0.016279803,0.997826448,0.349657123,0.000000000,0.000000000,0.000000000,1.000000000,-0.982420463,0.183174444,0.036016069,0.081917731,0.105589927,0.704333910,-0.701971873,-0.573408253,-0.153950646,-0.685828598,-0.711293422,2.181120697,0.000000000,0.000000000,0.000000000,1.000000000
2026-09-26T17:09:24.078,1790406564078862461,1790406563,910214000,1790406563910214000,0.390612047,1.182633280,0.354173782,-0.013437883,0.066061717,-1.514556641,0.017805772,0.028611893,-0.686394670,0.726447983,0.056087283,0.998278854,0.017126515,0.390612047,-0.996241039,0.057090204,-0.065148111,1.182633280,-0.066013684,-0.013408248,0.997728987,0.354173782,0.000000000,0.000000000,0.000000000,1.000000000,-0.982941127,0.180524631,0.035179512,0.081677829,0.104515343,0.705647112,-0.700812883,-0.571859868,-0.151338308,-0.685181006,-0.712477161,2.177988807,0.000000000,0.000000000,0.000000000,1.000000000
2026-09-26T17:09:24.145,1790406564145939176,1790406563,974219000,1790406563974219000,0.389568145,1.185838059,0.348355729,-0.020350053,0.065708994,-1.511677235,0.015129444,0.030877723,-0.685250312,0.727495482,0.058957001,0.997967233,0.024191882,0.389568145,-0.996098593,0.060405801,-0.064331216,1.185838059,-0.065661724,-0.020304813,0.997635692,0.348355729,0.000000000,0.000000000,0.000000000,1.000000000,-0.982873948,0.181035737,0.034421854,0.081583488,0.105088910,0.704080168,-0.702301529,-0.571876541,-0.151377420,-0.686656521,-0.711046903,2.179192813,0.000000000,0.000000000,0.000000000,1.000000000
2026-09-26T17:09:24.679,1790406564679439972,1790406564,510212000,1790406564510212000,0.392927802,1.181008887,0.366158263,-0.009697807,0.074664574,-1.515545862,0.022132801,0.030440723,-0.686687054,0.725978230,0.055068352,0.998387076,0.013801972,0.392927802,-0.995692134,0.055941639,-0.073942444,1.181008887,-0.074595227,-0.009670722,0.997167361,0.366158263,0.000000000,0.000000000,0.000000000,1.000000000,-0.982520776,0.182612660,0.036132280,0.081648415,0.105407838,0.705749535,-0.700576035,-0.573708534,-0.153434393,-0.684521884,-0.712662387,2.180767376,0.000000000,0.000000000,0.000000000,1.000000000
2026-09-26T17:09:24.745,1790406564745570507,1790406564,574220000,1790406564574220000,0.390723734,1.185119441,0.350651603,-0.013400671,0.065153638,-1.514292151,0.017503751,0.028271736,-0.686311565,0.726547152,0.056354139,0.998265043,0.017055430,0.390723734,-0.996285609,0.057339691,-0.064241114,1.185119441,-0.065107558,-0.013371919,0.997789014,0.350651603,0.000000000,0.000000000,0.000000000,1.000000000,-0.982925367,0.180769034,0.034355183,0.081367042,0.105414213,0.706237122,-0.700083546,-0.572554351,-0.150816332,-0.684508352,-0.713234008,2.179428143,0.000000000,0.000000000,0.000000000,1.000000000
2026-09-26T17:09:24.778,1790406564778909822,1790406564,642214000,1790406564642214000,0.391262366,1.185264022,0.352049682,-0.013892736,0.064106665,-1.513890687,0.016959918,0.028063814,-0.686172989,0.726698984,0.056757953,0.998234242,0.017513001,0.391262366,-0.996330414,0.057757563,-0.063162847,1.185264022,-0.064062772,-0.013863832,0.997849926,0.352049682,0.000000000,0.000000000,0.000000000,1.000000000,-0.982909238,0.181042605,0.033361722,0.081518646,0.105777636,0.703743752,-0.702535282,-0.572793091,-0.150666921,-0.686999495,-0.710866494,2.180537933,0.000000000,0.000000000,0.000000000,1.000000000
2026-09-26T17:09:24.912,1790406564912224196,1790406564,710213000,1790406564710213000,0.392137267,1.182045526,0.357438442,-0.012000218,0.070371813,-1.516999854,0.019844042,0.029659112,-0.687242036,0.725551470,0.053637291,0.998435945,0.015763090,0.392137267,-0.996081731,0.054608777,-0.069561803,1.182045526,-0.070313752,-0.011970312,0.997453461,0.357438442,0.000000000,0.000000000,0.000000000,1.000000000,-0.983113217,0.179612099,0.035041366,0.081404822,0.104209691,0.706885515,-0.699609326,-0.572101986,-0.150428533,-0.684143525,-0.713665813,2.178511324,0.000000000,0.000000000,0.000000000,1.000000000
2026-09-26T17:09:24.978,1790406564978876637,1790406564,774219000,1790406564774219000,0.389820350,1.183353552,0.351903717,-0.015710657,0.064461295,-1.513432429,0.016414496,0.028820064,-0.685975743,0.726868109,0.057213218,0.998173811,0.019376864,0.389820350,-0.996281556,0.058335270,-0.063402151,1.183353552,-0.064416668,-0.015677461,0.997800296,0.351903717,0.000000000,0.000000000,0.000000000,1.000000000,-0.982836992,0.181046706,0.035405328,0.081483041,0.104427548,0.704230579,-0.702249371,-0.571633875,-0.152073450,-0.686499368,-0.711050128,2.177630880,0.000000000,0.000000000,0.000000000,1.000000000
2026-09-26T17:09:25.045,1790406565045538216,1790406564,842215000,1790406564842215000,0.390495302,1.182148734,0.357698338,-0.012243475,0.069940264,-1.513335705,0.019553201,0.029622080,-0.685914157,0.726816328,0.057288453,0.998225525,0.016235973,0.390495302,-0.995908711,0.058278465,-0.069059657,1.182148734,-0.069883264,-0.012213319,0.997480768,0.357698338,0.000000000,0.000000000,0.000000000,1.000000000,-0.982623358,0.182250688,0.035157123,0.081507369,0.106029351,0.706624613,-0.699599481,-0.572378952,-0.152345375,-0.683715104,-0.713669772,2.178118299,0.000000000,0.000000000,0.000000000,1.000000000
2026-09-26T17:09:25.145,1790406565145511517,1790406564,910213000,1790406564910213000,0.390235004,1.183005100,0.351665492,-0.016079265,0.064726663,-1.513473956,0.016372201,0.029042548,-0.685981795,0.726854496,0.057170863,0.998168779,0.019757336,0.390235004,-0.996266829,0.058321437,-0.063645809,1.183005100,-0.064681483,-0.016044983,0.997777322,0.351665492,0.000000000,0.000000000,0.000000000,1.000000000,-0.982750535,0.181453668,0.035720470,0.081346717,0.104751592,0.705345982,-0.701080701,-0.571711516,-0.152408955,-0.685245658,-0.712186702,2.177193899,0.000000000,0.000000000,0.000000000,1.000000000
2026-09-26T17:09:25.212,1790406565212152686,1790406564,974220000,1790406564974220000,0.390662435,1.181781969,0.357016272,-0.011264505,0.067450242,-1.514989643,0.019078068,0.028365997,-0.686563855,0.726265428,0.055650737,0.998337414,0.015005846,0.390662435,-0.996172752,0.056531783,-0.066661695,1.181781969,-0.067399117,-0.011238735,0.997663154,0.357016272,0.000000000,0.000000000,0.000000000,1.000000000,-0.982858309,0.180954852,0.035282932,0.081480345,0.104826289,0.705943721,-0.700467638,-0.572144924,-0.151660782,-0.684761859,-0.712811478,2.177226542,0.000000000,0.000000000,0.000000000,1.000000000
2026-09-26T17:09:25.645,1790406565645583729,1790406565,510211000,1790406565510211000,0.390114646,1.182774243,0.353390041,-0.016119489,0.064717207,-1.512457999,0.016339577,0.029061214,-0.685612029,0.727203280,0.058183034,0.998108223,0.019861584,0.390114646,-0.996208843,0.059337910,-0.063613898,1.182774243,-0.064672047,-0.016085127,0.997777287,0.353390041,0.000000000,0.000000000,0.000000000,1.000000000,-0.982620651,0.182195974,0.035514553,0.081447162,0.105195283,0.704208008,-0.702157413,-0.571542800,-0.152939887,-0.686218411,-0.711135489,2.178262956,0.000000000,0.000000000,0.000000000,1.000000000
2026-09-26T17:09:25.712,1790406565712209033,1790406565,574222000,1790406565574222000,0.390098338,1.183276716,0.354285978,-0.013571265,0.066617526,-1.513093737,0.017927051,0.028872586,-0.685853517,0.726945629,0.057542503,0.998191529,0.017386924,0.390098338,-0.996121139,0.058566729,-0.065668789,1.183276716,-0.066568270,-0.013540828,0.997690348,0.354285978,0.000000000,0.000000000,0.000000000,1.000000000,-0.982703837,0.181790444,0.035290266,0.081528270,0.105245643,0.705064560,-0.701289755,-0.571538270,-0.152369692,-0.685445986,-0.712002301,2.178716944,0.000000000,0.000000000,0.000000000,1.000000000
2026-09-26T17:09:25.779,1790406565779015357,1790406565,642212000,1790406565642212000,0.389440502,1.180525941,0.354863829,-0.016589739,0.064535355,-1.512709312,0.016109881,0.029154304,-0.685699114,0.727122565,0.057933354,0.998113836,0.020304428,0.389440502,-0.996235158,0.059113976,-0.063409952,1.180525941,-0.064490573,-0.016554524,0.997781356,0.354863829,0.000000000,0.000000000,0.000000000,1.000000000,-0.982540876,0.182263956,0.037326641,0.081336304,0.103883621,0.703910440,-0.702650898,-0.570840864,-0.154342545,-0.686505602,-0.710555020,2.175413832,0.000000000,0.000000000,0.000000000,1.000000000
2026-09-26T17:09:25.845,1790406565845551857,1790406565,710215000,1790406565710215000,0.391008962,1.182730350,0.354364777,-0.013717378,0.066559050,-1.514534970,0.017874703,0.028888574,-0.686375892,0.726453082,0.056107020,0.998272408,0.017434842,0.391008962,-0.996206921,0.057136841,-0.065627182,1.182730350,-0.066509923,-0.013686656,0.997692250,0.354364777,0.000000000,0.000000000,0.000000000,1.000000000,-0.982804872,0.181175061,0.035639590,0.081432316,0.104659176,0.705600155,-0.700838696,-0.571436108,-0.152121794,-0.685057675,-0.712428903,2.178654660,0.000000000,0.000000000,0.000000000,1.000000000
2026-09-26T17:09:25.912,1790406565912212173,1790406565,778208000,1790406565778208000,0.390073242,1.183458985,0.354034891,-0.013859026,0.066077772,-1.513351491,0.017640980,0.028772891,-0.685950541,0.726865030,0.057287801,0.998201980,0.017626323,0.390073242,-0.996171664,0.058320883,-0.065118859,1.183458985,-0.066029703,-0.013828418,0.997722192,0.354034891,0.000000000,0.000000000,0.000000000,1.000000000,-0.982823184,0.181208855,0.034956264,0.081533889,0.105035549,0.704985992,-0.701400231,-0.571564675,-0.151743609,-0.685680758,-0.711909949,2.179101734,0.000000000,0.000000000,0.000000000,1.000000000
2026-09-26T17:09:25.978,1790406565978990887,1790406565,842237000,1790406565842237000,0.390902112,1.183562424,0.354548540,-0.012524650,0.065934410,-1.514546931,0.018093629,0.028252336,-0.686405868,0.726444361,0.056097428,0.998293614,0.016208339,0.390902112,-0.996248877,0.057038790,-0.065073244,1.183562424,-0.065886654,-0.012497190,0.997749211,0.354548540,0.000000000,0.000000000,0.000000000,1.000000000,-0.982885791,0.180856691,0.035019708,0.081566435,0.104740526,0.705036522,-0.701393559,-0.571784995,-0.151541891,-0.685721781,-0.711913404,2.179862550,0.000000000,0.000000000,0.000000000,1.000000000
2026-09-26T17:09:26.045,1790406566045591726,1790406565,910213000,1790406565910213000,0.390270360,1.184011493,0.353774119,-0.013089021,0.066223089,-1.514361786,0.017985113,0.028552506,-0.686326655,0.726510160,0.056280802,0.998273511,0.016800032,0.390270360,-0.996219442,0.057264097,-0.065325502,1.184011493,-0.066174703,-0.013060039,0.997722939,0.353774119,0.000000000,0.000000000,0.000000000,1.000000000,-0.982936511,0.180528341,0.035289284,0.081462902,0.104404787,0.705488542,-0.700988986,-0.571671169,-0.151444564,-0.685343298,-0.712298469,2.179683828,0.000000000,0.000000000,0.000000000,1.000000000
2026-09-26T17:09:26.112,1790406566112156443,1790406565,978210000,1790406565978210000,0.390955044,1.183926661,0.354922616,-0.014151240,0.068777330,-1.513342339,0.018460962,0.029853849,-0.685904830,0.726844210,0.057286474,0.998194064,0.018073254,0.390955044,-0.995989553,0.058387096,-0.067790361,1.183926661,-0.068723126,-0.014117394,0.997536240,0.354922616,0.000000000,0.000000000,0.000000000,1.000000000,-0.982734936,0.181760311,0.034572166,0.081519032,0.105782161,0.705274162,-0.700998210,-0.571799660,-0.151796508,-0.685238313,-0.712324557,2.179504290,0.000000000,0.000000000,0.000000000,1.000000000
2026-09-26T17:09:26.645,1790406566645472474,1790406566,510212000,1790406566510212000,0.391298439,1.184062236,0.353874240,-0.012876756,0.067391112,-1.514454999,0.018464568,0.028902917,-0.686347412,0.726464666,0.056183551,0.998281541,0.016647664,0.391298439,-0.996146834,0.057172160,-0.066502674,1.184062236,-0.067340120,-0.012847253,0.997647721,0.353874240,0.000000000,0.000000000,0.000000000,1.000000000,-0.982888726,0.180991992,0.034229395,0.081501026,0.105589096,0.705873339,-0.700423995,-0.571694187,-0.150932752,-0.684824597,-0.712905727,2.180287480,0.000000000,0.000000000,0.000000000,1.000000000
2026-09-26T17:09:26.712,1790406566712152823,1790406566,578216000,1790406566578216000,0.390713979,1.181229681,0.355437684,-0.012883397,0.065845868,-1.514496721,0.017932211,0.028343761,-0.686383760,0.726465691,0.056147778,0.998284933,0.016564768,0.390713979,-0.996251880,0.057111119,-0.064963742,1.181229681,-0.065798304,-0.012855203,0.997750493,0.355437684,0.000000000,0.000000000,0.000000000,1.000000000,-0.982936422,0.180754171,0.034116281,0.081450183,0.105153676,0.704329209,-0.702042071,-0.570852320,-0.150926126,-0.686475269,-0.711317798,2.177246777,0.000000000,0.000000000,0.000000000,1.000000000
2026-09-26T17:09:26.778,1790406566778973076,1790406566,642209000,1790406566642209000,0.390560854,1.184362774,0.353246368,-0.014001307,0.067071370,-1.513768994,0.017936305,0.029178892,-0.686086332,0.726713442,0.056868124,0.998222937,0.017797664,0.390560854,-0.996129503,0.057927249,-0.066107662,1.184362774,-0.067021100,-0.013969451,0.997654121,0.353246368,0.000000000,0.000000000,0.000000000,1.000000000,-0.982851736,0.181042588,0.035014956,0.081516257,0.105047582,0.705786562,-0.700592845,-0.571614686,-0.151550227,-0.684900658,-0.712701633,2.179875866,0.000000000,0.000000000,0.000000000,1.000000000
2026-09-26T17:09:26.845,1790406566845529544,1790406566,710212000,1790406566710212000,0.392081163,1.182904335,0.356319007,-0.012428933,0.068894709,-1.516179084,0.019168702,0.029278649,-0.686958854,0.725853191,0.054460437,0.998384913,0.016167768,0.392081163,-0.996139991,0.055439769,-0.068053858,1.182904335,-0.068840228,-0.012399210,0.997551002,0.356319007,0.000000000,0.000000000,0.000000000,1.000000000,-0.983012151,0.180199887,0.034858453,0.081431535,0.104556010,0.705885554,-0.700566646,-0.571408536,-0.150848109,-0.685020865,-0.712735058,2.179941741,0.000000000,0.000000000,0.000000000,1.000000000
2026-09-26T17:09:26.912,1790406566912161059,1790406566,778213000,1790406566778213000,0.389863570,1.186487142,0.346940872,-0.015882059,0.064103386,-1.512255621,0.016212459,0.028758383,-0.685550438,0.727276226,0.058386956,0.998101454,0.019601646,0.389863570,-0.996236489,0.059515089,-0.063012590,1.186487142,-0.064059499,-0.015848852,0.997820582,0.346940872,0.000000000,0.000000000,0.000000000,1.000000000,-0.982941661,0.180980867,0.032735566,0.081407090,0.106624662,0.705779370,-0.700361809,-0.570964918,-0.149856174,-0.684924381,-0.713036970,2.180504438,0.000000000,0.000000000,0.000000000,1.000000000
2026-09-26T17:09:26.978,1790406566978899730,1790406566,842212000,1790406566842212000,0.391329105,1.182093158,0.357021095,-0.013350964,0.067059814,-1.514533008,0.018179703,0.028944655,-0.686373502,0.726445539,0.056107094,0.998278242,0.017097283,0.391329105,-0.996173433,0.057121409,-0.066146893,1.182093158,-0.067009570,-0.013320641,0.997663770,0.357021095,0.000000000,0.000000000,0.000000000,1.000000000,-0.982817436,0.181209615,0.035113556,0.081611071,0.104694251,0.703948988,-0.702491948,-0.571025354,-0.152016448,-0.686745148,-0.710824945,2.179714236,0.000000000,0.000000000,0.000000000,1.000000000
2026-09-26T17:09:27.112,1790406567112105518,1790406566,910211000,1790406566910211000,0.390323518,1.184825718,0.351615703,-0.015561494,0.067405105,-1.513175462,0.017475085,0.029840489,-0.685842869,0.726927593,0.057458058,0.998159037,0.019413409,0.390323518,-0.996073188,0.058627942,-0.066338092,1.184825718,-0.067354080,-0.015525610,0.997608692,0.351615703,0.000000000,0.000000000,0.000000000,1.000000000,-0.982884769,0.180991375,0.034346086,0.081389476,0.105517146,0.705926236,-0.700381525,-0.570868183,-0.151008819,-0.684770232,-0.712941839,2.180261788,0.000000000,0.000000000,0.000000000,1.000000000
2026-09-26T17:09:27.179,1790406567179424374,1790406566,978209000,1790406566978209000,0.391255845,1.183776742,0.354001518,-0.013574401,0.066458907,-1.513400927,0.017875917,0.028813287,-0.685967321,0.726841854,0.057237107,0.998209541,0.017360802,0.391255845,-0.996149297,0.058258153,-0.065515951,1.183776742,-0.066410002,-0.013544099,0.997700851,0.354001518,0.000000000,0.000000000,0.000000000,1.000000000,-0.982701619,0.182034916,0.034070768,0.081422267,0.106114314,0.704238497,-0.701988527,-0.571022855,-0.151780369,-0.686229866,-0.711372821,2.180688814,0.000000000,0.000000000,0.000000000,1.000000000
2026-09-26T17:09:27.678,1790406567678889494,1790406567,510210000,1790406567510210000,0.391103281,1.184696288,0.350568944,-0.015610173,0.066259927,-1.514005097,0.017076676,0.029434072,-0.686160010,0.726654294,0.056636001,0.998207402,0.019342110,0.391103281,-0.996196870,0.057785236,-0.065210721,1.184696288,-0.066211460,-0.015575366,0.997684404,0.350568944,0.000000000,0.000000000,0.000000000,1.000000000,-0.982986628,0.180575397,0.033612721,0.081356153,0.105575561,0.705216825,-0.701087035,-0.570596420,-0.150303326,-0.685610499,-0.712283058,2.180279650,0.000000000,0.000000000,0.000000000,1.000000000
2026-09-26T17:09:27.745,1790406567745593157,1790406567,578210000,1790406567578210000,0.391404677,1.183411183,0.355756052,-0.014973243,0.068380557,-1.514335794,0.018040975,0.029982668,-0.686259215,0.726514868,0.056298509,0.998236773,0.018804124,0.391404677,-0.996073118,0.057445209,-0.067365914,1.183411183,-0.068327285,-0.014937774,0.997551485,0.355756052,0.000000000,0.000000000,0.000000000,1.000000000,-0.982787686,0.181238066,0.035792836,0.081527060,0.104340652,0.704448311,-0.702043877,-0.571142074,-0.152451277,-0.686225430,-0.711233624,2.180486545,0.000000000,0.000000000,0.000000000,1.000000000
2026-09-26T17:09:27.778,1790406567778924325,1790406567,642211000,1790406567642211000,0.392655475,1.176202992,0.369363436,-0.007720450,0.076328967,-1.518388740,0.023465338,0.030332434,-0.687724076,0.724958562,0.052230926,0.998566329,0.011704143,0.392655475,-0.995719298,0.052969528,-0.075743566,1.176202992,-0.076254879,-0.007697981,0.997059001,0.369363436,0.000000000,0.000000000,0.000000000,1.000000000,-0.983055505,0.179803479,0.035673297,0.081313212,0.103832492,0.706570451,-0.699983580,-0.570128040,-0.151065180,-0.684418664,-0.713267414,2.178621804,0.000000000,0.000000000,0.000000000,1.000000000
2026-09-26T17:09:27.845,1790406567845455136,1790406567,710210000,1790406567710210000,0.390351868,1.190572285,0.339564386,-0.015305088,0.058363417,-1.512993631,0.014463403,0.026468868,-0.685903291,0.727067318,0.057671999,0.998161287,0.018648292,0.390351868,-0.996629979,0.058654553,-0.057341975,1.190572285,-0.058330295,-0.015278509,0.998180778,0.339564386,0.000000000,0.000000000,0.000000000,1.000000000,-0.983008669,0.180555865,0.033068654,0.081377995,0.106076888,0.705801200,-0.700422986,-0.571202234,-0.149805374,-0.685014048,-0.712961503,2.184343420,0.000000000,0.000000000,0.000000000,1.000000000
2026-09-26T17:09:27.912,1790406567912567670,1790406567,778207000,1790406567778207000,0.393956292,1.186311716,0.360762981,-0.010837669,0.073903615,-1.516033903,0.021465119,0.030550724,-0.686857939,0.725831987,0.054585498,0.998398369,0.014862395,0.393956292,-0.995775282,0.055530422,-0.073128233,1.186311716,-0.073836366,-0.010807960,0.997212162,0.360762981,0.000000000,0.000000000,0.000000000,1.000000000,-0.982817654,0.181220961,0.035048850,0.081926238,0.105130550,0.705672852,-0.700694936,-0.573256781,-0.151713632,-0.684970649,-0.712599596,2.186877569,0.000000000,0.000000000,0.000000000,1.000000000
2026-09-26T17:09:27.979,1790406567979006102,1790406567,842214000,1790406567842214000,0.389942699,1.185213252,0.350653425,-0.014946251,0.065777097,-1.512652229,0.017132515,0.029042545,-0.685684836,0.727117125,0.057985523,0.998141412,0.018739637,0.389942699,-0.996151136,0.059085148,-0.064742831,1.185213252,-0.065729682,-0.014913454,0.997726374,0.350653425,0.000000000,0.000000000,0.000000000,1.000000000,-0.982813699,0.181382132,0.034318436,0.081416647,0.105703940,0.705370110,-0.700913464,-0.570703255,-0.151340377,-0.685239761,-0.712420213,2.181571283,0.000000000,0.000000000,0.000000000,1.000000000
2026-09-26T17:09:28.045,1790406568045425552,1790406567,910210000,1790406567910210000,0.391276989,1.186908597,0.350077320,-0.016192770,0.063962923,-1.513241991,0.016065507,0.028805914,-0.685906518,0.726941791,0.057404786,0.998153683,0.019841559,0.391276989,-0.996302569,0.058547878,-0.062873779,1.186908597,-0.063919323,-0.016159030,0.997824597,0.350077320,0.000000000,0.000000000,0.000000000,1.000000000,-0.982798208,0.181409808,0.034614495,0.081621271,0.105062902,0.703332885,-0.703053796,-0.571785965,-0.151886367,-0.687323312,-0.710293740,2.182965483,0.000000000,0.000000000,0.000000000,1.000000000
2026-09-26T17:09:28.112,1790406568112030396,1790406567,978209000,1790406567978209000,0.390384732,1.183061996,0.356761925,-0.015497433,0.072152197,-1.513529338,0.019132683,0.031539594,-0.685902228,0.726758094,0.057086624,0.998176761,0.019596997,0.390384732,-0.995763025,0.058343729,-0.071075897,1.183061996,-0.072089615,-0.015456575,0.997278748,0.356761925,0.000000000,0.000000000,0.000000000,1.000000000,-0.983003024,0.180437557,0.033872462,0.081479842,0.105606806,0.706668927,-0.699618632,-0.570793332,-0.150174093,-0.684150068,-0.713713126,2.180570164,0.000000000,0.000000000,0.000000000,1.000000000
2026-09-26T17:09:28.712,1790406568712182752,1790406568,510216000,1790406568510216000,0.391988570,1.188085622,0.359187259,-0.011583956,0.069296971,-1.513082473,0.019568461,0.029164682,-0.685840894,0.726903546,0.057543228,0.998221666,0.015558104,0.391988570,-0.995938846,0.058478268,-0.068453508,1.188085622,-0.069241530,-0.011555977,0.997533352,0.359187259,0.000000000,0.000000000,0.000000000,1.000000000,-0.982452054,0.183131890,0.035364851,0.082001830,0.105708876,0.702926422,-0.703363405,-0.574905200,-0.153667158,-0.687282443,-0.709950173,2.187902244,0.000000000,0.000000000,0.000000000,1.000000000
2026-09-26T17:09:28.779,1790406568779277083,1790406568,578206000,1790406568578206000,0.390941461,1.186482483,0.353876267,-0.015817048,0.062466733,-1.512452949,0.015677564,0.028139678,-0.685645594,0.727222450,0.058196404,0.998115956,0.019429092,0.390941461,-0.996351321,0.059288247,-0.061389919,1.186482483,-0.062426122,-0.015785618,0.997925104,0.353876267,0.000000000,0.000000000,0.000000000,1.000000000,-0.982811621,0.181525509,0.033612618,0.081803619,0.104786663,0.698426585,-0.707968969,-0.571985338,-0.151990373,-0.692277976,-0.705443216,2.185907606,0.000000000,0.000000000,0.000000000,1.000000000
2026-09-26T17:09:28.845,1790406568845623414,1790406568,642214000,1790406568642214000,0.391951351,1.187176927,0.356203181,-0.009201563,0.071549174,-1.515002269,0.021234932,0.029145596,-0.686541562,0.726195770,0.055622285,0.998364860,0.013173475,0.391951351,-0.995889252,0.056419105,-0.070860839,1.187176927,-0.071488150,-0.009177975,0.997399582,0.356203181,0.000000000,0.000000000,0.000000000,1.000000000,-0.982778761,0.181468574,0.034857760,0.081534260,0.105875209,0.707589115,-0.698647325,-0.572474501,-0.151447505,-0.682925180,-0.714616577,2.188031123,0.000000000,0.000000000,0.000000000,1.000000000
2026-09-26T17:09:28.912,1790406568912040943,1790406568,710207000,1790406568710207000,0.390327794,1.191845843,0.342928085,-0.018131807,0.055562654,-1.511387674,0.012453538,0.026430560,-0.685317723,0.727657854,0.059281937,0.998011852,0.021395535,0.390327794,-0.996695247,0.060368636,-0.054350563,1.191845843,-0.055534076,-0.018102909,0.998293030,0.342928085,0.000000000,0.000000000,0.000000000,1.000000000,-0.982728870,0.181873821,0.034145008,0.081672248,0.104626631,0.698280510,-0.708136708,-0.572629530,-0.152634323,-0.692333909,-0.705249262,2.187928964,0.000000000,0.000000000,0.000000000,1.000000000
2026-09-26T17:09:28.978,1790406568978803664,1790406568,778209000,1790406568778209000,0.393274350,1.185589273,0.359391397,-0.010690178,0.075978137,-1.516881051,0.022244620,0.031243229,-0.687136824,0.725515005,0.053733540,0.998446034,0.014764652,0.393274350,-0.995666071,0.054695905,-0.075214437,1.185589273,-0.075905064,-0.010659220,0.997058433,0.359391397,0.000000000,0.000000000,0.000000000,1.000000000,-0.983148609,0.179574986,0.034229185,0.081708129,0.105261373,0.709173553,-0.697131921,-0.572504199,-0.149461888,-0.681781267,-0.716125302,2.185122131,0.000000000,0.000000000,0.000000000,1.000000000
2026-09-26T17:09:29.045,1790406569045600723,1790406568,846204000,1790406568846204000,0.390604215,1.187262044,0.345806265,-0.018393747,0.060032177,-1.513022977,0.013913558,0.028134244,-0.685849738,0.727066031,0.057637051,0.998098884,0.021825672,0.390604215,-0.996533106,0.058832680,-0.058823950,1.187262044,-0.059996131,-0.018359654,0.998030114,0.345806265,0.000000000,0.000000000,0.000000000,1.000000000,-0.982920850,0.180725471,0.034711758,0.081476473,0.104335810,0.702644287,-0.703850158,-0.571231513,-0.151593669,-0.688207316,-0.709499859,2.182387160,0.000000000,0.000000000,0.000000000,1.000000000
2026-09-26T17:09:29.112,1790406569112007257,1790406568,910209000,1790406568910209000,0.392005840,1.183056301,0.360629382,-0.008807049,0.072795087,-1.517034173,0.021835927,0.029440246,-0.687267270,0.725479265,0.053593793,0.998481911,0.012702325,0.392005840,-0.995910503,0.054373366,-0.072149739,1.183056301,-0.072730820,-0.008783696,0.997313287,0.360629382,0.000000000,0.000000000,0.000000000,1.000000000,-0.983134276,0.179536463,0.034837523,0.081585030,0.104358575,0.707158621,-0.699311070,-0.571666752,-0.150187491,-0.683881089,-0.713968049,2.181556483,0.000000000,0.000000000,0.000000000,1.000000000
2026-09-26T17:09:29.178,1790406569178708591,1790406568,978209000,1790406568978209000,0.390434294,1.185443027,0.348422598,-0.016105438,0.063201545,-1.513391916,0.015838125,0.028498170,-0.685972801,0.726896364,0.057258190,0.998164880,0.019701371,0.390434294,-0.996359462,0.058380521,-0.062123364,1.185443027,-0.063159484,-0.016072666,0.997874376,0.348422598,0.000000000,0.000000000,0.000000000,1.000000000,-0.982903179,0.180896003,0.034321675,0.081251266,0.105079193,0.704180485,-0.702202398,-0.570420831,-0.151194260,-0.686590476,-0.711149643,2.180858367,0.000000000,0.000000000,0.000000000,1.000000000
2026-09-26T17:09:29.678,1790406569678849427,1790406569,510208000,1790406569510208000,0.391237857,1.185048144,0.353924911,-0.011143425,0.068747775,-1.515410491,0.019573689,0.028791316,-0.686700576,0.726106225,0.055226607,0.998362124,0.014928565,0.391237857,-0.996107927,0.056117961,-0.067967258,1.185048144,-0.068693641,-0.011116955,0.997576220,0.353924911,0.000000000,0.000000000,0.000000000,1.000000000,-0.983089184,0.180027056,0.033554675,0.081295763,0.105164401,0.705004898,-0.701361920,-0.570160117,-0.149920331,-0.685972560,-0.712015127,2.181921114,0.000000000,0.000000000,0.000000000,1.000000000
2026-09-26T17:09:29.745,1790406569745499175,1790406569,578206000,1790406569578206000,0.390992995,1.185991696,0.353786233,-0.012690862,0.070313858,-1.513859320,0.019526632,0.029906113,-0.686092419,0.726637136,0.056765483,0.998248287,0.016667622,0.390992995,-0.995912436,0.057791388,-0.069414344,1.185991696,-0.070255940,-0.012659246,0.997449029,0.353786233,0.000000000,0.000000000,0.000000000,1.000000000,-0.983031735,0.180504869,0.032658851,0.081416372,0.106239973,0.705383734,-0.700818704,-0.570344457,-0.149538211,-0.685457351,-0.712591429,2.182926195,0.000000000,0.000000000,0.000000000,1.000000000
2026-09-26T17:09:29.778,1790406569778878570,1790406569,646209000,1790406569646209000,0.391603499,1.185004539,0.354090785,-0.010785302,0.068768355,-1.514513925,0.019697918,0.028684656,-0.686379869,0.726410255,0.056119582,0.998316701,0.014633132,0.391603499,-0.996056601,0.056988917,-0.067994758,1.185004539,-0.068714173,-0.010759684,0.997578724,0.354090785,0.000000000,0.000000000,0.000000000,1.000000000,-0.982965455,0.180918028,0.032366364,0.081302273,0.106647260,0.704891355,-0.701252123,-0.570192373,-0.149683921,-0.685854828,-0.712178264,2.182623587,0.000000000,0.000000000,0.000000000,1.000000000
2026-09-26T17:09:29.845,1790406569845430289,1790406569,710208000,1790406569710208000,0.391341030,1.183315771,0.354057708,-0.014084390,0.068006859,-1.514397095,0.018236466,0.029541429,-0.686300070,0.726489469,0.056238884,0.998256905,0.017891683,0.391341030,-0.996101991,0.057318870,-0.067045847,1.183315771,-0.067954456,-0.014051450,0.997589829,0.354057708,0.000000000,0.000000000,0.000000000,1.000000000,-0.982883380,0.181017054,0.034250375,0.081246321,0.105333738,0.704698114,-0.701644762,-0.569748467,-0.151145842,-0.686027255,-0.711703267,2.180302613,0.000000000,0.000000000,0.000000000,1.000000000
2026-09-26T17:09:29.912,1790406569912021268,1790406569,778206000,1790406569778206000,0.391633075,1.183461798,0.354039387,-0.011510055,0.067429836,-1.515257489,0.018985702,0.028440339,-0.686657904,0.726176021,0.055383990,0.998348822,0.015232005,0.391633075,-0.996188995,0.056280514,-0.066631567,1.183461798,-0.067378756,-0.011483727,0.997661739,0.354039387,0.000000000,0.000000000,0.000000000,1.000000000,-0.983040739,0.180431153,0.032794879,0.081206676,0.105874163,0.704401946,-0.701860784,-0.569713859,-0.149738327,-0.686485613,-0.711558807,2.180614835,0.000000000,0.000000000,0.000000000,1.000000000
2026-09-26T17:09:29.979,1790406569979040108,1790406569,846228000,1790406569846228000,0.391642235,1.186178627,0.353100485,-0.011741517,0.069433038,-1.513593406,0.019565352,0.029263150,-0.686022362,0.726728411,0.057033823,0.998248865,0.015688172,0.391642235,-0.995958701,0.057980613,-0.068587821,1.186178627,-0.069377269,-0.011713039,0.997522089,0.353100485,0.000000000,0.000000000,0.000000000,1.000000000,-0.982769817,0.181855153,0.033048314,0.081407771,0.106977407,0.705447272,-0.700642549,-0.570471317,-0.150729301,-0.685034926,-0.712746679,2.183784251,0.000000000,0.000000000,0.000000000,1.000000000
2026-09-26T17:09:30.045,1790406570045370001,1790406569,910208000,1790406569910208000,0.391990952,1.186043421,0.352676851,-0.011998365,0.068615540,-1.515035733,0.019212436,0.029040468,-0.686553983,0.726244561,0.055600408,0.998327962,0.015800200,0.391990952,-0.996096222,0.056548602,-0.067781628,1.186043421,-0.068561718,-0.011969926,0.997575426,0.352676851,0.000000000,0.000000000,0.000000000,1.000000000,-0.983080922,0.180273944,0.032453145,0.081405716,0.106107784,0.704888939,-0.701336383,-0.570536537,-0.149308539,-0.686026887,-0.712091336,2.182888095,0.000000000,0.000000000,0.000000000,1.000000000
2026-09-26T17:09:30.112,1790406570112023345,1790406569,978206000,1790406569978206000,0.390637361,1.185070536,0.354078275,-0.012090980,0.068717858,-1.513321909,0.019188992,0.029125853,-0.685928627,0.726832434,0.057307057,0.998228032,0.016014657,0.390637361,-0.995992461,0.058266985,-0.067850954,1.185070536,-0.068663795,-0.012062232,0.997567293,0.354078275,0.000000000,0.000000000,0.000000000,1.000000000,-0.982806153,0.181545642,0.033663722,0.081349893,0.106258983,0.705219905,-0.700980680,-0.570295096,-0.151000315,-0.685351052,-0.712385317,2.182117203,0.000000000,0.000000000,0.000000000,1.000000000
2026-09-26T17:09:30.645,1790406570645542550,1790406570,510207000,1790406570510207000,0.391884219,1.185230432,0.353325370,-0.013667778,0.069486302,-1.515515496,0.018912455,0.029925050,-0.686691211,0.726086765,0.055119192,0.998326607,0.017482317,0.391884219,-0.996062795,0.056194580,-0.068562780,1.185230432,-0.069430404,-0.013634453,0.997493980,0.353325370,0.000000000,0.000000000,0.000000000,1.000000000,-0.983143340,0.179742644,0.033492617,0.081325719,0.105060485,0.705290900,-0.701089895,-0.570272041,-0.149637790,-0.685753110,-0.712285900,2.182118798,0.000000000,0.000000000,0.000000000,1.000000000
2026-09-26T17:09:30.712,1790406570712038833,1790406570,578206000,1790406570578206000,0.390463960,1.185577603,0.353778060,-0.010584425,0.068374641,-1.513767595,0.019625080,0.028480093,-0.686117019,0.726668547,0.056864491,0.998277057,0.014460957,0.390463960,-0.996041372,0.057716167,-0.067603286,1.185577603,-0.068321385,-0.010559578,0.997607840,0.353778060,0.000000000,0.000000000,0.000000000,1.000000000,-0.982906786,0.181076646,0.033249027,0.081371389,0.106187375,0.705130045,-0.701081922,-0.570352342,-0.150394451,-0.685567552,-0.712305160,2.182511964,0.000000000,0.000000000,0.000000000,1.000000000
2026-09-26T17:09:30.778,1790406570778912324,1790406570,646203000,1790406570646203000,0.391014862,1.184985505,0.353753292,-0.010415399,0.068422650,-1.513813068,0.019703615,0.028439096,-0.686135291,0.726650775,0.056819011,0.998282082,0.014291875,0.391014862,-0.996040681,0.057659843,-0.067661506,1.184985505,-0.068369281,-0.010390922,0.997606329,0.353753292,0.000000000,0.000000000,0.000000000,1.000000000,-0.982802028,0.181651462,0.033210250,0.081389912,0.106674221,0.705280644,-0.700856493,-0.570182793,-0.150734153,-0.685260505,-0.712528775,2.181968645,0.000000000,0.000000000,0.000000000,1.000000000
2026-09-26T17:09:30.845,1790406570845962522,1790406570,710211000,1790406570710211000,0.392181948,1.185892753,0.352588710,-0.012239522,0.068464612,-1.515261548,0.019076315,0.029066313,-0.686634583,0.726170912,0.055376047,0.998336973,0.016017293,0.392181948,-0.996119072,0.056337669,-0.067621278,1.185892753,-0.068411144,-0.012210625,0.997582846,0.352588710,0.000000000,0.000000000,0.000000000,1.000000000,-0.983109715,0.180118368,0.032444766,0.081389047,0.106089458,0.705306883,-0.700918845,-0.570557808,-0.149131875,-0.685638078,-0.712502708,2.182953691,0.000000000,0.000000000,0.000000000,1.000000000
2026-09-26T17:09:30.912,1790406570912027276,1790406570,778206000,1790406570778206000,0.390449356,1.184538271,0.353527170,-0.013870250,0.068134282,-1.512639790,0.018332059,0.029530331,-0.685662825,0.727088980,0.057988748,0.998158368,0.017803119,0.390449356,-0.995992972,0.059060432,-0.067153852,1.184538271,-0.068081584,-0.013837706,0.997584149,0.353527170,0.000000000,0.000000000,0.000000000,1.000000000,-0.982692993,0.182073932,0.034111063,0.081278126,0.106256511,0.704880570,-0.701322277,-0.570074670,-0.151736730,-0.685559965,-0.712027738,2.181386523,0.000000000,0.000000000,0.000000000,1.000000000
2026-09-26T17:09:30.978,1790406570978929253,1790406570,846204000,1790406570846204000,0.391397809,1.185312675,0.352431953,-0.014212530,0.068036323,-1.514034257,0.018194666,0.029599399,-0.686165946,0.726614839,0.056600190,0.998233714,0.018045591,0.391397809,-0.996079521,0.057690079,-0.067061305,1.185312675,-0.067983852,-0.014179253,0.997586018,0.352431953,0.000000000,0.000000000,0.000000000,1.000000000,-0.982983787,0.180668051,0.033195321,0.081376125,0.105904628,0.705046513,-0.701208688,-0.570285026,-0.150090252,-0.685761234,-0.712182874,2.182120088,0.000000000,0.000000000,0.000000000,1.000000000
2026-09-26T17:09:31.045,1790406571045431734,1790406570,910210000,1790406570910210000,0.390320051,1.183938999,0.353682950,-0.012147104,0.067143176,-1.513025106,0.018624052,0.028575817,-0.685841766,0.726950920,0.057608839,0.998210895,0.016000113,0.390320051,-0.996082116,0.058548016,-0.066274597,1.183938999,-0.067092745,-0.012119517,0.997673494,0.353682950,0.000000000,0.000000000,0.000000000,1.000000000,-0.982665273,0.182182218,0.034330760,0.081261506,0.106160141,0.704791068,-0.701426813,-0.569938988,-0.151983505,-0.685623213,-0.711914197,2.180602624,0.000000000,0.000000000,0.000000000,1.000000000
2026-09-26T17:09:31.112,1790406571112027121,1790406570,978213000,1790406570978213000,0.391884930,1.183329724,0.354771774,-0.012945408,0.068650820,-1.514977685,0.018879804,0.029378916,-0.686518577,0.726273141,0.055658095,0.998309238,0.016751547,0.391884930,-0.996090577,0.056671174,-0.067762209,1.183329724,-0.068596914,-0.012914636,0.997561223,0.354771774,0.000000000,0.000000000,0.000000000,1.000000000,-0.982965787,0.180728935,0.033396317,0.081346596,0.105703331,0.704576365,-0.701711445,-0.569869771,-0.150349818,-0.686228241,-0.711678111,2.180737157,0.000000000,0.000000000,0.000000000,1.000000000
2026-09-26T17:09:31.645,1790406571645549629,1790406571,510210000,1790406571510210000,0.390599813,1.183997575,0.353603859,-0.012513001,0.067375150,-1.513533958,0.018577963,0.028780848,-0.686018255,0.726777459,0.057101081,0.998234483,0.016344885,0.390599813,-0.996095737,0.058067206,-0.066492541,1.183997575,-0.067324194,-0.012484367,0.997653403,0.353603859,0.000000000,0.000000000,0.000000000,1.000000000,-0.982711138,0.181840314,0.034827000,0.081324727,0.105601445,0.705011580,-0.701289531,-0.569857799,-0.152076146,-0.685487252,-0.712025332,2.180899141,0.000000000,0.000000000,0.000000000,1.000000000
2026-09-26T17:09:31.712,1790406571712219680,1790406571,578208000,1790406571578208000,0.391074983,1.184696636,0.353620023,-0.013576418,0.068422085,-1.513897695,0.018556168,0.029522513,-0.686120241,0.726651983,0.056734720,0.998236812,0.017441645,0.391074983,-0.996045525,0.057788947,-0.067479816,1.184696636,-0.068368716,-0.013544316,0.997568539,0.353620023,0.000000000,0.000000000,0.000000000,1.000000000,-0.982900795,0.181005552,0.033808555,0.081403786,0.105684017,0.704895574,-0.701393697,-0.570123682,-0.150787654,-0.685827399,-0.711971813,2.181782945,0.000000000,0.000000000,0.000000000,1.000000000
2026-09-26T17:09:31.845,1790406571845446116,1790406571,646203000,1790406571646203000,0.390998595,1.184839707,0.353492855,-0.011839588,0.067738786,-1.514763984,0.018965094,0.028670291,-0.686469751,0.726345387,0.055874440,0.998315637,0.015611126,0.390998595,-0.996140710,0.056798794,-0.066913068,1.184839707,-0.067687001,-0.011812241,0.997637038,0.353492855,0.000000000,0.000000000,0.000000000,1.000000000,-0.983048694,0.180251368,0.033536677,0.081442929,0.105323593,0.704914555,-0.701428835,-0.570125889,-0.150073999,-0.686006497,-0.711950055,2.181743404,0.000000000,0.000000000,0.000000000,1.000000000
2026-09-26T17:09:31.912,1790406571912128653,1790406571,710209000,1790406571710209000,0.391359936,1.185340859,0.353167340,-0.011460982,0.067735020,-1.514885629,0.019103035,0.028537811,-0.686519395,0.726300068,0.055753277,0.998328377,0.015224805,0.391359936,-0.996147754,0.056651971,-0.066932669,1.185340859,-0.067683243,-0.011434532,0.997641694,0.353167340,0.000000000,0.000000000,0.000000000,1.000000000,-0.983027776,0.180410028,0.033295849,0.081402631,0.105620370,0.704948619,-0.701349971,-0.570327931,-0.150002431,-0.685929783,-0.712039047,2.182268143,0.000000000,0.000000000,0.000000000,1.000000000
2026-09-26T17:09:31.978,1790406571978793282,1790406571,778206000,1790406571778206000,0.391119137,1.184484380,0.355566886,-0.010367487,0.069147752,-1.514730749,0.019983035,0.028676850,-0.686459387,0.726327631,0.055902146,0.998334835,0.014222479,0.391119137,-0.996042645,0.056747959,-0.068399524,1.184484380,-0.069092668,-0.010342609,0.997556992,0.355566886,0.000000000,0.000000000,0.000000000,1.000000000,-0.982953426,0.180760716,0.033587598,0.081371635,0.105731613,0.705220517,-0.701059804,-0.570300350,-0.150410736,-0.685557865,-0.712311045,2.182434398,0.000000000,0.000000000,0.000000000,1.000000000
2026-09-26T17:09:32.045,1790406572045645306,1790406571,846203000,1790406571846203000,0.391070969,1.185714571,0.352664356,-0.012633876,0.068204938,-1.513655733,0.018820563,0.029122576,-0.686049207,0.726728386,0.056976570,0.998238968,0.016504726,0.391070969,-0.996046566,0.057964124,-0.067313992,1.185714571,-0.068152077,-0.012604248,0.997595683,0.352664356,0.000000000,0.000000000,0.000000000,1.000000000,-0.982920219,0.181071928,0.032875526,0.081386358,0.106442923,0.705096458,-0.701076949,-0.570380556,-0.150125772,-0.685603341,-0.712327390,2.182487744,0.000000000,0.000000000,0.000000000,1.000000000
2026-09-26T17:09:32.112,1790406572111998537,1790406571,910206000,1790406571910206000,0.391520523,1.184221704,0.354772403,-0.011958887,0.069157285,-1.514418912,0.019403805,0.029229544,-0.686322959,0.726450220,0.056212710,0.998293152,0.015833048,0.391520523,-0.996024507,0.057168159,-0.068313688,1.184221704,-0.069102178,-0.011930099,0.997538611,0.354772403,0.000000000,0.000000000,0.000000000,1.000000000,-0.982966223,0.180829118,0.032836475,0.081424528,0.106309585,0.705182125,-0.701011015,-0.570182813,-0.149918898,-0.685579318,-0.712394078,2.181736084,0.000000000,0.000000000,0.000000000,1.000000000
2026-09-26T17:09:32.245,1790406572245703976,1790406571,978203000,1790406571978203000,0.390197554,1.185104388,0.353307305,-0.013586018,0.067990397,-1.513011139,0.018391491,0.029377186,-0.685804040,0.726960489,0.057619448,0.998185356,0.017486175,0.390197554,-0.996024207,0.058668724,-0.067033838,1.185104388,-0.067938032,-0.013554293,0.997597827,0.353307305,0.000000000,0.000000000,0.000000000,1.000000000,-0.982731044,0.181675940,0.035121916,0.081349628,0.105326309,0.705269084,-0.701071957,-0.570187721,-0.152138308,-0.685265914,-0.712225079,2.181922656,0.000000000,0.000000000,0.000000000,1.000000000
2026-09-26T17:09:32.745,1790406572745513086,1790406572,514203000,1790406572514203000,0.391162139,1.183629623,0.355409431,-0.012306968,0.069172785,-1.514564961,0.019284838,0.029353211,-0.686370689,0.726403305,0.056067181,0.998295912,0.016171428,0.391162139,-0.996031636,0.057046325,-0.068311584,1.183629623,-0.069117640,-0.012277309,0.997533327,0.355409431,0.000000000,0.000000000,0.000000000,1.000000000,-0.982907709,0.180902440,0.034157628,0.081337265,0.105420575,0.705177424,-0.701149986,-0.569971764,-0.150926931,-0.685564809,-0.712195165,2.181249618,0.000000000,0.000000000,0.000000000,1.000000000
2026-09-26T17:09:32.812,1790406572812082743,1790406572,578205000,1790406572578205000,0.391100170,1.186310617,0.351312120,-0.013706698,0.067353380,-1.513472687,0.018135819,0.029182940,-0.685978996,0.726809649,0.057162196,0.998210714,0.017539289,0.391100170,-0.996093699,0.058207401,-0.066400421,1.186310617,-0.067302473,-0.013675273,0.997639255,0.351312120,0.000000000,0.000000000,0.000000000,1.000000000,-0.982955764,0.180925749,0.032616545,0.081387406,0.106483077,0.704930630,-0.701237593,-0.570442106,-0.149864339,-0.685812424,-0.712181156,2.183010146,0.000000000,0.000000000,0.000000000,1.000000000
2026-09-26T17:09:32.845,1790406572845605442,1790406572,646201000,1790406572646201000,0.391607455,1.185199715,0.353703548,-0.011221614,0.068987602,-1.514832512,0.019619326,0.028910871,-0.686486259,0.726302870,0.055801404,0.998328199,0.015059287,0.391607455,-0.996059364,0.056702977,-0.068193054,1.185199715,-0.068932900,-0.011194769,0.997558846,0.353703548,0.000000000,0.000000000,0.000000000,1.000000000,-0.983105138,0.180213971,0.032050157,0.081397848,0.106461829,0.705399914,-0.700768750,-0.570271608,-0.148896497,-0.685517240,-0.712668188,2.182509349,0.000000000,0.000000000,0.000000000,1.000000000
2026-09-26T17:09:32.912,1790406572912035399,1790406572,714203000,1790406572714203000,0.391445984,1.184816109,0.353659531,-0.011367537,0.067398919,-1.514784751,0.019020121,0.028384684,-0.686488686,0.726337270,0.055855037,0.998324290,0.015119497,0.391445984,-0.996164781,0.056742620,-0.066601650,1.184816109,-0.067347910,-0.011341565,0.997665448,0.353659531,0.000000000,0.000000000,0.000000000,1.000000000,-0.982963462,0.180744825,0.033378752,0.081424481,0.105733043,0.704601051,-0.701682181,-0.570255805,-0.150344127,-0.686198708,-0.711707789,2.182177726,0.000000000,0.000000000,0.000000000,1.000000000
2026-09-26T17:09:32.979,1790406572979058711,1790406572,778201000,1790406572778201000,0.392007487,1.185776982,0.352953968,-0.011229941,0.069042456,-1.514583914,0.019631541,0.028936083,-0.686395093,0.726387694,0.056048808,0.998313912,0.015087627,0.392007487,-0.996041684,0.056952340,-0.068243468,1.185776982,-0.068987623,-0.011203033,0.997554970,0.352953968,0.000000000,0.000000000,0.000000000,1.000000000,-0.982969514,0.180924328,0.032207483,0.081405034,0.106942431,0.705703551,-0.700389759,-0.570442997,-0.149446482,-0.685017435,-0.713033564,2.183106013,0.000000000,0.000000000,0.000000000,1.000000000
2026-09-26T17:09:33.045,1790406573045577415,1790406572,846203000,1790406572846203000,0.390833637,1.185442817,0.353353861,-0.013274405,0.069339518,-1.513088024,0.018968737,0.029759766,-0.685817407,0.726917483,0.057537530,0.998194232,0.017247593,0.390833637,-0.995936223,0.058588923,-0.068397021,1.185442817,-0.069283974,-0.013242200,0.997509445,0.353353861,0.000000000,0.000000000,0.000000000,1.000000000,-0.982822005,0.181518753,0.033344392,0.081392200,0.106549959,0.705597933,-0.700555967,-0.570342742,-0.150691780,-0.684968977,-0.712817991,2.182436659,0.000000000,0.000000000,0.000000000,1.000000000
2026-09-26T17:09:33.112,1790406573112035578,1790406572,914204000,1790406572914204000,0.391355462,1.183389669,0.354033664,-0.013231578,0.067566504,-1.514117963,0.018391001,0.029091463,-0.686217388,0.726581829,0.056518615,0.998256107,0.017034193,0.391355462,-0.996116034,0.057534516,-0.066651346,1.183389669,-0.067515113,-0.013201083,0.997631275,0.354033664,0.000000000,0.000000000,0.000000000,1.000000000,-0.982806766,0.181495633,0.033914550,0.081315608,0.105843385,0.704314569,-0.701953107,-0.569798642,-0.151287935,-0.686294632,-0.711415236,2.180540231,0.000000000,0.000000000,0.000000000,1.000000000
2026-09-26T17:09:33.178,1790406573178828028,1790406572,978203000,1790406572978203000,0.391469497,1.184763953,0.353211486,-0.011128804,0.067327602,-1.514332025,0.019075931,0.028281168,-0.686328605,0.726491108,0.056306293,0.998302132,0.014907304,0.391469497,-0.996144185,0.057177891,-0.066537413,1.184763953,-0.067276755,-0.011103442,0.997672928,0.353211486,0.000000000,0.000000000,0.000000000,1.000000000,-0.982958018,0.180960278,0.032356036,0.081387504,0.106652848,0.704739805,-0.701403577,-0.570183167,-0.149728773,-0.685999406,-0.712029571,2.181924850,0.000000000,0.000000000,0.000000000,1.000000000
2026-09-26T17:09:33.645,1790406573645617273,1790406573,514201000,1790406573514201000,0.390396426,1.184159109,0.354494667,-0.011001432,0.067608218,-1.512822438,0.019197137,0.028353852,-0.685778051,0.727004810,0.057808898,0.998216404,0.014896808,0.390396426,-0.996039164,0.058679452,-0.066801798,1.184159109,-0.067556732,-0.010976159,0.997655417,0.354494667,0.000000000,0.000000000,0.000000000,1.000000000,-0.982611184,0.182550033,0.033922654,0.081245848,0.106711315,0.704733463,-0.701401056,-0.570160585,-0.151947215,-0.685584591,-0.711959136,2.181513377,0.000000000,0.000000000,0.000000000,1.000000000
2026-09-26T17:09:33.711,1790406573711996260,1790406573,578205000,1790406573578205000,0.391129504,1.185676957,0.352616391,-0.012393475,0.067896531,-1.514384599,0.018812617,0.028921239,-0.686321798,0.726479207,0.056251754,0.998285093,0.016198324,0.391129504,-0.996108768,0.057216533,-0.067032580,1.185676957,-0.067844383,-0.012364684,0.997619654,0.352616391,0.000000000,0.000000000,0.000000000,1.000000000,-0.983017901,0.180497331,0.033113736,0.081322475,0.105809356,0.704922993,-0.701347242,-0.570367798,-0.149933939,-0.685933151,-0.712050228,2.182523856,0.000000000,0.000000000,0.000000000,1.000000000
2026-09-26T17:09:33.845,1790406573845398074,1790406573,646201000,1790406573646201000,0.390437073,1.185021817,0.353526914,-0.012763266,0.068428930,-1.513387571,0.018846495,0.029250844,-0.685946730,0.726819291,0.057242793,0.998221078,0.016664758,0.390437073,-0.996015986,0.058243369,-0.067525110,1.185021817,-0.068375545,-0.012733132,0.997578754,0.353526914,0.000000000,0.000000000,0.000000000,1.000000000,-0.982887578,0.181127282,0.033539763,0.081359836,0.105980978,0.704963732,-0.701280378,-0.570151674,-0.150665326,-0.685725196,-0.712096142,2.181886598,0.000000000,0.000000000,0.000000000,1.000000000
2026-09-26T17:09:33.912,1790406573912348548,1790406573,714201000,1790406573714201000,0.390428441,1.183437032,0.353468670,-0.015369974,0.067708231,-1.513367179,0.017651566,0.029883241,-0.685911042,0.726857246,0.057265918,0.998173689,0.019226878,0.390428441,-0.996063757,0.058428511,-0.066654903,1.183437032,-0.067656515,-0.015334233,0.997591187,0.353468670,0.000000000,0.000000000,0.000000000,1.000000000,-0.982807265,0.181309725,0.034880711,0.081233548,0.105124794,0.704807899,-0.701565823,-0.569705191,-0.151784907,-0.685837159,-0.711750471,2.179963345,0.000000000,0.000000000,0.000000000,1.000000000
2026-09-26T17:09:33.979,1790406573979277426,1790406573,778205000,1790406573778205000,0.391914746,1.184853422,0.353711320,-0.013637937,0.069122281,-1.515124437,0.018792417,0.029786382,-0.686554907,0.726224466,0.055510110,0.998305353,0.017459132,0.391914746,-0.996066333,0.056577989,-0.068195076,1.184853422,-0.069067257,-0.013605030,0.997519592,0.353711320,0.000000000,0.000000000,0.000000000,1.000000000,-0.983015480,0.180381054,0.033811847,0.081285820,0.105309573,0.705308184,-0.701035134,-0.570318187,-0.150301229,-0.685567678,-0.712324715,2.182187643,0.000000000,0.000000000,0.000000000,1.000000000
2026-09-26T17:09:34.045,1790406574045821805,1790406573,846203000,1790406573846203000,0.391497398,1.185423600,0.353215639,-0.011713948,0.068825975,-1.515149201,0.019389628,0.029018118,-0.686596376,0.726200666,0.055486579,0.998338687,0.015520241,0.391497398,-0.996088097,0.056418498,-0.068009068,1.185423600,-0.068771657,-0.011686029,0.997564341,0.353215639,0.000000000,0.000000000,0.000000000,1.000000000,-0.983104957,0.180075572,0.032824244,0.081310272,0.105762494,0.705193530,-0.701082292,-0.570230902,-0.149395239,-0.685765903,-0.712324497,2.182443168,0.000000000,0.000000000,0.000000000,1.000000000
2026-09-26T17:09:34.112,1790406574112026370,1790406573,914200000,1790406573914200000,0.391429680,1.186404256,0.353891823,-0.011779494,0.070357819,-1.514400586,0.019880847,0.029604055,-0.686301975,0.726441980,0.056226246,0.998294134,0.015722712,0.391429680,-0.995939931,0.057188282,-0.069519283,1.186404256,-0.070299792,-0.011750162,0.997457062,0.353891823,0.000000000,0.000000000,0.000000000,1.000000000,-0.983002977,0.180612130,0.032930316,0.081399289,0.106158804,0.705534126,-0.700679602,-0.570719978,-0.149784697,-0.685274292,-0.712715714,2.183641637,0.000000000,0.000000000,0.000000000,1.000000000
2026-09-26T17:09:34.145,1790406574145806094,1790406573,978202000,1790406573978202000,0.391090889,1.183787876,0.353917332,-0.012214635,0.068107708,-1.513739984,0.018940752,0.028942652,-0.686087263,0.726696524,0.056893030,0.998250745,0.016075017,0.391090889,-0.996057974,0.057850613,-0.067242803,1.183787876,-0.068055073,-0.012186095,0.997607500,0.353917332,0.000000000,0.000000000,0.000000000,1.000000000,-0.982809188,0.181598380,0.033288571,0.081290143,0.106519550,0.705010349,-0.701151904,-0.569898484,-0.150796837,-0.685552650,-0.712234426,2.180783027,0.000000000,0.000000000,0.000000000,1.000000000
2026-09-26T17:09:34.712,1790406574712036588,1790406574,514200000,1790406574514200000,0.391657377,1.184924815,0.353392888,-0.011591714,0.068157454,-1.514782240,0.019199139,0.028737028,-0.686474163,0.726332430,0.055854662,0.998320242,0.015385831,0.391657377,-0.996113349,0.056768814,-0.067344445,1.184924815,-0.068104703,-0.011564623,0.997611511,0.353392888,0.000000000,0.000000000,0.000000000,1.000000000,-0.983030262,0.180528647,0.032571629,0.081358327,0.106305947,0.705320315,-0.700872527,-0.570334756,-0.149501001,-0.685516346,-0.712542483,2.182293247,0.000000000,0.000000000,0.000000000,1.000000000
2026-09-26T17:09:34.745,1790406574745520993,1790406574,578202000,1790406574578202000,0.391660342,1.185159853,0.353926780,-0.012212990,0.069064550,-1.515051471,0.019288932,0.029276972,-0.686550273,0.726236544,0.055583011,0.998325133,0.016038356,0.391660342,-0.996066259,0.056552900,-0.068216958,1.185159853,-0.069009664,-0.012183654,0.997541951,0.353926780,0.000000000,0.000000000,0.000000000,1.000000000,-0.983092992,0.180144553,0.032804091,0.081354222,0.105839563,0.705246759,-0.701017115,-0.570504900,-0.149419393,-0.685693043,-0.712389567,2.182612745,0.000000000,0.000000000,0.000000000,1.000000000
2026-09-26T17:09:34.812,1790406574812012027,1790406574,646204000,1790406574646204000,0.391838836,1.184261572,0.354239609,-0.013113319,0.069337385,-1.514753768,0.019051286,0.029687896,-0.686425023,0.726344523,0.055878483,0.998293190,0.016972707,0.391838836,-0.996030832,0.056915055,-0.068432700,1.184261572,-0.069281846,-0.013081517,0.997511713,0.354239609,0.000000000,0.000000000,0.000000000,1.000000000,-0.983008079,0.180570488,0.033006303,0.081354847,0.106001503,0.705203530,-0.701036135,-0.570194425,-0.149862599,-0.685625467,-0.712361510,2.181693736,0.000000000,0.000000000,0.000000000,1.000000000
2026-09-26T17:09:34.878,1790406574878669630,1790406574,714198000,1790406574714198000,0.392196110,1.186122880,0.352899899,-0.012719344,0.068799915,-1.514621647,0.019007872,0.029358821,-0.686390489,0.726391669,0.056012162,0.998292658,0.016558345,0.392196110,-0.996060475,0.057013176,-0.067917628,1.186122880,-0.068745658,-0.012688992,0.997553880,0.352899899,0.000000000,0.000000000,0.000000000,1.000000000,-0.982980298,0.180798136,0.032584788,0.081412837,0.106462057,0.705163547,-0.701006564,-0.570835170,-0.149718285,-0.685606597,-0.712410015,2.183787492,0.000000000,0.000000000,0.000000000,1.000000000
2026-09-26T17:09:34.945,1790406574945530254,1790406574,778204000,1790406574778204000,0.391013601,1.182751864,0.354094536,-0.012149819,0.066003195,-1.514049624,0.018246393,0.028153205,-0.686229567,0.726610933,0.056592606,0.998271095,0.015870409,0.391013601,-0.996216329,0.057511682,-0.065155257,1.182751864,-0.065955289,-0.012123147,0.997749291,0.354094536,0.000000000,0.000000000,0.000000000,1.000000000,-0.982836428,0.181446000,0.033315243,0.081221874,0.106183348,0.704081069,-0.702135987,-0.569823631,-0.150856399,-0.686547301,-0.711263067,2.179740113,0.000000000,0.000000000,0.000000000,1.000000000
2026-09-26T17:09:35.011,1790406575011992920,1790406574,846203000,1790406574846203000,0.391244204,1.183205813,0.355123093,-0.014394817,0.069342044,-1.513440913,0.018567696,0.030141602,-0.685928843,0.726806953,0.057186061,0.998194920,0.018342001,0.391244204,-0.995956291,0.058313307,-0.068340326,1.183205813,-0.069286494,-0.014359810,0.997493808,0.355123093,0.000000000,0.000000000,0.000000000,1.000000000,-0.982722783,0.181895044,0.034207091,0.081288423,0.106120534,0.705175009,-0.701046817,-0.570052061,-0.151638927,-0.685304604,-0.712294346,2.180682301,0.000000000,0.000000000,0.000000000,1.000000000
2026-09-26T17:09:35.078,1790406575078900653,1790406574,914200000,1790406574914200000,0.390882492,1.183674247,0.353609181,-0.014316963,0.067670583,-1.513215789,0.018019106,0.029509789,-0.685872195,0.726900142,0.057416858,0.998184567,0.018183718,0.390882492,-0.996057618,0.058508869,-0.066676145,1.183674247,-0.067618953,-0.014283788,0.997609327,0.353609181,0.000000000,0.000000000,0.000000000,1.000000000,-0.982719910,0.181884872,0.034343428,0.081353174,0.105944812,0.704854668,-0.701395462,-0.569932106,-0.151780350,-0.685636778,-0.711944474,2.180633070,0.000000000,0.000000000,0.000000000,1.000000000
2026-09-26T17:09:35.112,1790406575112028093,1790406574,978205000,1790406574978205000,0.391350146,1.183463648,0.355737014,-0.013475263,0.069829734,-1.513528813,0.019070527,0.030002533,-0.685967554,0.726763151,0.057096575,0.998216105,0.017445930,0.391350146,-0.995927460,0.058169241,-0.068881119,1.183463648,-0.069773003,-0.013442098,0.997472685,0.355737014,0.000000000,0.000000000,0.000000000,1.000000000,-0.982651018,0.182198545,0.034650653,0.081353185,0.105993303,0.705013583,-0.701228399,-0.570166879,-0.152191975,-0.685390063,-0.712094140,2.181113342,0.000000000,0.000000000,0.000000000,1.000000000
2026-09-26T17:09:35.678,1790406575678844491,1790406575,514204000,1790406575514204000,0.391281207,1.183919189,0.354598691,-0.013485429,0.068702947,-1.513768409,0.018683713,0.029594506,-0.686070616,0.726692640,0.056862398,0.998230701,0.017375511,0.391281207,-0.996018971,0.057915638,-0.067762552,1.183919189,-0.068648918,-0.013453289,0.997550527,0.354598691,0.000000000,0.000000000,0.000000000,1.000000000,-0.982734262,0.181767843,0.034551720,0.081296206,0.105775739,0.705154114,-0.701119938,-0.570170106,-0.151805346,-0.685359852,-0.712205736,2.181556433,0.000000000,0.000000000,0.000000000,1.000000000
2026-09-26T17:09:35.745,1790406575745358486,1790406575,582195000,1790406575582195000,0.391531126,1.186581110,0.351508187,-0.014033961,0.067350265,-1.514299286,0.018027927,0.029286608,-0.686274588,0.726529062,0.056338818,0.998252714,0.017810912,0.391531126,-0.996140819,0.057403949,-0.066393011,1.186581110,-0.067299365,-0.014001765,0.997634936,0.351508187,0.000000000,0.000000000,0.000000000,1.000000000,-0.983006516,0.180515495,0.033351837,0.081373869,0.105604554,0.704701940,-0.701600209,-0.570664594,-0.150152813,-0.686155472,-0.711789857,2.183597218,0.000000000,0.000000000,0.000000000,1.000000000
2026-09-26T17:09:35.845,1790406575845596619,1790406575,646200000,1790406575646200000,0.392307337,1.185388085,0.352737663,-0.012418774,0.068030082,-1.515838364,0.018870337,0.028964704,-0.686847455,0.725979015,0.054803088,0.998366719,0.016133434,0.392307337,-0.996180436,0.055768549,-0.067187679,1.185388085,-0.067977626,-0.012389811,0.997610271,0.352737663,0.000000000,0.000000000,0.000000000,1.000000000,-0.983170750,0.179756483,0.032601876,0.081277082,0.105655014,0.705056791,-0.701236008,-0.570375818,-0.149037893,-0.685990181,-0.712183388,2.183017492,0.000000000,0.000000000,0.000000000,1.000000000
2026-09-26T17:09:35.912,1790406575912047514,1790406575,714195000,1790406575714195000,0.391604023,1.185458421,0.353178390,-0.011577620,0.068290171,-1.514470134,0.019245338,0.028783375,-0.686359177,0.726438032,0.056165044,0.998302606,0.015400232,0.391604023,-0.996086834,0.057080975,-0.067472634,1.185458421,-0.068237111,-0.011550458,0.997602627,0.353178390,0.000000000,0.000000000,0.000000000,1.000000000,-0.982899883,0.181096288,0.033345983,0.081402863,0.106191172,0.705396079,-0.700813675,-0.570506974,-0.150436881,-0.685288630,-0.712564550,2.182560383,0.000000000,0.000000000,0.000000000,1.000000000
2026-09-26T17:09:35.978,1790406575978898598,1790406575,782200000,1790406575782200000,0.391568012,1.184730132,0.353218598,-0.012999439,0.068613479,-1.513925484,0.018831899,0.029393820,-0.686136123,0.726635110,0.056706297,0.998248173,0.016874657,0.391568012,-0.996034018,0.057724742,-0.067704237,1.184730132,-0.068559661,-0.012968568,0.997563085,0.353218598,0.000000000,0.000000000,0.000000000,1.000000000,-0.982911435,0.181206965,0.032390525,0.081263081,0.106884436,0.705075971,-0.701030379,-0.570278160,-0.149869368,-0.685588733,-0.712395439,2.181734065,0.000000000,0.000000000,0.000000000,1.000000000
2026-09-26T17:09:36.045,1790406576045657048,1790406575,846197000,1790406575846197000,0.391654222,1.184671274,0.354081282,-0.012392579,0.068480211,-1.515592776,0.019030923,0.029121371,-0.686752393,0.726058483,0.055046043,0.998353108,0.016148558,0.391654222,-0.996136294,0.056017531,-0.067633545,1.184671274,-0.068426707,-0.012363299,0.997579898,0.354081282,0.000000000,0.000000000,0.000000000,1.000000000,-0.983108923,0.179903983,0.033636334,0.081321868,0.104967768,0.704788684,-0.701608636,-0.570328590,-0.149928696,-0.686226979,-0.711768164,2.181910881,0.000000000,0.000000000,0.000000000,1.000000000
2026-09-26T17:09:36.112,1790406576112345391,1790406575,914197000,1790406575914197000,0.391430723,1.184643698,0.354537148,-0.011731690,0.069473158,-1.514613844,0.019597624,0.029264357,-0.686392643,0.726377774,0.056017323,0.998307638,0.015610612,0.391430723,-0.996013603,0.056961726,-0.068644311,1.184643698,-0.069417292,-0.011703204,0.997519420,0.354537148,0.000000000,0.000000000,0.000000000,1.000000000,-0.982929579,0.180901692,0.033526421,0.081321115,0.105903448,0.705328625,-0.700925096,-0.570298972,-0.150445680,-0.685409446,-0.712446481,2.181827914,0.000000000,0.000000000,0.000000000,1.000000000
2026-09-26T17:09:36.178,1790406576178854067,1790406575,982197000,1790406575982197000,0.390391224,1.183666720,0.354564072,-0.013832442,0.069003818,-1.513010091,0.018649579,0.029829888,-0.685785578,0.726952895,0.057616486,0.998180148,0.017790608,0.390391224,-0.995954900,0.058700249,-0.068028620,1.183666720,-0.068949076,-0.013799165,0.997525101,0.354564072,0.000000000,0.000000000,0.000000000,1.000000000,-0.982684151,0.181971695,0.034902162,0.081311869,0.105719915,0.705348009,-0.700933296,-0.569937668,-0.152168191,-0.685106188,-0.712372342,2.180539971,0.000000000,0.000000000,0.000000000,1.000000000
2026-09-26T17:09:36.712,1790406576712040176,1790406576,514197000,1790406576514197000,0.392128112,1.185574537,0.353769638,-0.010542114,0.068674143,-1.515777214,0.019771940,0.028554506,-0.686843339,0.725975164,0.054861586,0.998391461,0.014299258,0.392128112,-0.996133161,0.055710178,-0.067932897,1.185574537,-0.068620183,-0.010517152,0.997587780,0.353769638,0.000000000,0.000000000,0.000000000,1.000000000,-0.983118672,0.180052557,0.032538479,0.081335330,0.105912938,0.705026695,-0.701227359,-0.570684259,-0.149198275,-0.685943464,-0.712194804,2.182909699,0.000000000,0.000000000,0.000000000,1.000000000
2026-09-26T17:09:36.779,1790406576779033650,1790406576,582195000,1790406576582195000,0.391313396,1.185322948,0.354476580,-0.011435065,0.069834611,-1.514359512,0.019825731,0.029296302,-0.686299527,0.726458275,0.056269220,0.998297478,0.015352288,0.391313396,-0.995974207,0.057199380,-0.069017287,1.185322948,-0.069777869,-0.011407027,0.997497693,0.354476580,0.000000000,0.000000000,0.000000000,1.000000000,-0.982926564,0.180981860,0.033180360,0.081332787,0.106224476,0.705396301,-0.700808404,-0.570509422,-0.150238912,-0.685318630,-0.712577466,2.182637379,0.000000000,0.000000000,0.000000000,1.000000000
2026-09-26T17:09:36.845,1790406576845470081,1790406576,646198000,1790406576646198000,0.391625303,1.184543757,0.353730003,-0.014171346,0.068492462,-1.515012924,0.018380758,0.029741921,-0.686515509,0.726274068,0.055623598,0.998290075,0.017964207,0.391625303,-0.996103371,0.056716789,-0.067535592,1.184543757,-0.068438929,-0.014137727,0.997555491,0.353730003,0.000000000,0.000000000,0.000000000,1.000000000,-0.983042476,0.180233293,0.033814943,0.081239300,0.105093889,0.704833452,-0.701544781,-0.570298223,-0.150275629,-0.686094574,-0.711822640,2.181736595,0.000000000,0.000000000,0.000000000,1.000000000
2026-09-26T17:09:36.912,1790406576912045983,1790406576,714197000,1790406576714197000,0.391619942,1.182725322,0.355790537,-0.012631800,0.068955052,-1.515486064,0.019105633,0.029376843,-0.686703470,0.726092501,0.055150539,0.998342901,0.016420787,0.391619942,-0.996097860,0.056146219,-0.068091351,1.182725322,-0.068900427,-0.012601528,0.997544311,0.355790537,0.000000000,0.000000000,0.000000000,1.000000000,-0.983007167,0.180337511,0.034282527,0.081368771,0.104792252,0.704628110,-0.701796132,-0.569839061,-0.150716600,-0.686278084,-0.711552456,2.180080734,0.000000000,0.000000000,0.000000000,1.000000000
2026-09-26T17:09:36.945,1790406576945505275,1790406576,782198000,1790406576782198000,0.391170252,1.184686127,0.354250412,-0.011930625,0.068915470,-1.514407073,0.019330881,0.029132160,-0.686322461,0.726456546,0.056225442,0.998293085,0.015792047,0.391170252,-0.996040495,0.057175174,-0.068074278,1.184686127,-0.068860939,-0.011902105,0.997555627,0.354250412,0.000000000,0.000000000,0.000000000,1.000000000,-0.983012769,0.180560291,0.032922303,0.081330504,0.106018650,0.705042398,-0.701195595,-0.570239559,-0.149819700,-0.685793845,-0.712208438,2.181863291,0.000000000,0.000000000,0.000000000,1.000000000
2026-09-26T17:09:37.045,1790406577045466513,1790406576,846198000,1790406576846198000,0.390852008,1.184288172,0.354011704,-0.011070125,0.068525842,-1.514593160,0.019512345,0.028693580,-0.686407901,0.726388423,0.056041593,0.998317157,0.014898499,0.390852008,-0.996077653,0.056926505,-0.067738160,1.184288172,-0.068472231,-0.011044000,0.997592252,0.354011704,0.000000000,0.000000000,0.000000000,1.000000000,-0.982955490,0.180751577,0.033576363,0.081218883,0.105800926,0.705530795,-0.700737084,-0.569881725,-0.150348491,-0.685240953,-0.712629053,2.181257239,0.000000000,0.000000000,0.000000000,1.000000000
2026-09-26T17:09:37.112,1790406577112064073,1790406576,914197000,1790406576914197000,0.391736547,1.185988087,0.351793280,-0.012554660,0.067676924,-1.515670222,0.018697245,0.028884800,-0.686789371,0.726041625,0.054971906,0.998355368,0.016260981,0.391736547,-0.996195116,0.055941128,-0.066825581,1.185988087,-0.067625280,-0.012525673,0.997632521,0.351793280,0.000000000,0.000000000,0.000000000,1.000000000,-0.983231454,0.179386546,0.032808168,0.081309042,0.105224301,0.705012214,-0.701345581,-0.570171253,-0.148942121,-0.686132819,-0.712066008,2.182795301,0.000000000,0.000000000,0.000000000,1.000000000
2026-09-26T17:09:37.178,1790406577178961456,1790406576,982193000,1790406576982193000,0.392474891,1.184513836,0.354258031,-0.012376588,0.069899041,-1.515385920,0.019521069,0.029632762,-0.686657477,0.726114547,0.055246665,0.998340787,0.016224967,0.392474891,-0.996026947,0.056240454,-0.069044256,1.184513836,-0.069842141,-0.012346133,0.997482013,0.354258031,0.000000000,0.000000000,0.000000000,1.000000000,-0.982936320,0.180845010,0.033634403,0.081325271,0.105854844,0.705649308,-0.700609596,-0.570069787,-0.150435842,-0.685094253,-0.712751655,2.182091987,0.000000000,0.000000000,0.000000000,1.000000000
2026-09-26T17:09:37.678,1790406577678874379,1790406577,514196000,1790406577514196000,0.391304740,1.184954346,0.352304228,-0.012917042,0.067149945,-1.513769964,0.018357259,0.028835468,-0.686101313,0.726702494,0.056866857,0.998241646,0.016719718,0.391304740,-0.996124297,0.057855580,-0.066248712,1.184954346,-0.067099498,-0.012887654,0.997663413,0.352304228,0.000000000,0.000000000,0.000000000,1.000000000,-0.982866577,0.181344733,0.032975426,0.081318603,0.106436450,0.704470025,-0.701707394,-0.569981093,-0.150481139,-0.686174957,-0.711701732,2.181862169,0.000000000,0.000000000,0.000000000,1.000000000
2026-09-26T17:09:37.712,1790406577712027456,1790406577,582194000,1790406577582194000,0.390796458,1.183701483,0.353714603,-0.012665103,0.067523404,-1.513818007,0.018577669,0.028884235,-0.686117221,0.726679937,0.056817569,0.998248336,0.016486256,0.390796458,-0.996101940,0.057795640,-0.066636056,1.183701483,-0.067472111,-0.012635985,0.997641501,0.353714603,0.000000000,0.000000000,0.000000000,1.000000000,-0.982847211,0.181311188,0.033728505,0.081260297,0.105907910,0.704624485,-0.701632275,-0.569604533,-0.150979712,-0.686025210,-0.711740499,2.180653081,0.000000000,0.000000000,0.000000000,1.000000000
2026-09-26T17:09:37.778,1790406577778963991,1790406577,646198000,1790406577646198000,0.391000774,1.184610294,0.352993913,-0.013275341,0.067781509,-1.514423357,0.018453363,0.029181737,-0.686324674,0.726475286,0.056213586,0.998272725,0.017069610,0.391000774,-0.996118732,0.057235412,-0.066868194,1.184610294,-0.067729626,-0.013244550,0.997616158,0.352993913,0.000000000,0.000000000,0.000000000,1.000000000,-0.982883235,0.180990344,0.034395384,0.081117158,0.105230574,0.704789449,-0.701568499,-0.569833351,-0.151218628,-0.685940470,-0.711771451,2.181302259,0.000000000,0.000000000,0.000000000,1.000000000
2026-09-26T17:09:37.845,1790406577845542307,1790406577,714199000,1790406577714199000,0.391244805,1.183449442,0.354075211,-0.013158179,0.067857511,-1.514661295,0.018525484,0.029166923,-0.686411739,0.726391783,0.055976280,0.998288250,0.016940992,0.391244805,-0.996126937,0.056991044,-0.066954632,1.183449442,-0.067805453,-0.013127599,0.997612553,0.354075211,0.000000000,0.000000000,0.000000000,1.000000000,-0.982939041,0.180742596,0.034102147,0.081231581,0.105291695,0.704950010,-0.701397991,-0.569663201,-0.150812803,-0.685840796,-0.711953581,2.180633619,0.000000000,0.000000000,0.000000000,1.000000000
2026-09-26T17:09:37.912,1790406577912029915,1790406577,782194000,1790406577782194000,0.391454585,1.185068197,0.352757878,-0.014104046,0.068155817,-1.514020638,0.018274895,0.029605698,-0.686160899,0.726617335,0.056613295,0.998234784,0.017944975,0.391454585,-0.996070632,0.057698078,-0.067186331,1.185068197,-0.068103069,-0.014070915,0.997579421,0.352757878,0.000000000,0.000000000,0.000000000,1.000000000,-0.982933426,0.180896584,0.033441095,0.081436883,0.105884206,0.704980824,-0.701277815,-0.570073051,-0.150434092,-0.685768521,-0.712103307,2.182446256,0.000000000,0.000000000,0.000000000,1.000000000
2026-09-26T17:09:37.979,1790406577979140611,1790406577,846224000,1790406577846224000,0.391003865,1.184903095,0.353314977,-0.012001841,0.068683866,-1.513578440,0.019213454,0.029080470,-0.686023621,0.726743945,0.057051685,0.998244392,0.015906329,0.391003865,-0.996009459,0.058004451,-0.067826377,1.184903095,-0.068629883,-0.011973338,0.997570698,0.353314977,0.000000000,0.000000000,0.000000000,1.000000000,-0.982839301,0.181506113,0.032900447,0.081210955,0.106873776,0.705674297,-0.700429712,-0.570214157,-0.150349275,-0.684893654,-0.712962677,2.181600847,0.000000000,0.000000000,0.000000000,1.000000000
2026-09-26T17:09:38.046,1790406578046085508,1790406577,914202000,1790406577914202000,0.390980512,1.184310593,0.354009386,-0.014448740,0.067953111,-1.514542731,0.018087823,0.029645623,-0.686348346,0.726443333,0.056094020,0.998258704,0.018242621,0.390980512,-0.996113816,0.057197139,-0.066974082,1.184310593,-0.067900832,-0.014414973,0.997588294,0.354009386,0.000000000,0.000000000,0.000000000,1.000000000,-0.982981127,0.180383524,0.034783451,0.081369944,0.104529698,0.704905244,-0.701556939,-0.570183399,-0.151068349,-0.685981327,-0.711763987,2.181266214,0.000000000,0.000000000,0.000000000,1.000000000
2026-09-26T17:09:38.112,1790406578112031499,1790406577,982202000,1790406577982202000,0.391439336,1.185711836,0.353255181,-0.012229532,0.068415330,-1.513853477,0.019042561,0.029058411,-0.686123996,0.726654561,0.056778790,0.998256851,0.016099722,0.391439336,-0.996043476,0.057742066,-0.067550151,1.185711836,-0.068361977,-0.012200700,0.997586338,0.353255181,0.000000000,0.000000000,0.000000000,1.000000000,-0.982901697,0.181190346,0.032776723,0.081400174,0.106600969,0.705095617,-0.701053781,-0.570454623,-0.150134900,-0.685572920,-0.712354745,2.183395357,0.000000000,0.000000000,0.000000000,1.000000000
2026-09-26T17:09:38.679,1790406578679038037,1790406578,514194000,1790406578514194000,0.392067748,1.186201705,0.352662379,-0.009222670,0.069689754,-1.516495060,0.020610002,0.028462512,-0.687108772,0.725704243,0.054142690,0.998448622,0.012988090,0.392067748,-0.996102184,0.054913107,-0.069027292,1.186201705,-0.069633365,-0.009200236,0.997530585,0.352662379,0.000000000,0.000000000,0.000000000,1.000000000,-0.983552698,0.178205250,0.029444522,0.081318684,0.106911411,0.705779122,-0.700318343,-0.570188713,-0.145581734,-0.685652040,-0.713223134,2.183225617,0.000000000,0.000000000,0.000000000,1.000000000
2026-09-26T17:09:38.745,1790406578745502799,1790406578,582198000,1790406578582198000,0.392315665,1.184826649,0.354161669,-0.010708476,0.070257400,-1.517286179,0.020277496,0.029170843,-0.687366517,0.725441353,0.053352515,0.998471109,0.014447313,0.392315665,-0.996105075,0.054231770,-0.069522467,1.184826649,-0.070199622,-0.010681937,0.997476129,0.354161669,0.000000000,0.000000000,0.000000000,1.000000000,-0.983581694,0.177834989,0.030688247,0.081195493,0.105759567,0.705816773,-0.700455278,-0.570094511,-0.146225737,-0.685709413,-0.713036209,2.182181295,0.000000000,0.000000000,0.000000000,1.000000000
2026-09-26T17:09:38.812,1790406578812142655,1790406578,650191000,1790406578650191000,0.392022564,1.185366230,0.353276985,-0.007148905,0.068272694,-1.516724281,0.020878591,0.027233600,-0.687239722,0.725619722,0.053919640,0.998486483,0.010825265,0.392022564,-0.996212099,0.054530880,-0.067731935,1.185366230,-0.068219677,-0.007132273,0.997645190,0.353276985,0.000000000,0.000000000,0.000000000,1.000000000,-0.983442830,0.178714428,0.030022540,0.081352768,0.106851560,0.705659956,-0.700447551,-0.570293337,-0.146365788,-0.685642166,-0.713072139,2.182273465,0.000000000,0.000000000,0.000000000,1.000000000
2026-09-26T17:09:38.878,1790406578878753674,1790406578,714195000,1790406578714195000,0.392641014,1.185670505,0.352731770,-0.010452128,0.068865093,-1.517472007,0.019894428,0.028576044,-0.687456944,0.725389944,0.053172568,0.998485610,0.014104409,0.392641014,-0.996211607,0.054013904,-0.068152113,1.185670505,-0.068810683,-0.010427247,0.997575602,0.352731770,0.000000000,0.000000000,0.000000000,1.000000000,-0.983681876,0.177406821,0.029946395,0.081422929,0.105892557,0.705447682,-0.700806917,-0.570287047,-0.145453542,-0.686199963,-0.712722161,2.182917639,0.000000000,0.000000000,0.000000000,1.000000000
2026-09-26T17:09:38.945,1790406578945671268,1790406578,782193000,1790406578782193000,0.393057953,1.184075445,0.352923273,-0.011605636,0.068271007,-1.518197459,0.019282196,0.028750145,-0.687711683,0.725158098,0.052451990,0.998508017,0.015175602,0.393057953,-0.996290566,0.053361257,-0.067508980,1.184075445,-0.068217992,-0.011578422,0.997603611,0.352923273,0.000000000,0.000000000,0.000000000,1.000000000,-0.983575370,0.177695377,0.031683500,0.081259932,0.104867356,0.705443179,-0.700965591,-0.569854081,-0.146909253,-0.686129925,-0.712490980,2.181025927,0.000000000,0.000000000,0.000000000,1.000000000
2026-09-26T17:09:38.978,1790406578978668374,1790406578,850194000,1790406578850194000,0.392950189,1.185037129,0.353246997,-0.011369721,0.070423025,-1.517373172,0.020095874,0.029457279,-0.687386044,0.725416330,0.053265239,0.998465955,0.015110321,0.392950189,-0.996098088,0.054192746,-0.069652873,1.185037129,-0.070364836,-0.011341378,0.997457208,0.353246997,0.000000000,0.000000000,0.000000000,1.000000000,-0.983500168,0.178205878,0.031146169,0.081274748,0.105812667,0.706304946,-0.699955000,-0.570094035,-0.146734789,-0.685110201,-0.713507473,2.182368732,0.000000000,0.000000000,0.000000000,1.000000000
2026-09-26T17:09:39.045,1790406579045453199,1790406578,914192000,1790406578914192000,0.390755519,1.188954763,0.348076715,0.001390890,0.074381647,-1.517076260,0.026080652,0.026510407,-0.687404041,0.725322468,0.053545615,0.998561902,0.002601279,0.390755519,-0.995796279,0.053590550,-0.074280568,1.188954763,-0.074313088,0.001386955,0.997234354,0.348076715,0.000000000,0.000000000,0.000000000,1.000000000,-0.984056934,0.176963022,0.017777490,0.078088707,0.114986145,0.709282909,-0.695482524,-0.568033814,-0.135683959,-0.682350236,-0.718323060,2.188686098,0.000000000,0.000000000,0.000000000,1.000000000
2026-09-26T17:09:39.112,1790406579112024633,1790406578,982194000,1790406578982194000,0.387700008,1.189646736,0.348971511,-0.000953851,0.067088697,-1.525730265,0.022830084,0.024572659,-0.690594999,0.722463507,0.044949310,0.998981252,0.003972997,0.387700008,-0.996737283,0.045114248,-0.066927394,1.189646736,-0.067038392,-0.000951790,0.997750302,0.348971511,0.000000000,0.000000000,0.000000000,1.000000000,-0.985265052,0.169579958,0.022257931,0.073427849,0.105673682,0.705895832,-0.700388569,-0.569979523,-0.134483645,-0.687716302,-0.713414632,2.188155321,0.000000000,0.000000000,0.000000000,1.000000000
2026-09-26T17:09:39.645,1790406579645484784,1790406579,514193000,1790406579514193000,0.361263714,1.207482132,0.293629156,0.159779637,0.322417135,-1.567533775,-0.168741531,-0.057713027,0.703649052,-0.687803397,0.003094826,0.987421456,-0.158079364,0.361263714,-0.948467207,-0.047191253,-0.313341465,1.207482132,-0.316859868,0.150902611,0.936391353,0.293629156,0.000000000,0.000000000,0.000000000,1.000000000,-0.987302721,0.117476013,-0.106923915,0.023397270,0.154723748,0.863606690,-0.479837521,-0.486271573,0.035970810,-0.490288559,-0.870817564,2.274059319,0.000000000,0.000000000,0.000000000,1.000000000
2026-09-26T17:09:39.712,1790406579712127077,1790406579,582194000,1790406579582194000,0.344367807,1.194886527,0.282138302,0.173855400,0.393697989,-1.612800073,-0.199563405,-0.073394952,0.716939775,-0.663916401,-0.038778549,0.981269916,-0.188693835,0.344367807,-0.922682251,-0.107656269,-0.370226399,1.194886527,-0.383605897,0.159747371,0.909575602,0.282138302,0.000000000,0.000000000,0.000000000,1.000000000,-0.988695832,0.072125521,-0.131447557,-0.003730896,0.121202117,0.900559885,-0.417494839,-0.456673620,0.088264364,-0.428707130,-0.899121571,2.282043702,0.000000000,0.000000000,0.000000000,1.000000000
2026-09-26T17:09:39.778,1790406579778803393,1790406579,650191000,1790406579650191000,0.329729225,1.162639470,0.312463800,0.119057660,0.555550466,-1.670537468,-0.241354084,-0.141245446,0.722737887,-0.632018889,-0.084600305,0.981748198,-0.170332085,0.329729225,-0.845387711,-0.161203612,-0.509247623,1.162639470,-0.527410849,0.100913898,0.843596210,0.312463800,0.000000000,0.000000000,0.000000000,1.000000000,-0.995831669,0.018893190,-0.089231912,-0.024306450,0.043264330,0.959094256,-0.279761338,-0.429377790,0.080296230,-0.282455759,-0.955913835,2.270576862,0.000000000,0.000000000,0.000000000,1.000000000
2026-09-26T17:09:39.845,1790406579845553699,1790406579,714193000,1790406579714193000,0.321573118,1.134554706,0.347890156,0.128923032,0.794931735,-1.653880369,-0.324466782,-0.217854580,0.693973480,-0.604699511,-0.058119284,0.980663860,-0.186869794,0.321573118,-0.697917823,-0.173755739,-0.694780527,1.134554706,-0.713815564,0.090039330,0.694521724,0.347890156,0.000000000,0.000000000,0.000000000,1.000000000,-0.995885108,0.028353236,-0.086075230,-0.025813067,0.031890848,0.998690394,-0.040005887,-0.410172691,0.084828209,-0.042586279,-0.995485100,2.272945658,0.000000000,0.000000000,0.000000000,1.000000000
2026-09-26T17:09:39.912,1790406579912314476,1790406579,782191000,1790406579782191000,0.321776841,1.109968522,0.385731583,0.037981674,1.003398228,-1.733017220,-0.377207379,-0.298644535,0.673952873,-0.560636746,-0.086801749,0.980987194,-0.173578041,0.321776841,-0.530383842,-0.192995798,-0.825497481,1.109968522,-0.843301983,0.020408084,0.537052417,0.385731583,0.000000000,0.000000000,0.000000000,1.000000000,-0.998414153,-0.018322211,-0.053230394,-0.032349467,-0.026694728,0.986574708,0.161114052,-0.407083053,0.049563795,0.162279521,-0.985499258,2.280007233,0.000000000,0.000000000,0.000000000,1.000000000
2026-09-26T17:09:39.978,1790406579978735088,1790406579,850190000,1790406579850190000,0.319084962,1.086520377,0.430737901,0.086107745,1.235584406,-1.674933444,-0.453429153,-0.361284880,0.621748543,-0.526596609,-0.034195735,0.982455388,-0.183335349,0.319084962,-0.327187437,-0.184338604,-0.926805417,1.086520377,-0.944340421,0.028291937,0.327750813,0.430737901,0.000000000,0.000000000,0.000000000,1.000000000,-0.998528820,0.011219256,-0.053050203,-0.025196365,-0.010079034,0.922907076,0.384890818,-0.420855237,0.053278596,0.384859269,-0.921436234,2.286727721,0.000000000,0.000000000,0.000000000,1.000000000
2026-09-26T17:09:40.045,1790406580045690763,1790406579,914194000,1790406579914194000,0.325718273,1.070700580,0.479989917,0.089398326,1.301726077,-1.686758711,-0.475709457,-0.375917111,0.611608739,-0.508253470,-0.030757568,0.979359016,-0.199774093,0.325718273,-0.264050189,-0.200729603,-0.943390567,1.070700580,-0.964018292,0.023733696,0.264774008,0.479989917,0.000000000,0.000000000,0.000000000,1.000000000,-0.997809001,0.005175147,-0.065957672,-0.019042510,-0.024773259,0.895183895,0.445007956,-0.448061458,0.061347227,0.445666930,-0.893094343,2.257270245,0.000000000,0.000000000,0.000000000,1.000000000
2026-09-26T17:09:40.112,1790406580112093001,1790406579,982194000,1790406579982194000,0.338554000,1.059900900,0.511419248,-0.000454767,1.296892657,-1.737225327,-0.460957765,-0.390220622,0.608385507,-0.514891133,-0.044809820,0.986254906,-0.159038078,0.338554000,-0.266754457,-0.165230109,-0.949495509,1.059900900,-0.962722150,-0.000122889,0.270491949,0.511419248,0.000000000,0.000000000,0.000000000,1.000000000,-0.999647799,-0.003748992,-0.026272113,-0.004849559,-0.014974667,0.896997256,0.441782391,-0.464347538,0.021909774,0.442020211,-0.896737473,2.225944394,0.000000000,0.000000000,0.000000000,1.000000000
2026-09-26T17:09:40.645,1790406580645492567,1790406580,514194000,1790406580514194000,0.343603589,1.049459600,0.523372384,0.018351216,1.291883539,-1.703356710,-0.457707267,-0.390988400,0.604418991,-0.521833127,-0.036388182,0.988728017,-0.145232837,0.343603589,-0.272895538,-0.149636655,-0.950335493,1.049459600,-0.961355149,0.005052127,0.275264598,0.523372384,0.000000000,0.000000000,0.000000000,1.000000000,-0.999927881,0.003721154,-0.011418629,0.004723959,-0.001647486,0.899296303,0.437336765,-0.465295622,0.011896128,0.437324037,-0.899225316,2.210529644,0.000000000,0.000000000,0.000000000,1.000000000
2026-09-26T17:09:40.712,1790406580712044053,1790406580,582195000,1790406580582195000,0.344198194,1.063070953,0.525274460,-0.028705977,1.305512999,-1.738865682,-0.456609844,-0.400587208,0.601214394,-0.519209584,-0.043857405,0.990136527,-0.133063690,0.344198194,-0.258488726,-0.139902738,-0.955830248,1.063070953,-0.965018085,-0.007525050,0.262075022,0.525274460,0.000000000,0.000000000,0.000000000,1.000000000,-0.999994447,-0.002283991,-0.002426737,0.003833998,-0.003134329,0.891981355,0.452061321,-0.476228446,0.001132100,0.452066417,-0.891983561,2.222066389,0.000000000,0.000000000,0.000000000,1.000000000
2026-09-26T17:09:40.778,1790406580778940545,1790406580,650191000,1790406580650191000,0.334335686,1.075992462,0.526023847,-0.097525860,1.291280043,-1.781105195,-0.442737123,-0.408281730,0.601750593,-0.524581827,-0.057595169,0.992857665,-0.104480591,0.334335686,-0.269812183,-0.116240017,-0.955871491,1.075992462,-0.961188837,-0.026863715,0.274580088,0.526023847,0.000000000,0.000000000,0.000000000,1.000000000,-0.999418448,-0.015726262,0.030256415,-0.009143938,-0.001072357,0.901357885,0.433073682,-0.481528503,-0.034082488,0.432789381,-0.900850562,2.231288435,0.000000000,0.000000000,0.000000000,1.000000000
2026-09-26T17:09:40.845,1790406580845331637,1790406580,714196000,1790406580714196000,0.318550012,1.083806096,0.520629387,-0.064558301,1.351213625,-1.775593210,-0.468942771,-0.414014946,0.592233658,-0.507881479,-0.044297856,0.989867493,-0.134906653,0.318550012,-0.213270698,-0.141296216,-0.966722122,1.083806096,-0.975988272,-0.014052358,0.217368946,0.520629387,0.000000000,0.000000000,0.000000000,1.000000000,-0.999948034,-0.010164614,0.000780755,-0.026074193,-0.008471223,0.871079540,0.491068910,-0.487785319,-0.005671626,0.491036777,-0.871120380,2.248446029,0.000000000,0.000000000,0.000000000,1.000000000
2026-09-26T17:09:40.912,1790406580912434766,1790406580,782197000,1790406580782197000,0.306936311,1.095634851,0.532822728,0.074369209,1.339172973,-1.676824388,-0.480684424,-0.393040498,0.598051974,-0.506749927,-0.024293705,0.983982320,-0.176602376,0.306936311,-0.228269019,-0.177447504,-0.957291124,1.095634851,-0.973294852,0.017056414,0.228923636,0.532822728,0.000000000,0.000000000,0.000000000,1.000000000,-0.999079455,0.009636982,-0.041801558,-0.038615243,-0.011627614,0.877125852,0.480119816,-0.503434114,0.041292134,0.480163897,-0.876206364,2.244415919,0.000000000,0.000000000,0.000000000,1.000000000
2026-09-26T17:09:40.979,1790406580979015034,1790406580,850190000,1790406580850190000,0.297410847,1.102784673,0.539341074,0.027849626,1.342339857,-1.704723031,-0.475322951,-0.401092032,0.595185156,-0.508869241,-0.030240079,0.987039178,-0.157603856,0.297410847,-0.224446660,-0.160354708,-0.961202751,1.102784673,-0.974016957,0.006306527,0.226386885,0.539341074,0.000000000,0.000000000,0.000000000,1.000000000,-0.999726730,0.004258353,-0.022985454,-0.048156241,-0.007323138,0.876724916,0.480936371,-0.511115796,0.022199917,0.480973271,-0.876454149,2.247224581,0.000000000,0.000000000,0.000000000,1.000000000
2026-09-26T17:09:41.045,1790406581045724476,1790406580,914196000,1790406580914196000,0.295292807,1.120226882,0.527886615,0.089480212,1.332958750,-1.636487581,-0.474845896,-0.396474267,0.592065093,-0.516515688,-0.015465535,0.988150019,-0.152709327,0.295292807,-0.235093778,-0.152039551,-0.960008101,1.120226882,-0.971849541,0.021053683,0.234659397,0.527886615,0.000000000,0.000000000,0.000000000,1.000000000,-0.999629315,0.019236392,-0.019266383,-0.047248639,0.007781699,0.880010670,0.474890161,-0.515134283,0.026089796,0.474564201,-0.879834156,2.262657216,0.000000000,0.000000000,0.000000000,1.000000000
2026-09-26T17:09:41.112,1790406581112045252,1790406580,982196000,1790406580982196000,0.305883754,1.118147699,0.527580277,0.107077006,1.346331532,-1.609034749,-0.477573661,-0.401582484,0.585650163,-0.517367175,-0.008508904,0.989562619,-0.143851322,0.305883754,-0.222422227,-0.142125588,-0.964535816,1.118147699,-0.974913201,0.023788297,0.221310150,0.527580277,0.000000000,0.000000000,0.000000000,1.000000000,-0.999611926,0.026211197,-0.009432424,-0.035849746,0.018331607,0.873909782,0.485742365,-0.514306127,0.020974977,0.485380949,-0.874051134,2.267234490,0.000000000,0.000000000,0.000000000,1.000000000
2026-09-26T17:09:41.645,1790406581645773401,1790406581,518186000,1790406581518186000,0.285942296,1.057198489,0.528958841,0.129860721,1.376024425,-1.581618960,-0.485737493,-0.410003087,0.577013665,-0.512846748,-0.002094295,0.990146750,-0.140017178,0.285942296,-0.193531753,-0.137771533,-0.971372814,1.057198489,-0.981091673,0.025063137,0.191913448,0.528958841,0.000000000,0.000000000,0.000000000,1.000000000,-0.999624094,0.027128452,-0.003964503,-0.046735177,0.021308145,0.859732758,0.510299469,-0.472063201,0.017252048,0.510023168,-0.859987636,2.228994920,0.000000000,0.000000000,0.000000000,1.000000000
2026-09-26T17:09:41.712,1790406581712042850,1790406581,582188000,1790406581582188000,0.291605497,1.042322272,0.536011633,-0.092856237,1.373662562,-1.742599484,-0.461555721,-0.435268300,0.572086965,-0.519831057,-0.033483639,0.996578151,-0.075568371,0.291605497,-0.192976312,-0.080634539,-0.977884916,1.042322272,-0.980631830,-0.018160514,0.195015996,0.536011633,0.000000000,0.000000000,0.000000000,1.000000000,-0.998180764,0.001238645,0.060279580,-0.040890940,0.031844263,0.859793655,0.509647736,-0.468575002,-0.051196727,0.510640125,-0.858268931,2.209653452,0.000000000,0.000000000,0.000000000,1.000000000
2026-09-26T17:09:41.778,1790406581778832698,1790406581,650194000,1790406581650194000,0.295967800,1.036385091,0.536200574,-0.082031538,1.373420960,-1.741685141,-0.464091418,-0.432320130,0.574258834,-0.517634285,-0.033347474,0.995784103,-0.085450063,0.295967800,-0.193240315,-0.090308285,-0.976986840,1.036385091,-0.980584481,-0.016067921,0.195437269,0.536200574,0.000000000,0.000000000,0.000000000,1.000000000,-0.998687440,0.001525119,0.051196407,-0.037653587,0.027343426,0.861078324,0.507736602,-0.464301348,-0.043309757,0.508470052,-0.859989809,2.207179308,0.000000000,0.000000000,0.000000000,1.000000000
2026-09-26T17:09:41.912,1790406581912096098,1790406581,718185000,1790406581718185000,0.290858328,1.039745214,0.525164024,-0.144525879,1.362916573,-1.809457221,-0.459343250,-0.432304006,0.580954575,-0.514401406,-0.048789614,0.994839413,-0.088959854,0.290858328,-0.200536161,-0.097009054,-0.974871879,1.039745214,-0.978470551,-0.029724226,0.204234399,0.525164024,0.000000000,0.000000000,0.000000000,1.000000000,-0.998740753,-0.013832224,0.048224253,-0.046442653,0.012214011,0.865277176,0.501144916,-0.458155930,-0.048659294,0.501102863,-0.864018631,2.214486100,0.000000000,0.000000000,0.000000000,1.000000000
2026-09-26T17:09:41.979,1790406581979158722,1790406581,782190000,1790406581782190000,0.272549706,1.031161687,0.527374707,-0.167492299,1.376188172,-1.775767755,-0.450142936,-0.449481244,0.563601836,-0.526963869,-0.039360476,0.998657090,-0.033682319,0.272549706,-0.189334304,-0.040551576,-0.981075325,1.031161687,-0.981123372,-0.032238642,0.190676255,0.527374707,0.000000000,0.000000000,0.000000000,1.000000000,-0.994541708,-0.004769531,0.104230720,-0.057058440,0.049255068,0.859181725,0.509294318,-0.452069534,-0.091982225,0.511648332,-0.854257136,2.208983729,0.000000000,0.000000000,0.000000000,1.000000000
2026-09-26T17:09:42.045,1790406582045654370,1790406581,850187000,1790406581850187000,0.261556841,1.034488941,0.528224320,-0.003671058,1.363142693,-1.662838482,-0.464548836,-0.425573517,0.573028537,-0.524137250,-0.018948709,0.996090422,-0.086281930,0.261556841,-0.205292154,-0.088334826,-0.974706509,1.034488941,-0.978517182,-0.000756709,0.206163467,0.528224320,0.000000000,0.000000000,0.000000000,1.000000000,-0.998650925,0.013939317,0.050020243,-0.066799797,0.037101823,0.865492721,0.499545598,-0.453831390,-0.036328832,0.500727516,-0.864842281,2.205930868,0.000000000,0.000000000,0.000000000,1.000000000
2026-09-26T17:09:42.112,1790406582112109275,1790406581,918192000,1790406581918192000,0.259218659,1.035549275,0.524561511,-0.014470105,1.352225920,-1.674614079,-0.461055535,-0.423109929,0.576379565,-0.525540083,-0.022470494,0.995975334,-0.086763835,0.259218659,-0.215667091,-0.089571391,-0.972350430,1.035549275,-0.976208267,-0.003137372,0.216811911,0.524561511,0.000000000,0.000000000,0.000000000,1.000000000,-0.998741861,0.015142757,0.047805782,-0.070530478,0.036628484,0.871396718,0.489209684,-0.451290614,-0.034249818,0.490345243,-0.870855035,2.206119820,0.000000000,0.000000000,0.000000000,1.000000000
2026-09-26T17:09:42.178,1790406582178710945,1790406581,982188000,1790406581982188000,0.266922723,1.044923855,0.512682075,-0.020272372,1.346994140,-1.667647284,-0.456522886,-0.425018076,0.574534875,-0.529958646,-0.021461033,0.997020265,-0.074092939,0.266922723,-0.220898797,-0.077007109,-0.972252186,1.044923855,-0.975060482,-0.004498776,0.221893327,0.512682075,0.000000000,0.000000000,0.000000000,1.000000000,-0.998050997,0.016926170,0.060064239,-0.062149664,0.043980310,0.873626698,0.484605123,-0.449583842,-0.044271214,0.486302270,-0.872668414,2.220779843,0.000000000,0.000000000,0.000000000,1.000000000
2026-09-26T17:09:42.678,1790406582678662570,1790406582,518187000,1790406582518187000,0.265819854,1.056751889,0.521384834,0.013750287,1.364858792,-1.652733891,-0.467453321,-0.423384661,0.573684198,-0.522608135,-0.016735928,0.995449043,-0.093812949,0.265819854,-0.203799245,-0.095252508,-0.974368265,1.056751889,-0.978869539,0.002811768,0.204465988,0.521384834,0.000000000,0.000000000,0.000000000,1.000000000,-0.998986387,0.017072324,0.041650131,-0.065549942,0.035671283,0.864606552,0.501181674,-0.464954361,-0.027454640,0.502159384,-0.864339167,2.227201758,0.000000000,0.000000000,0.000000000,1.000000000
2026-09-26T17:09:42.712,1790406582712237123,1790406582,582189000,1790406582582189000,0.280048966,1.046918841,0.523503183,0.051134862,1.387337350,-1.632093113,-0.479053805,-0.423569222,0.571118944,-0.514703524,-0.011175149,0.993738611,-0.111168593,0.280048966,-0.182089303,-0.111338973,-0.976958448,1.046918841,-0.983218388,0.009324671,0.182193473,0.523503183,0.000000000,0.000000000,0.000000000,1.000000000,-0.999479547,0.020406409,0.024984270,-0.051835259,0.030435382,0.853219246,0.520663621,-0.462262948,-0.010692185,0.521153046,-0.853396262,2.225243275,0.000000000,0.000000000,0.000000000,1.000000000
2026-09-26T17:09:42.778,1790406582778618068,1790406582,650187000,1790406582650187000,0.288565067,1.040168258,0.533019710,-0.110203738,1.383667195,-1.766463495,-0.465339277,-0.437040252,0.571909744,-0.515145047,-0.036169542,0.995976792,-0.081986204,0.288565067,-0.182489276,-0.087242981,-0.979329884,1.040168258,-0.982542226,-0.020460584,0.184910698,0.533019710,0.000000000,0.000000000,0.000000000,1.000000000,-0.998509168,-0.001586859,0.054561195,-0.045965977,0.026862815,0.855865201,0.516500869,-0.464509548,-0.047516642,0.517196520,-0.854546622,2.214127733,0.000000000,0.000000000,0.000000000,1.000000000
2026-09-26T17:09:42.845,1790406582845670499,1790406582,718184000,1790406582718184000,0.287060368,1.039417075,0.531897870,-0.091466680,1.376048424,-1.734757113,-0.460932816,-0.437247990,0.569743792,-0.521293722,-0.031587246,0.997091480,-0.069358267,0.287060368,-0.190924146,-0.074134285,-0.978801703,1.039417075,-0.981096332,-0.017675757,0.192710618,0.531897870,0.000000000,0.000000000,0.000000000,1.000000000,-0.997658966,0.001477895,0.068369610,-0.044830946,0.036229909,0.859354147,0.510095917,-0.462603081,-0.057999840,0.511378789,-0.857395913,2.212444033,0.000000000,0.000000000,0.000000000,1.000000000
2026-09-26T17:09:42.912,1790406582912206094,1790406582,782192000,1790406582782192000,0.280558334,1.039746139,0.525568065,-0.113852128,1.380147114,-1.773373746,-0.464819856,-0.435669282,0.573807556,-0.514664615,-0.038125339,0.995652214,-0.084987477,0.280558334,-0.185621745,-0.090625403,-0.978433594,1.039746139,-0.981881268,-0.021527862,0.188269904,0.525568065,0.000000000,0.000000000,0.000000000,1.000000000,-0.998668304,-0.003246859,0.051488597,-0.054472615,0.023754917,0.856987325,0.514789694,-0.458438753,-0.045796525,0.515327258,-0.855768950,2.217121729,0.000000000,0.000000000,0.000000000,1.000000000
2026-09-26T17:09:43.045,1790406583045625331,1790406582,850185000,1790406582850185000,0.263018805,1.044026361,0.521501483,-0.105179469,1.375832394,-1.748879758,-0.460385205,-0.437852934,0.570476931,-0.520467427,-0.034317901,0.996991206,-0.069502207,0.263018805,-0.190667611,-0.074797116,-0.978801282,1.044026361,-0.981054505,-0.020338859,0.192660893,0.521501483,0.000000000,0.000000000,0.000000000,1.000000000,-0.997726261,-0.000761756,0.067392337,-0.069282063,0.033828395,0.859192811,0.510532421,-0.456751610,-0.058291912,0.511651379,-0.857213462,2.219387213,0.000000000,0.000000000,0.000000000,1.000000000
2026-09-26T17:09:43.112,1790406583112058698,1790406582,918185000,1790406582918185000,0.251614404,1.024561144,0.539589804,-0.029605233,1.384442059,-1.677323292,-0.467027680,-0.435071234,0.566182739,-0.521570009,-0.019699405,0.996988347,-0.075006125,0.251614404,-0.184227575,-0.077355682,-0.979835188,1.024561144,-0.982686080,-0.005484253,0.185196682,0.539589804,0.000000000,0.000000000,0.000000000,1.000000000,-0.998013552,0.013929062,0.061440467,-0.076213070,0.043665658,0.855932963,0.515239821,-0.454655802,-0.045412113,0.516899163,-0.854840918,2.196425539,0.000000000,0.000000000,0.000000000,1.000000000
2026-09-26T17:09:43.178,1790406583178712653,1790406582,982191000,1790406582982191000,0.247937143,1.031206976,0.528032780,0.025714512,1.362230890,-1.646541550,-0.468527856,-0.420698889,0.575192771,-0.522156460,-0.015668230,0.994899393,-0.099646705,0.247937143,-0.206463264,-0.100730324,-0.973255880,1.031206976,-0.978328792,0.005323902,0.206988529,0.528032780,0.000000000,0.000000000,0.000000000,1.000000000,-0.999163214,0.016811078,0.037286188,-0.081057905,0.033186061,0.866077871,0.498806383,-0.450228072,-0.023907269,0.499626370,-0.865911042,2.202560563,0.000000000,0.000000000,0.000000000,1.000000000
2026-09-26T17:09:43.645,1790406583645779607,1790406583,518185000,1790406583518185000,0.237656887,1.020815954,0.526535305,-0.017905277,1.364776687,-1.681319330,-0.465232726,-0.425784258,0.574446997,-0.521801613,-0.022562842,0.995672137,-0.090153575,0.237656887,-0.203317514,-0.092861860,-0.974699622,1.020815954,-0.978852749,-0.003662473,0.204532898,0.526535305,0.000000000,0.000000000,0.000000000,1.000000000,-0.998867858,0.010893837,0.046306882,-0.090618467,0.032687287,0.864406114,0.501730616,-0.441537501,-0.034562180,0.502676232,-0.863783573,2.195752629,0.000000000,0.000000000,0.000000000,1.000000000
2026-09-26T17:09:43.712,1790406583712048533,1790406583,582192000,1790406583582192000,0.244518900,1.022556440,0.518420719,0.051488054,1.350694586,-1.623636993,-0.467260327,-0.415509324,0.577163444,-0.525263884,-0.011530949,0.994628122,-0.102867395,0.244518900,-0.218024495,-0.102899876,-0.970503796,1.022556440,-0.975875071,0.011236495,0.218039921,0.518420719,0.000000000,0.000000000,0.000000000,1.000000000,-0.999185997,0.024949254,0.031699826,-0.082409437,0.037261097,0.871912032,0.488242787,-0.436511058,-0.015458166,0.489026526,-0.872131929,2.200269978,0.000000000,0.000000000,0.000000000,1.000000000
2026-09-26T17:09:43.778,1790406583778673623,1790406583,650192000,1790406583650192000,0.255651359,1.014862670,0.522725707,0.017470545,1.375492215,-1.638019463,-0.468292112,-0.428584727,0.568183989,-0.523626378,-0.013035490,0.996437798,-0.083315944,0.255651359,-0.193626876,-0.084261277,-0.977450440,1.014862670,-0.980988535,0.003390377,0.194035605,0.522725707,0.000000000,0.000000000,0.000000000,1.000000000,-0.998393759,0.018625745,0.053506864,-0.069398513,0.043337466,0.859385032,0.509489187,-0.436241421,-0.036493382,0.510989676,-0.858811844,2.198677254,0.000000000,0.000000000,0.000000000,1.000000000
2026-09-26T17:09:43.845,1790406583845540421,1790406583,718185000,1790406583718185000,0.263106521,1.016956463,0.524115685,-0.067852464,1.360630162,-1.713961154,-0.457932847,-0.431539491,0.573285620,-0.524799746,-0.029765127,0.996952370,-0.072109310,0.263106521,-0.206488392,-0.076717967,-0.975437127,1.016956463,-0.977996104,-0.014144551,0.208142701,0.524115685,0.000000000,0.000000000,0.000000000,1.000000000,-0.997923907,0.005388353,0.064178195,-0.064835065,0.036603575,0.867358495,0.496335995,-0.438557163,-0.052991069,0.497654707,-0.865755011,2.196363334,0.000000000,0.000000000,0.000000000,1.000000000
2026-09-26T17:09:43.978,1790406583978640731,1790406583,782197000,1790406583782197000,0.261608683,1.013103430,0.523287931,-0.041741556,1.368410178,-1.702791633,-0.464674150,-0.428557820,0.574078148,-0.520432906,-0.026454717,0.995817655,-0.087447681,0.261608683,-0.199259154,-0.090975748,-0.975715068,1.013103430,-0.979589575,-0.008387794,0.200832606,0.523287931,0.000000000,0.000000000,0.000000000,1.000000000,-0.998768775,0.006866123,0.049130344,-0.066636876,0.030740145,0.862974344,0.504311734,-0.435923721,-0.038935559,0.505201087,-0.862122894,2.195584116,0.000000000,0.000000000,0.000000000,1.000000000
2026-09-26T17:09:44.045,1790406584045636609,1790406583,850192000,1790406583850192000,0.250534590,1.013335499,0.518776554,-0.116123789,1.366776145,-1.757582439,-0.456644516,-0.436868591,0.572676308,-0.522171873,-0.037624298,0.997058076,-0.066778315,0.250534590,-0.199083940,-0.072964918,-0.977262708,1.013335499,-0.979259820,-0.023474606,0.201243590,0.518776554,0.000000000,0.000000000,0.000000000,1.000000000,-0.997496881,-0.003500704,0.070623771,-0.078561417,0.032460521,0.864644457,0.501334497,-0.431133818,-0.062819476,0.502372082,-0.862366514,2.198211391,0.000000000,0.000000000,0.000000000,1.000000000
2026-09-26T17:09:44.112,1790406584112142393,1790406583,918186000,1790406583918186000,0.235373713,1.009664140,0.525332160,-0.000692340,1.383611764,-1.646938305,-0.467744847,-0.433783461,0.564721015,-0.523580789,-0.014155490,0.997153963,-0.074049636,0.235373713,-0.185554514,-0.075390320,-0.979737985,1.009664140,-0.982531904,-0.000128708,0.186093682,0.525332160,0.000000000,0.000000000,0.000000000,1.000000000,-0.997950111,0.020212010,0.060721082,-0.088206950,0.048738836,0.854933097,0.516443535,-0.433693833,-0.041474101,0.518344358,-0.854165690,2.192165752,0.000000000,0.000000000,0.000000000,1.000000000
2026-09-26T17:09:44.178,1790406584178559239,1790406583,982195000,1790406583982195000,0.223465480,1.005597197,0.536173850,0.039378086,1.369344978,-1.538214026,0.450716621,0.443718734,-0.547589756,0.547826316,0.006518111,0.999950849,-0.007454007,0.223465480,-0.199985342,-0.006000032,-0.979780876,1.005597197,-0.979777104,0.007876727,0.199936487,0.536173850,0.000000000,0.000000000,0.000000000,1.000000000,-0.990893237,0.042500731,0.127766512,-0.089312931,0.101170090,0.861159646,0.498165311,-0.435975354,-0.088854974,0.506554787,-0.857617071,2.179342062,0.000000000,0.000000000,0.000000000,1.000000000
2026-09-26T17:09:44.712,1790406584712094907,1790406584,518205000,1790406584518205000,0.157648710,0.957521807,0.542695924,-0.021544626,1.366356876,-1.162881099,0.339704837,0.532085541,-0.420257839,0.651819721,0.080536604,0.909368660,0.408120554,0.157648710,-0.186360716,0.415967850,-0.890079201,0.957521807,-0.979174824,-0.004373963,0.202971318,0.542695924,0.000000000,0.000000000,0.000000000,1.000000000,-0.841900144,0.130968841,0.523499102,-0.097102476,0.375092428,0.839456757,0.393214983,-0.410607786,-0.387955949,0.527408300,-0.755864185,2.143387532,0.000000000,0.000000000,0.000000000,1.000000000
2026-09-26T17:09:44.845,1790406584845620251,1790406584,586183000,1790406584586183000,0.144832746,0.971790105,0.525617454,-0.020268075,1.351469634,-1.098356743,0.319726382,0.537597560,-0.401851458,0.668789436,0.099008509,0.881276176,0.462114224,0.144832746,-0.193739859,0.472580785,-0.859728310,0.971790105,-0.976044046,-0.004409807,0.217527936,0.525617454,0.000000000,0.000000000,0.000000000,1.000000000,-0.806414079,0.151630214,0.571580801,-0.101960320,0.411304539,0.838291612,0.357904665,-0.410105364,-0.424882230,0.523713139,-0.738376353,2.162515867,0.000000000,0.000000000,0.000000000,1.000000000
2026-09-26T17:09:44.912,1790406584912013477,1790406584,650186000,1790406584650186000,0.143248712,0.977351616,0.517185884,-0.018122856,1.356632072,-1.035360373,0.304375950,0.548732454,-0.380360842,0.679392084,0.108436637,0.850870133,0.514063712,0.143248712,-0.182786454,0.525361707,-0.831014224,0.977351616,-0.977154238,-0.003851776,0.212496083,0.517185884,0.000000000,0.000000000,0.000000000,1.000000000,-0.769339232,0.164747623,0.617232020,-0.098296936,0.446738312,0.829394977,0.335453205,-0.411001071,-0.456664019,0.533818502,-0.711685170,2.176320501,0.000000000,0.000000000,0.000000000,1.000000000
2026-09-26T17:09:44.978,1790406584978779842,1790406584,718187000,1790406584718187000,0.145469950,0.997844869,0.513503675,0.061067915,1.346564672,-0.923411131,0.299017397,0.547372982,-0.365144718,0.691115584,0.134104306,0.832062426,0.538226883,0.145469950,-0.177366403,0.554515747,-0.813052193,0.997844869,-0.974965123,0.013570146,0.221942965,0.513503675,0.000000000,0.000000000,0.000000000,1.000000000,-0.745232434,0.185665914,0.640434843,-0.091104165,0.474913314,0.821982469,0.314328117,-0.424828208,-0.468066197,0.538398541,-0.700743210,2.198003325,0.000000000,0.000000000,0.000000000,1.000000000
2026-09-26T17:09:45.045,1790406585045669629,1790406584,786182000,1790406584786182000,0.146015730,0.985179366,0.523185861,-0.014953328,1.359773397,-0.932854999,0.277526549,0.564145903,-0.345496912,0.696670869,0.124742588,0.794526131,0.594279050,0.146015730,-0.168264420,0.607221672,-0.776510973,0.985179366,-0.977817043,-0.003132312,0.209436971,0.523185861,0.000000000,0.000000000,0.000000000,1.000000000,-0.702351969,0.180781921,0.688490819,-0.085625030,0.498021886,0.815870256,0.293819546,-0.426836707,-0.508601919,0.549248233,-0.663061435,2.183118404,0.000000000,0.000000000,0.000000000,1.000000000
2026-09-26T17:09:45.112,1790406585112451042,1790406584,850186000,1790406584850186000,0.139788929,0.970685427,0.528575420,-0.055556202,1.370568666,-0.937835161,0.266724429,0.574077769,-0.334079040,0.698343747,0.117651850,0.772845084,0.623593315,0.139788929,-0.160362971,0.634498418,-0.756105688,0.970685427,-0.980021202,-0.011044322,0.198585730,0.528575420,0.000000000,0.000000000,0.000000000,1.000000000,-0.676726098,0.172655733,0.715703700,-0.089405021,0.508088005,0.813038187,0.284280645,-0.420832425,-0.532811755,0.556020597,-0.637928467,2.173415178,0.000000000,0.000000000,0.000000000,1.000000000
2026-09-26T17:09:45.178,1790406585178690815,1790406584,918185000,1790406584918185000,0.128508943,0.956323474,0.524165100,-0.108680040,1.368954566,-0.957499846,0.253488738,0.579739445,-0.325897415,0.702450361,0.115386141,0.751768295,0.649253881,0.128508943,-0.163938757,0.659068533,-0.733997993,0.956323474,-0.979698892,-0.021744952,0.199291419,0.524165100,0.000000000,0.000000000,0.000000000,1.000000000,-0.652056033,0.171421289,0.738537522,-0.097326284,0.515752021,0.814281418,0.266356199,-0.408159838,-0.555718258,0.554581386,-0.619367988,2.164331801,0.000000000,0.000000000,0.000000000,1.000000000
2026-09-26T17:09:45.212,1790406585212008730,1790406584,986191000,1790406584986191000,0.120181828,0.955531757,0.527981167,-0.074314381,1.360564662,-0.922789626,0.253982165,0.575706363,-0.324931957,0.706027242,0.125962852,0.751259867,0.647875072,0.120181828,-0.166383410,0.659824430,-0.732767753,0.955531757,-0.977982473,-0.015494424,0.208110635,0.527981167,0.000000000,0.000000000,0.000000000,1.000000000,-0.652230883,0.182904003,0.735622866,-0.102654585,0.520605791,0.813459786,0.259331422,-0.410165009,-0.550966865,0.552113486,-0.625784477,2.160100814,0.000000000,0.000000000,0.000000000,1.000000000
2026-09-26T17:09:45.678,1790406585678866671,1790406585,518183000,1790406585518183000,0.146619809,0.916564905,0.531093015,-0.198661988,1.375460201,-1.015351781,0.240116462,0.589240812,-0.318778508,0.702509511,0.102351107,0.730862648,0.674806787,0.146619809,-0.164917114,0.681448553,-0.713043115,0.916564905,-0.980982362,-0.038306702,0.190278854,0.531093015,0.000000000,0.000000000,0.000000000,1.000000000,-0.629301392,0.160423523,0.760423600,-0.074606954,0.517918260,0.816085979,0.256445610,-0.387630185,-0.579431130,0.555218846,-0.596650315,2.133485997,0.000000000,0.000000000,0.000000000,1.000000000
2026-09-26T17:09:45.745,1790406585745533397,1790406585,586185000,1790406585586185000,0.144263764,0.900803711,0.537846389,-0.134138788,1.377213254,-0.956693915,0.245913975,0.586687526,-0.316814968,0.703528493,0.110852094,0.734325980,0.669684496,0.144263764,-0.157227473,0.678309048,-0.717758062,0.900803711,-0.981321116,-0.025728089,0.190648277,0.537846389,0.000000000,0.000000000,0.000000000,1.000000000,-0.632485261,0.168152652,0.756099914,-0.074616379,0.523903478,0.811860431,0.257697084,-0.381400993,-0.570515154,0.559112982,-0.601585516,2.120697947,0.000000000,0.000000000,0.000000000,1.000000000
2026-09-26T17:09:45.812,1790406585812063376,1790406585,650185000,1790406585650185000,0.146624177,0.906959161,0.527027256,-0.172721952,1.360089566,-0.981023522,0.235964157,0.584210061,-0.317075059,0.708860302,0.116324072,0.725229061,0.678610116,0.146624177,-0.173818655,0.687568502,-0.705008429,0.906959161,-0.977883215,-0.035945914,0.206039198,0.527027256,0.000000000,0.000000000,0.000000000,1.000000000,-0.621944974,0.174468700,0.763377444,-0.070431218,0.522408531,0.818656450,0.238518226,-0.378146060,-0.583329903,0.547140101,-0.600303201,2.129465761,0.000000000,0.000000000,0.000000000,1.000000000
2026-09-26T17:09:45.878,1790406585878688450,1790406585,718183000,1790406585718183000,0.156265377,0.921494204,0.512030726,-0.156966764,1.357701249,-0.976896748,0.239853589,0.581401128,-0.320623233,0.708268118,0.118346987,0.733076667,0.669770670,0.156265377,-0.175272213,0.679341853,-0.712583022,0.921494204,-0.977380908,-0.033060403,0.208886123,0.512030726,0.000000000,0.000000000,0.000000000,1.000000000,-0.630262578,0.174272400,0.756570032,-0.062700478,0.518182886,0.820091174,0.242769362,-0.377426310,-0.578148406,0.545050087,-0.607177752,2.151311059,0.000000000,0.000000000,0.000000000,1.000000000
2026-09-26T17:09:45.912,1790406585912398831,1790406585,786182000,1790406585786182000,0.168222353,0.940968849,0.511042323,-0.197513276,1.356354323,-1.033382706,0.241660982,0.580747399,-0.329034998,0.704321232,0.108936898,0.744180586,0.659035773,0.168222353,-0.182804779,0.666671734,-0.722586666,0.940968849,-0.977095165,-0.041758805,0.208665011,0.511042323,0.000000000,0.000000000,0.000000000,1.000000000,-0.644474709,0.168085750,0.745921933,-0.055420948,0.505610926,0.825494980,0.250829884,-0.390215206,-0.573593882,0.538799795,-0.616996629,2.162227670,0.000000000,0.000000000,0.000000000,1.000000000
2026-09-26T17:09:45.978,1790406585978837032,1790406585,850184000,1790406585850184000,0.174509177,0.931373452,0.528171856,-0.182305435,1.367976788,-1.021590786,0.246084548,0.583434220,-0.327154105,0.701439305,0.105149448,0.746105728,0.657472414,0.174509177,-0.171809287,0.664825033,-0.726972855,0.931373452,-0.979502404,-0.036519340,0.198093964,0.528171856,0.000000000,0.000000000,0.000000000,1.000000000,-0.645043551,0.160955503,0.747002104,-0.050278728,0.508008552,0.820582979,0.261860433,-0.396307157,-0.570829334,0.548394841,-0.611078531,2.147976230,0.000000000,0.000000000,0.000000000,1.000000000
2026-09-26T17:09:46.045,1790406586045502903,1790406585,918181000,1790406585918181000,0.169835974,0.926742328,0.531114838,-0.181282745,1.277357186,-1.020267487,0.226472293,0.553585741,-0.343343885,0.724132657,0.151315639,0.747996655,0.646223435,0.169835974,-0.246509443,0.661650393,-0.708132819,0.926742328,-0.957254652,-0.052148872,0.284506430,0.531114838,0.000000000,0.000000000,0.000000000,1.000000000,-0.648304421,0.216939802,0.729820869,-0.042834141,0.493164125,0.849943040,0.185434554,-0.393899833,-0.580078033,0.480139511,-0.658008758,2.123277448,0.000000000,0.000000000,0.000000000,1.000000000
2026-09-26T17:09:46.178,1790406586178873379,1790406585,986185000,1790406585986185000,0.168370509,0.930821027,0.527848624,-0.228332315,1.105319272,-1.096001286,0.188948924,0.495679952,-0.389492369,0.752924554,0.205194163,0.773833088,0.599231030,0.168370509,-0.399200395,0.625187793,-0.670655956,0.930821027,-0.893607407,-0.101598814,0.437199595,0.527848624,0.000000000,0.000000000,0.000000000,1.000000000,-0.679926089,0.287620864,0.674518163,-0.033538089,0.434516060,0.899004181,0.054655973,-0.394191231,-0.590674450,0.330250997,-0.736232282,2.085809304,0.000000000,0.000000000,0.000000000,1.000000000
2026-09-26T17:09:46.645,1790406586645572747,1790406586,518183000,1790406586518183000,0.095162625,0.929710729,0.330372073,-0.025230634,0.109418514,-1.067813589,0.016982404,0.053478050,-0.507504638,0.859820178,0.479158197,0.874541862,0.074725727,0.095162625,-0.870909016,0.484300951,-0.083484419,0.929710729,-0.109200295,-0.025077164,0.993703750,0.330372073,0.000000000,0.000000000,0.000000000,1.000000000,-0.805925067,0.587389838,0.073878038,-0.082737784,0.381127285,0.610271518,-0.694485901,-0.368656782,-0.453019623,-0.531546661,-0.715703408,2.024053723,0.000000000,0.000000000,0.000000000,1.000000000
2026-09-26T17:09:46.778,1790406586778875469,1790406586,586182000,1790406586586182000,0.094748100,0.931169219,0.328617286,-0.027761416,0.110611478,-1.068530241,0.016217412,0.054626800,-0.507720819,0.859635084,0.478470881,0.874681103,0.077450406,0.094748100,-0.871137380,0.483912800,-0.083352514,0.931169219,-0.110386046,-0.027588291,0.993506175,0.328617286,0.000000000,0.000000000,0.000000000,1.000000000,-0.806172271,0.586653711,0.076965524,-0.082954917,0.379700700,0.612712812,-0.693116433,-0.368582550,-0.453777090,-0.529547386,-0.716704904,2.025483981,0.000000000,0.000000000,0.000000000,1.000000000
2026-09-26T17:09:46.845,1790406586845534501,1790406586,650214000,1790406586650214000,0.096230619,0.931866284,0.330458011,-0.030488863,0.116750491,-1.066587155,0.016551379,0.057971070,-0.506681551,0.860022798,0.479826238,0.873434407,0.082940340,0.096230619,-0.869596300,0.485999385,-0.087214945,0.931866284,-0.116485422,-0.030276692,0.992731172,0.330458011,0.000000000,0.000000000,0.000000000,1.000000000,-0.804710033,0.588108581,0.081055910,-0.081423457,0.379461013,0.614540622,-0.691627908,-0.369460770,-0.456564457,-0.525802359,-0.717691282,2.026152378,0.000000000,0.000000000,0.000000000,1.000000000
2026-09-26T17:09:46.912,1790406586912030494,1790406586,718184000,1790406586718184000,0.097101657,0.932735035,0.329945699,-0.029727192,0.115199061,-1.069673474,0.016572797,0.057086136,-0.508062945,0.859266291,0.477226349,0.875014913,0.081264349,0.097101657,-0.871230504,0.483194441,-0.086487668,0.932735035,-0.114944415,-0.029525884,0.992933389,0.329945699,0.000000000,0.000000000,0.000000000,1.000000000,-0.806771019,0.585458291,0.079744037,-0.081035854,0.377918699,0.615038053,-0.692030094,-0.369643090,-0.454200373,-0.528173062,-0.717450512,2.027096487,0.000000000,0.000000000,0.000000000,1.000000000
2026-09-26T17:09:46.978,1790406586978740746,1790406586,786182000,1790406586786182000,0.096773418,0.930073826,0.330557819,-0.032072950,0.116814328,-1.069514819,0.015971892,0.058376468,-0.507892492,0.859291745,0.477274724,0.874720451,0.084100841,0.096773418,-0.870990819,0.483579899,-0.086747045,0.930073826,-0.116548825,-0.031848987,0.992674531,0.330557819,0.000000000,0.000000000,0.000000000,1.000000000,-0.806499626,0.585529240,0.081938163,-0.080920950,0.377289020,0.616393504,-0.691167160,-0.368446068,-0.455204733,-0.526511687,-0.718034884,2.023499512,0.000000000,0.000000000,0.000000000,1.000000000
2026-09-26T17:09:47.045,1790406587045373410,1790406586,850185000,1790406586850185000,0.096709938,0.931619344,0.330053303,-0.029005456,0.117562641,-1.069036605,0.017466568,0.057922773,-0.507760136,0.859371582,0.477649108,0.874732721,0.081816730,0.096709938,-0.870685771,0.483748795,-0.088842369,0.931619344,-0.117292005,-0.028801283,0.992680100,0.330053303,0.000000000,0.000000000,0.000000000,1.000000000,-0.806292070,0.585888090,0.081414034,-0.080932882,0.378753383,0.617082336,-0.689750148,-0.368648988,-0.454355559,-0.525304233,-0.719455689,2.025769198,0.000000000,0.000000000,0.000000000,1.000000000
2026-09-26T17:09:47.078,1790406587078802927,1790406586,918185000,1790406586918185000,0.096563938,0.928941570,0.331819515,-0.032017923,0.116072878,-1.068602895,0.015780180,0.058051484,-0.507518324,0.859538342,0.478110267,0.874295078,0.083777506,0.096563938,-0.870630725,0.484351942,-0.086051798,0.928941570,-0.115812396,-0.031797120,0.992762380,0.331819515,0.000000000,0.000000000,0.000000000,1.000000000,-0.805848758,0.586348843,0.082479167,-0.080667017,0.376971128,0.615455766,-0.692175533,-0.368419904,-0.456618602,-0.526696529,-0.717000850,2.022902882,0.000000000,0.000000000,0.000000000,1.000000000
2026-09-26T17:09:47.145,1790406587145404163,1790406586,986182000,1790406586986182000,0.097203731,0.930791440,0.330671331,-0.030442665,0.117091069,-1.070494242,0.016771268,0.058073011,-0.508354714,0.859023710,0.476405936,0.875325454,0.082720695,0.097203731,-0.871429521,0.482588088,-0.087857287,0.930791440,-0.116823675,-0.030229621,0.992692858,0.330671331,0.000000000,0.000000000,0.000000000,1.000000000,-0.806910589,0.584919552,0.082246088,-0.080616225,0.376817462,0.616977333,-0.690903445,-0.368624187,-0.454866906,-0.526505544,-0.718253444,2.024513751,0.000000000,0.000000000,0.000000000,1.000000000
2026-09-26T17:09:47.712,1790406587712195852,1790406587,518181000,1790406587518181000,0.097461968,0.931680728,0.329116667,-0.033309665,0.116778847,-1.069987779,0.015445375,0.058671638,-0.508060273,0.859182075,0.476864712,0.874845003,0.085124892,0.097461968,-0.871220080,0.483272068,-0.086158311,0.931680728,-0.116513585,-0.033076754,0.992638516,0.329116667,0.000000000,0.000000000,0.000000000,1.000000000,-0.806946094,0.585014144,0.081218542,-0.080837094,0.377183257,0.616253434,-0.691349763,-0.368800585,-0.454500596,-0.527247717,-0.717940842,2.025283971,0.000000000,0.000000000,0.000000000,1.000000000
2026-09-26T17:09:47.779,1790406587779092927,1790406587,586179000,1790406587586179000,0.096946356,0.931681452,0.331214838,-0.028837171,0.119112656,-1.068440151,0.017916063,0.058550726,-0.507475766,0.859487740,0.478080235,0.874436428,0.082463341,0.096946356,-0.870240333,0.484294394,-0.090223498,0.931681452,-0.118831180,-0.028628954,0.992502012,0.331214838,0.000000000,0.000000000,0.000000000,1.000000000,-0.805509788,0.586790585,0.082648597,-0.080871216,0.378603857,0.616907786,-0.689988336,-0.368884619,-0.455865222,-0.524501281,-0.719086438,2.026531477,0.000000000,0.000000000,0.000000000,1.000000000
2026-09-26T17:09:47.845,1790406587845403886,1790406587,654179000,1790406587654179000,0.096925697,0.927729608,0.331517833,-0.034011351,0.114342655,-1.069736847,0.014515751,0.057806322,-0.507985496,0.859301145,0.477218246,0.874703274,0.084598510,0.096925697,-0.871346764,0.483479727,-0.083676424,0.927729608,-0.114093642,-0.033782818,0.992895802,0.331517833,0.000000000,0.000000000,0.000000000,1.000000000,-0.806354406,0.585669016,0.082367326,-0.080582317,0.375821131,0.614933267,-0.693264419,-0.368034786,-0.456673898,-0.528061437,-0.715960941,2.021170248,0.000000000,0.000000000,0.000000000,1.000000000
2026-09-26T17:09:47.912,1790406587912201238,1790406587,718179000,1790406587718179000,0.097481208,0.930450907,0.330597782,-0.032978314,0.118403806,-1.068926278,0.015970389,0.059293198,-0.507578081,0.859414775,0.477697533,0.874334108,0.085702477,0.097481208,-0.870546265,0.484218547,-0.087642307,0.930450907,-0.118127322,-0.032741555,0.992458884,0.330597782,0.000000000,0.000000000,0.000000000,1.000000000,-0.805771751,0.586433807,0.082627329,-0.080768025,0.377601957,0.616215015,-0.691155422,-0.368564911,-0.456233106,-0.525713274,-0.717967204,2.024318096,0.000000000,0.000000000,0.000000000,1.000000000
2026-09-26T17:09:47.978,1790406587978868623,1790406587,786184000,1790406587786184000,0.096831833,0.934214742,0.328635156,-0.029596766,0.118950950,-1.067960051,0.017534393,0.058678250,-0.507250631,0.859619803,0.478507237,0.874143184,0.083093321,0.096831833,-0.870027532,0.484778355,-0.089675058,0.934214742,-0.118670617,-0.029383412,0.992499174,0.328635156,0.000000000,0.000000000,0.000000000,1.000000000,-0.805649105,0.586703882,0.081902839,-0.080976164,0.379253846,0.617038226,-0.689514574,-0.369327207,-0.455078060,-0.524444833,-0.719625998,2.028647069,0.000000000,0.000000000,0.000000000,1.000000000
2026-09-26T17:09:48.011,1790406588011973609,1790406587,854180000,1790406587854180000,0.096359262,0.929817990,0.330741169,-0.031543789,0.116537298,-1.068363384,0.016095205,0.058132469,-0.507419117,0.859585598,0.478292826,0.874211673,0.083605651,0.096359262,-0.870468955,0.484533237,-0.086665541,0.929817990,-0.116273678,-0.031324715,0.992723479,0.330741169,0.000000000,0.000000000,0.000000000,1.000000000,-0.805946039,0.586272502,0.082070307,-0.080725850,0.377676894,0.615968216,-0.691334449,-0.368377518,-0.455863077,-0.526182203,-0.717858722,2.023417453,0.000000000,0.000000000,0.000000000,1.000000000
2026-09-26T17:09:48.112,1790406588112053290,1790406587,918182000,1790406587918182000,0.097235702,0.928791282,0.331904119,-0.033828079,0.117881983,-1.069369459,0.015485498,0.059281455,-0.507754907,0.859320000,0.477341242,0.874483933,0.086157820,0.097235702,-0.870811821,0.483889976,-0.086814970,0.928791282,-0.117609136,-0.033586980,0.992492175,0.331904119,0.000000000,0.000000000,0.000000000,1.000000000,-0.806362925,0.585663456,0.082323444,-0.080663055,0.376700530,0.615913790,-0.691915395,-0.368316085,-0.455933706,-0.526923637,-0.717269779,2.022538289,0.000000000,0.000000000,0.000000000,1.000000000
2026-09-26T17:09:48.178,1790406588178659379,1790406587,986180000,1790406587986180000,0.097526741,0.930411433,0.330773932,-0.032567683,0.117871422,-1.069671098,0.016033238,0.058954508,-0.507921993,0.859233700,0.477079146,0.874737883,0.085024146,0.097526741,-0.870956855,0.483516038,-0.087441253,0.930411433,-0.117598649,-0.032336062,0.992534960,0.330773932,0.000000000,0.000000000,0.000000000,1.000000000,-0.806357305,0.585707985,0.082061282,-0.080808818,0.377442394,0.616451214,-0.691031938,-0.368587346,-0.455329700,-0.526245245,-0.718150963,2.024410768,0.000000000,0.000000000,0.000000000,1.000000000
2026-09-26T17:09:48.745,1790406588745650135,1790406588,518181000,1790406588518181000,0.096833264,0.932647633,0.329927939,-0.029440164,0.118256839,-1.068634438,0.017444804,0.058334623,-0.507559915,0.859462438,0.477959924,0.874492671,0.082564282,0.096833264,-0.870422025,0.484156892,-0.089203016,0.932647633,-0.117981383,-0.029230402,0.992585859,0.329927939,0.000000000,0.000000000,0.000000000,1.000000000,-0.806207493,0.585997178,0.081466468,-0.080893309,0.378716458,0.616943763,-0.689894367,-0.369017843,-0.454536382,-0.525345316,-0.719311460,2.027138344,0.000000000,0.000000000,0.000000000,1.000000000
2026-09-26T17:09:48.812,1790406588812008252,1790406588,586177000,1790406588586177000,0.097004571,0.932298746,0.330190497,-0.030110169,0.119173266,-1.068669841,0.017391185,0.058897744,-0.507535791,0.859439366,0.477876870,0.874441113,0.083584797,0.097004571,-0.870343805,0.484209605,-0.089678841,0.932298746,-0.118891360,-0.029892165,0.992457562,0.330190497,0.000000000,0.000000000,0.000000000,1.000000000,-0.805855547,0.586308555,0.082698949,-0.080783985,0.378202529,0.617146789,-0.689994701,-0.368876226,-0.455587187,-0.524759105,-0.719074542,2.026614209,0.000000000,0.000000000,0.000000000,1.000000000
