leg_time_ns,leg_ros_sec,leg_ros_nanosec,collection_wall_time_ns,frame_name,B_T00,B_T01,B_T02,B_T03,B_T10,B_T11,B_T12,B_T13,B_T20,B_T21,B_T22,B_T23,B_T30,B_T31,B_T32,B_T33
1790749323009686648,1790749323,9686648,1790749323057454691,FL_hip,1.000000000,-0.000000000,0.000000000,0.193400000,0.000000000,0.998726901,0.050443812,0.046500000,-0.000000000,-0.050443812,0.998726901,0.000000000,0.000000000,0.000000000,0.000000000,1.000000000
1790749323009686648,1790749323,9686648,1790749323057454691,FL_thigh,0.745110113,0.000000000,0.666941467,0.193400000,-0.033643070,0.998726901,0.037586195,0.141878419,-0.666092384,-0.050443812,0.744161513,-0.004817384,0.000000000,0.000000000,0.000000000,1.000000000
1790749323009686648,1790749323,9686648,1790749323057454691,FL_calf,0.736317059,0.000000000,-0.676636674,0.051341468,0.034132133,0.998726901,0.037142640,0.133872560,0.675775248,-0.050443812,0.735379655,-0.163323786,0.000000000,0.000000000,0.000000000,1.000000000
1790749323009686648,1790749323,9686648,1790749323057454691,FL_calflower,0.769214594,0.000000000,-0.638990539,0.166210036,0.032233119,0.998726901,0.038802117,0.129058092,0.638177040,-0.050443812,0.768235307,-0.258644470,0.000000000,0.000000000,0.000000000,1.000000000
1790749323009686648,1790749323,9686648,1790749323057454691,FL_calflower1,0.977361963,-0.000000000,-0.211574083,0.184077512,0.010672603,0.998726901,0.049301863,0.127183676,0.211304728,-0.050443812,0.976117684,-0.295755653,0.000000000,0.000000000,0.000000000,1.000000000
1790749323009686648,1790749323,9686648,1790749323057454691,FL_foot,0.736317059,0.000000000,-0.676636674,0.195465079,0.034132133,0.998726901,0.037142640,0.125961177,0.675775248,-0.050443812,0.735379655,-0.319959653,0.000000000,0.000000000,0.000000000,1.000000000
1790749323009686648,1790749323,9686648,1790749323057454691,FR_hip,1.000000000,0.000000000,0.000000000,0.193400000,0.000000000,0.997968209,-0.063713846,-0.046500000,0.000000000,0.063713846,0.997968209,0.000000000,0.000000000,0.000000000,0.000000000,1.000000000
1790749323009686648,1790749323,9686648,1790749323057454691,FR_thigh,0.700946312,0.000000000,0.713214041,0.193400000,0.045441610,0.997968209,-0.044659985,-0.141805964,-0.711764939,0.063713846,0.699522135,-0.006084672,0.000000000,0.000000000,0.000000000,1.000000000
1790749323009686648,1790749323,9686648,1790749323057454691,FR_calf,0.764161619,0.000000000,-0.645024822,0.041485409,-0.041097012,0.997968209,-0.048687676,-0.132293387,0.643714266,0.063713846,0.762609002,-0.155082887,0.000000000,0.000000000,0.000000000,1.000000000
1790749323009686648,1790749323,9686648,1790749323057454691,FR_calflower,0.795444420,-0.000000000,-0.606026546,0.152232315,-0.038612282,0.997968209,-0.050680823,-0.125909551,0.604795226,0.063713846,0.793828243,-0.255074734,0.000000000,0.000000000,0.000000000,1.000000000
1790749323009686648,1790749323,9686648,1790749323057454691,FR_calflower1,0.985405601,-0.000000000,-0.170222801,0.168518933,-0.010845549,0.997968209,-0.062783981,-0.123496196,0.169876943,0.063713846,0.983403462,-0.292875816,0.000000000,0.000000000,0.000000000,1.000000000
1790749323009686648,1790749323,9686648,1790749323057454691,FR_foot,0.764161619,0.000000000,-0.645024822,0.178875696,-0.041097012,0.997968209,-0.048687676,-0.121922912,0.643714266,0.063713846,0.762609002,-0.317518604,0.000000000,0.000000000,0.000000000,1.000000000
1790749323009686648,1790749323,9686648,1790749323057454691,RL_hip,1.000000000,-0.000000000,0.000000000,-0.193400000,0.000000000,0.986715119,0.162460066,0.046500000,-0.000000000,-0.162460066,0.986715119,0.000000000,0.000000000,0.000000000,0.000000000,1.000000000
1790749323009686648,1790749323,9686648,1790749323057454691,RL_thigh,0.658146264,0.000000000,0.752890095,-0.193400000,-0.122314574,0.986715119,0.106922485,0.140731294,-0.742888040,-0.162460066,0.649402870,-0.015514936,0.000000000,0.000000000,0.000000000,1.000000000
1790749323009686648,1790749323,9686648,1790749323057454691,RL_calf,0.804053181,0.000000000,-0.594557383,-0.353765590,0.096591832,0.986715119,0.130626533,0.117956805,0.586658759,-0.162460066,0.793371431,-0.153837748,0.000000000,0.000000000,0.000000000,1.000000000
1790749323009686648,1790749323,9686648,1790749323057454691,RL_calflower,0.832763808,0.000000000,-0.553628431,-0.249690034,0.089942511,0.986715119,0.135290863,0.100555914,0.546273544,-0.162460066,0.821700640,-0.259523544,0.000000000,0.000000000,0.000000000,1.000000000
1790749323009686648,1790749323,9686648,1790749323057454691,RL_calflower1,0.994311350,-0.000000000,-0.106512623,-0.235872535,0.017304048,0.986715119,0.161535887,0.094244855,0.105097615,-0.162460066,0.981102043,-0.297854305,0.000000000,0.000000000,0.000000000,1.000000000
1790749323009686648,1790749323,9686648,1790749323057454691,RL_foot,0.804053181,0.000000000,-0.594557383,-0.227124868,0.096591832,0.986715119,0.130626533,0.090133353,0.586658759,-0.162460066,0.793371431,-0.322825862,0.000000000,0.000000000,0.000000000,1.000000000
1790749323009686648,1790749323,9686648,1790749323057454691,RR_hip,1.000000000,0.000000000,0.000000000,-0.193400000,0.000000000,0.987784809,-0.155824170,-0.046500000,0.000000000,0.155824170,0.987784809,0.000000000,0.000000000,0.000000000,0.000000000,1.000000000
1790749323009686648,1790749323,9686648,1790749323057454691,RR_thigh,0.726332606,0.000000000,0.687343397,-0.193400000,0.107104714,0.987784809,-0.113180175,-0.140833449,-0.678947366,0.155824170,0.717460314,-0.014881208,0.000000000,0.000000000,0.000000000,1.000000000
1790749323009686648,1790749323,9686648,1790749323057454691,RR_calf,0.746328522,-0.000000000,-0.665577747,-0.339804144,-0.103713100,0.987784809,-0.116296022,-0.116726072,0.657447587,0.155824170,0.737211976,-0.167700255,0.000000000,0.000000000,0.000000000,1.000000000
1790749323009686648,1790749323,9686648,1790749323057454691,RR_calflower,0.778660829,-0.000000000,-0.627445068,-0.226372067,-0.097771107,0.987784809,-0.121334177,-0.101588523,0.619780707,0.155824170,0.769149338,-0.263658676,0.000000000,0.000000000,0.000000000,1.000000000
1790749323009686648,1790749323,9686648,1790749323057454691,RR_calflower1,0.980409268,0.000000000,-0.196971234,-0.209060872,-0.030692879,0.987784809,-0.152771460,-0.095757444,0.194565193,0.155824170,0.968433381,-0.300622456,0.000000000,0.000000000,0.000000000,1.000000000
1790749323009686648,1790749323,9686648,1790749323057454691,RR_foot,0.746328522,-0.000000000,-0.665577747,-0.198036084,-0.103713100,0.987784809,-0.116296022,-0.091955019,0.657447587,0.155824170,0.737211976,-0.324726406,0.000000000,0.000000000,0.000000000,1.000000000
1790749323065404920,1790749323,65404920,1790749323090275405,FL_hip,1.000000000,-0.000000000,0.000000000,0.193400000,0.000000000,0.998726901,0.050443812,0.046500000,-0.000000000,-0.050443812,0.998726901,0.000000000,0.000000000,0.000000000,0.000000000,1.000000000
1790749323065404920,1790749323,65404920,1790749323090275405,FL_thigh,0.745110113,0.000000000,0.666941467,0.193400000,-0.033643070,0.998726901,0.037586195,0.141878419,-0.666092384,-0.050443812,0.744161513,-0.004817384,0.000000000,0.000000000,0.000000000,1.000000000
1790749323065404920,1790749323,65404920,1790749323090275405,FL_calf,0.736317059,0.000000000,-0.676636674,0.051341468,0.034132133,0.998726901,0.037142640,0.133872560,0.675775248,-0.050443812,0.735379655,-0.163323786,0.000000000,0.000000000,0.000000000,1.000000000
1790749323065404920,1790749323,65404920,1790749323090275405,FL_calflower,0.769214594,0.000000000,-0.638990539,0.166210036,0.032233119,0.998726901,0.038802117,0.129058092,0.638177040,-0.050443812,0.768235307,-0.258644470,0.000000000,0.000000000,0.000000000,1.000000000
1790749323065404920,1790749323,65404920,1790749323090275405,FL_calflower1,0.977361963,-0.000000000,-0.211574083,0.184077512,0.010672603,0.998726901,0.049301863,0.127183676,0.211304728,-0.050443812,0.976117684,-0.295755653,0.000000000,0.000000000,0.000000000,1.000000000
1790749323065404920,1790749323,65404920,1790749323090275405,FL_foot,0.736317059,0.000000000,-0.676636674,0.195465079,0.034132133,0.998726901,0.037142640,0.125961177,0.675775248,-0.050443812,0.735379655,-0.319959653,0.000000000,0.000000000,0.000000000,1.000000000
1790749323065404920,1790749323,65404920,1790749323090275405,FR_hip,1.000000000,0.000000000,0.000000000,0.193400000,0.000000000,0.997964349,-0.063774281,-0.046500000,0.000000000,0.063774281,0.997964349,0.000000000,0.000000000,0.000000000,0.000000000,1.000000000
1790749323065404920,1790749323,65404920,1790749323090275405,FR_thigh,0.700967907,0.000000000,0.713192816,0.193400000,0.045483359,0.997964349,-0.044703724,-0.141805595,-0.711741004,0.063774281,0.699540981,-0.006090444,0.000000000,0.000000000,0.000000000,1.000000000
1790749323065404920,1790749323,65404920,1790749323090275405,FR_calf,0.764131860,-0.000000000,-0.645060075,0.041489930,-0.041138243,0.997964349,-0.048731960,-0.132283702,0.643746957,0.063774281,0.762576354,-0.155092673,0.000000000,0.000000000,0.000000000,1.000000000
1790749323065404920,1790749323,65404920,1790749323090275405,FR_calflower,0.795416461,0.000000000,-0.606063242,0.152241458,-0.038651248,0.997964349,-0.050727113,-0.125894137,0.604829509,0.063774281,0.793797270,-0.255079034,0.000000000,0.000000000,0.000000000,1.000000000
1790749323065404920,1790749323,65404920,1790749323090275405,FR_calflower1,0.985397747,0.000000000,-0.170268261,0.168529823,-0.010858736,0.997964349,-0.062843033,-0.123478540,0.169921654,0.063774281,0.983391820,-0.292879220,0.000000000,0.000000000,0.000000000,1.000000000
1790749323065404920,1790749323,65404920,1790749323090275405,FR_foot,0.764131860,-0.000000000,-0.645060075,0.178887726,-0.041138243,0.997964349,-0.048731960,-0.121903795,0.643746957,0.063774281,0.762576354,-0.317521436,0.000000000,0.000000000,0.000000000,1.000000000
1790749323065404920,1790749323,65404920,1790749323090275405,RL_hip,1.000000000,-0.000000000,0.000000000,-0.193400000,0.000000000,0.986715119,0.162460066,0.046500000,-0.000000000,-0.162460066,0.986715119,0.000000000,0.000000000,0.000000000,0.000000000,1.000000000
1790749323065404920,1790749323,65404920,1790749323090275405,RL_thigh,0.658191857,-0.000000000,0.752850237,-0.193400000,-0.122308099,0.986715119,0.106929892,0.140731294,-0.742848712,-0.162460066,0.649447857,-0.015514936,0.000000000,0.000000000,0.000000000,1.000000000
1790749323065404920,1790749323,65404920,1790749323090275405,RL_calf,0.804017174,0.000000000,-0.594606074,-0.353757101,0.096599742,0.986715119,0.130620683,0.117955227,0.586706804,-0.162460066,0.793335902,-0.153847330,0.000000000,0.000000000,0.000000000,1.000000000
1790749323065404920,1790749323,65404920,1790749323090275405,RL_calflower,0.832730280,0.000000000,-0.553678861,-0.249675058,0.089950704,0.986715119,0.135285416,0.100555361,0.546323303,-0.162460066,0.821667558,-0.259526907,0.000000000,0.000000000,0.000000000,1.000000000
1790749323065404920,1790749323,65404920,1790749323090275405,RL_calflower1,0.994304898,-0.000000000,-0.106572836,-0.235855206,0.017313830,0.986715119,0.161534839,0.094244437,0.105157029,-0.162460066,0.981095676,-0.297856843,0.000000000,0.000000000,0.000000000,1.000000000
1790749323065404920,1790749323,65404920,1790749323090275405,RL_foot,0.804017174,0.000000000,-0.594606074,-0.227106007,0.096599742,0.986715119,0.130620683,0.090133021,0.586706804,-0.162460066,0.793335902,-0.322827877,0.000000000,0.000000000,0.000000000,1.000000000
1790749323065404920,1790749323,65404920,1790749323090275405,RR_hip,1.000000000,0.000000000,0.000000000,-0.193400000,0.000000000,0.987784809,-0.155824170,-0.046500000,0.000000000,0.155824170,0.987784809,0.000000000,0.000000000,0.000000000,0.000000000,1.000000000
1790749323065404920,1790749323,65404920,1790749323090275405,RR_thigh,0.726332606,0.000000000,0.687343397,-0.193400000,0.107104714,0.987784809,-0.113180175,-0.140833449,-0.678947366,0.155824170,0.717460314,-0.014881208,0.000000000,0.000000000,0.000000000,1.000000000
1790749323065404920,1790749323,65404920,1790749323090275405,RR_calf,0.746328522,-0.000000000,-0.665577747,-0.339804144,-0.103713100,0.987784809,-0.116296022,-0.116726072,0.657447587,0.155824170,0.737211976,-0.167700255,0.000000000,0.000000000,0.000000000,1.000000000
1790749323065404920,1790749323,65404920,1790749323090275405,RR_calflower,0.778660829,-0.000000000,-0.627445068,-0.226372067,-0.097771107,0.987784809,-0.121334177,-0.101588523,0.619780707,0.155824170,0.769149338,-0.263658676,0.000000000,0.000000000,0.000000000,1.000000000
1790749323065404920,1790749323,65404920,1790749323090275405,RR_calflower1,0.980409268,0.000000000,-0.196971234,-0.209060872,-0.030692879,0.987784809,-0.152771460,-0.095757444,0.194565193,0.155824170,0.968433381,-0.300622456,0.000000000,0.000000000,0.000000000,1.000000000
1790749323065404920,1790749323,65404920,1790749323090275405,RR_foot,0.746328522,-0.000000000,-0.665577747,-0.198036084,-0.103713100,0.987784809,-0.116296022,-0.091955019,0.657447587,0.155824170,0.737211976,-0.324726406,0.000000000,0.000000000,0.000000000,1.000000000
1790749323187703715,1790749323,187703715,1790749323246657811,FL_hip,1.000000000,-0.000000000,0.000000000,0.193400000,0.000000000,0.998726901,0.050443812,0.046500000,-0.000000000,-0.050443812,0.998726901,0.000000000,0.000000000,0.000000000,0.000000000,1.000000000
1790749323187703715,1790749323,187703715,1790749323246657811,FL_thigh,0.745150500,-0.000000000,0.666896343,0.193400000,-0.033640794,0.998726901,0.037588232,0.141878419,-0.666047317,-0.050443812,0.744201850,-0.004817384,0.000000000,0.000000000,0.000000000,1.000000000
1790749323187703715,1790749323,187703715,1790749323246657811,FL_calf,0.736286811,-0.000000000,-0.676669589,0.051351079,0.034133794,0.998726901,0.037141114,0.133872126,0.675808121,-0.050443812,0.735349444,-0.163332378,0.000000000,0.000000000,0.000000000,1.000000000
1790749323187703715,1790749323,187703715,1790749323246657811,FL_calflower,0.769186028,-0.000000000,-0.639024925,0.166223914,0.032234853,0.998726901,0.038800676,0.129057917,0.638211383,-0.050443812,0.768206777,-0.258647933,0.000000000,0.000000000,0.000000000,1.000000000
1790749323187703715,1790749323,187703715,1790749323246657811,FL_calflower1,0.977352504,-0.000000000,-0.211617774,0.184093051,0.010674807,0.998726901,0.049301386,0.127183541,0.211348364,-0.050443812,0.976108237,-0.295758318,0.000000000,0.000000000,0.000000000,1.000000000
1790749323187703715,1790749323,187703715,1790749323246657811,FL_foot,0.736286811,-0.000000000,-0.676669589,0.195481701,0.034133794,0.998726901,0.037141114,0.125961068,0.675808121,-0.050443812,0.735349444,-0.319961810,0.000000000,0.000000000,0.000000000,1.000000000
1790749323187703715,1790749323,187703715,1790749323246657811,FR_hip,1.000000000,0.000000000,0.000000000,0.193400000,0.000000000,0.997966279,-0.063744064,-0.046500000,0.000000000,0.063744064,0.997966279,0.000000000,0.000000000,0.000000000,0.000000000,1.000000000
1790749323187703715,1790749323,187703715,1790749323246657811,FR_thigh,0.700989502,0.000000000,0.713171591,0.193400000,0.045460455,0.997966279,-0.044683919,-0.141805780,-0.711721199,0.063744064,0.699563885,-0.006087558,0.000000000,0.000000000,0.000000000,1.000000000
1790749323187703715,1790749323,187703715,1790749323246657811,FR_calf,0.764112328,0.000000000,-0.645083212,0.041494451,-0.041120225,0.997966279,-0.048707625,-0.132288105,0.643771293,0.063744064,0.762558337,-0.155094666,0.000000000,0.000000000,0.000000000,1.000000000
1790749323187703715,1790749323,187703715,1790749323246657811,FR_calflower,0.795398110,-0.000000000,-0.606087326,0.152249013,-0.038634469,0.997966279,-0.050701908,-0.125901781,0.604854714,0.063744064,0.793780492,-0.255077874,0.000000000,0.000000000,0.000000000,1.000000000
1790749323187703715,1790749323,187703715,1790749323246657811,FR_calflower1,0.985392591,0.000000000,-0.170298098,0.168538525,-0.010855493,0.997966279,-0.062812928,-0.123487360,0.169951759,0.063744064,0.983388577,-0.292877640,0.000000000,0.000000000,0.000000000,1.000000000
1790749323187703715,1790749323,187703715,1790749323246657811,FR_foot,0.764112328,0.000000000,-0.645083212,0.178897175,-0.041120225,0.997966279,-0.048707625,-0.121913381,0.643771293,0.063744064,0.762558337,-0.317519591,0.000000000,0.000000000,0.000000000,1.000000000
1790749323187703715,1790749323,187703715,1790749323246657811,RL_hip,1.000000000,-0.000000000,0.000000000,-0.193400000,0.000000000,0.986715119,0.162460066,0.046500000,-0.000000000,-0.162460066,0.986715119,0.000000000,0.000000000,0.000000000,0.000000000,1.000000000
1790749323187703715,1790749323,187703715,1790749323246657811,RL_thigh,0.658191857,-0.000000000,0.752850237,-0.193400000,-0.122308099,0.986715119,0.106929892,0.140731294,-0.742848712,-0.162460066,0.649447857,-0.015514936,0.000000000,0.000000000,0.000000000,1.000000000
1790749323187703715,1790749323,187703715,1790749323246657811,RL_calf,0.804017174,0.000000000,-0.594606074,-0.353757101,0.096599742,0.986715119,0.130620683,0.117955227,0.586706804,-0.162460066,0.793335902,-0.153847330,0.000000000,0.000000000,0.000000000,1.000000000
1790749323187703715,1790749323,187703715,1790749323246657811,RL_calflower,0.832730280,0.000000000,-0.553678861,-0.249675058,0.089950704,0.986715119,0.135285416,0.100555361,0.546323303,-0.162460066,0.821667558,-0.259526907,0.000000000,0.000000000,0.000000000,1.000000000
1790749323187703715,1790749323,187703715,1790749323246657811,RL_calflower1,0.994304898,-0.000000000,-0.106572836,-0.235855206,0.017313830,0.986715119,0.161534839,0.094244437,0.105157029,-0.162460066,0.981095676,-0.297856843,0.000000000,0.000000000,0.000000000,1.000000000
1790749323187703715,1790749323,187703715,1790749323246657811,RL_foot,0.804017174,0.000000000,-0.594606074,-0.227106007,0.096599742,0.986715119,0.130620683,0.090133021,0.586706804,-0.162460066,0.793335902,-0.322827877,0.000000000,0.000000000,0.000000000,1.000000000
1790749323187703715,1790749323,187703715,1790749323246657811,RR_hip,1.000000000,0.000000000,0.000000000,-0.193400000,0.000000000,0.987780090,-0.155854079,-0.046500000,0.000000000,0.155854079,0.987780090,0.000000000,0.000000000,0.000000000,0.000000000,1.000000000
1790749323187703715,1790749323,187703715,1790749323246657811,RR_thigh,0.726332606,0.000000000,0.687343397,-0.193400000,0.107125272,0.987780090,-0.113201899,-0.140832999,-0.678944123,0.155854079,0.717456886,-0.014884065,0.000000000,0.000000000,0.000000000,1.000000000
1790749323187703715,1790749323,187703715,1790749323246657811,RR_calf,0.746307496,-0.000000000,-0.665601323,-0.339804144,-0.103736681,0.987780090,-0.116315068,-0.116720994,0.657467735,0.155854079,0.737187685,-0.167702381,0.000000000,0.000000000,0.000000000,1.000000000
1790749323187703715,1790749323,187703715,1790749323246657811,RR_calflower,0.778641007,0.000000000,-0.627469666,-0.226368998,-0.097793707,0.987780090,-0.121354377,-0.101581098,0.619802043,0.155854079,0.769126084,-0.263656804,0.000000000,0.000000000,0.000000000,1.000000000
1790749323187703715,1790749323,187703715,1790749323246657811,RR_calflower1,0.980403045,-0.000000000,-0.197002206,-0.209056621,-0.030703597,0.987780090,-0.152799814,-0.095748985,0.194594857,0.155854079,0.968422608,-0.300619868,0.000000000,0.000000000,0.000000000,1.000000000
1790749323187703715,1790749323,187703715,1790749323246657811,RR_foot,0.746307496,-0.000000000,-0.665601323,-0.198031062,-0.103736681,0.987780090,-0.116315068,-0.091945885,0.657467735,0.155854079,0.737187685,-0.324723358,0.000000000,0.000000000,0.000000000,1.000000000
1790749323197782739,1790749323,197782739,1790749323256975224,FL_hip,1.000000000,-0.000000000,0.000000000,0.193400000,0.000000000,0.998723844,0.050504290,0.046500000,-0.000000000,-0.050504290,0.998723844,0.000000000,0.000000000,0.000000000,0.000000000,1.000000000
1790749323197782739,1790749323,197782739,1790749323256975224,FL_thigh,0.745211076,-0.000000000,0.666828652,0.193400000,-0.033677707,0.998723844,0.037636356,0.141878127,-0.665977675,-0.050504290,0.744260071,-0.004823160,0.000000000,0.000000000,0.000000000,1.000000000
1790749323197782739,1790749323,197782739,1790749323256975224,FL_calf,0.736193313,-0.000000000,-0.676771310,0.051365497,0.034179854,0.998723844,0.037180920,0.133861583,0.675907645,-0.050504290,0.735253815,-0.163350555,0.000000000,0.000000000,0.000000000,1.000000000
1790749323197782739,1790749323,197782739,1790749323256975224,FL_calflower,0.769097731,-0.000000000,-0.639131192,0.166251517,0.032278867,0.998723844,0.038842735,0.129042404,0.638315561,-0.050504290,0.768116242,-0.258649967,0.000000000,0.000000000,0.000000000,1.000000000
1790749323197782739,1790749323,197782739,1790749323256975224,FL_calflower1,0.977323257,0.000000000,-0.211752807,0.184125788,0.010694425,0.998723844,0.049359017,0.127165906,0.211482577,-0.050504290,0.976076040,-0.295757772,0.000000000,0.000000000,0.000000000,1.000000000
1790749323197782739,1790749323,197782739,1790749323256975224,FL_foot,0.736193313,-0.000000000,-0.676771310,0.195517786,0.034179854,0.998723844,0.037180920,0.125942047,0.675907645,-0.050504290,0.735253815,-0.319959617,0.000000000,0.000000000,0.000000000,1.000000000
1790749323197782739,1790749323,197782739,1790749323256975224,FR_hip,1.000000000,0.000000000,0.000000000,0.193400000,0.000000000,0.997968209,-0.063713846,-0.046500000,0.000000000,0.063713846,0.997968209,0.000000000,0.000000000,0.000000000,0.000000000,1.000000000
1790749323197782739,1790749323,197782739,1790749323256975224,FR_thigh,0.701011096,-0.000000000,0.713150366,0.193400000,0.045437553,0.997968209,-0.044664113,-0.141805964,-0.711701393,0.063713846,0.699586787,-0.006084672,0.000000000,0.000000000,0.000000000,1.000000000
1790749323197782739,1790749323,197782739,1790749323256975224,FR_calf,0.764092795,0.000000000,-0.645106348,0.041498972,-0.041102207,0.997968209,-0.048683291,-0.132292508,0.643795627,0.063713846,0.762540318,-0.155096658,0.000000000,0.000000000,0.000000000,1.000000000
1790749323197782739,1790749323,197782739,1790749323256975224,FR_calflower,0.795379757,-0.000000000,-0.606111410,0.152256568,-0.038617689,0.997968209,-0.050676703,-0.125909425,0.604879918,0.063713846,0.793763712,-0.255076713,0.000000000,0.000000000,0.000000000,1.000000000
1790749323197782739,1790749323,197782739,1790749323256975224,FR_calflower1,0.985387434,-0.000000000,-0.170327935,0.168547226,-0.010852248,0.997968209,-0.062782823,-0.123496180,0.169981864,0.063713846,0.983385332,-0.292876060,0.000000000,0.000000000,0.000000000,1.000000000
1790749323197782739,1790749323,197782739,1790749323256975224,FR_foot,0.764092795,0.000000000,-0.645106348,0.178906624,-0.041102207,0.997968209,-0.048683291,-0.121922967,0.643795627,0.063713846,0.762540318,-0.317517746,0.000000000,0.000000000,0.000000000,1.000000000
1790749323197782739,1790749323,197782739,1790749323256975224,RL_hip,1.000000000,-0.000000000,0.000000000,-0.193400000,0.000000000,0.986720038,0.162430189,0.046500000,-0.000000000,-0.162430189,0.986720038,0.000000000,0.000000000,0.000000000,0.000000000,1.000000000
1790749323197782739,1790749323,197782739,1790749323256975224,RL_thigh,0.658260241,-0.000000000,0.752790446,-0.193400000,-0.122275894,0.986720038,0.106921335,0.140731764,-0.742793417,-0.162430189,0.649518570,-0.015512083,0.000000000,0.000000000,0.000000000,1.000000000
1790749323197782739,1790749323,197782739,1790749323256975224,RL_calf,0.803963158,0.000000000,-0.594679107,-0.353744365,0.096593840,0.986720038,0.130587888,0.117957519,0.586781791,-0.162430189,0.793286558,-0.153859538,0.000000000,0.000000000,0.000000000,1.000000000
1790749323197782739,1790749323,197782739,1790749323256975224,RL_calflower,0.832679982,0.000000000,-0.553754502,-0.249652594,0.089946448,0.986720038,0.135252367,0.100562389,0.546400663,-0.162430189,0.821622023,-0.259530313,0.000000000,0.000000000,0.000000000,1.000000000
1790749323197782739,1790749323,197782739,1790749323256975224,RL_calflower1,0.994295213,0.000000000,-0.106663156,-0.235829214,0.017325317,0.986720038,0.161503559,0.094252830,0.105246674,-0.162430189,0.981091011,-0.297859201,0.000000000,0.000000000,0.000000000,1.000000000
1790749323197782739,1790749323,197782739,1790749323256975224,RL_foot,0.803963158,0.000000000,-0.594679107,-0.227077715,0.096593840,0.986720038,0.130587888,0.090142299,0.586781791,-0.162430189,0.793286558,-0.322829575,0.000000000,0.000000000,0.000000000,1.000000000
1790749323197782739,1790749323,197782739,1790749323256975224,RR_hip,1.000000000,0.000000000,0.000000000,-0.193400000,0.000000000,0.987784809,-0.155824170,-0.046500000,0.000000000,0.155824170,0.987784809,0.000000000,0.000000000,0.000000000,0.000000000,1.000000000
1790749323197782739,1790749323,197782739,1790749323256975224,RR_thigh,0.726374229,0.000000000,0.687299411,-0.193400000,0.107097860,0.987784809,-0.113186661,-0.140833449,-0.678903917,0.155824170,0.717501428,-0.014881208,0.000000000,0.000000000,0.000000000,1.000000000
1790749323197782739,1790749323,197782739,1790749323256975224,RR_calf,0.746288214,-0.000000000,-0.665622942,-0.339794774,-0.103720142,0.987784809,-0.116289742,-0.116724690,0.657492230,0.155824170,0.737172161,-0.167709012,0.000000000,0.000000000,0.000000000,1.000000000
1790749323197782739,1790749323,197782739,1790749323256975224,RR_calflower,0.778622830,-0.000000000,-0.627492222,-0.226356815,-0.097778455,0.987784809,-0.121328256,-0.101588211,0.619827284,0.155824170,0.769111803,-0.263660648,0.000000000,0.000000000,0.000000000,1.000000000
1790749323197782739,1790749323,197782739,1790749323256975224,RR_calflower1,0.980397338,0.000000000,-0.197030606,-0.209043354,-0.030702131,0.987784809,-0.152769601,-0.095757297,0.194623839,0.155824170,0.968421597,-0.300623393,0.000000000,0.000000000,0.000000000,1.000000000
1790749323197782739,1790749323,197782739,1790749323256975224,RR_foot,0.746288214,-0.000000000,-0.665622942,-0.198017088,-0.103720142,0.987784809,-0.116289742,-0.091954975,0.657492230,0.155824170,0.737172161,-0.324726683,0.000000000,0.000000000,0.000000000,1.000000000
1790749323261082595,1790749323,261082595,1790749323290255792,FL_hip,1.000000000,-0.000000000,0.000000000,0.193400000,0.000000000,0.998723844,0.050504290,0.046500000,-0.000000000,-0.050504290,0.998723844,0.000000000,0.000000000,0.000000000,0.000000000,1.000000000
1790749323261082595,1790749323,261082595,1790749323290255792,FL_thigh,0.745190885,0.000000000,0.666851216,0.193400000,-0.033678847,0.998723844,0.037635336,0.141878127,-0.666000210,-0.050504290,0.744239905,-0.004823160,0.000000000,0.000000000,0.000000000,1.000000000
1790749323261082595,1790749323,261082595,1790749323290255792,FL_calf,0.736224453,0.000000000,-0.676737434,0.051360691,0.034178143,0.998723844,0.037182493,0.133861800,0.675873811,-0.050504290,0.735284916,-0.163346259,0.000000000,0.000000000,0.000000000,1.000000000
1790749323261082595,1790749323,261082595,1790749323290255792,FL_calflower,0.769127139,-0.000000000,-0.639095802,0.166242320,0.032277080,0.998723844,0.038844220,0.129042354,0.638280216,-0.050504290,0.768145613,-0.258650951,0.000000000,0.000000000,0.000000000,1.000000000
1790749323261082595,1790749323,261082595,1790749323290255792,FL_calflower1,0.977333000,0.000000000,-0.211707835,0.184114881,0.010692154,0.998723844,0.049359509,0.127165815,0.211437663,-0.050504290,0.976085771,-0.295759578,0.000000000,0.000000000,0.000000000,1.000000000
1790749323261082595,1790749323,261082595,1790749323290255792,FL_foot,0.736224453,0.000000000,-0.676737434,0.195505764,0.034178143,0.998723844,0.037182493,0.125941929,0.675873811,-0.050504290,0.735284916,-0.319961947,0.000000000,0.000000000,0.000000000,1.000000000
1790749323261082595,1790749323,261082595,1790749323290255792,FR_hip,1.000000000,0.000000000,0.000000000,0.193400000,0.000000000,0.997970138,-0.063683628,-0.046500000,0.000000000,0.063683628,0.997970138,0.000000000,0.000000000,0.000000000,0.000000000,1.000000000
1790749323261082595,1790749323,261082595,1790749323290255792,FR_thigh,0.701011096,0.000000000,0.713150366,0.193400000,0.045416003,0.997970138,-0.044642930,-0.141806148,-0.711702768,0.063683628,0.699588139,-0.006081787,0.000000000,0.000000000,0.000000000,1.000000000
1790749323261082595,1790749323,261082595,1790749323290255792,FR_calf,0.764082644,0.000000000,-0.645118372,0.041498972,-0.041083479,0.997970138,-0.048659555,-0.132297204,0.643808870,0.063683628,0.762531661,-0.155094060,0.000000000,0.000000000,0.000000000,1.000000000
1790749323261082595,1790749323,261082595,1790749323290255792,FR_calflower,0.795370220,-0.000000000,-0.606123926,0.152258144,-0.038600171,0.997970138,-0.050652061,-0.125917259,0.604893578,0.063683628,0.793755728,-0.255072569,0.000000000,0.000000000,0.000000000,1.000000000
1790749323261082595,1790749323,261082595,1790749323290255792,FR_calflower1,0.985384753,-0.000000000,-0.170343441,0.168549399,-0.010848088,0.997970138,-0.062752876,-0.123505175,0.169997667,0.063683628,0.983384558,-0.292871734,0.000000000,0.000000000,0.000000000,1.000000000
1790749323261082595,1790749323,261082595,1790749323290255792,FR_foot,0.764082644,0.000000000,-0.645118372,0.178909185,-0.041083479,0.997970138,-0.048659555,-0.121932719,0.643808870,0.063683628,0.762531661,-0.317513304,0.000000000,0.000000000,0.000000000,1.000000000
1790749323261082595,1790749323,261082595,1790749323290255792,RL_hip,1.000000000,-0.000000000,0.000000000,-0.193400000,0.000000000,0.986710200,0.162489943,0.046500000,-0.000000000,-0.162489943,0.986710200,0.000000000,0.000000000,0.000000000,0.000000000,1.000000000
1790749323261082595,1790749323,261082595,1790749323290255792,RL_thigh,0.658214652,-0.000000000,0.752830307,-0.193400000,-0.122327353,0.986710200,0.106953261,0.140730824,-0.742825343,-0.162489943,0.649467111,-0.015517790,0.000000000,0.000000000,0.000000000,1.000000000
1790749323261082595,1790749323,261082595,1790749323290255792,RL_calf,0.803999170,0.000000000,-0.594630419,-0.353752855,0.096621463,0.986710200,0.130641779,0.117949779,0.586727899,-0.162489943,0.793314182,-0.153854284,0.000000000,0.000000000,0.000000000,1.000000000
1790749323261082595,1790749323,261082595,1790749323290255792,RL_calflower,0.832713515,0.000000000,-0.553704075,-0.249667570,0.089971343,0.986710200,0.135307571,0.100547225,0.546345459,-0.162489943,0.821646918,-0.259530225,0.000000000,0.000000000,0.000000000,1.000000000
1790749323261082595,1790749323,261082595,1790749323290255792,RL_calflower1,0.994301671,0.000000000,-0.106602943,-0.235846542,0.017321906,0.986710200,0.161564021,0.094235209,0.105186211,-0.162489943,0.981087600,-0.297859556,0.000000000,0.000000000,0.000000000,1.000000000
1790749323261082595,1790749323,261082595,1790749323290255792,RL_foot,0.803999170,0.000000000,-0.594630419,-0.227096576,0.096621463,0.986710200,0.130641779,0.090123081,0.586727899,-0.162489943,0.793314182,-0.322830205,0.000000000,0.000000000,0.000000000,1.000000000
1790749323261082595,1790749323,261082595,1790749323290255792,RR_hip,1.000000000,0.000000000,0.000000000,-0.193400000,0.000000000,0.987780090,-0.155854079,-0.046500000,0.000000000,0.155854079,0.987780090,0.000000000,0.000000000,0.000000000,0.000000000,1.000000000
1790749323261082595,1790749323,261082595,1790749323290255792,RR_thigh,0.726374229,-0.000000000,0.687299411,-0.193400000,0.107118417,0.987780090,-0.113208387,-0.140832999,-0.678900674,0.155854079,0.717498001,-0.014884065,0.000000000,0.000000000,0.000000000,1.000000000
1790749323261082595,1790749323,261082595,1790749323290255792,RR_calf,0.746288214,-0.000000000,-0.665622942,-0.339794774,-0.103740051,0.987780090,-0.116312062,-0.116719612,0.657489089,0.155854079,0.737168640,-0.167711139,0.000000000,0.000000000,0.000000000,1.000000000
1790749323261082595,1790749323,261082595,1790749323290255792,RR_calflower,0.778622830,0.000000000,-0.627492222,-0.226356815,-0.097797222,0.987780090,-0.121351544,-0.101580228,0.619824323,0.155854079,0.769108129,-0.263662316,0.000000000,0.000000000,0.000000000,1.000000000
1790749323261082595,1790749323,261082595,1790749323290255792,RR_calflower1,0.980397338,0.000000000,-0.197030606,-0.209043354,-0.030708024,0.987780090,-0.152798924,-0.095748194,0.194622910,0.155854079,0.968416971,-0.300624884,0.000000000,0.000000000,0.000000000,1.000000000
1790749323261082595,1790749323,261082595,1790749323290255792,RR_foot,0.746288214,-0.000000000,-0.665622942,-0.198017088,-0.103740051,0.987780090,-0.116312062,-0.091945143,0.657489089,0.155854079,0.737168640,-0.324728059,0.000000000,0.000000000,0.000000000,1.000000000
1790749323341861053,1790749323,341861053,1790749323357148054,FL_hip,1.000000000,-0.000000000,0.000000000,0.193400000,0.000000000,0.998723844,0.050504290,0.046500000,-0.000000000,-0.050504290,0.998723844,0.000000000,0.000000000,0.000000000,0.000000000,1.000000000
1790749323341861053,1790749323,341861053,1790749323357148054,FL_thigh,0.745170693,0.000000000,0.666873780,0.193400000,-0.033679987,0.998723844,0.037634317,0.141878127,-0.666022745,-0.050504290,0.744219739,-0.004823160,0.000000000,0.000000000,0.000000000,1.000000000
1790749323341861053,1790749323,341861053,1790749323357148054,FL_calf,0.736244944,0.000000000,-0.676715141,0.051355885,0.034177018,0.998723844,0.037183528,0.133862018,0.675851547,-0.050504290,0.735305381,-0.163341964,0.000000000,0.000000000,0.000000000,1.000000000
1790749323341861053,1790749323,341861053,1790749323357148054,FL_calflower,0.769146490,-0.000000000,-0.639072513,0.166234625,0.032275903,0.998723844,0.038845197,0.129042396,0.638256957,-0.050504290,0.768164939,-0.258650129,0.000000000,0.000000000,0.000000000,1.000000000
1790749323341861053,1790749323,341861053,1790749323357148054,FL_calflower1,0.977339410,-0.000000000,-0.211678242,0.184106060,0.010690659,0.998723844,0.049359833,0.127165829,0.211408108,-0.050504290,0.976092172,-0.295759297,0.000000000,0.000000000,0.000000000,1.000000000
1790749323341861053,1790749323,341861053,1790749323357148054,FL_foot,0.736244944,0.000000000,-0.676715141,0.195496210,0.034177018,0.998723844,0.037183528,0.125941926,0.675851547,-0.050504290,0.735305381,-0.319962010,0.000000000,0.000000000,0.000000000,1.000000000
1790749323341861053,1790749323,341861053,1790749323357148054,FR_hip,1.000000000,0.000000000,0.000000000,0.193400000,0.000000000,0.997970138,-0.063683628,-0.046500000,0.000000000,0.063683628,0.997970138,0.000000000,0.000000000,0.000000000,0.000000000,1.000000000
1790749323341861053,1790749323,341861053,1790749323357148054,FR_thigh,0.701011096,0.000000000,0.713150366,0.193400000,0.045416003,0.997970138,-0.044642930,-0.141806148,-0.711702768,0.063683628,0.699588139,-0.006081787,0.000000000,0.000000000,0.000000000,1.000000000
1790749323341861053,1790749323,341861053,1790749323357148054,FR_calf,0.764092795,0.000000000,-0.645106348,0.041498972,-0.041082713,0.997970138,-0.048660202,-0.132297204,0.643796871,0.063683628,0.762541792,-0.155094060,0.000000000,0.000000000,0.000000000,1.000000000
1790749323341861053,1790749323,341861053,1790749323357148054,FR_calflower,0.795379757,0.000000000,-0.606111410,0.152256568,-0.038599374,0.997970138,-0.050652669,-0.125917148,0.604881087,0.063683628,0.793765246,-0.255074308,0.000000000,0.000000000,0.000000000,1.000000000
1790749323341861053,1790749323,341861053,1790749323357148054,FR_calflower1,0.985387434,0.000000000,-0.170327935,0.168547226,-0.010847101,0.997970138,-0.062753047,-0.123505048,0.169982193,0.063683628,0.983387233,-0.292873729,0.000000000,0.000000000,0.000000000,1.000000000
1790749323341861053,1790749323,341861053,1790749323357148054,FR_foot,0.764092795,0.000000000,-0.645106348,0.178906624,-0.041082713,0.997970138,-0.048660202,-0.121932581,0.643796871,0.063683628,0.762541792,-0.317515462,0.000000000,0.000000000,0.000000000,1.000000000
1790749323341861053,1790749323,341861053,1790749323357148054,RL_hip,1.000000000,-0.000000000,0.000000000,-0.193400000,0.000000000,0.986715119,0.162460066,0.046500000,-0.000000000,-0.162460066,0.986715119,0.000000000,0.000000000,0.000000000,0.000000000,1.000000000
1790749323341861053,1790749323,341861053,1790749323357148054,RL_thigh,0.658237447,-0.000000000,0.752810377,-0.193400000,-0.122301623,0.986715119,0.106937299,0.140731294,-0.742809381,-0.162460066,0.649492841,-0.015514936,0.000000000,0.000000000,0.000000000,1.000000000
1790749323341861053,1790749323,341861053,1790749323357148054,RL_calf,0.803981164,0.000000000,-0.594654763,-0.353748610,0.096607652,0.986715119,0.130614833,0.117953649,0.586754846,-0.162460066,0.793300371,-0.153856911,0.000000000,0.000000000,0.000000000,1.000000000
1790749323341861053,1790749323,341861053,1790749323357148054,RL_calflower,0.832696748,0.000000000,-0.553729289,-0.249660082,0.089958897,0.986715119,0.135279969,0.100554807,0.546373061,-0.162460066,0.821634472,-0.259530269,0.000000000,0.000000000,0.000000000,1.000000000
1790749323341861053,1790749323,341861053,1790749323357148054,RL_calflower1,0.994298442,0.000000000,-0.106633050,-0.235837878,0.017323612,0.986715119,0.161533790,0.094244019,0.105216442,-0.162460066,0.981089306,-0.297859379,0.000000000,0.000000000,0.000000000,1.000000000
1790749323341861053,1790749323,341861053,1790749323357148054,RL_foot,0.803981164,0.000000000,-0.594654763,-0.227087146,0.096607652,0.986715119,0.130614833,0.090132690,0.586754846,-0.162460066,0.793300371,-0.322829890,0.000000000,0.000000000,0.000000000,1.000000000
1790749323341861053,1790749323,341861053,1790749323357148054,RR_hip,1.000000000,0.000000000,0.000000000,-0.193400000,0.000000000,0.987780090,-0.155854079,-0.046500000,0.000000000,0.155854079,0.987780090,0.000000000,0.000000000,0.000000000,0.000000000,1.000000000
1790749323341861053,1790749323,341861053,1790749323357148054,RR_thigh,0.726374229,-0.000000000,0.687299411,-0.193400000,0.107118417,0.987780090,-0.113208387,-0.140832999,-0.678900674,0.155854079,0.717498001,-0.014884065,0.000000000,0.000000000,0.000000000,1.000000000
1790749323341861053,1790749323,341861053,1790749323357148054,RR_calf,0.746267187,0.000000000,-0.665646517,-0.339794774,-0.103743725,0.987780090,-0.116308785,-0.116719612,0.657512377,0.155854079,0.737147869,-0.167711139,0.000000000,0.000000000,0.000000000,1.000000000
1790749323341861053,1790749323,341861053,1790749323357148054,RR_calflower,0.778603007,-0.000000000,-0.627516818,-0.226353746,-0.097801056,0.987780090,-0.121348455,-0.101580787,0.619848619,0.155854079,0.769088548,-0.263658776,0.000000000,0.000000000,0.000000000,1.000000000
1790749323341861053,1790749323,341861053,1790749323357148054,RR_calflower1,0.980391113,-0.000000000,-0.197061577,-0.209039104,-0.030712851,0.987780090,-0.152797954,-0.095748838,0.194653502,0.155854079,0.968410822,-0.300620804,0.000000000,0.000000000,0.000000000,1.000000000
1790749323341861053,1790749323,341861053,1790749323357148054,RR_foot,0.746267187,0.000000000,-0.665646517,-0.198012066,-0.103743725,0.987780090,-0.116308785,-0.091945841,0.657512377,0.155854079,0.737147869,-0.324723635,0.000000000,0.000000000,0.000000000,1.000000000
1790749323377261769,1790749323,377261769,1790749323390370662,FL_hip,1.000000000,-0.000000000,0.000000000,0.193400000,0.000000000,0.998726901,0.050443812,0.046500000,-0.000000000,-0.050443812,0.998726901,0.000000000,0.000000000,0.000000000,0.000000000,1.000000000
1790749323377261769,1790749323,377261769,1790749323390370662,FL_thigh,0.745190885,-0.000000000,0.666851216,0.193400000,-0.033638518,0.998726901,0.037590269,0.141878419,-0.666002248,-0.050443812,0.744242183,-0.004817384,0.000000000,0.000000000,0.000000000,1.000000000
1790749323377261769,1790749323,377261769,1790749323390370662,FL_calf,0.736235102,-0.000000000,-0.676725849,0.051360691,0.034136632,0.998726901,0.037138505,0.133871692,0.675864309,-0.050443812,0.735297802,-0.163340969,0.000000000,0.000000000,0.000000000,1.000000000
1790749323377261769,1790749323,377261769,1790749323390370662,FL_calflower,0.769137196,0.000000000,-0.639083699,0.166240819,0.032237818,0.998726901,0.038798212,0.129057926,0.638270082,-0.050443812,0.768158008,-0.258647757,0.000000000,0.000000000,0.000000000,1.000000000
1790749323377261769,1790749323,377261769,1790749323390370662,FL_calflower1,0.977336331,0.000000000,-0.211692456,0.184112795,0.010678575,0.998726901,0.049300570,0.127183619,0.211422951,-0.050443812,0.976092085,-0.295756779,0.000000000,0.000000000,0.000000000,1.000000000
1790749323377261769,1790749323,377261769,1790749323390370662,FL_foot,0.736235102,-0.000000000,-0.676725849,0.195503297,0.034136632,0.998726901,0.037138505,0.125961190,0.675864309,-0.050443812,0.735297802,-0.319959401,0.000000000,0.000000000,0.000000000,1.000000000
1790749323377261769,1790749323,377261769,1790749323390370662,FR_hip,1.000000000,0.000000000,0.000000000,0.193400000,0.000000000,0.997968209,-0.063713846,-0.046500000,0.000000000,0.063713846,0.997968209,0.000000000,0.000000000,0.000000000,0.000000000,1.000000000
1790749323377261769,1790749323,377261769,1790749323390370662,FR_thigh,0.701011096,-0.000000000,0.713150366,0.193400000,0.045437553,0.997968209,-0.044664113,-0.141805964,-0.711701393,0.063713846,0.699586787,-0.006084672,0.000000000,0.000000000,0.000000000,1.000000000
1790749323377261769,1790749323,377261769,1790749323390370662,FR_calf,0.764082644,0.000000000,-0.645118372,0.041498972,-0.041102973,0.997968209,-0.048682644,-0.132292508,0.643807626,0.063713846,0.762530187,-0.155096658,0.000000000,0.000000000,0.000000000,1.000000000
1790749323377261769,1790749323,377261769,1790749323390370662,FR_calflower,0.795370220,0.000000000,-0.606123926,0.152258144,-0.038618486,0.997968209,-0.050676096,-0.125909536,0.604892409,0.063713846,0.793754194,-0.255074973,0.000000000,0.000000000,0.000000000,1.000000000
1790749323377261769,1790749323,377261769,1790749323390370662,FR_calflower1,0.985384753,-0.000000000,-0.170343441,0.168549399,-0.010853236,0.997968209,-0.062782652,-0.123496307,0.169997338,0.063713846,0.983382657,-0.292874065,0.000000000,0.000000000,0.000000000,1.000000000
1790749323377261769,1790749323,377261769,1790749323390370662,FR_foot,0.764082644,0.000000000,-0.645118372,0.178909185,-0.041102973,0.997968209,-0.048682644,-0.121923105,0.643807626,0.063713846,0.762530187,-0.317515588,0.000000000,0.000000000,0.000000000,1.000000000
1790749323377261769,1790749323,377261769,1790749323390370662,RL_hip,1.000000000,-0.000000000,0.000000000,-0.193400000,0.000000000,0.986715119,0.162460066,0.046500000,-0.000000000,-0.162460066,0.986715119,0.000000000,0.000000000,0.000000000,0.000000000,1.000000000
1790749323377261769,1790749323,377261769,1790749323390370662,RL_thigh,0.658191857,-0.000000000,0.752850237,-0.193400000,-0.122308099,0.986715119,0.106929892,0.140731294,-0.742848712,-0.162460066,0.649447857,-0.015514936,0.000000000,0.000000000,0.000000000,1.000000000
1790749323377261769,1790749323,377261769,1790749323390370662,RL_calf,0.804017174,0.000000000,-0.594606074,-0.353757101,0.096599742,0.986715119,0.130620683,0.117955227,0.586706804,-0.162460066,0.793335902,-0.153847330,0.000000000,0.000000000,0.000000000,1.000000000
1790749323377261769,1790749323,377261769,1790749323390370662,RL_calflower,0.832730280,0.000000000,-0.553678861,-0.249675058,0.089950704,0.986715119,0.135285416,0.100555361,0.546323303,-0.162460066,0.821667558,-0.259526907,0.000000000,0.000000000,0.000000000,1.000000000
1790749323377261769,1790749323,377261769,1790749323390370662,RL_calflower1,0.994304898,-0.000000000,-0.106572836,-0.235855206,0.017313830,0.986715119,0.161534839,0.094244437,0.105157029,-0.162460066,0.981095676,-0.297856843,0.000000000,0.000000000,0.000000000,1.000000000
1790749323377261769,1790749323,377261769,1790749323390370662,RL_foot,0.804017174,0.000000000,-0.594606074,-0.227106007,0.096599742,0.986715119,0.130620683,0.090133021,0.586706804,-0.162460066,0.793335902,-0.322827877,0.000000000,0.000000000,0.000000000,1.000000000
1790749323377261769,1790749323,377261769,1790749323390370662,RR_hip,1.000000000,0.000000000,0.000000000,-0.193400000,0.000000000,0.987780090,-0.155854079,-0.046500000,0.000000000,0.155854079,0.987780090,0.000000000,0.000000000,0.000000000,0.000000000,1.000000000
1790749323377261769,1790749323,377261769,1790749323390370662,RR_thigh,0.726395039,0.000000000,0.687277416,-0.193400000,0.107114989,0.987780090,-0.113211630,-0.140832999,-0.678878948,0.155854079,0.717518557,-0.014884065,0.000000000,0.000000000,0.000000000,1.000000000
1790749323377261769,1790749323,377261769,1790749323390370662,RR_calf,0.746268060,-0.000000000,-0.665645539,-0.339790090,-0.103743572,0.987780090,-0.116308921,-0.116718921,0.657511410,0.155854079,0.737148731,-0.167715517,0.000000000,0.000000000,0.000000000,1.000000000
1790749323377261769,1790749323,377261769,1790749323390370662,RR_calflower,0.778603830,0.000000000,-0.627515797,-0.226349189,-0.097800897,0.987780090,-0.121348583,-0.101580073,0.619847611,0.155854079,0.769089361,-0.263663301,0.000000000,0.000000000,0.000000000,1.000000000
1790749323377261769,1790749323,377261769,1790749323390370662,RR_calflower1,0.980391372,-0.000000000,-0.197060292,-0.209034595,-0.030712650,0.987780090,-0.152797994,-0.095748120,0.194652233,0.155854079,0.968411077,-0.300625352,0.000000000,0.000000000,0.000000000,1.000000000
1790749323377261769,1790749323,377261769,1790749323390370662,RR_foot,0.746268060,-0.000000000,-0.665645539,-0.198007590,-0.103743572,0.987780090,-0.116308921,-0.091945121,0.657511410,0.155854079,0.737148731,-0.324728197,0.000000000,0.000000000,0.000000000,1.000000000
1790749323455178975,1790749323,455178975,1790749323456959361,FL_hip,1.000000000,-0.000000000,0.000000000,0.193400000,0.000000000,0.998726901,0.050443812,0.046500000,-0.000000000,-0.050443812,0.998726901,0.000000000,0.000000000,0.000000000,0.000000000,1.000000000
1790749323455178975,1790749323,455178975,1790749323456959361,FL_thigh,0.745170693,0.000000000,0.666873780,0.193400000,-0.033639656,0.998726901,0.037589251,0.141878419,-0.666024783,-0.050443812,0.744222017,-0.004817384,0.000000000,0.000000000,0.000000000,1.000000000
1790749323455178975,1790749323,455178975,1790749323456959361,FL_calf,0.736255592,0.000000000,-0.676703556,0.051355885,0.034135507,0.998726901,0.037139539,0.133871909,0.675842045,-0.050443812,0.735318266,-0.163336674,0.000000000,0.000000000,0.000000000,1.000000000
1790749323455178975,1790749323,455178975,1790749323456959361,FL_calflower,0.769156546,-0.000000000,-0.639060410,0.166233123,0.032236643,0.998726901,0.038799188,0.129057967,0.638246822,-0.050443812,0.768177333,-0.258646936,0.000000000,0.000000000,0.000000000,1.000000000
1790749323455178975,1790749323,455178975,1790749323456959361,FL_calflower1,0.977342740,0.000000000,-0.211662863,0.184103974,0.010677082,0.998726901,0.049300894,0.127183633,0.211393395,-0.050443812,0.976098486,-0.295756498,0.000000000,0.000000000,0.000000000,1.000000000
1790749323455178975,1790749323,455178975,1790749323456959361,FL_foot,0.736255592,0.000000000,-0.676703556,0.195493742,0.034135507,0.998726901,0.037139539,0.125961187,0.675842045,-0.050443812,0.735318266,-0.319959464,0.000000000,0.000000000,0.000000000,1.000000000
1790749323455178975,1790749323,455178975,1790749323456959361,FR_hip,1.000000000,0.000000000,0.000000000,0.193400000,0.000000000,0.997970138,-0.063683628,-0.046500000,0.000000000,0.063683628,0.997970138,0.000000000,0.000000000,0.000000000,0.000000000,1.000000000
1790749323455178975,1790749323,455178975,1790749323456959361,FR_thigh,0.700967907,-0.000000000,0.713192816,0.193400000,0.045418706,0.997970138,-0.044640180,-0.141806148,-0.711745133,0.063683628,0.699545039,-0.006081787,0.000000000,0.000000000,0.000000000,1.000000000
1790749323455178975,1790749323,455178975,1790749323456959361,FR_calf,0.764131860,-0.000000000,-0.645060075,0.041489930,-0.041079766,0.997970138,-0.048662689,-0.132297790,0.643750692,0.063683628,0.762580778,-0.155084880,0.000000000,0.000000000,0.000000000,1.000000000
1790749323455178975,1790749323,455178975,1790749323456959361,FR_calflower,0.795416461,0.000000000,-0.606063242,0.152241458,-0.038596306,0.997970138,-0.050655006,-0.125917307,0.604833017,0.063683628,0.793801875,-0.255071821,0.000000000,0.000000000,0.000000000,1.000000000
1790749323455178975,1790749323,455178975,1790749323456959361,FR_calflower1,0.985397747,-0.000000000,-0.170268261,0.168529823,-0.010843301,0.997970138,-0.062753704,-0.123505144,0.169922640,0.063683628,0.983397525,-0.292872226,0.000000000,0.000000000,0.000000000,1.000000000
1790749323455178975,1790749323,455178975,1790749323456959361,FR_foot,0.764131860,-0.000000000,-0.645060075,0.178887726,-0.041079766,0.997970138,-0.048662689,-0.121932637,0.643750692,0.063683628,0.762580778,-0.317514585,0.000000000,0.000000000,0.000000000,1.000000000
1790749323455178975,1790749323,455178975,1790749323456959361,RL_hip,1.000000000,-0.000000000,0.000000000,-0.193400000,0.000000000,0.986710200,0.162489943,0.046500000,-0.000000000,-0.162489943,0.986710200,0.000000000,0.000000000,0.000000000,0.000000000,1.000000000
1790749323455178975,1790749323,455178975,1790749323456959361,RL_thigh,0.658237447,0.000000000,0.752810377,-0.193400000,-0.122324115,0.986710200,0.106956965,0.140730824,-0.742805677,-0.162489943,0.649489603,-0.015517790,0.000000000,0.000000000,0.000000000,1.000000000
1790749323455178975,1790749323,455178975,1790749323456959361,RL_calf,0.803981164,0.000000000,-0.594654763,-0.353748610,0.096625418,0.986710200,0.130638853,0.117948991,0.586751920,-0.162489943,0.793296416,-0.153859075,0.000000000,0.000000000,0.000000000,1.000000000
1790749323455178975,1790749323,455178975,1790749323456959361,RL_calflower,0.832696748,0.000000000,-0.553729289,-0.249660082,0.089975440,0.986710200,0.135304847,0.100546949,0.546370337,-0.162489943,0.821630375,-0.259531906,0.000000000,0.000000000,0.000000000,1.000000000
1790749323455178975,1790749323,455178975,1790749323456959361,RL_calflower1,0.994298442,0.000000000,-0.106633050,-0.235837878,0.017326798,0.986710200,0.161563497,0.094235000,0.105215918,-0.162489943,0.981084415,-0.297860824,0.000000000,0.000000000,0.000000000,1.000000000
1790749323455178975,1790749323,455178975,1790749323456959361,RL_foot,0.803981164,0.000000000,-0.594654763,-0.227087146,0.096625418,0.986710200,0.130638853,0.090122915,0.586751920,-0.162489943,0.793296416,-0.322831211,0.000000000,0.000000000,0.000000000,1.000000000
1790749323455178975,1790749323,455178975,1790749323456959361,RR_hip,1.000000000,0.000000000,0.000000000,-0.193400000,0.000000000,0.987780090,-0.155854079,-0.046500000,0.000000000,0.155854079,0.987780090,0.000000000,0.000000000,0.000000000,0.000000000,1.000000000
1790749323455178975,1790749323,455178975,1790749323456959361,RR_thigh,0.726374229,-0.000000000,0.687299411,-0.193400000,0.107118417,0.987780090,-0.113208387,-0.140832999,-0.678900674,0.155854079,0.717498001,-0.014884065,0.000000000,0.000000000,0.000000000,1.000000000
1790749323455178975,1790749323,455178975,1790749323456959361,RR_calf,0.746288214,-0.000000000,-0.665622942,-0.339794774,-0.103740051,0.987780090,-0.116312062,-0.116719612,0.657489089,0.155854079,0.737168640,-0.167711139,0.000000000,0.000000000,0.000000000,1.000000000
1790749323455178975,1790749323,455178975,1790749323456959361,RR_calflower,0.778622830,0.000000000,-0.627492222,-0.226356815,-0.097797222,0.987780090,-0.121351544,-0.101580228,0.619824323,0.155854079,0.769108129,-0.263662316,0.000000000,0.000000000,0.000000000,1.000000000
1790749323455178975,1790749323,455178975,1790749323456959361,RR_calflower1,0.980397338,0.000000000,-0.197030606,-0.209043354,-0.030708024,0.987780090,-0.152798924,-0.095748194,0.194622910,0.155854079,0.968416971,-0.300624884,0.000000000,0.000000000,0.000000000,1.000000000
1790749323455178975,1790749323,455178975,1790749323456959361,RR_foot,0.746288214,-0.000000000,-0.665622942,-0.198017088,-0.103740051,0.987780090,-0.116312062,-0.091945143,0.657489089,0.155854079,0.737168640,-0.324728059,0.000000000,0.000000000,0.000000000,1.000000000
1790749323516630139,1790749323,516630139,1790749323523849726,FL_hip,1.000000000,-0.000000000,0.000000000,0.193400000,0.000000000,0.998725373,0.050474049,0.046500000,-0.000000000,-0.050474049,0.998725373,0.000000000,0.000000000,0.000000000,0.000000000,1.000000000
1790749323516630139,1790749323,516630139,1790749323523849726,FL_thigh,0.745190885,0.000000000,0.666851216,0.193400000,-0.033658681,0.998725373,0.037612801,0.141878273,-0.666001230,-0.050474049,0.744241044,-0.004820272,0.000000000,0.000000000,0.000000000,1.000000000
1790749323516630139,1790749323,516630139,1790749323523849726,FL_calf,0.736235102,0.000000000,-0.676725849,0.051360691,0.034157094,0.998725373,0.037160767,0.133866746,0.675863276,-0.050474049,0.735296677,-0.163343614,0.000000000,0.000000000,0.000000000,1.000000000
1790749323516630139,1790749323,516630139,1790749323523849726,FL_calflower,0.769137196,-0.000000000,-0.639083699,0.166240819,0.032257142,0.998725373,0.038821469,0.129050095,0.638269105,-0.050474049,0.768156833,-0.258650257,0.000000000,0.000000000,0.000000000,1.000000000
1790749323516630139,1790749323,516630139,1790749323523849726,FL_calflower1,0.977336331,-0.000000000,-0.211692456,0.184112795,0.010684975,0.998725373,0.049330122,0.127174665,0.211422627,-0.050474049,0.976090592,-0.295759221,0.000000000,0.000000000,0.000000000,1.000000000
1790749323516630139,1790749323,516630139,1790749323523849726,FL_foot,0.736235102,0.000000000,-0.676725849,0.195503297,0.034157094,0.998725373,0.037160767,0.125951503,0.675863276,-0.050474049,0.735296677,-0.319961806,0.000000000,0.000000000,0.000000000,1.000000000
1790749323516630139,1790749323,516630139,1790749323523849726,FR_hip,1.000000000,0.000000000,0.000000000,0.193400000,0.000000000,0.997968209,-0.063713846,-0.046500000,0.000000000,0.063713846,0.997968209,0.000000000,0.000000000,0.000000000,0.000000000,1.000000000
1790749323516630139,1790749323,516630139,1790749323523849726,FR_thigh,0.700967907,0.000000000,0.713192816,0.193400000,0.045440257,0.997968209,-0.044661361,-0.141805964,-0.711743757,0.063713846,0.699543687,-0.006084672,0.000000000,0.000000000,0.000000000,1.000000000
1790749323516630139,1790749323,516630139,1790749323523849726,FR_calf,0.764121710,-0.000000000,-0.645072099,0.041489930,-0.041100024,0.997968209,-0.048685133,-0.132293094,0.643761447,0.063713846,0.762569174,-0.155087478,0.000000000,0.000000000,0.000000000,1.000000000
1790749323516630139,1790749323,516630139,1790749323523849726,FR_calflower,0.795406924,0.000000000,-0.606075759,0.152243035,-0.038615418,0.997968209,-0.050678434,-0.125909695,0.604844339,0.063713846,0.793790823,-0.255072486,0.000000000,0.000000000,0.000000000,1.000000000
1790749323516630139,1790749323,516630139,1790749323523849726,FR_calflower1,0.985395067,-0.000000000,-0.170283767,0.168531996,-0.010849434,0.997968209,-0.062783310,-0.123496403,0.169937786,0.063713846,0.983392950,-0.292872563,0.000000000,0.000000000,0.000000000,1.000000000
1790749323516630139,1790749323,516630139,1790749323523849726,FR_foot,0.764121710,-0.000000000,-0.645072099,0.178890287,-0.041100024,0.997968209,-0.048685133,-0.121923161,0.643761447,0.063713846,0.762569174,-0.317514712,0.000000000,0.000000000,0.000000000,1.000000000
1790749323516630139,1790749323,516630139,1790749323523849726,RL_hip,1.000000000,-0.000000000,0.000000000,-0.193400000,0.000000000,0.986715119,0.162460066,0.046500000,-0.000000000,-0.162460066,0.986715119,0.000000000,0.000000000,0.000000000,0.000000000,1.000000000
1790749323516630139,1790749323,516630139,1790749323523849726,RL_thigh,0.658214652,0.000000000,0.752830307,-0.193400000,-0.122304861,0.986715119,0.106933596,0.140731294,-0.742829047,-0.162460066,0.649470349,-0.015514936,0.000000000,0.000000000,0.000000000,1.000000000
1790749323516630139,1790749323,516630139,1790749323523849726,RL_calf,0.803989813,-0.000000000,-0.594643070,-0.353752855,0.096605752,0.986715119,0.130616238,0.117954438,0.586743308,-0.162460066,0.793308904,-0.153852121,0.000000000,0.000000000,0.000000000,1.000000000
1790749323516630139,1790749323,516630139,1790749323523849726,RL_calflower,0.832704802,0.000000000,-0.553717178,-0.249665885,0.089956929,0.986715119,0.135281277,0.100555350,0.546361112,-0.162460066,0.821642418,-0.259526972,0.000000000,0.000000000,0.000000000,1.000000000
1790749323516630139,1790749323,516630139,1790749323523849726,RL_calflower1,0.994299993,0.000000000,-0.106618589,-0.235844246,0.017321263,0.986715119,0.161534042,0.094244530,0.105202174,-0.162460066,0.981090837,-0.297856280,0.000000000,0.000000000,0.000000000,1.000000000
1790749323516630139,1790749323,516630139,1790749323523849726,RL_foot,0.803989813,-0.000000000,-0.594643070,-0.227093882,0.096605752,0.986715119,0.130616238,0.090133179,0.586743308,-0.162460066,0.793308904,-0.322826917,0.000000000,0.000000000,0.000000000,1.000000000
1790749323516630139,1790749323,516630139,1790749323523849726,RR_hip,1.000000000,0.000000000,0.000000000,-0.193400000,0.000000000,0.987780090,-0.155854079,-0.046500000,0.000000000,0.155854079,0.987780090,0.000000000,0.000000000,0.000000000,0.000000000,1.000000000
1790749323516630139,1790749323,516630139,1790749323523849726,RR_thigh,0.726374229,-0.000000000,0.687299411,-0.193400000,0.107118417,0.987780090,-0.113208387,-0.140832999,-0.678900674,0.155854079,0.717498001,-0.014884065,0.000000000,0.000000000,0.000000000,1.000000000
1790749323516630139,1790749323,516630139,1790749323523849726,RR_calf,0.746288214,-0.000000000,-0.665622942,-0.339794774,-0.103740051,0.987780090,-0.116312062,-0.116719612,0.657489089,0.155854079,0.737168640,-0.167711139,0.000000000,0.000000000,0.000000000,1.000000000
1790749323516630139,1790749323,516630139,1790749323523849726,RR_calflower,0.778622830,0.000000000,-0.627492222,-0.226356815,-0.097797222,0.987780090,-0.121351544,-0.101580228,0.619824323,0.155854079,0.769108129,-0.263662316,0.000000000,0.000000000,0.000000000,1.000000000
1790749323516630139,1790749323,516630139,1790749323523849726,RR_calflower1,0.980397338,0.000000000,-0.197030606,-0.209043354,-0.030708024,0.987780090,-0.152798924,-0.095748194,0.194622910,0.155854079,0.968416971,-0.300624884,0.000000000,0.000000000,0.000000000,1.000000000
1790749323516630139,1790749323,516630139,1790749323523849726,RR_foot,0.746288214,-0.000000000,-0.665622942,-0.198017088,-0.103740051,0.987780090,-0.116312062,-0.091945143,0.657489089,0.155854079,0.737168640,-0.324728059,0.000000000,0.000000000,0.000000000,1.000000000
1790749324044712046,1790749324,44712046,1790749324057196527,FL_hip,1.000000000,-0.000000000,0.000000000,0.193400000,0.000000000,0.998725373,0.050474049,0.046500000,-0.000000000,-0.050474049,0.998725373,0.000000000,0.000000000,0.000000000,0.000000000,1.000000000
1790749324044712046,1790749324,44712046,1790749324057196527,FL_thigh,0.745251457,0.000000000,0.666783522,0.193400000,-0.033655264,0.998725373,0.037615859,0.141878273,-0.665933622,-0.050474049,0.744301539,-0.004820272,0.000000000,0.000000000,0.000000000,1.000000000
1790749324044712046,1790749324,44712046,1790749324057196527,FL_calf,0.736173627,-0.000000000,-0.676792724,0.051375110,0.034160469,0.998725373,0.037157664,0.133866095,0.675930065,-0.050474049,0.735235280,-0.163356500,0.000000000,0.000000000,0.000000000,1.000000000
1790749324044712046,1790749324,44712046,1790749324057196527,FL_calflower,0.769079140,-0.000000000,-0.639153563,0.166263905,0.032260668,0.998725373,0.038818538,0.129049970,0.638338880,-0.050474049,0.768098851,-0.258652720,0.000000000,0.000000000,0.000000000,1.000000000
1790749324044712046,1790749324,44712046,1790749324057196527,FL_calflower1,0.977317097,0.000000000,-0.211781234,0.184139256,0.010689456,0.998725373,0.049329151,0.127174622,0.211511292,-0.050474049,0.976071383,-0.295760063,0.000000000,0.000000000,0.000000000,1.000000000
1790749324044712046,1790749324,44712046,1790749324057196527,FL_foot,0.736173627,-0.000000000,-0.676792724,0.195531960,0.034160469,0.998725373,0.037157664,0.125951513,0.675930065,-0.050474049,0.735235280,-0.319961614,0.000000000,0.000000000,0.000000000,1.000000000
1790749324044712046,1790749324,44712046,1790749324057196527,FR_hip,1.000000000,0.000000000,0.000000000,0.193400000,0.000000000,0.997968209,-0.063713846,-0.046500000,0.000000000,0.063713846,0.997968209,0.000000000,0.000000000,0.000000000,0.000000000,1.000000000
1790749324044712046,1790749324,44712046,1790749324057196527,FR_thigh,0.701011096,-0.000000000,0.713150366,0.193400000,0.045437553,0.997968209,-0.044664113,-0.141805964,-0.711701393,0.063713846,0.699586787,-0.006084672,0.000000000,0.000000000,0.000000000,1.000000000
1790749324044712046,1790749324,44712046,1790749324057196527,FR_calf,0.764072415,0.000000000,-0.645130486,0.041498972,-0.041103744,0.997968209,-0.048681992,-0.132292508,0.643819716,0.063713846,0.762519980,-0.155096658,0.000000000,0.000000000,0.000000000,1.000000000
1790749324044712046,1790749324,44712046,1790749324057196527,FR_calflower,0.795360610,0.000000000,-0.606136536,0.152259732,-0.038619290,0.997968209,-0.050675483,-0.125909648,0.604904993,0.063713846,0.793744603,-0.255073221,0.000000000,0.000000000,0.000000000,1.000000000
1790749324044712046,1790749324,44712046,1790749324057196527,FR_calflower1,0.985382053,0.000000000,-0.170359064,0.168551588,-0.010854231,0.997968209,-0.062782480,-0.123496436,0.170012930,0.063713846,0.983379962,-0.292872055,0.000000000,0.000000000,0.000000000,1.000000000
1790749324044712046,1790749324,44712046,1790749324057196527,FR_foot,0.764072415,0.000000000,-0.645130486,0.178911766,-0.041103744,0.997968209,-0.048681992,-0.121923244,0.643819716,0.063713846,0.762519980,-0.317513414,0.000000000,0.000000000,0.000000000,1.000000000
1790749324044712046,1790749324,44712046,1790749324057196527,RL_hip,1.000000000,-0.000000000,0.000000000,-0.193400000,0.000000000,0.986724956,0.162400312,0.046500000,-0.000000000,-0.162400312,0.986724956,0.000000000,0.000000000,0.000000000,0.000000000,1.000000000
1790749324044712046,1790749324,44712046,1790749324057196527,RL_thigh,0.658237447,0.000000000,0.752810377,-0.193400000,-0.122256640,0.986724956,0.106897967,0.140732233,-0.742816786,-0.162400312,0.649499316,-0.015509230,0.000000000,0.000000000,0.000000000,1.000000000
1790749324044712046,1790749324,44712046,1790749324057196527,RL_calf,0.803981164,0.000000000,-0.594654763,-0.353748610,0.096572119,0.986724956,0.130566792,0.117962966,0.586760695,-0.162400312,0.793308279,-0.153852584,0.000000000,0.000000000,0.000000000,1.000000000
1790749324044712046,1790749324,44712046,1790749324057196527,RL_calflower,0.832696748,0.000000000,-0.553729289,-0.249660082,0.089925809,0.986724956,0.135230211,0.100570524,0.546378508,-0.162400312,0.821642662,-0.259526995,0.000000000,0.000000000,0.000000000,1.000000000
1790749324044712046,1790749324,44712046,1790749324057196527,RL_calflower1,0.994298442,0.000000000,-0.106633050,-0.235837878,0.017317241,0.986724956,0.161474377,0.094262057,0.105217491,-0.162400312,0.981099087,-0.297856487,0.000000000,0.000000000,0.000000000,1.000000000
1790749324044712046,1790749324,44712046,1790749324057196527,RL_foot,0.803981164,0.000000000,-0.594654763,-0.227087146,0.096572119,0.986724956,0.130566792,0.090152240,0.586760695,-0.162400312,0.793308279,-0.322827247,0.000000000,0.000000000,0.000000000,1.000000000
1790749324044712046,1790749324,44712046,1790749324057196527,RR_hip,1.000000000,0.000000000,0.000000000,-0.193400000,0.000000000,0.987780090,-0.155854079,-0.046500000,0.000000000,0.155854079,0.987780090,0.000000000,0.000000000,0.000000000,0.000000000,1.000000000
1790749324044712046,1790749324,44712046,1790749324057196527,RR_thigh,0.726374229,-0.000000000,0.687299411,-0.193400000,0.107118417,0.987780090,-0.113208387,-0.140832999,-0.678900674,0.155854079,0.717498001,-0.014884065,0.000000000,0.000000000,0.000000000,1.000000000
1790749324044712046,1790749324,44712046,1790749324057196527,RR_calf,0.746277661,-0.000000000,-0.665634774,-0.339794774,-0.103741895,0.987780090,-0.116310418,-0.116719612,0.657500777,0.155854079,0.737158215,-0.167711139,0.000000000,0.000000000,0.000000000,1.000000000
1790749324044712046,1790749324,44712046,1790749324057196527,RR_calflower,0.778612881,-0.000000000,-0.627504566,-0.226355275,-0.097799146,0.987780090,-0.121349994,-0.101580508,0.619836517,0.155854079,0.769098302,-0.263660539,0.000000000,0.000000000,0.000000000,1.000000000
1790749324044712046,1790749324,44712046,1790749324057196527,RR_calflower1,0.980394214,-0.000000000,-0.197046150,-0.209041221,-0.030710446,0.987780090,-0.152798437,-0.095748517,0.194638264,0.155854079,0.968413885,-0.300622836,0.000000000,0.000000000,0.000000000,1.000000000
1790749324044712046,1790749324,44712046,1790749324057196527,RR_foot,0.746277661,-0.000000000,-0.665634774,-0.198014568,-0.103741895,0.987780090,-0.116310418,-0.091945493,0.657500777,0.155854079,0.737158215,-0.324725839,0.000000000,0.000000000,0.000000000,1.000000000
1790749324114317599,1790749324,114317599,1790749324123827756,FL_hip,1.000000000,-0.000000000,0.000000000,0.193400000,0.000000000,0.998725373,0.050474049,0.046500000,-0.000000000,-0.050474049,0.998725373,0.000000000,0.000000000,0.000000000,0.000000000,1.000000000
1790749324114317599,1790749324,114317599,1790749324123827756,FL_thigh,0.745190885,0.000000000,0.666851216,0.193400000,-0.033658681,0.998725373,0.037612801,0.141878273,-0.666001230,-0.050474049,0.744241044,-0.004820272,0.000000000,0.000000000,0.000000000,1.000000000
1790749324114317599,1790749324,114317599,1790749324123827756,FL_calf,0.736235102,0.000000000,-0.676725849,0.051360691,0.034157094,0.998725373,0.037160767,0.133866746,0.675863276,-0.050474049,0.735296677,-0.163343614,0.000000000,0.000000000,0.000000000,1.000000000
1790749324114317599,1790749324,114317599,1790749324123827756,FL_calflower,0.769137196,-0.000000000,-0.639083699,0.166240819,0.032257142,0.998725373,0.038821469,0.129050095,0.638269105,-0.050474049,0.768156833,-0.258650257,0.000000000,0.000000000,0.000000000,1.000000000
1790749324114317599,1790749324,114317599,1790749324123827756,FL_calflower1,0.977336331,-0.000000000,-0.211692456,0.184112795,0.010684975,0.998725373,0.049330122,0.127174665,0.211422627,-0.050474049,0.976090592,-0.295759221,0.000000000,0.000000000,0.000000000,1.000000000
1790749324114317599,1790749324,114317599,1790749324123827756,FL_foot,0.736235102,0.000000000,-0.676725849,0.195503297,0.034157094,0.998725373,0.037160767,0.125951503,0.675863276,-0.050474049,0.735296677,-0.319961806,0.000000000,0.000000000,0.000000000,1.000000000
1790749324114317599,1790749324,114317599,1790749324123827756,FR_hip,1.000000000,0.000000000,0.000000000,0.193400000,0.000000000,0.997970138,-0.063683628,-0.046500000,0.000000000,0.063683628,0.997970138,0.000000000,0.000000000,0.000000000,0.000000000,1.000000000
1790749324114317599,1790749324,114317599,1790749324123827756,FR_thigh,0.700989502,0.000000000,0.713171591,0.193400000,0.045417355,0.997970138,-0.044641555,-0.141806148,-0.711723951,0.063683628,0.699566589,-0.006081787,0.000000000,0.000000000,0.000000000,1.000000000
1790749324114317599,1790749324,114317599,1790749324123827756,FR_calf,0.764112328,0.000000000,-0.645083212,0.041494451,-0.041081239,0.997970138,-0.048661445,-0.132297497,0.643773782,0.063683628,0.762561285,-0.155089470,0.000000000,0.000000000,0.000000000,1.000000000
1790749324114317599,1790749324,114317599,1790749324123827756,FR_calflower,0.795398110,0.000000000,-0.606087326,0.152249013,-0.038597840,0.997970138,-0.050653838,-0.125917228,0.604857053,0.063683628,0.793783561,-0.255073065,0.000000000,0.000000000,0.000000000,1.000000000
1790749324114317599,1790749324,114317599,1790749324123827756,FR_calflower1,0.985392591,0.000000000,-0.170298098,0.168538525,-0.010845201,0.997970138,-0.062753375,-0.123505096,0.169952416,0.063683628,0.983392379,-0.292872978,0.000000000,0.000000000,0.000000000,1.000000000
1790749324114317599,1790749324,114317599,1790749324123827756,FR_foot,0.764112328,0.000000000,-0.645083212,0.178897175,-0.041081239,0.997970138,-0.048661445,-0.121932609,0.643773782,0.063683628,0.762561285,-0.317515024,0.000000000,0.000000000,0.000000000,1.000000000
1790749324114317599,1790749324,114317599,1790749324123827756,RL_hip,1.000000000,-0.000000000,0.000000000,-0.193400000,0.000000000,0.986720038,0.162430189,0.046500000,-0.000000000,-0.162430189,0.986720038,0.000000000,0.000000000,0.000000000,0.000000000,1.000000000
1790749324114317599,1790749324,114317599,1790749324123827756,RL_thigh,0.658237447,0.000000000,0.752810377,-0.193400000,-0.122279132,0.986720038,0.106917633,0.140731764,-0.742813084,-0.162430189,0.649496079,-0.015512083,0.000000000,0.000000000,0.000000000,1.000000000
1790749324114317599,1790749324,114317599,1790749324123827756,RL_calf,0.803981164,0.000000000,-0.594654763,-0.353748610,0.096589885,0.986720038,0.130590812,0.117958308,0.586757770,-0.162430189,0.793304325,-0.153854748,0.000000000,0.000000000,0.000000000,1.000000000
1790749324114317599,1790749324,114317599,1790749324123827756,RL_calflower,0.832696748,0.000000000,-0.553729289,-0.249660082,0.089942353,0.986720038,0.135255090,0.100562665,0.546375785,-0.162430189,0.821638567,-0.259528633,0.000000000,0.000000000,0.000000000,1.000000000
1790749324114317599,1790749324,114317599,1790749324123827756,RL_calflower1,0.994298442,-0.000000000,-0.106633050,-0.235837878,0.017320426,0.986720038,0.161504084,0.094253038,0.105216967,-0.162430189,0.981094197,-0.297857933,0.000000000,0.000000000,0.000000000,1.000000000
1790749324114317599,1790749324,114317599,1790749324123827756,RL_foot,0.803981164,0.000000000,-0.594654763,-0.227087146,0.096589885,0.986720038,0.130590812,0.090142465,0.586757770,-0.162430189,0.793304325,-0.322828569,0.000000000,0.000000000,0.000000000,1.000000000
1790749324114317599,1790749324,114317599,1790749324123827756,RR_hip,1.000000000,0.000000000,0.000000000,-0.193400000,0.000000000,0.987775370,-0.155883988,-0.046500000,0.000000000,0.155883988,0.987775370,0.000000000,0.000000000,0.000000000,0.000000000,1.000000000
1790749324114317599,1790749324,114317599,1790749324123827756,RR_thigh,0.726353417,0.000000000,0.687321404,-0.193400000,0.107142402,0.987775370,-0.113226868,-0.140832548,-0.678919155,0.155883988,0.717474016,-0.014886921,0.000000000,0.000000000,0.000000000,1.000000000
1790749324114317599,1790749324,114317599,1790749324123827756,RR_calf,0.746308369,-0.000000000,-0.665600345,-0.339799459,-0.103756436,0.987775370,-0.116337525,-0.116715225,0.657463627,0.155883988,0.737185025,-0.167708886,0.000000000,0.000000000,0.000000000,1.000000000
1790749324114317599,1790749324,114317599,1790749324123827756,RR_calflower,0.778641830,-0.000000000,-0.627468645,-0.226364441,-0.097812315,0.987775370,-0.121377794,-0.101572400,0.619798073,0.155883988,0.769123222,-0.263662997,0.000000000,0.000000000,0.000000000,1.000000000
1790749324114317599,1790749324,114317599,1790749324123827756,RR_calflower1,0.980403303,0.000000000,-0.197000920,-0.209052113,-0.030709289,0.987775370,-0.152829177,-0.095739165,0.194592657,0.155883988,0.968418236,-0.300625907,0.000000000,0.000000000,0.000000000,1.000000000
1790749324114317599,1790749324,114317599,1790749324123827756,RR_foot,0.746308369,-0.000000000,-0.665600345,-0.198026586,-0.103756436,0.987775370,-0.116337525,-0.091935332,0.657463627,0.155883988,0.737185025,-0.324729297,0.000000000,0.000000000,0.000000000,1.000000000
1790749324184688352,1790749324,184688352,1790749324190367686,FL_hip,1.000000000,-0.000000000,0.000000000,0.193400000,0.000000000,0.998723844,0.050504290,0.046500000,-0.000000000,-0.050504290,0.998723844,0.000000000,0.000000000,0.000000000,0.000000000,1.000000000
1790749324184688352,1790749324,184688352,1790749324190367686,FL_thigh,0.745170693,0.000000000,0.666873780,0.193400000,-0.033679987,0.998723844,0.037634317,0.141878127,-0.666022745,-0.050504290,0.744219739,-0.004823160,0.000000000,0.000000000,0.000000000,1.000000000
1790749324184688352,1790749324,184688352,1790749324190367686,FL_calf,0.736266321,0.000000000,-0.676691883,0.051355885,0.034175843,0.998723844,0.037184608,0.133862018,0.675828318,-0.050504290,0.735326731,-0.163341964,0.000000000,0.000000000,0.000000000,1.000000000
1790749324184688352,1790749324,184688352,1790749324190367686,FL_calflower,0.769166678,0.000000000,-0.639048215,0.166231610,0.032274676,0.998723844,0.038846217,0.129042213,0.638232690,-0.050504290,0.768185102,-0.258653754,0.000000000,0.000000000,0.000000000,1.000000000
1790749324184688352,1790749324,184688352,1790749324190367686,FL_calflower1,0.977346096,0.000000000,-0.211647367,0.184101872,0.010689100,0.998723844,0.049360170,0.127165617,0.211377272,-0.050504290,0.976098850,-0.295763485,0.000000000,0.000000000,0.000000000,1.000000000
1790749324184688352,1790749324,184688352,1790749324190367686,FL_foot,0.736266321,0.000000000,-0.676691883,0.195491256,0.034175843,0.998723844,0.037184608,0.125941696,0.675828318,-0.050504290,0.735326731,-0.319966558,0.000000000,0.000000000,0.000000000,1.000000000
1790749324184688352,1790749324,184688352,1790749324190367686,FR_hip,1.000000000,0.000000000,0.000000000,0.193400000,0.000000000,0.997966279,-0.063744064,-0.046500000,0.000000000,0.063744064,0.997966279,0.000000000,0.000000000,0.000000000,0.000000000,1.000000000
1790749324184688352,1790749324,184688352,1790749324190367686,FR_thigh,0.700989502,0.000000000,0.713171591,0.193400000,0.045460455,0.997966279,-0.044683919,-0.141805780,-0.711721199,0.063744064,0.699563885,-0.006087558,0.000000000,0.000000000,0.000000000,1.000000000
1790749324184688352,1790749324,184688352,1790749324190367686,FR_calf,0.764112328,0.000000000,-0.645083212,0.041494451,-0.041120225,0.997966279,-0.048707625,-0.132288105,0.643771293,0.063744064,0.762558337,-0.155094666,0.000000000,0.000000000,0.000000000,1.000000000
1790749324184688352,1790749324,184688352,1790749324190367686,FR_calflower,0.795398110,-0.000000000,-0.606087326,0.152249013,-0.038634469,0.997966279,-0.050701908,-0.125901781,0.604854714,0.063744064,0.793780492,-0.255077874,0.000000000,0.000000000,0.000000000,1.000000000
1790749324184688352,1790749324,184688352,1790749324190367686,FR_calflower1,0.985392591,0.000000000,-0.170298098,0.168538525,-0.010855493,0.997966279,-0.062812928,-0.123487360,0.169951759,0.063744064,0.983388577,-0.292877640,0.000000000,0.000000000,0.000000000,1.000000000
1790749324184688352,1790749324,184688352,1790749324190367686,FR_foot,0.764112328,0.000000000,-0.645083212,0.178897175,-0.041120225,0.997966279,-0.048707625,-0.121913381,0.643771293,0.063744064,0.762558337,-0.317519591,0.000000000,0.000000000,0.000000000,1.000000000
1790749324184688352,1790749324,184688352,1790749324190367686,RL_hip,1.000000000,-0.000000000,0.000000000,-0.193400000,0.000000000,0.986715119,0.162460066,0.046500000,-0.000000000,-0.162460066,0.986715119,0.000000000,0.000000000,0.000000000,0.000000000,1.000000000
1790749324184688352,1790749324,184688352,1790749324190367686,RL_thigh,0.658237447,-0.000000000,0.752810377,-0.193400000,-0.122301623,0.986715119,0.106937299,0.140731294,-0.742809381,-0.162460066,0.649492841,-0.015514936,0.000000000,0.000000000,0.000000000,1.000000000
1790749324184688352,1790749324,184688352,1790749324190367686,RL_calf,0.803981164,0.000000000,-0.594654763,-0.353748610,0.096607652,0.986715119,0.130614833,0.117953649,0.586754846,-0.162460066,0.793300371,-0.153856911,0.000000000,0.000000000,0.000000000,1.000000000
1790749324184688352,1790749324,184688352,1790749324190367686,RL_calflower,0.832696748,0.000000000,-0.553729289,-0.249660082,0.089958897,0.986715119,0.135279969,0.100554807,0.546373061,-0.162460066,0.821634472,-0.259530269,0.000000000,0.000000000,0.000000000,1.000000000
1790749324184688352,1790749324,184688352,1790749324190367686,RL_calflower1,0.994298442,0.000000000,-0.106633050,-0.235837878,0.017323612,0.986715119,0.161533790,0.094244019,0.105216442,-0.162460066,0.981089306,-0.297859379,0.000000000,0.000000000,0.000000000,1.000000000
1790749324184688352,1790749324,184688352,1790749324190367686,RL_foot,0.803981164,0.000000000,-0.594654763,-0.227087146,0.096607652,0.986715119,0.130614833,0.090132690,0.586754846,-0.162460066,0.793300371,-0.322829890,0.000000000,0.000000000,0.000000000,1.000000000
1790749324184688352,1790749324,184688352,1790749324190367686,RR_hip,1.000000000,0.000000000,0.000000000,-0.193400000,0.000000000,0.987780090,-0.155854079,-0.046500000,0.000000000,0.155854079,0.987780090,0.000000000,0.000000000,0.000000000,0.000000000,1.000000000
1790749324184688352,1790749324,184688352,1790749324190367686,RR_thigh,0.726353417,-0.000000000,0.687321404,-0.193400000,0.107121845,0.987780090,-0.113205143,-0.140832999,-0.678922399,0.155854079,0.717477444,-0.014884065,0.000000000,0.000000000,0.000000000,1.000000000
1790749324184688352,1790749324,184688352,1790749324190367686,RR_calf,0.746308369,0.000000000,-0.665600345,-0.339799459,-0.103736529,0.987780090,-0.116315204,-0.116720303,0.657466768,0.155854079,0.737188547,-0.167706760,0.000000000,0.000000000,0.000000000,1.000000000
1790749324184688352,1790749324,184688352,1790749324190367686,RR_calflower,0.778641830,0.000000000,-0.627468645,-0.226364441,-0.097793548,0.987780090,-0.121354505,-0.101580384,0.619801035,0.155854079,0.769126897,-0.263661330,0.000000000,0.000000000,0.000000000,1.000000000
1790749324184688352,1790749324,184688352,1790749324190367686,RR_calflower1,0.980403303,-0.000000000,-0.197000920,-0.209052113,-0.030703397,0.987780090,-0.152799854,-0.095748268,0.194593587,0.155854079,0.968422863,-0.300624416,0.000000000,0.000000000,0.000000000,1.000000000
1790749324184688352,1790749324,184688352,1790749324190367686,RR_foot,0.746308369,0.000000000,-0.665600345,-0.198026586,-0.103736529,0.987780090,-0.116315204,-0.091945165,0.657466768,0.155854079,0.737188547,-0.324727921,0.000000000,0.000000000,0.000000000,1.000000000
1790749324252422330,1790749324,252422330,1790749324257310688,FL_hip,1.000000000,-0.000000000,0.000000000,0.193400000,0.000000000,0.998725373,0.050474049,0.046500000,-0.000000000,-0.050474049,0.998725373,0.000000000,0.000000000,0.000000000,0.000000000,1.000000000
1790749324252422330,1790749324,252422330,1790749324257310688,FL_thigh,0.745211076,0.000000000,0.666828652,0.193400000,-0.033657542,0.998725373,0.037613821,0.141878273,-0.665978694,-0.050474049,0.744261210,-0.004820272,0.000000000,0.000000000,0.000000000,1.000000000
1790749324252422330,1790749324,252422330,1790749324257310688,FL_calf,0.736203962,-0.000000000,-0.676759726,0.051365497,0.034158804,0.998725373,0.037159195,0.133866529,0.675897109,-0.050474049,0.735265576,-0.163347909,0.000000000,0.000000000,0.000000000,1.000000000
1790749324252422330,1790749324,252422330,1790749324257310688,FL_calflower,0.769107788,0.000000000,-0.639119090,0.166250016,0.032258928,0.998725373,0.038819984,0.129050145,0.638304451,-0.050474049,0.768127462,-0.258649273,0.000000000,0.000000000,0.000000000,1.000000000
1790749324252422330,1790749324,252422330,1790749324257310688,FL_calflower1,0.977326589,0.000000000,-0.211737428,0.184123701,0.010687245,0.998725373,0.049329630,0.127174756,0.211467541,-0.050474049,0.976080862,-0.295757416,0.000000000,0.000000000,0.000000000,1.000000000
1790749324252422330,1790749324,252422330,1790749324257310688,FL_foot,0.736203962,-0.000000000,-0.676759726,0.195515319,0.034158804,0.998725373,0.037159195,0.125951621,0.675897109,-0.050474049,0.735265576,-0.319959477,0.000000000,0.000000000,0.000000000,1.000000000
1790749324252422330,1790749324,252422330,1790749324257310688,FR_hip,1.000000000,0.000000000,0.000000000,0.193400000,0.000000000,0.997972065,-0.063653411,-0.046500000,0.000000000,0.063653411,0.997972065,0.000000000,0.000000000,0.000000000,0.000000000,1.000000000
1790749324252422330,1790749324,252422330,1790749324257310688,FR_thigh,0.700967907,0.000000000,0.713192816,0.193400000,0.045397155,0.997972065,-0.044618998,-0.141806332,-0.711746508,0.063653411,0.699546390,-0.006078901,0.000000000,0.000000000,0.000000000,1.000000000
1790749324252422330,1790749324,252422330,1790749324257310688,FR_calf,0.764131860,-0.000000000,-0.645060075,0.041489930,-0.041060274,0.997972065,-0.048639599,-0.132302486,0.643751935,0.063653411,0.762582251,-0.155082282,0.000000000,0.000000000,0.000000000,1.000000000
1790749324252422330,1790749324,252422330,1790749324257310688,FR_calflower,0.795416461,0.000000000,-0.606063242,0.152241458,-0.038577992,0.997972065,-0.050630971,-0.125925030,0.604834186,0.063653411,0.793803408,-0.255069416,0.000000000,0.000000000,0.000000000,1.000000000
1790749324252422330,1790749324,252422330,1790749324257310688,FR_calflower1,0.985397747,-0.000000000,-0.170268261,0.168529823,-0.010838156,0.997972065,-0.062723927,-0.123514012,0.169922968,0.063653411,0.983399425,-0.292869894,0.000000000,0.000000000,0.000000000,1.000000000
1790749324252422330,1790749324,252422330,1790749324257310688,FR_foot,0.764131860,-0.000000000,-0.645060075,0.178887726,-0.041060274,0.997972065,-0.048639599,-0.121942251,0.643751935,0.063653411,0.762582251,-0.317512301,0.000000000,0.000000000,0.000000000,1.000000000
1790749324252422330,1790749324,252422330,1790749324257310688,RL_hip,1.000000000,-0.000000000,0.000000000,-0.193400000,0.000000000,0.986724956,0.162400312,0.046500000,-0.000000000,-0.162400312,0.986724956,0.000000000,0.000000000,0.000000000,0.000000000,1.000000000
1790749324252422330,1790749324,252422330,1790749324257310688,RL_thigh,0.658214652,0.000000000,0.752830307,-0.193400000,-0.122259877,0.986724956,0.106894265,0.140732233,-0.742836452,-0.162400312,0.649476824,-0.015509230,0.000000000,0.000000000,0.000000000,1.000000000
1790749324252422330,1790749324,252422330,1790749324257310688,RL_calf,0.803999170,-0.000000000,-0.594630419,-0.353752855,0.096568165,0.986724956,0.130569716,0.117963755,0.586736674,-0.162400312,0.793326045,-0.153847793,0.000000000,0.000000000,0.000000000,1.000000000
1790749324252422330,1790749324,252422330,1790749324257310688,RL_calflower,0.832713515,-0.000000000,-0.553704075,-0.249667570,0.089921714,0.986724956,0.135232934,0.100570800,0.546353629,-0.162400312,0.821659206,-0.259525314,0.000000000,0.000000000,0.000000000,1.000000000
1790749324252422330,1790749324,252422330,1790749324257310688,RL_calflower1,0.994301671,0.000000000,-0.106602943,-0.235846542,0.017312351,0.986724956,0.161474901,0.094262266,0.105187784,-0.162400312,0.981102272,-0.297855219,0.000000000,0.000000000,0.000000000,1.000000000
1790749324252422330,1790749324,252422330,1790749324257310688,RL_foot,0.803999170,-0.000000000,-0.594630419,-0.227096576,0.096568165,0.986724956,0.130569716,0.090152405,0.586736674,-0.162400312,0.793326045,-0.322826241,0.000000000,0.000000000,0.000000000,1.000000000
1790749324252422330,1790749324,252422330,1790749324257310688,RR_hip,1.000000000,0.000000000,0.000000000,-0.193400000,0.000000000,0.987770650,-0.155913897,-0.046500000,0.000000000,0.155913897,0.987770650,0.000000000,0.000000000,0.000000000,0.000000000,1.000000000
1790749324252422330,1790749324,252422330,1790749324257310688,RR_thigh,0.726374229,-0.000000000,0.687299411,-0.193400000,0.107159530,0.987770650,-0.113251837,-0.140832097,-0.678894186,0.155913897,0.717491144,-0.014889777,0.000000000,0.000000000,0.000000000,1.000000000
1790749324252422330,1790749324,252422330,1790749324257310688,RR_calf,0.746288214,0.000000000,-0.665622942,-0.339794774,-0.103779867,0.987770650,-0.116356704,-0.116709456,0.657482806,0.155913897,0.737161595,-0.167715391,0.000000000,0.000000000,0.000000000,1.000000000
1790749324252422330,1790749324,252422330,1790749324257310688,RR_calflower,0.778622830,0.000000000,-0.627492222,-0.226356815,-0.097834758,0.987770650,-0.121398120,-0.101564261,0.619818400,0.155913897,0.769100779,-0.263665651,0.000000000,0.000000000,0.000000000,1.000000000
1790749324252422330,1790749324,252422330,1790749324257310688,RR_calflower1,0.980397338,0.000000000,-0.197030606,-0.209043354,-0.030719810,0.987770650,-0.152857570,-0.095729989,0.194621050,0.155913897,0.968407716,-0.300627866,0.000000000,0.000000000,0.000000000,1.000000000
1790749324252422330,1790749324,252422330,1790749324257310688,RR_foot,0.746288214,0.000000000,-0.665622942,-0.198017088,-0.103779867,0.987770650,-0.116356704,-0.091925478,0.657482806,0.155913897,0.737161595,-0.324730810,0.000000000,0.000000000,0.000000000,1.000000000
1790749324312654199,1790749324,312654199,1790749324323817832,FL_hip,1.000000000,-0.000000000,0.000000000,0.193400000,0.000000000,0.998723844,0.050504290,0.046500000,-0.000000000,-0.050504290,0.998723844,0.000000000,0.000000000,0.000000000,0.000000000,1.000000000
1790749324312654199,1790749324,312654199,1790749324323817832,FL_thigh,0.745231267,-0.000000000,0.666806088,0.193400000,-0.033676568,0.998723844,0.037637376,0.141878127,-0.665955139,-0.050504290,0.744280236,-0.004823160,0.000000000,0.000000000,0.000000000,1.000000000
1790749324312654199,1790749324,312654199,1790749324323817832,FL_calf,0.736194119,0.000000000,-0.676770433,0.051370303,0.034179810,0.998723844,0.037180961,0.133861366,0.675906768,-0.050504290,0.735254621,-0.163354850,0.000000000,0.000000000,0.000000000,1.000000000
1790749324312654199,1790749324,312654199,1790749324323817832,FL_calflower,0.769098492,-0.000000000,-0.639130275,0.166256210,0.032278821,0.998723844,0.038842773,0.129042180,0.638314646,-0.050504290,0.768117003,-0.258654398,0.000000000,0.000000000,0.000000000,1.000000000
1790749324312654199,1790749324,312654199,1790749324323817832,FL_calflower1,0.977323510,-0.000000000,-0.211751642,0.184130436,0.010694366,0.998723844,0.049359030,0.127165681,0.211481413,-0.050504290,0.976076292,-0.295762225,0.000000000,0.000000000,0.000000000,1.000000000
1790749324312654199,1790749324,312654199,1790749324323817832,FL_foot,0.736194119,0.000000000,-0.676770433,0.195522405,0.034179810,0.998723844,0.037180961,0.125941821,0.675906768,-0.050504290,0.735254621,-0.319964084,0.000000000,0.000000000,0.000000000,1.000000000
1790749324312654199,1790749324,312654199,1790749324323817832,FR_hip,1.000000000,0.000000000,0.000000000,0.193400000,0.000000000,0.997970138,-0.063683628,-0.046500000,0.000000000,0.063683628,0.997970138,0.000000000,0.000000000,0.000000000,0.000000000,1.000000000
1790749324312654199,1790749324,312654199,1790749324323817832,FR_thigh,0.701011096,0.000000000,0.713150366,0.193400000,0.045416003,0.997970138,-0.044642930,-0.141806148,-0.711702768,0.063683628,0.699588139,-0.006081787,0.000000000,0.000000000,0.000000000,1.000000000
1790749324312654199,1790749324,312654199,1790749324323817832,FR_calf,0.764092795,0.000000000,-0.645106348,0.041498972,-0.041082713,0.997970138,-0.048660202,-0.132297204,0.643796871,0.063683628,0.762541792,-0.155094060,0.000000000,0.000000000,0.000000000,1.000000000
1790749324312654199,1790749324,312654199,1790749324323817832,FR_calflower,0.795379757,0.000000000,-0.606111410,0.152256568,-0.038599374,0.997970138,-0.050652669,-0.125917148,0.604881087,0.063683628,0.793765246,-0.255074308,0.000000000,0.000000000,0.000000000,1.000000000
1790749324312654199,1790749324,312654199,1790749324323817832,FR_calflower1,0.985387434,0.000000000,-0.170327935,0.168547226,-0.010847101,0.997970138,-0.062753047,-0.123505048,0.169982193,0.063683628,0.983387233,-0.292873729,0.000000000,0.000000000,0.000000000,1.000000000
1790749324312654199,1790749324,312654199,1790749324323817832,FR_foot,0.764092795,0.000000000,-0.645106348,0.178906624,-0.041082713,0.997970138,-0.048660202,-0.121932581,0.643796871,0.063683628,0.762541792,-0.317515462,0.000000000,0.000000000,0.000000000,1.000000000
1790749324312654199,1790749324,312654199,1790749324323817832,RL_hip,1.000000000,-0.000000000,0.000000000,-0.193400000,0.000000000,0.986724956,0.162400312,0.046500000,-0.000000000,-0.162400312,0.986724956,0.000000000,0.000000000,0.000000000,0.000000000,1.000000000
1790749324312654199,1790749324,312654199,1790749324323817832,RL_thigh,0.658260241,-0.000000000,0.752790446,-0.193400000,-0.122253403,0.986724956,0.106901668,0.140732233,-0.742797119,-0.162400312,0.649521807,-0.015509230,0.000000000,0.000000000,0.000000000,1.000000000
1790749324312654199,1790749324,312654199,1790749324323817832,RL_calf,0.803963158,0.000000000,-0.594679107,-0.353744365,0.096576072,0.986724956,0.130563868,0.117962178,0.586784715,-0.162400312,0.793290512,-0.153857375,0.000000000,0.000000000,0.000000000,1.000000000
1790749324312654199,1790749324,312654199,1790749324323817832,RL_calflower,0.832679982,0.000000000,-0.553754502,-0.249652594,0.089929904,0.986724956,0.135227489,0.100570247,0.546403386,-0.162400312,0.821626118,-0.259528676,0.000000000,0.000000000,0.000000000,1.000000000
1790749324312654199,1790749324,312654199,1790749324323817832,RL_calflower1,0.994295213,-0.000000000,-0.106663156,-0.235829214,0.017322130,0.986724956,0.161473853,0.094261848,0.105247198,-0.162400312,0.981095901,-0.297857755,0.000000000,0.000000000,0.000000000,1.000000000
1790749324312654199,1790749324,312654199,1790749324323817832,RL_foot,0.803963158,0.000000000,-0.594679107,-0.227077715,0.096576072,0.986724956,0.130563868,0.090152074,0.586784715,-0.162400312,0.793290512,-0.322828254,0.000000000,0.000000000,0.000000000,1.000000000
1790749324312654199,1790749324,312654199,1790749324323817832,RR_hip,1.000000000,0.000000000,0.000000000,-0.193400000,0.000000000,0.987775370,-0.155883988,-0.046500000,0.000000000,0.155883988,0.987775370,0.000000000,0.000000000,0.000000000,0.000000000,1.000000000
1790749324312654199,1790749324,312654199,1790749324323817832,RR_thigh,0.726395039,-0.000000000,0.687277416,-0.193400000,0.107135545,0.987775370,-0.113233356,-0.140832548,-0.678875704,0.155883988,0.717515129,-0.014886921,0.000000000,0.000000000,0.000000000,1.000000000
1790749324312654199,1790749324,312654199,1790749324323817832,RR_calf,0.746247031,-0.000000000,-0.665669113,-0.339790090,-0.103767156,0.987775370,-0.116327963,-0.116713843,0.657531555,0.155883988,0.737124438,-0.167717643,0.000000000,0.000000000,0.000000000,1.000000000
1790749324312654199,1790749324,312654199,1790749324323817832,RR_calflower,0.778584006,-0.000000000,-0.627540394,-0.226346120,-0.097823499,0.987775370,-0.121368780,-0.101572648,0.619868945,0.155883988,0.769066105,-0.263661429,0.000000000,0.000000000,0.000000000,1.000000000
1790749324312654199,1790749324,312654199,1790749324323817832,RR_calflower1,0.980385146,-0.000000000,-0.197091263,-0.209030345,-0.030723372,0.987775370,-0.152826347,-0.095739661,0.194681895,0.155883988,0.968400301,-0.300622763,0.000000000,0.000000000,0.000000000,1.000000000
1790749324312654199,1790749324,312654199,1790749324323817832,RR_foot,0.746247031,-0.000000000,-0.665669113,-0.198002569,-0.103767156,0.987775370,-0.116327963,-0.091935987,0.657531555,0.155883988,0.737124438,-0.324725149,0.000000000,0.000000000,0.000000000,1.000000000
1790749324379165859,1790749324,379165859,1790749324390385608,FL_hip,1.000000000,-0.000000000,0.000000000,0.193400000,0.000000000,0.998723844,0.050504290,0.046500000,-0.000000000,-0.050504290,0.998723844,0.000000000,0.000000000,0.000000000,0.000000000,1.000000000
1790749324379165859,1790749324,379165859,1790749324390385608,FL_thigh,0.745190885,0.000000000,0.666851216,0.193400000,-0.033678847,0.998723844,0.037635336,0.141878127,-0.666000210,-0.050504290,0.744239905,-0.004823160,0.000000000,0.000000000,0.000000000,1.000000000
1790749324379165859,1790749324,379165859,1790749324390385608,FL_calf,0.736245831,0.000000000,-0.676714176,0.051360691,0.034176969,0.998723844,0.037183573,0.133861800,0.675850583,-0.050504290,0.735306267,-0.163346259,0.000000000,0.000000000,0.000000000,1.000000000
1790749324379165859,1790749324,379165859,1790749324390385608,FL_calflower,0.769147328,0.000000000,-0.639071504,0.166239306,0.032275852,0.998723844,0.038845240,0.129042171,0.638255949,-0.050504290,0.768165776,-0.258654575,0.000000000,0.000000000,0.000000000,1.000000000
1790749324379165859,1790749324,379165859,1790749324390385608,FL_calflower1,0.977339687,-0.000000000,-0.211676961,0.184110692,0.010690595,0.998723844,0.049359847,0.127165603,0.211406828,-0.050504290,0.976092449,-0.295763766,0.000000000,0.000000000,0.000000000,1.000000000
1790749324379165859,1790749324,379165859,1790749324390385608,FL_foot,0.736245831,0.000000000,-0.676714176,0.195500810,0.034176969,0.998723844,0.037183573,0.125941699,0.675850583,-0.050504290,0.735306267,-0.319966494,0.000000000,0.000000000,0.000000000,1.000000000
1790749324379165859,1790749324,379165859,1790749324390385608,FR_hip,1.000000000,0.000000000,0.000000000,0.193400000,0.000000000,0.997968209,-0.063713846,-0.046500000,0.000000000,0.063713846,0.997968209,0.000000000,0.000000000,0.000000000,0.000000000,1.000000000
1790749324379165859,1790749324,379165859,1790749324390385608,FR_thigh,0.701011096,-0.000000000,0.713150366,0.193400000,0.045437553,0.997968209,-0.044664113,-0.141805964,-0.711701393,0.063713846,0.699586787,-0.006084672,0.000000000,0.000000000,0.000000000,1.000000000
1790749324379165859,1790749324,379165859,1790749324390385608,FR_calf,0.764082644,0.000000000,-0.645118372,0.041498972,-0.041102973,0.997968209,-0.048682644,-0.132292508,0.643807626,0.063713846,0.762530187,-0.155096658,0.000000000,0.000000000,0.000000000,1.000000000
1790749324379165859,1790749324,379165859,1790749324390385608,FR_calflower,0.795370220,0.000000000,-0.606123926,0.152258144,-0.038618486,0.997968209,-0.050676096,-0.125909536,0.604892409,0.063713846,0.793754194,-0.255074973,0.000000000,0.000000000,0.000000000,1.000000000
1790749324379165859,1790749324,379165859,1790749324390385608,FR_calflower1,0.985384753,-0.000000000,-0.170343441,0.168549399,-0.010853236,0.997968209,-0.062782652,-0.123496307,0.169997338,0.063713846,0.983382657,-0.292874065,0.000000000,0.000000000,0.000000000,1.000000000
1790749324379165859,1790749324,379165859,1790749324390385608,FR_foot,0.764082644,0.000000000,-0.645118372,0.178909185,-0.041102973,0.997968209,-0.048682644,-0.121923105,0.643807626,0.063713846,0.762530187,-0.317515588,0.000000000,0.000000000,0.000000000,1.000000000
1790749324379165859,1790749324,379165859,1790749324390385608,RL_hip,1.000000000,-0.000000000,0.000000000,-0.193400000,0.000000000,0.986729873,0.162370434,0.046500000,-0.000000000,-0.162370434,0.986729873,0.000000000,0.000000000,0.000000000,0.000000000,1.000000000
1790749324379165859,1790749324,379165859,1790749324390385608,RL_thigh,0.658260241,0.000000000,0.752790446,-0.193400000,-0.122230912,0.986729873,0.106882001,0.140732703,-0.742800821,-0.162370434,0.649525044,-0.015506376,0.000000000,0.000000000,0.000000000,1.000000000
1790749324379165859,1790749324,379165859,1790749324390385608,RL_calf,0.803963158,0.000000000,-0.594679107,-0.353744365,0.096558305,0.986729873,0.130539847,0.117966837,0.586787639,-0.162370434,0.793294465,-0.153855211,0.000000000,0.000000000,0.000000000,1.000000000
1790749324379165859,1790749324,379165859,1790749324390385608,RL_calflower,0.832679982,0.000000000,-0.553754502,-0.249652594,0.089913359,0.986729873,0.135202610,0.100578105,0.546406109,-0.162370434,0.821630212,-0.259527039,0.000000000,0.000000000,0.000000000,1.000000000
1790749324379165859,1790749324,379165859,1790749324390385608,RL_calflower1,0.994295213,0.000000000,-0.106663156,-0.235829214,0.017318943,0.986729873,0.161444146,0.094270867,0.105247723,-0.162370434,0.981100789,-0.297856308,0.000000000,0.000000000,0.000000000,1.000000000
1790749324379165859,1790749324,379165859,1790749324390385608,RL_foot,0.803963158,0.000000000,-0.594679107,-0.227077715,0.096558305,0.986729873,0.130539847,0.090161849,0.586787639,-0.162370434,0.793294465,-0.322826932,0.000000000,0.000000000,0.000000000,1.000000000
1790749324379165859,1790749324,379165859,1790749324390385608,RR_hip,1.000000000,0.000000000,0.000000000,-0.193400000,0.000000000,0.987765931,-0.155943791,-0.046500000,0.000000000,0.155943791,0.987765931,0.000000000,0.000000000,0.000000000,0.000000000,1.000000000
1790749324379165859,1790749324,379165859,1790749324390385608,RR_thigh,0.726374229,-0.000000000,0.687299411,-0.193400000,0.107180076,0.987765931,-0.113273551,-0.140831646,-0.678890942,0.155943791,0.717487716,-0.014892632,0.000000000,0.000000000,0.000000000,1.000000000
1790749324379165859,1790749324,379165859,1790749324390385608,RR_calf,0.746288214,-0.000000000,-0.665622942,-0.339794774,-0.103799765,0.987765931,-0.116379014,-0.116704380,0.657479665,0.155943791,0.737158073,-0.167717516,0.000000000,0.000000000,0.000000000,1.000000000
1790749324379165859,1790749324,379165859,1790749324390385608,RR_calflower,0.778622830,0.000000000,-0.627492222,-0.226356815,-0.097853516,0.987765931,-0.121421396,-0.101556281,0.619815438,0.155943791,0.769097105,-0.263667317,0.000000000,0.000000000,0.000000000,1.000000000
1790749324379165859,1790749324,379165859,1790749324390385608,RR_calflower1,0.980397338,-0.000000000,-0.197030606,-0.209043354,-0.030725700,0.987765931,-0.152886878,-0.095720890,0.194620120,0.155943791,0.968403089,-0.300629356,0.000000000,0.000000000,0.000000000,1.000000000
1790749324379165859,1790749324,379165859,1790749324390385608,RR_foot,0.746288214,-0.000000000,-0.665622942,-0.198017088,-0.103799765,0.987765931,-0.116379014,-0.091915650,0.657479665,0.155943791,0.737158073,-0.324732185,0.000000000,0.000000000,0.000000000,1.000000000
1790749324451842858,1790749324,451842858,1790749324457151503,FL_hip,1.000000000,-0.000000000,0.000000000,0.193400000,0.000000000,0.998726901,0.050443812,0.046500000,-0.000000000,-0.050443812,0.998726901,0.000000000,0.000000000,0.000000000,0.000000000,1.000000000
1790749324451842858,1790749324,451842858,1790749324457151503,FL_thigh,0.745211076,0.000000000,0.666828652,0.193400000,-0.033637379,0.998726901,0.037591288,0.141878419,-0.665979713,-0.050443812,0.744262349,-0.004817384,0.000000000,0.000000000,0.000000000,1.000000000
1790749324451842858,1790749324,451842858,1790749324457151503,FL_calf,0.736214611,0.000000000,-0.676748141,0.051365497,0.034137756,0.998726901,0.037137472,0.133871475,0.675886573,-0.050443812,0.735277337,-0.163345264,0.000000000,0.000000000,0.000000000,1.000000000
1790749324451842858,1790749324,451842858,1790749324457151503,FL_calflower,0.769117844,0.000000000,-0.639106987,0.166248514,0.032238993,0.998726901,0.038797236,0.129057884,0.638293341,-0.050443812,0.768138681,-0.258648579,0.000000000,0.000000000,0.000000000,1.000000000
1790749324451842858,1790749324,451842858,1790749324457151503,FL_calflower1,0.977329921,0.000000000,-0.211722049,0.184121615,0.010680067,0.998726901,0.049300247,0.127183605,0.211452506,-0.050443812,0.976085683,-0.295757059,0.000000000,0.000000000,0.000000000,1.000000000
1790749324451842858,1790749324,451842858,1790749324457151503,FL_foot,0.736214611,0.000000000,-0.676748141,0.195512851,0.034137756,0.998726901,0.037137472,0.125961193,0.675886573,-0.050443812,0.735277337,-0.319959337,0.000000000,0.000000000,0.000000000,1.000000000
1790749324451842858,1790749324,451842858,1790749324457151503,FR_hip,1.000000000,0.000000000,0.000000000,0.193400000,0.000000000,0.997968209,-0.063713846,-0.046500000,0.000000000,0.063713846,0.997968209,0.000000000,0.000000000,0.000000000,0.000000000,1.000000000
1790749324451842858,1790749324,451842858,1790749324457151503,FR_thigh,0.701011096,-0.000000000,0.713150366,0.193400000,0.045437553,0.997968209,-0.044664113,-0.141805964,-0.711701393,0.063713846,0.699586787,-0.006084672,0.000000000,0.000000000,0.000000000,1.000000000
1790749324451842858,1790749324,451842858,1790749324457151503,FR_calf,0.764072415,0.000000000,-0.645130486,0.041498972,-0.041103744,0.997968209,-0.048681992,-0.132292508,0.643819716,0.063713846,0.762519980,-0.155096658,0.000000000,0.000000000,0.000000000,1.000000000
1790749324451842858,1790749324,451842858,1790749324457151503,FR_calflower,0.795360610,0.000000000,-0.606136536,0.152259732,-0.038619290,0.997968209,-0.050675483,-0.125909648,0.604904993,0.063713846,0.793744603,-0.255073221,0.000000000,0.000000000,0.000000000,1.000000000
1790749324451842858,1790749324,451842858,1790749324457151503,FR_calflower1,0.985382053,0.000000000,-0.170359064,0.168551588,-0.010854231,0.997968209,-0.062782480,-0.123496436,0.170012930,0.063713846,0.983379962,-0.292872055,0.000000000,0.000000000,0.000000000,1.000000000
1790749324451842858,1790749324,451842858,1790749324457151503,FR_foot,0.764072415,0.000000000,-0.645130486,0.178911766,-0.041103744,0.997968209,-0.048681992,-0.121923244,0.643819716,0.063713846,0.762519980,-0.317513414,0.000000000,0.000000000,0.000000000,1.000000000
1790749324451842858,1790749324,451842858,1790749324457151503,RL_hip,1.000000000,-0.000000000,0.000000000,-0.193400000,0.000000000,0.986729873,0.162370434,0.046500000,-0.000000000,-0.162370434,0.986729873,0.000000000,0.000000000,0.000000000,0.000000000,1.000000000
1790749324451842858,1790749324,451842858,1790749324457151503,RL_thigh,0.658260241,0.000000000,0.752790446,-0.193400000,-0.122230912,0.986729873,0.106882001,0.140732703,-0.742800821,-0.162370434,0.649525044,-0.015506376,0.000000000,0.000000000,0.000000000,1.000000000
1790749324451842858,1790749324,451842858,1790749324457151503,RL_calf,0.803972587,0.000000000,-0.594666360,-0.353744365,0.096556235,0.986729873,0.130541378,0.117966837,0.586775062,-0.162370434,0.793303768,-0.153855211,0.000000000,0.000000000,0.000000000,1.000000000
1790749324451842858,1790749324,451842858,1790749324457151503,RL_calflower,0.832688761,0.000000000,-0.553741300,-0.249654292,0.089911215,0.986729873,0.135204036,0.100577837,0.546393082,-0.162370434,0.821638875,-0.259528667,0.000000000,0.000000000,0.000000000,1.000000000
1790749324451842858,1790749324,451842858,1790749324457151503,RL_calflower1,0.994296904,0.000000000,-0.106647392,-0.235831528,0.017316383,0.986729873,0.161444420,0.094270564,0.105232167,-0.162370434,0.981102458,-0.297858153,0.000000000,0.000000000,0.000000000,1.000000000
1790749324451842858,1790749324,451842858,1790749324457151503,RL_foot,0.803972587,0.000000000,-0.594666360,-0.227080430,0.096556235,0.986729873,0.130541378,0.090161523,0.586775062,-0.162370434,0.793303768,-0.322828914,0.000000000,0.000000000,0.000000000,1.000000000
1790749324451842858,1790749324,451842858,1790749324457151503,RR_hip,1.000000000,0.000000000,0.000000000,-0.193400000,0.000000000,0.987765931,-0.155943791,-0.046500000,0.000000000,0.155943791,0.987765931,0.000000000,0.000000000,0.000000000,0.000000000,1.000000000
1790749324451842858,1790749324,451842858,1790749324457151503,RR_thigh,0.726395039,0.000000000,0.687277416,-0.193400000,0.107176646,0.987765931,-0.113276796,-0.140831646,-0.678869217,0.155943791,0.717508272,-0.014892632,0.000000000,0.000000000,0.000000000,1.000000000
1790749324451842858,1790749324,451842858,1790749324457151503,RR_calf,0.746257506,-0.000000000,-0.665657371,-0.339790090,-0.103805134,0.987765931,-0.116374225,-0.116703689,0.657513672,0.155943791,0.737127740,-0.167721894,0.000000000,0.000000000,0.000000000,1.000000000
1790749324451842858,1790749324,451842858,1790749324457151503,RR_calflower,0.778593881,0.000000000,-0.627528142,-0.226347649,-0.097859118,0.987765931,-0.121416882,-0.101556406,0.619850919,0.155943791,0.769068509,-0.263666526,0.000000000,0.000000000,0.000000000,1.000000000
1790749324451842858,1790749324,451842858,1790749324457151503,RR_calflower1,0.980388247,-0.000000000,-0.197075836,-0.209032462,-0.030732753,0.987765931,-0.152885460,-0.095721140,0.194664796,0.155943791,0.968394109,-0.300627776,0.000000000,0.000000000,0.000000000,1.000000000
1790749324451842858,1790749324,451842858,1790749324457151503,RR_foot,0.746257506,-0.000000000,-0.665657371,-0.198005070,-0.103805134,0.987765931,-0.116374225,-0.091915979,0.657513672,0.155943791,0.737127740,-0.324730103,0.000000000,0.000000000,0.000000000,1.000000000
1790749324512458414,1790749324,512458414,1790749324523827577,FL_hip,1.000000000,-0.000000000,0.000000000,0.193400000,0.000000000,0.998725373,0.050474049,0.046500000,-0.000000000,-0.050474049,0.998725373,0.000000000,0.000000000,0.000000000,0.000000000,1.000000000
1790749324512458414,1790749324,512458414,1790749324523827577,FL_thigh,0.745211076,0.000000000,0.666828652,0.193400000,-0.033657542,0.998725373,0.037613821,0.141878273,-0.665978694,-0.050474049,0.744261210,-0.004820272,0.000000000,0.000000000,0.000000000,1.000000000
1790749324512458414,1790749324,512458414,1790749324523827577,FL_calf,0.736225341,0.000000000,-0.676736468,0.051365497,0.034157630,0.998725373,0.037160274,0.133866529,0.675873882,-0.050474049,0.735286928,-0.163347909,0.000000000,0.000000000,0.000000000,1.000000000
1790749324512458414,1790749324,512458414,1790749324523827577,FL_calflower,0.769127977,0.000000000,-0.639094793,0.166247001,0.032257702,0.998725373,0.038821003,0.129049961,0.638280186,-0.050474049,0.768147626,-0.258652897,0.000000000,0.000000000,0.000000000,1.000000000
1790749324512458414,1790749324,512458414,1790749324523827577,FL_calflower1,0.977333277,-0.000000000,-0.211706553,0.184119513,0.010685687,0.998725373,0.049329968,0.127174544,0.211436707,-0.050474049,0.976087542,-0.295761604,0.000000000,0.000000000,0.000000000,1.000000000
1790749324512458414,1790749324,512458414,1790749324523827577,FL_foot,0.736225341,0.000000000,-0.676736468,0.195510365,0.034157630,0.998725373,0.037160274,0.125951391,0.675873882,-0.050474049,0.735286928,-0.319964025,0.000000000,0.000000000,0.000000000,1.000000000
1790749324512458414,1790749324,512458414,1790749324523827577,FR_hip,1.000000000,0.000000000,0.000000000,0.193400000,0.000000000,0.997968209,-0.063713846,-0.046500000,0.000000000,0.063713846,0.997968209,0.000000000,0.000000000,0.000000000,0.000000000,1.000000000
1790749324512458414,1790749324,512458414,1790749324523827577,FR_thigh,0.701011096,-0.000000000,0.713150366,0.193400000,0.045437553,0.997968209,-0.044664113,-0.141805964,-0.711701393,0.063713846,0.699586787,-0.006084672,0.000000000,0.000000000,0.000000000,1.000000000
1790749324512458414,1790749324,512458414,1790749324523827577,FR_calf,0.764082644,0.000000000,-0.645118372,0.041498972,-0.041102973,0.997968209,-0.048682644,-0.132292508,0.643807626,0.063713846,0.762530187,-0.155096658,0.000000000,0.000000000,0.000000000,1.000000000
1790749324512458414,1790749324,512458414,1790749324523827577,FR_calflower,0.795370220,0.000000000,-0.606123926,0.152258144,-0.038618486,0.997968209,-0.050676096,-0.125909536,0.604892409,0.063713846,0.793754194,-0.255074973,0.000000000,0.000000000,0.000000000,1.000000000
1790749324512458414,1790749324,512458414,1790749324523827577,FR_calflower1,0.985384753,-0.000000000,-0.170343441,0.168549399,-0.010853236,0.997968209,-0.062782652,-0.123496307,0.169997338,0.063713846,0.983382657,-0.292874065,0.000000000,0.000000000,0.000000000,1.000000000
1790749324512458414,1790749324,512458414,1790749324523827577,FR_foot,0.764082644,0.000000000,-0.645118372,0.178909185,-0.041102973,0.997968209,-0.048682644,-0.121923105,0.643807626,0.063713846,0.762530187,-0.317515588,0.000000000,0.000000000,0.000000000,1.000000000
1790749324512458414,1790749324,512458414,1790749324523827577,RL_hip,1.000000000,-0.000000000,0.000000000,-0.193400000,0.000000000,0.986724956,0.162400312,0.046500000,-0.000000000,-0.162400312,0.986724956,0.000000000,0.000000000,0.000000000,0.000000000,1.000000000
1790749324512458414,1790749324,512458414,1790749324523827577,RL_thigh,0.658237447,0.000000000,0.752810377,-0.193400000,-0.122256640,0.986724956,0.106897967,0.140732233,-0.742816786,-0.162400312,0.649499316,-0.015509230,0.000000000,0.000000000,0.000000000,1.000000000
1790749324512458414,1790749324,512458414,1790749324523827577,RL_calf,0.803981164,0.000000000,-0.594654763,-0.353748610,0.096572119,0.986724956,0.130566792,0.117962966,0.586760695,-0.162400312,0.793308279,-0.153852584,0.000000000,0.000000000,0.000000000,1.000000000
1790749324512458414,1790749324,512458414,1790749324523827577,RL_calflower,0.832696748,0.000000000,-0.553729289,-0.249660082,0.089925809,0.986724956,0.135230211,0.100570524,0.546378508,-0.162400312,0.821642662,-0.259526995,0.000000000,0.000000000,0.000000000,1.000000000
1790749324512458414,1790749324,512458414,1790749324523827577,RL_calflower1,0.994298442,0.000000000,-0.106633050,-0.235837878,0.017317241,0.986724956,0.161474377,0.094262057,0.105217491,-0.162400312,0.981099087,-0.297856487,0.000000000,0.000000000,0.000000000,1.000000000
1790749324512458414,1790749324,512458414,1790749324523827577,RL_foot,0.803981164,0.000000000,-0.594654763,-0.227087146,0.096572119,0.986724956,0.130566792,0.090152240,0.586760695,-0.162400312,0.793308279,-0.322827247,0.000000000,0.000000000,0.000000000,1.000000000
1790749324512458414,1790749324,512458414,1790749324523827577,RR_hip,1.000000000,0.000000000,0.000000000,-0.193400000,0.000000000,0.987780090,-0.155854079,-0.046500000,0.000000000,0.155854079,0.987780090,0.000000000,0.000000000,0.000000000,0.000000000,1.000000000
1790749324512458414,1790749324,512458414,1790749324523827577,RR_thigh,0.726395039,0.000000000,0.687277416,-0.193400000,0.107114989,0.987780090,-0.113211630,-0.140832999,-0.678878948,0.155854079,0.717518557,-0.014884065,0.000000000,0.000000000,0.000000000,1.000000000
1790749324512458414,1790749324,512458414,1790749324523827577,RR_calf,0.746268060,-0.000000000,-0.665645539,-0.339790090,-0.103743572,0.987780090,-0.116308921,-0.116718921,0.657511410,0.155854079,0.737148731,-0.167715517,0.000000000,0.000000000,0.000000000,1.000000000
1790749324512458414,1790749324,512458414,1790749324523827577,RR_calflower,0.778603830,0.000000000,-0.627515797,-0.226349189,-0.097800897,0.987780090,-0.121348583,-0.101580073,0.619847611,0.155854079,0.769089361,-0.263663301,0.000000000,0.000000000,0.000000000,1.000000000
1790749324512458414,1790749324,512458414,1790749324523827577,RR_calflower1,0.980391372,-0.000000000,-0.197060292,-0.209034595,-0.030712650,0.987780090,-0.152797994,-0.095748120,0.194652233,0.155854079,0.968411077,-0.300625352,0.000000000,0.000000000,0.000000000,1.000000000
1790749324512458414,1790749324,512458414,1790749324523827577,RR_foot,0.746268060,-0.000000000,-0.665645539,-0.198007590,-0.103743572,0.987780090,-0.116308921,-0.091945121,0.657511410,0.155854079,0.737148731,-0.324728197,0.000000000,0.000000000,0.000000000,1.000000000
1790749325114859586,1790749325,114859586,1790749325123849224,FL_hip,1.000000000,-0.000000000,0.000000000,0.193400000,0.000000000,0.998726901,0.050443812,0.046500000,-0.000000000,-0.050443812,0.998726901,0.000000000,0.000000000,0.000000000,0.000000000,1.000000000
1790749325114859586,1790749325,114859586,1790749325123849224,FL_thigh,0.745271646,0.000000000,0.666760957,0.193400000,-0.033633965,0.998726901,0.037594343,0.141878419,-0.665912103,-0.050443812,0.744322841,-0.004817384,0.000000000,0.000000000,0.000000000,1.000000000
1790749325114859586,1790749325,114859586,1790749325123849224,FL_calf,0.736142484,-0.000000000,-0.676826598,0.051379916,0.034141714,0.998726901,0.037133833,0.133870824,0.675964930,-0.050443812,0.735205301,-0.163358149,0.000000000,0.000000000,0.000000000,1.000000000
1790749325114859586,1790749325,114859586,1790749325123849224,FL_calflower,0.769049728,0.000000000,-0.639188951,0.166273102,0.032243127,0.998726901,0.038793800,0.129057851,0.638375200,-0.050443812,0.768070652,-0.258649235,0.000000000,0.000000000,0.000000000,1.000000000
1790749325114859586,1790749325,114859586,1790749325123849224,FL_calflower1,0.977307351,-0.000000000,-0.211826205,0.184150163,0.010685321,0.998726901,0.049299109,0.127183668,0.211556529,-0.050443812,0.976063142,-0.295755813,0.000000000,0.000000000,0.000000000,1.000000000
1790749325114859586,1790749325,114859586,1790749325123849224,FL_foot,0.736142484,-0.000000000,-0.676826598,0.195543982,0.034141714,0.998726901,0.037133833,0.125961317,0.675964930,-0.050443812,0.735205301,-0.319956878,0.000000000,0.000000000,0.000000000,1.000000000
1790749325114859586,1790749325,114859586,1790749325123849224,FR_hip,1.000000000,0.000000000,0.000000000,0.193400000,0.000000000,0.997968209,-0.063713846,-0.046500000,0.000000000,0.063713846,0.997968209,0.000000000,0.000000000,0.000000000,0.000000000,1.000000000
1790749325114859586,1790749325,114859586,1790749325123849224,FR_thigh,0.701075873,0.000000000,0.713086685,0.193400000,0.045433495,0.997968209,-0.044668240,-0.141805964,-0.711637841,0.063713846,0.699651434,-0.006084672,0.000000000,0.000000000,0.000000000,1.000000000
1790749325114859586,1790749325,114859586,1790749325123849224,FR_calf,0.764024040,0.000000000,-0.645187776,0.041512536,-0.041107395,0.997968209,-0.048678910,-0.132291629,0.643876890,0.063713846,0.762471702,-0.155110428,0.000000000,0.000000000,0.000000000,1.000000000
1790749325114859586,1790749325,114859586,1790749325123849224,FR_calflower,0.795315158,0.000000000,-0.606196173,0.152280808,-0.038623090,0.997968209,-0.050672587,-0.125909298,0.604964509,0.063713846,0.793699243,-0.255078702,0.000000000,0.000000000,0.000000000,1.000000000
1790749325114859586,1790749325,114859586,1790749325123849224,FR_calflower1,0.985369276,0.000000000,-0.170432950,0.168575503,-0.010858939,0.997968209,-0.062781666,-0.123496164,0.170086666,0.063713846,0.983367211,-0.292876317,0.000000000,0.000000000,0.000000000,1.000000000
1790749325114859586,1790749325,114859586,1790749325123849224,FR_foot,0.764024040,0.000000000,-0.645187776,0.178937533,-0.041107395,0.997968209,-0.048678910,-0.121923021,0.643876890,0.063713846,0.762471702,-0.317516900,0.000000000,0.000000000,0.000000000,1.000000000
1790749325114859586,1790749325,114859586,1790749325123849224,RL_hip,1.000000000,-0.000000000,0.000000000,-0.193400000,0.000000000,0.986729873,0.162370434,0.046500000,-0.000000000,-0.162370434,0.986729873,0.000000000,0.000000000,0.000000000,0.000000000,1.000000000
1790749325114859586,1790749325,114859586,1790749325123849224,RL_thigh,0.658305828,0.000000000,0.752750581,-0.193400000,-0.122224439,0.986729873,0.106889403,0.140732703,-0.742761485,-0.162370434,0.649570026,-0.015506376,0.000000000,0.000000000,0.000000000,1.000000000
1790749325114859586,1790749325,114859586,1790749325123849224,RL_calf,0.803927144,0.000000000,-0.594727792,-0.353735874,0.096566210,0.986729873,0.130534000,0.117965260,0.586835679,-0.162370434,0.793258929,-0.153864792,0.000000000,0.000000000,0.000000000,1.000000000
1790749325114859586,1790749325,114859586,1790749325123849224,RL_calflower,0.832646446,0.000000000,-0.553804926,-0.249637618,0.089921546,0.986729873,0.135197165,0.100577552,0.546455865,-0.162370434,0.821597121,-0.259530400,0.000000000,0.000000000,0.000000000,1.000000000
1790749325114859586,1790749325,114859586,1790749325123849224,RL_calflower1,0.994288752,-0.000000000,-0.106723369,-0.235811885,0.017328720,0.986729873,0.161443097,0.094270450,0.105307136,-0.162370434,0.981094414,-0.297858843,0.000000000,0.000000000,0.000000000,1.000000000
1790749325114859586,1790749325,114859586,1790749325123849224,RL_foot,0.803927144,0.000000000,-0.594727792,-0.227058854,0.096566210,0.986729873,0.130534000,0.090161518,0.586835679,-0.162370434,0.793258929,-0.322828944,0.000000000,0.000000000,0.000000000,1.000000000
1790749325114859586,1790749325,114859586,1790749325123849224,RR_hip,1.000000000,0.000000000,0.000000000,-0.193400000,0.000000000,0.987770650,-0.155913897,-0.046500000,0.000000000,0.155913897,0.987770650,0.000000000,0.000000000,0.000000000,0.000000000,1.000000000
1790749325114859586,1790749325,114859586,1790749325123849224,RR_thigh,0.726436658,0.000000000,0.687233426,-0.193400000,0.107149242,0.987770650,-0.113261570,-0.140832097,-0.678829008,0.155913897,0.717552810,-0.014889777,0.000000000,0.000000000,0.000000000,1.000000000
1790749325114859586,1790749325,114859586,1790749325123849224,RR_calf,0.746217193,0.000000000,-0.665702561,-0.339780720,-0.103792281,0.987770650,-0.116345631,-0.116707383,0.657561452,0.155913897,0.737091442,-0.167728526,0.000000000,0.000000000,0.000000000,1.000000000
1790749325114859586,1790749325,114859586,1790749325123849224,RR_calflower,0.778555877,-0.000000000,-0.627575291,-0.226332397,-0.097847709,0.987770650,-0.121387681,-0.101564075,0.619900453,0.155913897,0.769034645,-0.263666830,0.000000000,0.000000000,0.000000000,1.000000000
1790749325114859586,1790749325,114859586,1790749325123849224,RR_calflower1,0.980376311,0.000000000,-0.197135206,-0.209014944,-0.030736118,0.987770650,-0.152854291,-0.095730090,0.194724370,0.155913897,0.968386946,-0.300627220,0.000000000,0.000000000,0.000000000,1.000000000
1790749325114859586,1790749325,114859586,1790749325123849224,RR_foot,0.746217193,0.000000000,-0.665702561,-0.197986074,-0.103792281,0.987770650,-0.116345631,-0.091925763,0.657561452,0.155913897,0.737091442,-0.324729003,0.000000000,0.000000000,0.000000000,1.000000000
1790749325170187440,1790749325,170187440,1790749325190367550,FL_hip,1.000000000,-0.000000000,0.000000000,0.193400000,0.000000000,0.998723844,0.050504290,0.046500000,-0.000000000,-0.050504290,0.998723844,0.000000000,0.000000000,0.000000000,0.000000000,1.000000000
1790749325170187440,1790749325,170187440,1790749325190367550,FL_thigh,0.745251457,0.000000000,0.666783522,0.193400000,-0.033675428,0.998723844,0.037638396,0.141878127,-0.665932603,-0.050504290,0.744300400,-0.004823160,0.000000000,0.000000000,0.000000000,1.000000000
1790749325170187440,1790749325,170187440,1790749325190367550,FL_calf,0.736173627,0.000000000,-0.676792724,0.051375110,0.034180936,0.998723844,0.037179926,0.133861149,0.675929031,-0.050504290,0.735234155,-0.163359145,0.000000000,0.000000000,0.000000000,1.000000000
1790749325170187440,1790749325,170187440,1790749325190367550,FL_calflower,0.769079140,-0.000000000,-0.639153563,0.166263905,0.032279997,0.998723844,0.038841796,0.129042139,0.638337903,-0.050504290,0.768097675,-0.258655219,0.000000000,0.000000000,0.000000000,1.000000000
1790749325170187440,1790749325,170187440,1790749325190367550,FL_calflower1,0.977317097,0.000000000,-0.211781234,0.184139256,0.010695861,0.998723844,0.049358706,0.127165667,0.211510968,-0.050504290,0.976069888,-0.295762505,0.000000000,0.000000000,0.000000000,1.000000000
1790749325170187440,1790749325,170187440,1790749325190367550,FL_foot,0.736173627,0.000000000,-0.676792724,0.195531960,0.034180936,0.998723844,0.037179926,0.125941825,0.675929031,-0.050504290,0.735234155,-0.319964020,0.000000000,0.000000000,0.000000000,1.000000000
1790749325170187440,1790749325,170187440,1790749325190367550,FR_hip,1.000000000,0.000000000,0.000000000,0.193400000,0.000000000,0.997966279,-0.063744064,-0.046500000,0.000000000,0.063744064,0.997966279,0.000000000,0.000000000,0.000000000,0.000000000,1.000000000
1790749325170187440,1790749325,170187440,1790749325190367550,FR_thigh,0.701075873,0.000000000,0.713086685,0.193400000,0.045455043,0.997966279,-0.044689425,-0.141805780,-0.711636465,0.063744064,0.699650081,-0.006087558,0.000000000,0.000000000,0.000000000,1.000000000
1790749325170187440,1790749325,170187440,1790749325190367550,FR_calf,0.764034192,0.000000000,-0.645175754,0.041512536,-0.041126124,0.997966279,-0.048702644,-0.132286932,0.643863647,0.063744064,0.762480360,-0.155113025,0.000000000,0.000000000,0.000000000,1.000000000
1790749325170187440,1790749325,170187440,1790749325190367550,FR_calflower,0.795324696,-0.000000000,-0.606183658,0.152279232,-0.038640610,0.997966279,-0.050697228,-0.125901463,0.604950850,0.063744064,0.793707228,-0.255082846,0.000000000,0.000000000,0.000000000,1.000000000
1790749325170187440,1790749325,170187440,1790749325190367550,FR_calflower1,0.985371958,-0.000000000,-0.170417444,0.168573331,-0.010863100,0.997966279,-0.062811613,-0.123487168,0.170070863,0.063744064,0.983367986,-0.292880643,0.000000000,0.000000000,0.000000000,1.000000000
1790749325170187440,1790749325,170187440,1790749325190367550,FR_foot,0.764034192,0.000000000,-0.645175754,0.178934972,-0.041126124,0.997966279,-0.048702644,-0.121913269,0.643863647,0.063744064,0.762480360,-0.317521342,0.000000000,0.000000000,0.000000000,1.000000000
1790749325170187440,1790749325,170187440,1790749325190367550,RL_hip,1.000000000,-0.000000000,0.000000000,-0.193400000,0.000000000,0.986729873,0.162370434,0.046500000,-0.000000000,-0.162370434,0.986729873,0.000000000,0.000000000,0.000000000,0.000000000,1.000000000
1790749325170187440,1790749325,170187440,1790749325190367550,RL_thigh,0.658328620,0.000000000,0.752730648,-0.193400000,-0.122221202,0.986729873,0.106893104,0.140732703,-0.742741816,-0.162370434,0.649592515,-0.015506376,0.000000000,0.000000000,0.000000000,1.000000000
1790749325170187440,1790749325,170187440,1790749325190367550,RL_calf,0.803909136,0.000000000,-0.594752134,-0.353731628,0.096570162,0.986729873,0.130531076,0.117964472,0.586859698,-0.162370434,0.793241160,-0.153869582,0.000000000,0.000000000,0.000000000,1.000000000
1790749325170187440,1790749325,170187440,1790749325190367550,RL_calflower,0.832629677,-0.000000000,-0.553830138,-0.249630129,0.089925640,0.986729873,0.135194442,0.100577276,0.546480742,-0.162370434,0.821580575,-0.259532080,0.000000000,0.000000000,0.000000000,1.000000000
1790749325170187440,1790749325,170187440,1790749325190367550,RL_calflower1,0.994285520,0.000000000,-0.106753475,-0.235803221,0.017333608,0.986729873,0.161442572,0.094270242,0.105336843,-0.162370434,0.981091225,-0.297860110,0.000000000,0.000000000,0.000000000,1.000000000
1790749325170187440,1790749325,170187440,1790749325190367550,RL_foot,0.803909136,0.000000000,-0.594752134,-0.227049423,0.096570162,0.986729873,0.130531076,0.090161353,0.586859698,-0.162370434,0.793241160,-0.322829949,0.000000000,0.000000000,0.000000000,1.000000000
1790749325170187440,1790749325,170187440,1790749325190367550,RR_hip,1.000000000,0.000000000,0.000000000,-0.193400000,0.000000000,0.987775370,-0.155883988,-0.046500000,0.000000000,0.155883988,0.987775370,0.000000000,0.000000000,0.000000000,0.000000000,1.000000000
1790749325170187440,1790749325,170187440,1790749325190367550,RR_thigh,0.726478275,-0.000000000,0.687189433,-0.193400000,0.107121829,0.987775370,-0.113246331,-0.140832548,-0.678788796,0.155883988,0.717597347,-0.014886921,0.000000000,0.000000000,0.000000000,1.000000000
1790749325170187440,1790749325,170187440,1790749325190367550,RR_calf,0.746187433,0.000000000,-0.665735919,-0.339771349,-0.103777570,0.987775370,-0.116318673,-0.116711079,0.657597544,0.155883988,0.737065568,-0.167735156,0.000000000,0.000000000,0.000000000,1.000000000
1790749325170187440,1790749325,170187440,1790749325190367550,RR_calflower,0.778527822,0.000000000,-0.627610095,-0.226318684,-0.097834365,0.987775370,-0.121360022,-0.101571467,0.619937794,0.155883988,0.769010607,-0.263668909,0.000000000,0.000000000,0.000000000,1.000000000
1790749325170187440,1790749325,170187440,1790749325190367550,RR_calflower1,0.980367497,0.000000000,-0.197179032,-0.208999559,-0.030737054,0.987775370,-0.152823595,-0.095738723,0.194768591,0.155883988,0.968382868,-0.300628711,0.000000000,0.000000000,0.000000000,1.000000000
1790749325170187440,1790749325,170187440,1790749325190367550,RR_foot,0.746187433,0.000000000,-0.665735919,-0.197969598,-0.103777570,0.987775370,-0.116318673,-0.091935202,0.657597544,0.155883988,0.737065568,-0.324730122,0.000000000,0.000000000,0.000000000,1.000000000
1790749325215933741,1790749325,215933741,1790749325223818464,FL_hip,1.000000000,-0.000000000,0.000000000,0.193400000,0.000000000,0.998725373,0.050474049,0.046500000,-0.000000000,-0.050474049,0.998725373,0.000000000,0.000000000,0.000000000,0.000000000,1.000000000
1790749325215933741,1790749325,215933741,1790749325223818464,FL_thigh,0.745312023,0.000000000,0.666715823,0.193400000,-0.033651847,0.998725373,0.037618916,0.141878273,-0.665866009,-0.050474049,0.744362028,-0.004820272,0.000000000,0.000000000,0.000000000,1.000000000
1790749325215933741,1790749325,215933741,1790749325223818464,FL_calf,0.736122877,0.000000000,-0.676847922,0.051389530,0.034163255,0.998725373,0.037155102,0.133865444,0.675985193,-0.050474049,0.735184595,-0.163369384,0.000000000,0.000000000,0.000000000,1.000000000
1790749325215933741,1790749325,215933741,1790749325223818464,FL_calflower,0.769031212,-0.000000000,-0.639211229,0.166285480,0.032263579,0.998725373,0.038816119,0.129049754,0.638396473,-0.050474049,0.768050984,-0.258657000,0.000000000,0.000000000,0.000000000,1.000000000
1790749325215933741,1790749325,215933741,1790749325223818464,FL_calflower1,0.977301215,0.000000000,-0.211854515,0.184163617,0.010693155,0.998725373,0.049328350,0.127174473,0.211584480,-0.050474049,0.976055520,-0.295763004,0.000000000,0.000000000,0.000000000,1.000000000
1790749325215933741,1790749325,215933741,1790749325223818464,FL_foot,0.736122877,0.000000000,-0.676847922,0.195558137,0.034163255,0.998725373,0.037155102,0.125951407,0.675985193,-0.050474049,0.735184595,-0.319963702,0.000000000,0.000000000,0.000000000,1.000000000
1790749325215933741,1790749325,215933741,1790749325223818464,FR_hip,1.000000000,0.000000000,0.000000000,0.193400000,0.000000000,0.997966279,-0.063744064,-0.046500000,0.000000000,0.063744064,0.997966279,0.000000000,0.000000000,0.000000000,0.000000000,1.000000000
1790749325215933741,1790749325,215933741,1790749325223818464,FR_thigh,0.701097465,0.000000000,0.713065456,0.193400000,0.045453690,0.997966279,-0.044690801,-0.141805780,-0.711615280,0.063744064,0.699671628,-0.006087558,0.000000000,0.000000000,0.000000000,1.000000000
1790749325215933741,1790749325,215933741,1790749325223818464,FR_calf,0.764014656,-0.000000000,-0.645198888,0.041517058,-0.041127599,0.997966279,-0.048701399,-0.132286639,0.643886733,0.063744064,0.762460864,-0.155117615,0.000000000,0.000000000,0.000000000,1.000000000
1790749325215933741,1790749325,215933741,1790749325223818464,FR_calflower,0.795306341,-0.000000000,-0.606207739,0.152286786,-0.038642145,0.997966279,-0.050696058,-0.125901384,0.604974882,0.063744064,0.793688910,-0.255084088,0.000000000,0.000000000,0.000000000,1.000000000
1790749325215933741,1790749325,215933741,1790749325223818464,FR_calflower1,0.985366797,-0.000000000,-0.170447280,0.168582033,-0.010865002,0.997966279,-0.062811284,-0.123487120,0.170100638,0.063744064,0.983362836,-0.292881393,0.000000000,0.000000000,0.000000000,1.000000000
1790749325215933741,1790749325,215933741,1790749325223818464,FR_foot,0.764014656,-0.000000000,-0.645198888,0.178944421,-0.041127599,0.997966279,-0.048701399,-0.121913241,0.643886733,0.063744064,0.762460864,-0.317521779,0.000000000,0.000000000,0.000000000,1.000000000
1790749325215933741,1790749325,215933741,1790749325223818464,RL_hip,1.000000000,-0.000000000,0.000000000,-0.193400000,0.000000000,0.986734789,0.162340557,0.046500000,-0.000000000,-0.162340557,0.986734789,0.000000000,0.000000000,0.000000000,0.000000000,1.000000000
1790749325215933741,1790749325,215933741,1790749325223818464,RL_thigh,0.658328620,-0.000000000,0.752730648,-0.193400000,-0.122198713,0.986734789,0.106873435,0.140733172,-0.742745517,-0.162340557,0.649595752,-0.015503523,0.000000000,0.000000000,0.000000000,1.000000000
1790749325215933741,1790749325,215933741,1790749325223818464,RL_calf,0.803909136,0.000000000,-0.594752134,-0.353731628,0.096552393,0.986734789,0.130507057,0.117969131,0.586862621,-0.162340557,0.793245112,-0.153867418,0.000000000,0.000000000,0.000000000,1.000000000
1790749325215933741,1790749325,215933741,1790749325223818464,RL_calflower,0.832629677,-0.000000000,-0.553830138,-0.249630129,0.089909093,0.986734789,0.135169565,0.100585134,0.546483464,-0.162340557,0.821584668,-0.259530442,0.000000000,0.000000000,0.000000000,1.000000000
1790749325215933741,1790749325,215933741,1790749325223818464,RL_calflower1,0.994285520,-0.000000000,-0.106753475,-0.235803221,0.017330419,0.986734789,0.161412865,0.094279261,0.105337368,-0.162340557,0.981096113,-0.297858664,0.000000000,0.000000000,0.000000000,1.000000000
1790749325215933741,1790749325,215933741,1790749325223818464,RL_foot,0.803909136,0.000000000,-0.594752134,-0.227049423,0.096552393,0.986734789,0.130507057,0.090171128,0.586862621,-0.162340557,0.793245112,-0.322828627,0.000000000,0.000000000,0.000000000,1.000000000
1790749325215933741,1790749325,215933741,1790749325223818464,RR_hip,1.000000000,0.000000000,0.000000000,-0.193400000,0.000000000,0.987770650,-0.155913897,-0.046500000,0.000000000,0.155913897,0.987770650,0.000000000,0.000000000,0.000000000,0.000000000,1.000000000
1790749325215933741,1790749325,215933741,1790749325223818464,RR_thigh,0.726457467,0.000000000,0.687211430,-0.193400000,0.107145812,0.987770650,-0.113264815,-0.140832097,-0.678807280,0.155913897,0.717573364,-0.014889777,0.000000000,0.000000000,0.000000000,1.000000000
1790749325215933741,1790749325,215933741,1790749325223818464,RR_calf,0.746207591,-0.000000000,-0.665713325,-0.339776035,-0.103793959,0.987770650,-0.116344134,-0.116706692,0.657572084,0.155913897,0.737081957,-0.167732904,0.000000000,0.000000000,0.000000000,1.000000000
1790749325215933741,1790749325,215933741,1790749325223818464,RR_calflower,0.778546825,0.000000000,-0.627586521,-0.226326311,-0.097849460,0.987770650,-0.121386270,-0.101563639,0.619911546,0.155913897,0.769025703,-0.263669592,0.000000000,0.000000000,0.000000000,1.000000000
1790749325215933741,1790749325,215933741,1790749325223818464,RR_calflower1,0.980373467,-0.000000000,-0.197149347,-0.209008318,-0.030738323,0.987770650,-0.152853848,-0.095729694,0.194738339,0.155913897,0.968384137,-0.300629735,0.000000000,0.000000000,0.000000000,1.000000000
1790749325215933741,1790749325,215933741,1790749325223818464,RR_foot,0.746207591,-0.000000000,-0.665713325,-0.197979096,-0.103793959,0.987770650,-0.116344134,-0.091925391,0.657572084,0.155913897,0.737081957,-0.324731361,0.000000000,0.000000000,0.000000000,1.000000000
1790749325274017155,1790749325,274017155,1790749325290303151,FL_hip,1.000000000,-0.000000000,0.000000000,0.193400000,0.000000000,0.998723844,0.050504290,0.046500000,-0.000000000,-0.050504290,0.998723844,0.000000000,0.000000000,0.000000000,0.000000000,1.000000000
1790749325274017155,1790749325,274017155,1790749325290303151,FL_thigh,0.745271646,0.000000000,0.666760957,0.193400000,-0.033674289,0.998723844,0.037639415,0.141878127,-0.665910066,-0.050504290,0.744320564,-0.004823160,0.000000000,0.000000000,0.000000000,1.000000000
1790749325274017155,1790749325,274017155,1790749325290303151,FL_calf,0.736142484,0.000000000,-0.676826598,0.051379916,0.034182647,0.998723844,0.037178353,0.133860932,0.675962862,-0.050504290,0.735203051,-0.163363440,0.000000000,0.000000000,0.000000000,1.000000000
1790749325274017155,1790749325,274017155,1790749325290303151,FL_calflower,0.769049728,-0.000000000,-0.639188951,0.166273102,0.032281784,0.998723844,0.038840310,0.129042188,0.638373246,-0.050504290,0.768068301,-0.258654234,0.000000000,0.000000000,0.000000000,1.000000000
1790749325274017155,1790749325,274017155,1790749325290303151,FL_calflower1,0.977307351,0.000000000,-0.211826205,0.184150163,0.010698132,0.998723844,0.049358214,0.127165758,0.211555882,-0.050504290,0.976060155,-0.295760699,0.000000000,0.000000000,0.000000000,1.000000000
1790749325274017155,1790749325,274017155,1790749325290303151,FL_foot,0.736142484,0.000000000,-0.676826598,0.195543982,0.034182647,0.998723844,0.037178353,0.125941942,0.675962862,-0.050504290,0.735203051,-0.319961690,0.000000000,0.000000000,0.000000000,1.000000000
1790749325274017155,1790749325,274017155,1790749325290303151,FR_hip,1.000000000,0.000000000,0.000000000,0.193400000,0.000000000,0.997964349,-0.063774281,-0.046500000,0.000000000,0.063774281,0.997964349,0.000000000,0.000000000,0.000000000,0.000000000,1.000000000
1790749325274017155,1790749325,274017155,1790749325290303151,FR_thigh,0.701097465,0.000000000,0.713065456,0.193400000,0.045475237,0.997964349,-0.044711987,-0.141805595,-0.711613904,0.063774281,0.699670275,-0.006090444,0.000000000,0.000000000,0.000000000,1.000000000
1790749325274017155,1790749325,274017155,1790749325290303151,FR_calf,0.764004504,-0.000000000,-0.645210910,0.041517058,-0.041147862,0.997964349,-0.048723838,-0.132281942,0.643897486,0.063774281,0.762449257,-0.155120212,0.000000000,0.000000000,0.000000000,1.000000000
1790749325274017155,1790749325,274017155,1790749325290303151,FR_calflower,0.795296802,-0.000000000,-0.606220254,0.152288363,-0.038661261,0.997964349,-0.050719482,-0.125893771,0.604986201,0.063774281,0.793677855,-0.255084753,0.000000000,0.000000000,0.000000000,1.000000000
1790749325274017155,1790749325,274017155,1790749325290303151,FR_calflower1,0.985364115,-0.000000000,-0.170462786,0.168584205,-0.010871142,0.997964349,-0.062840888,-0.123478379,0.170115783,0.063774281,0.983358257,-0.292881729,0.000000000,0.000000000,0.000000000,1.000000000
1790749325274017155,1790749325,274017155,1790749325290303151,FR_foot,0.764004504,-0.000000000,-0.645210910,0.178946982,-0.041147862,0.997964349,-0.048723838,-0.121903765,0.643897486,0.063774281,0.762449257,-0.317521904,0.000000000,0.000000000,0.000000000,1.000000000
1790749325274017155,1790749325,274017155,1790749325290303151,RL_hip,1.000000000,-0.000000000,0.000000000,-0.193400000,0.000000000,0.986734789,0.162340557,0.046500000,-0.000000000,-0.162340557,0.986734789,0.000000000,0.000000000,0.000000000,0.000000000,1.000000000
1790749325274017155,1790749325,274017155,1790749325290303151,RL_thigh,0.658305828,-0.000000000,0.752750581,-0.193400000,-0.122201949,0.986734789,0.106869735,0.140733172,-0.742765186,-0.162340557,0.649573262,-0.015503523,0.000000000,0.000000000,0.000000000,1.000000000
1790749325274017155,1790749325,274017155,1790749325290303151,RL_calf,0.803927144,0.000000000,-0.594727792,-0.353735874,0.096548441,0.986734789,0.130509980,0.117969919,0.586838602,-0.162340557,0.793262881,-0.153862628,0.000000000,0.000000000,0.000000000,1.000000000
1790749325274017155,1790749325,274017155,1790749325290303151,RL_calflower,0.832646446,0.000000000,-0.553804926,-0.249637618,0.089905000,0.986734789,0.135172288,0.100585411,0.546458587,-0.162340557,0.821601215,-0.259528762,0.000000000,0.000000000,0.000000000,1.000000000
1790749325274017155,1790749325,274017155,1790749325290303151,RL_calflower1,0.994288752,-0.000000000,-0.106723369,-0.235811885,0.017325531,0.986734789,0.161413390,0.094279469,0.105307661,-0.162340557,0.981099302,-0.297857397,0.000000000,0.000000000,0.000000000,1.000000000
1790749325274017155,1790749325,274017155,1790749325290303151,RL_foot,0.803927144,0.000000000,-0.594727792,-0.227058854,0.096548441,0.986734789,0.130509980,0.090171293,0.586838602,-0.162340557,0.793262881,-0.322827622,0.000000000,0.000000000,0.000000000,1.000000000
1790749325274017155,1790749325,274017155,1790749325290303151,RR_hip,1.000000000,0.000000000,0.000000000,-0.193400000,0.000000000,0.987770650,-0.155913897,-0.046500000,0.000000000,0.155913897,0.987770650,0.000000000,0.000000000,0.000000000,0.000000000,1.000000000
1790749325274017155,1790749325,274017155,1790749325290303151,RR_thigh,0.726457467,0.000000000,0.687211430,-0.193400000,0.107145812,0.987770650,-0.113264815,-0.140832097,-0.678807280,0.155913897,0.717573364,-0.014889777,0.000000000,0.000000000,0.000000000,1.000000000
1790749325274017155,1790749325,274017155,1790749325290303151,RR_calf,0.746186560,-0.000000000,-0.665736898,-0.339776035,-0.103797634,0.987770650,-0.116340855,-0.116706692,0.657595368,0.155913897,0.737061184,-0.167732904,0.000000000,0.000000000,0.000000000,1.000000000
1790749325274017155,1790749325,274017155,1790749325290303151,RR_calflower,0.778526999,-0.000000000,-0.627611116,-0.226323242,-0.097853295,0.987770650,-0.121383178,-0.101564198,0.619935839,0.155913897,0.769006119,-0.263666052,0.000000000,0.000000000,0.000000000,1.000000000
1790749325274017155,1790749325,274017155,1790749325290303151,RR_calflower1,0.980367239,-0.000000000,-0.197180317,-0.209004068,-0.030743152,0.987770650,-0.152852877,-0.095730338,0.194768930,0.155913897,0.968377984,-0.300625655,0.000000000,0.000000000,0.000000000,1.000000000
1790749325274017155,1790749325,274017155,1790749325290303151,RR_foot,0.746186560,-0.000000000,-0.665736898,-0.197974075,-0.103797634,0.987770650,-0.116340855,-0.091926089,0.657595368,0.155913897,0.737061184,-0.324726936,0.000000000,0.000000000,0.000000000,1.000000000
1790749325352768267,1790749325,352768267,1790749325357078101,FL_hip,1.000000000,-0.000000000,0.000000000,0.193400000,0.000000000,0.998725373,0.050474049,0.046500000,-0.000000000,-0.050474049,0.998725373,0.000000000,0.000000000,0.000000000,0.000000000,1.000000000
1790749325352768267,1790749325,352768267,1790749325357078101,FL_thigh,0.745170693,0.000000000,0.666873780,0.193400000,-0.033659820,0.998725373,0.037611782,0.141878273,-0.666023764,-0.050474049,0.744220878,-0.004820272,0.000000000,0.000000000,0.000000000,1.000000000
1790749325352768267,1790749325,352768267,1790749325357078101,FL_calf,0.736277050,0.000000000,-0.676680209,0.051355885,0.034154790,0.998725373,0.037162884,0.133866963,0.675817694,-0.050474049,0.735338571,-0.163339319,0.000000000,0.000000000,0.000000000,1.000000000
1790749325352768267,1790749325,352768267,1790749325357078101,FL_calflower,0.769176810,0.000000000,-0.639036020,0.166230097,0.032254735,0.998725373,0.038823468,0.129049952,0.638221487,-0.050474049,0.768196397,-0.258653073,0.000000000,0.000000000,0.000000000,1.000000000
1790749325352768267,1790749325,352768267,1790749325357078101,FL_calflower1,0.977349452,0.000000000,-0.211631872,0.184099770,0.010681918,0.998725373,0.049330784,0.127174466,0.211362120,-0.050474049,0.976103696,-0.295763144,0.000000000,0.000000000,0.000000000,1.000000000
1790749325352768267,1790749325,352768267,1790749325357078101,FL_foot,0.736277050,0.000000000,-0.676680209,0.195488769,0.034154790,0.998725373,0.037162884,0.125951269,0.675817694,-0.050474049,0.735338571,-0.319966434,0.000000000,0.000000000,0.000000000,1.000000000
1790749325352768267,1790749325,352768267,1790749325357078101,FR_hip,1.000000000,0.000000000,0.000000000,0.193400000,0.000000000,0.997966279,-0.063744064,-0.046500000,0.000000000,0.063744064,0.997966279,0.000000000,0.000000000,0.000000000,0.000000000,1.000000000
1790749325352768267,1790749325,352768267,1790749325357078101,FR_thigh,0.700989502,0.000000000,0.713171591,0.193400000,0.045460455,0.997966279,-0.044683919,-0.141805780,-0.711721199,0.063744064,0.699563885,-0.006087558,0.000000000,0.000000000,0.000000000,1.000000000
1790749325352768267,1790749325,352768267,1790749325357078101,FR_calf,0.764102177,-0.000000000,-0.645095236,0.041494451,-0.041120992,0.997966279,-0.048706978,-0.132288105,0.643783292,0.063744064,0.762548207,-0.155094666,0.000000000,0.000000000,0.000000000,1.000000000
1790749325352768267,1790749325,352768267,1790749325357078101,FR_calflower,0.795388572,-0.000000000,-0.606099842,0.152250589,-0.038635267,0.997966279,-0.050701300,-0.125901892,0.604867205,0.063744064,0.793770974,-0.255076134,0.000000000,0.000000000,0.000000000,1.000000000
1790749325352768267,1790749325,352768267,1790749325357078101,FR_calflower1,0.985389911,0.000000000,-0.170313604,0.168540697,-0.010856481,0.997966279,-0.062812757,-0.123487487,0.169967234,0.063744064,0.983385903,-0.292875645,0.000000000,0.000000000,0.000000000,1.000000000
1790749325352768267,1790749325,352768267,1790749325357078101,FR_foot,0.764102177,-0.000000000,-0.645095236,0.178899736,-0.041120992,0.997966279,-0.048706978,-0.121913519,0.643783292,0.063744064,0.762548207,-0.317517434,0.000000000,0.000000000,0.000000000,1.000000000
1790749325352768267,1790749325,352768267,1790749325357078101,RL_hip,1.000000000,-0.000000000,0.000000000,-0.193400000,0.000000000,0.986739704,0.162310679,0.046500000,-0.000000000,-0.162310679,0.986739704,0.000000000,0.000000000,0.000000000,0.000000000,1.000000000
1790749325352768267,1790749325,352768267,1790749325357078101,RL_thigh,0.658283035,-0.000000000,0.752770514,-0.193400000,-0.122182694,0.986739704,0.106846367,0.140733642,-0.742788554,-0.162310679,0.649554007,-0.015500670,0.000000000,0.000000000,0.000000000,1.000000000
1790749325352768267,1790749325,352768267,1790749325357078101,RL_calf,0.803945152,0.000000000,-0.594703450,-0.353740119,0.096526721,0.986739704,0.130488884,0.117975366,0.586817506,-0.162310679,0.793284601,-0.153855673,0.000000000,0.000000000,0.000000000,1.000000000
1790749325352768267,1790749325,352768267,1790749325357078101,RL_calflower,0.832663214,0.000000000,-0.553779714,-0.249645106,0.089884362,0.986739704,0.135150132,0.100593545,0.546436431,-0.162310679,0.821621853,-0.259525444,0.000000000,0.000000000,0.000000000,1.000000000
1790749325352768267,1790749325,352768267,1790749325357078101,RL_calflower1,0.994291983,0.000000000,-0.106693263,-0.235820549,0.017317456,0.986739704,0.161384207,0.094288696,0.105278478,-0.162310679,0.981107377,-0.297854683,0.000000000,0.000000000,0.000000000,1.000000000
1790749325352768267,1790749325,352768267,1790749325357078101,RL_foot,0.803945152,0.000000000,-0.594703450,-0.227068285,0.096526721,0.986739704,0.130488884,0.090181233,0.586817506,-0.162310679,0.793284601,-0.322825293,0.000000000,0.000000000,0.000000000,1.000000000
1790749325352768267,1790749325,352768267,1790749325357078101,RR_hip,1.000000000,0.000000000,0.000000000,-0.193400000,0.000000000,0.987761208,-0.155973700,-0.046500000,0.000000000,0.155973700,0.987761208,0.000000000,0.000000000,0.000000000,0.000000000,1.000000000
1790749325352768267,1790749325,352768267,1790749325357078101,RR_thigh,0.726415849,-0.000000000,0.687255421,-0.193400000,0.107193771,0.987761208,-0.113301768,-0.140831195,-0.678844246,0.155973700,0.717525397,-0.014895488,0.000000000,0.000000000,0.000000000,1.000000000
1790749325352768267,1790749325,352768267,1790749325357078101,RR_calf,0.746226875,0.000000000,-0.665691709,-0.339785405,-0.103830399,0.987761208,-0.116391767,-0.116697919,0.657544447,0.155973700,0.737093960,-0.167728398,0.000000000,0.000000000,0.000000000,1.000000000
1790749325352768267,1790749325,352768267,1790749325357078101,RR_calflower,0.778565004,-0.000000000,-0.627563968,-0.226338494,-0.097883474,0.987761208,-0.121435664,-0.101548545,0.619883344,0.155973700,0.769036310,-0.263667415,0.000000000,0.000000000,0.000000000,1.000000000
1790749325352768267,1790749325,352768267,1790749325357078101,RR_calflower1,0.980379178,0.000000000,-0.197120948,-0.209021586,-0.030745684,0.987761208,-0.152913368,-0.095712284,0.194708425,0.155973700,0.968380521,-0.300627701,0.000000000,0.000000000,0.000000000,1.000000000
1790749325352768267,1790749325,352768267,1790749325357078101,RR_foot,0.746226875,0.000000000,-0.665691709,-0.197993071,-0.103830399,0.987761208,-0.116391767,-0.091906473,0.657544447,0.155973700,0.737093960,-0.324729411,0.000000000,0.000000000,0.000000000,1.000000000
1790749325398425063,1790749325,398425063,1790749325457223600,FL_hip,1.000000000,-0.000000000,0.000000000,0.193400000,0.000000000,0.998725373,0.050474049,0.046500000,-0.000000000,-0.050474049,0.998725373,0.000000000,0.000000000,0.000000000,0.000000000,1.000000000
1790749325398425063,1790749325,398425063,1790749325457223600,FL_thigh,0.745190885,0.000000000,0.666851216,0.193400000,-0.033658681,0.998725373,0.037612801,0.141878273,-0.666001230,-0.050474049,0.744241044,-0.004820272,0.000000000,0.000000000,0.000000000,1.000000000
1790749325398425063,1790749325,398425063,1790749325457223600,FL_calf,0.736235102,0.000000000,-0.676725849,0.051360691,0.034157094,0.998725373,0.037160767,0.133866746,0.675863276,-0.050474049,0.735296677,-0.163343614,0.000000000,0.000000000,0.000000000,1.000000000
1790749325398425063,1790749325,398425063,1790749325457223600,FL_calflower,0.769137196,-0.000000000,-0.639083699,0.166240819,0.032257142,0.998725373,0.038821469,0.129050095,0.638269105,-0.050474049,0.768156833,-0.258650257,0.000000000,0.000000000,0.000000000,1.000000000
1790749325398425063,1790749325,398425063,1790749325457223600,FL_calflower1,0.977336331,-0.000000000,-0.211692456,0.184112795,0.010684975,0.998725373,0.049330122,0.127174665,0.211422627,-0.050474049,0.976090592,-0.295759221,0.000000000,0.000000000,0.000000000,1.000000000
1790749325398425063,1790749325,398425063,1790749325457223600,FL_foot,0.736235102,0.000000000,-0.676725849,0.195503297,0.034157094,0.998725373,0.037160767,0.125951503,0.675863276,-0.050474049,0.735296677,-0.319961806,0.000000000,0.000000000,0.000000000,1.000000000
1790749325398425063,1790749325,398425063,1790749325457223600,FR_hip,1.000000000,0.000000000,0.000000000,0.193400000,0.000000000,0.997966279,-0.063744064,-0.046500000,0.000000000,0.063744064,0.997966279,0.000000000,0.000000000,0.000000000,0.000000000,1.000000000
1790749325398425063,1790749325,398425063,1790749325457223600,FR_thigh,0.701011096,-0.000000000,0.713150366,0.193400000,0.045459102,0.997966279,-0.044685296,-0.141805780,-0.711700017,0.063744064,0.699585435,-0.006087558,0.000000000,0.000000000,0.000000000,1.000000000
1790749325398425063,1790749325,398425063,1790749325457223600,FR_calf,0.764082644,0.000000000,-0.645118372,0.041498972,-0.041122467,0.997966279,-0.048705733,-0.132287812,0.643806381,0.063744064,0.762528713,-0.155099256,0.000000000,0.000000000,0.000000000,1.000000000
1790749325398425063,1790749325,398425063,1790749325457223600,FR_calflower,0.795370220,-0.000000000,-0.606123926,0.152258144,-0.038636802,0.997966279,-0.050700130,-0.125901813,0.604891239,0.063744064,0.793752659,-0.255077378,0.000000000,0.000000000,0.000000000,1.000000000
1790749325398425063,1790749325,398425063,1790749325457223600,FR_calflower1,0.985384753,-0.000000000,-0.170343441,0.168549399,-0.010858383,0.997966279,-0.062812428,-0.123487439,0.169997010,0.063744064,0.983380756,-0.292876396,0.000000000,0.000000000,0.000000000,1.000000000
1790749325398425063,1790749325,398425063,1790749325457223600,FR_foot,0.764082644,0.000000000,-0.645118372,0.178909185,-0.041122467,0.997966279,-0.048705733,-0.121913491,0.643806381,0.063744064,0.762528713,-0.317517872,0.000000000,0.000000000,0.000000000,1.000000000
1790749325398425063,1790749325,398425063,1790749325457223600,RL_hip,1.000000000,-0.000000000,0.000000000,-0.193400000,0.000000000,0.986729873,0.162370434,0.046500000,-0.000000000,-0.162370434,0.986729873,0.000000000,0.000000000,0.000000000,0.000000000,1.000000000
1790749325398425063,1790749325,398425063,1790749325457223600,RL_thigh,0.658237447,-0.000000000,0.752810377,-0.193400000,-0.122234148,0.986729873,0.106878300,0.140732703,-0.742820487,-0.162370434,0.649502552,-0.015506376,0.000000000,0.000000000,0.000000000,1.000000000
1790749325398425063,1790749325,398425063,1790749325457223600,RL_calf,0.803999950,0.000000000,-0.594629365,-0.353748610,0.096550228,0.986729873,0.130545821,0.117967625,0.586738557,-0.162370434,0.793330768,-0.153850420,0.000000000,0.000000000,0.000000000,1.000000000
1790749325398425063,1790749325,398425063,1790749325457223600,RL_calflower,0.832714241,0.000000000,-0.553702983,-0.249663465,0.089904994,0.986729873,0.135208173,0.100577848,0.546355274,-0.162370434,0.821664017,-0.259528603,0.000000000,0.000000000,0.000000000,1.000000000
1790749325398425063,1790749325,398425063,1790749325457223600,RL_calflower1,0.994301811,0.000000000,-0.106601639,-0.235842488,0.017308954,0.986729873,0.161445217,0.094270471,0.105187022,-0.162370434,0.981107299,-0.297858716,0.000000000,0.000000000,0.000000000,1.000000000
1790749325398425063,1790749325,398425063,1790749325457223600,RL_foot,0.803999950,0.000000000,-0.594629365,-0.227092556,0.096550228,0.986729873,0.130545821,0.090161365,0.586738557,-0.162370434,0.793330768,-0.322829874,0.000000000,0.000000000,0.000000000,1.000000000
1790749325398425063,1790749325,398425063,1790749325457223600,RR_hip,1.000000000,0.000000000,0.000000000,-0.193400000,0.000000000,0.987765931,-0.155943791,-0.046500000,0.000000000,0.155943791,0.987765931,0.000000000,0.000000000,0.000000000,0.000000000,1.000000000
1790749325398425063,1790749325,398425063,1790749325457223600,RR_thigh,0.726415849,0.000000000,0.687255421,-0.193400000,0.107173216,0.987765931,-0.113280042,-0.140831646,-0.678847491,0.155943791,0.717528827,-0.014892632,0.000000000,0.000000000,0.000000000,1.000000000
1790749325398425063,1790749325,398425063,1790749325457223600,RR_calf,0.746226875,-0.000000000,-0.665691709,-0.339785405,-0.103810489,0.987765931,-0.116369448,-0.116702998,0.657547590,0.155943791,0.737097484,-0.167726272,0.000000000,0.000000000,0.000000000,1.000000000
1790749325398425063,1790749325,398425063,1790749325457223600,RR_calflower,0.778565004,0.000000000,-0.627563968,-0.226338494,-0.097864704,0.987765931,-0.121412379,-0.101556529,0.619886307,0.155943791,0.769039986,-0.263665748,0.000000000,0.000000000,0.000000000,1.000000000
1790749325398425063,1790749325,398425063,1790749325457223600,RR_calflower1,0.980379178,-0.000000000,-0.197120948,-0.209021586,-0.030739788,0.987765931,-0.152884046,-0.095721387,0.194709356,0.155943791,0.968385151,-0.300626211,0.000000000,0.000000000,0.000000000,1.000000000
1790749325398425063,1790749325,398425063,1790749325457223600,RR_foot,0.746226875,-0.000000000,-0.665691709,-0.197993071,-0.103810489,0.987765931,-0.116369448,-0.091916305,0.657547590,0.155943791,0.737097484,-0.324728036,0.000000000,0.000000000,0.000000000,1.000000000
1790749325484807151,1790749325,484807151,1790749325490374068,FL_hip,1.000000000,-0.000000000,0.000000000,0.193400000,0.000000000,0.998726901,0.050443812,0.046500000,-0.000000000,-0.050443812,0.998726901,0.000000000,0.000000000,0.000000000,0.000000000,1.000000000
1790749325484807151,1790749325,484807151,1790749325490374068,FL_thigh,0.745170693,0.000000000,0.666873780,0.193400000,-0.033639656,0.998726901,0.037589251,0.141878419,-0.666024783,-0.050443812,0.744222017,-0.004817384,0.000000000,0.000000000,0.000000000,1.000000000
1790749325484807151,1790749325,484807151,1790749325490374068,FL_calf,0.736266321,-0.000000000,-0.676691883,0.051355885,0.034134918,0.998726901,0.037140080,0.133871909,0.675830387,-0.050443812,0.735328981,-0.163336674,0.000000000,0.000000000,0.000000000,1.000000000
1790749325484807151,1790749325,484807151,1790749325490374068,FL_calflower,0.769166678,0.000000000,-0.639048215,0.166231610,0.032236028,0.998726901,0.038799700,0.129057875,0.638234643,-0.050443812,0.768187453,-0.258648755,0.000000000,0.000000000,0.000000000,1.000000000
1790749325484807151,1790749325,484807151,1790749325490374068,FL_calflower1,0.977346096,-0.000000000,-0.211647367,0.184101872,0.010676300,0.998726901,0.049301063,0.127183527,0.211377919,-0.050443812,0.976101837,-0.295758600,0.000000000,0.000000000,0.000000000,1.000000000
1790749325484807151,1790749325,484807151,1790749325490374068,FL_foot,0.736266321,-0.000000000,-0.676691883,0.195491256,0.034134918,0.998726901,0.037140080,0.125961072,0.675830387,-0.050443812,0.735328981,-0.319961747,0.000000000,0.000000000,0.000000000,1.000000000
1790749325484807151,1790749325,484807151,1790749325490374068,FR_hip,1.000000000,0.000000000,0.000000000,0.193400000,0.000000000,0.997966279,-0.063744064,-0.046500000,0.000000000,0.063744064,0.997966279,0.000000000,0.000000000,0.000000000,0.000000000,1.000000000
1790749325484807151,1790749325,484807151,1790749325490374068,FR_thigh,0.700946312,0.000000000,0.713214041,0.193400000,0.045463161,0.997966279,-0.044681166,-0.141805780,-0.711763562,0.063744064,0.699520783,-0.006087558,0.000000000,0.000000000,0.000000000,1.000000000
1790749325484807151,1790749325,484807151,1790749325490374068,FR_calf,0.764151392,0.000000000,-0.645036937,0.041485409,-0.041117276,0.997966279,-0.048710115,-0.132288691,0.643725112,0.063744064,0.762597321,-0.155085485,0.000000000,0.000000000,0.000000000,1.000000000
1790749325484807151,1790749325,484807151,1790749325490374068,FR_calflower,0.795434812,0.000000000,-0.606039157,0.152233904,-0.038631399,0.997966279,-0.050704247,-0.125901940,0.604806643,0.063744064,0.793817119,-0.255075386,0.000000000,0.000000000,0.000000000,1.000000000
1790749325484807151,1790749325,484807151,1790749325490374068,FR_calflower1,0.985402902,0.000000000,-0.170238424,0.168521122,-0.010851689,0.997966279,-0.062813585,-0.123487456,0.169892207,0.063744064,0.983398867,-0.292876137,0.000000000,0.000000000,0.000000000,1.000000000
1790749325484807151,1790749325,484807151,1790749325490374068,FR_foot,0.764151392,0.000000000,-0.645036937,0.178878277,-0.041117276,0.997966279,-0.048710115,-0.121913437,0.643725112,0.063744064,0.762597321,-0.317518714,0.000000000,0.000000000,0.000000000,1.000000000
1790749325484807151,1790749325,484807151,1790749325490374068,RL_hip,1.000000000,-0.000000000,0.000000000,-0.193400000,0.000000000,0.986729873,0.162370434,0.046500000,-0.000000000,-0.162370434,0.986729873,0.000000000,0.000000000,0.000000000,0.000000000,1.000000000
1790749325484807151,1790749325,484807151,1790749325490374068,RL_thigh,0.658214652,0.000000000,0.752830307,-0.193400000,-0.122237384,0.986729873,0.106874599,0.140732703,-0.742840154,-0.162370434,0.649480060,-0.015506376,0.000000000,0.000000000,0.000000000,1.000000000
1790749325484807151,1790749325,484807151,1790749325490374068,RL_calf,0.804008597,0.000000000,-0.594617671,-0.353752855,0.096548330,0.986729873,0.130547225,0.117968413,0.586727019,-0.162370434,0.793339301,-0.153845629,0.000000000,0.000000000,0.000000000,1.000000000
1790749325484807151,1790749325,484807151,1790749325490374068,RL_calflower,0.832722293,0.000000000,-0.553690872,-0.249669268,0.089903027,0.986729873,0.135209480,0.100578391,0.546343324,-0.162370434,0.821671963,-0.259525305,0.000000000,0.000000000,0.000000000,1.000000000
1790749325484807151,1790749325,484807151,1790749325490374068,RL_calflower1,0.994303361,-0.000000000,-0.106587179,-0.235848856,0.017306606,0.986729873,0.161445469,0.094270981,0.105172753,-0.162370434,0.981108829,-0.297855617,0.000000000,0.000000000,0.000000000,1.000000000
1790749325484807151,1790749325,484807151,1790749325490374068,RL_foot,0.804008597,0.000000000,-0.594617671,-0.227099291,0.096548330,0.986729873,0.130547225,0.090161854,0.586727019,-0.162370434,0.793339301,-0.322826900,0.000000000,0.000000000,0.000000000,1.000000000
1790749325484807151,1790749325,484807151,1790749325490374068,RR_hip,1.000000000,0.000000000,0.000000000,-0.193400000,0.000000000,0.987775370,-0.155883988,-0.046500000,0.000000000,0.155883988,0.987775370,0.000000000,0.000000000,0.000000000,0.000000000,1.000000000
1790749325484807151,1790749325,484807151,1790749325490374068,RR_thigh,0.726353417,0.000000000,0.687321404,-0.193400000,0.107142402,0.987775370,-0.113226868,-0.140832548,-0.678919155,0.155883988,0.717474016,-0.014886921,0.000000000,0.000000000,0.000000000,1.000000000
1790749325484807151,1790749325,484807151,1790749325490374068,RR_calf,0.746308369,-0.000000000,-0.665600345,-0.339799459,-0.103756436,0.987775370,-0.116337525,-0.116715225,0.657463627,0.155883988,0.737185025,-0.167708886,0.000000000,0.000000000,0.000000000,1.000000000
1790749325484807151,1790749325,484807151,1790749325490374068,RR_calflower,0.778641830,-0.000000000,-0.627468645,-0.226364441,-0.097812315,0.987775370,-0.121377794,-0.101572400,0.619798073,0.155883988,0.769123222,-0.263662997,0.000000000,0.000000000,0.000000000,1.000000000
1790749325484807151,1790749325,484807151,1790749325490374068,RR_calflower1,0.980403303,0.000000000,-0.197000920,-0.209052113,-0.030709289,0.987775370,-0.152829177,-0.095739165,0.194592657,0.155883988,0.968418236,-0.300625907,0.000000000,0.000000000,0.000000000,1.000000000
1790749325484807151,1790749325,484807151,1790749325490374068,RR_foot,0.746308369,-0.000000000,-0.665600345,-0.198026586,-0.103756436,0.987775370,-0.116337525,-0.091935332,0.657463627,0.155883988,0.737185025,-0.324729297,0.000000000,0.000000000,0.000000000,1.000000000
1790749325552465772,1790749325,552465772,1790749325557187623,FL_hip,1.000000000,-0.000000000,0.000000000,0.193400000,0.000000000,0.998726901,0.050443812,0.046500000,-0.000000000,-0.050443812,0.998726901,0.000000000,0.000000000,0.000000000,0.000000000,1.000000000
1790749325552465772,1790749325,552465772,1790749325557187623,FL_thigh,0.745049526,0.000000000,0.667009148,0.193400000,-0.033646484,0.998726901,0.037583138,0.141878419,-0.666159979,-0.050443812,0.744101004,-0.004817384,0.000000000,0.000000000,0.000000000,1.000000000
1790749325552465772,1790749325,552465772,1790749325557187623,FL_calf,0.736367874,0.000000000,-0.676581373,0.051327052,0.034129344,0.998726901,0.037145203,0.133873211,0.675720017,-0.050443812,0.735430404,-0.163310898,0.000000000,0.000000000,0.000000000,1.000000000
1790749325552465772,1790749325,552465772,1790749325557187623,FL_calflower,0.769262581,0.000000000,-0.638932768,0.166188452,0.032230205,0.998726901,0.038804537,0.129058307,0.638119343,-0.050443812,0.768283233,-0.258640197,0.000000000,0.000000000,0.000000000,1.000000000
1790749325552465772,1790749325,552465772,1790749325557187623,FL_calflower1,0.977377850,0.000000000,-0.211500681,0.184053137,0.010668901,0.998726901,0.049302665,0.127183824,0.211231419,-0.050443812,0.976133551,-0.295752720,0.000000000,0.000000000,0.000000000,1.000000000
1790749325552465772,1790749325,552465772,1790749325557187623,FL_foot,0.736367874,0.000000000,-0.676581373,0.195438884,0.034129344,0.998726901,0.037145203,0.125961282,0.675720017,-0.050443812,0.735430404,-0.319957574,0.000000000,0.000000000,0.000000000,1.000000000
1790749325552465772,1790749325,552465772,1790749325557187623,FR_hip,1.000000000,0.000000000,0.000000000,0.193400000,0.000000000,0.997968209,-0.063713846,-0.046500000,0.000000000,0.063713846,0.997968209,0.000000000,0.000000000,0.000000000,0.000000000,1.000000000
1790749325552465772,1790749325,552465772,1790749325557187623,FR_thigh,0.700967907,0.000000000,0.713192816,0.193400000,0.045440257,0.997968209,-0.044661361,-0.141805964,-0.711743757,0.063713846,0.699543687,-0.006084672,0.000000000,0.000000000,0.000000000,1.000000000
1790749325552465772,1790749325,552465772,1790749325557187623,FR_calf,0.764121710,-0.000000000,-0.645072099,0.041489930,-0.041100024,0.997968209,-0.048685133,-0.132293094,0.643761447,0.063713846,0.762569174,-0.155087478,0.000000000,0.000000000,0.000000000,1.000000000
1790749325552465772,1790749325,552465772,1790749325557187623,FR_calflower,0.795406924,0.000000000,-0.606075759,0.152243035,-0.038615418,0.997968209,-0.050678434,-0.125909695,0.604844339,0.063713846,0.793790823,-0.255072486,0.000000000,0.000000000,0.000000000,1.000000000
1790749325552465772,1790749325,552465772,1790749325557187623,FR_calflower1,0.985395067,-0.000000000,-0.170283767,0.168531996,-0.010849434,0.997968209,-0.062783310,-0.123496403,0.169937786,0.063713846,0.983392950,-0.292872563,0.000000000,0.000000000,0.000000000,1.000000000
1790749325552465772,1790749325,552465772,1790749325557187623,FR_foot,0.764121710,-0.000000000,-0.645072099,0.178890287,-0.041100024,0.997968209,-0.048685133,-0.121923161,0.643761447,0.063713846,0.762569174,-0.317514712,0.000000000,0.000000000,0.000000000,1.000000000
1790749325552465772,1790749325,552465772,1790749325557187623,RL_hip,1.000000000,-0.000000000,0.000000000,-0.193400000,0.000000000,0.986724956,0.162400312,0.046500000,-0.000000000,-0.162400312,0.986724956,0.000000000,0.000000000,0.000000000,0.000000000,1.000000000
1790749325552465772,1790749325,552465772,1790749325557187623,RL_thigh,0.658237447,0.000000000,0.752810377,-0.193400000,-0.122256640,0.986724956,0.106897967,0.140732233,-0.742816786,-0.162400312,0.649499316,-0.015509230,0.000000000,0.000000000,0.000000000,1.000000000
1790749325552465772,1790749325,552465772,1790749325557187623,RL_calf,0.803990593,-0.000000000,-0.594642016,-0.353748610,0.096570049,0.986724956,0.130568323,0.117962966,0.586748117,-0.162400312,0.793317582,-0.153852584,0.000000000,0.000000000,0.000000000,1.000000000
1790749325552465772,1790749325,552465772,1790749325557187623,RL_calflower,0.832705528,-0.000000000,-0.553716086,-0.249661780,0.089923665,0.986724956,0.135231637,0.100570256,0.546365481,-0.162400312,0.821651325,-0.259528624,0.000000000,0.000000000,0.000000000,1.000000000
1790749325552465772,1790749325,552465772,1790749325557187623,RL_calflower1,0.994300133,-0.000000000,-0.106617285,-0.235840192,0.017314680,0.986724956,0.161474651,0.094261753,0.105201936,-0.162400312,0.981100755,-0.297858332,0.000000000,0.000000000,0.000000000,1.000000000
1790749325552465772,1790749325,552465772,1790749325557187623,RL_foot,0.803990593,-0.000000000,-0.594642016,-0.227089861,0.096570049,0.986724956,0.130568323,0.090151914,0.586748117,-0.162400312,0.793317582,-0.322829229,0.000000000,0.000000000,0.000000000,1.000000000
1790749325552465772,1790749325,552465772,1790749325557187623,RR_hip,1.000000000,0.000000000,0.000000000,-0.193400000,0.000000000,0.987765931,-0.155943791,-0.046500000,0.000000000,0.155943791,0.987765931,0.000000000,0.000000000,0.000000000,0.000000000,1.000000000
1790749325552465772,1790749325,552465772,1790749325557187623,RR_thigh,0.726332606,0.000000000,0.687343397,-0.193400000,0.107186935,0.987765931,-0.113267060,-0.140831646,-0.678934391,0.155943791,0.717446602,-0.014892632,0.000000000,0.000000000,0.000000000,1.000000000
1790749325552465772,1790749325,552465772,1790749325557187623,RR_calf,0.746328522,0.000000000,-0.665577747,-0.339804144,-0.103792717,0.987765931,-0.116385299,-0.116705763,0.657435023,0.155943791,0.737197887,-0.167708758,0.000000000,0.000000000,0.000000000,1.000000000
1790749325552465772,1790749325,552465772,1790749325557187623,RR_calflower,0.778660829,-0.000000000,-0.627445068,-0.226372067,-0.097846163,0.987765931,-0.121427322,-0.101556593,0.619768862,0.155943791,0.769134638,-0.263665345,0.000000000,0.000000000,0.000000000,1.000000000
1790749325552465772,1790749325,552465772,1790749325557187623,RR_calflower1,0.980409268,0.000000000,-0.196971234,-0.209060872,-0.030716441,0.987765931,-0.152888738,-0.095721038,0.194561475,0.155943791,0.968414873,-0.300628419,0.000000000,0.000000000,0.000000000,1.000000000
1790749325552465772,1790749325,552465772,1790749325557187623,RR_foot,0.746328522,0.000000000,-0.665577747,-0.198036084,-0.103792717,0.987765931,-0.116385299,-0.091915694,0.657435023,0.155943791,0.737197887,-0.324731908,0.000000000,0.000000000,0.000000000,1.000000000
1790749326041106130,1790749326,41106130,1790749326057273518,FL_hip,1.000000000,-0.000000000,0.000000000,0.193400000,0.000000000,0.998728427,0.050413572,0.046500000,-0.000000000,-0.050413572,0.998728427,0.000000000,0.000000000,0.000000000,0.000000000,1.000000000
1790749326041106130,1790749326,41106130,1790749326057273518,FL_thigh,0.745150500,0.000000000,0.666896343,0.193400000,-0.033620627,0.998728427,0.037565698,0.141878565,-0.666048336,-0.050413572,0.744202987,-0.004814496,0.000000000,0.000000000,0.000000000,1.000000000
1790749326041106130,1790749326,41106130,1790749326057273518,FL_calf,0.736276082,-0.000000000,-0.676681262,0.051351079,0.034113919,0.998728427,0.037118307,0.133877071,0.675820813,-0.050413572,0.735339854,-0.163329732,0.000000000,0.000000000,0.000000000,1.000000000
1790749326041106130,1790749326,41106130,1790749326057273518,FL_calflower,0.769175896,0.000000000,-0.639037120,0.166225427,0.032216144,0.998728427,0.038776904,0.129065840,0.638224538,-0.050413572,0.768197833,-0.258643614,0.000000000,0.000000000,0.000000000,1.000000000
1790749326041106130,1790749326,41106130,1790749326057273518,FL_calflower1,0.977349149,0.000000000,-0.211633270,0.184095153,0.010669189,0.998728427,0.049271661,0.127192602,0.211364163,-0.050413572,0.976106379,-0.295753773,0.000000000,0.000000000,0.000000000,1.000000000
1790749326041106130,1790749326,41106130,1790749326057273518,FL_foot,0.736276082,-0.000000000,-0.676681262,0.195484188,0.034113919,0.998728427,0.037118307,0.125970872,0.675820813,-0.050413572,0.735339854,-0.319957121,0.000000000,0.000000000,0.000000000,1.000000000
1790749326041106130,1790749326,41106130,1790749326057273518,FR_hip,1.000000000,0.000000000,0.000000000,0.193400000,0.000000000,0.997968209,-0.063713846,-0.046500000,0.000000000,0.063713846,0.997968209,0.000000000,0.000000000,0.000000000,0.000000000,1.000000000
1790749326041106130,1790749326,41106130,1790749326057273518,FR_thigh,0.700946312,0.000000000,0.713214041,0.193400000,0.045441610,0.997968209,-0.044659985,-0.141805964,-0.711764939,0.063713846,0.699522135,-0.006084672,0.000000000,0.000000000,0.000000000,1.000000000
1790749326041106130,1790749326,41106130,1790749326057273518,FR_calf,0.764151392,-0.000000000,-0.645036937,0.041485409,-0.041097784,0.997968209,-0.048687024,-0.132293387,0.643726357,0.063713846,0.762598796,-0.155082887,0.000000000,0.000000000,0.000000000,1.000000000
1790749326041106130,1790749326,41106130,1790749326057273518,FR_calflower,0.795434812,0.000000000,-0.606039157,0.152233904,-0.038613086,0.997968209,-0.050680211,-0.125909663,0.604807812,0.063713846,0.793818654,-0.255072982,0.000000000,0.000000000,0.000000000,1.000000000
1790749326041106130,1790749326,41106130,1790749326057273518,FR_calflower1,0.985402902,-0.000000000,-0.170238424,0.168521122,-0.010846545,0.997968209,-0.062783809,-0.123496324,0.169892535,0.063713846,0.983400769,-0.292873806,0.000000000,0.000000000,0.000000000,1.000000000
1790749326041106130,1790749326,41106130,1790749326057273518,FR_foot,0.764151392,-0.000000000,-0.645036937,0.178878277,-0.041097784,0.997968209,-0.048687024,-0.121923051,0.643726357,0.063713846,0.762598796,-0.317516431,0.000000000,0.000000000,0.000000000,1.000000000
1790749326041106130,1790749326,41106130,1790749326057273518,RL_hip,1.000000000,-0.000000000,0.000000000,-0.193400000,0.000000000,0.986724956,0.162400312,0.046500000,-0.000000000,-0.162400312,0.986724956,0.000000000,0.000000000,0.000000000,0.000000000,1.000000000
1790749326041106130,1790749326,41106130,1790749326057273518,RL_thigh,0.658237447,0.000000000,0.752810377,-0.193400000,-0.122256640,0.986724956,0.106897967,0.140732233,-0.742816786,-0.162400312,0.649499316,-0.015509230,0.000000000,0.000000000,0.000000000,1.000000000
1790749326041106130,1790749326,41106130,1790749326057273518,RL_calf,0.803999950,-0.000000000,-0.594629365,-0.353748610,0.096567994,0.986724956,0.130569842,0.117962966,0.586735634,-0.162400312,0.793326815,-0.153852584,0.000000000,0.000000000,0.000000000,1.000000000
1790749326041106130,1790749326,41106130,1790749326057273518,RL_calflower,0.832714241,0.000000000,-0.553702983,-0.249663465,0.089921537,0.986724956,0.135233052,0.100569990,0.546352552,-0.162400312,0.821659922,-0.259530240,0.000000000,0.000000000,0.000000000,1.000000000
1790749326041106130,1790749326,41106130,1790749326057273518,RL_calflower1,0.994301811,0.000000000,-0.106601639,-0.235842488,0.017312139,0.986724956,0.161474924,0.094261452,0.105186498,-0.162400312,0.981102410,-0.297860162,0.000000000,0.000000000,0.000000000,1.000000000
1790749326041106130,1790749326,41106130,1790749326057273518,RL_foot,0.803999950,-0.000000000,-0.594629365,-0.227092556,0.096567994,0.986724956,0.130569842,0.090151590,0.586735634,-0.162400312,0.793326815,-0.322831196,0.000000000,0.000000000,0.000000000,1.000000000
1790749326041106130,1790749326,41106130,1790749326057273518,RR_hip,1.000000000,0.000000000,0.000000000,-0.193400000,0.000000000,0.987765931,-0.155943791,-0.046500000,0.000000000,0.155943791,0.987765931,0.000000000,0.000000000,0.000000000,0.000000000,1.000000000
1790749326041106130,1790749326,41106130,1790749326057273518,RR_thigh,0.726332606,0.000000000,0.687343397,-0.193400000,0.107186935,0.987765931,-0.113267060,-0.140831646,-0.678934391,0.155943791,0.717446602,-0.014892632,0.000000000,0.000000000,0.000000000,1.000000000
1790749326041106130,1790749326,41106130,1790749326057273518,RR_calf,0.746317969,0.000000000,-0.665589580,-0.339804144,-0.103794562,0.987765931,-0.116383654,-0.116705763,0.657446711,0.155943791,0.737187464,-0.167708758,0.000000000,0.000000000,0.000000000,1.000000000
1790749326041106130,1790749326,41106130,1790749326057273518,RR_calflower,0.778650881,0.000000000,-0.627457414,-0.226370526,-0.097848088,0.987765931,-0.121425770,-0.101556873,0.619781056,0.155943791,0.769124812,-0.263663569,0.000000000,0.000000000,0.000000000,1.000000000
1790749326041106130,1790749326,41106130,1790749326057273518,RR_calflower1,0.980406145,0.000000000,-0.196986779,-0.209058739,-0.030718865,0.987765931,-0.152888251,-0.095721361,0.194576829,0.155943791,0.968411788,-0.300626372,0.000000000,0.000000000,0.000000000,1.000000000
1790749326041106130,1790749326,41106130,1790749326057273518,RR_foot,0.746317969,0.000000000,-0.665589580,-0.198033563,-0.103794562,0.987765931,-0.116383654,-0.091916044,0.657446711,0.155943791,0.737187464,-0.324729688,0.000000000,0.000000000,0.000000000,1.000000000
1790749326107744157,1790749326,107744157,1790749326123878698,FL_hip,1.000000000,-0.000000000,0.000000000,0.193400000,0.000000000,0.998726901,0.050443812,0.046500000,-0.000000000,-0.050443812,0.998726901,0.000000000,0.000000000,0.000000000,0.000000000,1.000000000
1790749326107744157,1790749326,107744157,1790749326123878698,FL_thigh,0.745150500,-0.000000000,0.666896343,0.193400000,-0.033640794,0.998726901,0.037588232,0.141878419,-0.666047317,-0.050443812,0.744201850,-0.004817384,0.000000000,0.000000000,0.000000000,1.000000000
1790749326107744157,1790749326,107744157,1790749326123878698,FL_calf,0.736276082,0.000000000,-0.676681262,0.051351079,0.034134383,0.998726901,0.037140573,0.133872126,0.675819780,-0.050443812,0.735338729,-0.163332378,0.000000000,0.000000000,0.000000000,1.000000000
1790749326107744157,1790749326,107744157,1790749326123878698,FL_calflower,0.769175896,-0.000000000,-0.639037120,0.166225427,0.032235469,0.998726901,0.038800165,0.129058009,0.638223562,-0.050443812,0.768196659,-0.258646114,0.000000000,0.000000000,0.000000000,1.000000000
1790749326107744157,1790749326,107744157,1790749326123878698,FL_calflower1,0.977349149,0.000000000,-0.211633270,0.184095153,0.010675589,0.998726901,0.049301217,0.127183647,0.211363840,-0.050443812,0.976104886,-0.295756216,0.000000000,0.000000000,0.000000000,1.000000000
1790749326107744157,1790749326,107744157,1790749326123878698,FL_foot,0.736276082,0.000000000,-0.676681262,0.195484188,0.034134383,0.998726901,0.037140573,0.125961184,0.675819780,-0.050443812,0.735338729,-0.319959527,0.000000000,0.000000000,0.000000000,1.000000000
1790749326107744157,1790749326,107744157,1790749326123878698,FR_hip,1.000000000,0.000000000,0.000000000,0.193400000,0.000000000,0.997968209,-0.063713846,-0.046500000,0.000000000,0.063713846,0.997968209,0.000000000,0.000000000,0.000000000,0.000000000,1.000000000
1790749326107744157,1790749326,107744157,1790749326123878698,FR_thigh,0.700946312,0.000000000,0.713214041,0.193400000,0.045441610,0.997968209,-0.044659985,-0.141805964,-0.711764939,0.063713846,0.699522135,-0.006084672,0.000000000,0.000000000,0.000000000,1.000000000
1790749326107744157,1790749326,107744157,1790749326123878698,FR_calf,0.764141242,-0.000000000,-0.645048962,0.041485409,-0.041098550,0.997968209,-0.048686377,-0.132293387,0.643738357,0.063713846,0.762588666,-0.155082887,0.000000000,0.000000000,0.000000000,1.000000000
1790749326107744157,1790749326,107744157,1790749326123878698,FR_calflower,0.795425275,-0.000000000,-0.606051674,0.152235480,-0.038613883,0.997968209,-0.050679603,-0.125909774,0.604820304,0.063713846,0.793809137,-0.255071243,0.000000000,0.000000000,0.000000000,1.000000000
1790749326107744157,1790749326,107744157,1790749326123878698,FR_calflower1,0.985400223,0.000000000,-0.170253930,0.168523295,-0.010847533,0.997968209,-0.062783638,-0.123496451,0.169908010,0.063713846,0.983398095,-0.292871811,0.000000000,0.000000000,0.000000000,1.000000000
1790749326107744157,1790749326,107744157,1790749326123878698,FR_foot,0.764141242,-0.000000000,-0.645048962,0.178880838,-0.041098550,0.997968209,-0.048686377,-0.121923189,0.643738357,0.063713846,0.762588666,-0.317514273,0.000000000,0.000000000,0.000000000,1.000000000
1790749326107744157,1790749326,107744157,1790749326123878698,RL_hip,1.000000000,-0.000000000,0.000000000,-0.193400000,0.000000000,0.986724956,0.162400312,0.046500000,-0.000000000,-0.162400312,0.986724956,0.000000000,0.000000000,0.000000000,0.000000000,1.000000000
1790749326107744157,1790749326,107744157,1790749326123878698,RL_thigh,0.658214652,0.000000000,0.752830307,-0.193400000,-0.122259877,0.986724956,0.106894265,0.140732233,-0.742836452,-0.162400312,0.649476824,-0.015509230,0.000000000,0.000000000,0.000000000,1.000000000
1790749326107744157,1790749326,107744157,1790749326123878698,RL_calf,0.804017954,0.000000000,-0.594605020,-0.353752855,0.096564041,0.986724956,0.130572766,0.117963755,0.586711612,-0.162400312,0.793344580,-0.153847793,0.000000000,0.000000000,0.000000000,1.000000000
1790749326107744157,1790749326,107744157,1790749326123878698,RL_calflower,0.832731006,0.000000000,-0.553677769,-0.249670953,0.089917442,0.986724956,0.135235775,0.100570266,0.546327672,-0.162400312,0.821676465,-0.259528559,0.000000000,0.000000000,0.000000000,1.000000000
1790749326107744157,1790749326,107744157,1790749326123878698,RL_calflower1,0.994305038,0.000000000,-0.106571533,-0.235851153,0.017307250,0.986724956,0.161475448,0.094261661,0.105156791,-0.162400312,0.981105595,-0.297858894,0.000000000,0.000000000,0.000000000,1.000000000
1790749326107744157,1790749326,107744157,1790749326123878698,RL_foot,0.804017954,0.000000000,-0.594605020,-0.227101986,0.096564041,0.986724956,0.130572766,0.090151756,0.586711612,-0.162400312,0.793344580,-0.322830189,0.000000000,0.000000000,0.000000000,1.000000000
1790749326107744157,1790749326,107744157,1790749326123878698,RR_hip,1.000000000,0.000000000,0.000000000,-0.193400000,0.000000000,0.987775370,-0.155883988,-0.046500000,0.000000000,0.155883988,0.987775370,0.000000000,0.000000000,0.000000000,0.000000000,1.000000000
1790749326107744157,1790749326,107744157,1790749326123878698,RR_thigh,0.726353417,0.000000000,0.687321404,-0.193400000,0.107142402,0.987775370,-0.113226868,-0.140832548,-0.678919155,0.155883988,0.717474016,-0.014886921,0.000000000,0.000000000,0.000000000,1.000000000
1790749326107744157,1790749326,107744157,1790749326123878698,RR_calf,0.746297816,-0.000000000,-0.665612177,-0.339799459,-0.103758281,0.987775370,-0.116335880,-0.116715225,0.657475315,0.155883988,0.737174601,-0.167708886,0.000000000,0.000000000,0.000000000,1.000000000
1790749326107744157,1790749326,107744157,1790749326123878698,RR_calflower,0.778631881,-0.000000000,-0.627480990,-0.226362901,-0.097814239,0.987775370,-0.121376243,-0.101572680,0.619810268,0.155883988,0.769113395,-0.263661221,0.000000000,0.000000000,0.000000000,1.000000000
1790749326107744157,1790749326,107744157,1790749326123878698,RR_calflower1,0.980400180,-0.000000000,-0.197016464,-0.209049980,-0.030711712,0.987775370,-0.152828690,-0.095739488,0.194608011,0.155883988,0.968415151,-0.300623859,0.000000000,0.000000000,0.000000000,1.000000000
1790749326107744157,1790749326,107744157,1790749326123878698,RR_foot,0.746297816,-0.000000000,-0.665612177,-0.198024065,-0.103758281,0.987775370,-0.116335880,-0.091935683,0.657475315,0.155883988,0.737174601,-0.324727076,0.000000000,0.000000000,0.000000000,1.000000000
1790749326183900071,1790749326,183900071,1790749326190381666,FL_hip,1.000000000,-0.000000000,0.000000000,0.193400000,0.000000000,0.998728427,0.050413572,0.046500000,-0.000000000,-0.050413572,0.998728427,0.000000000,0.000000000,0.000000000,0.000000000,1.000000000
1790749326183900071,1790749326,183900071,1790749326190381666,FL_thigh,0.745211076,-0.000000000,0.666828652,0.193400000,-0.033617214,0.998728427,0.037568752,0.141878565,-0.665980731,-0.050413572,0.744263486,-0.004814496,0.000000000,0.000000000,0.000000000,1.000000000
1790749326183900071,1790749326,183900071,1790749326190381666,FL_calf,0.736225341,0.000000000,-0.676736468,0.051365497,0.034116702,0.998728427,0.037115749,0.133876421,0.675875949,-0.050413572,0.735289177,-0.163342619,0.000000000,0.000000000,0.000000000,1.000000000
1790749326183900071,1790749326,183900071,1790749326190381666,FL_calflower,0.769127977,0.000000000,-0.639094793,0.166247001,0.032219051,0.998728427,0.038774488,0.129065624,0.638282138,-0.050413572,0.768149975,-0.258647898,0.000000000,0.000000000,0.000000000,1.000000000
1790749326183900071,1790749326,183900071,1790749326190381666,FL_calflower1,0.977333277,0.000000000,-0.211706553,0.184119513,0.010672884,0.998728427,0.049270861,0.127192454,0.211437353,-0.050413572,0.976090527,-0.295756718,0.000000000,0.000000000,0.000000000,1.000000000
1790749326183900071,1790749326,183900071,1790749326190381666,FL_foot,0.736225341,0.000000000,-0.676736468,0.195510365,0.034116702,0.998728427,0.037115749,0.125970766,0.675875949,-0.050413572,0.735289177,-0.319959213,0.000000000,0.000000000,0.000000000,1.000000000
1790749326183900071,1790749326,183900071,1790749326190381666,FR_hip,1.000000000,0.000000000,0.000000000,0.193400000,0.000000000,0.997964349,-0.063774281,-0.046500000,0.000000000,0.063774281,0.997964349,0.000000000,0.000000000,0.000000000,0.000000000,1.000000000
1790749326183900071,1790749326,183900071,1790749326190381666,FR_thigh,0.701011096,0.000000000,0.713150366,0.193400000,0.045480652,0.997964349,-0.044706479,-0.141805595,-0.711698640,0.063774281,0.699584081,-0.006090444,0.000000000,0.000000000,0.000000000,1.000000000
1790749326183900071,1790749326,183900071,1790749326190381666,FR_calf,0.764082644,-0.000000000,-0.645118372,0.041498972,-0.041141960,0.997964349,-0.048728821,-0.132283115,0.643805136,0.063774281,0.762527238,-0.155101853,0.000000000,0.000000000,0.000000000,1.000000000
1790749326183900071,1790749326,183900071,1790749326190381666,FR_calflower,0.795370220,-0.000000000,-0.606123926,0.152258144,-0.038655118,0.997964349,-0.050724164,-0.125894089,0.604890069,0.063774281,0.793751123,-0.255079782,0.000000000,0.000000000,0.000000000,1.000000000
1790749326183900071,1790749326,183900071,1790749326190381666,FR_calflower1,0.985384753,-0.000000000,-0.170343441,0.168549399,-0.010863530,0.997964349,-0.062842204,-0.123478571,0.169996681,0.063774281,0.983378854,-0.292878727,0.000000000,0.000000000,0.000000000,1.000000000
1790749326183900071,1790749326,183900071,1790749326190381666,FR_foot,0.764082644,-0.000000000,-0.645118372,0.178909185,-0.041141960,0.997964349,-0.048728821,-0.121903876,0.643805136,0.063774281,0.762527238,-0.317520155,0.000000000,0.000000000,0.000000000,1.000000000
1790749326183900071,1790749326,183900071,1790749326190381666,RL_hip,1.000000000,-0.000000000,0.000000000,-0.193400000,0.000000000,0.986729873,0.162370434,0.046500000,-0.000000000,-0.162370434,0.986729873,0.000000000,0.000000000,0.000000000,0.000000000,1.000000000
1790749326183900071,1790749326,183900071,1790749326190381666,RL_thigh,0.658237447,-0.000000000,0.752810377,-0.193400000,-0.122234148,0.986729873,0.106878300,0.140732703,-0.742820487,-0.162370434,0.649502552,-0.015506376,0.000000000,0.000000000,0.000000000,1.000000000
1790749326183900071,1790749326,183900071,1790749326190381666,RL_calf,0.803999950,0.000000000,-0.594629365,-0.353748610,0.096550228,0.986729873,0.130545821,0.117967625,0.586738557,-0.162370434,0.793330768,-0.153850420,0.000000000,0.000000000,0.000000000,1.000000000
1790749326183900071,1790749326,183900071,1790749326190381666,RL_calflower,0.832714241,0.000000000,-0.553702983,-0.249663465,0.089904994,0.986729873,0.135208173,0.100577848,0.546355274,-0.162370434,0.821664017,-0.259528603,0.000000000,0.000000000,0.000000000,1.000000000
1790749326183900071,1790749326,183900071,1790749326190381666,RL_calflower1,0.994301811,0.000000000,-0.106601639,-0.235842488,0.017308954,0.986729873,0.161445217,0.094270471,0.105187022,-0.162370434,0.981107299,-0.297858716,0.000000000,0.000000000,0.000000000,1.000000000
1790749326183900071,1790749326,183900071,1790749326190381666,RL_foot,0.803999950,0.000000000,-0.594629365,-0.227092556,0.096550228,0.986729873,0.130545821,0.090161365,0.586738557,-0.162370434,0.793330768,-0.322829874,0.000000000,0.000000000,0.000000000,1.000000000
1790749326183900071,1790749326,183900071,1790749326190381666,RR_hip,1.000000000,0.000000000,0.000000000,-0.193400000,0.000000000,0.987775370,-0.155883988,-0.046500000,0.000000000,0.155883988,0.987775370,0.000000000,0.000000000,0.000000000,0.000000000,1.000000000
1790749326183900071,1790749326,183900071,1790749326190381666,RR_thigh,0.726395039,-0.000000000,0.687277416,-0.193400000,0.107135545,0.987775370,-0.113233356,-0.140832548,-0.678875704,0.155883988,0.717515129,-0.014886921,0.000000000,0.000000000,0.000000000,1.000000000
1790749326183900071,1790749326,183900071,1790749326190381666,RR_calf,0.746257506,0.000000000,-0.665657371,-0.339790090,-0.103765326,0.987775370,-0.116329596,-0.116713843,0.657519956,0.155883988,0.737134784,-0.167717643,0.000000000,0.000000000,0.000000000,1.000000000
1790749326183900071,1790749326,183900071,1790749326190381666,RR_calflower,0.778593881,-0.000000000,-0.627528142,-0.226347649,-0.097821590,0.987775370,-0.121370319,-0.101572369,0.619856843,0.155883988,0.769075859,-0.263663192,0.000000000,0.000000000,0.000000000,1.000000000
1790749326183900071,1790749326,183900071,1790749326190381666,RR_calflower1,0.980388247,-0.000000000,-0.197075836,-0.209032462,-0.030720967,0.987775370,-0.152826830,-0.095739341,0.194666656,0.155883988,0.968403364,-0.300624795,0.000000000,0.000000000,0.000000000,1.000000000
1790749326183900071,1790749326,183900071,1790749326190381666,RR_foot,0.746257506,0.000000000,-0.665657371,-0.198005070,-0.103765326,0.987775370,-0.116329596,-0.091935639,0.657519956,0.155883988,0.737134784,-0.324727352,0.000000000,0.000000000,0.000000000,1.000000000
1790749326255210179,1790749326,255210179,1790749326256996053,FL_hip,1.000000000,-0.000000000,0.000000000,0.193400000,0.000000000,0.998725373,0.050474049,0.046500000,-0.000000000,-0.050474049,0.998725373,0.000000000,0.000000000,0.000000000,0.000000000,1.000000000
1790749326255210179,1790749326,255210179,1790749326256996053,FL_thigh,0.745211076,0.000000000,0.666828652,0.193400000,-0.033657542,0.998725373,0.037613821,0.141878273,-0.665978694,-0.050474049,0.744261210,-0.004820272,0.000000000,0.000000000,0.000000000,1.000000000
1790749326255210179,1790749326,255210179,1790749326256996053,FL_calf,0.736203962,-0.000000000,-0.676759726,0.051365497,0.034158804,0.998725373,0.037159195,0.133866529,0.675897109,-0.050474049,0.735265576,-0.163347909,0.000000000,0.000000000,0.000000000,1.000000000
1790749326255210179,1790749326,255210179,1790749326256996053,FL_calflower,0.769107788,0.000000000,-0.639119090,0.166250016,0.032258928,0.998725373,0.038819984,0.129050145,0.638304451,-0.050474049,0.768127462,-0.258649273,0.000000000,0.000000000,0.000000000,1.000000000
1790749326255210179,1790749326,255210179,1790749326256996053,FL_calflower1,0.977326589,0.000000000,-0.211737428,0.184123701,0.010687245,0.998725373,0.049329630,0.127174756,0.211467541,-0.050474049,0.976080862,-0.295757416,0.000000000,0.000000000,0.000000000,1.000000000
1790749326255210179,1790749326,255210179,1790749326256996053,FL_foot,0.736203962,-0.000000000,-0.676759726,0.195515319,0.034158804,0.998725373,0.037159195,0.125951621,0.675897109,-0.050474049,0.735265576,-0.319959477,0.000000000,0.000000000,0.000000000,1.000000000
1790749326255210179,1790749326,255210179,1790749326256996053,FR_hip,1.000000000,0.000000000,0.000000000,0.193400000,0.000000000,0.997966279,-0.063744064,-0.046500000,0.000000000,0.063744064,0.997966279,0.000000000,0.000000000,0.000000000,0.000000000,1.000000000
1790749326255210179,1790749326,255210179,1790749326256996053,FR_thigh,0.701054281,0.000000000,0.713107912,0.193400000,0.045456396,0.997966279,-0.044688049,-0.141805780,-0.711657650,0.063744064,0.699628533,-0.006087558,0.000000000,0.000000000,0.000000000,1.000000000
1790749326255210179,1790749326,255210179,1790749326256996053,FR_calf,0.764043575,-0.000000000,-0.645164642,0.041508015,-0.041125416,0.997966279,-0.048703242,-0.132287225,0.643852557,0.063744064,0.762489724,-0.155108436,0.000000000,0.000000000,0.000000000,1.000000000
1790749326255210179,1790749326,255210179,1790749326256996053,FR_calflower,0.795333512,0.000000000,-0.606172091,0.152273253,-0.038639872,0.997966279,-0.050697790,-0.125901654,0.604939306,0.063744064,0.793716026,-0.255079864,0.000000000,0.000000000,0.000000000,1.000000000
1790749326255210179,1790749326,255210179,1790749326256996053,FR_calflower1,0.985374436,-0.000000000,-0.170403113,0.168566802,-0.010862187,0.997966279,-0.062811771,-0.123487343,0.170056561,0.063744064,0.983370459,-0.292877898,0.000000000,0.000000000,0.000000000,1.000000000
1790749326255210179,1790749326,255210179,1790749326256996053,FR_foot,0.764043575,-0.000000000,-0.645164642,0.178928083,-0.041125416,0.997966279,-0.048703242,-0.121913435,0.643852557,0.063744064,0.762489724,-0.317518747,0.000000000,0.000000000,0.000000000,1.000000000
1790749326255210179,1790749326,255210179,1790749326256996053,RL_hip,1.000000000,-0.000000000,0.000000000,-0.193400000,0.000000000,0.986729873,0.162370434,0.046500000,-0.000000000,-0.162370434,0.986729873,0.000000000,0.000000000,0.000000000,0.000000000,1.000000000
1790749326255210179,1790749326,255210179,1790749326256996053,RL_thigh,0.658260241,0.000000000,0.752790446,-0.193400000,-0.122230912,0.986729873,0.106882001,0.140732703,-0.742800821,-0.162370434,0.649525044,-0.015506376,0.000000000,0.000000000,0.000000000,1.000000000
1790749326255210179,1790749326,255210179,1790749326256996053,RL_calf,0.803972587,0.000000000,-0.594666360,-0.353744365,0.096556235,0.986729873,0.130541378,0.117966837,0.586775062,-0.162370434,0.793303768,-0.153855211,0.000000000,0.000000000,0.000000000,1.000000000
1790749326255210179,1790749326,255210179,1790749326256996053,RL_calflower,0.832688761,0.000000000,-0.553741300,-0.249654292,0.089911215,0.986729873,0.135204036,0.100577837,0.546393082,-0.162370434,0.821638875,-0.259528667,0.000000000,0.000000000,0.000000000,1.000000000
1790749326255210179,1790749326,255210179,1790749326256996053,RL_calflower1,0.994296904,0.000000000,-0.106647392,-0.235831528,0.017316383,0.986729873,0.161444420,0.094270564,0.105232167,-0.162370434,0.981102458,-0.297858153,0.000000000,0.000000000,0.000000000,1.000000000
1790749326255210179,1790749326,255210179,1790749326256996053,RL_foot,0.803972587,0.000000000,-0.594666360,-0.227080430,0.096556235,0.986729873,0.130541378,0.090161523,0.586775062,-0.162370434,0.793303768,-0.322828914,0.000000000,0.000000000,0.000000000,1.000000000
1790749326255210179,1790749326,255210179,1790749326256996053,RR_hip,1.000000000,0.000000000,0.000000000,-0.193400000,0.000000000,0.987780090,-0.155854079,-0.046500000,0.000000000,0.155854079,0.987780090,0.000000000,0.000000000,0.000000000,0.000000000,1.000000000
1790749326255210179,1790749326,255210179,1790749326256996053,RR_thigh,0.726415849,-0.000000000,0.687255421,-0.193400000,0.107111561,0.987780090,-0.113214873,-0.140832999,-0.678857222,0.155854079,0.717539113,-0.014884065,0.000000000,0.000000000,0.000000000,1.000000000
1790749326255210179,1790749326,255210179,1790749326256996053,RR_calf,0.746237350,-0.000000000,-0.665679966,-0.339785405,-0.103748938,0.987780090,-0.116304135,-0.116718231,0.657545417,0.155854079,0.737118397,-0.167719896,0.000000000,0.000000000,0.000000000,1.000000000
1790749326255210179,1790749326,255210179,1790749326256996053,RR_calflower,0.778574879,0.000000000,-0.627551717,-0.226340023,-0.097806495,0.987780090,-0.121344071,-0.101580197,0.619883091,0.155854079,0.769060764,-0.263662510,0.000000000,0.000000000,0.000000000,1.000000000
1790749326255210179,1790749326,255210179,1790749326256996053,RR_calflower1,0.980382279,-0.000000000,-0.197105521,-0.209023703,-0.030719699,0.987780090,-0.152796577,-0.095748370,0.194696909,0.155854079,0.968402096,-0.300623771,0.000000000,0.000000000,0.000000000,1.000000000
1790749326255210179,1790749326,255210179,1790749326256996053,RR_foot,0.746237350,-0.000000000,-0.665679966,-0.197995572,-0.103748938,0.987780090,-0.116304135,-0.091945450,0.657545417,0.155854079,0.737118397,-0.324726114,0.000000000,0.000000000,0.000000000,1.000000000
1790749326317998586,1790749326,317998586,1790749326323772531,FL_hip,1.000000000,-0.000000000,0.000000000,0.193400000,0.000000000,0.998728427,0.050413572,0.046500000,-0.000000000,-0.050413572,0.998728427,0.000000000,0.000000000,0.000000000,0.000000000,1.000000000
1790749326317998586,1790749326,317998586,1790749326323772531,FL_thigh,0.745190885,0.000000000,0.666851216,0.193400000,-0.033618352,0.998728427,0.037567734,0.141878565,-0.666003267,-0.050413572,0.744243321,-0.004814496,0.000000000,0.000000000,0.000000000,1.000000000
1790749326317998586,1790749326,317998586,1790749326323772531,FL_calf,0.736235102,-0.000000000,-0.676725849,0.051360691,0.034116167,0.998728427,0.037116241,0.133876637,0.675865343,-0.050413572,0.735298926,-0.163338323,0.000000000,0.000000000,0.000000000,1.000000000
1790749326317998586,1790749326,317998586,1790749326323772531,FL_calflower,0.769137196,-0.000000000,-0.639083699,0.166240819,0.032218492,0.998728427,0.038774953,0.129065757,0.638271058,-0.050413572,0.768159182,-0.258645258,0.000000000,0.000000000,0.000000000,1.000000000
1790749326317998586,1790749326,317998586,1790749326323772531,FL_calflower1,0.977336331,-0.000000000,-0.211692456,0.184112795,0.010672173,0.998728427,0.049271015,0.127192574,0.211423274,-0.050413572,0.976093577,-0.295754335,0.000000000,0.000000000,0.000000000,1.000000000
1790749326317998586,1790749326,317998586,1790749326323772531,FL_foot,0.736235102,-0.000000000,-0.676725849,0.195503297,0.034116167,0.998728427,0.037116241,0.125970878,0.675865343,-0.050413572,0.735298926,-0.319956995,0.000000000,0.000000000,0.000000000,1.000000000
1790749326317998586,1790749326,317998586,1790749326323772531,FR_hip,1.000000000,0.000000000,0.000000000,0.193400000,0.000000000,0.997964349,-0.063774281,-0.046500000,0.000000000,0.063774281,0.997964349,0.000000000,0.000000000,0.000000000,0.000000000,1.000000000
1790749326317998586,1790749326,317998586,1790749326323772531,FR_thigh,0.701032689,0.000000000,0.713129139,0.193400000,0.045479298,0.997964349,-0.044707856,-0.141805595,-0.711677457,0.063774281,0.699605631,-0.006090444,0.000000000,0.000000000,0.000000000,1.000000000
1790749326317998586,1790749326,317998586,1790749326323772531,FR_calf,0.764063110,-0.000000000,-0.645141507,0.041503493,-0.041143436,0.997964349,-0.048727576,-0.132282822,0.643828224,0.063774281,0.762507744,-0.155106443,0.000000000,0.000000000,0.000000000,1.000000000
1790749326317998586,1790749326,317998586,1790749326323772531,FR_calflower,0.795351866,0.000000000,-0.606148009,0.152265699,-0.038656654,0.997964349,-0.050722994,-0.125894010,0.604914103,0.063774281,0.793732807,-0.255081025,0.000000000,0.000000000,0.000000000,1.000000000
1790749326317998586,1790749326,317998586,1790749326323772531,FR_calflower1,0.985379595,0.000000000,-0.170373277,0.168558100,-0.010865433,0.997964349,-0.062841875,-0.123478523,0.170026456,0.063774281,0.983373706,-0.292879478,0.000000000,0.000000000,0.000000000,1.000000000
1790749326317998586,1790749326,317998586,1790749326323772531,FR_foot,0.764063110,-0.000000000,-0.645141507,0.178918634,-0.041143436,0.997964349,-0.048727576,-0.121903848,0.643828224,0.063774281,0.762507744,-0.317520593,0.000000000,0.000000000,0.000000000,1.000000000
1790749326317998586,1790749326,317998586,1790749326323772531,RL_hip,1.000000000,-0.000000000,0.000000000,-0.193400000,0.000000000,0.986710200,0.162489943,0.046500000,-0.000000000,-0.162489943,0.986710200,0.000000000,0.000000000,0.000000000,0.000000000,1.000000000
1790749326317998586,1790749326,317998586,1790749326323772531,RL_thigh,0.658214652,-0.000000000,0.752830307,-0.193400000,-0.122327353,0.986710200,0.106953261,0.140730824,-0.742825343,-0.162489943,0.649467111,-0.015517790,0.000000000,0.000000000,0.000000000,1.000000000
1790749326317998586,1790749326,317998586,1790749326323772531,RL_calf,0.804017954,0.000000000,-0.594605020,-0.353752855,0.096617336,0.986710200,0.130644831,0.117949779,0.586702838,-0.162489943,0.793332716,-0.153854284,0.000000000,0.000000000,0.000000000,1.000000000
1790749326317998586,1790749326,317998586,1790749326323772531,RL_calflower,0.832731006,0.000000000,-0.553677769,-0.249670953,0.089967069,0.986710200,0.135310413,0.100546691,0.546319502,-0.162489943,0.821664177,-0.259533469,0.000000000,0.000000000,0.000000000,1.000000000
1790749326317998586,1790749326,317998586,1790749326323772531,RL_calflower1,0.994305038,0.000000000,-0.106571533,-0.235851153,0.017316802,0.986710200,0.161564569,0.094234604,0.105155218,-0.162489943,0.981090923,-0.297863231,0.000000000,0.000000000,0.000000000,1.000000000
1790749326317998586,1790749326,317998586,1790749326323772531,RL_foot,0.804017954,0.000000000,-0.594605020,-0.227101986,0.096617336,0.986710200,0.130644831,0.090122430,0.586702838,-0.162489943,0.793332716,-0.322834153,0.000000000,0.000000000,0.000000000,1.000000000
1790749326317998586,1790749326,317998586,1790749326323772531,RR_hip,1.000000000,0.000000000,0.000000000,-0.193400000,0.000000000,0.987780090,-0.155854079,-0.046500000,0.000000000,0.155854079,0.987780090,0.000000000,0.000000000,0.000000000,0.000000000,1.000000000
1790749326317998586,1790749326,317998586,1790749326323772531,RR_thigh,0.726415849,-0.000000000,0.687255421,-0.193400000,0.107111561,0.987780090,-0.113214873,-0.140832999,-0.678857222,0.155854079,0.717539113,-0.014884065,0.000000000,0.000000000,0.000000000,1.000000000
1790749326317998586,1790749326,317998586,1790749326323772531,RR_calf,0.746237350,-0.000000000,-0.665679966,-0.339785405,-0.103748938,0.987780090,-0.116304135,-0.116718231,0.657545417,0.155854079,0.737118397,-0.167719896,0.000000000,0.000000000,0.000000000,1.000000000
1790749326317998586,1790749326,317998586,1790749326323772531,RR_calflower,0.778574879,0.000000000,-0.627551717,-0.226340023,-0.097806495,0.987780090,-0.121344071,-0.101580197,0.619883091,0.155854079,0.769060764,-0.263662510,0.000000000,0.000000000,0.000000000,1.000000000
1790749326317998586,1790749326,317998586,1790749326323772531,RR_calflower1,0.980382279,-0.000000000,-0.197105521,-0.209023703,-0.030719699,0.987780090,-0.152796577,-0.095748370,0.194696909,0.155854079,0.968402096,-0.300623771,0.000000000,0.000000000,0.000000000,1.000000000
1790749326317998586,1790749326,317998586,1790749326323772531,RR_foot,0.746237350,-0.000000000,-0.665679966,-0.197995572,-0.103748938,0.987780090,-0.116304135,-0.091945450,0.657545417,0.155854079,0.737118397,-0.324726114,0.000000000,0.000000000,0.000000000,1.000000000
1790749326380996426,1790749326,380996426,1790749326390292395,FL_hip,1.000000000,-0.000000000,0.000000000,0.193400000,0.000000000,0.998853415,0.047873334,0.046500000,-0.000000000,-0.047873334,0.998853415,0.000000000,0.000000000,0.000000000,0.000000000,1.000000000
1790749326380996426,1790749326,380996426,1790749326390292395,FL_thigh,0.742519756,0.000000000,0.669824165,0.193400000,-0.032066716,0.998853415,0.035546896,0.141890501,-0.669056154,-0.047873334,0.741668394,-0.004571903,0.000000000,0.000000000,0.000000000,1.000000000
1790749326380996426,1790749326,380996426,1790749326390292395,FL_calf,0.739040361,0.000000000,-0.673661150,0.050727453,0.032250405,0.998853415,0.035380326,0.134319012,0.672888740,-0.047873334,0.738192988,-0.162547271,0.000000000,0.000000000,0.000000000,1.000000000
1790749326380996426,1790749326,380996426,1790749326390292395,FL_calflower,0.771785777,0.000000000,-0.635882626,0.165210110,0.030441821,0.998853415,0.036947958,0.129727732,0.635153532,-0.047873334,0.770900859,-0.258342059,0.000000000,0.000000000,0.000000000,1.000000000
1790749326380996426,1790749326,380996426,1790749326390292395,FL_calflower1,0.978207421,0.000000000,-0.207630061,0.182927558,0.009939943,0.998853415,0.046830050,0.127945396,0.207391995,-0.047873334,0.977085822,-0.295529628,0.000000000,0.000000000,0.000000000,1.000000000
1790749326380996426,1790749326,380996426,1790749326390292395,FL_foot,0.739040361,0.000000000,-0.673661150,0.194217278,0.032250405,0.998853415,0.035380326,0.126783003,0.672888740,-0.047873334,0.738192988,-0.319782378,0.000000000,0.000000000,0.000000000,1.000000000
1790749326380996426,1790749326,380996426,1790749326390292395,FR_hip,1.000000000,0.000000000,0.000000000,0.193400000,0.000000000,0.997814956,-0.066070523,-0.046500000,0.000000000,0.066070523,0.997814956,0.000000000,0.000000000,0.000000000,0.000000000,1.000000000
1790749326380996426,1790749326,380996426,1790749326390292395,FR_thigh,0.703253223,0.000000000,0.710939452,0.193400000,0.046972141,0.997814956,-0.046464308,-0.141791328,-0.709386018,0.066070523,0.701716583,-0.006309735,0.000000000,0.000000000,0.000000000,1.000000000
1790749326380996426,1790749326,380996426,1790749326390292395,FR_calf,0.762027020,0.000000000,-0.647545227,0.041969897,-0.042783652,0.997814956,-0.050347524,-0.131894431,0.646130312,0.066070523,0.760361957,-0.155775367,0.000000000,0.000000000,0.000000000,1.000000000
1790749326380996426,1790749326,380996426,1790749326390292395,FR_calflower,0.793438457,0.000000000,-0.608650487,0.153047131,-0.040213856,0.997814956,-0.052422894,-0.125298670,0.607320559,0.066070523,0.791704759,-0.255386331,0.000000000,0.000000000,0.000000000,1.000000000
1790749326380996426,1790749326,380996426,1790749326390292395,FR_calflower1,0.984838003,0.000000000,-0.173476535,0.169458766,-0.011461685,0.997814956,-0.065068762,-0.122799616,0.173097481,0.066070523,0.982686088,-0.293127727,0.000000000,0.000000000,0.000000000,1.000000000
1790749326380996426,1790749326,380996426,1790749326390292395,FR_foot,0.762027020,0.000000000,-0.647545227,0.179897030,-0.042783652,0.997814956,-0.050347524,-0.121170408,0.646130312,0.066070523,0.760361957,-0.317732464,0.000000000,0.000000000,0.000000000,1.000000000
1790749326380996426,1790749326,380996426,1790749326390292395,RL_hip,1.000000000,-0.000000000,0.000000000,-0.193400000,0.000000000,0.986293743,0.164998944,0.046500000,-0.000000000,-0.164998944,0.986293743,0.000000000,0.000000000,0.000000000,0.000000000,1.000000000
1790749326380996426,1790749326,380996426,1790749326390292395,RL_thigh,0.657644587,0.000000000,0.753328346,-0.193400000,-0.124298382,0.986293743,0.108510662,0.140691053,-0.743003035,-0.164998944,0.648630741,-0.015757399,0.000000000,0.000000000,0.000000000,1.000000000
1790749326380996426,1790749326,380996426,1790749326390292395,RL_calf,0.804449062,0.000000000,-0.594021638,-0.353858938,0.098012943,0.986293743,0.132733246,0.117578281,0.585879825,-0.164998944,0.793423077,-0.153915747,0.000000000,0.000000000,0.000000000,1.000000000
1790749326380996426,1790749326,380996426,1790749326390292395,RL_calflower,0.833132418,0.000000000,-0.553073570,-0.249854754,0.091256555,0.986293743,0.137465969,0.099894020,0.545493002,-0.164998944,0.821713292,-0.259624766,0.000000000,0.000000000,0.000000000,1.000000000
1790749326380996426,1790749326,380996426,1790749326390292395,RL_calflower1,0.994382082,0.000000000,-0.105850247,-0.236063135,0.017465179,0.986293743,0.164071994,0.093482816,0.104399437,-0.164998944,0.980752826,-0.297948228,0.000000000,0.000000000,0.000000000,1.000000000
1790749326380996426,1790749326,380996426,1790749326390292395,RL_foot,0.804449062,0.000000000,-0.594021638,-0.227332329,0.098012943,0.986293743,0.132733246,0.089306100,0.585879825,-0.164998944,0.793423077,-0.322914862,0.000000000,0.000000000,0.000000000,1.000000000
1790749326380996426,1790749326,380996426,1790749326390292395,RR_hip,1.000000000,0.000000000,0.000000000,-0.193400000,0.000000000,0.988066258,-0.154029445,-0.046500000,0.000000000,0.154029445,0.988066258,0.000000000,0.000000000,0.000000000,0.000000000,1.000000000
1790749326380996426,1790749326,380996426,1790749326390292395,RR_thigh,0.727663221,0.000000000,0.685934572,-0.193400000,0.105654121,0.988066258,-0.112081562,-0.140860328,-0.677748806,0.154029445,0.718979475,-0.014709812,0.000000000,0.000000000,0.000000000,1.000000000
1790749326380996426,1790749326,380996426,1790749326390292395,RR_calf,0.745016249,-0.000000000,-0.667046317,-0.339504064,-0.102744774,0.988066258,-0.114754439,-0.116986955,0.659085958,0.154029445,0.736125417,-0.167852440,0.000000000,0.000000000,0.000000000,1.000000000
1790749326380996426,1790749326,380996426,1790749326390292395,RR_calflower,0.777423593,0.000000000,-0.628977389,-0.225880884,-0.096881038,0.988066258,-0.119746124,-0.102058194,0.621471335,0.154029445,0.768146021,-0.263617283,0.000000000,0.000000000,0.000000000,1.000000000
1790749326380996426,1790749326,380996426,1790749326390292395,RR_calflower1,0.980019441,0.000000000,-0.198901725,-0.208496024,-0.030636722,0.988066258,-0.150951850,-0.096299538,0.196528083,0.154029445,0.968324141,-0.300557837,0.000000000,0.000000000,0.000000000,1.000000000
1790749326380996426,1790749326,380996426,1790749326390292395,RR_foot,0.745016249,-0.000000000,-0.667046317,-0.197423198,-0.102744774,0.988066258,-0.114754439,-0.092544260,0.659085958,0.154029445,0.736125417,-0.324647154,0.000000000,0.000000000,0.000000000,1.000000000
1790749326446219190,1790749326,446219190,1790749326457123302,FL_hip,1.000000000,-0.000000000,0.000000000,0.193400000,0.000000000,0.998890792,0.047087005,0.046500000,-0.000000000,-0.047087005,0.998890792,0.000000000,0.000000000,0.000000000,0.000000000,1.000000000
1790749326446219190,1790749326,446219190,1790749326457123302,FL_thigh,0.742479191,0.000000000,0.669869129,0.193400000,-0.031542131,0.998890792,0.034961121,0.141894071,-0.669126105,-0.047087005,0.741655627,-0.004496809,0.000000000,0.000000000,0.000000000,1.000000000
1790749326446219190,1790749326,446219190,1790749326457123302,FL_calf,0.739187545,0.000000000,-0.673499646,0.050717875,0.031713081,0.998890792,0.034806127,0.134447352,0.672752595,-0.047087005,0.738367632,-0.162469458,0.000000000,0.000000000,0.000000000,1.000000000
1790749326446219190,1790749326,446219190,1790749326457123302,FL_calflower,0.771924706,0.000000000,-0.635713967,0.165179574,0.029933866,0.998890792,0.036347622,0.129930307,0.635008828,-0.047087005,0.771068481,-0.258292815,0.000000000,0.000000000,0.000000000,1.000000000
1790749326446219190,1790749326,446219190,1790749326457123302,FL_calflower1,0.978252767,-0.000000000,-0.207416307,0.182888886,0.009766613,0.998890792,0.046062992,0.128177063,0.207186239,-0.047087005,0.977167681,-0.295485643,0.000000000,0.000000000,0.000000000,1.000000000
1790749326446219190,1790749326,446219190,1790749326457123302,FL_foot,0.739187545,0.000000000,-0.673499646,0.194173300,0.031713081,0.998890792,0.034806127,0.127033647,0.672752595,-0.047087005,0.738367632,-0.319741763,0.000000000,0.000000000,0.000000000,1.000000000
1790749326446219190,1790749326,446219190,1790749326457123302,FR_hip,1.000000000,0.000000000,0.000000000,0.193400000,0.000000000,0.997764656,-0.066825829,-0.046500000,0.000000000,0.066825829,0.997764656,0.000000000,0.000000000,0.000000000,0.000000000,1.000000000
1790749326446219190,1790749326,446219190,1790749326457123302,FR_thigh,0.703339324,-0.000000000,0.710854271,0.193400000,0.047503426,0.997764656,-0.047001233,-0.141786525,-0.709265267,0.066825829,0.701767119,-0.006381867,0.000000000,0.000000000,0.000000000,1.000000000
1790749326446219190,1790749326,446219190,1790749326457123302,FR_calf,0.761907589,-0.000000000,-0.647685747,0.041988040,-0.043282137,0.997764656,-0.050915106,-0.131775262,0.646237946,0.066825829,0.760204463,-0.155858263,0.000000000,0.000000000,0.000000000,1.000000000
1790749326446219190,1790749326,446219190,1790749326457123302,FR_calflower,0.793326198,-0.000000000,-0.608796800,0.153083682,-0.040683351,0.997764656,-0.053014681,-0.125105469,0.607435929,0.066825829,0.791552841,-0.255443765,0.000000000,0.000000000,0.000000000,1.000000000
1790749326446219190,1790749326,446219190,1790749326457123302,FR_calflower1,0.984805994,-0.000000000,-0.173658153,0.169502292,-0.011604850,0.997764656,-0.065810477,-0.122578048,0.173269967,0.066825829,0.982604614,-0.293180237,0.000000000,0.000000000,0.000000000,1.000000000
1790749326446219190,1790749326,446219190,1790749326457123302,FR_foot,0.761907589,-0.000000000,-0.647685747,0.179945104,-0.043282137,0.997764656,-0.050915106,-0.120930344,0.646237946,0.066825829,0.760204463,-0.317781814,0.000000000,0.000000000,0.000000000,1.000000000
1790749326446219190,1790749326,446219190,1790749326457123302,RL_hip,1.000000000,-0.000000000,0.000000000,-0.193400000,0.000000000,0.986057951,0.166402274,0.046500000,-0.000000000,-0.166402274,0.986057951,0.000000000,0.000000000,0.000000000,0.000000000,1.000000000
1790749326446219190,1790749326,446219190,1790749326457123302,RL_thigh,0.657256772,0.000000000,0.753666727,-0.193400000,-0.125411857,0.986057951,0.109369021,0.140668534,-0.743159069,-0.166402274,0.648093266,-0.015891417,0.000000000,0.000000000,0.000000000,1.000000000
1790749326446219190,1790749326,446219190,1790749326457123302,RL_calf,0.804773442,0.000000000,-0.593582098,-0.353931013,0.098773411,0.986057951,0.133916131,0.117372933,0.585306347,-0.166402274,0.793553252,-0.153935283,0.000000000,0.000000000,0.000000000,1.000000000
1790749326446219190,1790749326,446219190,1790749326457123302,RL_calflower,0.833434425,0.000000000,-0.552618367,-0.249985394,0.091956953,0.986057951,0.138685384,0.099528814,0.544913734,-0.166402274,0.821814642,-0.259675037,0.000000000,0.000000000,0.000000000,1.000000000
1790749326446219190,1790749326,446219190,1790749326457123302,RL_calflower1,0.994439757,-0.000000000,-0.105307024,-0.236215003,0.017523328,0.986057951,0.165477037,0.093061829,0.103838828,-0.166402274,0.980575230,-0.297996760,0.000000000,0.000000000,0.000000000,1.000000000
1790749326446219190,1790749326,446219190,1790749326457123302,RL_foot,0.804773442,0.000000000,-0.593582098,-0.227498026,0.098773411,0.986057951,0.133916131,0.088848797,0.585306347,-0.166402274,0.793553252,-0.322962125,0.000000000,0.000000000,0.000000000,1.000000000
1790749326446219190,1790749326,446219190,1790749326457123302,RR_hip,1.000000000,0.000000000,0.000000000,-0.193400000,0.000000000,0.988279827,-0.152653150,-0.046500000,0.000000000,0.152653150,0.988279827,0.000000000,0.000000000,0.000000000,0.000000000,1.000000000
1790749326446219190,1790749326,446219190,1790749326457123302,RR_thigh,0.728182168,0.000000000,0.685383637,-0.193400000,0.104625971,0.988279827,-0.111159302,-0.140880723,-0.677350822,0.152653150,0.719647747,-0.014578376,0.000000000,0.000000000,0.000000000,1.000000000
1790749326446219190,1790749326,446219190,1790749326457123302,RR_calf,0.744511175,0.000000000,-0.667609998,-0.339386715,-0.101912769,0.988279827,-0.113651976,-0.117203792,0.659785494,0.152653150,0.735785375,-0.167863346,0.000000000,0.000000000,0.000000000,1.000000000
1790749326446219190,1790749326,446219190,1790749326457123302,RR_calflower,0.776947323,0.000000000,-0.629565610,-0.225690211,-0.096105173,0.988279827,-0.118603456,-0.102421555,0.622186992,0.152653150,0.767841366,-0.263563872,0.000000000,0.000000000,0.000000000,1.000000000
1790749326446219190,1790749326,446219190,1790749326457123302,RR_calflower1,0.979868619,0.000000000,-0.199643405,-0.208277060,-0.030476195,0.988279827,-0.149580031,-0.096716365,0.197303550,0.152653150,0.968384389,-0.300499396,0.000000000,0.000000000,0.000000000,1.000000000
1790749326446219190,1790749326,446219190,1790749326457123302,RR_foot,0.744511175,0.000000000,-0.667609998,-0.197185785,-0.101912769,0.988279827,-0.113651976,-0.092995921,0.659785494,0.152653150,0.735785375,-0.324585631,0.000000000,0.000000000,0.000000000,1.000000000
1790749326515270447,1790749326,515270447,1790749326523791943,FL_hip,1.000000000,-0.000000000,0.000000000,0.193400000,0.000000000,0.998895065,0.046996275,0.046500000,-0.000000000,-0.046996275,0.998895065,0.000000000,0.000000000,0.000000000,0.000000000,1.000000000
1790749326515270447,1790749326,515270447,1790749326523791943,FL_thigh,0.742276366,-0.000000000,0.670093871,0.193400000,-0.031491916,0.998895065,0.034884224,0.141894479,-0.669353460,-0.046996275,0.741456199,-0.004488144,0.000000000,0.000000000,0.000000000,1.000000000
1790749326515270447,1790749326,515270447,1790749326523791943,FL_calf,0.739391401,0.000000000,-0.673275839,0.050670006,0.031641457,0.998895065,0.034748642,0.134464139,0.672531913,-0.046996275,0.738574422,-0.162418315,0.000000000,0.000000000,0.000000000,1.000000000
1790749326515270447,1790749326,515270447,1790749326523791943,FL_calflower,0.772117122,0.000000000,-0.635480252,0.165102658,0.029865205,0.998895065,0.036286629,0.129954169,0.634778087,-0.046996275,0.771263982,-0.258276691,0.000000000,0.000000000,0.000000000,1.000000000
1790749326515270447,1790749326,515270447,1790749326523791943,FL_calflower1,0.978315513,0.000000000,-0.207120149,0.182800697,0.009733875,0.998895065,0.045977185,0.128204052,0.206891295,-0.046996275,0.977234538,-0.295475031,0.000000000,0.000000000,0.000000000,1.000000000
1790749326515270447,1790749326,515270447,1790749326523791943,FL_foot,0.739391401,0.000000000,-0.673275839,0.194077759,0.031641457,0.998895065,0.034748642,0.127062678,0.672531913,-0.046996275,0.738574422,-0.319734666,0.000000000,0.000000000,0.000000000,1.000000000
1790749326515270447,1790749326,515270447,1790749326523791943,FR_hip,1.000000000,0.000000000,0.000000000,0.193400000,0.000000000,0.997762632,-0.066856040,-0.046500000,0.000000000,0.066856040,0.997762632,0.000000000,0.000000000,0.000000000,0.000000000,1.000000000
1790749326515270447,1790749326,515270447,1790749326523791943,FR_thigh,0.703360848,-0.000000000,0.710832975,0.193400000,0.047523478,0.997762632,-0.047023921,-0.141786331,-0.709242580,0.066856040,0.701787171,-0.006384752,0.000000000,0.000000000,0.000000000,1.000000000
1790749326515270447,1790749326,515270447,1790749326523791943,FR_calf,0.761887977,-0.000000000,-0.647708816,0.041992576,-0.043303247,0.997762632,-0.050936813,-0.131770236,0.646259653,0.066856040,0.760183353,-0.155865419,0.000000000,0.000000000,0.000000000,1.000000000
1790749326515270447,1790749326,515270447,1790749326523791943,FR_calflower,0.793307764,-0.000000000,-0.608820821,0.153091241,-0.040703349,0.997762632,-0.053037416,-0.125097653,0.607458665,0.066856040,0.791532843,-0.255447362,0.000000000,0.000000000,0.000000000,1.000000000
1790749326515270447,1790749326,515270447,1790749326523791943,FR_calflower1,0.984800735,0.000000000,-0.173687972,0.169510996,-0.011612090,0.997762632,-0.065839878,-0.122569123,0.173299368,0.066856040,0.982597374,-0.293183263,0.000000000,0.000000000,0.000000000,1.000000000
1790749326515270447,1790749326,515270447,1790749326523791943,FR_foot,0.761887977,-0.000000000,-0.647708816,0.179954554,-0.043303247,0.997762632,-0.050936813,-0.120920695,0.646259653,0.066856040,0.760183353,-0.317784473,0.000000000,0.000000000,0.000000000,1.000000000
1790749326515270447,1790749326,515270447,1790749326523791943,RL_hip,1.000000000,-0.000000000,0.000000000,-0.193400000,0.000000000,0.986012568,0.166670981,0.046500000,-0.000000000,-0.166670981,0.986012568,0.000000000,0.000000000,0.000000000,0.000000000,1.000000000
1790749326515270447,1790749326,515270447,1790749326523791943,RL_thigh,0.657348049,0.000000000,0.753587117,-0.193400000,-0.125601104,0.986012568,0.109560844,0.140664200,-0.743046368,-0.166670981,0.648153438,-0.015917079,0.000000000,0.000000000,0.000000000,1.000000000
1790749326515270447,1790749326,515270447,1790749326523791943,RL_calf,0.804701544,0.000000000,-0.593679565,-0.353914056,0.098949155,0.986012568,0.134120396,0.117327740,0.585375512,-0.166670981,0.793445835,-0.153973761,0.000000000,0.000000000,0.000000000,1.000000000
1790749326515270447,1790749326,515270447,1790749326523791943,RL_calflower,0.833367488,0.000000000,-0.552719305,-0.249955449,0.092122269,0.986012568,0.138898177,0.099456905,0.544988182,-0.166670981,0.821710817,-0.259696234,0.000000000,0.000000000,0.000000000,1.000000000
1790749326515270447,1790749326,515270447,1790749326523791943,RL_calflower1,0.994426995,-0.000000000,-0.105427466,-0.236180352,0.017571699,0.986012568,0.165742123,0.092979755,0.103952807,-0.166670981,0.980517515,-0.298014549,0.000000000,0.000000000,0.000000000,1.000000000
1790749326515270447,1790749326,515270447,1790749326523791943,RL_foot,0.804701544,0.000000000,-0.593679565,-0.227460309,0.098949155,0.986012568,0.134120396,0.088760096,0.585375512,-0.166670981,0.793445835,-0.322977724,0.000000000,0.000000000,0.000000000,1.000000000
1790749326515270447,1790749326,515270447,1790749326523791943,RR_hip,1.000000000,0.000000000,0.000000000,-0.193400000,0.000000000,0.988307541,-0.152473616,-0.046500000,0.000000000,0.152473616,0.988307541,0.000000000,0.000000000,0.000000000,0.000000000,1.000000000
1790749326515270447,1790749326,515270447,1790749326523791943,RR_thigh,0.728327422,0.000000000,0.685229280,-0.193400000,0.104479386,0.988307541,-0.111050716,-0.140883370,-0.677217265,0.152473616,0.719811484,-0.014561230,0.000000000,0.000000000,0.000000000,1.000000000
1790749326515270447,1790749326,515270447,1790749326523791943,RR_calf,0.744369656,0.000000000,-0.667767786,-0.339353837,-0.101816969,0.988307541,-0.113496733,-0.117229568,0.659959938,0.152473616,0.735666144,-0.167881076,0.000000000,0.000000000,0.000000000,1.000000000
1790749326515270447,1790749326,515270447,1790749326523791943,RR_calflower,0.776813867,-0.000000000,-0.629730273,-0.225636811,-0.096017252,0.988307541,-0.118443619,-0.102468391,0.622367178,0.152473616,0.767731003,-0.263560467,0.000000000,0.000000000,0.000000000,1.000000000
1790749326515270447,1790749326,515270447,1790749326523791943,RR_calflower1,0.979826282,0.000000000,-0.199851088,-0.208215739,-0.030472018,0.988307541,-0.149397656,-0.096770473,0.197514337,0.152473616,0.968369704,-0.300493379,0.000000000,0.000000000,0.000000000,1.000000000
1790749326515270447,1790749326,515270447,1790749326523791943,RR_foot,0.744369656,0.000000000,-0.667767786,-0.197119298,-0.101816969,0.988307541,-0.113496733,-0.093054764,0.659959938,0.152473616,0.735666144,-0.324577965,0.000000000,0.000000000,0.000000000,1.000000000
1790749327046096347,1790749327,46096347,1790749327057044412,FL_hip,1.000000000,-0.000000000,0.000000000,0.193400000,0.000000000,0.987698939,0.156367533,0.046500000,-0.000000000,-0.156367533,0.987698939,0.000000000,0.000000000,0.000000000,0.000000000,1.000000000
1790749327046096347,1790749327,46096347,1790749327057044412,FL_thigh,0.640156291,-0.000000000,0.768244703,0.193400000,-0.120128529,0.987698939,0.100099660,0.140825249,-0.758794478,-0.156367533,0.632281690,-0.014933099,0.000000000,0.000000000,0.000000000,1.000000000
1790749327046096347,1790749327,46096347,1790749327057044412,FL_calf,0.498496331,0.000000000,-0.866891808,0.029763878,0.135553733,0.987698939,0.077948641,0.119504021,0.856228120,-0.156367533,0.492364298,-0.149609099,0.000000000,0.000000000,0.000000000,1.000000000
1790749327046096347,1790749327,46096347,1790749327057044412,FL_calflower,0.541199873,-0.000000000,-0.840893987,0.168033793,0.131488518,0.987698939,0.084626089,0.110678697,0.830550099,-0.156367533,0.534542541,-0.205354453,0.000000000,0.000000000,0.000000000,1.000000000
1790749327046096347,1790749327,46096347,1790749327057044412,FL_calflower1,0.868348872,0.000000000,-0.495953866,0.196257553,0.077551082,0.987698939,0.135781571,0.105978768,0.489853107,-0.156367533,0.857667260,-0.235041656,0.000000000,0.000000000,0.000000000,1.000000000
1790749327046096347,1790749327,46096347,1790749327057044412,FL_foot,0.498496331,0.000000000,-0.866891808,0.214411834,0.135553733,0.987698939,0.077948641,0.102900961,0.856228120,-0.156367533,0.492364298,-0.254482695,0.000000000,0.000000000,0.000000000,1.000000000
1790749327046096347,1790749327,46096347,1790749327057044412,FR_hip,1.000000000,-0.000000000,0.000000000,0.193400000,0.000000000,0.999618578,0.027617012,-0.046500000,-0.000000000,-0.027617012,0.999618578,0.000000000,0.000000000,0.000000000,0.000000000,1.000000000
1790749327046096347,1790749327,46096347,1790749327057044412,FR_thigh,0.511964703,0.000000000,0.859006486,0.193400000,-0.023723193,0.999618578,0.014138936,-0.141963574,-0.858678842,-0.027617012,0.511769428,0.002637425,0.000000000,0.000000000,0.000000000,1.000000000
1790749327046096347,1790749327,46096347,1790749327057044412,FR_calf,0.902211336,0.000000000,-0.431294222,0.010431619,0.011911058,0.999618578,0.024916382,-0.144975167,0.431129716,-0.027617012,0.901867212,-0.106369464,0.000000000,0.000000000,0.000000000,1.000000000
1790749327046096347,1790749327,46096347,1790749327057044412,FR_calflower,0.922639533,0.000000000,-0.385663443,0.092307390,0.010650872,0.999618578,0.025480547,-0.148424571,0.385516343,-0.027617012,0.922287618,-0.231223217,0.000000000,0.000000000,0.000000000,1.000000000
1790749327046096347,1790749327,46096347,1790749327057044412,FR_calflower1,0.996467929,0.000000000,0.083974207,0.098507532,-0.002319117,0.999618578,0.027519467,-0.149550301,-0.083942177,-0.027617012,0.996087853,-0.271969885,0.000000000,0.000000000,0.000000000,1.000000000
1790749327046096347,1790749327,46096347,1790749327057044412,FR_foot,0.902211336,0.000000000,-0.431294222,0.102297288,0.011911058,0.999618578,0.024916382,-0.150282357,0.431129716,-0.027617012,0.901867212,-0.298467180,0.000000000,0.000000000,0.000000000,1.000000000
1790749327046096347,1790749327,46096347,1790749327057044412,RL_hip,1.000000000,-0.000000000,0.000000000,-0.193400000,0.000000000,0.962425690,0.271545193,0.046500000,-0.000000000,-0.271545193,0.962425690,0.000000000,0.000000000,0.000000000,0.000000000,1.000000000
1790749327046096347,1790749327,46096347,1790749327057044412,RL_thigh,0.448929374,0.000000000,0.893567243,-0.193400000,-0.242643889,0.962425690,0.121904614,0.138411653,-0.859992070,-0.271545193,0.432061162,-0.025932566,0.000000000,0.000000000,0.000000000,1.000000000
1790749327046096347,1790749327,46096347,1790749327057044412,RL_calf,0.929105488,-0.000000000,-0.369814809,-0.383729823,0.100421434,0.962425690,0.252294129,0.112445971,0.355919272,-0.271545193,0.894194990,-0.117961594,0.000000000,0.000000000,0.000000000,1.000000000
1790749327046096347,1790749327,46096347,1790749327057044412,RL_calflower,0.946427385,0.000000000,-0.322916716,-0.310415121,0.087686482,0.962425690,0.256997807,0.077114868,0.310783343,-0.271545193,0.910866028,-0.243184067,0.000000000,0.000000000,0.000000000,1.000000000
1790749327046096347,1790749327,46096347,1790749327057044412,RL_calflower1,0.988592500,0.000000000,0.150614970,-0.306962726,-0.040898771,0.962425690,0.268447541,0.065958091,-0.144955716,-0.271545193,0.951446818,-0.282726541,0.000000000,0.000000000,0.000000000,1.000000000
1790749327046096347,1790749327,46096347,1790749327057044412,RL_foot,0.929105488,-0.000000000,-0.369814809,-0.304959268,0.100421434,0.962425690,0.252294129,0.058707321,0.355919272,-0.271545193,0.894194990,-0.308425126,0.000000000,0.000000000,0.000000000,1.000000000
1790749327046096347,1790749327,46096347,1790749327057044412,RR_hip,1.000000000,0.000000000,0.000000000,-0.193400000,0.000000000,0.999622463,-0.027476026,-0.046500000,0.000000000,0.027476026,0.999622463,0.000000000,0.000000000,0.000000000,0.000000000,1.000000000
1790749327046096347,1790749327,46096347,1790749327057044412,RR_thigh,0.656663283,0.000000000,0.754183885,-0.193400000,0.020721976,0.999622463,-0.018042498,-0.141963945,-0.753899153,0.027476026,0.656415368,-0.002623961,0.000000000,0.000000000,0.000000000,1.000000000
1790749327046096347,1790749327,46096347,1790749327057044412,RR_calf,0.515790952,-0.000000000,-0.856714476,-0.354041168,-0.023539110,0.999622463,-0.014171886,-0.138120893,0.856391035,0.027476026,0.515596222,-0.142440434,0.000000000,0.000000000,0.000000000,1.000000000
1790749327046096347,1790749327,46096347,1790749327057044412,RR_calflower,0.557964226,0.000000000,-0.829865003,-0.216931606,-0.022801393,0.999622463,-0.015330640,-0.136494236,0.829551698,0.027476026,0.557753573,-0.201620854,0.000000000,0.000000000,0.000000000,1.000000000
1790749327046096347,1790749327,46096347,1790749327057044412,RR_calflower1,0.878125812,-0.000000000,-0.478429784,-0.189316648,-0.013145349,0.999622463,-0.024127408,-0.135652997,0.478249159,0.027476026,0.877794287,-0.232226514,0.000000000,0.000000000,0.000000000,1.000000000
1790749327046096347,1790749327,46096347,1790749327057044412,RR_foot,0.515790952,-0.000000000,-0.856714476,-0.171560984,-0.023539110,0.999622463,-0.014171886,-0.135102281,0.856391035,0.027476026,0.515596222,-0.252262429,0.000000000,0.000000000,0.000000000,1.000000000
1790749327104905210,1790749327,104905210,1790749327123733114,FL_hip,1.000000000,-0.000000000,0.000000000,0.193400000,0.000000000,0.973787998,0.227457545,0.046500000,-0.000000000,-0.227457545,0.973787998,0.000000000,0.000000000,0.000000000,0.000000000,1.000000000
1790749327104905210,1790749327,104905210,1790749327123733114,FL_thigh,0.652355513,-0.000000000,0.757913111,0.193400000,-0.172393055,0.973787998,0.148383183,0.139496754,-0.738046691,-0.227457545,0.635255970,-0.021722196,0.000000000,0.000000000,0.000000000,1.000000000
1790749327104905210,1790749327,104905210,1790749327123733114,FL_calf,0.746526609,0.000000000,-0.665355561,0.031964507,0.151340142,0.973787998,0.169803109,0.107891136,0.647915260,-0.227457545,0.726958652,-0.157031717,0.000000000,0.000000000,0.000000000,1.000000000
1790749327104905210,1790749327,104905210,1790749327123733114,FL_calflower,0.778847563,0.000000000,-0.627213260,0.145367663,0.142664388,0.973787998,0.177154754,0.085787078,0.610772745,-0.227457545,0.758432409,-0.251663292,0.000000000,0.000000000,0.000000000,1.000000000
1790749327104905210,1790749327,104905210,1790749327123733114,FL_calflower1,0.980467856,0.000000000,-0.196679392,0.162667717,0.044736212,0.973787998,0.223014811,0.077274244,0.191524031,-0.227457545,0.954767831,-0.288108316,0.000000000,0.000000000,0.000000000,1.000000000
1790749327104905210,1790749327,104905210,1790749327123733114,FL_foot,0.746526609,0.000000000,-0.665355561,0.173685242,0.151340142,0.973787998,0.169803109,0.071723073,0.647915260,-0.227457545,0.726958652,-0.311873910,0.000000000,0.000000000,0.000000000,1.000000000
1790749327104905210,1790749327,104905210,1790749327123733114,FR_hip,1.000000000,-0.000000000,0.000000000,0.193400000,0.000000000,0.999548751,0.030038219,-0.046500000,-0.000000000,-0.030038219,0.999548751,0.000000000,0.000000000,0.000000000,0.000000000,1.000000000
1790749327104905210,1790749327,104905210,1790749327123733114,FR_thigh,0.437906410,0.000000000,0.899020565,0.193400000,-0.027004976,0.999548751,0.013153928,-0.141956906,-0.898614883,-0.030038219,0.437708805,0.002868650,0.000000000,0.000000000,0.000000000,1.000000000
1790749327104905210,1790749327,104905210,1790749327123733114,FR_calf,0.944717465,-0.000000000,-0.327885515,0.001908620,0.009849097,0.999548751,0.028377630,-0.144758692,0.327737557,-0.030038219,0.944291162,-0.090363326,0.000000000,0.000000000,0.000000000,1.000000000
1790749327104905210,1790749327,104905210,1790749327123733114,FR_calflower,0.959924260,-0.000000000,-0.280259549,0.069330025,0.008418498,0.999548751,0.028834415,-0.148761600,0.280133082,-0.030038219,0.959491095,-0.223563666,0.000000000,0.000000000,0.000000000,1.000000000
1790749327104905210,1790749327,104905210,1790749327123733114,FR_calflower1,0.980865969,0.000000000,0.194684236,0.070941165,-0.005847968,0.999548751,0.029463466,-0.149999161,-0.194596385,-0.030038219,0.980423354,-0.264744641,0.000000000,0.000000000,0.000000000,1.000000000
1790749327104905210,1790749327,104905210,1790749327123733114,FR_foot,0.944717465,-0.000000000,-0.327885515,0.071748234,0.009849097,0.999548751,0.028377630,-0.150803128,0.327737557,-0.030038219,0.944291162,-0.291497343,0.000000000,0.000000000,0.000000000,1.000000000
1790749327104905210,1790749327,104905210,1790749327123733114,RL_hip,1.000000000,-0.000000000,0.000000000,-0.193400000,0.000000000,0.960620818,0.277862635,0.046500000,-0.000000000,-0.277862635,0.960620818,0.000000000,0.000000000,0.000000000,0.000000000,1.000000000
1790749327104905210,1790749327,104905210,1790749327123733114,RL_thigh,0.400614604,-0.000000000,0.916246658,-0.193400000,-0.254590711,0.960620818,0.111315830,0.138239288,-0.880165614,-0.277862635,0.384838729,-0.026535882,0.000000000,0.000000000,0.000000000,1.000000000
1790749327104905210,1790749327,104905210,1790749327123733114,RL_calf,0.969881961,0.000000000,-0.243575413,-0.388560538,0.067680506,0.960620818,0.269493957,0.114529016,0.233983613,-0.277862635,0.931688803,-0.108506531,0.000000000,0.000000000,0.000000000,1.000000000
1790749327104905210,1790749327,104905210,1790749327123733114,RL_calflower,0.980843558,0.000000000,-0.194797113,-0.333113738,0.054126839,0.960620818,0.272539776,0.075997521,0.187126162,-0.277862635,0.942218741,-0.241716801,0.000000000,0.000000000,0.000000000,1.000000000
1790749327104905210,1790749327,104905210,1790749327123733114,RL_calflower1,0.959956506,0.000000000,0.280149079,-0.335130289,-0.077842961,0.960620818,0.266736044,0.064554661,-0.269117038,-0.277862635,0.922154204,-0.281276813,0.000000000,0.000000000,0.000000000,1.000000000
1790749327104905210,1790749327,104905210,1790749327123733114,RL_foot,0.969881961,0.000000000,-0.243575413,-0.336678975,0.067680506,0.960620818,0.269493957,0.057126803,0.233983613,-0.277862635,0.931688803,-0.306956246,0.000000000,0.000000000,0.000000000,1.000000000
1790749327104905210,1790749327,104905210,1790749327123733114,RR_hip,1.000000000,-0.000000000,0.000000000,-0.193400000,0.000000000,0.998171839,0.060439884,-0.046500000,-0.000000000,-0.060439884,0.998171839,0.000000000,0.000000000,0.000000000,0.000000000,1.000000000
1790749327104905210,1790749327,104905210,1790749327123733114,RR_thigh,0.668342916,-0.000000000,0.743853310,-0.193400000,-0.044958408,0.998171839,0.040394569,-0.141825411,-0.742493426,-0.060439884,0.667121078,0.005772009,0.000000000,0.000000000,0.000000000,1.000000000
1790749327104905210,1790749327,104905210,1790749327123733114,RR_calf,0.703024996,0.000000000,-0.711165140,-0.351840755,0.042982739,0.998171839,0.042490749,-0.150429454,0.709865015,-0.060439884,0.701739753,-0.136324781,0.000000000,0.000000000,0.000000000,1.000000000
1790749327104905210,1790749327,104905210,1790749327123733114,RR_calflower,0.737689840,0.000000000,-0.675139763,-0.232527814,0.040805369,0.998171839,0.044585889,-0.155858430,0.673905499,-0.060439884,0.736341225,-0.225984964,0.000000000,0.000000000,0.000000000,1.000000000
1790749327104905210,1790749327,104905210,1790749327123733114,RR_calflower1,0.966092626,0.000000000,-0.258195736,-0.212899122,0.015605320,0.998171839,0.058390527,-0.158049919,0.257723712,-0.060439884,0.964326453,-0.262177668,0.000000000,0.000000000,0.000000000,1.000000000
1790749327104905210,1790749327,104905210,1790749327123733114,RR_foot,0.703024996,0.000000000,-0.711165140,-0.200362580,0.042982739,0.998171839,0.042490749,-0.159479983,0.709865015,-0.060439884,0.701739753,-0.285795348,0.000000000,0.000000000,0.000000000,1.000000000
1790749327174936199,1790749327,174936199,1790749327190242147,FL_hip,1.000000000,-0.000000000,0.000000000,0.193400000,0.000000000,0.966750743,0.255720552,0.046500000,-0.000000000,-0.255720552,0.966750743,0.000000000,0.000000000,0.000000000,0.000000000,1.000000000
1790749327174936199,1790749327,174936199,1790749327190242147,FL_thigh,0.532670712,-0.000000000,0.846322582,0.193400000,-0.216422077,0.966750743,0.136214848,0.138824696,-0.818182985,-0.255720552,0.514959807,-0.024421313,0.000000000,0.000000000,0.000000000,1.000000000
1790749327174936199,1790749327,174936199,1790749327190242147,FL_calf,0.856365380,0.000000000,-0.516370348,0.013133290,0.132046510,0.966750743,0.218990227,0.109810933,0.499201417,-0.255720552,0.827891868,-0.134107752,0.000000000,0.000000000,0.000000000,1.000000000
1790749327174936199,1790749327,174936199,1790749327190242147,FL_calflower,0.881102907,0.000000000,-0.472924589,0.106683409,0.120936537,0.966750743,0.225316121,0.080041310,0.457200198,-0.255720552,0.851806890,-0.246651720,0.000000000,0.000000000,0.000000000,1.000000000
1790749327174936199,1790749327,174936199,1790749327190242147,FL_calflower1,0.999920532,0.000000000,-0.012606735,0.116789364,0.003223801,0.966750743,0.255700230,0.069819300,0.012187570,-0.255720552,0.966673917,-0.285295997,0.000000000,0.000000000,0.000000000,1.000000000
1790749327174936199,1790749327,174936199,1790749327190242147,FL_foot,0.856365380,0.000000000,-0.516370348,0.123120174,0.132046510,0.966750743,0.218990227,0.063166015,0.499201417,-0.255720552,0.827891868,-0.310448719,0.000000000,0.000000000,0.000000000,1.000000000
1790749327174936199,1790749327,174936199,1790749327190242147,FR_hip,1.000000000,-0.000000000,0.000000000,0.193400000,0.000000000,0.999827066,0.018596739,-0.046500000,-0.000000000,-0.018596739,0.999827066,0.000000000,0.000000000,0.000000000,0.000000000,1.000000000
1790749327174936199,1790749327,174936199,1790749327190242147,FR_thigh,0.326713983,0.000000000,0.945123258,0.193400000,-0.017576211,0.999827066,0.006075815,-0.141983485,-0.944959814,-0.018596739,0.326657483,0.001775989,0.000000000,0.000000000,0.000000000,1.000000000
1790749327174936199,1790749327,174936199,1790749327190242147,FR_calf,0.862837818,0.000000000,-0.505480860,-0.007911254,0.009400296,0.999827066,0.016045970,-0.143277633,0.505393445,-0.018596739,0.862688604,-0.067802055,0.000000000,0.000000000,0.000000000,1.000000000
1790749327174936199,1790749327,174936199,1790749327190242147,FR_calflower,0.887023009,-0.000000000,-0.461725223,0.084156670,0.008586584,0.999827066,0.016495736,-0.145464431,0.461645375,-0.018596739,0.886869612,-0.185372100,0.000000000,0.000000000,0.000000000,1.000000000
1790749327174936199,1790749327,174936199,1790749327190242147,FR_calflower1,0.999999998,0.000000000,0.000060825,0.093755448,-0.000001131,0.999827066,0.018596739,-0.146210126,-0.000060815,-0.018596739,0.999827064,-0.225463338,0.000000000,0.000000000,0.000000000,1.000000000
1790749327174936199,1790749327,174936199,1790749327190242147,FR_foot,0.862837818,0.000000000,-0.505480860,0.099756169,0.009400296,0.999827066,0.016045970,-0.146695425,0.505393445,-0.018596739,0.862688604,-0.251554728,0.000000000,0.000000000,0.000000000,1.000000000
1790749327174936199,1790749327,174936199,1790749327190242147,RL_hip,1.000000000,-0.000000000,0.000000000,-0.193400000,0.000000000,0.965486148,0.260454406,0.046500000,-0.000000000,-0.260454406,0.965486148,0.000000000,0.000000000,0.000000000,0.000000000,1.000000000
1790749327174936199,1790749327,174936199,1790749327190242147,RL_thigh,0.296020831,-0.000000000,0.955181484,-0.193400000,-0.248781226,0.965486148,0.077099930,0.138703927,-0.922214492,-0.260454406,0.285804012,-0.024873396,0.000000000,0.000000000,0.000000000,1.000000000
1790749327174936199,1790749327,174936199,1790749327190242147,RL_calf,0.902568561,0.000000000,-0.430546157,-0.396853656,0.112137643,0.965486148,0.235077958,0.122281642,0.415686351,-0.260454406,0.871417443,-0.085749650,0.000000000,0.000000000,0.000000000,1.000000000
1790749327174936199,1790749327,174936199,1790749327190242147,RL_calflower,0.922958924,0.000000000,-0.384898460,-0.315081454,0.100248500,0.965486148,0.240388718,0.089732857,0.371614131,-0.260454406,0.891104057,-0.206405705,0.000000000,0.000000000,0.000000000,1.000000000
1790749327174936199,1790749327,174936199,1790749327190242147,RL_calflower1,0.996397973,-0.000000000,0.084800231,-0.308915104,-0.022086594,0.965486148,0.259516242,0.079114824,-0.081873449,-0.260454406,0.962008441,-0.245766008,0.000000000,0.000000000,0.000000000,1.000000000
1790749327174936199,1790749327,174936199,1790749327190242147,RL_foot,0.902568561,0.000000000,-0.430546157,-0.305147325,0.112137643,0.965486148,0.235077958,0.072210037,0.415686351,-0.260454406,0.871417443,-0.271361566,0.000000000,0.000000000,0.000000000,1.000000000
1790749327174936199,1790749327,174936199,1790749327190242147,RR_hip,1.000000000,-0.000000000,0.000000000,-0.193400000,0.000000000,0.996772144,0.080282586,-0.046500000,-0.000000000,-0.080282586,0.996772144,0.000000000,0.000000000,0.000000000,0.000000000,1.000000000
1790749327174936199,1790749327,174936199,1790749327190242147,RR_thigh,0.547632000,0.000000000,0.836719304,-0.193400000,-0.067173989,0.996772144,0.043965313,-0.141691740,-0.834018494,-0.080282586,0.545864322,0.007666987,0.000000000,0.000000000,0.000000000,1.000000000
1790749327174936199,1790749327,174936199,1790749327190242147,RR_calf,0.873210200,-0.000000000,-0.487343766,-0.371621212,0.039125218,0.996772144,0.070103573,-0.151056351,0.485770690,-0.080282586,0.870391603,-0.108602114,0.000000000,0.000000000,0.000000000,1.000000000
1790749327174936199,1790749327,174936199,1790749327190242147,RR_calflower,0.896475952,0.000000000,-0.443092393,-0.282030130,0.035572603,0.996772144,0.071971407,-0.160649176,0.441662154,-0.080282586,0.893582256,-0.227704657,0.000000000,0.000000000,0.000000000,1.000000000
1790749327174936199,1790749327,174936199,1790749327190242147,RR_calflower1,0.999780457,0.000000000,0.020953223,-0.273271194,-0.001682179,0.996772144,0.080264960,-0.163883758,-0.020885589,-0.080282586,0.996553309,-0.267864569,0.000000000,0.000000000,0.000000000,1.000000000
1790749327174936199,1790749327,174936199,1790749327190242147,RR_foot,0.873210200,-0.000000000,-0.487343766,-0.267816990,0.039125218,0.996772144,0.070103573,-0.165988412,0.485770690,-0.080282586,0.870391603,-0.293995525,0.000000000,0.000000000,0.000000000,1.000000000
1790749327210192567,1790749327,210192567,1790749327257081958,FL_hip,1.000000000,-0.000000000,0.000000000,0.193400000,0.000000000,0.966797185,0.255544913,0.046500000,-0.000000000,-0.255544913,0.966797185,0.000000000,0.000000000,0.000000000,0.000000000,1.000000000
1790749327210192567,1790749327,210192567,1790749327257081958,FL_thigh,0.507536549,-0.000000000,0.861630229,0.193400000,-0.220185222,0.966797185,0.129698383,0.138829131,-0.833021680,-0.255544913,0.490684907,-0.024404539,0.000000000,0.000000000,0.000000000,1.000000000
1790749327210192567,1790749327,210192567,1790749327257081958,FL_calf,0.874901884,-0.000000000,-0.484300209,0.009872761,0.123760455,0.966797185,0.223576726,0.111203376,0.468220079,-0.255544913,0.845852679,-0.128920424,0.000000000,0.000000000,0.000000000,1.000000000
1790749327210192567,1790749327,210192567,1790749327257081958,FL_calflower,0.898013407,-0.000000000,-0.439968091,0.099047230,0.112431607,0.966797185,0.229482758,0.080589229,0.425359912,-0.255544913,0.868196834,-0.244742219,0.000000000,0.000000000,0.000000000,1.000000000
1790749327210192567,1790749327,210192567,1790749327257081958,FL_calflower1,0.999701435,0.000000000,0.024434428,0.107665819,-0.006244094,0.966797185,0.255468616,0.070285603,-0.023623136,-0.255544913,0.966508533,-0.283723692,0.000000000,0.000000000,0.000000000,1.000000000
1790749327210192567,1790749327,210192567,1790749327257081958,FL_foot,0.874901884,-0.000000000,-0.484300209,0.113028706,0.123760455,0.966797185,0.223576726,0.063581533,0.468220079,-0.255544913,0.845852679,-0.309087045,0.000000000,0.000000000,0.000000000,1.000000000
1790749327210192567,1790749327,210192567,1790749327257081958,FR_hip,1.000000000,-0.000000000,0.000000000,0.193400000,0.000000000,0.999976745,0.006819821,-0.046500000,-0.000000000,-0.006819821,0.999976745,0.000000000,0.000000000,0.000000000,0.000000000,1.000000000
1790749327210192567,1790749327,210192567,1790749327257081958,FR_thigh,0.321070775,-0.000000000,0.947055203,0.193400000,-0.006458747,0.999976745,0.002189645,-0.141997779,-0.947033179,-0.006819821,0.321063308,0.000651293,0.000000000,0.000000000,0.000000000,1.000000000
1790749327210192567,1790749327,210192567,1790749327257081958,FR_calf,0.798817819,-0.000000000,-0.601573015,-0.008322758,0.004102620,0.999976745,0.005447795,-0.142464174,0.601559025,-0.006819821,0.798799242,-0.067735192,0.000000000,0.000000000,0.000000000,1.000000000
1790749327210192567,1790749327,210192567,1790749327257081958,FR_calflower,0.827885624,0.000000000,-0.560896955,0.096686404,0.003825217,0.999976745,0.005646032,-0.143188395,0.560883911,-0.006819821,0.827866371,-0.173926299,0.000000000,0.000000000,0.000000000,1.000000000
1790749327210192567,1790749327,210192567,1790749327257081958,FR_calflower1,0.993340878,-0.000000000,-0.115212410,0.110843426,0.000785728,0.999976745,0.006774407,-0.143452488,0.115209731,-0.006819821,0.993317778,-0.212649793,0.000000000,0.000000000,0.000000000,1.000000000
1790749327210192567,1790749327,210192567,1790749327257081958,FR_foot,0.798817819,-0.000000000,-0.601573015,0.119812294,0.004102620,0.999976745,0.005447795,-0.143624554,0.601559025,-0.006819821,0.798799242,-0.237879430,0.000000000,0.000000000,0.000000000,1.000000000
1790749327210192567,1790749327,210192567,1790749327257081958,RL_hip,1.000000000,-0.000000000,0.000000000,-0.193400000,0.000000000,0.969243873,0.246102245,0.046500000,-0.000000000,-0.246102245,0.969243873,0.000000000,0.000000000,0.000000000,0.000000000,1.000000000
1790749327210192567,1790749327,210192567,1790749327257081958,RL_thigh,0.289564847,0.000000000,0.957158398,-0.193400000,-0.235558830,0.969243873,0.071262559,0.139062790,-0.927719913,-0.246102245,0.280658954,-0.023502764,0.000000000,0.000000000,0.000000000,1.000000000
1790749327210192567,1790749327,210192567,1790749327257081958,RL_calf,0.840834920,-0.000000000,-0.541291639,-0.397274739,0.133213087,0.969243873,0.206931361,0.123883865,0.524643604,-0.246102245,0.814974094,-0.083283122,0.000000000,0.000000000,0.000000000,1.000000000
1790749327210192567,1790749327,210192567,1790749327257081958,RL_calflower,0.866837401,0.000000000,-0.498590934,-0.300346878,0.122704348,0.969243873,0.213330630,0.095922285,0.483256208,-0.246102245,0.840176840,-0.193406415,0.000000000,0.000000000,0.000000000,1.000000000
1790749327210192567,1790749327,210192567,1790749327257081958,RL_calflower1,0.999119284,0.000000000,-0.041960167,-0.289071615,0.010326491,0.969243873,0.245885498,0.086162016,0.040669634,-0.246102245,0.968390245,-0.231846051,0.000000000,0.000000000,0.000000000,1.000000000
1790749327210192567,1790749327,210192567,1790749327257081958,RL_foot,0.840834920,-0.000000000,-0.541291639,-0.281979620,0.133213087,0.969243873,0.206931361,0.079807485,0.524643604,-0.246102245,0.814974094,-0.256872604,0.000000000,0.000000000,0.000000000,1.000000000
1790749327210192567,1790749327,210192567,1790749327257081958,RR_hip,1.000000000,-0.000000000,0.000000000,-0.193400000,0.000000000,0.996711089,0.081037061,-0.046500000,-0.000000000,-0.081037061,0.996711089,0.000000000,0.000000000,0.000000000,0.000000000,1.000000000
1790749327210192567,1790749327,210192567,1790749327257081958,RR_thigh,0.536181300,0.000000000,0.844102845,-0.193400000,-0.068403614,0.996711089,0.043450557,-0.141685909,-0.841326666,-0.081037061,0.534417847,0.007739039,0.000000000,0.000000000,0.000000000,1.000000000
1790749327210192567,1790749327,210192567,1790749327257081958,RR_calf,0.888672942,-0.000000000,-0.458541603,-0.373193906,0.037158864,0.996711089,0.072015444,-0.150940878,0.457033500,-0.081037061,0.885750176,-0.106091962,0.000000000,0.000000000,0.000000000,1.000000000
1790749327210192567,1790749327,210192567,1790749327257081958,RR_calflower,0.910479861,-0.000000000,-0.413553410,-0.287556290,0.033513153,0.996711089,0.073782612,-0.160855986,0.412193269,-0.081037061,0.907485374,-0.228042318,0.000000000,0.000000000,0.000000000,1.000000000
1790749327210192567,1790749327,210192567,1790749327257081958,RR_calflower1,0.998561367,0.000000000,0.053620865,-0.280118952,-0.004345277,0.996711089,0.080920478,-0.164142422,-0.053444510,-0.081037061,0.995277187,-0.268463666,0.000000000,0.000000000,0.000000000,1.000000000
1790749327210192567,1790749327,210192567,1790749327257081958,RR_foot,0.888672942,-0.000000000,-0.458541603,-0.275524545,0.037158864,0.996711089,0.072015444,-0.166280167,0.457033500,-0.081037061,0.885750176,-0.294756750,0.000000000,0.000000000,0.000000000,1.000000000
1790749327310512403,1790749327,310512403,1790749327323709431,FL_hip,1.000000000,-0.000000000,0.000000000,0.193400000,0.000000000,0.962678733,0.270646738,0.046500000,-0.000000000,-0.270646738,0.962678733,0.000000000,0.000000000,0.000000000,0.000000000,1.000000000
1790749327310512403,1790749327,310512403,1790749327323709431,FL_thigh,0.327228938,0.000000000,0.944945090,0.193400000,-0.255746306,0.962678733,0.088563445,0.138435819,-0.909678542,-0.270646738,0.315016339,-0.025846764,0.000000000,0.000000000,0.000000000,1.000000000
1790749327310512403,1790749327,310512403,1790749327323709431,FL_calf,0.988933637,0.000000000,-0.148358560,-0.007873304,0.040152760,0.962678733,0.267651663,0.119571805,0.142821631,-0.270646738,0.952025380,-0.092945244,0.000000000,0.000000000,0.000000000,1.000000000
1790749327310512403,1790749327,310512403,1790749327323709431,FL_calflower,0.995112565,0.000000000,-0.098747069,0.033862436,0.026725572,0.962678733,0.269323970,0.080762414,0.095061703,-0.270646738,0.957973703,-0.230988567,0.000000000,0.000000000,0.000000000,1.000000000
1790749327310512403,1790749327,310512403,1790749327323709431,FL_calflower1,0.928259133,-0.000000000,0.371934111,0.027861193,-0.100662754,0.962678733,0.251230307,0.069722200,-0.358053059,-0.270646738,0.893615326,-0.270258133,0.000000000,0.000000000,0.000000000,1.000000000
1790749327310512403,1790749327,310512403,1790749327323709431,FL_foot,0.988933637,0.000000000,-0.148358560,0.023727069,0.040152760,0.962678733,0.267651663,0.062562001,0.142821631,-0.270646738,0.952025380,-0.295726650,0.000000000,0.000000000,0.000000000,1.000000000
1790749327310512403,1790749327,310512403,1790749327323709431,FR_hip,1.000000000,0.000000000,0.000000000,0.193400000,0.000000000,0.998816892,-0.048629379,-0.046500000,0.000000000,0.048629379,0.998816892,0.000000000,0.000000000,0.000000000,0.000000000,1.000000000
1790749327310512403,1790749327,310512403,1790749327323709431,FR_thigh,0.925097355,0.000000000,0.379730014,0.193400000,0.018466035,0.998816892,-0.044986910,-0.141887013,-0.379280752,0.048629379,0.924002865,-0.004644106,0.000000000,0.000000000,0.000000000,1.000000000
1790749327310512403,1790749327,310512403,1790749327323709431,FR_calf,0.063412486,-0.000000000,-0.997987403,0.112517507,-0.048531508,0.998816892,-0.003083710,-0.132304801,0.996806676,0.048629379,0.063337462,-0.201456716,0.000000000,0.000000000,0.000000000,1.000000000
1790749327310512403,1790749327,310512403,1790749327323709431,FR_calflower,0.113211818,-0.000000000,-0.993570875,0.261487892,-0.048316735,0.998816892,-0.005505420,-0.132819042,0.992395374,0.048629379,0.113077876,-0.190894527,0.000000000,0.000000000,0.000000000,1.000000000
1790749327310512403,1790749327,310512403,1790749327323709431,FR_calflower1,0.559228647,0.000000000,-0.829013462,0.300098609,-0.040314410,0.998816892,-0.027194942,-0.132115658,0.828032649,0.048629379,0.558567019,-0.205341596,0.000000000,0.000000000,0.000000000,1.000000000
1790749327310512403,1790749327,310512403,1790749327323709431,FR_foot,0.063412486,-0.000000000,-0.997987403,0.325088824,-0.048531508,0.998816892,-0.003083710,-0.131647971,0.996806676,0.048629379,0.063337462,-0.214947595,0.000000000,0.000000000,0.000000000,1.000000000
1790749327310512403,1790749327,310512403,1790749327323709431,RL_hip,1.000000000,-0.000000000,0.000000000,-0.193400000,0.000000000,0.993486916,0.113946247,0.046500000,-0.000000000,-0.113946247,0.993486916,0.000000000,0.000000000,0.000000000,0.000000000,1.000000000
1790749327310512403,1790749327,310512403,1790749327323709431,RL_thigh,0.919994351,0.000000000,0.391931620,-0.193400000,-0.044659137,0.993486916,0.104829904,0.141378001,-0.389378937,-0.113946247,0.914002350,-0.010881867,0.000000000,0.000000000,0.000000000,1.000000000
1790749327310512403,1790749327,310512403,1790749327323709431,RL_calf,0.127499309,0.000000000,-0.991838659,-0.276881435,0.113016293,0.993486916,0.014528068,0.119049231,0.985378731,-0.113946247,0.126668895,-0.205564367,0.000000000,0.000000000,0.000000000,1.000000000
1790749327310512403,1790749327,310512403,1790749327323709431,RL_calflower,0.176911240,0.000000000,-0.984226810,-0.127539327,0.112148951,0.993486916,0.020158372,0.119159403,0.977816458,-0.113946247,0.175759002,-0.204603789,0.000000000,0.000000000,0.000000000,1.000000000
1790749327310512403,1790749327,310512403,1790749327323709431,RL_calflower1,0.611414816,0.000000000,-0.791310257,-0.089939367,0.090166834,0.993486916,0.069668424,0.117231578,0.786156387,-0.113946247,0.607432620,-0.221412314,0.000000000,0.000000000,0.000000000,1.000000000
1790749327310512403,1790749327,310512403,1790749327323709431,RL_foot,0.127499309,0.000000000,-0.991838659,-0.065619801,0.113016293,0.993486916,0.014528068,0.115954753,0.985378731,-0.113946247,0.126668895,-0.232544842,0.000000000,0.000000000,0.000000000,1.000000000
1790749327310512403,1790749327,310512403,1790749327323709431,RR_hip,1.000000000,-0.000000000,0.000000000,-0.193400000,0.000000000,0.993383603,0.114843448,-0.046500000,-0.000000000,-0.114843448,0.993383603,0.000000000,0.000000000,0.000000000,0.000000000,1.000000000
1790749327310512403,1790749327,310512403,1790749327323709431,RR_thigh,0.464658601,-0.000000000,0.885489912,-0.193400000,-0.101692715,0.993383603,0.053362996,-0.141368134,-0.879631159,-0.114843448,0.461584236,0.010967549,0.000000000,0.000000000,0.000000000,1.000000000
1790749327310512403,1790749327,310512403,1790749327323709431,RR_calf,0.994975882,0.000000000,-0.100114907,-0.382009351,0.011497541,0.993383603,0.114266461,-0.152734452,0.099452507,-0.114843448,0.988392726,-0.087349893,0.000000000,0.000000000,0.000000000,1.000000000
1790749327310512403,1790749327,310512403,1790749327323709431,RR_calflower,0.998736081,0.000000000,-0.050261721,-0.347292827,0.005772229,0.993383603,0.114698295,-0.169415938,0.049929170,-0.114843448,0.992128046,-0.231642966,0.000000000,0.000000000,0.000000000,1.000000000
1790749327310512403,1790749327,310512403,1790749327323709431,RR_calflower1,0.909083649,0.000000000,0.416613633,-0.355269719,-0.047845346,0.993383603,0.104402301,-0.174061592,-0.413857151,-0.114843448,0.903068791,-0.271827380,0.000000000,0.000000000,0.000000000,1.000000000
1790749327310512403,1790749327,310512403,1790749327323709431,RR_foot,0.994975882,0.000000000,-0.100114907,-0.360684876,0.011497541,0.993383603,0.114266461,-0.177073208,0.099452507,-0.114843448,0.988392726,-0.297877544,0.000000000,0.000000000,0.000000000,1.000000000
1790749327380821026,1790749327,380821026,1790749327390244898,FL_hip,1.000000000,-0.000000000,0.000000000,0.193400000,0.000000000,0.943375966,0.331725468,0.046500000,-0.000000000,-0.331725468,0.943375966,0.000000000,0.000000000,0.000000000,0.000000000,1.000000000
1790749327380821026,1790749327,380821026,1790749327390244898,FL_thigh,0.342748065,0.000000000,0.939427360,0.193400000,-0.311631981,0.943375966,0.113698262,0.136592405,-0.886233193,-0.331725468,0.323340287,-0.031679782,0.000000000,0.000000000,0.000000000,1.000000000
1790749327380821026,1790749327,380821026,1790749327390244898,FL_calf,0.972331314,-0.000000000,0.233606113,-0.006698028,-0.077493097,0.943375966,0.322547060,0.112374675,-0.220378392,-0.331725468,0.917273993,-0.100551263,0.000000000,0.000000000,0.000000000,1.000000000
1790749327380821026,1790749327,380821026,1790749327390244898,FL_calflower,0.959440714,-0.000000000,0.281910477,-0.021825106,-0.093516885,0.943375966,0.318270920,0.063087848,-0.265947569,-0.331725468,0.905113310,-0.240715382,0.000000000,0.000000000,0.000000000,1.000000000
1790749327380821026,1790749327,380821026,1790749327390244898,FL_calflower1,0.720838654,0.000000000,0.693102904,-0.042695932,-0.229919885,0.943375966,0.239120540,0.051292180,-0.653856622,-0.331725468,0.680021862,-0.274260439,0.000000000,0.000000000,0.000000000,1.000000000
1790749327380821026,1790749327,380821026,1790749327390244898,FL_foot,0.972331314,-0.000000000,0.233606113,-0.056456130,-0.077493097,0.943375966,0.322547060,0.043672151,-0.220378392,-0.331725468,0.917273993,-0.295930624,0.000000000,0.000000000,0.000000000,1.000000000
1790749327380821026,1790749327,380821026,1790749327390244898,FR_hip,1.000000000,0.000000000,0.000000000,0.193400000,0.000000000,0.999986947,-0.005109467,-0.046500000,0.000000000,0.005109467,0.999986947,0.000000000,0.000000000,0.000000000,0.000000000,1.000000000
1790749327380821026,1790749327,380821026,1790749327390244898,FR_thigh,0.853517023,-0.000000000,0.521064959,0.193400000,0.002662364,0.999986947,-0.004361017,-0.141998753,-0.521058157,0.005109467,0.853505882,-0.000487954,0.000000000,0.000000000,0.000000000,1.000000000
1790749327380821026,1790749327,380821026,1790749327390244898,FR_calf,0.367766843,0.000000000,-0.929918034,0.082413164,-0.004751385,0.999986947,-0.001879092,-0.141069857,0.929905895,0.005109467,0.367762042,-0.182284707,0.000000000,0.000000000,0.000000000,1.000000000
1790749327380821026,1790749327,380821026,1790749327390244898,FR_calflower,0.413783761,-0.000000000,-0.910375197,0.227396370,-0.004651532,0.999986947,-0.002114214,-0.140886779,0.910363314,0.005109467,0.413778359,-0.218115371,0.000000000,0.000000000,0.000000000,1.000000000
1790749327380821026,1790749327,380821026,1790749327390244898,FR_calflower1,0.787416403,0.000000000,-0.616421454,0.259673540,-0.003149585,0.999986947,-0.004023278,-0.140755695,0.616413407,0.005109467,0.787406124,-0.243770139,0.000000000,0.000000000,0.000000000,1.000000000
1790749327380821026,1790749327,380821026,1790749327390244898,FR_foot,0.367766843,0.000000000,-0.929918034,0.280485705,-0.004751385,0.999986947,-0.001879092,-0.140669610,0.929905895,0.005109467,0.367762042,-0.260618022,0.000000000,0.000000000,0.000000000,1.000000000
1790749327380821026,1790749327,380821026,1790749327390244898,RL_hip,1.000000000,-0.000000000,0.000000000,-0.193400000,0.000000000,0.992268815,0.124107210,0.046500000,-0.000000000,-0.124107210,0.992268815,0.000000000,0.000000000,0.000000000,0.000000000,1.000000000
1790749327380821026,1790749327,380821026,1790749327390244898,RL_thigh,0.951203260,0.000000000,0.308564999,-0.193400000,-0.038295141,0.992268815,0.118051182,0.141261672,-0.306179426,-0.124107210,0.943849331,-0.011852239,0.000000000,0.000000000,0.000000000,1.000000000
1790749327380821026,1790749327,380821026,1790749327390244898,RL_calf,0.356972035,0.000000000,-0.934115071,-0.259124345,0.115930415,0.992268815,0.044302803,0.116116770,0.926893255,-0.124107210,0.354212218,-0.212892146,0.000000000,0.000000000,0.000000000,1.000000000
1790749327380821026,1790749327,380821026,1790749327390244898,RL_calflower,0.403212208,-0.000000000,-0.915106505,-0.113735874,0.113571315,0.992268815,0.050041542,0.111878563,0.908031647,-0.124107210,0.400094900,-0.246777689,0.000000000,0.000000000,0.000000000,1.000000000
1790749327380821026,1790749327,380821026,1790749327390244898,RL_calflower1,0.780224309,0.000000000,-0.625499823,-0.081163735,0.077629038,0.992268815,0.096831462,0.108741189,0.620663968,-0.124107210,0.774192250,-0.271861802,0.000000000,0.000000000,0.000000000,1.000000000
1790749327380821026,1790749327,380821026,1790749327390244898,RL_foot,0.356972035,0.000000000,-0.934115071,-0.060157835,0.115930415,0.992268815,0.044302803,0.106680273,0.926893255,-0.124107210,0.354212218,-0.288339348,0.000000000,0.000000000,0.000000000,1.000000000
1790749327380821026,1790749327,380821026,1790749327390244898,RR_hip,1.000000000,-0.000000000,0.000000000,-0.193400000,0.000000000,0.993162734,0.116738100,-0.046500000,-0.000000000,-0.116738100,0.993162734,0.000000000,0.000000000,0.000000000,0.000000000,1.000000000
1790749327380821026,1790749327,380821026,1790749327390244898,RR_thigh,0.491093702,0.000000000,0.871106754,-0.193400000,-0.101691347,0.993162734,0.057329346,-0.141347041,-0.865150765,-0.116738100,0.487735963,0.011148489,0.000000000,0.000000000,0.000000000,1.000000000
1790749327380821026,1790749327,380821026,1790749327390244898,RR_calf,0.965289834,-0.000000000,0.261181041,-0.378945739,-0.030489778,0.993162734,0.112686101,-0.153558192,-0.259395277,-0.116738100,0.958689891,-0.092739272,0.000000000,0.000000000,0.000000000,1.000000000
1790749327380821026,1790749327,380821026,1790749327390244898,RR_calflower,0.951029862,0.000000000,0.309099017,-0.398294736,-0.036083632,0.993162734,0.111021419,-0.170845530,-0.306985625,-0.116738100,0.944527417,-0.239813281,0.000000000,0.000000000,0.000000000,1.000000000
1790749327380821026,1790749327,380821026,1790749327390244898,RR_calflower1,0.700823170,0.000000000,0.713335044,-0.420168995,-0.083273378,0.993162734,0.081812765,-0.174925551,-0.708457783,-0.116738100,0.696031455,-0.274524521,0.000000000,0.000000000,0.000000000,1.000000000
1790749327380821026,1790749327,380821026,1790749327390244898,RR_foot,0.965289834,-0.000000000,0.261181041,-0.434577300,-0.030489778,0.993162734,0.112686101,-0.177560331,-0.259395277,-0.116738100,0.958689891,-0.296940218,0.000000000,0.000000000,0.000000000,1.000000000
1790749327519472752,1790749327,519472752,1790749327523576464,FL_hip,1.000000000,-0.000000000,0.000000000,0.193400000,0.000000000,0.986610787,0.163092476,0.046500000,-0.000000000,-0.163092476,0.986610787,0.000000000,0.000000000,0.000000000,0.000000000,1.000000000
1790749327519472752,1790749327,519472752,1790749327523576464,FL_thigh,0.466234699,0.000000000,0.884661068,0.193400000,-0.144281564,0.986610787,0.076039371,0.140721330,-0.872816153,-0.163092476,0.459992183,-0.015575331,0.000000000,0.000000000,0.000000000,1.000000000
1790749327519472752,1790749327,519472752,1790749327523576464,FL_calf,0.573056196,0.000000000,-0.819516075,0.004967192,0.133656906,0.986610787,0.093461154,0.124524944,0.808543399,-0.163092476,0.565383424,-0.113553666,0.000000000,0.000000000,0.000000000,1.000000000
1790749327519472752,1790749327,519472752,1790749327523576464,FL_calflower,0.613298757,-0.000000000,-0.789851020,0.137716695,0.128818758,0.986610787,0.100024413,0.113365831,0.779275536,-0.163092476,0.605087170,-0.181059545,0.000000000,0.000000000,0.000000000,1.000000000
1790749327519472752,1790749327,519472752,1790749327523576464,FL_calflower1,0.908729637,0.000000000,-0.417385250,0.163177749,0.068072394,0.986610787,0.148206966,0.108076667,0.411796790,-0.163092476,0.896562462,-0.213055787,0.000000000,0.000000000,0.000000000,1.000000000
1790749327519472752,1790749327,519472752,1790749327523576464,FL_foot,0.573056196,0.000000000,-0.819516075,0.179524116,0.133656906,0.986610787,0.093461154,0.104617718,0.808543399,-0.163092476,0.565383424,-0.233980336,0.000000000,0.000000000,0.000000000,1.000000000
1790749327519472752,1790749327,519472752,1790749327523576464,FR_hip,1.000000000,-0.000000000,0.000000000,0.193400000,0.000000000,0.995332707,0.096502866,-0.046500000,-0.000000000,-0.096502866,0.995332707,0.000000000,0.000000000,0.000000000,0.000000000,1.000000000
1790749327519472752,1790749327,519472752,1790749327523576464,FR_thigh,0.545218350,0.000000000,0.838294072,0.193400000,-0.080897781,0.995332707,0.052615133,-0.141554273,-0.834381507,-0.096502866,0.542673656,0.009216024,0.000000000,0.000000000,0.000000000,1.000000000
1790749327519472752,1790749327,519472752,1790749327523576464,FR_calf,0.805837374,-0.000000000,-0.592136915,0.014843363,0.057142909,0.995332707,0.077765616,-0.152761297,0.589373238,-0.096502866,0.802076295,-0.106373465,0.000000000,0.000000000,0.000000000,1.000000000
1790749327519472752,1790749327,519472752,1790749327523576464,FR_calflower,0.834424798,-0.000000000,-0.551121816,0.118596374,0.053184835,0.995332707,0.080524385,-0.163127750,0.548549568,-0.096502866,0.830530293,-0.213293292,0.000000000,0.000000000,0.000000000,1.000000000
1790749327519472752,1790749327,519472752,1790749327523576464,FR_calflower1,0.994627137,0.000000000,-0.103522257,0.132296998,0.009990194,0.995332707,0.095984369,-0.166880574,0.103039088,-0.096502866,0.989984921,-0.251999999,0.000000000,0.000000000,0.000000000,1.000000000
1790749327519472752,1790749327,519472752,1790749327523576464,FR_foot,0.805837374,-0.000000000,-0.592136915,0.140968526,0.057142909,0.995332707,0.077765616,-0.169325373,0.589373238,-0.096502866,0.802076295,-0.277215716,0.000000000,0.000000000,0.000000000,1.000000000
1790749327519472752,1790749327,519472752,1790749327523576464,RL_hip,1.000000000,-0.000000000,0.000000000,-0.193400000,0.000000000,0.974764837,0.223234208,0.046500000,-0.000000000,-0.223234208,0.974764837,0.000000000,0.000000000,0.000000000,0.000000000,1.000000000
1790749327519472752,1790749327,519472752,1790749327523576464,RL_thigh,0.644569380,0.000000000,0.764545822,-0.193400000,-0.170672781,0.974764837,0.143889935,0.139590042,-0.745252384,-0.223234208,0.628303567,-0.021318867,0.000000000,0.000000000,0.000000000,1.000000000
1790749327519472752,1790749327,519472752,1790749327523576464,RL_calf,0.739011851,0.000000000,-0.673692425,-0.356248260,0.150391195,0.974764837,0.164972726,0.108941486,0.656691687,-0.223234208,0.720362767,-0.155147527,0.000000000,0.000000000,0.000000000,1.000000000
1790749327519472752,1790749327,519472752,1790749327523576464,RL_calflower,0.771758867,-0.000000000,-0.635915287,-0.241761544,0.141958046,0.974764837,0.172282980,0.087533346,0.619867861,-0.223234208,0.752283406,-0.248627382,0.000000000,0.000000000,0.000000000,1.000000000
1790749327519472752,1790749327,519472752,1790749327523576464,RL_calflower1,0.978198633,-0.000000000,-0.207671457,-0.224042521,0.046359373,0.974764837,0.218367398,0.079222447,0.202430834,-0.223234208,0.953513632,-0.284917397,0.000000000,0.000000000,0.000000000,1.000000000
1790749327519472752,1790749327,519472752,1790749327523576464,RL_foot,0.739011851,0.000000000,-0.673692425,-0.212751774,0.150391195,0.974764837,0.164972726,0.073802295,0.656691687,-0.223234208,0.720362767,-0.308584796,0.000000000,0.000000000,0.000000000,1.000000000
1790749327519472752,1790749327,519472752,1790749327523576464,RR_hip,1.000000000,-0.000000000,0.000000000,-0.193400000,0.000000000,0.999992323,0.003918304,-0.046500000,-0.000000000,-0.003918304,0.999992323,0.000000000,0.000000000,0.000000000,0.000000000,1.000000000
1790749327519472752,1790749327,519472752,1790749327523576464,RR_thigh,0.569952667,0.000000000,0.821677526,-0.193400000,-0.003219583,0.999992323,0.002233248,-0.141999267,-0.821671219,-0.003918304,0.569948292,0.000374198,0.000000000,0.000000000,0.000000000,1.000000000
1790749327519472752,1790749327,519472752,1790749327523576464,RR_calf,0.524767660,0.000000000,-0.851245501,-0.368417313,0.003335439,0.999992323,0.002056199,-0.142474949,0.851238966,-0.003918304,0.524763632,-0.121024788,0.000000000,0.000000000,0.000000000,1.000000000
1790749327519472752,1790749327,519472752,1790749327523576464,RR_calflower,0.566656380,0.000000000,-0.823954214,-0.231937626,0.003228503,0.999992323,0.002220332,-0.142712557,0.823947889,-0.003918304,0.566652030,-0.181665026,0.000000000,0.000000000,0.000000000,1.000000000
1790749327519472752,1790749327,519472752,1790749327523576464,RR_calflower1,0.883106230,0.000000000,-0.469173088,-0.204646021,0.001838363,0.999992323,0.003460279,-0.142833656,0.469169486,-0.003918304,0.883099451,-0.212570586,0.000000000,0.000000000,0.000000000,1.000000000
1790749327519472752,1790749327,519472752,1790749327523576464,RR_foot,0.524767660,0.000000000,-0.851245501,-0.187102021,0.003335439,0.999992323,0.002056199,-0.142912919,0.851238966,-0.003918304,0.524763632,-0.232799442,0.000000000,0.000000000,0.000000000,1.000000000
1790749328048079106,1790749328,48079106,1790749328057185680,FL_hip,1.000000000,-0.000000000,0.000000000,0.193400000,0.000000000,0.997828935,0.065859068,0.046500000,-0.000000000,-0.065859068,0.997828935,0.000000000,0.000000000,0.000000000,0.000000000,1.000000000
1790749328048079106,1790749328,48079106,1790749328057185680,FL_thigh,0.584313516,0.000000000,0.811528013,0.193400000,-0.053446478,0.997828935,0.038482343,0.141792663,-0.809766132,-0.065859068,0.583044933,-0.006289541,0.000000000,0.000000000,0.000000000,1.000000000
1790749328048079106,1790749328,48079106,1790749328057185680,FL_calf,0.647689210,0.000000000,-0.761904644,0.020544533,0.050178330,0.997828935,0.042656208,0.133595924,0.760250500,-0.065859068,0.646283035,-0.130478112,0.000000000,0.000000000,0.000000000,1.000000000
1790749328048079106,1790749328,48079106,1790749328057185680,FL_calflower,0.684959128,-0.000000000,-0.728581493,0.146260205,0.047983698,0.997828935,0.045110770,0.128286372,0.726999695,-0.065859068,0.683472038,-0.210922991,0.000000000,0.000000000,0.000000000,1.000000000
1790749328048079106,1790749328,48079106,1790749328057185680,FL_calflower1,0.943999031,0.000000000,-0.329948224,0.168553873,0.021730082,0.997828935,0.062170896,0.126002104,0.329231885,-0.065859068,0.941949547,-0.245531869,0.000000000,0.000000000,0.000000000,1.000000000
1790749328048079106,1790749328,48079106,1790749328057185680,FL_foot,0.647689210,0.000000000,-0.761904644,0.182830223,0.050178330,0.997828935,0.042656208,0.124510152,0.760250500,-0.065859068,0.646283035,-0.268136398,0.000000000,0.000000000,0.000000000,1.000000000
1790749328048079106,1790749328,48079106,1790749328057185680,FR_hip,1.000000000,0.000000000,0.000000000,0.193400000,0.000000000,0.980490229,-0.196567826,-0.046500000,0.000000000,0.196567826,0.980490229,0.000000000,0.000000000,0.000000000,0.000000000,1.000000000
1790749328048079106,1790749328,48079106,1790749328057185680,FR_thigh,0.733530656,0.000000000,0.679656367,0.193400000,0.133598575,0.980490229,-0.144188527,-0.140136817,-0.666396427,0.196567826,0.719219641,-0.018772227,0.000000000,0.000000000,0.000000000,1.000000000
1790749328048079106,1790749328,48079106,1790749328057185680,FR_calf,0.682432589,0.000000000,-0.730948535,0.048633194,-0.143680965,0.980490229,-0.134144291,-0.109424661,0.716687897,0.196567826,0.669118486,-0.171966011,0.000000000,0.000000000,0.000000000,1.000000000
1790749328048079106,1790749328,48079106,1790749328057185680,FR_calflower,0.718111927,-0.000000000,-0.695927626,0.170462229,-0.136796981,0.980490229,-0.141157701,-0.092444925,0.682350238,0.196567826,0.704101728,-0.256661789,0.000000000,0.000000000,0.000000000,1.000000000
1790749328048079106,1790749328,48079106,1790749328057185680,FR_calflower1,0.958326518,0.000000000,-0.285675138,0.191118215,-0.056154541,0.980490229,-0.188376161,-0.085430647,0.280101681,0.196567826,0.939629788,-0.291649360,0.000000000,0.000000000,0.000000000,1.000000000
1790749328048079106,1790749328,48079106,1790749328057185680,FR_foot,0.682432589,0.000000000,-0.730948535,0.204325232,-0.143680965,0.980490229,-0.134144291,-0.080851927,0.716687897,0.196567826,0.669118486,-0.314488248,0.000000000,0.000000000,0.000000000,1.000000000
1790749328048079106,1790749328,48079106,1790749328057185680,RL_hip,1.000000000,0.000000000,0.000000000,-0.193400000,0.000000000,0.993373160,-0.114933743,0.046500000,0.000000000,0.114933743,0.993373160,0.000000000,0.000000000,0.000000000,0.000000000,1.000000000
1790749328048079106,1790749328,48079106,1790749328057185680,RL_thigh,0.865343670,0.000000000,0.501178943,-0.193400000,0.057602372,0.993373160,-0.099457187,0.141367137,-0.497857710,0.114933743,0.859609176,0.010976172,0.000000000,0.000000000,0.000000000,1.000000000
1790749328048079106,1790749328,48079106,1790749328057185680,RL_calf,0.645104675,-0.000000000,-0.764094207,-0.300151115,-0.087820207,0.993373160,-0.074144295,0.162551518,0.759030677,0.114933743,0.640829670,-0.172120582,0.000000000,0.000000000,0.000000000,1.000000000
1790749328048079106,1790749328,48079106,1790749328057185680,RL_calflower,0.682487256,0.000000000,-0.730897493,-0.174163079,-0.084004785,0.993373160,-0.078440815,0.171768469,0.726053952,0.114933743,0.677964522,-0.251782760,0.000000000,0.000000000,0.000000000,1.000000000
1790749328048079106,1790749328,48079106,1790749328057185680,RL_calflower1,0.942875973,-0.000000000,-0.333143963,-0.151752051,-0.038289483,0.993373160,-0.108368265,0.175746150,0.330936271,0.114933743,0.936627684,-0.286161880,0.000000000,0.000000000,0.000000000,1.000000000
1790749328048079106,1790749328,48079106,1790749328057185680,RL_foot,0.645104675,-0.000000000,-0.764094207,-0.137399049,-0.087820207,0.993373160,-0.074144295,0.178344252,0.759030677,0.114933743,0.640829670,-0.308617302,0.000000000,0.000000000,0.000000000,1.000000000
1790749328048079106,1790749328,48079106,1790749328057185680,RR_hip,1.000000000,0.000000000,0.000000000,-0.193400000,0.000000000,0.997718223,-0.067515533,-0.046500000,0.000000000,0.067515533,0.997718223,0.000000000,0.000000000,0.000000000,0.000000000,1.000000000
1790749328048079106,1790749328,48079106,1790749328057185680,RR_thigh,0.617515621,0.000000000,0.786558617,-0.193400000,0.053104924,0.997718223,-0.041691896,-0.141782090,-0.784763866,0.067515533,0.616106588,-0.006447733,0.000000000,0.000000000,0.000000000,1.000000000
1790749328048079106,1790749328,48079106,1790749328057185680,RR_calf,0.642982781,0.000000000,-0.765880632,-0.360936985,-0.051708839,0.997718223,-0.043411325,-0.132901716,0.764133064,0.067515533,0.641515638,-0.137678437,0.000000000,0.000000000,0.000000000,1.000000000
1790749328048079106,1790749328,48079106,1790749328057185680,RR_calflower,0.680457298,0.000000000,-0.732787736,-0.234726996,-0.049474554,0.997718223,-0.045941437,-0.127511017,0.731115678,0.067515533,0.678904646,-0.217340090,0.000000000,0.000000000,0.000000000,1.000000000
1790749328048079106,1790749328,48079106,1790749328057185680,RR_calflower1,0.941948285,0.000000000,-0.335757991,-0.212220060,-0.022668880,0.997718223,-0.063596140,-0.125178614,0.334991866,0.067515533,0.939798969,-0.251807432,0.000000000,0.000000000,0.000000000,1.000000000
1790749328048079106,1790749328,48079106,1790749328057185680,RR_foot,0.642982781,0.000000000,-0.765880632,-0.197804411,-0.051708839,0.997718223,-0.043411325,-0.123655104,0.764133064,0.067515533,0.641515638,-0.274321267,0.000000000,0.000000000,0.000000000,1.000000000
1790749328118154023,1790749328,118154023,1790749328123640690,FL_hip,1.000000000,-0.000000000,0.000000000,0.193400000,0.000000000,0.997248234,0.074134738,0.046500000,-0.000000000,-0.074134738,0.997248234,0.000000000,0.000000000,0.000000000,0.000000000,1.000000000
1790749328118154023,1790749328,118154023,1790749328123640690,FL_thigh,0.652745560,-0.000000000,0.757577214,0.193400000,-0.056162788,0.997248234,0.048391121,0.141737206,-0.755492539,-0.074134738,0.650949357,-0.007079867,0.000000000,0.000000000,0.000000000,1.000000000
1790749328118154023,1790749328,118154023,1790749328123640690,FL_calf,0.793126584,-0.000000000,-0.609056830,0.032036054,0.045152268,0.997248234,0.058798231,0.131429898,0.607380848,-0.074134738,0.790944085,-0.145732080,0.000000000,0.000000000,0.000000000,1.000000000
1790749328118154023,1790749328,118154023,1790749328123640690,FL_calflower,0.822575536,0.000000000,-0.568655860,0.138038996,0.042157153,0.997248234,0.060981422,0.123630805,0.567091052,-0.074134738,0.820312001,-0.250644188,0.000000000,0.000000000,0.000000000,1.000000000
1790749328118154023,1790749328,118154023,1790749328123640690,FL_calflower1,0.992213758,-0.000000000,-0.124546608,0.152559475,0.009233230,0.997248234,0.073557507,0.120769976,0.124203885,-0.074134738,0.989483419,-0.289127579,0.000000000,0.000000000,0.000000000,1.000000000
1790749328118154023,1790749328,118154023,1790749328123640690,FL_foot,0.793126584,-0.000000000,-0.609056830,0.161765158,0.045152268,0.997248234,0.058798231,0.118905874,0.607380848,-0.074134738,0.790944085,-0.314203171,0.000000000,0.000000000,0.000000000,1.000000000
1790749328118154023,1790749328,118154023,1790749328123640690,FR_hip,1.000000000,0.000000000,0.000000000,0.193400000,0.000000000,0.976379766,-0.216061454,-0.046500000,0.000000000,0.216061454,0.976379766,0.000000000,0.000000000,0.000000000,0.000000000,1.000000000
1790749328118154023,1790749328,118154023,1790749328123640690,FR_thigh,0.747226639,-0.000000000,0.664569296,0.193400000,0.143587808,0.976379766,-0.161446874,-0.139744268,-0.648872014,0.216061454,0.729576972,-0.020633869,0.000000000,0.000000000,0.000000000,1.000000000
1790749328118154023,1790749328,118154023,1790749328123640690,FR_calf,0.664274280,0.000000000,-0.747488917,0.051846740,-0.161503542,0.976379766,-0.143524067,-0.105356083,0.729833054,0.216061454,0.648583966,-0.176033764,0.000000000,0.000000000,0.000000000,1.000000000
1790749328118154023,1790749328,118154023,1790749328123640690,FR_calflower,0.700802985,0.000000000,-0.713354874,0.175760585,-0.154128491,0.976379766,-0.151416512,-0.087344592,0.696505265,0.216061454,0.684249855,-0.257427530,0.000000000,0.000000000,0.000000000,1.000000000
1790749328118154023,1790749328,118154023,1790749328123640690,FR_calflower1,0.951021115,0.000000000,-0.309125927,0.197286750,-0.066790197,0.976379766,-0.205479005,-0.079746647,0.301824300,0.216061454,0.928557774,-0.291762577,0.000000000,0.000000000,0.000000000,1.000000000
1790749328118154023,1790749328,118154023,1790749328123640690,FR_foot,0.664274280,0.000000000,-0.747488917,0.211061879,-0.161503542,0.976379766,-0.143524067,-0.074785457,0.729833054,0.216061454,0.648583966,-0.314182149,0.000000000,0.000000000,0.000000000,1.000000000
1790749328118154023,1790749328,118154023,1790749328123640690,RL_hip,1.000000000,0.000000000,0.000000000,-0.193400000,0.000000000,0.991073044,-0.133319997,0.046500000,0.000000000,0.133319997,0.991073044,0.000000000,0.000000000,0.000000000,0.000000000,1.000000000
1790749328118154023,1790749328,118154023,1790749328123640690,RL_thigh,0.875565972,0.000000000,0.483098571,-0.193400000,0.064406700,0.991073044,-0.116730453,0.141147476,-0.478785971,0.133319997,0.867749833,0.012732060,0.000000000,0.000000000,0.000000000,1.000000000
1790749328118154023,1790749328,118154023,1790749328123640690,RL_calf,0.631597744,0.000000000,-0.775296260,-0.296299996,-0.103362495,0.991073044,-0.084204609,0.166011062,0.768375224,0.133319997,0.625959498,-0.172098655,0.000000000,0.000000000,0.000000000,1.000000000
1790749328118154023,1790749328,118154023,1790749328123640690,RL_calflower,0.669557074,0.000000000,-0.742760611,-0.168924194,-0.099024842,0.991073044,-0.089265347,0.176406094,0.736130019,0.133319997,0.663579967,-0.249373156,0.000000000,0.000000000,0.000000000,1.000000000
1790749328118154023,1790749328,118154023,1790749328123640690,RL_calflower1,0.936885108,0.000000000,-0.349637377,-0.145909341,-0.046613654,0.991073044,-0.124905520,0.180966957,0.346516179,0.133319997,0.928521575,-0.283277655,0.000000000,0.000000000,0.000000000,1.000000000
1790749328118154023,1790749328,118154023,1790749328123640690,RL_foot,0.631597744,0.000000000,-0.775296260,-0.131161892,-0.103362495,0.991073044,-0.084204609,0.183946644,0.768375224,0.133319997,0.625959498,-0.305428028,0.000000000,0.000000000,0.000000000,1.000000000
1790749328118154023,1790749328,118154023,1790749328123640690,RR_hip,1.000000000,0.000000000,0.000000000,-0.193400000,0.000000000,0.997425244,-0.071713899,-0.046500000,0.000000000,0.071713899,0.997425244,0.000000000,0.000000000,0.000000000,0.000000000,1.000000000
1790749328118154023,1790749328,118154023,1790749328123640690,RR_thigh,0.619300158,0.000000000,0.785154325,-0.193400000,0.056306478,0.997425244,-0.044412429,-0.141754111,-0.783132744,0.071713899,0.617705611,-0.006848677,0.000000000,0.000000000,0.000000000,1.000000000
1790749328118154023,1790749328,118154023,1790749328123640690,RR_calf,0.764110405,-0.000000000,-0.645085489,-0.360637871,-0.046261596,0.997425244,-0.054797336,-0.132294263,0.643424551,0.071713899,0.762143007,-0.138419973,0.000000000,0.000000000,0.000000000,1.000000000
1790749328118154023,1790749328,118154023,1790749328123640690,RR_calflower,0.795396303,-0.000000000,-0.606089697,-0.249883011,-0.043465055,0.997425244,-0.057040970,-0.125109490,0.604529164,0.071713899,0.793348352,-0.238348647,0.000000000,0.000000000,0.000000000,1.000000000
1790749328118154023,1790749328,118154023,1790749328123640690,RR_calflower1,0.985392083,0.000000000,-0.170301035,-0.233593386,-0.012212951,0.997425244,-0.070666308,-0.122393200,0.169862551,0.071713899,0.982854939,-0.276127872,0.000000000,0.000000000,0.000000000,1.000000000
1790749328118154023,1790749328,118154023,1790749328123640690,RR_foot,0.764110405,-0.000000000,-0.645085489,-0.223234662,-0.046261596,0.997425244,-0.054797336,-0.120622431,0.643424551,0.071713899,0.762143007,-0.300756433,0.000000000,0.000000000,0.000000000,1.000000000
1790749328242633969,1790749328,242633969,1790749328256998463,FL_hip,1.000000000,-0.000000000,0.000000000,0.193400000,0.000000000,0.997252722,0.074074346,0.046500000,-0.000000000,-0.074074346,0.997252722,0.000000000,0.000000000,0.000000000,0.000000000,1.000000000
1790749328242633969,1790749328,242633969,1790749328256998463,FL_thigh,0.671620486,-0.000000000,0.740895352,0.193400000,-0.054881339,0.997252722,0.049749848,0.141737635,-0.738859906,-0.074074346,0.669775358,-0.007074100,0.000000000,0.000000000,0.000000000,1.000000000
1790749328242633969,1790749328,242633969,1790749328256998463,FL_calf,0.800545556,0.000000000,-0.599271903,0.035589290,0.044390674,0.997252722,0.059299888,0.131140917,0.597625536,-0.074074346,0.798346234,-0.149736251,0.000000000,0.000000000,0.000000000,1.000000000
1790749328242633969,1790749328,242633969,1790749328256998463,FL_calflower,0.829496194,-0.000000000,-0.558512367,0.140292443,0.041371438,0.997252722,0.061444388,0.123252347,0.556977978,-0.074074346,0.827217337,-0.255938983,0.000000000,0.000000000,0.000000000,1.000000000
1790749328242633969,1790749328,242633969,1790749328256998463,FL_calflower1,0.993668293,-0.000000000,-0.112353565,0.154337976,0.008322517,0.997252722,0.073605329,0.120380857,0.112044899,-0.074074346,0.990938410,-0.294597457,0.000000000,0.000000000,0.000000000,1.000000000
1790749328242633969,1790749328,242633969,1790749328256998463,FL_foot,0.800545556,0.000000000,-0.599271903,0.163234205,0.044390674,0.997252722,0.059299888,0.118510041,0.597625536,-0.074074346,0.798346234,-0.319783999,0.000000000,0.000000000,0.000000000,1.000000000
1790749328242633969,1790749328,242633969,1790749328256998463,FR_hip,1.000000000,0.000000000,0.000000000,0.193400000,0.000000000,0.994524770,-0.104501109,-0.046500000,0.000000000,0.104501109,0.994524770,0.000000000,0.000000000,0.000000000,0.000000000,1.000000000
1790749328242633969,1790749328,242633969,1790749328256998463,FR_thigh,0.531209241,-0.000000000,0.847240664,0.193400000,0.088537589,0.994524770,-0.055511955,-0.141477116,-0.842601826,0.104501109,0.528300749,-0.009979856,0.000000000,0.000000000,0.000000000,1.000000000
1790749328242633969,1790749328,242633969,1790749328256998463,FR_calf,0.485187276,-0.000000000,-0.874410263,0.012937739,-0.091376842,0.994524770,-0.050702609,-0.129653069,0.869622665,0.104501109,0.482530764,-0.122507915,0.000000000,0.000000000,0.000000000,1.000000000
1790749328242633969,1790749328,242633969,1790749328256998463,FR_calflower,0.528283217,-0.000000000,-0.849068220,0.152054203,-0.088728571,0.994524770,-0.055206182,-0.123976620,0.844419377,0.104501109,0.525390745,-0.176530015,0.000000000,0.000000000,0.000000000,1.000000000
1790749328242633969,1790749328,242633969,1790749328256998463,FR_calflower1,0.860666554,0.000000000,-0.509169012,0.180734100,-0.053208727,0.994524770,-0.089940610,-0.120881087,0.506381195,0.104501109,0.855954206,-0.205989839,0.000000000,0.000000000,0.000000000,1.000000000
1790749328242633969,1790749328,242633969,1790749328256998463,FR_foot,0.485187276,-0.000000000,-0.874410263,0.199187125,-0.091376842,0.994524770,-0.050702609,-0.118853414,0.869622665,0.104501109,0.482530764,-0.225286968,0.000000000,0.000000000,0.000000000,1.000000000
1790749328242633969,1790749328,242633969,1790749328256998463,RL_hip,1.000000000,0.000000000,0.000000000,-0.193400000,0.000000000,0.999999981,-0.000194252,0.046500000,0.000000000,0.000194252,0.999999981,0.000000000,0.000000000,0.000000000,0.000000000,1.000000000
1790749328242633969,1790749328,242633969,1790749328256998463,RL_thigh,0.631138478,0.000000000,0.775670176,-0.193400000,0.000150675,0.999999981,-0.000122600,0.141999998,-0.775670161,0.000194252,0.631138466,0.000018551,0.000000000,0.000000000,0.000000000,1.000000000
1790749328242633969,1790749328,242633969,1790749328256998463,RL_calf,0.414108398,-0.000000000,-0.910227573,-0.358617747,-0.000176813,0.999999981,-0.000080441,0.142026112,0.910227556,0.000194252,0.414108390,-0.134413942,0.000000000,0.000000000,0.000000000,1.000000000
1790749328242633969,1790749328,242633969,1790749328256998463,RL_calflower,0.459083288,0.000000000,-0.888393232,-0.215621899,-0.000172572,0.999999981,-0.000089178,0.142034481,0.888393215,0.000194252,0.459083280,-0.177497433,0.000000000,0.000000000,0.000000000,1.000000000
1790749328242633969,1790749328,242633969,1790749328256998463,RL_calflower1,0.817446040,-0.000000000,-0.576005184,-0.184677002,-0.000111890,0.999999981,-0.000158790,0.142039774,0.576005173,0.000194252,0.817446025,-0.204744696,0.000000000,0.000000000,0.000000000,1.000000000
1790749328242633969,1790749328,242633969,1790749328256998463,RL_foot,0.414108398,-0.000000000,-0.910227573,-0.164739274,-0.000176813,0.999999981,-0.000080441,0.142043246,0.910227556,0.000194252,0.414108390,-0.222619029,0.000000000,0.000000000,0.000000000,1.000000000
1790749328242633969,1790749328,242633969,1790749328256998463,RR_hip,1.000000000,0.000000000,0.000000000,-0.193400000,0.000000000,0.997775102,-0.066669671,-0.046500000,0.000000000,0.066669671,0.997775102,0.000000000,0.000000000,0.000000000,0.000000000,1.000000000
1790749328242633969,1790749328,242633969,1790749328256998463,RR_thigh,0.662035512,0.000000000,0.749472468,-0.193400000,0.049967083,0.997775102,-0.044137690,-0.141787522,-0.747804969,0.066669671,0.660562551,-0.006366954,0.000000000,0.000000000,0.000000000,1.000000000
1790749328242633969,1790749328,242633969,1790749328256998463,RR_calf,0.733028610,0.000000000,-0.680197808,-0.353037636,-0.045348564,0.997775102,-0.048870776,-0.132386194,0.678684437,0.066669671,0.731397696,-0.147066777,0.000000000,0.000000000,0.000000000,1.000000000
1790749328242633969,1790749328,242633969,1790749328256998463,RR_calflower,0.766108236,-0.000000000,-0.642711577,-0.237707788,-0.042849369,0.997775102,-0.051076184,-0.126060291,0.641281609,0.066669671,0.764403724,-0.241739947,0.000000000,0.000000000,0.000000000,1.000000000
1790749328242633969,1790749328,242633969,1790749328256998463,RR_calflower1,0.976324938,0.000000000,-0.216309076,-0.219660407,-0.014421255,0.997775102,-0.065091262,-0.123588750,0.215827810,0.066669671,0.974152715,-0.278728912,0.000000000,0.000000000,0.000000000,1.000000000
1790749328242633969,1790749328,242633969,1790749328256998463,RR_foot,0.733028610,0.000000000,-0.680197808,-0.208155503,-0.045348564,0.997775102,-0.048870776,-0.121976719,0.678684437,0.066669671,0.731397696,-0.302854486,0.000000000,0.000000000,0.000000000,1.000000000
1790749328308692750,1790749328,308692750,1790749328323730280,FL_hip,1.000000000,-0.000000000,0.000000000,0.193400000,0.000000000,0.998611373,0.052681366,0.046500000,-0.000000000,-0.052681366,0.998611373,0.000000000,0.000000000,0.000000000,0.000000000,1.000000000
1790749328308692750,1790749328,308692750,1790749328323730280,FL_thigh,0.666805877,0.000000000,0.745231455,0.193400000,-0.039259811,0.998611373,0.035128245,0.141867386,-0.744196606,-0.052681366,0.665879933,-0.005031070,0.000000000,0.000000000,0.000000000,1.000000000
1790749328308692750,1790749328,308692750,1790749328323730280,FL_calf,0.804167526,0.000000000,-0.594402717,0.034665700,0.031313947,0.998611373,0.042364644,0.134385070,0.593577313,-0.052681366,0.803050837,-0.146863496,0.000000000,0.000000000,0.000000000,1.000000000
1790749328308692750,1790749328,308692750,1790749328323730280,FL_calflower,0.832870280,0.000000000,-0.553468244,0.138720653,0.029157463,0.998611373,0.043876744,0.128741382,0.552699683,-0.052681366,0.831713734,-0.253843474,0.000000000,0.000000000,0.000000000,1.000000000
1790749328308692750,1790749328,308692750,1790749328323730280,FL_calflower1,0.994331819,0.000000000,-0.106321371,0.152530680,0.005601155,0.998611373,0.052382759,0.126694737,0.106173730,-0.052681366,0.992951063,-0.292639020,0.000000000,0.000000000,0.000000000,1.000000000
1790749328308692750,1790749328,308692750,1790749328323730280,FL_foot,0.804167526,0.000000000,-0.594402717,0.161273479,0.031313947,0.998611373,0.042364644,0.125361401,0.593577313,-0.052681366,0.803050837,-0.317913324,0.000000000,0.000000000,0.000000000,1.000000000
1790749328308692750,1790749328,308692750,1790749328323730280,FR_hip,1.000000000,-0.000000000,0.000000000,0.193400000,0.000000000,0.998565558,0.053542747,-0.046500000,-0.000000000,-0.053542747,0.998565558,0.000000000,0.000000000,0.000000000,0.000000000,1.000000000
1790749328308692750,1790749328,308692750,1790749328323730280,FR_thigh,0.629135809,0.000000000,0.777295397,0.193400000,-0.041618531,0.998565558,0.033685660,-0.141863011,-0.776180412,-0.053542747,0.628233351,0.005113332,0.000000000,0.000000000,0.000000000,1.000000000
1790749328308692750,1790749328,308692750,1790749328323730280,FR_calf,0.617900874,0.000000000,-0.786256008,0.027836081,0.042098307,0.998565558,0.033084110,-0.149038056,0.785128169,-0.053542747,0.617014532,-0.128700371,0.000000000,0.000000000,0.000000000,1.000000000
1790749328308692750,1790749328,308692750,1790749328323730280,FR_calflower,0.656425081,-0.000000000,-0.754391220,0.156559987,0.040392178,0.998565558,0.035146802,-0.153092538,0.753309090,-0.053542747,0.655483478,-0.204315959,0.000000000,0.000000000,0.000000000,1.000000000
1790749328308692750,1790749328,308692750,1790749328323730280,FR_calflower1,0.930607870,-0.000000000,-0.366017749,0.180171385,0.019597596,0.998565558,0.049827302,-0.154902332,0.365492718,-0.053542747,0.929272967,-0.238068389,0.000000000,0.000000000,0.000000000,1.000000000
1790749328308692750,1790749328,308692750,1790749328323730280,FR_foot,0.617900874,0.000000000,-0.786256008,0.195308610,0.042098307,0.998565558,0.033084110,-0.156084972,0.785128169,-0.053542747,0.617014532,-0.260124467,0.000000000,0.000000000,0.000000000,1.000000000
1790749328308692750,1790749328,308692750,1790749328323730280,RL_hip,1.000000000,-0.000000000,0.000000000,-0.193400000,0.000000000,0.989893593,0.141812108,0.046500000,-0.000000000,-0.141812108,0.989893593,0.000000000,0.000000000,0.000000000,0.000000000,1.000000000
1790749328308692750,1790749328,308692750,1790749328323730280,RL_thigh,0.629516616,0.000000000,0.776987021,-0.193400000,-0.110186167,0.989893593,0.089273078,0.141034838,-0.769134474,-0.141812108,0.623154465,-0.013543056,0.000000000,0.000000000,0.000000000,1.000000000
1790749328308692750,1790749328,308692750,1790749328323730280,RL_calf,0.552146602,0.000000000,-0.833747042,-0.358898235,0.118235425,0.989893593,0.078301073,0.122019673,0.825320855,-0.141812108,0.546566384,-0.146274957,0.000000000,0.000000000,0.000000000,1.000000000
1790749328308692750,1790749328,308692750,1790749328323730280,RL_calflower,0.593126548,0.000000000,-0.805109246,-0.224460741,0.114174239,0.989893593,0.084112526,0.112795822,0.796972485,-0.141812108,0.587132169,-0.210660365,0.000000000,0.000000000,0.000000000,1.000000000
1790749328308692750,1790749328,308692750,1790749328323730280,RL_calflower1,0.897882920,0.000000000,-0.440234326,-0.198187637,0.062430558,0.989893593,0.127330669,0.108289579,0.435785139,-0.141812108,0.888808550,-0.242115377,0.000000000,0.000000000,0.000000000,1.000000000
1790749328308692750,1790749328,308692750,1790749328323730280,RL_foot,0.552146602,0.000000000,-0.833747042,-0.181310116,0.118235425,0.989893593,0.078301073,0.105341544,0.825320855,-0.141812108,0.546566384,-0.262693597,0.000000000,0.000000000,0.000000000,1.000000000
1790749328308692750,1790749328,308692750,1790749328323730280,RR_hip,1.000000000,0.000000000,0.000000000,-0.193400000,0.000000000,0.996506384,-0.083516627,-0.046500000,0.000000000,0.083516627,0.996506384,0.000000000,0.000000000,0.000000000,0.000000000,1.000000000
1790749328308692750,1790749328,308692750,1790749328323730280,RR_thigh,0.660195447,-0.000000000,0.751093850,-0.193400000,0.062728825,0.996506384,-0.055137297,-0.141666360,-0.748469816,0.083516627,0.657888978,-0.007975838,0.000000000,0.000000000,0.000000000,1.000000000
1790749328308692750,1790749328,308692750,1790749328323730280,RR_calf,0.734651720,-0.000000000,-0.678444434,-0.353382990,-0.056661391,0.996506384,-0.061355634,-0.129922115,0.676074209,0.083516627,0.732085129,-0.148106190,0.000000000,0.000000000,0.000000000,1.000000000
1790749328308692750,1790749328,308692750,1790749328323730280,RR_calflower,0.767641686,0.000000000,-0.640879272,-0.238280179,-0.053524075,0.996506384,-0.064110844,-0.121974709,0.638640286,0.083516627,0.764959841,-0.242933305,0.000000000,0.000000000,0.000000000,1.000000000
1790749328308692750,1790749328,308692750,1790749328323730280,RR_calflower1,0.976838980,-0.000000000,-0.213975716,-0.220321425,-0.017870530,0.996506384,-0.081582297,-0.118875035,0.213228167,0.083516627,0.973426280,-0.279918102,0.000000000,0.000000000,0.000000000,1.000000000
1790749328308692750,1790749328,308692750,1790749328323730280,RR_foot,0.734651720,-0.000000000,-0.678444434,-0.208874326,-0.056661391,0.996506384,-0.061355634,-0.116853365,0.676074209,0.083516627,0.732085129,-0.304040323,0.000000000,0.000000000,0.000000000,1.000000000
1790749328382618204,1790749328,382618204,1790749328390248457,FL_hip,1.000000000,-0.000000000,0.000000000,0.193400000,0.000000000,0.999520576,0.030961549,0.046500000,-0.000000000,-0.030961549,0.999520576,0.000000000,0.000000000,0.000000000,0.000000000,1.000000000
1790749328382618204,1790749328,382618204,1790749328390248457,FL_thigh,0.660191284,-0.000000000,0.751097509,0.193400000,-0.023255142,0.999520576,0.020440545,0.141954215,-0.750737415,-0.030961549,0.659874773,-0.002956828,0.000000000,0.000000000,0.000000000,1.000000000
1790749328382618204,1790749328,382618204,1790749328390248457,FL_calf,0.809446889,0.000000000,-0.587193098,0.033416230,0.018180408,0.999520576,0.025061730,0.137600379,0.586911584,-0.030961549,0.809058821,-0.143510155,0.000000000,0.000000000,0.000000000,1.000000000
1790749328382618204,1790749328,382618204,1790749328390248457,FL_calflower,0.837782714,0.000000000,-0.546003776,0.136509747,0.016905123,0.999520576,0.025939051,0.134254851,0.545742009,-0.030961549,0.837381061,-0.251512628,0.000000000,0.000000000,0.000000000,1.000000000
1790749328382618204,1790749328,382618204,1790749328390248457,FL_calflower1,0.995242188,0.000000000,-0.097431966,0.149972071,0.003016645,0.999520576,0.030814240,0.133048238,0.097385255,-0.030961549,0.994765045,-0.290465291,0.000000000,0.000000000,0.000000000,1.000000000
1790749328382618204,1790749328,382618204,1790749328390248457,FL_foot,0.809446889,0.000000000,-0.587193098,0.158488360,0.018180408,0.999520576,0.025061730,0.132262231,0.586911584,-0.030961549,0.809058821,-0.315839683,0.000000000,0.000000000,0.000000000,1.000000000
1790749328382618204,1790749328,382618204,1790749328390248457,FR_hip,1.000000000,-0.000000000,0.000000000,0.193400000,0.000000000,0.996772552,0.080277513,-0.046500000,-0.000000000,-0.080277513,0.996772552,0.000000000,0.000000000,0.000000000,0.000000000,1.000000000
1790749328382618204,1790749328,382618204,1790749328390248457,FR_thigh,0.708165627,0.000000000,0.706046347,0.193400000,-0.056679645,0.996772552,0.056849776,-0.141691779,-0.703767619,-0.080277513,0.705880060,0.007666503,0.000000000,0.000000000,0.000000000,1.000000000
1790749328382618204,1790749328,382618204,1790749328390248457,FR_calf,0.715888580,-0.000000000,-0.698214538,0.043012128,0.056050927,0.996772552,0.057469755,-0.153800781,0.695961087,-0.080277513,0.713578087,-0.142685950,0.000000000,0.000000000,0.000000000,1.000000000
1790749328382618204,1790749328,382618204,1790749328390248457,FR_calflower,0.749890089,0.000000000,-0.661562435,0.160665651,0.053108587,0.996772552,0.060199312,-0.161185286,0.659427276,-0.080277513,0.747469858,-0.234376285,0.000000000,0.000000000,0.000000000,1.000000000
1790749328382618204,1790749328,382618204,1790749328390248457,FR_calflower1,0.970644457,0.000000000,-0.240518894,0.179629248,0.019308259,0.996772552,0.077920923,-0.164124345,0.239742632,-0.080277513,0.967511753,-0.270869352,0.000000000,0.000000000,0.000000000,1.000000000
1790749328382618204,1790749328,382618204,1790749328390248457,FR_foot,0.715888580,-0.000000000,-0.698214538,0.191731825,0.056050927,0.996772552,0.057469755,-0.166041839,0.695961087,-0.080277513,0.713578087,-0.294678083,0.000000000,0.000000000,0.000000000,1.000000000
1790749328382618204,1790749328,382618204,1790749328390248457,RL_hip,1.000000000,-0.000000000,0.000000000,-0.193400000,0.000000000,0.987566838,0.157199684,0.046500000,-0.000000000,-0.157199684,0.987566838,0.000000000,0.000000000,0.000000000,0.000000000,1.000000000
1790749328382618204,1790749328,382618204,1790749328390248457,RL_thigh,0.697096335,0.000000000,0.716977475,-0.193400000,-0.112708633,0.987566838,0.109583324,0.140812633,-0.708063178,-0.157199684,0.688429223,-0.015012570,0.000000000,0.000000000,0.000000000,1.000000000
1790749328382618204,1790749328,382618204,1790749328390248457,RL_calf,0.661364273,-0.000000000,-0.750064863,-0.346116202,0.117909959,0.987566838,0.103966255,0.117471385,0.740739185,-0.157199684,0.653141424,-0.161647994,0.000000000,0.000000000,0.000000000,1.000000000
1790749328382618204,1790749328,382618204,1790749328390248457,RL_calflower,0.698025359,0.000000000,-0.716073040,-0.221879317,0.112566456,0.987566838,0.109729366,0.104442579,0.707169988,-0.157199684,0.689346696,-0.243498141,0.000000000,0.000000000,0.000000000,1.000000000
1790749328382618204,1790749328,382618204,1790749328390248457,RL_calflower1,0.949812567,0.000000000,-0.312819576,-0.200216649,0.049175139,0.987566838,0.149310235,0.098927739,0.308930240,-0.157199684,0.938003394,-0.278143709,0.000000000,0.000000000,0.000000000,1.000000000
1790749328382618204,1790749328,382618204,1790749328390248457,RL_foot,0.661364273,-0.000000000,-0.750064863,-0.186352386,0.117909959,0.987566838,0.103966255,0.095326573,0.740739185,-0.157199684,0.653141424,-0.300767118,0.000000000,0.000000000,0.000000000,1.000000000
1790749328382618204,1790749328,382618204,1790749328390248457,RR_hip,1.000000000,0.000000000,0.000000000,-0.193400000,0.000000000,0.994679236,-0.103020474,-0.046500000,0.000000000,0.103020474,0.994679236,0.000000000,0.000000000,0.000000000,0.000000000,1.000000000
1790749328382618204,1790749328,382618204,1790749328390248457,RR_thigh,0.653460526,-0.000000000,0.756960594,-0.193400000,0.077982439,0.994679236,-0.067319813,-0.141491867,-0.752932985,0.103020474,0.649983616,-0.009838455,0.000000000,0.000000000,0.000000000,1.000000000
1790749328382618204,1790749328,382618204,1790749328390248457,RR_calf,0.740745786,0.000000000,-0.671785443,-0.354632607,-0.069207655,0.994679236,-0.076311982,-0.127152747,0.668211031,0.103020474,0.736804452,-0.148284966,0.000000000,0.000000000,0.000000000,1.000000000
1790749328382618204,1790749328,382618204,1790749328390248457,RR_calflower,0.773395325,-0.000000000,-0.633924027,-0.240393445,-0.065307154,0.994679236,-0.079675553,-0.117242727,0.630551066,0.103020474,0.769280270,-0.243967804,0.000000000,0.000000000,0.000000000,1.000000000
1790749328382618204,1790749328,382618204,1790749328390248457,RR_calflower1,0.978730641,-0.000000000,-0.205149538,-0.222770438,-0.021134603,0.994679236,-0.100829295,-0.113402633,0.204057985,0.103020474,0.973523046,-0.281044525,0.000000000,0.000000000,0.000000000,1.000000000
1790749328382618204,1790749328,382618204,1790749328390248457,RR_foot,0.740745786,0.000000000,-0.671785443,-0.211542307,-0.069207655,0.994679236,-0.076311982,-0.110898295,0.668211031,0.103020474,0.736804452,-0.305224314,0.000000000,0.000000000,0.000000000,1.000000000
1790749328413965967,1790749328,413965967,1790749328423456581,FL_hip,1.000000000,-0.000000000,0.000000000,0.193400000,0.000000000,0.999962834,0.008621578,0.046500000,-0.000000000,-0.008621578,0.999962834,0.000000000,0.000000000,0.000000000,0.000000000,1.000000000
1790749328413965967,1790749328,413965967,1790749328423456581,FL_thigh,0.617225470,0.000000000,0.786786324,0.193400000,-0.006783340,0.999962834,0.005321458,0.141996451,-0.786757082,-0.008621578,0.617202529,-0.000823361,0.000000000,0.000000000,0.000000000,1.000000000
1790749328413965967,1790749328,413965967,1790749328423456581,FL_calf,0.769132175,-0.000000000,-0.639089741,0.025814513,0.005509962,0.999962834,0.006631133,0.140862980,0.639065988,-0.008621578,0.769103589,-0.132287500,0.000000000,0.000000000,0.000000000,1.000000000
1790749328413965967,1790749328,413965967,1790749328423456581,FL_calflower,0.800112134,0.000000000,-0.599850458,0.135782438,0.005171658,0.999962834,0.006898229,0.139991772,0.599828164,-0.008621578,0.800082397,-0.233333511,0.000000000,0.000000000,0.000000000,1.000000000
1790749328413965967,1790749328,413965967,1790749328423456581,FL_calflower1,0.986693851,0.000000000,-0.162589189,0.151775335,0.001401775,0.999962834,0.008506858,0.139664126,0.162583146,-0.008621578,0.986657179,-0.271335088,0.000000000,0.000000000,0.000000000,1.000000000
1790749328413965967,1790749328,413965967,1790749328423456581,FL_foot,0.769132175,-0.000000000,-0.639089741,0.161940628,0.005509962,0.999962834,0.006631133,0.139450549,0.639065988,-0.008621578,0.769103589,-0.296106564,0.000000000,0.000000000,0.000000000,1.000000000
1790749328413965967,1790749328,413965967,1790749328423456581,FR_hip,1.000000000,-0.000000000,0.000000000,0.193400000,0.000000000,0.998758033,0.049823599,-0.046500000,-0.000000000,-0.049823599,0.998758033,0.000000000,0.000000000,0.000000000,0.000000000,1.000000000
1790749328413965967,1790749328,413965967,1790749328423456581,FR_thigh,0.698632044,-0.000000000,0.715481144,0.193400000,-0.035647845,0.998758033,0.034808362,-0.141881392,-0.714592540,-0.049823599,0.697764366,0.004758154,0.000000000,0.000000000,0.000000000,1.000000000
1790749328413965967,1790749328,413965967,1790749328423456581,FR_calf,0.732392779,0.000000000,-0.680882381,0.041002516,0.033924010,0.998758033,0.036490444,-0.149295573,0.680036748,-0.049823599,0.731483172,-0.143865656,0.000000000,0.000000000,0.000000000,1.000000000
1790749328413965967,1790749328,413965967,1790749328423456581,FR_calflower,0.765507415,0.000000000,-0.643427073,0.156420964,0.032057852,0.998758033,0.038140334,-0.154017679,0.642627958,-0.049823599,0.764556680,-0.238524431,0.000000000,0.000000000,0.000000000,1.000000000
1790749328413965967,1790749328,413965967,1790749328423456581,FR_calflower1,0.976122413,0.000000000,-0.217221164,0.174502973,0.010822740,0.998758033,0.048633931,-0.155863871,0.216951383,-0.049823599,0.974910102,-0.275532978,0.000000000,0.000000000,0.000000000,1.000000000
1790749328413965967,1790749328,413965967,1790749328423456581,FR_foot,0.732392779,0.000000000,-0.680882381,0.186030464,0.033924010,0.998758033,0.036490444,-0.157068038,0.680036748,-0.049823599,0.731483172,-0.299671572,0.000000000,0.000000000,0.000000000,1.000000000
1790749328413965967,1790749328,413965967,1790749328423456581,RL_hip,1.000000000,-0.000000000,0.000000000,-0.193400000,0.000000000,0.987076641,0.160248887,0.046500000,-0.000000000,-0.160248887,0.987076641,0.000000000,0.000000000,0.000000000,0.000000000,1.000000000
1790749328413965967,1790749328,413965967,1790749328423456581,RL_thigh,0.732442817,-0.000000000,0.680828554,-0.193400000,-0.109102018,0.987076641,0.117373146,0.140765819,-0.672029962,-0.160248887,0.722977195,-0.015303769,0.000000000,0.000000000,0.000000000,1.000000000
1790749328413965967,1790749328,413965967,1790749328423456581,RL_calf,0.711084733,0.000000000,-0.703106324,-0.338416482,0.112672005,0.987076641,0.113950537,0.115765339,0.694019828,-0.160248887,0.701895130,-0.169297911,0.000000000,0.000000000,0.000000000,1.000000000
1790749328413965967,1790749328,413965967,1790749328423456581,RL_calflower,0.745336732,0.000000000,-0.666688200,-0.220135051,0.106836042,0.987076641,0.119439381,0.101154100,0.658072348,-0.160248887,0.735704478,-0.259297994,0.000000000,0.000000000,0.000000000,1.000000000
1790749328413965967,1790749328,413965967,1790749328423456581,RL_calflower1,0.968972624,0.000000000,-0.247168066,-0.200920891,0.039608407,0.987076641,0.155276784,0.095308164,0.243973825,-0.160248887,0.956450243,-0.295306896,0.000000000,0.000000000,0.000000000,1.000000000
1790749328413965967,1790749328,413965967,1790749328423456581,RL_foot,0.711084733,0.000000000,-0.703106324,-0.188654835,0.112672005,0.987076641,0.113950537,0.091493875,0.694019828,-0.160248887,0.701895130,-0.318801574,0.000000000,0.000000000,0.000000000,1.000000000
1790749328413965967,1790749328,413965967,1790749328423456581,RR_hip,1.000000000,0.000000000,0.000000000,-0.193400000,0.000000000,0.992056946,-0.125789569,-0.046500000,0.000000000,0.125789569,0.992056946,0.000000000,0.000000000,0.000000000,0.000000000,1.000000000
1790749328413965967,1790749328,413965967,1790749328423456581,RR_thigh,0.608377150,-0.000000000,0.793648060,-0.193400000,0.099832647,0.992056946,-0.076527499,-0.141241438,-0.787344071,0.125789569,0.603544777,-0.012012904,0.000000000,0.000000000,0.000000000,1.000000000
1790749328413965967,1790749328,413965967,1790749328423456581,RR_calf,0.695111616,-0.000000000,-0.718901830,-0.362447037,-0.090430351,0.992056946,-0.087437790,-0.124941081,0.713191554,0.125789569,0.689590307,-0.140567941,0.000000000,0.000000000,0.000000000,1.000000000
1790749328413965967,1790749328,413965967,1790749328423456581,RR_calflower,0.730173023,-0.000000000,-0.683262289,-0.242147334,-0.085947269,0.992056946,-0.091848150,-0.113808895,0.677835100,0.125789569,0.724373220,-0.228363476,0.000000000,0.000000000,0.000000000,1.000000000
1790749328413965967,1790749328,413965967,1790749328423456581,RR_calflower1,0.963176061,0.000000000,-0.268871485,-0.222118572,-0.033821228,0.992056946,-0.121157501,-0.109275496,0.266735824,0.125789569,0.955525502,-0.264116755,0.000000000,0.000000000,0.000000000,1.000000000
1790749328413965967,1790749328,413965967,1790749328423456581,RR_foot,0.695111616,-0.000000000,-0.718901830,-0.209320947,-0.090430351,0.992056946,-0.087437790,-0.106316832,0.713191554,0.125789569,0.689590307,-0.287450677,0.000000000,0.000000000,0.000000000,1.000000000
1790749328464715871,1790749328,464715871,1790749328490211537,FL_hip,1.000000000,-0.000000000,0.000000000,0.193400000,0.000000000,0.999562729,0.029569424,0.046500000,-0.000000000,-0.029569424,0.999562729,0.000000000,0.000000000,0.000000000,0.000000000,1.000000000
1790749328464715871,1790749328,464715871,1790749328490211537,FL_thigh,0.489927925,-0.000000000,0.871762943,0.193400000,-0.025777528,0.999562729,0.014486887,0.141958241,-0.871381746,-0.029569424,0.489713694,-0.002823880,0.000000000,0.000000000,0.000000000,1.000000000
1790749328464715871,1790749328,464715871,1790749328490211537,FL_calf,0.632160153,0.000000000,-0.774837751,0.007714493,0.022911506,0.999562729,0.018692612,0.138872534,0.774498937,-0.029569424,0.631883728,-0.107132897,0.000000000,0.000000000,0.000000000,1.000000000
1790749328464715871,1790749328,464715871,1790749328490211537,FL_calflower,0.670095865,0.000000000,-0.742274567,0.135033683,0.021948631,0.999562729,0.019814349,0.136564257,0.741949991,-0.029569424,0.669802851,-0.185161710,0.000000000,0.000000000,0.000000000,1.000000000
1790749328464715871,1790749328,464715871,1790749328490211537,FL_calflower1,0.937138567,0.000000000,-0.348957456,0.158023707,0.010318471,0.999562729,0.027710648,0.135552197,0.348804867,-0.029569424,0.936728784,-0.219373324,0.000000000,0.000000000,0.000000000,1.000000000
1790749328464715871,1790749328,464715871,1790749328490211537,FL_foot,0.632160153,0.000000000,-0.774837751,0.172754934,0.022911506,0.999562729,0.018692612,0.134891007,0.774498937,-0.029569424,0.631883728,-0.241724131,0.000000000,0.000000000,0.000000000,1.000000000
1790749328464715871,1790749328,464715871,1790749328490211537,FR_hip,1.000000000,-0.000000000,0.000000000,0.193400000,0.000000000,0.999246474,0.038813465,-0.046500000,-0.000000000,-0.038813465,0.999246474,0.000000000,0.000000000,0.000000000,0.000000000,1.000000000
1790749328464715871,1790749328,464715871,1790749328490211537,FR_thigh,0.686444991,-0.000000000,0.727181734,0.193400000,-0.028224443,0.999246474,0.026643309,-0.141928038,-0.726633783,-0.038813465,0.685927737,0.003706686,0.000000000,0.000000000,0.000000000,1.000000000
1790749328464715871,1790749328,464715871,1790749328490211537,FR_calf,0.749277512,-0.000000000,-0.662256152,0.038510291,0.025704456,0.999246474,0.029082057,-0.147603063,0.661757124,-0.038813465,0.748712911,-0.142395922,0.000000000,0.000000000,0.000000000,1.000000000
1790749328464715871,1790749328,464715871,1790749328490211537,FR_calflower,0.781440122,0.000000000,-0.623980236,0.151509751,0.024218835,0.999246474,0.030330399,-0.151393118,0.623510051,-0.038813465,0.780851287,-0.239970290,0.000000000,0.000000000,0.000000000,1.000000000
1790749328464715871,1790749328,464715871,1790749328490211537,FR_calflower1,0.981274500,-0.000000000,-0.192614526,0.168654560,0.007476037,0.999246474,0.038086664,-0.152848523,0.192469386,-0.038813465,0.980535084,-0.277439442,0.000000000,0.000000000,0.000000000,1.000000000
1790749328464715871,1790749328,464715871,1790749328490211537,FR_foot,0.749277512,-0.000000000,-0.662256152,0.179570851,0.025704456,0.999246474,0.029082057,-0.153797541,0.661757124,-0.038813465,0.748712911,-0.301871772,0.000000000,0.000000000,0.000000000,1.000000000
1790749328464715871,1790749328,464715871,1790749328490211537,RL_hip,1.000000000,-0.000000000,0.000000000,-0.193400000,0.000000000,0.989669081,0.143370535,0.046500000,-0.000000000,-0.143370535,0.989669081,0.000000000,0.000000000,0.000000000,0.000000000,1.000000000
1790749328464715871,1790749328,464715871,1790749328490211537,RL_thigh,0.726956671,0.000000000,0.686683332,-0.193400000,-0.098450157,0.989669081,0.104224167,0.141013397,-0.679589262,-0.143370535,0.719446541,-0.013691886,0.000000000,0.000000000,0.000000000,1.000000000
1790749328464715871,1790749328,464715871,1790749328490211537,RL_calf,0.727380399,0.000000000,-0.686234476,-0.339663550,0.098385804,0.989669081,0.104284917,0.118813650,0.679145043,-0.143370535,0.719865891,-0.166933999,0.000000000,0.000000000,0.000000000,1.000000000
1790749328464715871,1790749328,464715871,1790749328490211537,RL_calflower,0.760768792,-0.000000000,-0.649022993,-0.223553239,0.093050774,0.989669081,0.109071829,0.105347198,0.642317989,-0.143370535,0.752909351,-0.259891250,0.000000000,0.000000000,0.000000000,1.000000000
1790749328464715871,1790749328,464715871,1790749328490211537,RL_calflower1,0.974503358,0.000000000,-0.224372914,-0.205200008,0.032168465,0.989669081,0.139715068,0.100053817,0.222054936,-0.143370535,0.964435843,-0.296430804,0.000000000,0.000000000,0.000000000,1.000000000
1790749328464715871,1790749328,464715871,1790749328490211537,RL_foot,0.727380399,0.000000000,-0.686234476,-0.193495606,0.098385804,0.989669081,0.104284917,0.096600962,0.679145043,-0.143370535,0.719865891,-0.320265434,0.000000000,0.000000000,0.000000000,1.000000000
1790749328464715871,1790749328,464715871,1790749328490211537,RR_hip,1.000000000,0.000000000,0.000000000,-0.193400000,0.000000000,0.993257226,-0.115931375,-0.046500000,0.000000000,0.115931375,0.993257226,0.000000000,0.000000000,0.000000000,0.000000000,1.000000000
1790749328464715871,1790749328,464715871,1790749328490211537,RR_thigh,0.499641695,0.000000000,0.866232172,-0.193400000,0.100423487,0.993257226,-0.057924149,-0.141356065,-0.860391364,0.115931375,0.496272724,-0.011071446,0.000000000,0.000000000,0.000000000,1.000000000
1790749328464715871,1790749328,464715871,1790749328490211537,RR_calf,0.568901769,0.000000000,-0.822405482,-0.377907453,-0.095342598,0.993257226,-0.065953564,-0.129018221,0.816860188,0.115931375,0.565065793,-0.116777537,0.000000000,0.000000000,0.000000000,1.000000000
1790749328464715871,1790749328,464715871,1790749328490211537,RR_calflower,0.609293933,-0.000000000,-0.792944452,-0.244813406,-0.091927141,0.993257226,-0.070636283,-0.121163946,0.787597806,0.115931375,0.605185601,-0.184070070,0.000000000,0.000000000,0.000000000,1.000000000
1790749328464715871,1790749328,464715871,1790749328490211537,RR_calflower1,0.906605860,-0.000000000,-0.421978453,-0.219188567,-0.048920542,0.993257226,-0.105104064,-0.117419223,0.419133147,0.115931375,0.900492821,-0.216153472,0.000000000,0.000000000,0.000000000,1.000000000
1790749328464715871,1790749328,464715871,1790749328490211537,RR_foot,0.568901769,0.000000000,-0.822405482,-0.202735085,-0.095342598,0.993257226,-0.065953564,-0.114970112,0.816860188,0.115931375,0.565065793,-0.237136550,0.000000000,0.000000000,0.000000000,1.000000000
1790749328551973954,1790749328,551973954,1790749328557000092,FL_hip,1.000000000,-0.000000000,0.000000000,0.193400000,0.000000000,0.997125692,0.075765124,0.046500000,-0.000000000,-0.075765124,0.997125692,0.000000000,0.000000000,0.000000000,0.000000000,1.000000000
1790749328551973954,1790749328,551973954,1790749328557000092,FL_thigh,0.556085906,0.000000000,0.831124819,0.193400000,-0.062970275,0.997125692,0.042131918,0.141725504,-0.828735911,-0.075765124,0.554487544,-0.007235569,0.000000000,0.000000000,0.000000000,1.000000000
1790749328551973954,1790749328,551973954,1790749328557000092,FL_calf,0.536912340,-0.000000000,-0.843638038,0.016370413,0.063918341,0.997125692,0.040679230,0.132751405,0.841213163,-0.075765124,0.535369089,-0.125341416,0.000000000,0.000000000,0.000000000,1.000000000
1790749328551973954,1790749328,551973954,1790749328557000092,FL_calflower,0.578405668,-0.000000000,-0.815749277,0.151967090,0.061805345,0.997125692,0.043822977,0.128009246,0.813404563,-0.075765124,0.576743152,-0.187751778,0.000000000,0.000000000,0.000000000,1.000000000
1790749328551973954,1790749328,551973954,1790749328557000092,FL_calflower1,0.889738919,0.000000000,-0.456469775,0.178813004,0.034584489,0.997125692,0.067411180,0.125638273,0.455157740,-0.075765124,0.887181536,-0.218955550,0.000000000,0.000000000,0.000000000,1.000000000
1790749328551973954,1790749328,551973954,1790749328557000092,FL_foot,0.536912340,-0.000000000,-0.843638038,0.196065316,0.063918341,0.997125692,0.040679230,0.124086729,0.841213163,-0.075765124,0.535369089,-0.239375032,0.000000000,0.000000000,0.000000000,1.000000000
1790749328551973954,1790749328,551973954,1790749328557000092,FR_hip,1.000000000,-0.000000000,0.000000000,0.193400000,0.000000000,0.999555095,0.029826360,-0.046500000,-0.000000000,-0.029826360,0.999555095,0.000000000,0.000000000,0.000000000,0.000000000,1.000000000
1790749328551973954,1790749328,551973954,1790749328557000092,FR_thigh,0.681297913,-0.000000000,0.732006252,0.193400000,-0.021833082,0.999555095,0.020320636,-0.141957512,-0.731680579,-0.029826360,0.680994800,0.002848417,0.000000000,0.000000000,0.000000000,1.000000000
1790749328551973954,1790749328,551973954,1790749328557000092,FR_calf,0.753941175,0.000000000,-0.656941934,0.037482668,0.019594186,0.999555095,0.022487321,-0.146285807,0.656649657,-0.029826360,0.753605743,-0.142203475,0.000000000,0.000000000,0.000000000,1.000000000
1790749328551973954,1790749328,551973954,1790749328557000092,FR_calflower,0.785832357,0.000000000,-0.618439574,0.149788898,0.018445801,0.999555095,0.023438518,-0.149222047,0.618164427,-0.029826360,0.785482736,-0.240604132,0.000000000,0.000000000,0.000000000,1.000000000
1790749328551973954,1790749328,551973954,1790749328557000092,FR_calflower1,0.982611827,0.000000000,-0.185671744,0.166668157,0.005537912,0.999555095,0.029307734,-0.150344046,0.185589138,-0.029826360,0.982174659,-0.278205086,0.000000000,0.000000000,0.000000000,1.000000000
1790749328551973954,1790749328,551973954,1790749328557000092,FR_foot,0.753941175,0.000000000,-0.656941934,0.177411300,0.019594186,0.999555095,0.022487321,-0.151075606,0.656649657,-0.029826360,0.753605743,-0.302721498,0.000000000,0.000000000,0.000000000,1.000000000
1790749328551973954,1790749328,551973954,1790749328557000092,RL_hip,1.000000000,-0.000000000,0.000000000,-0.193400000,0.000000000,0.990301597,0.138934327,0.046500000,-0.000000000,-0.138934327,0.990301597,0.000000000,0.000000000,0.000000000,0.000000000,1.000000000
1790749328551973954,1790749328,551973954,1790749328557000092,RL_thigh,0.717364748,0.000000000,0.696697796,-0.193400000,-0.096795239,0.990301597,0.099666588,0.141073803,-0.689940940,-0.138934327,0.710407455,-0.013268228,0.000000000,0.000000000,0.000000000,1.000000000
1790749328551973954,1790749328,551973954,1790749328557000092,RL_calf,0.736473724,-0.000000000,-0.676466151,-0.341796630,0.093984369,0.990301597,0.102321481,0.119844819,0.669905509,-0.138934327,0.729331105,-0.164585016,0.000000000,0.000000000,0.000000000,1.000000000
1790749328551973954,1790749328,551973954,1790749328557000092,RL_calflower,0.769362540,0.000000000,-0.638812399,-0.226950166,0.088752971,0.990301597,0.106890867,0.106580927,0.632616939,-0.138934327,0.761900952,-0.259127910,0.000000000,0.000000000,0.000000000,1.000000000
1790749328551973954,1790749328,551973954,1790749328557000092,RL_calflower1,0.977410930,0.000000000,-0.211347755,-0.209091295,0.029363458,0.990301597,0.135795929,0.101417763,0.209298020,-0.138934327,0.967931605,-0.295930117,0.000000000,0.000000000,0.000000000,1.000000000
1790749328551973954,1790749328,551973954,1790749328557000092,RL_foot,0.736473724,-0.000000000,-0.676466151,-0.197709340,0.093984369,0.990301597,0.102321481,0.098050344,0.669905509,-0.138934327,0.729331105,-0.319932542,0.000000000,0.000000000,0.000000000,1.000000000
1790749328551973954,1790749328,551973954,1790749328557000092,RR_hip,1.000000000,0.000000000,0.000000000,-0.193400000,0.000000000,0.997641962,-0.068633203,-0.046500000,0.000000000,0.068633203,0.997641962,0.000000000,0.000000000,0.000000000,0.000000000,1.000000000
1790749328551973954,1790749328,551973954,1790749328557000092,RR_thigh,0.564616778,0.000000000,0.825353194,-0.193400000,0.056646633,0.997641962,-0.038751458,-0.141774807,-0.823406979,0.068633203,0.563285389,-0.006554471,0.000000000,0.000000000,0.000000000,1.000000000
1790749328551973954,1790749328,551973954,1790749328557000092,RR_calf,0.521727546,0.000000000,-0.853112166,-0.369200230,-0.058551821,0.997641962,-0.035807833,-0.133520747,0.851100495,0.068633203,0.520497292,-0.126534259,0.000000000,0.000000000,0.000000000,1.000000000
1790749328551973954,1790749328,551973954,1790749328557000092,RR_calflower,0.563713359,-0.000000000,-0.825970489,-0.232505079,-0.056689000,0.997641962,-0.038689453,-0.129392224,0.824022819,0.068633203,0.562384102,-0.186545848,0.000000000,0.000000000,0.000000000,1.000000000
1790749328551973954,1790749328,551973954,1790749328557000092,RR_calflower1,0.881426859,0.000000000,-0.472320540,-0.205103393,-0.032416871,0.997641962,-0.060495149,-0.127277756,0.471206790,0.068633203,0.879348421,-0.217281440,0.000000000,0.000000000,0.000000000,1.000000000
1790749328551973954,1790749328,551973954,1790749328557000092,RR_foot,0.521727546,0.000000000,-0.853112166,-0.187487339,-0.058551821,0.997641962,-0.035807833,-0.125893678,0.851100495,0.068633203,0.520497292,-0.237400182,0.000000000,0.000000000,0.000000000,1.000000000
1790749329052207398,1790749329,52207398,1790749329057025726,FL_hip,1.000000000,-0.000000000,0.000000000,0.193400000,0.000000000,0.993524226,0.113620477,0.046500000,-0.000000000,-0.113620477,0.993524226,0.000000000,0.000000000,0.000000000,0.000000000,1.000000000
1790749329052207398,1790749329,52207398,1790749329057025726,FL_thigh,0.753311854,0.000000000,0.657663478,0.193400000,-0.074724038,0.993524226,0.085591652,0.141381564,-0.653404598,-0.113620477,0.748433576,-0.010850756,0.000000000,0.000000000,0.000000000,1.000000000
1790749329052207398,1790749329,52207398,1790749329057025726,FL_calf,0.714488028,0.000000000,-0.699647667,0.053317679,0.079494301,0.993524226,0.081180470,0.123150542,0.695116907,-0.113620477,0.709861165,-0.170267107,0.000000000,0.000000000,0.000000000,1.000000000
1790749329052207398,1790749329,52207398,1790749329057025726,FL_calflower,0.748562913,0.000000000,-0.663063772,0.171155294,0.075337622,0.993524226,0.085052075,0.112725718,0.658769920,-0.113620477,0.743715389,-0.261424222,0.000000000,0.000000000,0.000000000,1.000000000
1790749329052207398,1790749329,52207398,1790749329057025726,FL_calflower1,0.970160545,-0.000000000,-0.242463434,0.190192216,0.027548811,0.993524226,0.110230104,0.108570259,0.240893296,-0.113620477,0.963878004,-0.297760536,0.000000000,0.000000000,0.000000000,1.000000000
1790749329052207398,1790749329,52207398,1790749329057025726,FL_foot,0.714488028,0.000000000,-0.699647667,0.202342632,0.079494301,0.993524226,0.081180470,0.105859102,0.695116907,-0.113620477,0.709861165,-0.321467535,0.000000000,0.000000000,0.000000000,1.000000000
1790749329052207398,1790749329,52207398,1790749329057025726,FR_hip,1.000000000,0.000000000,0.000000000,0.193400000,0.000000000,0.992632070,-0.121167546,-0.046500000,0.000000000,0.121167546,0.992632070,0.000000000,0.000000000,0.000000000,0.000000000,1.000000000
1790749329052207398,1790749329,52207398,1790749329057025726,FR_thigh,0.703683627,-0.000000000,0.710513444,0.193400000,0.086091171,0.992632070,-0.085263618,-0.141296363,-0.705278430,0.121167546,0.698498935,-0.011571501,0.000000000,0.000000000,0.000000000,1.000000000
1790749329052207398,1790749329,52207398,1790749329057025726,FR_calf,0.753312128,0.000000000,-0.657663164,0.042060637,-0.079687432,0.992632070,-0.091276982,-0.123135212,0.652817548,0.121167546,0.747761777,-0.160351774,0.000000000,0.000000000,0.000000000,1.000000000
1790749329052207398,1790749329,52207398,1790749329057025726,FR_calflower,0.785240143,0.000000000,-0.619191342,0.154461027,-0.075025896,0.992632070,-0.095145621,-0.111219967,0.614629183,0.121167546,0.779454548,-0.257964166,0.000000000,0.000000000,0.000000000,1.000000000
1790749329052207398,1790749329,52207398,1790749329057025726,FR_calflower1,0.982433687,0.000000000,-0.186612031,0.171376280,-0.022611322,0.992632070,-0.119039079,-0.106663883,0.185237086,0.121167546,0.975195184,-0.295288640,0.000000000,0.000000000,0.000000000,1.000000000
1790749329052207398,1790749329,52207398,1790749329057025726,FR_foot,0.753312128,0.000000000,-0.657663164,0.182142890,-0.079687432,0.992632070,-0.091276982,-0.103693215,0.652817548,0.121167546,0.747761777,-0.319625032,0.000000000,0.000000000,0.000000000,1.000000000
1790749329052207398,1790749329,52207398,1790749329057025726,RL_hip,1.000000000,-0.000000000,0.000000000,-0.193400000,0.000000000,0.999750646,0.022330395,0.046500000,-0.000000000,-0.022330395,0.999750646,0.000000000,0.000000000,0.000000000,0.000000000,1.000000000
1790749329052207398,1790749329,52207398,1790749329057025726,RL_thigh,0.743009991,-0.000000000,0.669280325,-0.193400000,-0.014945294,0.999750646,0.016591706,0.141976187,-0.669113437,-0.022330395,0.742824718,-0.002132553,0.000000000,0.000000000,0.000000000,1.000000000
1790749329052207398,1790749329,52207398,1790749329057025726,RL_calf,0.726297290,0.000000000,-0.687380715,-0.335956709,0.015349483,0.999750646,0.016218505,0.138442153,0.687209314,-0.022330395,0.726116184,-0.160354218,0.000000000,0.000000000,0.000000000,1.000000000
1790749329052207398,1790749329,52207398,1790749329057025726,RL_calflower,0.759744324,0.000000000,-0.650221933,-0.219698418,0.014519712,0.999750646,0.016965391,0.136348804,0.650059797,-0.022330395,0.759554879,-0.254075227,0.000000000,0.000000000,0.000000000,1.000000000
1790749329052207398,1790749329,52207398,1790749329057025726,RL_calflower1,0.974148306,0.000000000,-0.225909445,-0.201286983,0.005044647,0.999750646,0.021753116,0.135524991,0.225853114,-0.022330395,0.973905398,-0.290958020,0.000000000,0.000000000,0.000000000,1.000000000
1790749329052207398,1790749329,52207398,1790749329057025726,RL_foot,0.726297290,0.000000000,-0.687380715,-0.189544617,0.015349483,0.999750646,0.016218505,0.134987612,0.687209314,-0.022330395,0.726116184,-0.315016965,0.000000000,0.000000000,0.000000000,1.000000000
1790749329052207398,1790749329,52207398,1790749329057025726,RR_hip,1.000000000,0.000000000,0.000000000,-0.193400000,0.000000000,0.999983176,-0.005800740,-0.046500000,0.000000000,0.005800740,0.999983176,0.000000000,0.000000000,0.000000000,0.000000000,1.000000000
1790749329052207398,1790749329,52207398,1790749329057025726,RR_thigh,0.777051002,-0.000000000,0.629437638,-0.193400000,0.003651204,0.999983176,-0.004507471,-0.141998393,-0.629427048,0.005800740,0.777037928,-0.000553971,0.000000000,0.000000000,0.000000000,1.000000000
1790749329052207398,1790749329,52207398,1790749329057025726,RR_calf,0.716564476,0.000000000,-0.697520861,-0.327470217,-0.004046137,0.999983176,-0.004156604,-0.141038302,0.697509125,0.005800740,0.716552421,-0.166063049,0.000000000,0.000000000,0.000000000,1.000000000
1790749329052207398,1790749329,52207398,1790749329057025726,RR_calflower,0.750530471,-0.000000000,-0.660835844,-0.209905840,-0.003833337,0.999983176,-0.004353632,-0.140504047,0.660824726,0.005800740,0.750517843,-0.258162625,0.000000000,0.000000000,0.000000000,1.000000000
1790749329052207398,1790749329,52207398,1790749329057025726,RR_calflower1,0.970876948,0.000000000,-0.239578697,-0.190977711,-0.001389734,0.999983176,-0.005631805,-0.140291569,0.239574666,0.005800740,0.970860614,-0.294791586,0.000000000,0.000000000,0.000000000,1.000000000
1790749329052207398,1790749329,52207398,1790749329057025726,RR_foot,0.716564476,0.000000000,-0.697520861,-0.178898274,-0.004046137,0.999983176,-0.004156604,-0.140152945,0.697509125,0.005800740,0.716552421,-0.318688715,0.000000000,0.000000000,0.000000000,1.000000000
1790749329111883062,1790749329,111883062,1790749329123679165,FL_hip,1.000000000,-0.000000000,0.000000000,0.193400000,0.000000000,0.993695095,0.112116275,0.046500000,-0.000000000,-0.112116275,0.993695095,0.000000000,0.000000000,0.000000000,0.000000000,1.000000000
1790749329111883062,1790749329,111883062,1790749329123679165,FL_thigh,0.751936258,0.000000000,0.659235818,0.193400000,-0.073911064,0.993695095,0.084304292,0.141397882,-0.655079399,-0.112116275,0.747195371,-0.010707104,0.000000000,0.000000000,0.000000000,1.000000000
1790749329111883062,1790749329,111883062,1790749329123679165,FL_calf,0.715937145,0.000000000,-0.698164740,0.052982771,0.078275630,0.993695095,0.080268206,0.123441067,0.693762877,-0.112116275,0.711423229,-0.169859718,0.000000000,0.000000000,0.000000000,1.000000000
1790749329111883062,1790749329,111883062,1790749329123679165,FL_calflower,0.749936104,0.000000000,-0.661510272,0.170629895,0.074166067,0.993695095,0.084080042,0.113126886,0.657339512,-0.112116275,0.745207828,-0.261275099,0.000000000,0.000000000,0.000000000,1.000000000
1790749329111883062,1790749329,111883062,1790749329123679165,FL_calflower1,0.970661185,-0.000000000,-0.240451377,0.189590945,0.026958513,0.993695095,0.108826916,0.109022023,0.238935353,-0.112116275,0.964541258,-0.297656807,0.000000000,0.000000000,0.000000000,1.000000000
1790749329111883062,1790749329,111883062,1790749329123679165,FL_foot,0.715937145,0.000000000,-0.698164740,0.201691860,0.078275630,0.993695095,0.080268206,0.106343940,0.693762877,-0.112116275,0.711423229,-0.321392866,0.000000000,0.000000000,0.000000000,1.000000000
1790749329111883062,1790749329,111883062,1790749329123679165,FR_hip,1.000000000,0.000000000,0.000000000,0.193400000,0.000000000,0.992510509,-0.122159277,-0.046500000,0.000000000,0.122159277,0.992510509,0.000000000,0.000000000,0.000000000,0.000000000,1.000000000
1790749329111883062,1790749329,111883062,1790749329123679165,FR_thigh,0.702671811,0.000000000,0.711514108,0.193400000,0.086918049,0.992510509,-0.085837880,-0.141284754,-0.706185230,0.122159277,0.697409157,-0.011666211,0.000000000,0.000000000,0.000000000,1.000000000
1790749329111883062,1790749329,111883062,1790749329123679165,FR_calf,0.754102048,-0.000000000,-0.656757263,0.041847495,-0.080228992,0.992510509,-0.092120561,-0.123001285,0.651838485,0.122159277,0.748454207,-0.160214361,0.000000000,0.000000000,0.000000000,1.000000000
1790749329111883062,1790749329,111883062,1790749329123679165,FR_calflower,0.785983799,0.000000000,-0.618247093,0.154129611,-0.075524618,0.992510509,-0.096015212,-0.110972022,0.613616737,0.122159277,0.780097180,-0.257948814,0.000000000,0.000000000,0.000000000,1.000000000
1790749329111883062,1790749329,111883062,1790749329123679165,FR_calflower1,0.982657272,-0.000000000,-0.185431082,0.170999656,-0.022652127,0.992510509,-0.120040702,-0.106376167,0.184042298,0.122159277,0.975297669,-0.295288869,0.000000000,0.000000000,0.000000000,1.000000000
1790749329111883062,1790749329,111883062,1790749329123679165,FR_foot,0.754102048,-0.000000000,-0.656757263,0.181736792,-0.080228992,0.992510509,-0.092120561,-0.103379606,0.651838485,0.122159277,0.748454207,-0.319635107,0.000000000,0.000000000,0.000000000,1.000000000
1790749329111883062,1790749329,111883062,1790749329123679165,RL_hip,1.000000000,-0.000000000,0.000000000,-0.193400000,0.000000000,0.999756694,0.022057950,0.046500000,-0.000000000,-0.022057950,0.999756694,0.000000000,0.000000000,0.000000000,0.000000000,1.000000000
1790749329111883062,1790749329,111883062,1790749329123679165,RL_thigh,0.741995958,0.000000000,0.670404355,-0.193400000,-0.014787745,0.999756694,0.016366909,0.141976764,-0.670241241,-0.022057950,0.741815426,-0.002106534,0.000000000,0.000000000,0.000000000,1.000000000
1790749329111883062,1790749329,111883062,1790749329123679165,RL_calf,0.727326241,0.000000000,-0.686291876,-0.336196128,0.015138192,0.999756694,0.016043326,0.138490613,0.686124897,-0.022057950,0.727149278,-0.160113220,0.000000000,0.000000000,0.000000000,1.000000000
1790749329111883062,1790749329,111883062,1790749329123679165,RL_calflower,0.760717571,0.000000000,-0.649083028,-0.220078405,0.014317441,0.999756694,0.016779870,0.136418964,0.648925102,-0.022057950,0.760532483,-0.254008815,0.000000000,0.000000000,0.000000000,1.000000000
1790749329111883062,1790749329,111883062,1790749329123679165,RL_calflower1,0.974485649,0.000000000,-0.224449818,-0.201722260,0.004950903,0.999756694,0.021495155,0.135604595,0.224395208,-0.022057950,0.974248550,-0.290919365,0.000000000,0.000000000,0.000000000,1.000000000
1790749329111883062,1790749329,111883062,1790749329123679165,RL_foot,0.727326241,0.000000000,-0.686291876,-0.190015958,0.015138192,0.999756694,0.016043326,0.135073384,0.686124897,-0.022057950,0.727149278,-0.314996016,0.000000000,0.000000000,0.000000000,1.000000000
1790749329111883062,1790749329,111883062,1790749329123679165,RR_hip,1.000000000,0.000000000,0.000000000,-0.193400000,0.000000000,0.999981188,-0.006133786,-0.046500000,0.000000000,0.006133786,0.999981188,0.000000000,0.000000000,0.000000000,0.000000000,1.000000000
1790749329111883062,1790749329,111883062,1790749329123679165,RR_thigh,0.776345337,0.000000000,0.630307796,-0.193400000,0.003866173,0.999981188,-0.004761936,-0.141998203,-0.630295939,0.006133786,0.776330733,-0.000585777,0.000000000,0.000000000,0.000000000,1.000000000
1790749329111883062,1790749329,111883062,1790749329123679165,RR_calf,0.717334433,0.000000000,-0.696729009,-0.327655561,-0.004273587,0.999981188,-0.004399976,-0.140983911,0.696715902,0.006133786,0.717320938,-0.165944223,0.000000000,0.000000000,0.000000000,1.000000000
1790749329111883062,1790749329,111883062,1790749329123679165,RR_calflower,0.751259889,0.000000000,-0.660006500,-0.210192979,-0.004048339,0.999981188,-0.004608067,-0.140418186,0.659994084,0.006133786,0.751245756,-0.258173403,0.000000000,0.000000000,0.000000000,1.000000000
1790749329111883062,1790749329,111883062,1790749329123679165,RR_calflower1,0.971140964,0.000000000,-0.238506242,-0.191305317,-0.001462946,0.999981188,-0.005956771,-0.140193380,0.238501756,0.006133786,0.971122695,-0.294823175,0.000000000,0.000000000,0.000000000,1.000000000
1790749329111883062,1790749329,111883062,1790749329123679165,RR_foot,0.717334433,0.000000000,-0.696729009,-0.179252282,-0.004273587,0.999981188,-0.004399976,-0.140046716,0.696715902,0.006133786,0.717320938,-0.318733583,0.000000000,0.000000000,0.000000000,1.000000000
1790749329187756266,1790749329,187756266,1790749329190179279,FL_hip,1.000000000,-0.000000000,0.000000000,0.193400000,0.000000000,0.994505766,0.104681810,0.046500000,-0.000000000,-0.104681810,0.994505766,0.000000000,0.000000000,0.000000000,0.000000000,1.000000000
1790749329187756266,1790749329,187756266,1790749329190179279,FL_thigh,0.747186393,0.000000000,0.664614546,0.193400000,-0.069573054,0.994505766,0.078216824,0.141475301,-0.660962998,-0.104681810,0.743081176,-0.009997113,0.000000000,0.000000000,0.000000000,1.000000000
1790749329187756266,1790749329,187756266,1790749329190179279,FL_calf,0.721081875,0.000000000,-0.692849861,0.051837102,0.072528777,0.994505766,0.075484156,0.124815117,0.689043181,-0.104681810,0.717120083,-0.168273403,0.000000000,0.000000000,0.000000000,1.000000000
1790749329187756266,1790749329,187756266,1790749329190179279,FL_calflower,0.754808771,0.000000000,-0.655944906,0.168800519,0.068665500,0.994505766,0.079014748,0.115094038,0.652340991,-0.104681810,0.750661675,-0.260626312,0.000000000,0.000000000,0.000000000,1.000000000
1790749329187756266,1790749329,187756266,1790749329190179279,FL_calflower1,0.972413245,0.000000000,-0.233264829,0.187490227,0.024418585,0.994505766,0.101793979,0.111246793,0.231983217,-0.104681810,0.967070579,-0.297176189,0.000000000,0.000000000,0.000000000,1.000000000
1790749329187756266,1790749329,187756266,1790749329190179279,FL_foot,0.721081875,0.000000000,-0.692849861,0.199414122,0.072528777,0.994505766,0.075484156,0.108736992,0.689043181,-0.104681810,0.717120083,-0.321019981,0.000000000,0.000000000,0.000000000,1.000000000
1790749329187756266,1790749329,187756266,1790749329190179279,FR_hip,1.000000000,0.000000000,0.000000000,0.193400000,0.000000000,0.991462924,-0.130388918,-0.046500000,0.000000000,0.130388918,0.991462924,0.000000000,0.000000000,0.000000000,0.000000000,1.000000000
1790749329187756266,1790749329,187756266,1790749329190179279,FR_thigh,0.699043548,0.000000000,0.715079099,0.193400000,0.093238390,0.991462924,-0.091147532,-0.141184709,-0.708974415,0.130388918,0.693075760,-0.012452142,0.000000000,0.000000000,0.000000000,1.000000000
1790749329187756266,1790749329,187756266,1790749329190179279,FR_calf,0.757443291,0.000000000,-0.652900958,0.041088152,-0.085131049,0.991462924,-0.098762211,-0.121770285,0.647327093,0.130388918,0.750976941,-0.160077279,0.000000000,0.000000000,0.000000000,1.000000000
1790749329187756266,1790749329,187756266,1790749329190179279,FR_calflower,0.789128132,-0.000000000,-0.614228615,0.152866359,-0.080088604,0.991462924,-0.102893563,-0.108856099,0.608984899,0.130388918,0.782391285,-0.258275324,0.000000000,0.000000000,0.000000000,1.000000000
1790749329187756266,1790749329,187756266,1790749329190179279,FR_calflower1,0.983590630,-0.000000000,-0.180414725,0.169544223,-0.023524081,0.991462924,-0.128249318,-0.103939470,0.178874511,0.130388918,0.975193642,-0.295660824,0.000000000,0.000000000,0.000000000,1.000000000
1790749329187756266,1790749329,187756266,1790749329190179279,FR_foot,0.757443291,0.000000000,-0.652900958,0.180156056,-0.085131049,0.991462924,-0.098762211,-0.100733934,0.647327093,0.130388918,0.750976941,-0.320035367,0.000000000,0.000000000,0.000000000,1.000000000
1790749329187756266,1790749329,187756266,1790749329190179279,RL_hip,1.000000000,-0.000000000,0.000000000,-0.193400000,0.000000000,0.999868520,0.016215508,0.046500000,-0.000000000,-0.016215508,0.999868520,0.000000000,0.000000000,0.000000000,0.000000000,1.000000000
1790749329187756266,1790749329,187756266,1790749329190179279,RL_thigh,0.738433344,-0.000000000,0.674326476,-0.193400000,-0.010934546,0.999868520,0.011974072,0.141987444,-0.674237815,-0.016215508,0.738336255,-0.001548581,0.000000000,0.000000000,0.000000000,1.000000000
1790749329187756266,1790749329,187756266,1790749329190179279,RL_calf,0.731200323,0.000000000,-0.682162802,-0.337031539,0.011061616,0.999868520,0.011856785,0.139436966,0.682073111,-0.016215508,0.731104184,-0.158814203,0.000000000,0.000000000,0.000000000,1.000000000
1790749329187756266,1790749329,187756266,1790749329190179279,RL_calflower,0.764380443,0.000000000,-0.644765491,-0.221447438,0.010455200,0.999868520,0.012394817,0.137903395,0.644680718,-0.016215508,0.764279942,-0.253376160,0.000000000,0.000000000,0.000000000,1.000000000
1790749329187756266,1790749329,187756266,1790749329190179279,RL_calflower1,0.975740849,0.000000000,-0.218928747,-0.203300623,0.003550041,0.999868520,0.015822133,0.137303050,0.218899962,-0.016215508,0.975612558,-0.290394165,0.000000000,0.000000000,0.000000000,1.000000000
1790749329187756266,1790749329,187756266,1790749329190179279,RL_foot,0.731200323,0.000000000,-0.682162802,-0.191730863,0.011061616,0.999868520,0.011856785,0.136911471,0.682073111,-0.016215508,0.731104184,-0.314539395,0.000000000,0.000000000,0.000000000,1.000000000
1790749329187756266,1790749329,187756266,1790749329190179279,RR_hip,1.000000000,0.000000000,0.000000000,-0.193400000,0.000000000,0.999928995,-0.011916551,-0.046500000,0.000000000,0.011916551,0.999928995,0.000000000,0.000000000,0.000000000,0.000000000,1.000000000
1790749329187756266,1790749329,187756266,1790749329190179279,RR_thigh,0.773013981,0.000000000,0.634388985,-0.193400000,0.007559729,0.999928995,-0.009211660,-0.141993219,-0.634343941,0.011916551,0.772959094,-0.001138031,0.000000000,0.000000000,0.000000000,1.000000000
1790749329187756266,1790749329,187756266,1790749329190179279,RR_calf,0.720929306,0.000000000,-0.693008611,-0.328524854,-0.008258272,0.999928995,-0.008590991,-0.140031135,0.692959405,0.011916551,0.720878117,-0.165778318,0.000000000,0.000000000,0.000000000,1.000000000
1790749329187756266,1790749329,187756266,1790749329190179279,RR_calflower,0.754664327,-0.000000000,-0.656111083,-0.211540993,-0.007818581,0.999928995,-0.008992996,-0.138924834,0.656064496,0.011916551,0.754610742,-0.258609091,0.000000000,0.000000000,0.000000000,1.000000000
1790749329187756266,1790749329,187756266,1790749329190179279,RR_calflower1,0.972361862,-0.000000000,-0.233478929,-0.192843193,-0.002782264,0.999928995,-0.011587200,-0.138486929,0.233462351,0.011916551,0.972292819,-0.295354165,0.000000000,0.000000000,0.000000000,1.000000000
1790749329187756266,1790749329,187756266,1790749329190179279,RR_foot,0.720929306,0.000000000,-0.693008611,-0.180914020,-0.008258272,0.999928995,-0.008590991,-0.138201254,0.692959405,0.011916551,0.720878117,-0.319325357,0.000000000,0.000000000,0.000000000,1.000000000
1790749329314322945,1790749329,314322945,1790749329323705824,FL_hip,1.000000000,-0.000000000,0.000000000,0.193400000,0.000000000,0.994728503,0.102543680,0.046500000,-0.000000000,-0.102543680,0.994728503,0.000000000,0.000000000,0.000000000,0.000000000,1.000000000
1790749329314322945,1790749329,314322945,1790749329323705824,FL_thigh,0.742418379,0.000000000,0.669936527,0.193400000,-0.068697757,0.994728503,0.076130312,0.141496572,-0.666404959,-0.102543680,0.738504722,-0.009792921,0.000000000,0.000000000,0.000000000,1.000000000
1790749329314322945,1790749329,314322945,1790749329323705824,FL_calf,0.726024980,-0.000000000,-0.687668328,0.050703520,0.070516041,0.994728503,0.074449273,0.125280815,0.684043286,-0.102543680,0.722197741,-0.167094427,0.000000000,0.000000000,0.000000000,1.000000000
1790749329314322945,1790749329,314322945,1790749329323705824,FL_calflower,0.759486729,0.000000000,-0.650522796,0.166998932,0.066707001,0.994728503,0.077880564,0.115672644,0.647093567,-0.102543680,0.755483097,-0.260298827,0.000000000,0.000000000,0.000000000,1.000000000
1790749329314322945,1790749329,314322945,1790749329323705824,FL_calflower1,0.974058753,0.000000000,-0.226295261,0.185424976,0.023205149,0.994728503,0.099883569,0.111890351,0.225102347,-0.102543680,0.968924005,-0.296989087,0.000000000,0.000000000,0.000000000,1.000000000
1790749329314322945,1790749329,314322945,1790749329323705824,FL_foot,0.726024980,-0.000000000,-0.687668328,0.197176873,0.070516041,0.994728503,0.074449273,0.109423120,0.684043286,-0.102543680,0.722197741,-0.320922546,0.000000000,0.000000000,0.000000000,1.000000000
1790749329314322945,1790749329,314322945,1790749329323705824,FR_hip,1.000000000,0.000000000,0.000000000,0.193400000,0.000000000,0.991128096,-0.132910111,-0.046500000,0.000000000,0.132910111,0.991128096,0.000000000,0.000000000,0.000000000,0.000000000,1.000000000
1790749329314322945,1790749329,314322945,1790749329323705824,FR_thigh,0.697374531,0.000000000,0.716706888,0.193400000,0.095257592,0.991128096,-0.092688126,-0.141152733,-0.710348333,0.132910111,0.691187491,-0.012692916,0.000000000,0.000000000,0.000000000,1.000000000
1790749329314322945,1790749329,314322945,1790749329323705824,FR_calf,0.758983958,0.000000000,-0.651109323,0.040741433,-0.086539012,0.991128096,-0.100876642,-0.121410162,0.645332744,0.132910111,0.752250325,-0.159915851,0.000000000,0.000000000,0.000000000,1.000000000
1790749329314322945,1790749329,314322945,1790749329323705824,FR_calflower,0.790577329,-0.000000000,-0.612362219,0.152285292,-0.081389130,0.991128096,-0.105075720,-0.108211200,0.606929400,0.132910111,0.783563403,-0.258342244,0.000000000,0.000000000,0.000000000,1.000000000
1790749329314322945,1790749329,314322945,1790749329323705824,FR_calflower1,0.984014197,0.000000000,-0.178090032,0.168874007,-0.023669966,0.991128096,-0.130785436,-0.103194279,0.176510034,0.132910111,0.975284118,-0.295754075,0.000000000,0.000000000,0.000000000,1.000000000
1790749329314322945,1790749329,314322945,1790749329323705824,FR_foot,0.758983958,0.000000000,-0.651109323,0.179427719,-0.086539012,0.991128096,-0.100876642,-0.099923438,0.645332744,0.132910111,0.752250325,-0.320145171,0.000000000,0.000000000,0.000000000,1.000000000
1790749329314322945,1790749329,314322945,1790749329323705824,RL_hip,1.000000000,-0.000000000,0.000000000,-0.193400000,0.000000000,0.999876734,0.015700828,0.046500000,-0.000000000,-0.015700828,0.999876734,0.000000000,0.000000000,0.000000000,0.000000000,1.000000000
1790749329314322945,1790749329,314322945,1790749329323705824,RL_thigh,0.733925268,0.000000000,0.679230227,-0.193400000,-0.010664477,0.999876734,0.011523234,0.141988228,-0.679146501,-0.015700828,0.733834800,-0.001499429,0.000000000,0.000000000,0.000000000,1.000000000
1790749329314322945,1790749329,314322945,1790749329323705824,RL_calf,0.735877744,0.000000000,-0.677114426,-0.338076038,0.010631257,0.999876734,0.011553890,0.139533779,0.677030962,-0.015700828,0.735787035,-0.157806242,0.000000000,0.000000000,0.000000000,1.000000000
1790749329314322945,1790749329,314322945,1790749329323705824,RL_calflower,0.768799705,0.000000000,-0.639489651,-0.223145548,0.010040517,0.999876734,0.012070792,0.138036429,0.639410824,-0.015700828,0.768704938,-0.253162103,0.000000000,0.000000000,0.000000000,1.000000000
1790749329314322945,1790749329,314322945,1790749329323705824,RL_calflower1,0.977224439,0.000000000,-0.212208380,-0.205253959,0.003331847,0.999876734,0.015343232,0.137453192,0.212182222,-0.015700828,0.977103980,-0.290304409,0.000000000,0.000000000,0.000000000,1.000000000
1790749329314322945,1790749329,314322945,1790749329323705824,RL_foot,0.735877744,0.000000000,-0.677114426,-0.193850665,0.010631257,0.999876734,0.011553890,0.137072801,0.677030962,-0.015700828,0.735787035,-0.314528880,0.000000000,0.000000000,0.000000000,1.000000000
1790749329314322945,1790749329,314322945,1790749329323705824,RR_hip,1.000000000,0.000000000,0.000000000,-0.193400000,0.000000000,0.999924227,-0.012310131,-0.046500000,0.000000000,0.012310131,0.999924227,0.000000000,0.000000000,0.000000000,0.000000000,1.000000000
1790749329314322945,1790749329,314322945,1790749329323705824,RR_thigh,0.769564428,0.000000000,0.638569176,-0.193400000,0.007860870,0.999924227,-0.009473439,-0.141992764,-0.638520790,0.012310131,0.769506116,-0.001175617,0.000000000,0.000000000,0.000000000,1.000000000
1790749329314322945,1790749329,314322945,1790749329323705824,RR_calf,0.724620155,-0.000000000,-0.689148482,-0.329415234,-0.008483508,0.999924227,-0.008920169,-0.139974921,0.689096264,0.012310131,0.724565249,-0.165080420,0.000000000,0.000000000,0.000000000,1.000000000
1790749329314322945,1790749329,314322945,1790749329323705824,RR_calflower,0.758157637,-0.000000000,-0.652071313,-0.212928856,-0.008027083,0.999924227,-0.009333020,-0.138824406,0.652021904,0.012310131,0.758100190,-0.258534152,0.000000000,0.000000000,0.000000000,1.000000000
1790749329314322945,1790749329,314322945,1790749329323705824,RR_calflower1,0.973594928,-0.000000000,-0.228282535,-0.194427580,-0.002810188,0.999924227,-0.011985081,-0.138370815,0.228265238,0.012310131,0.973521156,-0.295378378,0.000000000,0.000000000,0.000000000,1.000000000
1790749329314322945,1790749329,314322945,1790749329323705824,RR_foot,0.724620155,-0.000000000,-0.689148482,-0.182626608,-0.008483508,0.999924227,-0.008920169,-0.138074925,0.689096264,0.012310131,0.724565249,-0.319412818,0.000000000,0.000000000,0.000000000,1.000000000
1790749329376045093,1790749329,376045093,1790749329390192666,FL_hip,1.000000000,-0.000000000,0.000000000,0.193400000,0.000000000,0.994700523,0.102814737,0.046500000,-0.000000000,-0.102814737,0.994700523,0.000000000,0.000000000,0.000000000,0.000000000,1.000000000
1790749329376045093,1790749329,376045093,1790749329390192666,FL_thigh,0.742661711,0.000000000,0.669666770,0.193400000,-0.068851613,0.994700523,0.076356568,0.141493900,-0.666117886,-0.102814737,0.738725993,-0.009818807,0.000000000,0.000000000,0.000000000,1.000000000
1790749329376045093,1790749329,376045093,1790749329390192666,FL_calf,0.725753376,-0.000000000,-0.687954967,0.050760978,0.070731909,0.994700523,0.074618142,0.125229951,0.684309166,-0.102814737,0.721907263,-0.167167444,0.000000000,0.000000000,0.000000000,1.000000000
1790749329376045093,1790749329,376045093,1790749329390192666,FL_calflower,0.759229791,-0.000000000,-0.650822652,0.167093381,0.066914160,0.994700523,0.078060011,0.115601104,0.647373632,-0.102814737,0.755206270,-0.260323535,0.000000000,0.000000000,0.000000000,1.000000000
1790749329376045093,1790749329,376045093,1790749329390192666,FL_calflower1,0.973969318,0.000000000,-0.226679881,0.185533989,0.023306032,0.994700523,0.100138399,0.111809562,0.225478596,-0.102814737,0.968807789,-0.297005522,0.000000000,0.000000000,0.000000000,1.000000000
1790749329376045093,1790749329,376045093,1790749329390192666,FL_foot,0.725753376,-0.000000000,-0.687954967,0.197295386,0.070731909,0.994700523,0.074618142,0.109336287,0.684309166,-0.102814737,0.721907263,-0.320933691,0.000000000,0.000000000,0.000000000,1.000000000
1790749329376045093,1790749329,376045093,1790749329390192666,FR_hip,1.000000000,0.000000000,0.000000000,0.193400000,0.000000000,0.991184349,-0.132489951,-0.046500000,0.000000000,0.132489951,0.991184349,0.000000000,0.000000000,0.000000000,0.000000000,1.000000000
1790749329376045093,1790749329,376045093,1790749329390192666,FR_thigh,0.697287721,0.000000000,0.716791346,0.193400000,0.094967651,0.991184349,-0.092383616,-0.141158105,-0.710472364,0.132489951,0.691140675,-0.012652790,0.000000000,0.000000000,0.000000000,1.000000000
1790749329376045093,1790749329,376045093,1790749329390192666,FR_calf,0.759073057,0.000000000,-0.651005449,0.040723443,-0.086251680,0.991184349,-0.100569552,-0.121480395,0.645266411,0.132489951,0.752381333,-0.159865754,0.000000000,0.000000000,0.000000000,1.000000000
1790749329376045093,1790749329,376045093,1790749329390192666,FR_calflower,0.790661125,-0.000000000,-0.612254021,0.152253711,-0.081117505,0.991184349,-0.104754654,-0.108321135,0.606856602,0.132489951,0.783690932,-0.258312863,0.000000000,0.000000000,0.000000000,1.000000000
1790749329376045093,1790749329,376045093,1790749329390192666,FR_calflower1,0.984038560,0.000000000,-0.177955365,0.168837260,-0.023577298,0.991184349,-0.130375221,-0.103319774,0.176386573,0.132489951,0.975363619,-0.295729067,0.000000000,0.000000000,0.000000000,1.000000000
1790749329376045093,1790749329,376045093,1790749329390192666,FR_foot,0.759073057,0.000000000,-0.651005449,0.179387604,-0.086251680,0.991184349,-0.100569552,-0.100059080,0.645266411,0.132489951,0.752381333,-0.320122978,0.000000000,0.000000000,0.000000000,1.000000000
1790749329376045093,1790749329,376045093,1790749329390192666,RL_hip,1.000000000,-0.000000000,0.000000000,-0.193400000,0.000000000,0.999876734,0.015700828,0.046500000,-0.000000000,-0.015700828,0.999876734,0.000000000,0.000000000,0.000000000,0.000000000,1.000000000
1790749329376045093,1790749329,376045093,1790749329390192666,RL_thigh,0.734007529,0.000000000,0.679141331,-0.193400000,-0.010663081,0.999876734,0.011524526,0.141988228,-0.679057616,-0.015700828,0.733917051,-0.001499429,0.000000000,0.000000000,0.000000000,1.000000000
1790749329376045093,1790749329,376045093,1790749329390192666,RL_calf,0.735806384,0.000000000,-0.677191970,-0.338057104,0.010632474,0.999876734,0.011552769,0.139533504,0.677108496,-0.015700828,0.735715685,-0.157823761,0.000000000,0.000000000,0.000000000,1.000000000
1790749329376045093,1790749329,376045093,1790749329390192666,RL_calflower,0.768732310,0.000000000,-0.639570665,-0.223116564,0.010041789,0.999876734,0.012069733,0.138036344,0.639491828,-0.015700828,0.768637552,-0.253167512,0.000000000,0.000000000,0.000000000,1.000000000
1790749329376045093,1790749329,376045093,1790749329390192666,RL_calflower1,0.977202070,-0.000000000,-0.212311360,-0.205221061,0.003333464,0.999876734,0.015342881,0.137453137,0.212285189,-0.015700828,0.977081615,-0.290307933,0.000000000,0.000000000,0.000000000,1.000000000
1790749329376045093,1790749329,376045093,1790749329390192666,RL_foot,0.735806384,0.000000000,-0.677191970,-0.193815214,0.010632474,0.999876734,0.011552769,0.137072764,0.677108496,-0.015700828,0.735715685,-0.314531202,0.000000000,0.000000000,0.000000000,1.000000000
1790749329376045093,1790749329,376045093,1790749329390192666,RR_hip,1.000000000,0.000000000,0.000000000,-0.193400000,0.000000000,0.999924600,-0.012279855,-0.046500000,0.000000000,0.012279855,0.999924600,0.000000000,0.000000000,0.000000000,0.000000000,1.000000000
1790749329376045093,1790749329,376045093,1790749329390192666,RR_thigh,0.769680427,0.000000000,0.638429354,-0.193400000,0.007839820,0.999924600,-0.009451564,-0.141992799,-0.638381217,0.012279855,0.769622393,-0.001172726,0.000000000,0.000000000,0.000000000,1.000000000
1790749329376045093,1790749329,376045093,1790749329390192666,RR_calf,0.724505870,-0.000000000,-0.689268630,-0.329385452,-0.008464119,0.999924600,-0.008896827,-0.139979616,0.689216659,0.012279855,0.724451242,-0.165102296,0.000000000,0.000000000,0.000000000,1.000000000
1790749329376045093,1790749329,376045093,1790749329390192666,RR_calflower,0.758049500,-0.000000000,-0.652197022,-0.212883578,-0.008008885,0.999924600,-0.009308738,-0.138832168,0.652147846,0.012279855,0.757992343,-0.258536746,0.000000000,0.000000000,0.000000000,1.000000000
1790749329376045093,1790749329,376045093,1790749329390192666,RR_calflower1,0.973557061,-0.000000000,-0.228443974,-0.194376192,-0.002805259,0.999924600,-0.011955139,-0.138379730,0.228426749,0.012279855,0.973483654,-0.295377919,0.000000000,0.000000000,0.000000000,1.000000000
1790749329376045093,1790749329,376045093,1790749329390192666,RR_foot,0.724505870,-0.000000000,-0.689268630,-0.182571234,-0.008464119,0.999924600,-0.008896827,-0.138084592,0.689216659,0.012279855,0.724451242,-0.319410410,0.000000000,0.000000000,0.000000000,1.000000000
1790749329445617328,1790749329,445617328,1790749329457135730,FL_hip,1.000000000,-0.000000000,0.000000000,0.193400000,0.000000000,0.994666225,0.103146015,0.046500000,-0.000000000,-0.103146015,0.994666225,0.000000000,0.000000000,0.000000000,0.000000000,1.000000000
1790749329445617328,1790749329,445617328,1790749329457135730,FL_thigh,0.743796112,-0.000000000,0.668406570,0.193400000,-0.068943474,0.994666225,0.076719605,0.141490625,-0.664841440,-0.103146015,0.739828872,-0.009850444,0.000000000,0.000000000,0.000000000,1.000000000
1790749329445617328,1790749329,445617328,1790749329457135730,FL_calf,0.724607627,0.000000000,-0.689161656,0.051029401,0.071084278,0.994666225,0.074740389,0.125149349,0.685485823,-0.103146015,0.720742733,-0.167433994,0.000000000,0.000000000,0.000000000,1.000000000
1790749329445617328,1790749329,445617328,1790749329457135730,FL_calflower,0.758145783,0.000000000,-0.652085096,0.167517478,0.067259979,0.994666225,0.078199716,0.115509457,0.648607021,-0.103146015,0.754102004,-0.260394202,0.000000000,0.000000000,0.000000000,1.000000000
1790749329445617328,1790749329,445617328,1790749329457135730,FL_calflower1,0.973590778,-0.000000000,-0.228300235,0.186019424,0.023548259,0.994666225,0.100422009,0.111708868,0.227082533,-0.103146015,0.968397864,-0.297044352,0.000000000,0.000000000,0.000000000,1.000000000
1790749329445617328,1790749329,445617328,1790749329457135730,FL_foot,0.724607627,0.000000000,-0.689161656,0.197820833,0.071084278,0.994666225,0.074740389,0.109229646,0.685485823,-0.103146015,0.720742733,-0.320952196,0.000000000,0.000000000,0.000000000,1.000000000
1790749329445617328,1790749329,445617328,1790749329457135730,FR_hip,1.000000000,0.000000000,0.000000000,0.193400000,0.000000000,0.991204396,-0.132339889,-0.046500000,0.000000000,0.132339889,0.991204396,0.000000000,0.000000000,0.000000000,0.000000000,1.000000000
1790749329445617328,1790749329,445617328,1790749329457135730,FR_thigh,0.697200900,0.000000000,0.716875794,0.193400000,0.094871263,0.991204396,-0.092267490,-0.141160020,-0.710570438,0.132339889,0.691068597,-0.012638459,0.000000000,0.000000000,0.000000000,1.000000000
1790749329445617328,1790749329,445617328,1790749329457135730,FR_calf,0.759172461,0.000000000,-0.650889525,0.040705456,-0.086138647,0.991204396,-0.100468799,-0.121507044,0.645164558,0.132339889,0.752495081,-0.159836071,0.000000000,0.000000000,0.000000000,1.000000000
1790749329445617328,1790749329,445617328,1790749329457135730,FR_calflower,0.790754611,-0.000000000,-0.612133274,0.152220555,-0.081009649,0.991204396,-0.104648377,-0.108360435,0.606749192,0.132339889,0.783799446,-0.258302051,0.000000000,0.000000000,0.000000000,1.000000000
1790749329445617328,1790749329,445617328,1790749329457135730,FR_calflower1,0.984065724,0.000000000,-0.177805094,0.168798340,-0.023530706,0.991204396,-0.130231148,-0.103364404,0.176241190,0.132339889,0.975410271,-0.295721521,0.000000000,0.000000000,0.000000000,1.000000000
1790749329445617328,1790749329,445617328,1790749329457135730,FR_foot,0.759172461,0.000000000,-0.650889525,0.179344925,-0.086138647,0.991204396,-0.100468799,-0.100107190,0.645164558,0.132339889,0.752495081,-0.320117523,0.000000000,0.000000000,0.000000000,1.000000000
1790749329445617328,1790749329,445617328,1790749329457135730,RL_hip,1.000000000,-0.000000000,0.000000000,-0.193400000,0.000000000,0.999876259,0.015731103,0.046500000,-0.000000000,-0.015731103,0.999876259,0.000000000,0.000000000,0.000000000,0.000000000,1.000000000
1790749329445617328,1790749329,445617328,1790749329457135730,RL_thigh,0.734747350,0.000000000,0.678340867,-0.193400000,-0.010671050,0.999876259,0.011558386,0.141988183,-0.678256928,-0.015731103,0.734656431,-0.001502320,0.000000000,0.000000000,0.000000000,1.000000000
1790749329445617328,1790749329,445617328,1790749329457135730,RL_calf,0.735078564,-0.000000000,-0.677981935,-0.337886605,0.010665404,0.999876259,0.011563597,0.139526246,0.677898041,-0.015731103,0.734987605,-0.157984140,0.000000000,0.000000000,0.000000000,1.000000000
1790749329445617328,1790749329,445617328,1790749329457135730,RL_calflower,0.768044881,-0.000000000,-0.640396018,-0.222843707,0.010074136,0.999876259,0.012082193,0.138028142,0.640316775,-0.015731103,0.767949842,-0.253204345,0.000000000,0.000000000,0.000000000,1.000000000
1790749329445617328,1790749329,445617328,1790749329457135730,RL_calflower1,0.976973456,0.000000000,-0.213360885,-0.204908315,0.003356402,0.999876259,0.015368870,0.137444113,0.213334483,-0.015731103,0.976852563,-0.290325506,0.000000000,0.000000000,0.000000000,1.000000000
1790749329445617328,1790749329,445617328,1790749329457135730,RL_foot,0.735078564,-0.000000000,-0.677981935,-0.193476452,0.010665404,0.999876259,0.011563597,0.137063200,0.677898041,-0.015731103,0.734987605,-0.314536500,0.000000000,0.000000000,0.000000000,1.000000000
1790749329445617328,1790749329,445617328,1790749329457135730,RR_hip,1.000000000,0.000000000,0.000000000,-0.193400000,0.000000000,0.999925342,-0.012219305,-0.046500000,0.000000000,0.012219305,0.999925342,0.000000000,0.000000000,0.000000000,0.000000000,1.000000000
1790749329445617328,1790749329,445617328,1790749329457135730,RR_thigh,0.770356507,-0.000000000,0.637613403,-0.193400000,0.007791192,0.999925342,-0.009413221,-0.141992870,-0.637565800,0.012219305,0.770298993,-0.001166944,0.000000000,0.000000000,0.000000000,1.000000000
1790749329445617328,1790749329,445617328,1790749329457135730,RR_calf,0.723785937,0.000000000,-0.690024577,-0.329211655,-0.008431621,0.999925342,-0.008844161,-0.139987854,0.689973061,0.012219305,0.723731901,-0.165240629,0.000000000,0.000000000,0.000000000,1.000000000
1790749329445617328,1790749329,445617328,1790749329457135730,RR_calflower,0.757368249,-0.000000000,-0.652988006,-0.212612299,-0.007979059,0.999925342,-0.009254513,-0.138847551,0.652939255,0.012219305,0.757311705,-0.258553489,0.000000000,0.000000000,0.000000000,1.000000000
1790749329445617328,1790749329,445617328,1790749329457135730,RR_calflower1,0.973318054,-0.000000000,-0.229460161,-0.194066461,-0.002803844,0.999925342,-0.011893270,-0.138397580,0.229443029,0.012219305,0.973245388,-0.295375350,0.000000000,0.000000000,0.000000000,1.000000000
1790749329445617328,1790749329,445617328,1790749329457135730,RR_foot,0.723785937,0.000000000,-0.690024577,-0.182236420,-0.008431621,0.999925342,-0.008844161,-0.138104048,0.689973061,0.012219305,0.723731901,-0.319395524,0.000000000,0.000000000,0.000000000,1.000000000
1790749329513788776,1790749329,513788776,1790749329523750902,FL_hip,1.000000000,-0.000000000,0.000000000,0.193400000,0.000000000,0.994678710,0.103025551,0.046500000,-0.000000000,-0.103025551,0.994678710,0.000000000,0.000000000,0.000000000,0.000000000,1.000000000
1790749329513788776,1790749329,513788776,1790749329523750902,FL_thigh,0.745372583,0.000000000,0.666648118,0.193400000,-0.068681789,0.994678710,0.076792421,0.141491817,-0.663100690,-0.103025551,0.741406239,-0.009838940,0.000000000,0.000000000,0.000000000,1.000000000
1790749329513788776,1790749329,513788776,1790749329523750902,FL_calf,0.722956220,0.000000000,-0.690893844,0.051403951,0.071179719,0.994678710,0.074482963,0.125135031,0.687217398,-0.103025551,0.719109160,-0.167758469,0.000000000,0.000000000,0.000000000,1.000000000
1790749329513788776,1790749329,513788776,1790749329523750902,FL_calflower,0.756583013,0.000000000,-0.653897656,0.168115364,0.067368166,0.994678710,0.077947382,0.115535147,0.650418077,-0.103025551,0.752557016,-0.260442277,0.000000000,0.000000000,0.000000000,1.000000000
1790749329513788776,1790749329,513788776,1790749329523750902,FL_calflower1,0.973041612,0.000000000,-0.230629620,0.186705440,0.023760744,0.994678710,0.100248148,0.111743570,0.229402373,-0.103025551,0.967863775,-0.297048738,0.000000000,0.000000000,0.000000000,1.000000000
1790749329513788776,1790749329,513788776,1790749329523750902,FL_foot,0.722956220,0.000000000,-0.690893844,0.198564340,0.071179719,0.994678710,0.074482963,0.109270160,0.687217398,-0.103025551,0.719109160,-0.320928720,0.000000000,0.000000000,0.000000000,1.000000000
1790749329513788776,1790749329,513788776,1790749329523750902,FR_hip,1.000000000,0.000000000,0.000000000,0.193400000,0.000000000,0.991184349,-0.132489951,-0.046500000,0.000000000,0.132489951,0.991184349,0.000000000,0.000000000,0.000000000,0.000000000,1.000000000
1790749329513788776,1790749329,513788776,1790749329523750902,FR_thigh,0.697634901,0.000000000,0.716453450,0.193400000,0.094922883,0.991184349,-0.092429614,-0.141158105,-0.710137446,0.132489951,0.691484794,-0.012652790,0.000000000,0.000000000,0.000000000,1.000000000
1790749329513788776,1790749329,513788776,1790749329523750902,FR_calf,0.758757578,-0.000000000,-0.651373118,0.040795415,-0.086300393,0.991184349,-0.100527755,-0.121470597,0.645630839,0.132489951,0.752068635,-0.159939052,0.000000000,0.000000000,0.000000000,1.000000000
1790749329513788776,1790749329,513788776,1790749329523750902,FR_calflower,0.790364415,0.000000000,-0.612636998,0.152373788,-0.081168246,0.991184349,-0.104715343,-0.108318498,0.607236203,0.132489951,0.783396838,-0.258332593,0.000000000,0.000000000,0.000000000,1.000000000
1790749329513788776,1790749329,513788776,1790749329523750902,FR_calflower1,0.983952231,0.000000000,-0.178432078,0.168975624,-0.023640457,0.991184349,-0.130363783,-0.103318201,0.176859083,0.132489951,0.975278051,-0.295740828,0.000000000,0.000000000,0.000000000,1.000000000
1790749329513788776,1790749329,513788776,1790749329523750902,FR_foot,0.758757578,-0.000000000,-0.651373118,0.179537889,-0.086300393,0.991184349,-0.100527755,-0.100058186,0.645630839,0.132489951,0.752068635,-0.320129671,0.000000000,0.000000000,0.000000000,1.000000000
1790749329513788776,1790749329,513788776,1790749329523750902,RL_hip,1.000000000,-0.000000000,0.000000000,-0.193400000,0.000000000,0.999878629,0.015579726,0.046500000,-0.000000000,-0.015579726,0.999878629,0.000000000,0.000000000,0.000000000,0.000000000,1.000000000
1790749329513788776,1790749329,513788776,1790749329523750902,RL_thigh,0.736326819,0.000000000,0.676626053,-0.193400000,-0.010541648,0.999878629,0.011471770,0.141988409,-0.676543930,-0.015579726,0.736237450,-0.001487864,0.000000000,0.000000000,0.000000000,1.000000000
1790749329513788776,1790749329,513788776,1790749329523750902,RL_calf,0.733528104,0.000000000,-0.679659121,-0.337521349,0.010588903,0.999878629,0.011428167,0.139544922,0.679576630,-0.015579726,0.733439074,-0.158306441,0.000000000,0.000000000,0.000000000,1.000000000
1790749329513788776,1790749329,513788776,1790749329523750902,RL_calflower,0.766580183,0.000000000,-0.642148599,-0.222261237,0.010004499,0.999878629,0.011943109,0.138065331,0.642070661,-0.015579726,0.766487142,-0.253263891,0.000000000,0.000000000,0.000000000,1.000000000
1790749329513788776,1790749329,513788776,1790749329523750902,RL_calflower1,0.976483581,0.000000000,-0.215591782,-0.204241095,0.003358861,0.999878629,0.015213346,0.137487562,0.215565616,-0.015579726,0.976365064,-0.290344083,0.000000000,0.000000000,0.000000000,1.000000000
1790749329513788776,1790749329,513788776,1790749329523750902,RL_foot,0.733528104,0.000000000,-0.679659121,-0.192753956,0.010588903,0.999878629,0.011428167,0.137110723,0.679576630,-0.015579726,0.733439074,-0.314528964,0.000000000,0.000000000,0.000000000,1.000000000
1790749329513788776,1790749329,513788776,1790749329523750902,RR_hip,1.000000000,0.000000000,0.000000000,-0.193400000,0.000000000,0.999923105,-0.012400956,-0.046500000,0.000000000,0.012400956,0.999923105,0.000000000,0.000000000,0.000000000,0.000000000,1.000000000
1790749329513788776,1790749329,513788776,1790749329523750902,RR_thigh,0.771860180,0.000000000,0.635792310,-0.193400000,0.007884432,0.999923105,-0.009571804,-0.141992657,-0.635743421,0.012400956,0.771800828,-0.001184291,0.000000000,0.000000000,0.000000000,1.000000000
1790749329513788776,1790749329,513788776,1790749329523750902,RR_calf,0.722165288,0.000000000,-0.691720534,-0.328823762,-0.008577996,0.999923105,-0.008955540,-0.139953862,0.691667345,0.012400956,0.722109757,-0.165577868,0.000000000,0.000000000,0.000000000,1.000000000
1790749329513788776,1790749329,513788776,1790749329523750902,RR_calflower,0.755834387,-0.000000000,-0.654762843,-0.212005817,-0.008119685,0.999923105,-0.009373069,-0.138800002,0.654712495,0.012400956,0.755776267,-0.258616765,0.000000000,0.000000000,0.000000000,1.000000000
1790749329513788776,1790749329,513788776,1790749329523750902,RR_calflower1,0.972777109,0.000000000,-0.231742737,-0.193373647,-0.002873831,0.999923105,-0.012063366,-0.138343883,0.231724917,0.012400956,0.972702308,-0.295394940,0.000000000,0.000000000,0.000000000,1.000000000
1790749329513788776,1790749329,513788776,1790749329523750902,RR_foot,0.722165288,0.000000000,-0.691720534,-0.181487288,-0.008577996,0.999923105,-0.008955540,-0.138046332,0.691667345,0.012400956,0.722109757,-0.319387246,0.000000000,0.000000000,0.000000000,1.000000000
1790749329579950902,1790749329,579950902,1790749329590244303,FL_hip,1.000000000,-0.000000000,0.000000000,0.193400000,0.000000000,0.994694295,0.102874967,0.046500000,-0.000000000,-0.102874967,0.994694295,0.000000000,0.000000000,0.000000000,0.000000000,1.000000000
1790749329579950902,1790749329,579950902,1790749329590244303,FL_thigh,0.746139100,0.000000000,0.665790090,0.193400000,-0.068493133,0.994694295,0.076759035,0.141493305,-0.662257604,-0.102874967,0.742180306,-0.009824559,0.000000000,0.000000000,0.000000000,1.000000000
1790749329579950902,1790749329,579950902,1790749329590244303,FL_calf,0.722160835,0.000000000,-0.691725183,0.051586711,0.071161205,0.994694295,0.074292272,0.125143631,0.688055094,-0.102874967,0.718329263,-0.167908965,0.000000000,0.000000000,0.000000000,1.000000000
1790749329579950902,1790749329,579950902,1790749329590244303,FL_calflower,0.755830172,-0.000000000,-0.654767708,0.168405255,0.067359206,0.994694295,0.077756004,0.115571599,0.651293704,-0.102874967,0.751819960,-0.260460594,0.000000000,0.000000000,0.000000000,1.000000000
1790749329579950902,1790749329,579950902,1790749329590244303,FL_calflower1,0.972775617,-0.000000000,-0.231748999,0.187037661,0.023841171,0.994694295,0.100074259,0.111787766,0.230519407,-0.102874967,0.967614357,-0.297046329,0.000000000,0.000000000,0.000000000,1.000000000
1790749329579950902,1790749329,579950902,1790749329590244303,FL_foot,0.722160835,0.000000000,-0.691725183,0.198924175,0.071161205,0.994694295,0.074292272,0.109319377,0.688055094,-0.102874967,0.718329263,-0.320913098,0.000000000,0.000000000,0.000000000,1.000000000
1790749329579950902,1790749329,579950902,1790749329590244303,FR_hip,1.000000000,0.000000000,0.000000000,0.193400000,0.000000000,0.991172309,-0.132579988,-0.046500000,0.000000000,0.132579988,0.991172309,0.000000000,0.000000000,0.000000000,0.000000000,1.000000000
1790749329579950902,1790749329,579950902,1790749329590244303,FR_thigh,0.698090283,-0.000000000,0.716009747,0.193400000,0.094928563,0.991172309,-0.092552801,-0.141156956,-0.709689034,0.132579988,0.691927758,-0.012661389,0.000000000,0.000000000,0.000000000,1.000000000
1790749329579950902,1790749329,579950902,1790749329590244303,FR_calf,0.758312429,0.000000000,-0.651891295,0.040889924,-0.086427740,0.991172309,-0.100537052,-0.121443209,0.646136600,0.132579988,0.751618281,-0.160042001,0.000000000,0.000000000,0.000000000,1.000000000
1790749329579950902,1790749329,579950902,1790749329590244303,FR_calflower,0.789945721,0.000000000,-0.613176775,0.152536084,-0.081294969,0.991172309,-0.104730994,-0.108292280,0.607763840,0.132579988,0.782972325,-0.258358775,0.000000000,0.000000000,0.000000000,1.000000000
1790749329579950902,1790749329,579950902,1790749329590244303,FR_calflower1,0.983830110,0.000000000,-0.179104203,0.169163698,-0.023745633,0.991172309,-0.130436184,-0.103290091,0.177523126,0.132579988,0.975145162,-0.295755306,0.000000000,0.000000000,0.000000000,1.000000000
1790749329579950902,1790749329,579950902,1790749329590244303,FR_foot,0.758312429,0.000000000,-0.651891295,0.179742770,-0.086427740,0.991172309,-0.100537052,-0.100028817,0.646136600,0.132579988,0.751618281,-0.320136695,0.000000000,0.000000000,0.000000000,1.000000000
1790749329579950902,1790749329,579950902,1790749329590244303,RL_hip,1.000000000,-0.000000000,0.000000000,-0.193400000,0.000000000,0.999879570,0.015519175,0.046500000,-0.000000000,-0.015519175,0.999879570,0.000000000,0.000000000,0.000000000,0.000000000,1.000000000
1790749329579950902,1790749329,579950902,1790749329590244303,RL_thigh,0.736941105,-0.000000000,0.675956957,-0.193400000,-0.010490294,0.999879570,0.011436718,0.141988499,-0.675875551,-0.015519175,0.736852356,-0.001482081,0.000000000,0.000000000,0.000000000,1.000000000
1790749329579950902,1790749329,579950902,1790749329590244303,RL_calf,0.732931948,0.000000000,-0.680301962,-0.337378832,0.010557725,0.999879570,0.011374499,0.139552478,0.680220034,-0.015519175,0.732843681,-0.158431633,0.000000000,0.000000000,0.000000000,1.000000000
1790749329579950902,1790749329,579950902,1790749329590244303,RL_calflower,0.766016901,0.000000000,-0.642820432,-0.222035502,0.009976043,0.999879570,0.011887950,0.138080207,0.642743017,-0.015519175,0.765924650,-0.253288097,0.000000000,0.000000000,0.000000000,1.000000000
1790749329579950902,1790749329,579950902,1790749329590244303,RL_calflower1,0.976294191,0.000000000,-0.216447807,-0.203982854,0.003359091,0.999879570,0.015151280,0.137504928,0.216421740,-0.015519175,0.976176616,-0.290352513,0.000000000,0.000000000,0.000000000,1.000000000
1790749329579950902,1790749329,579950902,1790749329590244303,RL_foot,0.732931948,0.000000000,-0.680301962,-0.192474514,0.010557725,0.999879570,0.011374499,0.137129710,0.680220034,-0.015519175,0.732843681,-0.314527337,0.000000000,0.000000000,0.000000000,1.000000000
1790749329579950902,1790749329,579950902,1790749329590244303,RR_hip,1.000000000,0.000000000,0.000000000,-0.193400000,0.000000000,0.999921975,-0.012491781,-0.046500000,0.000000000,0.012491781,0.999921975,0.000000000,0.000000000,0.000000000,0.000000000,1.000000000
1790749329579950902,1790749329,579950902,1790749329590244303,RR_thigh,0.772571992,0.000000000,0.634927174,-0.193400000,0.007931371,0.999921975,-0.009650800,-0.141992549,-0.634877634,0.012491781,0.772511712,-0.001192965,0.000000000,0.000000000,0.000000000,1.000000000
1790749329579950902,1790749329,579950902,1790749329590244303,RR_calf,0.721400860,0.000000000,-0.692517725,-0.328639488,-0.008650780,0.999921975,-0.009011582,-0.139936928,0.692463691,0.012491781,0.721344572,-0.165737960,0.000000000,0.000000000,0.000000000,1.000000000
1790749329579950902,1790749329,579950902,1790749329590244303,RR_calflower,0.755110757,-0.000000000,-0.655597242,-0.211718848,-0.008189577,0.999921975,-0.009432679,-0.138776230,0.655546089,0.012491781,0.755051839,-0.258647683,0.000000000,0.000000000,0.000000000,1.000000000
1790749329579950902,1790749329,579950902,1790749329590244303,RR_calflower1,0.972520562,0.000000000,-0.232817003,-0.193046065,-0.002908299,0.999921975,-0.012148514,-0.138317027,0.232798837,0.012491781,0.972444681,-0.295405217,0.000000000,0.000000000,0.000000000,1.000000000
1790749329579950902,1790749329,579950902,1790749329590244303,RR_foot,0.721400860,0.000000000,-0.692517725,-0.181133213,-0.008650780,0.999921975,-0.009011582,-0.138017461,0.692463691,0.012491781,0.721344572,-0.319384354,0.000000000,0.000000000,0.000000000,1.000000000
1790749330089015014,1790749330,89015014,1790749330090385717,FL_hip,1.000000000,-0.000000000,0.000000000,0.193400000,0.000000000,0.994666225,0.103146015,0.046500000,-0.000000000,-0.103146015,0.994666225,0.000000000,0.000000000,0.000000000,0.000000000,1.000000000
1790749330089015014,1790749330,89015014,1790749330090385717,FL_thigh,0.740427252,-0.000000000,0.672136507,0.193400000,-0.069328202,0.994666225,0.076372120,0.141490625,-0.668551482,-0.103146015,0.736477980,-0.009850444,0.000000000,0.000000000,0.000000000,1.000000000
1790749330089015014,1790749330,89015014,1790749330090385717,FL_calf,0.728018944,0.000000000,-0.685557013,0.050234924,0.070712474,0.994666225,0.075092253,0.125223363,0.681900406,-0.103146015,0.724135855,-0.166720254,0.000000000,0.000000000,0.000000000,1.000000000
1790749330089015014,1790749330,89015014,1790749330090385717,FL_calflower,0.761372680,0.000000000,-0.648314463,0.166257741,0.066871053,0.994666225,0.078532558,0.115523959,0.644856499,-0.103146015,0.757311689,-0.260254353,0.000000000,0.000000000,0.000000000,1.000000000
1790749330089015014,1790749330,89015014,1790749330090385717,FL_calflower1,0.974711819,0.000000000,-0.223465589,0.184576592,0.023049585,0.994666225,0.100537640,0.111713946,0.222273673,-0.103146015,0.969512926,-0.296995385,0.000000000,0.000000000,0.000000000,1.000000000
1790749330089015014,1790749330,89015014,1790749330090385717,FL_foot,0.728018944,0.000000000,-0.685557013,0.196258568,0.070712474,0.994666225,0.075092253,0.109228713,0.681900406,-0.103146015,0.724135855,-0.320961191,0.000000000,0.000000000,0.000000000,1.000000000
1790749330089015014,1790749330,89015014,1790749330090385717,FR_hip,1.000000000,0.000000000,0.000000000,0.193400000,0.000000000,0.991228422,-0.132159810,-0.046500000,0.000000000,0.132159810,0.991228422,0.000000000,0.000000000,0.000000000,0.000000000,1.000000000
1790749330089015014,1790749330,89015014,1790749330090385717,FR_thigh,0.692191821,-0.000000000,0.721713574,0.193400000,0.095381529,0.991228422,-0.091479939,-0.141162314,-0.715383008,0.132159810,0.686120206,-0.012621262,0.000000000,0.000000000,0.000000000,1.000000000
1790749330089015014,1790749330,89015014,1790749330090385717,FR_calf,0.763717342,-0.000000000,-0.645550789,0.039675009,-0.085315869,0.991228422,-0.100932739,-0.121677087,0.639888290,0.132159810,0.757018336,-0.158764866,0.000000000,0.000000000,0.000000000,1.000000000
1790749330089015014,1790749330,89015014,1790749330090385717,FR_calflower,0.795026987,0.000000000,-0.606574060,0.150490872,-0.080164712,0.991228422,-0.105070615,-0.108445359,0.601253449,0.132159810,0.788053345,-0.258005814,0.000000000,0.000000000,0.000000000,1.000000000
1790749330089015014,1790749330,89015014,1790749330090385717,FR_calflower1,0.985288170,0.000000000,-0.170901205,0.166803565,-0.022586271,0.991228422,-0.130215497,-0.103440888,0.169402132,0.132159810,0.976645638,-0.295540482,0.000000000,0.000000000,0.000000000,1.000000000
1790749330089015014,1790749330,89015014,1790749330090385717,FR_foot,0.763717342,-0.000000000,-0.645550789,0.177177327,-0.085315869,0.991228422,-0.100932739,-0.100178414,0.639888290,0.132159810,0.757018336,-0.320009771,0.000000000,0.000000000,0.000000000,1.000000000
1790749330089015014,1790749330,89015014,1790749330090385717,RL_hip,1.000000000,-0.000000000,0.000000000,-0.193400000,0.000000000,0.999877683,0.015640277,0.046500000,-0.000000000,-0.015640277,0.999877683,0.000000000,0.000000000,0.000000000,0.000000000,1.000000000
1790749330089015014,1790749330,89015014,1790749330090385717,RL_thigh,0.731659006,0.000000000,0.681670814,-0.193400000,-0.010661520,0.999877683,0.011443349,0.141988319,-0.681587435,-0.015640277,0.731569512,-0.001493646,0.000000000,0.000000000,0.000000000,1.000000000
1790749330089015014,1790749330,89015014,1790749330090385717,RL_calf,0.738224667,0.000000000,-0.674554921,-0.338595883,0.010550226,0.999877683,0.011546038,0.139550885,0.674472411,-0.015640277,0.738134370,-0.157317952,0.000000000,0.000000000,0.000000000,1.000000000
1790749330089015014,1790749330,89015014,1790749330090385717,RL_calflower,0.771015773,0.000000000,-0.636816047,-0.223997262,0.009959979,0.999877683,0.012058900,0.138053076,0.636738154,-0.015640277,0.770921465,-0.253072391,0.000000000,0.000000000,0.000000000,1.000000000
1790749330089015014,1790749330,89015014,1790749330090385717,RL_calflower1,0.977955465,-0.000000000,-0.208813572,-0.206234778,0.003265902,0.999877683,0.015295494,0.137471120,0.208788031,-0.015640277,0.977835845,-0.290276631,0.000000000,0.000000000,0.000000000,1.000000000
1790749330089015014,1790749330,89015014,1790749330090385717,RL_foot,0.738224667,0.000000000,-0.674554921,-0.194915685,0.010550226,0.999877683,0.011546038,0.137091579,0.674472411,-0.015640277,0.738134370,-0.314540573,0.000000000,0.000000000,0.000000000,1.000000000
1790749330089015014,1790749330,89015014,1790749330090385717,RR_hip,1.000000000,0.000000000,0.000000000,-0.193400000,0.000000000,0.999919689,-0.012673432,-0.046500000,0.000000000,0.012673432,0.999919689,0.000000000,0.000000000,0.000000000,0.000000000,1.000000000
1790749330089015014,1790749330,89015014,1790749330090385717,RR_thigh,0.766870160,0.000000000,0.641802273,-0.193400000,0.008133837,0.999919689,-0.009718877,-0.141992330,-0.641750729,0.012673432,0.766808572,-0.001210313,0.000000000,0.000000000,0.000000000,1.000000000
1790749330089015014,1790749330,89015014,1790749330090385717,RR_calf,0.727568279,0.000000000,-0.686035276,-0.330103884,-0.008694421,0.999919689,-0.009220787,-0.139922210,0.685980179,0.012673432,0.727509847,-0.164540539,0.000000000,0.000000000,0.000000000,1.000000000
1790749330089015014,1790749330,89015014,1790749330090385717,RR_calflower,0.760946481,0.000000000,-0.648814652,-0.214019298,-0.008222708,0.999919689,-0.009643803,-0.138731422,0.648762545,0.012673432,0.760885369,-0.258492392,0.000000000,0.000000000,0.000000000,1.000000000
1790749330089015014,1790749330,89015014,1790749330090385717,RR_calflower1,0.974564760,0.000000000,-0.224106064,-0.195676176,-0.002840193,0.999919689,-0.012351080,-0.138263442,0.224088065,0.012673432,0.974486492,-0.295415433,0.000000000,0.000000000,0.000000000,1.000000000
1790749330089015014,1790749330,89015014,1790749330090385717,RR_foot,0.727568279,0.000000000,-0.686035276,-0.183978370,-0.008694421,0.999919689,-0.009220787,-0.137958182,0.685980179,0.012673432,0.727509847,-0.319500136,0.000000000,0.000000000,0.000000000,1.000000000
1790749330150857101,1790749330,150857101,1790749330157052338,FL_hip,1.000000000,-0.000000000,0.000000000,0.193400000,0.000000000,0.994659977,0.103206250,0.046500000,-0.000000000,-0.103206250,0.994659977,0.000000000,0.000000000,0.000000000,0.000000000,1.000000000
1790749330150857101,1790749330,150857101,1790749330157052338,FL_thigh,0.739714566,0.000000000,0.672920768,0.193400000,-0.069449629,0.994659977,0.076343166,0.141490028,-0.669327356,-0.103206250,0.735764473,-0.009856197,0.000000000,0.000000000,0.000000000,1.000000000
1790749330150857101,1790749330,150857101,1790749330157052338,FL_calf,0.728745027,0.000000000,-0.684785138,0.050067876,0.070674106,0.994659977,0.075211041,0.125228933,0.681128370,-0.103206250,0.724853512,-0.166574030,0.000000000,0.000000000,0.000000000,1.000000000
1790749330150857101,1790749330,150857101,1790749330157052338,FL_calflower,0.762059278,0.000000000,-0.647507264,0.165990977,0.066826796,0.994659977,0.078649280,0.115511181,0.644049560,-0.103206250,0.757989864,-0.260229782,0.000000000,0.000000000,0.000000000,1.000000000
1790749330150857101,1790749330,150857101,1790749330157052338,FL_calflower1,0.974948081,0.000000000,-0.222432550,0.184270675,0.022956429,0.994659977,0.100620735,0.111696942,0.221244756,-0.103206250,0.969741836,-0.296989872,0.000000000,0.000000000,0.000000000,1.000000000
1790749330150857101,1790749330,150857101,1790749330157052338,FL_foot,0.728745027,0.000000000,-0.684785138,0.195927111,0.070674106,0.994659977,0.075211041,0.109208982,0.681128370,-0.103206250,0.724853512,-0.320967828,0.000000000,0.000000000,0.000000000,1.000000000
1790749330150857101,1790749330,150857101,1790749330157052338,FR_hip,1.000000000,0.000000000,0.000000000,0.193400000,0.000000000,0.991240423,-0.132069768,-0.046500000,0.000000000,0.132069768,0.991240423,0.000000000,0.000000000,0.000000000,0.000000000,1.000000000
1790749330150857101,1790749330,150857101,1790749330157052338,FR_thigh,0.691448499,-0.000000000,0.722425756,0.193400000,0.095410602,0.991240423,-0.091319443,-0.141163460,-0.716097612,0.132069768,0.685391703,-0.012612663,0.000000000,0.000000000,0.000000000,1.000000000
1790749330150857101,1790749330,150857101,1790749330157052338,FR_calf,0.764391634,0.000000000,-0.644752224,0.039523314,-0.085152277,0.991240423,-0.100953026,-0.121712419,0.639104467,0.132069768,0.757695886,-0.158601096,0.000000000,0.000000000,0.000000000,1.000000000
1790749330150857101,1790749330,150857101,1790749330157052338,FR_calflower,0.795660524,-0.000000000,-0.605742793,0.150234476,-0.080000310,0.991240423,-0.105082701,-0.108474417,0.600436742,0.132069768,0.788690874,-0.257957997,0.000000000,0.000000000,0.000000000,1.000000000
1790749330150857101,1790749330,150857101,1790749330157052338,FR_calflower1,0.985466252,0.000000000,-0.169871321,0.166507582,-0.022434866,0.991240423,-0.130150300,-0.103471106,0.168383320,0.132069768,0.976833985,-0.295510000,0.000000000,0.000000000,0.000000000,1.000000000
1790749330150857101,1790749330,150857101,1790749330157052338,FR_foot,0.764391634,0.000000000,-0.644752224,0.176855538,-0.085152277,0.991240423,-0.100953026,-0.100209424,0.639104467,0.132069768,0.757695886,-0.319990319,0.000000000,0.000000000,0.000000000,1.000000000
1790749330150857101,1790749330,150857101,1790749330157052338,RL_hip,1.000000000,-0.000000000,0.000000000,-0.193400000,0.000000000,0.999878629,0.015579726,0.046500000,-0.000000000,-0.015579726,0.999878629,0.000000000,0.000000000,0.000000000,0.000000000,1.000000000
1790749330150857101,1790749330,150857101,1790749330157052338,RL_thigh,0.730977548,-0.000000000,0.682401513,-0.193400000,-0.010631628,0.999878629,0.011388430,0.141988409,-0.682318689,-0.015579726,0.730888828,-0.001487864,0.000000000,0.000000000,0.000000000,1.000000000
1790749330150857101,1790749330,150857101,1790749330157052338,RL_calf,0.738898282,0.000000000,-0.673816985,-0.338751522,0.010497884,0.999878629,0.011511833,0.139562674,0.673735203,-0.015579726,0.738808601,-0.157167184,0.000000000,0.000000000,0.000000000,1.000000000
1790749330150857101,1790749330,150857101,1790749330157052338,RL_calflower,0.771651665,-0.000000000,-0.636045367,-0.224248643,0.009909412,0.999878629,0.012022121,0.138068880,0.635968169,-0.015579726,0.771558008,-0.253036153,0.000000000,0.000000000,0.000000000,1.000000000
1790749330150857101,1790749330,150857101,1790749330157052338,RL_calflower1,0.978163614,0.000000000,-0.207836342,-0.206523345,0.003238033,0.999878629,0.015239521,0.137488901,0.207811116,-0.015579726,0.978044893,-0.290258155,0.000000000,0.000000000,0.000000000,1.000000000
1790749330150857101,1790749330,150857101,1790749330157052338,RL_foot,0.738898282,0.000000000,-0.673816985,-0.195228504,0.010497884,0.999878629,0.011511833,0.137110653,0.673735203,-0.015579726,0.738808601,-0.314533416,0.000000000,0.000000000,0.000000000,1.000000000
1790749330150857101,1790749330,150857101,1790749330157052338,RR_hip,1.000000000,0.000000000,0.000000000,-0.193400000,0.000000000,0.999918534,-0.012764257,-0.046500000,0.000000000,0.012764257,0.999918534,0.000000000,0.000000000,0.000000000,0.000000000,1.000000000
1790749330150857101,1790749330,150857101,1790749330157052338,RR_thigh,0.765917165,0.000000000,0.642939263,-0.193400000,0.008206642,0.999918534,-0.009776364,-0.141992220,-0.642886885,0.012764257,0.765854768,-0.001218987,0.000000000,0.000000000,0.000000000,1.000000000
1790749330150857101,1790749330,150857101,1790749330157052338,RR_calf,0.728574474,0.000000000,-0.684966595,-0.330346063,-0.008743090,0.999918534,-0.009299712,-0.139909854,0.684910793,0.012764257,0.728515119,-0.164346052,0.000000000,0.000000000,0.000000000,1.000000000
1790749330150857101,1790749330,150857101,1790749330157052338,RR_calflower,0.761898007,-0.000000000,-0.647697018,-0.214399518,-0.008267371,0.999918534,-0.009725062,-0.138708359,0.647644253,0.012764257,0.761835938,-0.258468074,0.000000000,0.000000000,0.000000000,1.000000000
1790749330150857101,1790749330,150857101,1790749330157052338,RR_calflower1,0.974892659,0.000000000,-0.222675333,-0.196110617,-0.002842285,0.999918534,-0.012443781,-0.138236683,0.222657193,0.012764257,0.974813238,-0.295417954,0.000000000,0.000000000,0.000000000,1.000000000
1790749330150857101,1790749330,150857101,1790749330157052338,RR_foot,0.728574474,0.000000000,-0.684966595,-0.184448178,-0.008743090,0.999918534,-0.009299712,-0.137929016,0.684910793,0.012764257,0.728515119,-0.319519773,0.000000000,0.000000000,0.000000000,1.000000000
1790749330215096157,1790749330,215096157,1790749330223681093,FL_hip,1.000000000,-0.000000000,0.000000000,0.193400000,0.000000000,0.994659977,0.103206250,0.046500000,-0.000000000,-0.103206250,0.994659977,0.000000000,0.000000000,0.000000000,0.000000000,1.000000000
1790749330215096157,1790749330,215096157,1790749330223681093,FL_thigh,0.738797064,0.000000000,0.673927963,0.193400000,-0.069553578,0.994659977,0.076248474,0.141490028,-0.670329172,-0.103206250,0.734851870,-0.009856197,0.000000000,0.000000000,0.000000000,1.000000000
1790749330215096157,1790749330,215096157,1790749330223681093,FL_calf,0.729666490,0.000000000,-0.683803198,0.049853344,0.070572764,0.994659977,0.075306142,0.125249103,0.680151673,-0.103206250,0.725770054,-0.166379645,0.000000000,0.000000000,0.000000000,1.000000000
1790749330215096157,1790749330,215096157,1790749330223681093,FL_calflower,0.762930512,0.000000000,-0.646480497,0.165649547,0.066720828,0.994659977,0.078739197,0.115515249,0.643028277,-0.103206250,0.758856446,-0.260190580,0.000000000,0.000000000,0.000000000,1.000000000
1790749330215096157,1790749330,215096157,1790749330223681093,FL_calflower1,0.975246722,-0.000000000,-0.221119496,0.183879462,0.022820914,0.994659977,0.100651557,0.111698473,0.219938713,-0.103206250,0.970038882,-0.296975120,0.000000000,0.000000000,0.000000000,1.000000000
1790749330215096157,1790749330,215096157,1790749330223681093,FL_foot,0.729666490,0.000000000,-0.683803198,0.195503425,0.070572764,0.994659977,0.075306142,0.109208895,0.680151673,-0.103206250,0.725770054,-0.320968667,0.000000000,0.000000000,0.000000000,1.000000000
1790749330215096157,1790749330,215096157,1790749330223681093,FR_hip,1.000000000,0.000000000,0.000000000,0.193400000,0.000000000,0.991236424,-0.132099782,-0.046500000,0.000000000,0.132099782,0.991236424,0.000000000,0.000000000,0.000000000,0.000000000,1.000000000
1790749330215096157,1790749330,215096157,1790749330223681093,FR_thigh,0.690375977,0.000000000,0.723450766,0.193400000,0.095567689,0.991236424,-0.091198516,-0.141163078,-0.717110750,0.132099782,0.684325814,-0.012615529,0.000000000,0.000000000,0.000000000,1.000000000
1790749330215096157,1790749330,215096157,1790749330223681093,FR_calf,0.765347320,0.000000000,-0.643617494,0.039304987,-0.085021731,0.991236424,-0.101102214,-0.121737795,0.637977103,0.132099782,0.758640141,-0.158376928,0.000000000,0.000000000,0.000000000,1.000000000
1790749330215096157,1790749330,215096157,1790749330223681093,FR_calflower,0.796558303,-0.000000000,-0.604561717,0.149867322,-0.079862471,0.991236424,-0.105225178,-0.108475101,0.599263594,0.132099782,0.789577604,-0.257896126,0.000000000,0.000000000,0.000000000,1.000000000
1790749330215096157,1790749330,215096157,1790749330223681093,FR_calflower1,0.985717182,0.000000000,-0.168409137,0.166084208,-0.022246810,0.991236424,-0.130213025,-0.103467470,0.166933270,0.132099782,0.977078774,-0.295471867,0.000000000,0.000000000,0.000000000,1.000000000
1790749330215096157,1790749330,215096157,1790749330223681093,FR_foot,0.765347320,0.000000000,-0.643617494,0.176395513,-0.085021731,0.991236424,-0.101102214,-0.100203023,0.637977103,0.132099782,0.758640141,-0.319967278,0.000000000,0.000000000,0.000000000,1.000000000
1790749330215096157,1790749330,215096157,1790749330223681093,RL_hip,1.000000000,-0.000000000,0.000000000,-0.193400000,0.000000000,0.999879100,0.015549450,0.046500000,-0.000000000,-0.015549450,0.999879100,0.000000000,0.000000000,0.000000000,0.000000000,1.000000000
1790749330215096157,1790749330,215096157,1790749330223681093,RL_thigh,0.730150551,0.000000000,0.683286304,-0.193400000,-0.010624726,0.999879100,0.011353440,0.141988454,-0.683203695,-0.015549450,0.730062275,-0.001484973,0.000000000,0.000000000,0.000000000,1.000000000
1790749330215096157,1790749330,215096157,1790749330223681093,RL_calf,0.739703215,0.000000000,-0.672933246,-0.338939983,0.010463742,0.999879100,0.011501978,0.139570171,0.672851888,-0.015549450,0.739613785,-0.156988237,0.000000000,0.000000000,0.000000000,1.000000000
1790749330215096157,1790749330,215096157,1790749330223681093,RL_calflower,0.772411423,-0.000000000,-0.635122502,-0.224551798,0.009875806,0.999879100,0.012010573,0.138077153,0.635045716,-0.015549450,0.772318039,-0.252994040,0.000000000,0.000000000,0.000000000,1.000000000
1790749330215096157,1790749330,215096157,1790749330223681093,RL_calflower1,0.978411356,0.000000000,-0.206666925,-0.206871012,0.003213557,0.999879100,0.015213759,0.137497972,0.206641939,-0.015549450,0.978293066,-0.290237218,0.000000000,0.000000000,0.000000000,1.000000000
1790749330215096157,1790749330,215096157,1790749330223681093,RL_foot,0.739703215,0.000000000,-0.672933246,-0.195605201,0.010463742,0.999879100,0.011501978,0.137120250,0.672851888,-0.015549450,0.739613785,-0.314525973,0.000000000,0.000000000,0.000000000,1.000000000
1790749330215096157,1790749330,215096157,1790749330223681093,RR_hip,1.000000000,0.000000000,0.000000000,-0.193400000,0.000000000,0.999918534,-0.012764257,-0.046500000,0.000000000,0.012764257,0.999918534,0.000000000,0.000000000,0.000000000,0.000000000,1.000000000
1790749330215096157,1790749330,215096157,1790749330223681093,RR_thigh,0.765098904,0.000000000,0.643912779,-0.193400000,0.008219068,0.999918534,-0.009765919,-0.141992220,-0.643860322,0.012764257,0.765036574,-0.001218987,0.000000000,0.000000000,0.000000000,1.000000000
1790749330215096157,1790749330,215096157,1790749330223681093,RR_calf,0.729434128,-0.000000000,-0.684051060,-0.330553422,-0.008731404,0.999918534,-0.009310685,-0.139912079,0.683995333,0.012764257,0.729374703,-0.164171777,0.000000000,0.000000000,0.000000000,1.000000000
1790749330215096157,1790749330,215096157,1790749330223681093,RR_calflower,0.762710829,0.000000000,-0.646739663,-0.214725182,-0.008255151,0.999918534,-0.009735437,-0.138708726,0.646686975,0.012764257,0.762648694,-0.258439326,0.000000000,0.000000000,0.000000000,1.000000000
1790749330215096157,1790749330,215096157,1790749330223681093,RR_calflower1,0.975171541,-0.000000000,-0.221450820,-0.196482704,-0.002826655,0.999918534,-0.012447340,-0.138236757,0.221432779,0.012764257,0.975092097,-0.295412144,0.000000000,0.000000000,0.000000000,1.000000000
1790749330215096157,1790749330,215096157,1790749330223681093,RR_foot,0.729434128,-0.000000000,-0.684051060,-0.184850546,-0.008731404,0.999918534,-0.009310685,-0.137928903,0.683995333,0.012764257,0.729374703,-0.319528589,0.000000000,0.000000000,0.000000000,1.000000000
1790749330279533275,1790749330,279533275,1790749330290212934,FL_hip,1.000000000,-0.000000000,0.000000000,0.193400000,0.000000000,0.994656852,0.103236367,0.046500000,-0.000000000,-0.103236367,0.994656852,0.000000000,0.000000000,0.000000000,0.000000000,1.000000000
1790749330279533275,1790749330,279533275,1790749330290212934,FL_thigh,0.737775959,-0.000000000,0.675045653,0.193400000,-0.069689261,0.994656852,0.076165310,0.141489729,-0.671438784,-0.103236367,0.733833913,-0.009859073,0.000000000,0.000000000,0.000000000,1.000000000
1790749330279533275,1790749330,279533275,1790749330290212934,FL_calf,0.730679295,0.000000000,-0.682720857,0.049615276,0.070481621,0.994656852,0.075432676,0.125266518,0.679072978,-0.103236367,0.726775167,-0.166165696,0.000000000,0.000000000,0.000000000,1.000000000
1790749330279533275,1790749330,279533275,1790749330290212934,FL_calflower,0.763887957,0.000000000,-0.645348889,0.165271549,0.066623475,0.994656852,0.078861018,0.115512115,0.641900695,-0.103236367,0.759806390,-0.260146962,0.000000000,0.000000000,0.000000000,1.000000000
1790749330279533275,1790749330,279533275,1790749330290212934,FL_calflower1,0.975573418,0.000000000,-0.219673637,0.183446625,0.022678308,0.994656852,0.100714656,0.111691439,0.218499889,-0.103236367,0.970360784,-0.296958224,0.000000000,0.000000000,0.000000000,1.000000000
1790749330279533275,1790749330,279533275,1790749330290212934,FL_foot,0.730679295,0.000000000,-0.682720857,0.195034818,0.070481621,0.994656852,0.075432676,0.109199358,0.679072978,-0.103236367,0.726775167,-0.320968807,0.000000000,0.000000000,0.000000000,1.000000000
1790749330279533275,1790749330,279533275,1790749330290212934,FR_hip,1.000000000,0.000000000,0.000000000,0.193400000,0.000000000,0.991236424,-0.132099782,-0.046500000,0.000000000,0.132099782,0.991236424,0.000000000,0.000000000,0.000000000,0.000000000,1.000000000
1790749330279533275,1790749330,279533275,1790749330290212934,FR_thigh,0.689543155,0.000000000,0.724244598,0.193400000,0.095672554,0.991236424,-0.091088501,-0.141163078,-0.717897625,0.132099782,0.683500291,-0.012615529,0.000000000,0.000000000,0.000000000,1.000000000
1790749330279533275,1790749330,279533275,1790749330290212934,FR_calf,0.766097517,0.000000000,-0.642724353,0.039135901,-0.084903747,0.991236424,-0.101201315,-0.121761228,0.637091789,0.132099782,0.759383763,-0.158201091,0.000000000,0.000000000,0.000000000,1.000000000
1790749330279533275,1790749330,279533275,1790749330290212934,FR_calflower,0.797262924,-0.000000000,-0.603632198,0.149581055,-0.079739682,0.991236424,-0.105318259,-0.108481508,0.598342221,0.132099782,0.790276050,-0.257848052,0.000000000,0.000000000,0.000000000,1.000000000
1790749330279533275,1790749330,279533275,1790749330290212934,FR_calflower1,0.985912944,0.000000000,-0.167259279,0.165753714,-0.022094914,0.991236424,-0.130238885,-0.103471381,0.165793489,0.132099782,0.977272821,-0.295442517,0.000000000,0.000000000,0.000000000,1.000000000
1790749330279533275,1790749330,279533275,1790749330290212934,FR_foot,0.766097517,0.000000000,-0.642724353,0.176036188,-0.084903747,0.991236424,-0.101201315,-0.100205348,0.637091789,0.132099782,0.759383763,-0.319949833,0.000000000,0.000000000,0.000000000,1.000000000
1790749330279533275,1790749330,279533275,1790749330290212934,RL_hip,1.000000000,-0.000000000,0.000000000,-0.193400000,0.000000000,0.999878157,0.015610001,0.046500000,-0.000000000,-0.015610001,0.999878157,0.000000000,0.000000000,0.000000000,0.000000000,1.000000000
1790749330279533275,1790749330,279533275,1790749330290212934,RL_thigh,0.729384628,0.000000000,0.684103840,-0.193400000,-0.010678862,0.999878157,0.011385695,0.141988364,-0.684020487,-0.015610001,0.729295757,-0.001490755,0.000000000,0.000000000,0.000000000,1.000000000
1790749330279533275,1790749330,279533275,1790749330290212934,RL_calf,0.740467193,0.000000000,-0.672092505,-0.339114118,0.010491365,0.999878157,0.011558694,0.139563211,0.672010615,-0.015610001,0.740376972,-0.156830751,0.000000000,0.000000000,0.000000000,1.000000000
1790749330279533275,1790749330,279533275,1790749330290212934,RL_calflower,0.773132427,0.000000000,-0.634244630,-0.224835083,0.009900559,0.999878157,0.012068598,0.138062352,0.634167351,-0.015610001,0.773038226,-0.252966331,0.000000000,0.000000000,0.000000000,1.000000000
1790749330279533275,1790749330,279533275,1790749330290212934,RL_calflower1,0.978645500,0.000000000,-0.205555312,-0.207196622,0.003208719,0.999878157,0.015276657,0.137480602,0.205530266,-0.015610001,0.978526258,-0.290229534,0.000000000,0.000000000,0.000000000,1.000000000
1790749330279533275,1790749330,279533275,1790749330290212934,RL_foot,0.740467193,0.000000000,-0.672092505,-0.195958414,0.010491365,0.999878157,0.011558694,0.137101209,0.672010615,-0.015610001,0.740376972,-0.314531046,0.000000000,0.000000000,0.000000000,1.000000000
1790749330279533275,1790749330,279533275,1790749330290212934,RR_hip,1.000000000,0.000000000,0.000000000,-0.193400000,0.000000000,0.999919689,-0.012673432,-0.046500000,0.000000000,0.012673432,0.999919689,0.000000000,0.000000000,0.000000000,0.000000000,1.000000000
1790749330279533275,1790749330,279533275,1790749330290212934,RR_thigh,0.764513751,0.000000000,0.644607419,-0.193400000,0.008169388,0.999919689,-0.009689013,-0.141992330,-0.644555650,0.012673432,0.764452352,-0.001210313,0.000000000,0.000000000,0.000000000,1.000000000
1790749330279533275,1790749330,279533275,1790749330290212934,RR_calf,0.730065955,-0.000000000,-0.683376691,-0.330701380,-0.008660728,0.999919689,-0.009252441,-0.139928571,0.683321808,0.012673432,0.730007323,-0.164038664,0.000000000,0.000000000,0.000000000,1.000000000
1790749330279533275,1790749330,279533275,1790749330290212934,RR_calflower,0.763308162,-0.000000000,-0.646034558,-0.214960311,-0.008187475,0.999919689,-0.009673734,-0.138732424,0.645982674,0.012673432,0.763246860,-0.258413311,0.000000000,0.000000000,0.000000000,1.000000000
1790749330279533275,1790749330,279533275,1790749330290212934,RR_calflower1,0.975375770,-0.000000000,-0.220549559,-0.196752010,-0.002795120,0.999919689,-0.012361358,-0.138263600,0.220531846,0.012673432,0.975297436,-0.295403012,0.000000000,0.000000000,0.000000000,1.000000000
1790749330279533275,1790749330,279533275,1790749330290212934,RR_foot,0.730065955,-0.000000000,-0.683376691,-0.185142145,-0.008660728,0.999919689,-0.009252441,-0.137957801,0.683321808,0.012673432,0.730007323,-0.319530223,0.000000000,0.000000000,0.000000000,1.000000000
1790749330350012414,1790749330,350012414,1790749330356991810,FL_hip,1.000000000,-0.000000000,0.000000000,0.193400000,0.000000000,0.994663102,0.103176132,0.046500000,-0.000000000,-0.103176132,0.994663102,0.000000000,0.000000000,0.000000000,0.000000000,1.000000000
1790749330350012414,1790749330,350012414,1790749330356991810,FL_thigh,0.736814581,-0.000000000,0.676094870,0.193400000,-0.069756854,0.994663102,0.076021679,0.141490326,-0.672486620,-0.103176132,0.732882277,-0.009853321,0.000000000,0.000000000,0.000000000,1.000000000
1790749330350012414,1790749330,350012414,1790749330356991810,FL_calf,0.731639381,0.000000000,-0.681691878,0.049391793,0.070334331,0.994663102,0.075487722,0.125297709,0.678053757,-0.103176132,0.727734696,-0.165957246,0.000000000,0.000000000,0.000000000,1.000000000
1790749330350012414,1790749330,350012414,1790749330356991810,FL_calflower,0.764795416,0.000000000,-0.644273212,0.164914978,0.066473618,0.994663102,0.078908633,0.115532212,0.640834791,-0.103176132,0.760713781,-0.260100905,0.000000000,0.000000000,0.000000000,1.000000000
1790749330350012414,1790749330,350012414,1790749330356991810,FL_calflower1,0.975881604,0.000000000,-0.218300471,0.183037953,0.022523398,0.994663102,0.100687689,0.111711131,0.217135424,-0.103176132,0.970673423,-0.296937805,0.000000000,0.000000000,0.000000000,1.000000000
1790749330350012414,1790749330,350012414,1790749330356991810,FL_foot,0.731639381,0.000000000,-0.681691878,0.194592163,0.070334331,0.994663102,0.075487722,0.109218824,0.678053757,-0.103176132,0.727734696,-0.320964736,0.000000000,0.000000000,0.000000000,1.000000000
1790749330350012414,1790749330,350012414,1790749330356991810,FR_hip,1.000000000,0.000000000,0.000000000,0.193400000,0.000000000,0.991228422,-0.132159810,-0.046500000,0.000000000,0.132159810,0.991228422,0.000000000,0.000000000,0.000000000,0.000000000,1.000000000
1790749330350012414,1790749330,350012414,1790749330356991810,FR_thigh,0.688906976,0.000000000,0.724849762,0.193400000,0.095796007,0.991228422,-0.091045815,-0.141162314,-0.718491686,0.132159810,0.682864175,-0.012621262,0.000000000,0.000000000,0.000000000,1.000000000
1790749330350012414,1790749330,350012414,1790749330356991810,FR_calf,0.766671660,0.000000000,-0.642039380,0.039007001,-0.084851802,0.991228422,-0.101323181,-0.121769556,0.636407682,0.132159810,0.759946740,-0.158071331,0.000000000,0.000000000,0.000000000,1.000000000
1790749330350012414,1790749330,350012414,1790749330356991810,FR_calflower,0.797802115,0.000000000,-0.602919386,0.149362262,-0.079681711,0.991228422,-0.105437376,-0.108470761,0.597630831,0.132159810,0.790804131,-0.257815295,0.000000000,0.000000000,0.000000000,1.000000000
1790749330350012414,1790749330,350012414,1790749330356991810,FR_calflower1,0.986062042,-0.000000000,-0.166378031,0.165501016,-0.021988489,0.991228422,-0.130317772,-0.103456449,0.164918633,0.132159810,0.977412722,-0.295423769,0.000000000,0.000000000,0.000000000,1.000000000
1790749330350012414,1790749330,350012414,1790749330356991810,FR_foot,0.766671660,0.000000000,-0.642039380,0.175761389,-0.084851802,0.991228422,-0.101323181,-0.100187718,0.636407682,0.132159810,0.759946740,-0.319939987,0.000000000,0.000000000,0.000000000,1.000000000
1790749330350012414,1790749330,350012414,1790749330356991810,RL_hip,1.000000000,-0.000000000,0.000000000,-0.193400000,0.000000000,0.999877683,0.015640277,0.046500000,-0.000000000,-0.015640277,0.999877683,0.000000000,0.000000000,0.000000000,0.000000000,1.000000000
1790749330350012414,1790749330,350012414,1790749330356991810,RL_thigh,0.728514128,-0.000000000,0.685030777,-0.193400000,-0.010714071,0.999877683,0.011394163,0.141988319,-0.684946986,-0.015640277,0.728425019,-0.001493646,0.000000000,0.000000000,0.000000000,1.000000000
1790749330350012414,1790749330,350012414,1790749330356991810,RL_calf,0.741289467,-0.000000000,-0.671185463,-0.339311555,0.010497526,0.999877683,0.011593972,0.139561362,0.671103366,-0.015640277,0.741198795,-0.156648175,0.000000000,0.000000000,0.000000000,1.000000000
1790749330350012414,1790749330,350012414,1790749330356991810,RL_calflower,0.773908340,-0.000000000,-0.633297624,-0.225150318,0.009904950,0.999877683,0.012104141,0.138055405,0.633220162,-0.015640277,0.773813678,-0.252923530,0.000000000,0.000000000,0.000000000,1.000000000
1790749330350012414,1790749330,350012414,1790749330356991810,RL_calflower1,0.978896423,0.000000000,-0.204357022,-0.207557496,0.003196200,0.999877683,0.015310211,0.137472190,0.204332026,-0.015640277,0.978776688,-0.290208279,0.000000000,0.000000000,0.000000000,1.000000000
1790749330350012414,1790749330,350012414,1790749330356991810,RL_foot,0.741289467,-0.000000000,-0.671185463,-0.196349052,0.010497526,0.999877683,0.011593972,0.137091846,0.671103366,-0.015640277,0.741198795,-0.314523519,0.000000000,0.000000000,0.000000000,1.000000000
1790749330350012414,1790749330,350012414,1790749330356991810,RR_hip,1.000000000,0.000000000,0.000000000,-0.193400000,0.000000000,0.999920454,-0.012612882,-0.046500000,0.000000000,0.012612882,0.999920454,0.000000000,0.000000000,0.000000000,0.000000000,1.000000000
1790749330350012414,1790749330,350012414,1790749330356991810,RR_thigh,0.763595623,0.000000000,0.645694761,-0.193400000,0.008144072,0.999920454,-0.009631141,-0.141992403,-0.645643399,0.012612882,0.763534883,-0.001204530,0.000000000,0.000000000,0.000000000,1.000000000
1790749330350012414,1790749330,350012414,1790749330356991810,RR_calf,0.731026924,-0.000000000,-0.682348618,-0.330932984,-0.008606383,0.999920454,-0.009220356,-0.139940970,0.682294340,0.012612882,0.730968774,-0.163837460,0.000000000,0.000000000,0.000000000,1.000000000
1790749330350012414,1790749330,350012414,1790749330356991810,RR_calflower,0.764216548,0.000000000,-0.644959741,-0.215324850,-0.008134801,0.999920454,-0.009638973,-0.138748485,0.644908437,0.012612882,0.764155758,-0.258374952,0.000000000,0.000000000,0.000000000,1.000000000
1790749330350012414,1790749330,350012414,1790749330356991810,RR_calflower1,0.975685176,0.000000000,-0.219176728,-0.197168626,-0.002764450,0.999920454,-0.012306202,-0.138281578,0.219159294,0.012612882,0.975607564,-0.295390267,0.000000000,0.000000000,0.000000000,1.000000000
1790749330350012414,1790749330,350012414,1790749330356991810,RR_foot,0.731026924,-0.000000000,-0.682348618,-0.185592729,-0.008606383,0.999920454,-0.009220356,-0.137977034,0.682294340,0.012612882,0.730968774,-0.319533809,0.000000000,0.000000000,0.000000000,1.000000000
1790749330370837523,1790749330,370837523,1790749330390263657,FL_hip,1.000000000,-0.000000000,0.000000000,0.193400000,0.000000000,0.994663102,0.103176132,0.046500000,-0.000000000,-0.103176132,0.994663102,0.000000000,0.000000000,0.000000000,0.000000000,1.000000000
1790749330370837523,1790749330,370837523,1790749330390263657,FL_thigh,0.736630310,-0.000000000,0.676295636,0.193400000,-0.069777568,0.994663102,0.076002666,0.141490326,-0.672686315,-0.103176132,0.732698989,-0.009853321,0.000000000,0.000000000,0.000000000,1.000000000
1790749330370837523,1790749330,370837523,1790749330390263657,FL_calf,0.731825123,-0.000000000,-0.681492472,0.049349030,0.070313757,0.994663102,0.075506886,0.125301758,0.677855416,-0.103176132,0.727919447,-0.165918205,0.000000000,0.000000000,0.000000000,1.000000000
1790749330370837523,1790749330,370837523,1790749330390263657,FL_calflower,0.764970960,-0.000000000,-0.644064772,0.164846418,0.066452112,0.994663102,0.078926745,0.115533014,0.640627463,-0.103176132,0.760888388,-0.260093175,0.000000000,0.000000000,0.000000000,1.000000000
1790749330370837523,1790749330,370837523,1790749330390263657,FL_calflower1,0.975941057,-0.000000000,-0.218034523,0.182959299,0.022495959,0.994663102,0.100693824,0.111711423,0.216870895,-0.103176132,0.970732559,-0.296934985,0.000000000,0.000000000,0.000000000,1.000000000
1790749330370837523,1790749330,370837523,1790749330390263657,FL_foot,0.731825123,-0.000000000,-0.681492472,0.194506926,0.070313757,0.994663102,0.075506886,0.109218792,0.677855416,-0.103176132,0.727919447,-0.320965047,0.000000000,0.000000000,0.000000000,1.000000000
1790749330370837523,1790749330,370837523,1790749330390263657,FR_hip,1.000000000,0.000000000,0.000000000,0.193400000,0.000000000,0.991232423,-0.132129796,-0.046500000,0.000000000,0.132129796,0.991232423,0.000000000,0.000000000,0.000000000,0.000000000,1.000000000
1790749330370837523,1790749330,370837523,1790749330390263657,FR_thigh,0.688599645,0.000000000,0.725141730,0.193400000,0.095812829,0.991232423,-0.090984531,-0.141162696,-0.718783995,0.132129796,0.682562295,-0.012618396,0.000000000,0.000000000,0.000000000,1.000000000
1790749330370837523,1790749330,370837523,1790749330390263657,FR_calf,0.766953931,0.000000000,-0.641702164,0.038944811,-0.084787976,0.991232423,-0.101337466,-0.121782991,0.636075991,0.132129796,0.760229604,-0.158004164,0.000000000,0.000000000,0.000000000,1.000000000
1790749330370837523,1790749330,370837523,1790749330390263657,FR_calflower,0.798067179,0.000000000,-0.602568483,0.149255810,-0.079617251,0.991232423,-0.105448454,-0.108480806,0.597285418,0.132129796,0.791070064,-0.257796626,0.000000000,0.000000000,0.000000000,1.000000000
1790749330370837523,1790749330,370837523,1790749330390263657,FR_calflower1,0.986135114,0.000000000,-0.165944381,0.165377878,-0.021926197,0.991232423,-0.130297831,-0.103466695,0.164489451,0.132129796,0.977489098,-0.295412283,0.000000000,0.000000000,0.000000000,1.000000000
1790749330370837523,1790749330,370837523,1790749330390263657,FR_foot,0.766953931,0.000000000,-0.641702164,0.175627372,-0.084787976,0.991232423,-0.101337466,-0.100198111,0.636075991,0.132129796,0.760229604,-0.319933070,0.000000000,0.000000000,0.000000000,1.000000000
1790749330370837523,1790749330,370837523,1790749330390263657,RL_hip,1.000000000,-0.000000000,0.000000000,-0.193400000,0.000000000,0.999876734,0.015700828,0.046500000,-0.000000000,-0.015700828,0.999876734,0.000000000,0.000000000,0.000000000,0.000000000,1.000000000
1790749330370837523,1790749330,370837523,1790749330390263657,RL_thigh,0.728285924,0.000000000,0.685273385,-0.193400000,-0.010759359,0.999876734,0.011434692,0.141988228,-0.685188915,-0.015700828,0.728196152,-0.001499429,0.000000000,0.000000000,0.000000000,1.000000000
1790749330370837523,1790749330,370837523,1790749330390263657,RL_calf,0.741534173,0.000000000,-0.670915099,-0.339363231,0.010533922,0.999876734,0.011642700,0.139552639,0.670832398,-0.015700828,0.741442767,-0.156605209,0.000000000,0.000000000,0.000000000,1.000000000
1790749330370837523,1790749330,370837523,1790749330390263657,RL_calflower,0.774139228,-0.000000000,-0.633015368,-0.225237113,0.009938865,0.999876734,0.012154627,0.138040198,0.632937339,-0.015700828,0.774043803,-0.252922091,0.000000000,0.000000000,0.000000000,1.000000000
1790749330370837523,1790749330,370837523,1790749330390263657,RL_calflower1,0.978970879,0.000000000,-0.204000043,-0.207657890,0.003202970,0.999876734,0.015370653,0.137454624,0.203974897,-0.015700828,0.978850206,-0.290213216,0.000000000,0.000000000,0.000000000,1.000000000
1790749330370837523,1790749330,370837523,1790749330390263657,RL_foot,0.741534173,0.000000000,-0.670915099,-0.196458315,0.010533922,0.999876734,0.011642700,0.137072744,0.670832398,-0.015700828,0.741442767,-0.314532519,0.000000000,0.000000000,0.000000000,1.000000000
1790749330370837523,1790749330,370837523,1790749330390263657,RR_hip,1.000000000,0.000000000,0.000000000,-0.193400000,0.000000000,0.999920454,-0.012612882,-0.046500000,0.000000000,0.012612882,0.999920454,0.000000000,0.000000000,0.000000000,0.000000000,1.000000000
1790749330370837523,1790749330,370837523,1790749330390263657,RR_thigh,0.763321839,0.000000000,0.646018397,-0.193400000,0.008148154,0.999920454,-0.009627688,-0.141992403,-0.645967009,0.012612882,0.763261121,-0.001204530,0.000000000,0.000000000,0.000000000,1.000000000
1790749330370837523,1790749330,370837523,1790749330390263657,RR_calf,0.731316112,-0.000000000,-0.682038668,-0.331001919,-0.008602473,0.999920454,-0.009224004,-0.139941706,0.681984415,0.012612882,0.731257939,-0.163779149,0.000000000,0.000000000,0.000000000,1.000000000
1790749330370837523,1790749330,370837523,1790749330390263657,RR_calflower,0.764489883,-0.000000000,-0.644635725,-0.215433874,-0.008130714,0.999920454,-0.009642421,-0.138748603,0.644584448,0.012612882,0.764429071,-0.258365636,0.000000000,0.000000000,0.000000000,1.000000000
1790749330370837523,1790749330,370837523,1790749330390263657,RR_calflower1,0.975777999,-0.000000000,-0.218763108,-0.197293343,-0.002759233,0.999920454,-0.012307373,-0.138281599,0.218745706,0.012612882,0.975700380,-0.295388643,0.000000000,0.000000000,0.000000000,1.000000000
1790749330370837523,1790749330,370837523,1790749330390263657,RR_foot,0.731316112,-0.000000000,-0.682038668,-0.185727682,-0.008602473,0.999920454,-0.009224004,-0.137976993,0.681984415,0.012612882,0.731257939,-0.319537090,0.000000000,0.000000000,0.000000000,1.000000000
1790749330441384626,1790749330,441384626,1790749330457046743,FL_hip,1.000000000,-0.000000000,0.000000000,0.193400000,0.000000000,0.994656852,0.103236367,0.046500000,-0.000000000,-0.103236367,0.994656852,0.000000000,0.000000000,0.000000000,0.000000000,1.000000000
1790749330441384626,1790749330,441384626,1790749330457046743,FL_thigh,0.735954219,-0.000000000,0.677031304,0.193400000,-0.069894252,0.994656852,0.075977240,0.141489729,-0.673413825,-0.103236367,0.732021907,-0.009859073,0.000000000,0.000000000,0.000000000,1.000000000
1790749330441384626,1790749330,441384626,1790749330457046743,FL_calf,0.732516385,0.000000000,-0.680749400,0.049192332,0.070278095,0.994656852,0.075622330,0.125306577,0.677112055,-0.103236367,0.728602441,-0.165779739,0.000000000,0.000000000,0.000000000,1.000000000
1790749330441384626,1790749330,441384626,1790749330457046743,FL_calflower,0.765624220,0.000000000,-0.643288080,0.164593571,0.066410724,0.994656852,0.079040263,0.115520034,0.639850896,-0.103236367,0.761533376,-0.260070659,0.000000000,0.000000000,0.000000000,1.000000000
1790749330441384626,1790749330,441384626,1790749330457046743,FL_calflower1,0.976161835,0.000000000,-0.217043940,0.182668852,0.022406828,0.994656852,0.100775402,0.111694316,0.215884242,-0.103236367,0.970946058,-0.296930503,0.000000000,0.000000000,0.000000000,1.000000000
1790749330441384626,1790749330,441384626,1790749330457046743,FL_foot,0.732516385,0.000000000,-0.680749400,0.194191954,0.070278095,0.994656852,0.075622330,0.109199021,0.677112055,-0.103236367,0.728602441,-0.320972059,0.000000000,0.000000000,0.000000000,1.000000000
1790749330441384626,1790749330,441384626,1790749330457046743,FR_hip,1.000000000,0.000000000,0.000000000,0.193400000,0.000000000,0.991236424,-0.132099782,-0.046500000,0.000000000,0.132099782,0.991236424,0.000000000,0.000000000,0.000000000,0.000000000,1.000000000
1790749330441384626,1790749330,441384626,1790749330457046743,FR_thigh,0.687457087,-0.000000000,0.726225002,0.193400000,0.095934165,0.991236424,-0.090812932,-0.141163078,-0.719860673,0.132099782,0.681432505,-0.012615529,0.000000000,0.000000000,0.000000000,1.000000000
1790749330441384626,1790749330,441384626,1790749330457046743,FR_calf,0.767953157,-0.000000000,-0.640506010,0.038714075,-0.084610704,0.991236424,-0.101446445,-0.121819924,0.634892886,0.132099782,0.761223141,-0.157760653,0.000000000,0.000000000,0.000000000,1.000000000
1790749330441384626,1790749330,441384626,1790749330457046743,FR_calflower,0.799005374,0.000000000,-0.601323883,0.148868027,-0.079434754,0.991236424,-0.105548436,-0.108498064,0.596054135,0.132099782,0.792003229,-0.257723820,0.000000000,0.000000000,0.000000000,1.000000000
1790749330441384626,1790749330,441384626,1790749330457046743,FR_calflower1,0.986392557,0.000000000,-0.164407188,0.164930929,-0.021718154,0.991236424,-0.130302242,-0.103481779,0.162966393,0.132099782,0.977748230,-0.295364490,0.000000000,0.000000000,0.000000000,1.000000000
1790749330441384626,1790749330,441384626,1790749330457046743,FR_foot,0.767953157,-0.000000000,-0.640506010,0.175141855,-0.084610704,0.991236424,-0.101446445,-0.100211831,0.634892886,0.132099782,0.761223141,-0.319901182,0.000000000,0.000000000,0.000000000,1.000000000
1790749330441384626,1790749330,441384626,1790749330457046743,RL_hip,1.000000000,-0.000000000,0.000000000,-0.193400000,0.000000000,0.999880040,0.015488899,0.046500000,-0.000000000,-0.015488899,0.999880040,0.000000000,0.000000000,0.000000000,0.000000000,1.000000000
1790749330441384626,1790749330,441384626,1790749330457046743,RL_thigh,0.727787744,-0.000000000,0.685802450,-0.193400000,-0.010622325,0.999880040,0.011272631,0.141988544,-0.685720181,-0.015488899,0.727700438,-0.001479190,0.000000000,0.000000000,0.000000000,1.000000000
1790749330441384626,1790749330,441384626,1790749330457046743,RL_calf,0.742032080,-0.000000000,-0.670364373,-0.339475922,0.010383206,0.999880040,0.011493260,0.139587473,0.670283956,-0.015488899,0.741943065,-0.156479383,0.000000000,0.000000000,0.000000000,1.000000000
1790749330441384626,1790749330,441384626,1790749330457046743,RL_calflower,0.774608987,0.000000000,-0.632440445,-0.225421353,0.009795806,0.999880040,0.011997841,0.138094135,0.632364577,-0.015488899,0.774516065,-0.252881278,0.000000000,0.000000000,0.000000000,1.000000000
1790749330441384626,1790749330,441384626,1790749330457046743,RL_calflower1,0.979122066,0.000000000,-0.203273164,-0.207869825,0.003148478,0.999880040,0.015165523,0.137516263,0.203248780,-0.015488899,0.979004611,-0.290185566,0.000000000,0.000000000,0.000000000,1.000000000
1790749330441384626,1790749330,441384626,1790749330457046743,RL_foot,0.742032080,-0.000000000,-0.670364373,-0.196688310,0.010383206,0.999880040,0.011493260,0.137139409,0.670283956,-0.015488899,0.741943065,-0.314513256,0.000000000,0.000000000,0.000000000,1.000000000
1790749330441384626,1790749330,441384626,1790749330457046743,RR_hip,1.000000000,0.000000000,0.000000000,-0.193400000,0.000000000,0.999918147,-0.012794533,-0.046500000,0.000000000,0.012794533,0.999918147,0.000000000,0.000000000,0.000000000,0.000000000,1.000000000
1790749330441384626,1790749330,441384626,1790749330457046743,RR_thigh,0.762538921,0.000000000,0.646942342,-0.193400000,0.008277325,0.999918147,-0.009756329,-0.141992183,-0.646889388,0.012794533,0.762476505,-0.001221878,0.000000000,0.000000000,0.000000000,1.000000000
1790749330441384626,1790749330,441384626,1790749330457046743,RR_calf,0.732130757,0.000000000,-0.681164118,-0.331198719,-0.008715177,0.999918147,-0.009367271,-0.139914085,0.681108362,0.012794533,0.732070829,-0.163629373,0.000000000,0.000000000,0.000000000,1.000000000
1790749330441384626,1790749330,441384626,1790749330457046743,RR_calflower,0.765259801,0.000000000,-0.643721553,-0.215743814,-0.008236117,0.999918147,-0.009791142,-0.138702032,0.643668862,0.012794533,0.765197162,-0.258353689,0.000000000,0.000000000,0.000000000,1.000000000
1790749330441384626,1790749330,441384626,1790749330457046743,RR_calflower1,0.976038766,-0.000000000,-0.217596709,-0.197647550,-0.002784048,0.999918147,-0.012487960,-0.138228025,0.217578898,0.012794533,0.975958874,-0.295398264,0.000000000,0.000000000,0.000000000,1.000000000
1790749330441384626,1790749330,441384626,1790749330457046743,RR_foot,0.732130757,0.000000000,-0.681164118,-0.186110762,-0.008715177,0.999918147,-0.009367271,-0.137918856,0.681108362,0.012794533,0.732070829,-0.319560460,0.000000000,0.000000000,0.000000000,1.000000000
1790749330500863331,1790749330,500863331,1790749330523628055,FL_hip,1.000000000,-0.000000000,0.000000000,0.193400000,0.000000000,0.994656852,0.103236367,0.046500000,-0.000000000,-0.103236367,0.994656852,0.000000000,0.000000000,0.000000000,0.000000000,1.000000000
1790749330500863331,1790749330,500863331,1790749330523628055,FL_thigh,0.735215825,0.000000000,0.677833085,0.193400000,-0.069977025,0.994656852,0.075901011,0.141489729,-0.674211322,-0.103236367,0.731287458,-0.009859073,0.000000000,0.000000000,0.000000000,1.000000000
1790749330500863331,1790749330,500863331,1790749330523628055,FL_calf,0.733236480,-0.000000000,-0.679973724,0.049021553,0.070198017,0.994656852,0.075696670,0.125322814,0.676340523,-0.103236367,0.729318688,-0.165623302,0.000000000,0.000000000,0.000000000,1.000000000
1790749330500863331,1790749330,500863331,1790749330523628055,FL_calflower,0.766304647,0.000000000,-0.642477384,0.164322394,0.066327031,0.994656852,0.079110508,0.115523667,0.639044532,-0.103236367,0.762210167,-0.260035657,0.000000000,0.000000000,0.000000000,1.000000000
1790749330500863331,1790749330,500863331,1790749330523628055,FL_calflower1,0.976391007,0.000000000,-0.216010649,0.182358443,0.022300155,0.994656852,0.100799061,0.111695977,0.214856472,-0.103236367,0.971174005,-0.296914509,0.000000000,0.000000000,0.000000000,1.000000000
1790749330500863331,1790749330,500863331,1790749330523628055,FL_foot,0.733236480,-0.000000000,-0.679973724,0.193855956,0.070198017,0.994656852,0.075696670,0.109199423,0.676340523,-0.103236367,0.729318688,-0.320968182,0.000000000,0.000000000,0.000000000,1.000000000
1790749330500863331,1790749330,500863331,1790749330523628055,FR_hip,1.000000000,0.000000000,0.000000000,0.193400000,0.000000000,0.991232423,-0.132129796,-0.046500000,0.000000000,0.132129796,0.991232423,0.000000000,0.000000000,0.000000000,0.000000000,1.000000000
1790749330500863331,1790749330,500863331,1790749330523628055,FR_thigh,0.686819171,0.000000000,0.726828334,0.193400000,0.096035679,0.991232423,-0.090749277,-0.141162696,-0.720455811,0.132129796,0.680797431,-0.012618396,0.000000000,0.000000000,0.000000000,1.000000000
1790749330500863331,1790749330,500863331,1790749330523628055,FR_calf,0.768525393,-0.000000000,-0.639819287,0.038585565,-0.084539192,0.991232423,-0.101545103,-0.121833100,0.634209623,0.132129796,0.761787288,-0.157628248,0.000000000,0.000000000,0.000000000,1.000000000
1790749330500863331,1790749330,500863331,1790749330523628055,FR_calflower,0.799542573,0.000000000,-0.600609419,0.148649327,-0.079358400,0.991232423,-0.105643397,-0.108495209,0.595343530,0.132129796,0.792532522,-0.257688574,0.000000000,0.000000000,0.000000000,1.000000000
1790749330500863331,1790749330,500863331,1790749330523628055,FR_calflower1,0.986539125,-0.000000000,-0.163525395,0.164678278,-0.021606577,0.991232423,-0.130351213,-0.103475889,0.162091674,0.132129796,0.977889568,-0.295343311,0.000000000,0.000000000,0.000000000,1.000000000
1790749330500863331,1790749330,500863331,1790749330523628055,FR_foot,0.768525393,-0.000000000,-0.639819287,0.174867073,-0.084539192,0.991232423,-0.101545103,-0.100203993,0.634209623,0.132129796,0.761787288,-0.319888941,0.000000000,0.000000000,0.000000000,1.000000000
1790749330500863331,1790749330,500863331,1790749330523628055,RL_hip,1.000000000,-0.000000000,0.000000000,-0.193400000,0.000000000,0.999879100,0.015549450,0.046500000,-0.000000000,-0.015549450,0.999879100,0.000000000,0.000000000,0.000000000,0.000000000,1.000000000
1790749330500863331,1790749330,500863331,1790749330523628055,RL_thigh,0.727122947,0.000000000,0.686507262,-0.193400000,-0.010674811,0.999879100,0.011306362,0.141988454,-0.686424263,-0.015549450,0.727035037,-0.001484973,0.000000000,0.000000000,0.000000000,1.000000000
1790749330500863331,1790749330,500863331,1790749330523628055,RL_calf,0.742670692,0.000000000,-0.669656810,-0.339626047,0.010412795,0.999879100,0.011548121,0.139580199,0.669575848,-0.015549450,0.742580903,-0.156343435,0.000000000,0.000000000,0.000000000,1.000000000
1790749330500863331,1790749330,500863331,1790749330523628055,RL_calflower,0.775211438,-0.000000000,-0.631701849,-0.225663425,0.009822616,0.999879100,0.012054112,0.138079333,0.631625476,-0.015549450,0.775117715,-0.252853892,0.000000000,0.000000000,0.000000000,1.000000000
1790749330500863331,1790749330,500863331,1790749330523628055,RL_calflower1,0.979315369,0.000000000,-0.202339834,-0.208147466,0.003146273,0.999879100,0.015227816,0.137498942,0.202315371,-0.015549450,0.979196970,-0.290174856,0.000000000,0.000000000,0.000000000,1.000000000
1790749330500863331,1790749330,500863331,1790749330523628055,RL_foot,0.742670692,0.000000000,-0.669656810,-0.196989146,0.010412795,0.999879100,0.011548121,0.137120449,0.669575848,-0.015549450,0.742580903,-0.314513168,0.000000000,0.000000000,0.000000000,1.000000000
1790749330500863331,1790749330,500863331,1790749330523628055,RR_hip,1.000000000,0.000000000,0.000000000,-0.193400000,0.000000000,0.999919305,-0.012703708,-0.046500000,0.000000000,0.012703708,0.999919305,0.000000000,0.000000000,0.000000000,0.000000000,1.000000000
1790749330500863331,1790749330,500863331,1790749330523628055,RR_thigh,0.761950940,-0.000000000,0.647634746,-0.193400000,0.008227362,0.999919305,-0.009679602,-0.141992294,-0.647582485,0.012703708,0.761889455,-0.001213204,0.000000000,0.000000000,0.000000000,1.000000000
1790749330500863331,1790749330,500863331,1790749330523628055,RR_calf,0.732749207,-0.000000000,-0.680498788,-0.331346201,-0.008644858,0.999919305,-0.009308632,-0.139930538,0.680443874,0.012703708,0.732690077,-0.163495658,0.000000000,0.000000000,0.000000000,1.000000000
1790749330500863331,1790749330,500863331,1790749330523628055,RR_calflower,0.765844225,0.000000000,-0.643026145,-0.215977396,-0.008168816,0.999919305,-0.009729061,-0.138725758,0.642974255,0.012703708,0.765782425,-0.258324912,0.000000000,0.000000000,0.000000000,1.000000000
1790749330500863331,1790749330,500863331,1790749330523628055,RR_calflower1,0.976236022,0.000000000,-0.216710011,-0.197914793,-0.002753021,0.999919305,-0.012401817,-0.138254907,0.216692523,0.012703708,0.976157245,-0.295385951,0.000000000,0.000000000,0.000000000,1.000000000
1790749330500863331,1790749330,500863331,1790749330523628055,RR_foot,0.732749207,-0.000000000,-0.680498788,-0.186399959,-0.008644858,0.999919305,-0.009308632,-0.137947800,0.680443874,0.012703708,0.732690077,-0.319558644,0.000000000,0.000000000,0.000000000,1.000000000
1790749331040744899,1790749331,40744899,1790749331056987357,FL_hip,1.000000000,-0.000000000,0.000000000,0.193400000,0.000000000,0.994625548,0.103537521,0.046500000,-0.000000000,-0.103537521,0.994625548,0.000000000,0.000000000,0.000000000,0.000000000,1.000000000
1790749331040744899,1790749331,40744899,1790749331056987357,FL_thigh,0.731077111,0.000000000,0.682294847,0.193400000,-0.070643117,0.994625548,0.075693912,0.141486740,-0.678627887,-0.103537521,0.727147972,-0.009887833,0.000000000,0.000000000,0.000000000,1.000000000
1790749331040744899,1790749331,40744899,1790749331056987357,FL_calf,0.737307637,0.000000000,-0.675557139,0.048071198,0.069945512,0.994625548,0.076339005,0.125363937,0.671926390,-0.103537521,0.733345013,-0.164770351,0.000000000,0.000000000,0.000000000,1.000000000
1790749331040744899,1790749331,40744899,1790749331056987357,FL_calflower,0.770149979,-0.000000000,-0.637862845,0.162799807,0.066042738,0.994625548,0.079739420,0.115464674,0.634434682,-0.103537521,0.766010846,-0.259866886,0.000000000,0.000000000,0.000000000,1.000000000
1790749331040744899,1790749331,40744899,1790749331056987357,FL_calflower1,0.977670900,0.000000000,-0.210141882,0.180612821,0.021757570,0.994625548,0.101225622,0.111614670,0.209012485,-0.103537521,0.972416455,-0.296851666,0.000000000,0.000000000,0.000000000,1.000000000
1790749331040744899,1790749331,40744899,1790749331056987357,FL_foot,0.737307637,0.000000000,-0.675557139,0.191964868,0.069945512,0.994625548,0.076339005,0.109103729,0.671926390,-0.103537521,0.733345013,-0.320972839,0.000000000,0.000000000,0.000000000,1.000000000
1790749331040744899,1790749331,40744899,1790749331056987357,FR_hip,1.000000000,0.000000000,0.000000000,0.193400000,0.000000000,0.991272378,-0.131829712,-0.046500000,0.000000000,0.131829712,0.991272378,0.000000000,0.000000000,0.000000000,0.000000000,1.000000000
1790749331040744899,1790749331,40744899,1790749331056987357,FR_thigh,0.682715076,0.000000000,0.730684696,0.193400000,0.096325953,0.991272378,-0.090002132,-0.141166512,-0.724307556,0.131829712,0.676756597,-0.012589738,0.000000000,0.000000000,0.000000000,1.000000000
1790749331040744899,1790749331,40744899,1790749331056987357,FR_calf,0.772166557,-0.000000000,-0.635420182,0.037764160,-0.083767260,0.991272378,-0.101794495,-0.121996058,0.629874475,0.131829712,0.765427379,-0.156738893,0.000000000,0.000000000,0.000000000,1.000000000
1790749331040744899,1790749331,40744899,1790749331056987357,FR_calflower,0.802959323,-0.000000000,-0.596033829,0.147249678,-0.078574968,0.991272378,-0.105853896,-0.108605818,0.590831871,0.131829712,0.795951397,-0.257424655,0.000000000,0.000000000,0.000000000,1.000000000
1790749331040744899,1790749331,40744899,1790749331056987357,FR_calflower1,0.987456853,0.000000000,-0.157889086,0.163061438,-0.020814473,0.991272378,-0.130176153,-0.103585912,0.156511090,0.131829712,0.978838703,-0.295171030,0.000000000,0.000000000,0.000000000,1.000000000
1790749331040744899,1790749331,40744899,1790749331056987357,FR_foot,0.772166557,-0.000000000,-0.635420182,0.173108659,-0.083767260,0.991272378,-0.101794495,-0.100313831,0.629874475,0.131829712,0.765427379,-0.319774924,0.000000000,0.000000000,0.000000000,1.000000000
1790749331040744899,1790749331,40744899,1790749331056987357,RL_hip,1.000000000,-0.000000000,0.000000000,-0.193400000,0.000000000,0.999878629,0.015579726,0.046500000,-0.000000000,-0.015579726,0.999878629,0.000000000,0.000000000,0.000000000,0.000000000,1.000000000
1790749331040744899,1790749331,40744899,1790749331056987357,RL_thigh,0.723621567,0.000000000,0.690196949,-0.193400000,-0.010753079,0.999878629,0.011273826,0.141988409,-0.690113179,-0.015579726,0.723533740,-0.001487864,0.000000000,0.000000000,0.000000000,1.000000000
1790749331040744899,1790749331,40744899,1790749331056987357,RL_calf,0.746214575,-0.000000000,-0.665705497,-0.340411950,0.010371509,0.999878629,0.011625818,0.139587084,0.665624699,-0.015579726,0.746124006,-0.155600550,0.000000000,0.000000000,0.000000000,1.000000000
1790749331040744899,1790749331,40744899,1790749331056987357,RL_calflower,0.778553408,0.000000000,-0.627578354,-0.226963245,0.009777499,0.999878629,0.012129649,0.138073893,0.627502184,-0.015579726,0.778458914,-0.252714409,0.000000000,0.000000000,0.000000000,1.000000000
1790749331040744899,1790749331,40744899,1790749331056987357,RL_calflower1,0.980375535,0.000000000,-0.197139063,-0.209645645,0.003071373,0.999878629,0.015273982,0.137490932,0.197115135,-0.015579726,0.980256546,-0.290127788,0.000000000,0.000000000,0.000000000,1.000000000
1790749331040744899,1790749331,40744899,1790749331056987357,RL_foot,0.746214575,-0.000000000,-0.665705497,-0.198616679,0.010371509,0.999878629,0.011625818,0.137110785,0.665624699,-0.015579726,0.746124006,-0.314524964,0.000000000,0.000000000,0.000000000,1.000000000
1790749331040744899,1790749331,40744899,1790749331056987357,RR_hip,1.000000000,0.000000000,0.000000000,-0.193400000,0.000000000,0.999918147,-0.012794533,-0.046500000,0.000000000,0.012794533,0.999918147,0.000000000,0.000000000,0.000000000,0.000000000,1.000000000
1790749331040744899,1790749331,40744899,1790749331056987357,RR_thigh,0.757699183,0.000000000,0.652603975,-0.193400000,0.008349763,0.999918147,-0.009694407,-0.141992183,-0.652550557,0.012794533,0.757637163,-0.001221878,0.000000000,0.000000000,0.000000000,1.000000000
1790749331040744899,1790749331,40744899,1790749331056987357,RR_calf,0.737194640,-0.000000000,-0.675680444,-0.332404647,-0.008645016,0.999918147,-0.009432061,-0.139927274,0.675625138,0.012794533,0.737134298,-0.162598594,0.000000000,0.000000000,0.000000000,1.000000000
1790749331040744899,1790749331,40744899,1790749331056987357,RR_calflower,0.770043286,0.000000000,-0.637991644,-0.217660048,-0.008162805,0.999918147,-0.009852344,-0.138704230,0.637939422,0.012794533,0.769980255,-0.258181967,0.000000000,0.000000000,0.000000000,1.000000000
1790749331040744899,1790749331,40744899,1790749331056987357,RR_calflower1,0.977635740,0.000000000,-0.210305396,-0.199840815,-0.002690759,0.999918147,-0.012508393,-0.138228508,0.210288181,0.012794533,0.977555717,-0.295360571,0.000000000,0.000000000,0.000000000,1.000000000
1790749331040744899,1790749331,40744899,1790749331056987357,RR_foot,0.737194640,-0.000000000,-0.675680444,-0.188484712,-0.008645016,0.999918147,-0.009432061,-0.137918245,0.675625138,0.012794533,0.737134298,-0.319608199,0.000000000,0.000000000,0.000000000,1.000000000
1790749331114836402,1790749331,114836402,1790749331123634904,FL_hip,1.000000000,-0.000000000,0.000000000,0.193400000,0.000000000,0.994628683,0.103507405,0.046500000,-0.000000000,-0.103507405,0.994628683,0.000000000,0.000000000,0.000000000,0.000000000,1.000000000
1790749331114836402,1790749331,114836402,1790749331123634904,FL_thigh,0.730725805,-0.000000000,0.682671076,0.193400000,-0.070661511,0.994628683,0.075635532,0.141487039,-0.679004233,-0.103507405,0.726800845,-0.009884957,0.000000000,0.000000000,0.000000000,1.000000000
1790749331114836402,1790749331,114836402,1790749331123634904,FL_calf,0.737644655,0.000000000,-0.675189131,0.047991061,0.069887075,0.994628683,0.076351684,0.125376671,0.671562476,-0.103507405,0.733682532,-0.164693537,0.000000000,0.000000000,0.000000000,1.000000000
1790749331114836402,1790749331,114836402,1790749331123634904,FL_calflower,0.770468184,0.000000000,-0.637478453,0.162671945,0.065983740,0.994628683,0.079749162,0.115474363,0.634054354,-0.103507405,0.766329755,-0.259847303,0.000000000,0.000000000,0.000000000,1.000000000
1790749331114836402,1790749331,114836402,1790749331123634904,FL_calflower1,0.977775641,0.000000000,-0.209653989,0.180466402,0.021700740,0.994628683,0.101207019,0.111624559,0.208527871,-0.103507405,0.972523699,-0.296841036,0.000000000,0.000000000,0.000000000,1.000000000
1790749331114836402,1790749331,114836402,1790749331123634904,FL_foot,0.737644655,0.000000000,-0.675189131,0.191806346,0.069887075,0.994628683,0.076351684,0.109113762,0.671562476,-0.103507405,0.733682532,-0.320967917,0.000000000,0.000000000,0.000000000,1.000000000
1790749331114836402,1790749331,114836402,1790749331123634904,FR_hip,1.000000000,0.000000000,0.000000000,0.193400000,0.000000000,0.991288337,-0.131709652,-0.046500000,0.000000000,0.131709652,0.991288337,0.000000000,0.000000000,0.000000000,0.000000000,1.000000000
1790749331114836402,1790749331,114836402,1790749331123634904,FR_thigh,0.682316777,0.000000000,0.731056643,0.193400000,0.096287216,0.991288337,-0.089867705,-0.141168036,-0.724687925,0.131709652,0.676372663,-0.012578272,0.000000000,0.000000000,0.000000000,1.000000000
1790749331114836402,1790749331,114836402,1790749331123634904,FR_calf,0.772522792,0.000000000,-0.634987036,0.037684935,-0.083633921,0.991288337,-0.101748708,-0.122026215,0.629455243,0.131709652,0.765792834,-0.156645649,0.000000000,0.000000000,0.000000000,1.000000000
1790749331114836402,1790749331,114836402,1790749331123634904,FR_calflower,0.803293464,0.000000000,-0.595583420,0.147113472,-0.078444085,0.991288337,-0.105801502,-0.108640085,0.590394898,0.131709652,0.796295443,-0.257393884,0.000000000,0.000000000,0.000000000,1.000000000
1790749331114836402,1790749331,114836402,1790749331123634904,FR_calflower1,0.987545245,0.000000000,-0.157335276,0.162903874,-0.020722574,0.991288337,-0.130069240,-0.103623584,0.155964624,0.131709652,0.978942084,-0.295149650,0.000000000,0.000000000,0.000000000,1.000000000
1790749331114836402,1790749331,114836402,1790749331123634904,FR_foot,0.772522792,0.000000000,-0.634987036,0.172937174,-0.083633921,0.991288337,-0.101748708,-0.100353740,0.629455243,0.131709652,0.765792834,-0.319759523,0.000000000,0.000000000,0.000000000,1.000000000
1790749331114836402,1790749331,114836402,1790749331123634904,RL_hip,1.000000000,-0.000000000,0.000000000,-0.193400000,0.000000000,0.999877683,0.015640277,0.046500000,-0.000000000,-0.015640277,0.999877683,0.000000000,0.000000000,0.000000000,0.000000000,1.000000000
1790749331114836402,1790749331,114836402,1790749331123634904,RL_thigh,0.723391642,-0.000000000,0.690437928,-0.193400000,-0.010798640,0.999877683,0.011314045,0.141988319,-0.690353476,-0.015640277,0.723303159,-0.001493646,0.000000000,0.000000000,0.000000000,1.000000000
1790749331114836402,1790749331,114836402,1790749331123634904,RL_calf,0.746415238,0.000000000,-0.665480498,-0.340463279,0.010408299,0.999877683,0.011674141,0.139578427,0.665399098,-0.015640277,0.746323939,-0.155557219,0.000000000,0.000000000,0.000000000,1.000000000
1790749331114836402,1790749331,114836402,1790749331123634904,RL_calflower,0.778742576,0.000000000,-0.627343607,-0.227043860,0.009811828,0.999877683,0.012179749,0.138058820,0.627266872,-0.015640277,0.778647322,-0.252705180,0.000000000,0.000000000,0.000000000,1.000000000
1790749331114836402,1790749331,114836402,1790749331123634904,RL_calflower1,0.980434924,0.000000000,-0.196843490,-0.209737542,0.003078687,0.999877683,0.015334274,0.137473512,0.196819412,-0.015640277,0.980315001,-0.290123742,0.000000000,0.000000000,0.000000000,1.000000000
1790749331114836402,1790749331,114836402,1790749331123634904,RL_foot,0.746415238,0.000000000,-0.665480498,-0.198715933,0.010408299,0.999877683,0.011674141,0.137091835,0.665399098,-0.015640277,0.746323939,-0.314524218,0.000000000,0.000000000,0.000000000,1.000000000
1790749331114836402,1790749331,114836402,1790749331123634904,RR_hip,1.000000000,0.000000000,0.000000000,-0.193400000,0.000000000,0.999919305,-0.012703708,-0.046500000,0.000000000,0.012703708,0.999919305,0.000000000,0.000000000,0.000000000,0.000000000,1.000000000
1790749331114836402,1790749331,114836402,1790749331123634904,RR_thigh,0.757501545,0.000000000,0.652833370,-0.193400000,0.008293404,0.999919305,-0.009623078,-0.141992294,-0.652780689,0.012703708,0.757440419,-0.001213204,0.000000000,0.000000000,0.000000000,1.000000000
1790749331114836402,1790749331,114836402,1790749331123634904,RR_calf,0.737388487,0.000000000,-0.675468888,-0.332453508,-0.008580959,0.999919305,-0.009367568,-0.139942578,0.675414381,0.012703708,0.737328983,-0.162548013,0.000000000,0.000000000,0.000000000,1.000000000
1790749331114836402,1790749331,114836402,1790749331123634904,RR_calflower,0.770226317,0.000000000,-0.637770664,-0.217736343,-0.008102052,0.999919305,-0.009784730,-0.138727797,0.637719199,0.012703708,0.770164164,-0.258164415,0.000000000,0.000000000,0.000000000,1.000000000
1790749331114836402,1790749331,114836402,1790749331123634904,RR_calflower1,0.977696044,0.000000000,-0.210024867,-0.199927779,-0.002668094,0.999919305,-0.012420365,-0.138255387,0.210007919,0.012703708,0.977617149,-0.295348174,0.000000000,0.000000000,0.000000000,1.000000000
1790749331114836402,1790749331,114836402,1790749331123634904,RR_foot,0.737388487,0.000000000,-0.675468888,-0.188578635,-0.008580959,0.999919305,-0.009367568,-0.137947286,0.675414381,0.012703708,0.737328983,-0.319599087,0.000000000,0.000000000,0.000000000,1.000000000
1790749331181379626,1790749331,181379626,1790749331190243793,FL_hip,1.000000000,-0.000000000,0.000000000,0.193400000,0.000000000,0.994619277,0.103597747,0.046500000,-0.000000000,-0.103597747,0.994619277,0.000000000,0.000000000,0.000000000,0.000000000,1.000000000
1790749331181379626,1790749331,181379626,1790749331190243793,FL_thigh,0.729960572,0.000000000,0.683489257,0.193400000,-0.070807947,0.994619277,0.075622270,0.141486141,-0.679811591,-0.103597747,0.726032856,-0.009893585,0.000000000,0.000000000,0.000000000,1.000000000
1790749331181379626,1790749331,181379626,1790749331190243793,FL_calf,0.738368590,-0.000000000,-0.674397379,0.047816788,0.069866049,0.994619277,0.076493322,0.125378597,0.670768634,-0.103597747,0.734395633,-0.164538583,0.000000000,0.000000000,0.000000000,1.000000000
1790749331181379626,1790749331,181379626,1790749331190243793,FL_calflower,0.771151642,0.000000000,-0.636651510,0.162394972,0.065955662,0.994619277,0.079889572,0.115454907,0.633225864,-0.103597747,0.767002289,-0.259813764,0.000000000,0.000000000,0.000000000,1.000000000
1790749331181379626,1790749331,181379626,1790749331190243793,FL_calflower1,0.978000001,0.000000000,-0.208604887,0.180149516,0.021610996,0.994619277,0.101318596,0.111599767,0.207482442,-0.103597747,0.972737654,-0.296826114,0.000000000,0.000000000,0.000000000,1.000000000
1790749331181379626,1790749331,181379626,1790749331190243793,FL_foot,0.738368590,-0.000000000,-0.674397379,0.191463430,0.069866049,0.994619277,0.076493322,0.109085520,0.670768634,-0.103597747,0.734395633,-0.320964853,0.000000000,0.000000000,0.000000000,1.000000000
1790749331181379626,1790749331,181379626,1790749331190243793,FR_hip,1.000000000,0.000000000,0.000000000,0.193400000,0.000000000,0.991292325,-0.131679636,-0.046500000,0.000000000,0.131679636,0.991292325,0.000000000,0.000000000,0.000000000,0.000000000,1.000000000
1790749331181379626,1790749331,181379626,1790749331190243793,FR_thigh,0.681364404,0.000000000,0.731944362,0.193400000,0.096382167,0.991292325,-0.089721817,-0.141168417,-0.725570828,0.131679636,0.675431304,-0.012575405,0.000000000,0.000000000,0.000000000,1.000000000
1790749331181379626,1790749331,181379626,1790749331190243793,FR_calf,0.773348855,0.000000000,-0.633980716,0.037495851,-0.083482350,0.991292325,-0.101834296,-0.122057670,0.628460218,0.131679636,0.766614784,-0.156442273,0.000000000,0.000000000,0.000000000,1.000000000
1790749331181379626,1790749331,181379626,1790749331190243793,FR_calflower,0.804068200,-0.000000000,-0.594537072,0.146791974,-0.078288425,0.991292325,-0.105879408,-0.108655841,0.589360037,0.131679636,0.797066635,-0.257332057,0.000000000,0.000000000,0.000000000,1.000000000
1790749331181379626,1790749331,181379626,1790749331190243793,FR_calflower1,0.987749250,-0.000000000,-0.156049414,0.162532775,-0.020548530,0.991292325,-0.130066462,-0.103637781,0.154690587,0.131679636,0.979148250,-0.295108323,0.000000000,0.000000000,0.000000000,1.000000000
1790749331181379626,1790749331,181379626,1790749331190243793,FR_foot,0.773348855,0.000000000,-0.633980716,0.172533743,-0.083482350,0.991292325,-0.101834296,-0.100366965,0.628460218,0.131679636,0.766614784,-0.319731222,0.000000000,0.000000000,0.000000000,1.000000000
1790749331181379626,1790749331,181379626,1790749331190243793,RL_hip,1.000000000,-0.000000000,0.000000000,-0.193400000,0.000000000,0.999877209,0.015670552,0.046500000,-0.000000000,-0.015670552,0.999877209,0.000000000,0.000000000,0.000000000,0.000000000,1.000000000
1790749331181379626,1790749331,181379626,1790749331190243793,RL_thigh,0.722889751,0.000000000,0.690963391,-0.193400000,-0.010827778,0.999877209,0.011328082,0.141988273,-0.690878547,-0.015670552,0.722800987,-0.001496538,0.000000000,0.000000000,0.000000000,1.000000000
1790749331181379626,1790749331,181379626,1790749331190243793,RL_calf,0.746919611,0.000000000,-0.664914352,-0.340575202,0.010419575,0.999877209,0.011704643,0.139575392,0.664832706,-0.015670552,0.746827896,-0.155453148,0.000000000,0.000000000,0.000000000,1.000000000
1790749331181379626,1790749331,181379626,1790749331190243793,RL_calflower,0.779218023,0.000000000,-0.626752960,-0.227229486,0.009821565,0.999877209,0.012210777,0.138051496,0.626676001,-0.015670552,0.779122342,-0.252687022,0.000000000,0.000000000,0.000000000,1.000000000
1790749331181379626,1790749331,181379626,1790749331190243793,RL_calflower1,0.980583895,0.000000000,-0.196100037,-0.209951548,0.003072996,0.999877209,0.015366291,0.137464850,0.196075958,-0.015670552,0.980463489,-0.290118676,0.000000000,0.000000000,0.000000000,1.000000000
1790749331181379626,1790749331,181379626,1790749331190243793,RL_foot,0.746919611,0.000000000,-0.664914352,-0.198948445,0.010419575,0.999877209,0.011704643,0.137082303,0.664832706,-0.015670552,0.746827896,-0.314527490,0.000000000,0.000000000,0.000000000,1.000000000
1790749331181379626,1790749331,181379626,1790749331190243793,RR_hip,1.000000000,0.000000000,0.000000000,-0.193400000,0.000000000,0.999919689,-0.012673432,-0.046500000,0.000000000,0.012673432,0.999919689,0.000000000,0.000000000,0.000000000,0.000000000,1.000000000
1790749331181379626,1790749331,181379626,1790749331190243793,RR_thigh,0.756888505,0.000000000,0.653544024,-0.193400000,0.008282646,0.999919689,-0.009592375,-0.141992330,-0.653491537,0.012673432,0.756827718,-0.001210313,0.000000000,0.000000000,0.000000000,1.000000000
1790749331181379626,1790749331,181379626,1790749331190243793,RR_calf,0.738011495,0.000000000,-0.674788140,-0.332604877,-0.008551881,0.999919689,-0.009353138,-0.139949154,0.674733946,0.012673432,0.737952224,-0.162414617,0.000000000,0.000000000,0.000000000,1.000000000
1790749331181379626,1790749331,181379626,1790749331190243793,RR_calflower,0.770814523,-0.000000000,-0.637059629,-0.217976002,-0.008073732,0.999919689,-0.009768865,-0.138735928,0.637008466,0.012673432,0.770752618,-0.258136867,0.000000000,0.000000000,0.000000000,1.000000000
1790749331181379626,1790749331,181379626,1790749331190243793,RR_calflower1,0.977889439,-0.000000000,-0.209122561,-0.200201763,-0.002650300,0.999919689,-0.012393215,-0.138264436,0.209105766,0.012673432,0.977810903,-0.295337056,0.000000000,0.000000000,0.000000000,1.000000000
1790749331181379626,1790749331,181379626,1790749331190243793,RR_foot,0.738011495,0.000000000,-0.674788140,-0.188875003,-0.008551881,0.999919689,-0.009353138,-0.137956936,0.674733946,0.012673432,0.737952224,-0.319598441,0.000000000,0.000000000,0.000000000,1.000000000
1790749331252807148,1790749331,252807148,1790749331257017896,FL_hip,1.000000000,-0.000000000,0.000000000,0.193400000,0.000000000,0.994609863,0.103688087,0.046500000,-0.000000000,-0.103688087,0.994609863,0.000000000,0.000000000,0.000000000,0.000000000,1.000000000
1790749331252807148,1790749331,252807148,1790749331257017896,FL_thigh,0.729277297,0.000000000,0.684218257,0.193400000,-0.070945283,0.994609863,0.075617368,0.141485242,-0.680530228,-0.103688087,0.725346393,-0.009902212,0.000000000,0.000000000,0.000000000,1.000000000
1790749331252807148,1790749331,252807148,1790749331257017896,FL_calf,0.739031447,-0.000000000,-0.673670929,0.047661511,0.069851650,0.994609863,0.076628757,0.125378743,0.670039751,-0.103688087,0.735047966,-0.164400994,0.000000000,0.000000000,0.000000000,1.000000000
1790749331252807148,1790749331,252807148,1790749331257017896,FL_calflower,0.771777363,0.000000000,-0.635892838,0.162145438,0.065934512,0.994609863,0.080024119,0.115434719,0.632465289,-0.103688087,0.767617378,-0.259787298,0.000000000,0.000000000,0.000000000,1.000000000
1790749331252807148,1790749331,252807148,1790749331257017896,FL_calflower1,0.978204673,-0.000000000,-0.207643004,0.179863378,0.021530106,0.994609863,0.101428172,0.111574410,0.206523780,-0.103688087,0.972932016,-0.296816646,0.000000000,0.000000000,0.000000000,1.000000000
1790749331252807148,1790749331,252807148,1790749331257017896,FL_foot,0.739031447,-0.000000000,-0.673670929,0.191153419,0.069851650,0.994609863,0.076628757,0.109056817,0.670039751,-0.103688087,0.735047966,-0.320966211,0.000000000,0.000000000,0.000000000,1.000000000
1790749331252807148,1790749331,252807148,1790749331257017896,FR_hip,1.000000000,0.000000000,0.000000000,0.193400000,0.000000000,0.991296312,-0.131649621,-0.046500000,0.000000000,0.131649621,0.991296312,0.000000000,0.000000000,0.000000000,0.000000000,1.000000000
1790749331252807148,1790749331,252807148,1790749331257017896,FR_thigh,0.680832364,0.000000000,0.732439275,0.193400000,0.096425353,0.991296312,-0.089631322,-0.141168798,-0.726064352,0.131649621,0.674906611,-0.012572539,0.000000000,0.000000000,0.000000000,1.000000000
1790749331252807148,1790749331,252807148,1790749331257017896,FR_calf,0.773829336,-0.000000000,-0.633394157,0.037390434,-0.083386100,0.991296312,-0.101874338,-0.122077326,0.627881292,0.131649621,0.767094167,-0.156327647,0.000000000,0.000000000,0.000000000,1.000000000
1790749331252807148,1790749331,252807148,1790749331257017896,FR_calflower,0.804518765,-0.000000000,-0.593927232,0.146609356,-0.078190295,0.991296312,-0.105914590,-0.108667646,0.588757875,0.131649621,0.797516484,-0.257299958,0.000000000,0.000000000,0.000000000,1.000000000
1790749331252807148,1790749331,252807148,1790749331257017896,FR_calflower1,0.987867287,-0.000000000,-0.155300428,0.162321258,-0.020445242,0.991296312,-0.130052354,-0.103649159,0.153948741,0.131649621,0.979269198,-0.295088196,0.000000000,0.000000000,0.000000000,1.000000000
1790749331252807148,1790749331,252807148,1790749331257017896,FR_foot,0.773829336,-0.000000000,-0.633394157,0.172303390,-0.083386100,0.991296312,-0.101874338,-0.100378092,0.627881292,0.131649621,0.767094167,-0.319718704,0.000000000,0.000000000,0.000000000,1.000000000
1790749331252807148,1790749331,252807148,1790749331257017896,RL_hip,1.000000000,-0.000000000,0.000000000,-0.193400000,0.000000000,0.999878157,0.015610001,0.046500000,-0.000000000,-0.015610001,0.999878157,0.000000000,0.000000000,0.000000000,0.000000000,1.000000000
1790749331252807148,1790749331,252807148,1790749331257017896,RL_thigh,0.722429353,0.000000000,0.691444741,-0.193400000,-0.010793453,0.999878157,0.011277123,0.141988364,-0.691360493,-0.015610001,0.722341329,-0.001490755,0.000000000,0.000000000,0.000000000,1.000000000
1790749331252807148,1790749331,252807148,1790749331257017896,RL_calf,0.747393855,0.000000000,-0.664381235,-0.340677730,0.010370992,0.999878157,0.011666819,0.139586337,0.664300284,-0.015610001,0.747302790,-0.155349458,0.000000000,0.000000000,0.000000000,1.000000000
1790749331252807148,1790749331,252807148,1790749331257017896,RL_calflower,0.779665030,0.000000000,-0.626196807,-0.227401430,0.009774933,0.999878157,0.012170572,0.138067067,0.626120509,-0.015610001,0.779570033,-0.252664266,0.000000000,0.000000000,0.000000000,1.000000000
1790749331252807148,1790749331,252807148,1790749331257017896,RL_calflower1,0.980723568,0.000000000,-0.195400314,-0.210150208,0.003050199,0.999878157,0.015309096,0.137482495,0.195376506,-0.015610001,0.980604073,-0.290108272,0.000000000,0.000000000,0.000000000,1.000000000
1790749331252807148,1790749331,252807148,1790749331257017896,RL_foot,0.747393855,0.000000000,-0.664381235,-0.199164527,0.010370992,0.999878157,0.011666819,0.137101304,0.664300284,-0.015610001,0.747302790,-0.314524953,0.000000000,0.000000000,0.000000000,1.000000000
1790749331252807148,1790749331,252807148,1790749331257017896,RR_hip,1.000000000,0.000000000,0.000000000,-0.193400000,0.000000000,0.999919305,-0.012703708,-0.046500000,0.000000000,0.012703708,0.999919305,0.000000000,0.000000000,0.000000000,0.000000000,1.000000000
1790749331252807148,1790749331,252807148,1790749331257017896,RR_thigh,0.756096400,0.000000000,0.654460262,-0.193400000,0.008314072,0.999919305,-0.009605228,-0.141992294,-0.654407450,0.012703708,0.756035386,-0.001213204,0.000000000,0.000000000,0.000000000,1.000000000
1790749331252807148,1790749331,252807148,1790749331257017896,RR_calf,0.738817550,0.000000000,-0.673905504,-0.332800036,-0.008561098,0.999919305,-0.009385722,-0.139946380,0.673851123,0.012703708,0.738757931,-0.162248741,0.000000000,0.000000000,0.000000000,1.000000000
1790749331252807148,1790749331,252807148,1790749331257017896,RR_calflower,0.771575457,0.000000000,-0.636137810,-0.218285670,-0.008081309,0.999919305,-0.009801869,-0.138728515,0.636086477,0.012703708,0.771513195,-0.258107893,0.000000000,0.000000000,0.000000000,1.000000000
1790749331252807148,1790749331,252807148,1790749331257017896,RR_calflower1,0.978138707,-0.000000000,-0.207953529,-0.200555912,-0.002641781,0.999919305,-0.012425988,-0.138255627,0.207936748,0.012703708,0.978059776,-0.295329285,0.000000000,0.000000000,0.000000000,1.000000000
1790749331252807148,1790749331,252807148,1790749331257017896,RR_foot,0.738817550,0.000000000,-0.673905504,-0.189258163,-0.008561098,0.999919305,-0.009385722,-0.137947221,0.673851123,0.012703708,0.738757931,-0.319604181,0.000000000,0.000000000,0.000000000,1.000000000
1790749331314666143,1790749331,314666143,1790749331323705799,FL_hip,1.000000000,-0.000000000,0.000000000,0.193400000,0.000000000,0.994603582,0.103748319,0.046500000,-0.000000000,-0.103748319,0.994603582,0.000000000,0.000000000,0.000000000,0.000000000,1.000000000
1790749331314666143,1790749331,314666143,1790749331323705799,FL_thigh,0.728842122,0.000000000,0.684681796,0.193400000,-0.071034585,0.994603582,0.075616145,0.141484642,-0.680986967,-0.103748319,0.724908986,-0.009907964,0.000000000,0.000000000,0.000000000,1.000000000
1790749331314666143,1790749331,314666143,1790749331323705799,FL_calf,0.739491558,0.000000000,-0.673165830,0.047562778,0.069839823,0.994603582,0.076721006,0.125378403,0.669533146,-0.103748319,0.735500953,-0.164313578,0.000000000,0.000000000,0.000000000,1.000000000
1790749331314666143,1790749331,314666143,1790749331323705799,FL_calflower,0.772211656,0.000000000,-0.635365374,0.161981152,0.065918090,0.994603582,0.080115661,0.115420491,0.631936678,-0.103748319,0.768044479,-0.259777057,0.000000000,0.000000000,0.000000000,1.000000000
1790749331314666143,1790749331,314666143,1790749331323705799,FL_calflower1,0.978346317,0.000000000,-0.206974600,0.179673650,0.021473267,0.994603582,0.101501786,0.111556683,0.205857678,-0.103748319,0.973066751,-0.296818203,0.000000000,0.000000000,0.000000000,1.000000000
1790749331314666143,1790749331,314666143,1790749331323705799,FL_foot,0.739491558,0.000000000,-0.673165830,0.190947099,0.069839823,0.994603582,0.076721006,0.109036829,0.669533146,-0.103748319,0.735500953,-0.320975281,0.000000000,0.000000000,0.000000000,1.000000000
1790749331314666143,1790749331,314666143,1790749331323705799,FR_hip,1.000000000,0.000000000,0.000000000,0.193400000,0.000000000,0.991304282,-0.131589589,-0.046500000,0.000000000,0.131589589,0.991304282,0.000000000,0.000000000,0.000000000,0.000000000,1.000000000
1790749331314666143,1790749331,314666143,1790749331323705799,FR_thigh,0.680433065,0.000000000,0.732810237,0.193400000,0.096430198,0.991304282,-0.089537907,-0.141169559,-0.726437926,0.131589589,0.674516211,-0.012566806,0.000000000,0.000000000,0.000000000,1.000000000
1790749331314666143,1790749331,314666143,1790749331323705799,FR_calf,0.774184397,-0.000000000,-0.632960125,0.037311419,-0.083290963,0.991304282,-0.101874607,-0.122097985,0.627456082,0.131589589,0.767452308,-0.156238759,0.000000000,0.000000000,0.000000000,1.000000000
1790749331314666143,1790749331,314666143,1790749331323705799,FR_calflower,0.804851689,0.000000000,-0.593475996,0.146473206,-0.078095263,0.991304282,-0.105910103,-0.108686362,0.588315297,0.131589589,0.797852926,-0.257272579,0.000000000,0.000000000,0.000000000,1.000000000
1790749331314666143,1790749331,314666143,1790749331323705799,FR_calflower1,0.987954218,-0.000000000,-0.154746446,0.162163729,-0.020363021,0.991304282,-0.130004490,-0.103669005,0.153400815,0.131589589,0.979363247,-0.295069849,0.000000000,0.000000000,0.000000000,1.000000000
1790749331314666143,1790749331,314666143,1790749331323705799,FR_foot,0.774184397,-0.000000000,-0.632960125,0.172131926,-0.083290963,0.991304282,-0.101874607,-0.100398693,0.627456082,0.131589589,0.767452308,-0.319706100,0.000000000,0.000000000,0.000000000,1.000000000
1790749331314666143,1790749331,314666143,1790749331323705799,RL_hip,1.000000000,-0.000000000,0.000000000,-0.193400000,0.000000000,0.999879100,0.015549450,0.046500000,-0.000000000,-0.015549450,0.999879100,0.000000000,0.000000000,0.000000000,0.000000000,1.000000000
1790749331314666143,1790749331,314666143,1790749331323705799,RL_thigh,0.721947641,-0.000000000,0.691947688,-0.193400000,-0.010759406,0.999879100,0.011225889,0.141988454,-0.691864032,-0.015549450,0.721860358,-0.001484973,0.000000000,0.000000000,0.000000000,1.000000000
1790749331314666143,1790749331,314666143,1790749331323705799,RL_calf,0.747898305,0.000000000,-0.663813322,-0.340784858,0.010321932,0.999879100,0.011629408,0.139597340,0.663733067,-0.015549450,0.747807884,-0.155241229,0.000000000,0.000000000,0.000000000,1.000000000
1790749331314666143,1790749331,314666143,1790749331323705799,RL_calflower,0.780140465,0.000000000,-0.625604392,-0.227582520,0.009727804,0.999879100,0.012130755,0.138082626,0.625528756,-0.015549450,0.780046146,-0.252642134,0.000000000,0.000000000,0.000000000,1.000000000
1790749331314666143,1790749331,314666143,1790749331323705799,RL_calflower1,0.980871712,0.000000000,-0.194655299,-0.210359749,0.003026783,0.999879100,0.015252016,0.137500118,0.194631765,-0.015549450,0.980753124,-0.290099268,0.000000000,0.000000000,0.000000000,1.000000000
1790749331314666143,1790749331,314666143,1790749331323705799,RL_foot,0.747898305,0.000000000,-0.663813322,-0.199392620,0.010321932,0.999879100,0.011629408,0.137120276,0.663733067,-0.015549450,0.747807884,-0.314524308,0.000000000,0.000000000,0.000000000,1.000000000
1790749331314666143,1790749331,314666143,1790749331323705799,RR_hip,1.000000000,0.000000000,0.000000000,-0.193400000,0.000000000,0.999918147,-0.012794533,-0.046500000,0.000000000,0.012794533,0.999918147,0.000000000,0.000000000,0.000000000,0.000000000,1.000000000
1790749331314666143,1790749331,314666143,1790749331323705799,RR_thigh,0.755422316,0.000000000,0.655238220,-0.193400000,0.008383467,0.999918147,-0.009665276,-0.141992183,-0.655184586,0.012794533,0.755360482,-0.001221878,0.000000000,0.000000000,0.000000000,1.000000000
1790749331314666143,1790749331,314666143,1790749331323705799,RR_calf,0.739521530,-0.000000000,-0.673132904,-0.332965741,-0.008612421,0.999918147,-0.009461833,-0.139933479,0.673077806,0.012794533,0.739460998,-0.162113661,0.000000000,0.000000000,0.000000000,1.000000000
1790749331314666143,1790749331,314666143,1790749331323705799,RR_calflower,0.772239944,-0.000000000,-0.635330991,-0.218551640,-0.008128763,0.999918147,-0.009880449,-0.138705376,0.635278987,0.012794533,0.772176734,-0.258092332,0.000000000,0.000000000,0.000000000,1.000000000
1790749331314666143,1790749331,314666143,1790749331323705799,RR_calflower1,0.978355531,0.000000000,-0.206931039,-0.200860800,-0.002647586,0.999918147,-0.012517602,-0.138228871,0.206914101,0.012794533,0.978275449,-0.295332191,0.000000000,0.000000000,0.000000000,1.000000000
1790749331314666143,1790749331,314666143,1790749331323705799,RR_foot,0.739521530,-0.000000000,-0.673132904,-0.189588432,-0.008612421,0.999918147,-0.009461833,-0.137918109,0.673077806,0.012794533,0.739460998,-0.319618853,0.000000000,0.000000000,0.000000000,1.000000000
1790749331382672011,1790749331,382672011,1790749331390237191,FL_hip,1.000000000,-0.000000000,0.000000000,0.193400000,0.000000000,0.994591010,0.103868774,0.046500000,-0.000000000,-0.103868774,0.994591010,0.000000000,0.000000000,0.000000000,0.000000000,1.000000000
1790749331382672011,1790749331,382672011,1790749331390237191,FL_thigh,0.728302916,0.000000000,0.685255327,0.193400000,-0.071176631,0.994591010,0.075647931,0.141483441,-0.681548788,-0.103868774,0.724363533,-0.009919468,0.000000000,0.000000000,0.000000000,1.000000000
1790749331382672011,1790749331,382672011,1790749331390237191,FL_calf,0.739989333,0.000000000,-0.672618605,0.047440615,0.069864070,0.994591010,0.076861785,0.125370432,0.668980418,-0.103868774,0.735986738,-0.164208900,0.000000000,0.000000000,0.000000000,1.000000000
1790749331382672011,1790749331,382672011,1790749331390237191,FL_calflower,0.772681458,0.000000000,-0.634793955,0.161787956,0.065935270,0.994591010,0.080257476,0.115392169,0.631360361,-0.103868774,0.768502032,-0.259755329,0.000000000,0.000000000,0.000000000,1.000000000
1790749331382672011,1790749331,382672011,1790749331390237191,FL_calflower1,0.978499159,0.000000000,-0.206250808,0.179452899,0.021423019,0.994591010,0.101635508,0.111522518,0.205135200,-0.103868774,0.973206467,-0.296809014,0.000000000,0.000000000,0.000000000,1.000000000
1790749331382672011,1790749331,382672011,1790749331390237191,FL_foot,0.739989333,0.000000000,-0.672618605,0.190708378,0.069864070,0.994591010,0.076861785,0.108998872,0.668980418,-0.103868774,0.735986738,-0.320974076,0.000000000,0.000000000,0.000000000,1.000000000
1790749331382672011,1790749331,382672011,1790749331390237191,FR_hip,1.000000000,0.000000000,0.000000000,0.193400000,0.000000000,0.991324193,-0.131439508,-0.046500000,0.000000000,0.131439508,0.991324193,0.000000000,0.000000000,0.000000000,0.000000000,1.000000000
1790749331382672011,1790749331,382672011,1790749331390237191,FR_thigh,0.679811576,0.000000000,0.733386816,0.193400000,0.096396002,0.991324193,-0.089354099,-0.141171460,-0.727024093,0.131439508,0.673913662,-0.012552473,0.000000000,0.000000000,0.000000000,1.000000000
1790749331382672011,1790749331,382672011,1790749331390237191,FR_calf,0.774730740,0.000000000,-0.632291294,0.037188608,-0.083108057,0.991324193,-0.101830228,-0.122139037,0.626805657,0.131439508,0.768009326,-0.156096083,0.000000000,0.000000000,0.000000000,1.000000000
1790749331382672011,1790749331,382672011,1790749331390237191,FR_calflower,0.805363922,0.000000000,-0.592780696,0.146262335,-0.077914803,0.991324193,-0.105856638,-0.108730325,0.587637845,0.131439508,0.798376740,-0.257225350,0.000000000,0.000000000,0.000000000,1.000000000
1790749331382672011,1790749331,382672011,1790749331390237191,FR_calflower1,0.988087491,-0.000000000,-0.153893180,0.161919923,-0.020227644,0.991324193,-0.129873734,-0.103716911,0.152558032,0.131439508,0.979515034,-0.295036798,0.000000000,0.000000000,0.000000000,1.000000000
1790749331382672011,1790749331,382672011,1790749331390237191,FR_foot,0.774730740,0.000000000,-0.632291294,0.171866654,-0.083108057,0.991324193,-0.101830228,-0.100449199,0.626805657,0.131439508,0.768009326,-0.319682069,0.000000000,0.000000000,0.000000000,1.000000000
1790749331382672011,1790749331,382672011,1790749331390237191,RL_hip,1.000000000,-0.000000000,0.000000000,-0.193400000,0.000000000,0.999878629,0.015579726,0.046500000,-0.000000000,-0.015579726,0.999878629,0.000000000,0.000000000,0.000000000,0.000000000,1.000000000
1790749331382672011,1790749331,382672011,1790749331390237191,RL_thigh,0.721297865,0.000000000,0.692624999,-0.193400000,-0.010790908,0.999878629,0.011237623,0.141988409,-0.692540935,-0.015579726,0.721210320,-0.001487864,0.000000000,0.000000000,0.000000000,1.000000000
1790749331382672011,1790749331,382672011,1790749331390237191,RL_calf,0.748646701,-0.000000000,-0.662969168,-0.340929125,0.010328878,0.999878629,0.011663710,0.139594795,0.662888702,-0.015579726,0.748555837,-0.155105662,0.000000000,0.000000000,0.000000000,1.000000000
1790749331382672011,1790749331,382672011,1790749331390237191,RL_calflower,0.780845736,0.000000000,-0.624723889,-0.227836754,0.009733027,0.999878629,0.012165362,0.138075144,0.624648065,-0.015579726,0.780750963,-0.252634152,0.000000000,0.000000000,0.000000000,1.000000000
1790749331382672011,1790749331,382672011,1790749331390237191,RL_calflower1,0.981090685,0.000000000,-0.193548617,-0.210656256,0.003015434,0.999878629,0.015285124,0.137491199,0.193525126,-0.015579726,0.980971609,-0.290110671,0.000000000,0.000000000,0.000000000,1.000000000
1790749331382672011,1790749331,382672011,1790749331390237191,RL_foot,0.748646701,-0.000000000,-0.662969168,-0.199716692,0.010328878,0.999878629,0.011663710,0.137110425,0.662888702,-0.015579726,0.748555837,-0.314548055,0.000000000,0.000000000,0.000000000,1.000000000
1790749331382672011,1790749331,382672011,1790749331390237191,RR_hip,1.000000000,0.000000000,0.000000000,-0.193400000,0.000000000,0.999919305,-0.012703708,-0.046500000,0.000000000,0.012703708,0.999919305,0.000000000,0.000000000,0.000000000,0.000000000,1.000000000
1790749331382672011,1790749331,382672011,1790749331390237191,RR_thigh,0.754906240,0.000000000,0.655832729,-0.193400000,0.008331507,0.999919305,-0.009590108,-0.141992294,-0.655779806,0.012703708,0.754845323,-0.001213204,0.000000000,0.000000000,0.000000000,1.000000000
1790749331382672011,1790749331,382672011,1790749331390237191,RR_calf,0.740040567,-0.000000000,-0.672562234,-0.333092371,-0.008544034,0.999919305,-0.009401259,-0.139949601,0.672507962,0.012703708,0.739980849,-0.161995258,0.000000000,0.000000000,0.000000000,1.000000000
1790749331382672011,1790749331,382672011,1790749331390237191,RR_calflower,0.772729811,-0.000000000,-0.634735094,-0.218752349,-0.008063489,0.999919305,-0.009816534,-0.138729095,0.634683874,0.012703708,0.772667455,-0.258062264,0.000000000,0.000000000,0.000000000,1.000000000
1790749331382672011,1790749331,382672011,1790749331390237191,RR_calflower1,0.978514867,0.000000000,-0.206176271,-0.201090244,-0.002619203,0.999919305,-0.012430767,-0.138255799,0.206159633,0.012703708,0.978435906,-0.295315801,0.000000000,0.000000000,0.000000000,1.000000000
1790749331382672011,1790749331,382672011,1790749331390237191,RR_foot,0.740040567,-0.000000000,-0.672562234,-0.189836615,-0.008544034,0.999919305,-0.009401259,-0.137947132,0.672507962,0.012703708,0.739980849,-0.319611179,0.000000000,0.000000000,0.000000000,1.000000000
1790749331452700556,1790749331,452700556,1790749331457045939,FL_hip,1.000000000,-0.000000000,0.000000000,0.193400000,0.000000000,0.994581572,0.103959112,0.046500000,-0.000000000,-0.103959112,0.994581572,0.000000000,0.000000000,0.000000000,0.000000000,1.000000000
1790749331452700556,1790749331,452700556,1790749331457045939,FL_thigh,0.727908565,-0.000000000,0.685674209,0.193400000,-0.071282082,0.994581572,0.075672728,0.141482540,-0.681958933,-0.103959112,0.723964445,-0.009928095,0.000000000,0.000000000,0.000000000,1.000000000
1790749331452700556,1790749331,452700556,1790749331457045939,FL_calf,0.740376170,-0.000000000,-0.672192775,0.047351393,0.069880564,0.994581572,0.076968849,0.125364249,0.668550546,-0.103959112,0.736364495,-0.164132522,0.000000000,0.000000000,0.000000000,1.000000000
1790749331452700556,1790749331,452700556,1790749331457045939,FL_calflower,0.773046529,0.000000000,-0.634349323,0.161643448,0.065946392,0.994581572,0.080365231,0.115370471,0.630912147,-0.103959112,0.768857832,-0.259743456,0.000000000,0.000000000,0.000000000,1.000000000
1790749331452700556,1790749331,452700556,1790749331457045939,FL_calflower1,0.978617654,0.000000000,-0.205687840,0.179286955,0.021383125,0.994581572,0.101736223,0.111496397,0.204573335,-0.103959112,0.973315084,-0.296806891,0.000000000,0.000000000,0.000000000,1.000000000
1790749331452700556,1790749331,452700556,1790749331457045939,FL_foot,0.740376170,-0.000000000,-0.672192775,0.190528454,0.069880564,0.994581572,0.076968849,0.108969884,0.668550546,-0.103959112,0.736364495,-0.320978159,0.000000000,0.000000000,0.000000000,1.000000000
1790749331452700556,1790749331,452700556,1790749331457045939,FR_hip,1.000000000,0.000000000,0.000000000,0.193400000,0.000000000,0.991332151,-0.131379475,-0.046500000,0.000000000,0.131379475,0.991332151,0.000000000,0.000000000,0.000000000,0.000000000,1.000000000
1790749331452700556,1790749331,452700556,1790749331457045939,FR_thigh,0.679389543,-0.000000000,0.733777793,0.193400000,0.096403341,0.991332151,-0.089257842,-0.141172220,-0.727417517,0.131379475,0.673500697,-0.012546740,0.000000000,0.000000000,0.000000000,1.000000000
1790749331452700556,1790749331,452700556,1790749331457045939,FR_calf,0.775114331,-0.000000000,-0.631820998,0.037105330,-0.083008311,0.991332151,-0.101834114,-0.122160300,0.626344469,0.131379475,0.768395757,-0.156002388,0.000000000,0.000000000,0.000000000,1.000000000
1790749331452700556,1790749331,452700556,1790749331457045939,FR_calflower,0.805723529,0.000000000,-0.592291816,0.146117124,-0.077814988,0.991332151,-0.105855534,-0.108749018,0.587157920,0.131379475,0.798739639,-0.257198071,0.000000000,0.000000000,0.000000000,1.000000000
1790749331452700556,1790749331,452700556,1790749331457045939,FR_calflower1,0.988180706,0.000000000,-0.153293487,0.161751562,-0.020139618,0.991332151,-0.129826662,-0.103736646,0.151964762,0.131379475,0.979615304,-0.295019236,0.000000000,0.000000000,0.000000000,1.000000000
1790749331452700556,1790749331,452700556,1790749331457045939,FR_foot,0.775114331,-0.000000000,-0.631820998,0.171683203,-0.083008311,0.991332151,-0.101834114,-0.100469634,0.626344469,0.131379475,0.768395757,-0.319670685,0.000000000,0.000000000,0.000000000,1.000000000
1790749331452700556,1790749331,452700556,1790749331457045939,RL_hip,1.000000000,-0.000000000,0.000000000,-0.193400000,0.000000000,0.999878629,0.015579726,0.046500000,-0.000000000,-0.015579726,0.999878629,0.000000000,0.000000000,0.000000000,0.000000000,1.000000000
1790749331452700556,1790749331,452700556,1790749331457045939,RL_thigh,0.721067132,-0.000000000,0.692865204,-0.193400000,-0.010794650,0.999878629,0.011234028,0.141988409,-0.692781110,-0.015579726,0.720979615,-0.001487864,0.000000000,0.000000000,0.000000000,1.000000000
1790749331452700556,1790749331,452700556,1790749331457045939,RL_calf,0.748961717,0.000000000,-0.662613270,-0.340980289,0.010323333,0.999878629,0.011668618,0.139595561,0.662532848,-0.015579726,0.748870815,-0.155056522,0.000000000,0.000000000,0.000000000,1.000000000
1790749331452700556,1790749331,452700556,1790749331457045939,RL_calflower,0.781142571,0.000000000,-0.624352692,-0.227934290,0.009727244,0.999878629,0.012169987,0.138075072,0.624276913,-0.015579726,0.781047763,-0.252638745,0.000000000,0.000000000,0.000000000,1.000000000
1790749331452700556,1790749331,452700556,1790749331457045939,RL_calflower1,0.981182566,0.000000000,-0.193082295,-0.210771608,0.003008169,0.999878629,0.015286555,0.137491000,0.193058861,-0.015579726,0.981063478,-0.290123425,0.000000000,0.000000000,0.000000000,1.000000000
1790749331452700556,1790749331,452700556,1790749331457045939,RL_foot,0.748961717,0.000000000,-0.662613270,-0.199843662,0.010323333,0.999878629,0.011668618,0.137110145,0.662532848,-0.015579726,0.748870815,-0.314566005,0.000000000,0.000000000,0.000000000,1.000000000
1790749331452700556,1790749331,452700556,1790749331457045939,RR_hip,1.000000000,0.000000000,0.000000000,-0.193400000,0.000000000,0.999919689,-0.012673432,-0.046500000,0.000000000,0.012673432,0.999919689,0.000000000,0.000000000,0.000000000,0.000000000,1.000000000
1790749331452700556,1790749331,452700556,1790749331457045939,RR_thigh,0.754568553,0.000000000,0.656221227,-0.193400000,0.008316575,0.999919689,-0.009562973,-0.141992330,-0.656168525,0.012673432,0.754507953,-0.001210313,0.000000000,0.000000000,0.000000000,1.000000000
1790749331452700556,1790749331,452700556,1790749331457045939,RR_calf,0.740397325,0.000000000,-0.672169474,-0.333175121,-0.008518694,0.999919689,-0.009383375,-0.139955417,0.672115491,0.012673432,0.740337863,-0.161920507,0.000000000,0.000000000,0.000000000,1.000000000
1790749331452700556,1790749331,452700556,1790749331457045939,RR_calflower,0.773066493,0.000000000,-0.634324994,-0.218886093,-0.008039074,0.999919689,-0.009797405,-0.138737051,0.634274050,0.012673432,0.773004407,-0.258048201,0.000000000,0.000000000,0.000000000,1.000000000
1790749331452700556,1790749331,452700556,1790749331457045939,RR_calflower1,0.978624127,-0.000000000,-0.205657041,-0.201243758,-0.002606380,0.999919689,-0.012402526,-0.138264764,0.205640525,0.012673432,0.978545532,-0.295311117,0.000000000,0.000000000,0.000000000,1.000000000
1790749331452700556,1790749331,452700556,1790749331457045939,RR_foot,0.740397325,0.000000000,-0.672169474,-0.190003023,-0.008518694,0.999919689,-0.009383375,-0.137956758,0.672115491,0.012673432,0.740337863,-0.319612471,0.000000000,0.000000000,0.000000000,1.000000000
1790749331521453387,1790749331,521453387,1790749331523523944,FL_hip,1.000000000,-0.000000000,0.000000000,0.193400000,0.000000000,0.994575274,0.104019342,0.046500000,-0.000000000,-0.104019342,0.994575274,0.000000000,0.000000000,0.000000000,0.000000000,1.000000000
1790749331521453387,1790749331,521453387,1790749331523523944,FL_thigh,0.727700915,-0.000000000,0.685894582,0.193400000,-0.071346303,0.994575274,0.075694971,0.141481939,-0.682173792,-0.104019342,0.723753338,-0.009933847,0.000000000,0.000000000,0.000000000,1.000000000
1790749331521453387,1790749331,521453387,1790749331523523944,FL_calf,0.740590245,0.000000000,-0.671956911,0.047304454,0.069896516,0.994575274,0.077035710,0.125358910,0.668311729,-0.104019342,0.736572746,-0.164093308,0.000000000,0.000000000,0.000000000,1.000000000
1790749331521453387,1790749331,521453387,1790749331523523944,FL_calflower,0.773248548,0.000000000,-0.634103054,0.161565882,0.065958983,0.994575274,0.080432805,0.115355555,0.630663219,-0.104019342,0.769053887,-0.259739840,0.000000000,0.000000000,0.000000000,1.000000000
1790749331521453387,1790749331,521453387,1790749331523523944,FL_calflower1,0.978683122,0.000000000,-0.205376113,0.179197518,0.021363088,0.994575274,0.101801975,0.111478653,0.204262004,-0.104019342,0.973374034,-0.296808628,0.000000000,0.000000000,0.000000000,1.000000000
1790749331521453387,1790749331,521453387,1790749331523523944,FL_foot,0.740590245,0.000000000,-0.671956911,0.190431276,0.069896516,0.994575274,0.077035710,0.108950304,0.668311729,-0.104019342,0.736572746,-0.320983303,0.000000000,0.000000000,0.000000000,1.000000000
1790749331521453387,1790749331,521453387,1790749331523523944,FR_hip,1.000000000,0.000000000,0.000000000,0.193400000,0.000000000,0.991344081,-0.131289424,-0.046500000,0.000000000,0.131289424,0.991344081,0.000000000,0.000000000,0.000000000,0.000000000,1.000000000
1790749331521453387,1790749331,521453387,1790749331523523944,FR_thigh,0.678900636,0.000000000,0.734230159,0.193400000,0.096396655,0.991344081,-0.089132474,-0.141173360,-0.727874722,0.131289424,0.673024127,-0.012538140,0.000000000,0.000000000,0.000000000,1.000000000
1790749331521453387,1790749331,521453387,1790749331523523944,FR_calf,0.775544938,-0.000000000,-0.631292365,0.037008976,-0.082882011,0.991344081,-0.101820849,-0.122188143,0.625827949,0.131289424,0.768831884,-0.155892279,0.000000000,0.000000000,0.000000000,1.000000000
1790749331521453387,1790749331,521453387,1790749331523523944,FR_calflower,0.806127176,0.000000000,-0.591742322,0.145951145,-0.077689509,0.991344081,-0.105835973,-0.108776297,0.586620248,0.131289424,0.799149405,-0.257162839,0.000000000,0.000000000,0.000000000,1.000000000
1790749331521453387,1790749331,521453387,1790749331523523944,FR_calflower1,0.988284994,0.000000000,-0.152619692,0.161559566,-0.020037352,0.991344081,-0.129751368,-0.103765963,0.151298628,0.131289424,0.979730479,-0.294995018,0.000000000,0.000000000,0.000000000,1.000000000
1790749331521453387,1790749331,521453387,1790749331523523944,FR_foot,0.775544938,-0.000000000,-0.631292365,0.171474250,-0.082882011,0.991344081,-0.101820849,-0.100500302,0.625827949,0.131289424,0.768831884,-0.319653470,0.000000000,0.000000000,0.000000000,1.000000000
1790749331521453387,1790749331,521453387,1790749331523523944,RL_hip,1.000000000,-0.000000000,0.000000000,-0.193400000,0.000000000,0.999878629,0.015579726,0.046500000,-0.000000000,-0.015579726,0.999878629,0.000000000,0.000000000,0.000000000,0.000000000,1.000000000
1790749331521453387,1790749331,521453387,1790749331523523944,RL_thigh,0.721004191,0.000000000,0.692930701,-0.193400000,-0.010795670,0.999878629,0.011233048,0.141988409,-0.692846599,-0.015579726,0.720916682,-0.001487864,0.000000000,0.000000000,0.000000000,1.000000000
1790749331521453387,1790749331,521453387,1790749331523523944,RL_calf,0.749074188,-0.000000000,-0.662486122,-0.340994239,0.010321352,0.999878629,0.011670370,0.139595770,0.662405715,-0.015579726,0.748983272,-0.155043117,0.000000000,0.000000000,0.000000000,1.000000000
1790749331521453387,1790749331,521453387,1790749331523523944,RL_calflower,0.781248546,-0.000000000,-0.624220081,-0.227964810,0.009725178,0.999878629,0.012171638,0.138074982,0.624144318,-0.015579726,0.781153725,-0.252644527,0.000000000,0.000000000,0.000000000,1.000000000
1790749331521453387,1790749331,521453387,1790749331523523944,RL_calflower1,0.981215328,0.000000000,-0.192915733,-0.210808492,0.003005574,0.999878629,0.015287066,0.137490865,0.192892318,-0.015579726,0.981096237,-0.290132119,0.000000000,0.000000000,0.000000000,1.000000000
1790749331521453387,1790749331,521453387,1790749331523523944,RL_foot,0.749074188,-0.000000000,-0.662486122,-0.199884695,0.010321352,0.999878629,0.011670370,0.137109981,0.662405715,-0.015579726,0.748983272,-0.314576554,0.000000000,0.000000000,0.000000000,1.000000000
1790749331521453387,1790749331,521453387,1790749331523523944,RR_hip,1.000000000,0.000000000,0.000000000,-0.193400000,0.000000000,0.999919689,-0.012673432,-0.046500000,0.000000000,0.012673432,0.999919689,0.000000000,0.000000000,0.000000000,0.000000000,1.000000000
1790749331521453387,1790749331,521453387,1790749331523523944,RR_thigh,0.754389775,-0.000000000,0.656426742,-0.193400000,0.008319179,0.999919689,-0.009560707,-0.141992330,-0.656374024,0.012673432,0.754329189,-0.001210313,0.000000000,0.000000000,0.000000000,1.000000000
1790749331521453387,1790749331,521453387,1790749331523523944,RR_calf,0.740569738,0.000000000,-0.671979511,-0.333218896,-0.008516286,0.999919689,-0.009385560,-0.139955900,0.671925544,0.012673432,0.740510262,-0.161882430,0.000000000,0.000000000,0.000000000,1.000000000
1790749331521453387,1790749331,521453387,1790749331523523944,RR_calflower,0.773229196,0.000000000,-0.634126652,-0.218954534,-0.008036561,0.999919689,-0.009799467,-0.138737162,0.634075724,0.012673432,0.773167097,-0.258039438,0.000000000,0.000000000,0.000000000,1.000000000
1790749331521453387,1790749331,521453387,1790749331523523944,RR_calflower1,0.978676853,0.000000000,-0.205405980,-0.201321759,-0.002603199,0.999919689,-0.012403194,-0.138264818,0.205389483,0.012673432,0.978598255,-0.295306879,0.000000000,0.000000000,0.000000000,1.000000000
1790749331521453387,1790749331,521453387,1790749331523523944,RR_foot,0.740569738,0.000000000,-0.671979511,-0.190087260,-0.008516286,0.999919689,-0.009385560,-0.137956775,0.671925544,0.012673432,0.740510262,-0.319611116,0.000000000,0.000000000,0.000000000,1.000000000
1790749332049010383,1790749332,49010383,1790749332056988670,FL_hip,1.000000000,-0.000000000,0.000000000,0.193400000,0.000000000,0.994527930,0.104471033,0.046500000,-0.000000000,-0.104471033,0.994527930,0.000000000,0.000000000,0.000000000,0.000000000,1.000000000
1790749332049010383,1790749332,49010383,1790749332056988670,FL_thigh,0.724348789,-0.000000000,0.689433704,0.193400000,-0.072025851,0.994527930,0.075673466,0.141477417,-0.685661074,-0.104471033,0.720385102,-0.009976984,0.000000000,0.000000000,0.000000000,1.000000000
1790749332049010383,1790749332,49010383,1790749332056988670,FL_calf,0.743825354,0.000000000,-0.668374029,0.046550621,0.069825725,0.994527930,0.077708203,0.125358969,0.664716639,-0.104471033,0.739755090,-0.163419010,0.000000000,0.000000000,0.000000000,1.000000000
1790749332049010383,1790749332,49010383,1790749332056988670,FL_calflower,0.776300545,-0.000000000,-0.630362962,0.160346484,0.065854670,0.994527930,0.081100920,0.115254669,0.626913572,-0.104471033,0.772052574,-0.259608431,0.000000000,0.000000000,0.000000000,1.000000000
1790749332049010383,1790749332,49010383,1790749332056988670,FL_calflower1,0.979663131,0.000000000,-0.200649321,0.177797997,0.020962042,0.994527930,0.102346419,0.111352086,0.199551354,-0.104471033,0.974302346,-0.296759669,0.000000000,0.000000000,0.000000000,1.000000000
1790749332049010383,1790749332,49010383,1790749332056988670,FL_foot,0.743825354,0.000000000,-0.668374029,0.188914289,0.069825725,0.994527930,0.077708203,0.108807122,0.664716639,-0.104471033,0.739755090,-0.320986844,0.000000000,0.000000000,0.000000000,1.000000000
1790749332049010383,1790749332,49010383,1790749332056988670,FR_hip,1.000000000,0.000000000,0.000000000,0.193400000,0.000000000,0.991399647,-0.130869174,-0.046500000,0.000000000,0.130869174,0.991399647,0.000000000,0.000000000,0.000000000,0.000000000,1.000000000
1790749332049010383,1790749332,49010383,1790749332056988670,FR_thigh,0.675469735,0.000000000,0.737387711,0.193400000,0.096501321,0.991399647,-0.088398166,-0.141178666,-0.731045916,0.130869174,0.669660457,-0.012498006,0.000000000,0.000000000,0.000000000,1.000000000
1790749332049010383,1790749332,49010383,1790749332056988670,FR_calf,0.778490008,0.000000000,-0.627656999,0.036336417,-0.082140953,0.991399647,-0.101880344,-0.122349857,0.622258927,0.130869174,0.771794719,-0.155135683,0.000000000,0.000000000,0.000000000,1.000000000
1790749332049010383,1790749332,49010383,1790749332056988670,FR_calflower,0.808886873,0.000000000,-0.587964307,0.144799453,-0.076946403,0.991399647,-0.105858357,-0.108914385,0.582907606,0.130869174,0.801930160,-0.256916123,0.000000000,0.000000000,0.000000000,1.000000000
1790749332049010383,1790749332,49010383,1790749332056988670,FR_calflower1,0.988988223,-0.000000000,-0.147994242,0.160229157,-0.019367884,0.991399647,-0.129428072,-0.103910587,0.146721439,0.130869174,0.980482574,-0.294822406,0.000000000,0.000000000,0.000000000,1.000000000
1790749332049010383,1790749332,49010383,1790749332056988670,FR_foot,0.778490008,0.000000000,-0.627656999,0.170027358,-0.082140953,0.991399647,-0.101880344,-0.100649344,0.622258927,0.130869174,0.771794719,-0.319527958,0.000000000,0.000000000,0.000000000,1.000000000
1790749332049010383,1790749332,49010383,1790749332056988670,RL_hip,1.000000000,-0.000000000,0.000000000,-0.193400000,0.000000000,0.999877683,0.015640277,0.046500000,-0.000000000,-0.015640277,0.999877683,0.000000000,0.000000000,0.000000000,0.000000000,1.000000000
1790749332049010383,1790749332,49010383,1790749332056988670,RL_thigh,0.719870317,0.000000000,0.694108584,-0.193400000,-0.010856050,0.999877683,0.011258971,0.141988319,-0.694023683,-0.015640277,0.719782265,-0.001493646,0.000000000,0.000000000,0.000000000,1.000000000
1790749332049010383,1790749332,49010383,1790749332056988670,RL_calf,0.750855818,0.000000000,-0.660466154,-0.341245128,0.010329873,0.999877683,0.011743593,0.139590158,0.660385368,-0.015640277,0.750763976,-0.154807269,0.000000000,0.000000000,0.000000000,1.000000000
1790749332049010383,1790749332,49010383,1790749332056988670,RL_calflower,0.782926994,0.000000000,-0.622113593,-0.228479021,0.009730029,0.999877683,0.012245195,0.138058704,0.622037498,-0.015640277,0.782831229,-0.252712630,0.000000000,0.000000000,0.000000000,1.000000000
1790749332049010383,1790749332,49010383,1790749332056988670,RL_calflower1,0.981731370,-0.000000000,-0.190272217,-0.211423748,0.002975910,0.999877683,0.015354550,0.137471596,0.190248943,-0.015640277,0.981611288,-0.290246254,0.000000000,0.000000000,0.000000000,1.000000000
1790749332049010383,1790749332,49010383,1790749332056988670,RL_foot,0.750855818,0.000000000,-0.660466154,-0.200565838,0.010329873,0.999877683,0.011743593,0.137088773,0.660385368,-0.015640277,0.750763976,-0.314719996,0.000000000,0.000000000,0.000000000,1.000000000
1790749332049010383,1790749332,49010383,1790749332056988670,RR_hip,1.000000000,0.000000000,0.000000000,-0.193400000,0.000000000,0.999919305,-0.012703708,-0.046500000,0.000000000,0.012703708,0.999919305,0.000000000,0.000000000,0.000000000,0.000000000,1.000000000
1790749332049010383,1790749332,49010383,1790749332056988670,RR_thigh,0.751080992,-0.000000000,0.660210075,-0.193400000,0.008387116,0.999919305,-0.009541513,-0.141992294,-0.660156799,0.012703708,0.751020384,-0.001213204,0.000000000,0.000000000,0.000000000,1.000000000
1790749332049010383,1790749332,49010383,1790749332056988670,RR_calf,0.743948402,0.000000000,-0.668237065,-0.334024746,-0.008489088,0.999919305,-0.009450903,-0.139959951,0.668183142,0.012703708,0.743888369,-0.161180546,0.000000000,0.000000000,0.000000000,1.000000000
1790749332049010383,1790749332,49010383,1790749332056988670,RR_calflower,0.776416594,0.000000000,-0.630220020,-0.220246692,-0.008006131,0.999919305,-0.009863369,-0.138730999,0.630169164,0.012703708,0.776353940,-0.257912362,0.000000000,0.000000000,0.000000000,1.000000000
1790749332049010383,1790749332,49010383,1790749332056988670,RR_calflower1,0.979700058,-0.000000000,-0.200468943,-0.202802057,-0.002546699,0.999919305,-0.012445823,-0.138256403,0.200452766,0.012703708,0.979621000,-0.295268211,0.000000000,0.000000000,0.000000000,1.000000000
1790749332049010383,1790749332,49010383,1790749332056988670,RR_foot,0.743948402,0.000000000,-0.668237065,-0.191690251,-0.008489088,0.999919305,-0.009450903,-0.137946909,0.668183142,0.012703708,0.743888369,-0.319628768,0.000000000,0.000000000,0.000000000,1.000000000
1790749332214285192,1790749332,214285192,1790749332223712603,FL_hip,1.000000000,-0.000000000,0.000000000,0.193400000,0.000000000,0.994505766,0.104681810,0.046500000,-0.000000000,-0.104681810,0.994505766,0.000000000,0.000000000,0.000000000,0.000000000,1.000000000
1790749332214285192,1790749332,214285192,1790749332223712603,FL_thigh,0.723617782,0.000000000,0.690200917,0.193400000,-0.072251481,0.994505766,0.075749619,0.141475301,-0.686408792,-0.104681810,0.719642056,-0.009997113,0.000000000,0.000000000,0.000000000,1.000000000
1790749332214285192,1790749332,214285192,1790749332223712603,FL_calf,0.744501625,0.000000000,-0.667620649,0.046387205,0.069887738,0.994505766,0.077935778,0.125340632,0.663952585,-0.104681810,0.740411159,-0.163280871,0.000000000,0.000000000,0.000000000,1.000000000
1790749332214285192,1790749332,214285192,1790749332223712603,FL_calflower,0.776938317,0.000000000,-0.629576724,0.160085093,0.065905231,0.994505766,0.081331309,0.115203891,0.626117682,-0.104681810,0.772669636,-0.259582671,0.000000000,0.000000000,0.000000000,1.000000000
1790749332214285192,1790749332,214285192,1790749332223712603,FL_calflower1,0.979865763,-0.000000000,-0.199657422,0.177498779,0.020900500,0.994505766,0.102574122,0.111291587,0.198560458,-0.104681810,0.974482151,-0.296750633,0.000000000,0.000000000,0.000000000,1.000000000
1790749332214285192,1790749332,214285192,1790749332223712603,FL_foot,0.744501625,0.000000000,-0.667620649,0.188590403,0.069887738,0.994505766,0.077935778,0.108740311,0.663952585,-0.104681810,0.740411159,-0.320988448,0.000000000,0.000000000,0.000000000,1.000000000
1790749332214285192,1790749332,214285192,1790749332223712603,FR_hip,1.000000000,0.000000000,0.000000000,0.193400000,0.000000000,0.991431311,-0.130629079,-0.046500000,0.000000000,0.130629079,0.991431311,0.000000000,0.000000000,0.000000000,0.000000000,1.000000000
1790749332214285192,1790749332,214285192,1790749332223712603,FR_thigh,0.674598537,0.000000000,0.738184810,0.193400000,0.096428402,0.991431311,-0.088122186,-0.141181690,-0.731859534,0.130629079,0.668818111,-0.012475077,0.000000000,0.000000000,0.000000000,1.000000000
1790749332214285192,1790749332,214285192,1790749332223712603,FR_calf,0.779240482,0.000000000,-0.626725037,0.036166635,-0.081868514,0.991431311,-0.101791466,-0.122411665,0.621354825,0.130629079,0.772563412,-0.154933335,0.000000000,0.000000000,0.000000000,1.000000000
1790749332214285192,1790749332,214285192,1790749332223712603,FR_calflower,0.809589831,-0.000000000,-0.586996002,0.144506750,-0.076678747,0.991431311,-0.105755974,-0.108983898,0.581966216,0.130629079,0.802652707,-0.256845623,0.000000000,0.000000000,0.000000000,1.000000000
1790749332214285192,1790749332,214285192,1790749332223712603,FR_calflower1,0.989164599,-0.000000000,-0.146810749,0.159890692,-0.019177753,0.991431311,-0.129213661,-0.103986871,0.145552773,0.130629079,0.980688755,-0.294771394,0.000000000,0.000000000,0.000000000,1.000000000
1790749332214285192,1790749332,214285192,1790749332223712603,FR_foot,0.779240482,0.000000000,-0.626725037,0.169659068,-0.081868514,0.991431311,-0.101791466,-0.100730082,0.621354825,0.130629079,0.772563412,-0.319489342,0.000000000,0.000000000,0.000000000,1.000000000
1790749332214285192,1790749332,214285192,1790749332223712603,RL_hip,1.000000000,-0.000000000,0.000000000,-0.193400000,0.000000000,0.999876734,0.015700828,0.046500000,-0.000000000,-0.015700828,0.999876734,0.000000000,0.000000000,0.000000000,0.000000000,1.000000000
1790749332214285192,1790749332,214285192,1790749332223712603,RL_thigh,0.719618065,0.000000000,0.694370103,-0.193400000,-0.010902185,0.999876734,0.011298599,0.141988228,-0.694284511,-0.015700828,0.719529361,-0.001499429,0.000000000,0.000000000,0.000000000,1.000000000
1790749332214285192,1790749332,214285192,1790749332223712603,RL_calf,0.751137459,0.000000000,-0.660145830,-0.341300832,0.010364836,0.999876734,0.011793480,0.139581627,0.660064457,-0.015700828,0.751044870,-0.154759183,0.000000000,0.000000000,0.000000000,1.000000000
1790749332214285192,1790749332,214285192,1790749332223712603,RL_calflower,0.783192273,-0.000000000,-0.621779594,-0.228576500,0.009762454,0.999876734,0.012296767,0.138043488,0.621702950,-0.015700828,0.783095733,-0.252712535,0.000000000,0.000000000,0.000000000,1.000000000
1790749332214285192,1790749332,214285192,1790749332223712603,RL_calflower1,0.981812438,-0.000000000,-0.189853461,-0.211537239,0.002980856,0.999876734,0.015415268,0.137453993,0.189830058,-0.015700828,0.981691414,-0.290253393,0.000000000,0.000000000,0.000000000,1.000000000
1790749332214285192,1790749332,214285192,1790749332223712603,RL_foot,0.751137459,0.000000000,-0.660145830,-0.200689770,0.010364836,0.999876734,0.011793480,0.137069615,0.660064457,-0.015700828,0.751044870,-0.314731740,0.000000000,0.000000000,0.000000000,1.000000000
1790749332214285192,1790749332,214285192,1790749332223712603,RR_hip,1.000000000,0.000000000,0.000000000,-0.193400000,0.000000000,0.999919689,-0.012673432,-0.046500000,0.000000000,0.012673432,0.999919689,0.000000000,0.000000000,0.000000000,0.000000000,1.000000000
1790749332214285192,1790749332,214285192,1790749332223712603,RR_thigh,0.750120650,0.000000000,0.661300998,-0.193400000,0.008380953,0.999919689,-0.009506603,-0.141992330,-0.661247888,0.012673432,0.750060407,-0.001210313,0.000000000,0.000000000,0.000000000,1.000000000
1790749332214285192,1790749332,214285192,1790749332223712603,RR_calf,0.744918831,-0.000000000,-0.667155105,-0.334257113,-0.008455145,0.999919689,-0.009440678,-0.139967424,0.667101525,0.012673432,0.744859006,-0.160973179,0.000000000,0.000000000,0.000000000,1.000000000
1790749332214285192,1790749332,214285192,1790749332223712603,RR_calflower,0.777331735,0.000000000,-0.629090911,-0.220619780,-0.007972741,0.999919689,-0.009851461,-0.138739306,0.629040388,0.012673432,0.777269306,-0.257870282,0.000000000,0.000000000,0.000000000,1.000000000
1790749332214285192,1790749332,214285192,1790749332223712603,RR_calflower1,0.979990384,0.000000000,-0.199044836,-0.203229461,-0.002522581,0.999919689,-0.012419841,-0.138265521,0.199028851,0.012673432,0.979911680,-0.295251458,0.000000000,0.000000000,0.000000000,1.000000000
1790749332214285192,1790749332,214285192,1790749332223712603,RR_foot,0.744918831,-0.000000000,-0.667155105,-0.192153075,-0.008455145,0.999919689,-0.009440678,-0.137956559,0.667101525,0.012673432,0.744859006,-0.319628148,0.000000000,0.000000000,0.000000000,1.000000000
1790749332285393373,1790749332,285393373,1790749332290230403,FL_hip,1.000000000,-0.000000000,0.000000000,0.193400000,0.000000000,0.994496254,0.104772141,0.046500000,-0.000000000,-0.104772141,0.994496254,0.000000000,0.000000000,0.000000000,0.000000000,1.000000000
1790749332285393373,1790749332,285393373,1790749332290230403,FL_thigh,0.723387856,0.000000000,0.690441895,0.193400000,-0.072339075,0.994496254,0.075790894,0.141474392,-0.686641878,-0.104772141,0.719406513,-0.010005739,0.000000000,0.000000000,0.000000000,1.000000000
1790749332285393373,1790749332,285393373,1790749332290230403,FL_calf,0.744702786,-0.000000000,-0.667396255,0.046335876,0.069924534,0.994496254,0.078024105,0.125330932,0.663723075,-0.104772141,0.740604131,-0.163239327,0.000000000,0.000000000,0.000000000,1.000000000
1790749332285393373,1790749332,285393373,1790749332290230403,FL_calflower,0.777128012,-0.000000000,-0.629342556,0.160004578,0.065937567,0.994496254,0.081421365,0.115181855,0.625878815,-0.104772141,0.772850896,-0.259574276,0.000000000,0.000000000,0.000000000,1.000000000
1790749332285393373,1790749332,285393373,1790749332290230403,FL_calflower1,0.979925888,0.000000000,-0.199362120,0.177407000,0.020887596,0.994496254,0.102668933,0.111265625,0.198264881,-0.104772141,0.974532624,-0.296747100,0.000000000,0.000000000,0.000000000,1.000000000
1790749332285393373,1790749332,285393373,1790749332290230403,FL_foot,0.744702786,-0.000000000,-0.667396255,0.188491279,0.069924534,0.994496254,0.078024105,0.108711797,0.663723075,-0.104772141,0.740604131,-0.320988006,0.000000000,0.000000000,0.000000000,1.000000000
1790749332285393373,1790749332,285393373,1790749332290230403,FR_hip,1.000000000,0.000000000,0.000000000,0.193400000,0.000000000,0.991431311,-0.130629079,-0.046500000,0.000000000,0.130629079,0.991431311,0.000000000,0.000000000,0.000000000,0.000000000,1.000000000
1790749332285393373,1790749332,285393373,1790749332290230403,FR_thigh,0.674397347,-0.000000000,0.738368619,0.193400000,0.096452413,0.991431311,-0.088095904,-0.141181690,-0.732041768,0.130629079,0.668618646,-0.012475077,0.000000000,0.000000000,0.000000000,1.000000000
1790749332285393373,1790749332,285393373,1790749332290230403,FR_calf,0.779401384,0.000000000,-0.626524925,0.036127484,-0.081842374,0.991431311,-0.101812485,-0.122417263,0.621156428,0.130629079,0.772722936,-0.154890849,0.000000000,0.000000000,0.000000000,1.000000000
1790749332285393373,1790749332,285393373,1790749332290230403,FR_calflower,0.809740531,-0.000000000,-0.586788099,0.144441201,-0.076651589,0.991431311,-0.105775660,-0.108985862,0.581760094,0.130629079,0.802802116,-0.256830715,0.000000000,0.000000000,0.000000000,1.000000000
1790749332285393373,1790749332,285393373,1790749332290230403,FR_calflower1,0.989202264,-0.000000000,-0.146556750,0.159815319,-0.019144573,0.991431311,-0.129218581,-0.103988320,0.145300950,0.130629079,0.980726097,-0.294760400,0.000000000,0.000000000,0.000000000,1.000000000
1790749332285393373,1790749332,285393373,1790749332290230403,FR_foot,0.779401384,0.000000000,-0.626524925,0.169577293,-0.081842374,0.991431311,-0.101812485,-0.100731203,0.621156428,0.130629079,0.772722936,-0.319480834,0.000000000,0.000000000,0.000000000,1.000000000
1790749332285393373,1790749332,285393373,1790749332290230403,RL_hip,1.000000000,-0.000000000,0.000000000,-0.193400000,0.000000000,0.999876734,0.015700828,0.046500000,-0.000000000,-0.015700828,0.999876734,0.000000000,0.000000000,0.000000000,0.000000000,1.000000000
1790749332285393373,1790749332,285393373,1790749332290230403,RL_thigh,0.719597040,0.000000000,0.694391892,-0.193400000,-0.010902527,0.999876734,0.011298269,0.141988228,-0.694306298,-0.015700828,0.719508338,-0.001499429,0.000000000,0.000000000,0.000000000,1.000000000
1790749332285393373,1790749332,285393373,1790749332290230403,RL_calf,0.751188688,0.000000000,-0.660087536,-0.341305473,0.010363921,0.999876734,0.011794284,0.139581697,0.660006170,-0.015700828,0.751096092,-0.154754705,0.000000000,0.000000000,0.000000000,1.000000000
1790749332285393373,1790749332,285393373,1790749332290230403,RL_calflower,0.783240524,0.000000000,-0.621718812,-0.228588744,0.009761500,0.999876734,0.012297524,0.138043421,0.621642176,-0.015700828,0.783143978,-0.252716803,0.000000000,0.000000000,0.000000000,1.000000000
1790749332285393373,1790749332,285393373,1790749332290230403,RL_calflower1,0.981827169,0.000000000,-0.189777266,-0.211552397,0.002979660,0.999876734,0.015415499,0.137453905,0.189753873,-0.015700828,0.981706143,-0.290258984,0.000000000,0.000000000,0.000000000,1.000000000
1790749332285393373,1790749332,285393373,1790749332290230403,RL_foot,0.751188688,0.000000000,-0.660087536,-0.200706828,0.010363921,0.999876734,0.011794284,0.137069514,0.660006170,-0.015700828,0.751096092,-0.314738173,0.000000000,0.000000000,0.000000000,1.000000000
1790749332285393373,1790749332,285393373,1790749332290230403,RR_hip,1.000000000,0.000000000,0.000000000,-0.193400000,0.000000000,0.999919305,-0.012703708,-0.046500000,0.000000000,0.012703708,0.999919305,0.000000000,0.000000000,0.000000000,0.000000000,1.000000000
1790749332285393373,1790749332,285393373,1790749332290230403,RR_thigh,0.749940489,-0.000000000,0.661505301,-0.193400000,0.008403570,0.999919305,-0.009527025,-0.141992294,-0.661451921,0.012703708,0.749879972,-0.001213204,0.000000000,0.000000000,0.000000000,1.000000000
1790749332285393373,1790749332,285393373,1790749332290230403,RR_calf,0.745089958,0.000000000,-0.666963983,-0.334300629,-0.008472915,0.999919305,-0.009465405,-0.139963037,0.666910162,0.012703708,0.745029832,-0.160937638,0.000000000,0.000000000,0.000000000,1.000000000
1790749332285393373,1790749332,285393373,1790749332290230403,RR_calflower,0.777493095,0.000000000,-0.628891475,-0.220688160,-0.007989253,0.999919305,-0.009877045,-0.138731616,0.628840726,0.012703708,0.777430355,-0.257863850,0.000000000,0.000000000,0.000000000,1.000000000
1790749332285393373,1790749332,285393373,1790749332290230403,RR_calflower1,0.980041415,0.000000000,-0.198793425,-0.203307432,-0.002525414,0.999919305,-0.012450159,-0.138256641,0.198777383,0.012703708,0.979962330,-0.295249472,0.000000000,0.000000000,0.000000000,1.000000000
1790749332285393373,1790749332,285393373,1790749332290230403,RR_foot,0.745089958,0.000000000,-0.666963983,-0.192237301,-0.008472915,0.999919305,-0.009465405,-0.137946906,0.666910162,0.012703708,0.745029832,-0.319628992,0.000000000,0.000000000,0.000000000,1.000000000
1790749332378894831,1790749332,378894831,1790749332390224324,FL_hip,1.000000000,-0.000000000,0.000000000,0.193400000,0.000000000,0.994496254,0.104772141,0.046500000,-0.000000000,-0.104772141,0.994496254,0.000000000,0.000000000,0.000000000,0.000000000,1.000000000
1790749332378894831,1790749332,378894831,1790749332390224324,FL_thigh,0.723157850,0.000000000,0.690682796,0.193400000,-0.072364315,0.994496254,0.075766796,0.141474392,-0.686881453,-0.104772141,0.719177773,-0.010005739,0.000000000,0.000000000,0.000000000,1.000000000
1790749332378894831,1790749332,378894831,1790749332390224324,FL_calf,0.744935612,-0.000000000,-0.667136368,0.046284565,0.069897305,0.994496254,0.078048499,0.125336065,0.663464619,-0.104772141,0.740835676,-0.163190605,0.000000000,0.000000000,0.000000000,1.000000000
1790749332378894831,1790749332,378894831,1790749332390224324,FL_calflower,0.777347558,0.000000000,-0.629071358,0.159919459,0.065909153,0.994496254,0.081444368,0.115182833,0.625609109,-0.104772141,0.773069234,-0.259564993,0.000000000,0.000000000,0.000000000,1.000000000
1790749332378894831,1790749332,378894831,1790749332390224324,FL_calflower1,0.979995391,-0.000000000,-0.199020186,0.177308838,0.020851771,0.994496254,0.102676215,0.111265967,0.197924830,-0.104772141,0.974601744,-0.296743853,0.000000000,0.000000000,0.000000000,1.000000000
1790749332378894831,1790749332,378894831,1790749332390224324,FL_foot,0.744935612,-0.000000000,-0.667136368,0.188384611,0.069897305,0.994496254,0.078048499,0.108711734,0.663464619,-0.104772141,0.740835676,-0.320988604,0.000000000,0.000000000,0.000000000,1.000000000
1790749332378894831,1790749332,378894831,1790749332390224324,FR_hip,1.000000000,0.000000000,0.000000000,0.193400000,0.000000000,0.991431311,-0.130629079,-0.046500000,0.000000000,0.130629079,0.991431311,0.000000000,0.000000000,0.000000000,0.000000000,1.000000000
1790749332378894831,1790749332,378894831,1790749332390224324,FR_thigh,0.673950124,0.000000000,0.738776848,0.193400000,0.096505739,0.991431311,-0.088037484,-0.141181690,-0.732446498,0.130629079,0.668175255,-0.012475077,0.000000000,0.000000000,0.000000000,1.000000000
1790749332378894831,1790749332,378894831,1790749332390224324,FR_calf,0.779790468,-0.000000000,-0.626040594,0.036040531,-0.081779106,0.991431311,-0.101863311,-0.122429706,0.620676247,0.130629079,0.773108686,-0.154796406,0.000000000,0.000000000,0.000000000,1.000000000
1790749332378894831,1790749332,378894831,1790749332390224324,FR_calflower,0.810104922,0.000000000,-0.586284927,0.144290349,-0.076585860,0.991431311,-0.105823260,-0.108989518,0.581261233,0.130629079,0.803163385,-0.256802967,0.000000000,0.000000000,0.000000000,1.000000000
1790749332378894831,1790749332,378894831,1790749332390224324,FR_calflower1,0.989293123,0.000000000,-0.145942170,0.159640697,-0.019064291,0.991431311,-0.129230450,-0.103990729,0.144691637,0.130629079,0.980816177,-0.294742115,0.000000000,0.000000000,0.000000000,1.000000000
1790749332378894831,1790749332,378894831,1790749332390224324,FR_foot,0.779790468,-0.000000000,-0.626040594,0.169387178,-0.081779106,0.991431311,-0.101863311,-0.100732821,0.620676247,0.130629079,0.773108686,-0.319468556,0.000000000,0.000000000,0.000000000,1.000000000
1790749332378894831,1790749332,378894831,1790749332390224324,RL_hip,1.000000000,-0.000000000,0.000000000,-0.193400000,0.000000000,0.999876734,0.015700828,0.046500000,-0.000000000,-0.015700828,0.999876734,0.000000000,0.000000000,0.000000000,0.000000000,1.000000000
1790749332378894831,1790749332,378894831,1790749332390224324,RL_thigh,0.719281623,0.000000000,0.694718610,-0.193400000,-0.010907657,0.999876734,0.011293317,0.141988228,-0.694632975,-0.015700828,0.719192960,-0.001499429,0.000000000,0.000000000,0.000000000,1.000000000
1790749332378894831,1790749332,378894831,1790749332390224324,RL_calf,0.751540516,0.000000000,-0.659686936,-0.341375064,0.010357631,0.999876734,0.011799808,0.139582752,0.659605619,-0.015700828,0.751447876,-0.154687530,0.000000000,0.000000000,0.000000000,1.000000000
1790749332378894831,1790749332,378894831,1790749332390224324,RL_calflower,0.783571891,0.000000000,-0.621301128,-0.228710587,0.009754942,0.999876734,0.012302727,0.138043533,0.621224543,-0.015700828,0.783475303,-0.252709703,0.000000000,0.000000000,0.000000000,1.000000000
1790749332378894831,1790749332,378894831,1790749332390224324,RL_calflower1,0.981928211,0.000000000,-0.189253765,-0.211694261,0.002971441,0.999876734,0.015417086,0.137453874,0.189230436,-0.015700828,0.981807174,-0.290260960,0.000000000,0.000000000,0.000000000,1.000000000
1790749332378894831,1790749332,378894831,1790749332390224324,RL_foot,0.751540516,0.000000000,-0.659686936,-0.200861747,0.010357631,0.999876734,0.011799808,0.137069393,0.659605619,-0.015700828,0.751447876,-0.314745927,0.000000000,0.000000000,0.000000000,1.000000000
1790749332378894831,1790749332,378894831,1790749332390224324,RR_hip,1.000000000,0.000000000,0.000000000,-0.193400000,0.000000000,0.999918920,-0.012733982,-0.046500000,0.000000000,0.012733982,0.999918920,0.000000000,0.000000000,0.000000000,0.000000000,1.000000000
1790749332378894831,1790749332,378894831,1790749332390224324,RR_thigh,0.749660004,-0.000000000,0.661823148,-0.193400000,0.008427644,0.999918920,-0.009546157,-0.141992257,-0.661769487,0.012733982,0.749599221,-0.001216095,0.000000000,0.000000000,0.000000000,1.000000000
1790749332378894831,1790749332,378894831,1790749332390224324,RR_calf,0.745414820,-0.000000000,-0.666600890,-0.334368330,-0.008488484,0.999918920,-0.009492099,-0.139958925,0.666546842,0.012733982,0.745354381,-0.160880729,0.000000000,0.000000000,0.000000000,1.000000000
1790749332378894831,1790749332,378894831,1790749332390224324,RR_calflower,0.777799404,-0.000000000,-0.628512599,-0.220803102,-0.008003468,0.999918920,-0.009904484,-0.138723864,0.628461639,0.012733982,0.777736340,-0.257862241,0.000000000,0.000000000,0.000000000,1.000000000
1790749332378894831,1790749332,378894831,1790749332390224324,RR_calflower1,0.980138152,0.000000000,-0.198315917,-0.203440592,-0.002525351,0.999918920,-0.012481062,-0.138247650,0.198299837,0.012733982,0.980058682,-0.295256311,0.000000000,0.000000000,0.000000000,1.000000000
1790749332378894831,1790749332,378894831,1790749332390224324,RR_foot,0.745414820,-0.000000000,-0.666600890,-0.192382341,-0.008488484,0.999918920,-0.009492099,-0.137937108,0.666546842,0.012733982,0.745354381,-0.319641213,0.000000000,0.000000000,0.000000000,1.000000000
1790749332454250534,1790749332,454250534,1790749332457060087,FL_hip,1.000000000,-0.000000000,0.000000000,0.193400000,0.000000000,0.994496254,0.104772141,0.046500000,-0.000000000,-0.104772141,0.994496254,0.000000000,0.000000000,0.000000000,0.000000000,1.000000000
1790749332454250534,1790749332,454250534,1790749332457060087,FL_thigh,0.723032358,-0.000000000,0.690814164,0.193400000,-0.072378079,0.994496254,0.075753648,0.141474392,-0.687012098,-0.104772141,0.719052972,-0.010005739,0.000000000,0.000000000,0.000000000,1.000000000
1790749332454250534,1790749332,454250534,1790749332457060087,FL_calf,0.745035731,-0.000000000,-0.667024557,0.046256583,0.069885591,0.994496254,0.078058988,0.125338865,0.663353423,-0.104772141,0.740935243,-0.163164022,0.000000000,0.000000000,0.000000000,1.000000000
1790749332454250534,1790749332,454250534,1790749332457060087,FL_calflower,0.777441963,-0.000000000,-0.628954683,0.159876932,0.065896929,0.994496254,0.081454259,0.115183847,0.625493076,-0.104772141,0.773163120,-0.259555370,0.000000000,0.000000000,0.000000000,1.000000000
1790749332454250534,1790749332,454250534,1790749332457060087,FL_calflower1,0.980025249,0.000000000,-0.198873102,0.177260700,0.020836361,0.994496254,0.102679343,0.111266707,0.197778555,-0.104772141,0.974631439,-0.296736825,0.000000000,0.000000000,0.000000000,1.000000000
1790749332454250534,1790749332,454250534,1790749332457060087,FL_foot,0.745035731,-0.000000000,-0.667024557,0.188332814,0.069885591,0.994496254,0.078058988,0.108712301,0.663353423,-0.104772141,0.740935243,-0.320983229,0.000000000,0.000000000,0.000000000,1.000000000
1790749332454250534,1790749332,454250534,1790749332457060087,FR_hip,1.000000000,0.000000000,0.000000000,0.193400000,0.000000000,0.991431311,-0.130629079,-0.046500000,0.000000000,0.130629079,0.991431311,0.000000000,0.000000000,0.000000000,0.000000000,1.000000000
1790749332454250534,1790749332,454250534,1790749332457060087,FR_thigh,0.673860641,0.000000000,0.738858469,0.193400000,0.096516401,0.991431311,-0.088025795,-0.141181690,-0.732527420,0.130629079,0.668086538,-0.012475077,0.000000000,0.000000000,0.000000000,1.000000000
1790749332454250534,1790749332,454250534,1790749332457060087,FR_calf,0.779866286,0.000000000,-0.625946144,0.036023146,-0.081766768,0.991431311,-0.101873215,-0.122432196,0.620582606,0.130629079,0.773183855,-0.154777510,0.000000000,0.000000000,0.000000000,1.000000000
1790749332454250534,1790749332,454250534,1790749332457060087,FR_calflower,0.810175925,0.000000000,-0.586186805,0.144260501,-0.076573043,0.991431311,-0.105832535,-0.108990295,0.581163953,0.130629079,0.803233779,-0.256797068,0.000000000,0.000000000,0.000000000,1.000000000
1790749332454250534,1790749332,454250534,1790749332457060087,FR_calflower1,0.989310792,0.000000000,-0.145822349,0.159606214,-0.019048639,0.991431311,-0.129232758,-0.103991264,0.144572843,0.130629079,0.980833695,-0.294738059,0.000000000,0.000000000,0.000000000,1.000000000
1790749332454250534,1790749332,454250534,1790749332457060087,FR_foot,0.779866286,0.000000000,-0.625946144,0.169349675,-0.081766768,0.991431311,-0.101873215,-0.100733201,0.620582606,0.130629079,0.773183855,-0.319465671,0.000000000,0.000000000,0.000000000,1.000000000
1790749332454250534,1790749332,454250534,1790749332457060087,RL_hip,1.000000000,-0.000000000,0.000000000,-0.193400000,0.000000000,0.999876734,0.015700828,0.046500000,-0.000000000,-0.015700828,0.999876734,0.000000000,0.000000000,0.000000000,0.000000000,1.000000000
1790749332454250534,1790749332,454250534,1790749332457060087,RL_thigh,0.719239551,0.000000000,0.694762167,-0.193400000,-0.010908341,0.999876734,0.011292656,0.141988228,-0.694676527,-0.015700828,0.719150893,-0.001499429,0.000000000,0.000000000,0.000000000,1.000000000
1790749332454250534,1790749332,454250534,1790749332457060087,RL_calf,0.751611681,0.000000000,-0.659605853,-0.341384342,0.010356358,0.999876734,0.011800925,0.139582892,0.659524546,-0.015700828,0.751519033,-0.154678569,0.000000000,0.000000000,0.000000000,1.000000000
1790749332454250534,1790749332,454250534,1790749332457060087,RL_calflower,0.783638915,-0.000000000,-0.621216590,-0.228730442,0.009753615,0.999876734,0.012303780,0.138043483,0.621140015,-0.015700828,0.783542319,-0.252712895,0.000000000,0.000000000,0.000000000,1.000000000
1790749332454250534,1790749332,454250534,1790749332457060087,RL_calflower1,0.981948623,-0.000000000,-0.189147829,-0.211718167,0.002969777,0.999876734,0.015417406,0.137453795,0.189124513,-0.015700828,0.981827583,-0.290265988,0.000000000,0.000000000,0.000000000,1.000000000
1790749332454250534,1790749332,454250534,1790749332457060087,RL_foot,0.751611681,0.000000000,-0.659605853,-0.200888295,0.010356358,0.999876734,0.011800925,0.137069295,0.659524546,-0.015700828,0.751519033,-0.314752123,0.000000000,0.000000000,0.000000000,1.000000000
1790749332454250534,1790749332,454250534,1790749332457060087,RR_hip,1.000000000,0.000000000,0.000000000,-0.193400000,0.000000000,0.999918147,-0.012794533,-0.046500000,0.000000000,0.012794533,0.999918147,0.000000000,0.000000000,0.000000000,0.000000000,1.000000000
1790749332454250534,1790749332,454250534,1790749332457060087,RR_thigh,0.749579840,0.000000000,0.661913939,-0.193400000,0.008468880,0.999918147,-0.009590524,-0.141992183,-0.661859759,0.012794533,0.749518485,-0.001221878,0.000000000,0.000000000,0.000000000,1.000000000
1790749332454250534,1790749332,454250534,1790749332457060087,RR_calf,0.745474416,-0.000000000,-0.666534242,-0.334387669,-0.008527994,0.999918147,-0.009537997,-0.139949401,0.666479684,0.012794533,0.745413396,-0.160869315,0.000000000,0.000000000,0.000000000,1.000000000
1790749332454250534,1790749332,454250534,1790749332457060087,RR_calflower,0.777855594,0.000000000,-0.628443056,-0.220831113,-0.008040635,0.999918147,-0.009952299,-0.138708338,0.628391616,0.012794533,0.777791924,-0.257860904,0.000000000,0.000000000,0.000000000,1.000000000
1790749332454250534,1790749332,454250534,1790749332457060087,RR_calflower1,0.980155879,-0.000000000,-0.198228285,-0.203471947,-0.002536238,0.999918147,-0.012540637,-0.138229839,0.198212059,0.012794533,0.980075650,-0.295256497,0.000000000,0.000000000,0.000000000,1.000000000
1790749332454250534,1790749332,454250534,1790749332457060087,RR_foot,0.745474416,-0.000000000,-0.666534242,-0.192415875,-0.008527994,0.999918147,-0.009537997,-0.137917808,0.666479684,0.012794533,0.745413396,-0.319642369,0.000000000,0.000000000,0.000000000,1.000000000
1790749332517329828,1790749332,517329828,1790749332523651765,FL_hip,1.000000000,-0.000000000,0.000000000,0.193400000,0.000000000,0.994493081,0.104802253,0.046500000,-0.000000000,-0.104802253,0.994493081,0.000000000,0.000000000,0.000000000,0.000000000,1.000000000
1790749332517329828,1790749332,517329828,1790749332523651765,FL_thigh,0.722865040,0.000000000,0.690989243,0.193400000,-0.072417229,0.994493081,0.075757885,0.141474089,-0.687184021,-0.104802253,0.718884281,-0.010008615,0.000000000,0.000000000,0.000000000,1.000000000
1790749332517329828,1790749332,517329828,1790749332523651765,FL_calf,0.745207738,0.000000000,-0.666832383,0.046219291,0.069885536,0.994493081,0.078099450,0.125337660,0.663160191,-0.104802253,0.741103939,-0.163130967,0.000000000,0.000000000,0.000000000,1.000000000
1790749332517329828,1790749332,517329828,1790749332523651765,FL_calflower,0.777604151,0.000000000,-0.628754153,0.159814639,0.065894852,0.994493081,0.081494667,0.115176652,0.625291655,-0.104802253,0.773321947,-0.259551146,0.000000000,0.000000000,0.000000000,1.000000000
1790749332517329828,1790749332,517329828,1790749332523651765,FL_calflower1,0.980076508,0.000000000,-0.198620338,0.177188763,0.020815859,0.994493081,0.102714226,0.111257917,0.197526552,-0.104802253,0.974679306,-0.296736941,0.000000000,0.000000000,0.000000000,1.000000000
1790749332517329828,1790749332,517329828,1790749332523651765,FL_foot,0.745207738,0.000000000,-0.666832383,0.188254589,0.069885536,0.994493081,0.078099450,0.108702477,0.663160191,-0.104802253,0.741103939,-0.320986106,0.000000000,0.000000000,0.000000000,1.000000000
1790749332517329828,1790749332,517329828,1790749332523651765,FR_hip,1.000000000,0.000000000,0.000000000,0.193400000,0.000000000,0.991439219,-0.130569039,-0.046500000,0.000000000,0.130569039,0.991439219,0.000000000,0.000000000,0.000000000,0.000000000,1.000000000
1790749332517329828,1790749332,517329828,1790749332523651765,FR_thigh,0.673457889,0.000000000,0.739225590,0.193400000,0.096519975,0.991439219,-0.087932750,-0.141182445,-0.732897242,0.130569039,0.667692563,-0.012469343,0.000000000,0.000000000,0.000000000,1.000000000
1790749332517329828,1790749332,517329828,1790749332523651765,FR_calf,0.780217207,-0.000000000,-0.625508681,0.035944949,-0.081672068,0.991439219,-0.101872211,-0.122452770,0.620153838,0.130569039,0.773537939,-0.154687859,0.000000000,0.000000000,0.000000000,1.000000000
1790749332517329828,1790749332,517329828,1790749332523651765,FR_calflower,0.810504543,0.000000000,-0.585732350,0.144124578,-0.076478510,0.991439219,-0.105826800,-0.109009124,0.580718024,0.130569039,0.803565991,-0.256768397,0.000000000,0.000000000,0.000000000,1.000000000
1790749332517329828,1790749332,517329828,1790749332523651765,FR_calflower1,0.989392416,-0.000000000,-0.145267501,0.159448827,-0.018967438,0.991439219,-0.129184017,-0.104011267,0.144023898,0.130569039,0.980922445,-0.294718217,0.000000000,0.000000000,0.000000000,1.000000000
1790749332517329828,1790749332,517329828,1790749332523651765,FR_foot,0.780217207,-0.000000000,-0.625508681,0.169178298,-0.081672068,0.991439219,-0.101872211,-0.100753989,0.620153838,0.130569039,0.773537939,-0.319451440,0.000000000,0.000000000,0.000000000,1.000000000
1790749332517329828,1790749332,517329828,1790749332523651765,RL_hip,1.000000000,-0.000000000,0.000000000,-0.193400000,0.000000000,0.999877209,0.015670552,0.046500000,-0.000000000,-0.015670552,0.999877209,0.000000000,0.000000000,0.000000000,0.000000000,1.000000000
1790749332517329828,1790749332,517329828,1790749332523651765,RL_thigh,0.719050193,-0.000000000,0.694958143,-0.193400000,-0.010890378,0.999877209,0.011267914,0.141988273,-0.694872809,-0.015670552,0.718961900,-0.001496538,0.000000000,0.000000000,0.000000000,1.000000000
1790749332517329828,1790749332,517329828,1790749332523651765,RL_calf,0.751801859,0.000000000,-0.659389085,-0.341426084,0.010332991,0.999877209,0.011781150,0.139588208,0.659308118,-0.015670552,0.751709544,-0.154635422,0.000000000,0.000000000,0.000000000,1.000000000
1790749332517329828,1790749332,517329828,1790749332523651765,RL_calflower,0.783818021,0.000000000,-0.620990588,-0.228800463,0.009731265,0.999877209,0.012282861,0.138051257,0.620914336,-0.015670552,0.783721775,-0.252702273,0.000000000,0.000000000,0.000000000,1.000000000
1790749332517329828,1790749332,517329828,1790749332523651765,RL_calflower1,0.982003127,0.000000000,-0.188864659,-0.211799019,0.002959613,0.999877209,0.015388531,0.137462630,0.188841468,-0.015670552,0.981882546,-0.290260287,0.000000000,0.000000000,0.000000000,1.000000000
1790749332517329828,1790749332,517329828,1790749332523651765,RL_foot,0.751801859,0.000000000,-0.659389085,-0.200976209,0.010332991,0.999877209,0.011781150,0.137078823,0.659308118,-0.015670552,0.751709544,-0.314749555,0.000000000,0.000000000,0.000000000,1.000000000
1790749332517329828,1790749332,517329828,1790749332523651765,RR_hip,1.000000000,0.000000000,0.000000000,-0.193400000,0.000000000,0.999918920,-0.012733982,-0.046500000,0.000000000,0.012733982,0.999918920,0.000000000,0.000000000,0.000000000,0.000000000,1.000000000
1790749332517329828,1790749332,517329828,1790749332523651765,RR_thigh,0.749379384,0.000000000,0.662140875,-0.193400000,0.008431690,0.999918920,-0.009542584,-0.141992257,-0.662087189,0.012733982,0.749318624,-0.001216095,0.000000000,0.000000000,0.000000000,1.000000000
1790749332517329828,1790749332,517329828,1790749332523651765,RR_calf,0.745676202,0.000000000,-0.666308488,-0.334436006,-0.008484761,0.999918920,-0.009495428,-0.139959686,0.666254463,0.012733982,0.745615743,-0.160820962,0.000000000,0.000000000,0.000000000,1.000000000
1790749332517329828,1790749332,517329828,1790749332523651765,RR_calflower,0.778045846,-0.000000000,-0.628207499,-0.220908826,-0.007999583,0.999918920,-0.009907622,-0.138724058,0.628156563,0.012733982,0.777982762,-0.257847003,0.000000000,0.000000000,0.000000000,1.000000000
1790749332517329828,1790749332,517329828,1790749332523651765,RR_calflower1,0.980215856,-0.000000000,-0.197931493,-0.203560985,-0.002520456,0.999918920,-0.012482051,-0.138247758,0.197915444,0.012733982,0.980136380,-0.295247879,0.000000000,0.000000000,0.000000000,1.000000000
1790749332517329828,1790749332,517329828,1790749332523651765,RR_foot,0.745676202,0.000000000,-0.666308488,-0.192512298,-0.008484761,0.999918920,-0.009495428,-0.137937160,0.666254463,0.012733982,0.745615743,-0.319637115,0.000000000,0.000000000,0.000000000,1.000000000
1790749332553511416,1790749332,553511416,1790749332590265395,FL_hip,1.000000000,-0.000000000,0.000000000,0.193400000,0.000000000,0.994493081,0.104802253,0.046500000,-0.000000000,-0.104802253,0.994493081,0.000000000,0.000000000,0.000000000,0.000000000,1.000000000
1790749332553511416,1790749332,553511416,1790749332590265395,FL_thigh,0.722676710,0.000000000,0.691186207,0.193400000,-0.072437872,0.994493081,0.075738147,0.141474089,-0.687379900,-0.104802253,0.718696988,-0.010008615,0.000000000,0.000000000,0.000000000,1.000000000
1790749332553511416,1790749332,553511416,1790749332590265395,FL_calf,0.745399999,0.000000000,-0.666617462,0.046177338,0.069863012,0.994493081,0.078119599,0.125341864,0.662946454,-0.104802253,0.741295142,-0.163091074,0.000000000,0.000000000,0.000000000,1.000000000
1790749332553511416,1790749332,553511416,1790749332590265395,FL_calflower,0.777785430,0.000000000,-0.628529891,0.159744722,0.065871349,0.994493081,0.081513665,0.115177423,0.625068628,-0.104802253,0.773502229,-0.259543825,0.000000000,0.000000000,0.000000000,1.000000000
1790749332553511416,1790749332,553511416,1790749332590265395,FL_calflower1,0.980133743,0.000000000,-0.198337708,0.177108064,0.020786239,0.994493081,0.102720225,0.111258163,0.197245478,-0.104802253,0.974736225,-0.296734601,0.000000000,0.000000000,0.000000000,1.000000000
1790749332553511416,1790749332,553511416,1790749332590265395,FL_foot,0.745399999,0.000000000,-0.666617462,0.188166857,0.069863012,0.994493081,0.078119599,0.108702389,0.662946454,-0.104802253,0.741295142,-0.320986939,0.000000000,0.000000000,0.000000000,1.000000000
1790749332553511416,1790749332,553511416,1790749332590265395,FR_hip,1.000000000,0.000000000,0.000000000,0.193400000,0.000000000,0.991431311,-0.130629079,-0.046500000,0.000000000,0.130629079,0.991431311,0.000000000,0.000000000,0.000000000,0.000000000,1.000000000
1790749332553511416,1790749332,553511416,1790749332590265395,FR_thigh,0.673122072,-0.000000000,0.739531389,0.193400000,0.096604304,0.991431311,-0.087929316,-0.141181690,-0.733194575,0.130629079,0.667354298,-0.012475077,0.000000000,0.000000000,0.000000000,1.000000000
1790749332553511416,1790749332,553511416,1790749332590265395,FR_calf,0.780491313,-0.000000000,-0.625166626,0.035879814,-0.081664941,0.991431311,-0.101954861,-0.122452746,0.619809768,0.130629079,0.773803525,-0.154621543,0.000000000,0.000000000,0.000000000,1.000000000
1790749332553511416,1790749332,553511416,1790749332590265395,FR_calflower,0.810761211,-0.000000000,-0.585377023,0.144014301,-0.076467261,0.991431311,-0.105908990,-0.108996725,0.580361109,0.130629079,0.803814050,-0.256748269,0.000000000,0.000000000,0.000000000,1.000000000
1790749332553511416,1790749332,553511416,1790749332590265395,FR_calflower1,0.989455997,-0.000000000,-0.144833804,0.159321770,-0.018919506,0.991431311,-0.129251726,-0.103995693,0.143592768,0.130629079,0.980977656,-0.294704442,0.000000000,0.000000000,0.000000000,1.000000000
1790749332553511416,1790749332,553511416,1790749332590265395,FR_foot,0.780491313,-0.000000000,-0.625166626,0.169040305,-0.081664941,0.991431311,-0.101954861,-0.100736360,0.619809768,0.130629079,0.773803525,-0.319441693,0.000000000,0.000000000,0.000000000,1.000000000
1790749332553511416,1790749332,553511416,1790749332590265395,RL_hip,1.000000000,-0.000000000,0.000000000,-0.193400000,0.000000000,0.999877209,0.015670552,0.046500000,-0.000000000,-0.015670552,0.999877209,0.000000000,0.000000000,0.000000000,0.000000000,1.000000000
1790749332553511416,1790749332,553511416,1790749332590265395,RL_thigh,0.718944971,0.000000000,0.695066996,-0.193400000,-0.010892084,0.999877209,0.011266265,0.141988273,-0.694981648,-0.015670552,0.718856691,-0.001496538,0.000000000,0.000000000,0.000000000,1.000000000
1790749332553511416,1790749332,553511416,1790749332590265395,RL_calf,0.751901679,0.000000000,-0.659275258,-0.341449270,0.010331207,0.999877209,0.011782714,0.139588559,0.659194305,-0.015670552,0.751809352,-0.154613013,0.000000000,0.000000000,0.000000000,1.000000000
1790749332553511416,1790749332,553511416,1790749332590265395,RL_calflower,0.783912027,0.000000000,-0.620871914,-0.228838498,0.009729406,0.999877209,0.012284334,0.138051342,0.620795677,-0.015670552,0.783815770,-0.252696911,0.000000000,0.000000000,0.000000000,1.000000000
1790749332553511416,1790749332,553511416,1790749332590265395,RL_calflower1,0.982031709,-0.000000000,-0.188715986,-0.211842742,0.002957284,0.999877209,0.015388979,0.137462674,0.188692813,-0.015670552,0.981911124,-0.290257499,0.000000000,0.000000000,0.000000000,1.000000000
1790749332553511416,1790749332,553511416,1790749332590265395,RL_foot,0.751901679,0.000000000,-0.659275258,-0.201023640,0.010331207,0.999877209,0.011782714,0.137078841,0.659194305,-0.015670552,0.751809352,-0.314748405,0.000000000,0.000000000,0.000000000,1.000000000
1790749332553511416,1790749332,553511416,1790749332590265395,RR_hip,1.000000000,0.000000000,0.000000000,-0.193400000,0.000000000,0.999917759,-0.012824808,-0.046500000,0.000000000,0.012824808,0.999917759,0.000000000,0.000000000,0.000000000,0.000000000,1.000000000
1790749332553511416,1790749332,553511416,1790749332590265395,RR_thigh,0.749259077,0.000000000,0.662277008,-0.193400000,0.008493575,0.999917759,-0.009609104,-0.141992146,-0.662222541,0.012824808,0.749197457,-0.001224769,0.000000000,0.000000000,0.000000000,1.000000000
1790749332553511416,1790749332,553511416,1790749332590265395,RR_calf,0.745776197,0.000000000,-0.666196566,-0.334465003,-0.008543843,0.999917759,-0.009564436,-0.139945407,0.666141777,0.012824808,0.745714863,-0.160803828,0.000000000,0.000000000,0.000000000,1.000000000
1790749332553511416,1790749332,553511416,1790749332590265395,RR_calflower,0.778140121,-0.000000000,-0.628090719,-0.220952387,-0.008055143,0.999917759,-0.009979497,-0.138700747,0.628039064,0.012824808,0.778076126,-0.257846792,0.000000000,0.000000000,0.000000000,1.000000000
1790749332553511416,1790749332,553511416,1790749332590265395,RR_calflower1,0.980245551,0.000000000,-0.197784375,-0.203610159,-0.002536547,0.999917759,-0.012571461,-0.138221016,0.197768109,0.012824808,0.980164935,-0.295250227,0.000000000,0.000000000,0.000000000,1.000000000
1790749332553511416,1790749332,553511416,1790749332590265395,RR_foot,0.745776197,0.000000000,-0.666196566,-0.192565134,-0.008543843,0.999917759,-0.009564436,-0.137908182,0.666141777,0.012824808,0.745714863,-0.319641093,0.000000000,0.000000000,0.000000000,1.000000000
1790749333077919930,1790749333,77919930,1790749333090228722,FL_hip,1.000000000,-0.000000000,0.000000000,0.193400000,0.000000000,0.994467666,0.105043142,0.046500000,-0.000000000,-0.105043142,0.994467666,0.000000000,0.000000000,0.000000000,0.000000000,1.000000000
1790749333077919930,1790749333,77919930,1790749333090228722,FL_thigh,0.720664644,-0.000000000,0.693283831,0.193400000,-0.072824712,0.994467666,0.075700878,0.141471662,-0.689448353,-0.105043142,0.716677686,-0.010031620,0.000000000,0.000000000,0.000000000,1.000000000
1790749333077919930,1790749333,77919930,1790749333090228722,FL_calf,0.747271478,0.000000000,-0.664518877,0.045730544,0.069803151,0.994467666,0.078495744,0.125347375,0.660842537,-0.105043142,0.743137322,-0.162683967,0.000000000,0.000000000,0.000000000,1.000000000
1790749333077919930,1790749333,77919930,1790749333090228722,FL_calflower,0.779549685,0.000000000,-0.626340394,0.159024767,0.065792763,0.994467666,0.081886348,0.115126068,0.622875270,-0.105043142,0.775236955,-0.259451440,0.000000000,0.000000000,0.000000000,1.000000000
1790749333077919930,1790749333,77919930,1790749333090228722,FL_calflower1,0.980687563,-0.000000000,-0.195580939,0.176282886,0.020544436,0.994467666,0.103014503,0.111192686,0.194498920,-0.105043142,0.975262072,-0.296689671,0.000000000,0.000000000,0.000000000,1.000000000
1790749333077919930,1790749333,77919930,1790749333090228722,FL_foot,0.747271478,0.000000000,-0.664518877,0.187273065,0.069803151,0.994467666,0.078495744,0.108627782,0.660842537,-0.105043142,0.743137322,-0.320972217,0.000000000,0.000000000,0.000000000,1.000000000
1790749333077919930,1790749333,77919930,1790749333090228722,FR_hip,1.000000000,0.000000000,0.000000000,0.193400000,0.000000000,0.991470819,-0.130328876,-0.046500000,0.000000000,0.130328876,0.991470819,0.000000000,0.000000000,0.000000000,0.000000000,1.000000000
1790749333077919930,1790749333,77919930,1790749333090228722,FR_thigh,0.671620486,0.000000000,0.740895352,0.193400000,0.096560058,0.991470819,-0.087531543,-0.141185463,-0.734576121,0.130328876,0.665892113,-0.012446408,0.000000000,0.000000000,0.000000000,1.000000000
1790749333077919930,1790749333,77919930,1790749333090228722,FR_calf,0.781787495,-0.000000000,-0.623544957,0.035589290,-0.081265913,0.991470819,-0.101889485,-0.122541245,0.618226629,0.130328876,0.775119487,-0.154281428,0.000000000,0.000000000,0.000000000,1.000000000
1790749333077919930,1790749333,77919930,1790749333090228722,FR_calflower,0.811974723,-0.000000000,-0.583692599,0.143509694,-0.076072000,0.991470819,-0.105823753,-0.109086919,0.578714179,0.130328876,0.805049243,-0.256634579,0.000000000,0.000000000,0.000000000,1.000000000
1790749333077919930,1790749333,77919930,1790749333090228722,FR_calflower1,0.989754543,-0.000000000,-0.142779353,0.158737650,-0.018608273,0.991470819,-0.128993597,-0.104093249,0.141561562,0.130328876,0.981312747,-0.294623691,0.000000000,0.000000000,0.000000000,1.000000000
1790749333077919930,1790749333,77919930,1790749333090228722,FR_foot,0.781787495,-0.000000000,-0.623544957,0.168404366,-0.081265913,0.991470819,-0.101889485,-0.100838784,0.618226629,0.130328876,0.775119487,-0.319381879,0.000000000,0.000000000,0.000000000,1.000000000
1790749333077919930,1790749333,77919930,1790749333090228722,RL_hip,1.000000000,-0.000000000,0.000000000,-0.193400000,0.000000000,0.999876734,0.015700828,0.046500000,-0.000000000,-0.015700828,0.999876734,0.000000000,0.000000000,0.000000000,0.000000000,1.000000000
1790749333077919930,1790749333,77919930,1790749333090228722,RL_thigh,0.717217064,0.000000000,0.696849828,-0.193400000,-0.010941119,0.999876734,0.011260901,0.141988228,-0.696763931,-0.015700828,0.717128656,-0.001499429,0.000000000,0.000000000,0.000000000,1.000000000
1790749333077919930,1790749333,77919930,1790749333090228722,RL_calf,0.753640019,0.000000000,-0.657287396,-0.341829013,0.010319956,0.999876734,0.011832772,0.139589656,0.657206376,-0.015700828,0.753547121,-0.154247833,0.000000000,0.000000000,0.000000000,1.000000000
1790749333077919930,1790749333,77919930,1790749333090228722,RL_calflower,0.785548843,0.000000000,-0.618799656,-0.229477678,0.009715667,0.999876734,0.012333767,0.138044805,0.618723380,-0.015700828,0.785452012,-0.252628679,0.000000000,0.000000000,0.000000000,1.000000000
1790749333077919930,1790749333,77919930,1790749333090228722,RL_calflower1,0.982526631,0.000000000,-0.186122056,-0.212581181,0.002922270,0.999876734,0.015426481,0.137454298,0.186099114,-0.015700828,0.982405519,-0.290233993,0.000000000,0.000000000,0.000000000,1.000000000
1790749333077919930,1790749333,77919930,1790749333090228722,RL_foot,0.753640019,0.000000000,-0.657287396,-0.201826798,0.010319956,0.999876734,0.011832772,0.137069276,0.657206376,-0.015700828,0.753547121,-0.314753370,0.000000000,0.000000000,0.000000000,1.000000000
1790749333077919930,1790749333,77919930,1790749333090228722,RR_hip,1.000000000,0.000000000,0.000000000,-0.193400000,0.000000000,0.999918147,-0.012794533,-0.046500000,0.000000000,0.012794533,0.999918147,0.000000000,0.000000000,0.000000000,0.000000000,1.000000000
1790749333077919930,1790749333,77919930,1790749333090228722,RR_thigh,0.747330887,-0.000000000,0.664452063,-0.193400000,0.008501354,0.999918147,-0.009561750,-0.141992183,-0.664397676,0.012794533,0.747269716,-0.001221878,0.000000000,0.000000000,0.000000000,1.000000000
1790749333077919930,1790749333,77919930,1790749333090228722,RR_calf,0.747730440,0.000000000,-0.664002401,-0.334928290,-0.008495601,0.999918147,-0.009566862,-0.139955530,0.663948050,0.012794533,0.747669236,-0.160390327,0.000000000,0.000000000,0.000000000,1.000000000
1790749333077919930,1790749333,77919930,1790749333090228722,RR_calflower,0.779982260,0.000000000,-0.625801625,-0.221701325,-0.008006840,0.999918147,-0.009979509,-0.138709547,0.625750401,0.012794533,0.779918416,-0.257766413,0.000000000,0.000000000,0.000000000,1.000000000
1790749333077919930,1790749333,77919930,1790749333090228722,RR_calflower1,0.980822463,0.000000000,-0.194903299,-0.204469083,-0.002493697,0.999918147,-0.012549165,-0.138230298,0.194887345,0.012794533,0.980742179,-0.295220654,0.000000000,0.000000000,0.000000000,1.000000000
1790749333077919930,1790749333,77919930,1790749333090228722,RR_foot,0.747730440,0.000000000,-0.664002401,-0.193495778,-0.008495601,0.999918147,-0.009566862,-0.137917789,0.663948050,0.012794533,0.747669236,-0.319643875,0.000000000,0.000000000,0.000000000,1.000000000
1790749333122245172,1790749333,122245172,1790749333156966674,FL_hip,1.000000000,-0.000000000,0.000000000,0.193400000,0.000000000,0.994467666,0.105043142,0.046500000,-0.000000000,-0.105043142,0.994467666,0.000000000,0.000000000,0.000000000,0.000000000,1.000000000
1790749333122245172,1790749333,122245172,1790749333156966674,FL_thigh,0.720643652,0.000000000,0.693305652,0.193400000,-0.072827004,0.994467666,0.075698673,0.141471662,-0.689470054,-0.105043142,0.716656810,-0.010031620,0.000000000,0.000000000,0.000000000,1.000000000
1790749333122245172,1790749333,122245172,1790749333156966674,FL_calf,0.747302055,-0.000000000,-0.664484491,0.045725896,0.069799539,0.994467666,0.078498956,0.125347845,0.660808341,-0.105043142,0.743167730,-0.162679521,0.000000000,0.000000000,0.000000000,1.000000000
1790749333122245172,1790749333,122245172,1790749333156966674,FL_calflower,0.779578505,0.000000000,-0.626304523,0.159015642,0.065788995,0.994467666,0.081889375,0.115125990,0.622839597,-0.105043142,0.775265616,-0.259452178,0.000000000,0.000000000,0.000000000,1.000000000
1790749333122245172,1790749333,122245172,1790749333156966674,FL_calflower1,0.980696562,0.000000000,-0.195535813,0.176272038,0.020539696,0.994467666,0.103015448,0.111192525,0.194454043,-0.105043142,0.975271021,-0.296691198,0.000000000,0.000000000,0.000000000,1.000000000
1790749333122245172,1790749333,122245172,1790749333156966674,FL_foot,0.747302055,-0.000000000,-0.664484491,0.187261093,0.069799539,0.994467666,0.078498956,0.108627567,0.660808341,-0.105043142,0.743167730,-0.320974247,0.000000000,0.000000000,0.000000000,1.000000000
1790749333122245172,1790749333,122245172,1790749333156966674,FR_hip,1.000000000,0.000000000,0.000000000,0.193400000,0.000000000,0.991474764,-0.130298855,-0.046500000,0.000000000,0.130298855,0.991474764,0.000000000,0.000000000,0.000000000,0.000000000,1.000000000
1790749333122245172,1790749333,122245172,1790749333156966674,FR_thigh,0.671553182,0.000000000,0.740956357,0.193400000,0.096545765,0.991474764,-0.087502611,-0.141185840,-0.734639530,0.130298855,0.665828033,-0.012443541,0.000000000,0.000000000,0.000000000,1.000000000
1790749333122245172,1790749333,122245172,1790749333156966674,FR_calf,0.781853943,-0.000000000,-0.623461636,0.035576296,-0.081236337,0.991474764,-0.101874674,-0.122547784,0.618146479,0.130298855,0.775188454,-0.154264912,0.000000000,0.000000000,0.000000000,1.000000000
1790749333122245172,1790749333,122245172,1790749333156966674,FR_calflower,0.812036924,0.000000000,-0.583606061,0.143485697,-0.076043201,0.991474764,-0.105807481,-0.109095059,0.578630681,0.130298855,0.805114118,-0.256629873,0.000000000,0.000000000,0.000000000,1.000000000
1790749333122245172,1790749333,122245172,1790749333156966674,FR_calflower1,0.989769754,0.000000000,-0.142673871,0.158709570,-0.018590242,0.991474764,-0.128965866,-0.104102328,0.141457543,0.130298855,0.981331734,-0.294620745,0.000000000,0.000000000,0.000000000,1.000000000
1790749333122245172,1790749333,122245172,1790749333156966674,FR_foot,0.781853943,-0.000000000,-0.623461636,0.168373624,-0.081236337,0.991474764,-0.101874674,-0.100848478,0.618146479,0.130298855,0.775188454,-0.319380052,0.000000000,0.000000000,0.000000000,1.000000000
1790749333122245172,1790749333,122245172,1790749333156966674,RL_hip,1.000000000,-0.000000000,0.000000000,-0.193400000,0.000000000,0.999876259,0.015731103,0.046500000,-0.000000000,-0.015731103,0.999876259,0.000000000,0.000000000,0.000000000,0.000000000,1.000000000
1790749333122245172,1790749333,122245172,1790749333156966674,RL_thigh,0.717195963,-0.000000000,0.696871545,-0.193400000,-0.010962558,0.999876259,0.011282284,0.141988183,-0.696785313,-0.015731103,0.717107217,-0.001502320,0.000000000,0.000000000,0.000000000,1.000000000
1790749333122245172,1790749333,122245172,1790749333156966674,RL_calf,0.753680684,-0.000000000,-0.657240768,-0.341833639,0.010339122,0.999876259,0.011856228,0.139585056,0.657159440,-0.015731103,0.753587422,-0.154246157,0.000000000,0.000000000,0.000000000,1.000000000
1790749333122245172,1790749333,122245172,1790749333156966674,RL_calflower,0.785587127,0.000000000,-0.618751053,-0.229488392,0.009733637,0.999876259,0.012358152,0.138037117,0.618674488,-0.015731103,0.785489917,-0.252633907,0.000000000,0.000000000,0.000000000,1.000000000
1790749333122245172,1790749333,122245172,1790749333156966674,RL_calflower1,0.982538144,0.000000000,-0.186061267,-0.212594221,0.002926949,0.999876259,0.015456409,0.137445454,0.186038244,-0.015731103,0.982416564,-0.290240249,0.000000000,0.000000000,0.000000000,1.000000000
1790749333122245172,1790749333,122245172,1790749333156966674,RL_foot,0.753680684,-0.000000000,-0.657240768,-0.201841356,0.010339122,0.999876259,0.011856228,0.137059680,0.657159440,-0.015731103,0.753587422,-0.314760278,0.000000000,0.000000000,0.000000000,1.000000000
1790749333122245172,1790749333,122245172,1790749333156966674,RR_hip,1.000000000,0.000000000,0.000000000,-0.193400000,0.000000000,0.999918920,-0.012733982,-0.046500000,0.000000000,0.012733982,0.999918920,0.000000000,0.000000000,0.000000000,0.000000000,1.000000000
1790749333122245172,1790749333,122245172,1790749333156966674,RR_thigh,0.747310768,0.000000000,0.664474692,-0.193400000,0.008461409,0.999918920,-0.009516242,-0.141992257,-0.664420816,0.012733982,0.747250176,-0.001216095,0.000000000,0.000000000,0.000000000,1.000000000
1790749333122245172,1790749333,122245172,1790749333156966674,RR_calf,0.747740097,0.000000000,-0.663991527,-0.334933109,-0.008455256,0.999918920,-0.009521709,-0.139965297,0.663937690,0.012733982,0.747679470,-0.160380383,0.000000000,0.000000000,0.000000000,1.000000000
1790749333122245172,1790749333,122245172,1790749333156966674,RR_calflower,0.779991362,-0.000000000,-0.625790281,-0.221707561,-0.007968802,0.999918920,-0.009932396,-0.138725189,0.625739542,0.012733982,0.779928119,-0.257758191,0.000000000,0.000000000,0.000000000,1.000000000
1790749333122245172,1790749333,122245172,1790749333156966674,RR_calflower1,0.980825298,-0.000000000,-0.194889034,-0.204475864,-0.002481714,0.999918920,-0.012489812,-0.138248206,0.194873233,0.012733982,0.980745772,-0.295212711,0.000000000,0.000000000,0.000000000,1.000000000
1790749333122245172,1790749333,122245172,1790749333156966674,RR_foot,0.747740097,0.000000000,-0.663991527,-0.193502914,-0.008455256,0.999918920,-0.009521709,-0.137937173,0.663937690,0.012733982,0.747679470,-0.319636110,0.000000000,0.000000000,0.000000000,1.000000000
1790749333185789130,1790749333,185789130,1790749333190234335,FL_hip,1.000000000,-0.000000000,0.000000000,0.193400000,0.000000000,0.994467666,0.105043142,0.046500000,-0.000000000,-0.105043142,0.994467666,0.000000000,0.000000000,0.000000000,0.000000000,1.000000000
1790749333185789130,1790749333,185789130,1790749333190234335,FL_thigh,0.720580671,0.000000000,0.693371111,0.193400000,-0.072833880,0.994467666,0.075692058,0.141471662,-0.689535150,-0.105043142,0.716594178,-0.010031620,0.000000000,0.000000000,0.000000000,1.000000000
1790749333185789130,1790749333,185789130,1790749333190234335,FL_calf,0.747362412,-0.000000000,-0.664416605,0.045711953,0.069792408,0.994467666,0.078505296,0.125349254,0.660740831,-0.105043142,0.743227753,-0.162666180,0.000000000,0.000000000,0.000000000,1.000000000
1790749333185789130,1790749333,185789130,1790749333190234335,FL_calflower,0.779635393,0.000000000,-0.626233705,0.158992859,0.065781556,0.994467666,0.081895351,0.115126318,0.622769171,-0.105043142,0.775322190,-0.259449071,0.000000000,0.000000000,0.000000000,1.000000000
1790749333185789130,1790749333,185789130,1790749333190234335,FL_calflower1,0.980714320,-0.000000000,-0.195446728,0.176245854,0.020530338,0.994467666,0.103017313,0.111192689,0.194365451,-0.105043142,0.975288680,-0.296689650,0.000000000,0.000000000,0.000000000,1.000000000
1790749333185789130,1790749333,185789130,1790749333190234335,FL_foot,0.747362412,-0.000000000,-0.664416605,0.187232690,0.069792408,0.994467666,0.078505296,0.108627626,0.660740831,-0.105043142,0.743227753,-0.320973691,0.000000000,0.000000000,0.000000000,1.000000000
1790749333185789130,1790749333,185789130,1790749333190234335,FR_hip,1.000000000,0.000000000,0.000000000,0.193400000,0.000000000,0.991474764,-0.130298855,-0.046500000,0.000000000,0.130298855,0.991474764,0.000000000,0.000000000,0.000000000,0.000000000,1.000000000
1790749333185789130,1790749333,185789130,1790749333190234335,FR_thigh,0.671575618,0.000000000,0.740936023,0.193400000,0.096543115,0.991474764,-0.087505534,-0.141185840,-0.734619368,0.130298855,0.665850277,-0.012443541,0.000000000,0.000000000,0.000000000,1.000000000
1790749333185789130,1790749333,185789130,1790749333190234335,FR_calf,0.781835065,-0.000000000,-0.623485310,0.035580627,-0.081239422,0.991474764,-0.101872214,-0.122547161,0.618169950,0.130298855,0.775169737,-0.154269650,0.000000000,0.000000000,0.000000000,1.000000000
1790749333185789130,1790749333,185789130,1790749333190234335,FR_calflower,0.812019253,0.000000000,-0.583630648,0.143493154,-0.076046405,0.991474764,-0.105805179,-0.109094862,0.578655059,0.130298855,0.805096597,-0.256631372,0.000000000,0.000000000,0.000000000,1.000000000
1790749333185789130,1790749333,185789130,1790749333190234335,FR_calflower1,0.989765434,0.000000000,-0.142703841,0.158718188,-0.018594147,0.991474764,-0.128965303,-0.104102191,0.141487257,0.130298855,0.981327450,-0.294621786,0.000000000,0.000000000,0.000000000,1.000000000
1790749333185789130,1790749333,185789130,1790749333190234335,FR_foot,0.781835065,-0.000000000,-0.623485310,0.168382998,-0.081239422,0.991474764,-0.101872214,-0.100848380,0.618169950,0.130298855,0.775169737,-0.319380804,0.000000000,0.000000000,0.000000000,1.000000000
1790749333185789130,1790749333,185789130,1790749333190234335,RL_hip,1.000000000,-0.000000000,0.000000000,-0.193400000,0.000000000,0.999876734,0.015700828,0.046500000,-0.000000000,-0.015700828,0.999876734,0.000000000,0.000000000,0.000000000,0.000000000,1.000000000
1790749333185789130,1790749333,185789130,1790749333190234335,RL_thigh,0.717153761,-0.000000000,0.696914976,-0.193400000,-0.010942142,0.999876734,0.011259908,0.141988228,-0.696829070,-0.015700828,0.717065360,-0.001499429,0.000000000,0.000000000,0.000000000,1.000000000
1790749333185789130,1790749333,185789130,1790749333190234335,RL_calf,0.753730903,-0.000000000,-0.657183175,-0.341842890,0.010318320,0.999876734,0.011834199,0.139589868,0.657102167,-0.015700828,0.753637994,-0.154234351,0.000000000,0.000000000,0.000000000,1.000000000
1790749333185789130,1790749333,185789130,1790749333190234335,RL_calflower,0.785634405,-0.000000000,-0.618691022,-0.229505162,0.009713961,0.999876734,0.012335110,0.138044773,0.618614759,-0.015700828,0.785537564,-0.252630731,0.000000000,0.000000000,0.000000000,1.000000000
1790749333185789130,1790749333,185789130,1790749333190234335,RL_calflower1,0.982552359,-0.000000000,-0.185986188,-0.212613865,0.002920137,0.999876734,0.015426885,0.137454229,0.185963262,-0.015700828,0.982431244,-0.290238381,0.000000000,0.000000000,0.000000000,1.000000000
1790749333185789130,1790749333,185789130,1790749333190234335,RL_foot,0.753730903,-0.000000000,-0.657183175,-0.201862874,0.010318320,0.999876734,0.011834199,0.137069183,0.657102167,-0.015700828,0.753637994,-0.314759244,0.000000000,0.000000000,0.000000000,1.000000000
1790749333185789130,1790749333,185789130,1790749333190234335,RR_hip,1.000000000,0.000000000,0.000000000,-0.193400000,0.000000000,0.999918147,-0.012794533,-0.046500000,0.000000000,0.012794533,0.999918147,0.000000000,0.000000000,0.000000000,0.000000000,1.000000000
1790749333185789130,1790749333,185789130,1790749333190234335,RR_thigh,0.747210161,0.000000000,0.664587824,-0.193400000,0.008503091,0.999918147,-0.009560205,-0.141992183,-0.664533425,0.012794533,0.747148999,-0.001221878,0.000000000,0.000000000,0.000000000,1.000000000
1790749333185789130,1790749333,185789130,1790749333190234335,RR_calf,0.747851060,0.000000000,-0.663866546,-0.334957206,-0.008493862,0.999918147,-0.009568405,-0.139955859,0.663812207,0.012794533,0.747789846,-0.160364615,0.000000000,0.000000000,0.000000000,1.000000000
1790749333185789130,1790749333,185789130,1790749333190234335,RR_calflower,0.780095940,0.000000000,-0.625659911,-0.221747936,-0.008005026,0.999918147,-0.009980963,-0.138709613,0.625608699,0.012794533,0.780032086,-0.257761268,0.000000000,0.000000000,0.000000000,1.000000000
1790749333185789130,1790749333,185789130,1790749333190234335,RR_calflower1,0.980857856,0.000000000,-0.194725105,-0.204522499,-0.002491417,0.999918147,-0.012549618,-0.138230324,0.194709166,0.012794533,0.980777569,-0.295218638,0.000000000,0.000000000,0.000000000,1.000000000
1790749333185789130,1790749333,185789130,1790749333190234335,RR_foot,0.747851060,0.000000000,-0.663866546,-0.193553632,-0.008493862,0.999918147,-0.009568405,-0.137917789,0.663812207,0.012794533,0.747789846,-0.319643852,0.000000000,0.000000000,0.000000000,1.000000000
1790749333319747670,1790749333,319747670,1790749333323758521,FL_hip,1.000000000,-0.000000000,0.000000000,0.193400000,0.000000000,0.994458121,0.105133469,0.046500000,-0.000000000,-0.105133469,0.994458121,0.000000000,0.000000000,0.000000000,0.000000000,1.000000000
1790749333319747670,1790749333,319747670,1790749333323758521,FL_thigh,0.720349689,-0.000000000,0.693611077,0.193400000,-0.072921739,0.994458121,0.075732862,0.141470751,-0.689767168,-0.105133469,0.716357598,-0.010040246,0.000000000,0.000000000,0.000000000,1.000000000
1790749333319747670,1790749333,319747670,1790749333323758521,FL_calf,0.747583668,-0.000000000,-0.664167644,0.045660841,0.069826248,0.994458121,0.078596064,0.125339651,0.660486907,-0.105133469,0.743440650,-0.162624415,0.000000000,0.000000000,0.000000000,1.000000000
1790749333319747670,1790749333,319747670,1790749333323758521,FL_calflower,0.779843930,0.000000000,-0.625973997,0.158909325,0.065810818,0.994458121,0.081987698,0.115103958,0.622504924,-0.105133469,0.775522129,-0.259443893,0.000000000,0.000000000,0.000000000,1.000000000
1790749333319747670,1790749333,319747670,1790749333323758521,FL_calflower1,0.980779363,0.000000000,-0.195120070,0.176149846,0.020513650,0.994458121,0.103112737,0.111166342,0.194038738,-0.105133469,0.975344002,-0.296689827,0.000000000,0.000000000,0.000000000,1.000000000
1790749333319747670,1790749333,319747670,1790749333323758521,FL_foot,0.747583668,-0.000000000,-0.664167644,0.187128549,0.069826248,0.994458121,0.078596064,0.108598689,0.660486907,-0.105133469,0.743440650,-0.320977273,0.000000000,0.000000000,0.000000000,1.000000000
1790749333319747670,1790749333,319747670,1790749333323758521,FR_hip,1.000000000,0.000000000,0.000000000,0.193400000,0.000000000,0.991482653,-0.130238813,-0.046500000,0.000000000,0.130238813,0.991482653,0.000000000,0.000000000,0.000000000,0.000000000,1.000000000
1790749333319747670,1790749333,319747670,1790749333323758521,FR_thigh,0.671194135,0.000000000,0.741281615,0.193400000,0.096543637,0.991482653,-0.087415527,-0.141186593,-0.734967863,0.130238813,0.665477342,-0.012437807,0.000000000,0.000000000,0.000000000,1.000000000
1790749333319747670,1790749333,319747670,1790749333323758521,FR_calf,0.782165777,0.000000000,-0.623070380,0.035507016,-0.081147946,0.991482653,-0.101868342,-0.122567086,0.617763473,0.130238813,0.775503799,-0.154184480,0.000000000,0.000000000,0.000000000,1.000000000
1790749333319747670,1790749333,319747670,1790749333323758521,FR_calflower,0.812328813,-0.000000000,-0.583199708,0.143364748,-0.075955238,0.991482653,-0.105796740,-0.109113530,0.578232394,0.130238813,0.805409927,-0.256603773,0.000000000,0.000000000,0.000000000,1.000000000
1790749333319747670,1790749333,319747670,1790749333323758521,FR_calflower1,0.989841013,0.000000000,-0.142178651,0.158569448,-0.018517179,0.991482653,-0.128915718,-0.104122108,0.140967666,0.130238813,0.981410194,-0.294602494,0.000000000,0.000000000,0.000000000,1.000000000
1790749333319747670,1790749333,319747670,1790749333323758521,FR_foot,0.782165777,0.000000000,-0.623070380,0.168221007,-0.081147946,0.991482653,-0.101868342,-0.100869129,0.617763473,0.130238813,0.775503799,-0.319366790,0.000000000,0.000000000,0.000000000,1.000000000
1790749333319747670,1790749333,319747670,1790749333323758521,RL_hip,1.000000000,-0.000000000,0.000000000,-0.193400000,0.000000000,0.999876734,0.015700828,0.046500000,-0.000000000,-0.015700828,0.999876734,0.000000000,0.000000000,0.000000000,0.000000000,1.000000000
1790749333319747670,1790749333,319747670,1790749333323758521,RL_thigh,0.716900531,-0.000000000,0.697175465,-0.193400000,-0.010946232,0.999876734,0.011255932,0.141988228,-0.697089527,-0.015700828,0.716812162,-0.001499429,0.000000000,0.000000000,0.000000000,1.000000000
1790749333319747670,1790749333,319747670,1790749333323758521,RL_calf,0.754011105,0.000000000,-0.656861670,-0.341898374,0.010313272,0.999876734,0.011838598,0.139590715,0.656780702,-0.015700828,0.753918161,-0.154180419,0.000000000,0.000000000,0.000000000,1.000000000
1790749333319747670,1790749333,319747670,1790749333323758521,RL_calflower,0.785898188,0.000000000,-0.618355916,-0.229602625,0.009708700,0.999876734,0.012339252,0.138044868,0.618279694,-0.015700828,0.785801314,-0.252624693,0.000000000,0.000000000,0.000000000,1.000000000
1790749333319747670,1790749333,319747670,1790749333323758521,RL_calflower1,0.982631587,0.000000000,-0.185567141,-0.212727370,0.002913558,0.999876734,0.015428129,0.137454210,0.185544266,-0.015700828,0.982510463,-0.290239543,0.000000000,0.000000000,0.000000000,1.000000000
1790749333319747670,1790749333,319747670,1790749333323758521,RL_foot,0.754011105,0.000000000,-0.656861670,-0.201986838,0.010313272,0.999876734,0.011838598,0.137069093,0.656780702,-0.015700828,0.753918161,-0.314764988,0.000000000,0.000000000,0.000000000,1.000000000
1790749333319747670,1790749333,319747670,1790749333323758521,RR_hip,1.000000000,0.000000000,0.000000000,-0.193400000,0.000000000,0.999918147,-0.012794533,-0.046500000,0.000000000,0.012794533,0.999918147,0.000000000,0.000000000,0.000000000,0.000000000,1.000000000
1790749333319747670,1790749333,319747670,1790749333323758521,RR_thigh,0.746988844,-0.000000000,0.664836572,-0.193400000,0.008506273,0.999918147,-0.009557373,-0.141992183,-0.664782153,0.012794533,0.746927700,-0.001221878,0.000000000,0.000000000,0.000000000,1.000000000
1790749333319747670,1790749333,319747670,1790749333323758521,RR_calf,0.748082576,0.000000000,-0.663605651,-0.335010190,-0.008490524,0.999918147,-0.009571367,-0.139956462,0.663551332,0.012794533,0.748021343,-0.160317478,0.000000000,0.000000000,0.000000000,1.000000000
1790749333319747670,1790749333,319747670,1790749333323758521,RR_calflower,0.780314127,0.000000000,-0.625387771,-0.221834902,-0.008001544,0.999918147,-0.009983755,-0.138709711,0.625336581,0.012794533,0.780250255,-0.257753610,0.000000000,0.000000000,0.000000000,1.000000000
1790749333319747670,1790749333,319747670,1790749333323758521,RR_calflower1,0.980925718,0.000000000,-0.194382963,-0.204622532,-0.002487039,0.999918147,-0.012550486,-0.138230345,0.194367053,0.012794533,0.980845426,-0.295216986,0.000000000,0.000000000,0.000000000,1.000000000
1790749333319747670,1790749333,319747670,1790749333323758521,RR_foot,0.748082576,0.000000000,-0.663605651,-0.193662186,-0.008490524,0.999918147,-0.009571367,-0.137917761,0.663551332,0.012794533,0.748021343,-0.319646024,0.000000000,0.000000000,0.000000000,1.000000000
1790749333381225160,1790749333,381225160,1790749333390255334,FL_hip,1.000000000,-0.000000000,0.000000000,0.193400000,0.000000000,0.994454937,0.105163580,0.046500000,-0.000000000,-0.105163580,0.994454937,0.000000000,0.000000000,0.000000000,0.000000000,1.000000000
1790749333381225160,1790749333,381225160,1790749333390255334,FL_thigh,0.720181652,0.000000000,0.693785549,0.193400000,-0.072960972,0.994454937,0.075736881,0.141470446,-0.689938464,-0.105163580,0.716188199,-0.010043122,0.000000000,0.000000000,0.000000000,1.000000000
1790749333381225160,1790749333,381225160,1790749333390255334,FL_calf,0.747723633,0.000000000,-0.664010067,0.045623678,0.069829676,0.994454937,0.078633294,0.125338491,0.660328089,-0.105163580,0.743577458,-0.162591208,0.000000000,0.000000000,0.000000000,1.000000000
1790749333381225160,1790749333,381225160,1790749333390255334,FL_calflower,0.779975844,0.000000000,-0.625809621,0.158851641,0.065812380,0.994454937,0.082025052,0.115097357,0.622339467,-0.105163580,0.775650829,-0.259434110,0.000000000,0.000000000,0.000000000,1.000000000
1790749333381225160,1790749333,381225160,1790749333390255334,FL_calflower1,0.980820465,-0.000000000,-0.194913354,0.176084267,0.020497786,0.994454937,0.103146592,0.111158231,0.193832547,-0.105163580,0.975381753,-0.296683538,0.000000000,0.000000000,0.000000000,1.000000000
1790749333381225160,1790749333,381225160,1790749333390255334,FL_foot,0.747723633,0.000000000,-0.664010067,0.187057822,0.069829676,0.994454937,0.078633294,0.108589599,0.660328089,-0.105163580,0.743577458,-0.320973207,0.000000000,0.000000000,0.000000000,1.000000000
1790749333381225160,1790749333,381225160,1790749333390255334,FR_hip,1.000000000,0.000000000,0.000000000,0.193400000,0.000000000,0.991498420,-0.130118727,-0.046500000,0.000000000,0.130118727,0.991498420,0.000000000,0.000000000,0.000000000,0.000000000,1.000000000
1790749333381225160,1790749333,381225160,1790749333390255334,FR_thigh,0.670969695,-0.000000000,0.741484773,0.193400000,0.096481055,0.991498420,-0.087305722,-0.141188099,-0.735180981,0.130118727,0.665265392,-0.012426338,0.000000000,0.000000000,0.000000000,1.000000000
1790749333381225160,1790749333,381225160,1790749333390255334,FR_calf,0.782334688,0.000000000,-0.622858279,0.035463743,-0.081045526,0.991498420,-0.101796393,-0.122591980,0.617563000,0.130118727,0.775683607,-0.154127867,0.000000000,0.000000000,0.000000000,1.000000000
1790749333381225160,1790749333,381225160,1790749333390255334,FR_calflower,0.812486913,-0.000000000,-0.582979431,0.143293462,-0.075856541,0.991498420,-0.105719763,-0.109147025,0.578023184,0.130118727,0.805579490,-0.256577781,0.000000000,0.000000000,0.000000000,1.000000000
1790749333381225160,1790749333,381225160,1790749333390255334,FR_calflower1,0.989879527,0.000000000,-0.141910258,0.158487770,-0.018465182,0.991498420,-0.128801864,-0.104159669,0.140703797,0.130118727,0.981463987,-0.294581192,0.000000000,0.000000000,0.000000000,1.000000000
1790749333381225160,1790749333,381225160,1790749333390255334,FR_foot,0.782334688,0.000000000,-0.622858279,0.168132557,-0.081045526,0.991498420,-0.101796393,-0.100909348,0.617563000,0.130118727,0.775683607,-0.319348475,0.000000000,0.000000000,0.000000000,1.000000000
1790749333381225160,1790749333,381225160,1790749333390255334,RL_hip,1.000000000,-0.000000000,0.000000000,-0.193400000,0.000000000,0.999875782,0.015761378,0.046500000,-0.000000000,-0.015761378,0.999875782,0.000000000,0.000000000,0.000000000,0.000000000,1.000000000
1790749333381225160,1790749333,381225160,1790749333390255334,RL_thigh,0.716773860,0.000000000,0.697305696,-0.193400000,-0.010990499,0.999875782,0.011297344,0.141988137,-0.697219078,-0.015761378,0.716684823,-0.001505212,0.000000000,0.000000000,0.000000000,1.000000000
1790749333381225160,1790749333,381225160,1790749333390255334,RL_calf,0.754140761,0.000000000,-0.656712808,-0.341926113,0.010350699,0.999875782,0.011886298,0.139581803,0.656631232,-0.015761378,0.754047083,-0.154159079,0.000000000,0.000000000,0.000000000,1.000000000
1790749333381225160,1790749333,381225160,1790749333390255334,RL_calflower,0.786020242,0.000000000,-0.618200759,-0.229649803,0.009743696,0.999875782,0.012388762,0.138029645,0.618123967,-0.015761378,0.785922604,-0.252625423,0.000000000,0.000000000,0.000000000,1.000000000
1790749333381225160,1790749333,381225160,1790749333390255334,RL_calflower1,0.982668201,0.000000000,-0.185373155,-0.212781975,0.002921736,0.999875782,0.015488205,0.137436657,0.185350128,-0.015761378,0.982546136,-0.290243567,0.000000000,0.000000000,0.000000000,1.000000000
1790749333381225160,1790749333,381225160,1790749333390255334,RL_foot,0.754140761,0.000000000,-0.656712808,-0.202046285,0.010350699,0.999875782,0.011886298,0.137050021,0.656631232,-0.015761378,0.754047083,-0.314771108,0.000000000,0.000000000,0.000000000,1.000000000
1790749333381225160,1790749333,381225160,1790749333390255334,RR_hip,1.000000000,0.000000000,0.000000000,-0.193400000,0.000000000,0.999918147,-0.012794533,-0.046500000,0.000000000,0.012794533,0.999918147,0.000000000,0.000000000,0.000000000,0.000000000,1.000000000
1790749333381225160,1790749333,381225160,1790749333390255334,RR_thigh,0.746908316,0.000000000,0.664927040,-0.193400000,0.008507431,0.999918147,-0.009556343,-0.141992183,-0.664872613,0.012794533,0.746847179,-0.001221878,0.000000000,0.000000000,0.000000000,1.000000000
1790749333381225160,1790749333,381225160,1790749333390255334,RR_calf,0.748162944,-0.000000000,-0.663515041,-0.335029459,-0.008489365,0.999918147,-0.009572395,-0.139956682,0.663460730,0.012794533,0.748101704,-0.160300327,0.000000000,0.000000000,0.000000000,1.000000000
1790749333381225160,1790749333,381225160,1790749333390255334,RR_calflower,0.780389866,0.000000000,-0.625293257,-0.221865975,-0.008000335,0.999918147,-0.009984724,-0.138709755,0.625242075,0.012794533,0.780325988,-0.257750165,0.000000000,0.000000000,0.000000000,1.000000000
1790749333381225160,1790749333,381225160,1790749333390255334,RR_calflower1,0.980949253,0.000000000,-0.194264156,-0.204658143,-0.002485519,0.999918147,-0.012550788,-0.138230362,0.194248254,0.012794533,0.980868959,-0.295215625,0.000000000,0.000000000,0.000000000,1.000000000
1790749333381225160,1790749333,381225160,1790749333390255334,RR_foot,0.748162944,-0.000000000,-0.663515041,-0.193700756,-0.008489365,0.999918147,-0.009572395,-0.137917762,0.663460730,0.012794533,0.748101704,-0.319645990,0.000000000,0.000000000,0.000000000,1.000000000
1790749333415820361,1790749333,415820361,1790749333423645585,FL_hip,1.000000000,-0.000000000,0.000000000,0.193400000,0.000000000,0.994451752,0.105193691,0.046500000,-0.000000000,-0.105193691,0.994451752,0.000000000,0.000000000,0.000000000,0.000000000,1.000000000
1790749333415820361,1790749333,415820361,1790749333423645585,FL_thigh,0.720013573,-0.000000000,0.693959981,0.193400000,-0.073000212,0.994451752,0.075740886,0.141470142,-0.690109719,-0.105193691,0.716018759,-0.010045998,0.000000000,0.000000000,0.000000000,1.000000000
1790749333415820361,1790749333,415820361,1790749333423645585,FL_calf,0.747873931,0.000000000,-0.663840781,0.045586524,0.069831862,0.994451752,0.078671620,0.125337334,0.660157628,-0.105193691,0.743724541,-0.162557993,0.000000000,0.000000000,0.000000000,1.000000000
1790749333415820361,1790749333,415820361,1790749333423645585,FL_calflower,0.780117494,0.000000000,-0.625633036,0.158792438,0.065812649,0.994451752,0.082063439,0.115090571,0.622161868,-0.105193691,0.775789209,-0.259426073,0.000000000,0.000000000,0.000000000,1.000000000
1790749333415820361,1790749333,415820361,1790749333423645585,FL_calflower1,0.980864564,-0.000000000,-0.194691313,0.176016585,0.020480298,0.994451752,0.103180764,0.111149907,0.193611117,-0.105193691,0.975422484,-0.296679260,0.000000000,0.000000000,0.000000000,1.000000000
1790749333415820361,1790749333,415820361,1790749333423645585,FL_foot,0.747873931,0.000000000,-0.663840781,0.186984611,0.069831862,0.994451752,0.078671620,0.108580279,0.660157628,-0.105193691,0.743724541,-0.320971321,0.000000000,0.000000000,0.000000000,1.000000000
1790749333415820361,1790749333,415820361,1790749333423645585,FR_hip,1.000000000,0.000000000,0.000000000,0.193400000,0.000000000,0.991502359,-0.130088705,-0.046500000,0.000000000,0.130088705,0.991502359,0.000000000,0.000000000,0.000000000,0.000000000,1.000000000
1790749333415820361,1790749333,415820361,1790749333423645585,FR_thigh,0.670879884,0.000000000,0.741566033,0.193400000,0.096469365,0.991502359,-0.087273895,-0.141188475,-0.735264472,0.130088705,0.665178988,-0.012423471,0.000000000,0.000000000,0.000000000,1.000000000
1790749333415820361,1790749333,415820361,1790749333423645585,FR_calf,0.782429794,0.000000000,-0.622738804,0.035446435,-0.081011285,0.991502359,-0.101785279,-0.122599136,0.617446993,0.130088705,0.775780987,-0.154106596,0.000000000,0.000000000,0.000000000,1.000000000
1790749333415820361,1790749333,415820361,1790749333423645585,FR_calflower,0.812575928,-0.000000000,-0.582855351,0.143260374,-0.075822898,0.991502359,-0.105706950,-0.109155140,0.577902456,0.130088705,0.805670950,-0.256573242,0.000000000,0.000000000,0.000000000,1.000000000
1790749333415820361,1790749333,415820361,1790749333423645585,FR_calflower1,0.989901186,-0.000000000,-0.141759095,0.158448829,-0.018441257,0.991502359,-0.128774963,-0.104168633,0.140554477,0.130088705,0.981489362,-0.294579104,0.000000000,0.000000000,0.000000000,1.000000000
1790749333415820361,1790749333,415820361,1790749333423645585,FR_foot,0.782429794,0.000000000,-0.622738804,0.168089800,-0.081011285,0.991502359,-0.101785279,-0.100918871,0.617446993,0.130088705,0.775780987,-0.319347946,0.000000000,0.000000000,0.000000000,1.000000000
1790749333415820361,1790749333,415820361,1790749333423645585,RL_hip,1.000000000,-0.000000000,0.000000000,-0.193400000,0.000000000,0.999876734,0.015700828,0.046500000,-0.000000000,-0.015700828,0.999876734,0.000000000,0.000000000,0.000000000,0.000000000,1.000000000
1790749333415820361,1790749333,415820361,1790749333423645585,RL_thigh,0.716583809,-0.000000000,0.697501000,-0.193400000,-0.010951343,0.999876734,0.011250959,0.141988228,-0.697415022,-0.015700828,0.716495479,-0.001499429,0.000000000,0.000000000,0.000000000,1.000000000
1790749333415820361,1790749333,415820361,1790749333423645585,RL_calf,0.754330105,0.000000000,-0.656495311,-0.341967713,0.010307520,0.999876734,0.011843607,0.139591774,0.656414388,-0.015700828,0.754237122,-0.154112966,0.000000000,0.000000000,0.000000000,1.000000000
1790749333415820361,1790749333,415820361,1790749333423645585,RL_calflower,0.786198479,0.000000000,-0.617974071,-0.229719805,0.009702704,0.999876734,0.012343967,0.138045070,0.617897896,-0.015700828,0.786101567,-0.252611772,0.000000000,0.000000000,0.000000000,1.000000000
1790749333415820361,1790749333,415820361,1790749333423645585,RL_calflower1,0.982721616,0.000000000,-0.185089778,-0.212862827,0.002906063,0.999876734,0.015429543,0.137454285,0.185066963,-0.015700828,0.982600480,-0.290234814,0.000000000,0.000000000,0.000000000,1.000000000
1790749333415820361,1790749333,415820361,1790749333423645585,RL_foot,0.754330105,0.000000000,-0.656495311,-0.202134212,0.010307520,0.999876734,0.011843607,0.137069086,0.656414388,-0.015700828,0.754237122,-0.314765473,0.000000000,0.000000000,0.000000000,1.000000000
1790749333415820361,1790749333,415820361,1790749333423645585,RR_hip,1.000000000,0.000000000,0.000000000,-0.193400000,0.000000000,0.999918534,-0.012764257,-0.046500000,0.000000000,0.012764257,0.999918534,0.000000000,0.000000000,0.000000000,0.000000000,1.000000000
1790749333415820361,1790749333,415820361,1790749333423645585,RR_thigh,0.746727087,0.000000000,0.665130557,-0.193400000,0.008489897,0.999918534,-0.009531417,-0.141992220,-0.665076371,0.012764257,0.746666254,-0.001218987,0.000000000,0.000000000,0.000000000,1.000000000
1790749333415820361,1790749333,415820361,1790749333423645585,RR_calf,0.748333216,-0.000000000,-0.663322997,-0.335072809,-0.008466825,0.999918534,-0.009551918,-0.139962028,0.663268959,0.012764257,0.748272251,-0.160258899,0.000000000,0.000000000,0.000000000,1.000000000
1790749333415820361,1790749333,415820361,1790749333423645585,RR_calflower,0.780550326,0.000000000,-0.625092944,-0.221934341,-0.007978847,0.999918534,-0.009963145,-0.138717681,0.625042020,0.012764257,0.780486738,-0.257737813,0.000000000,0.000000000,0.000000000,1.000000000
1790749333415820361,1790749333,415820361,1790749333423645585,RR_calflower1,0.980999081,0.000000000,-0.194012381,-0.204736126,-0.002476424,0.999918534,-0.012521725,-0.138239367,0.193996576,0.012764257,0.980919162,-0.295207702,0.000000000,0.000000000,0.000000000,1.000000000
1790749333415820361,1790749333,415820361,1790749333423645585,RR_foot,0.748333216,-0.000000000,-0.663322997,-0.193785010,-0.008466825,0.999918534,-0.009551918,-0.137927470,0.663268959,0.012764257,0.748272251,-0.319640888,0.000000000,0.000000000,0.000000000,1.000000000
1790749333482999370,1790749333,482999370,1790749333490212397,FL_hip,1.000000000,-0.000000000,0.000000000,0.193400000,0.000000000,0.994442193,0.105284017,0.046500000,-0.000000000,-0.105284017,0.994442193,0.000000000,0.000000000,0.000000000,0.000000000,1.000000000
1790749333482999370,1790749333,482999370,1790749333490212397,FL_thigh,0.719635282,0.000000000,0.694352260,0.193400000,-0.073104195,0.994442193,0.075766093,0.141469229,-0.690493184,-0.105284017,0.715635688,-0.010054624,0.000000000,0.000000000,0.000000000,1.000000000
1790749333482999370,1790749333,482999370,1790749333490212397,FL_calf,0.748235590,0.000000000,-0.663433118,0.045502969,0.069848904,0.994442193,0.078777249,0.125331052,0.659745884,-0.105284017,0.744077041,-0.162485025,0.000000000,0.000000000,0.000000000,1.000000000
1790749333482999370,1790749333,482999370,1790749333490212397,FL_calflower,0.780458327,0.000000000,-0.625207806,0.158655782,0.065824389,0.994442193,0.082169788,0.115068997,0.621733022,-0.105284017,0.776120690,-0.259413510,0.000000000,0.000000000,0.000000000,1.000000000
1790749333482999370,1790749333,482999370,1790749333490212397,FL_calflower1,0.980970518,-0.000000000,-0.194156747,0.175859511,0.020441602,0.994442193,0.103280517,0.111123961,0.193077661,-0.105284017,0.975518474,-0.296675668,0.000000000,0.000000000,0.000000000,1.000000000
1790749333482999370,1790749333,482999370,1790749333490212397,FL_foot,0.748235590,0.000000000,-0.663433118,0.186814223,0.069848904,0.994442193,0.078777249,0.108551498,0.659745884,-0.105284017,0.744077041,-0.320973435,0.000000000,0.000000000,0.000000000,1.000000000
1790749333482999370,1790749333,482999370,1790749333490212397,FR_hip,1.000000000,0.000000000,0.000000000,0.193400000,0.000000000,0.991498420,-0.130118727,-0.046500000,0.000000000,0.130118727,0.991498420,0.000000000,0.000000000,0.000000000,0.000000000,1.000000000
1790749333482999370,1790749333,482999370,1790749333490212397,FR_thigh,0.670475612,0.000000000,0.741931569,0.193400000,0.096539191,0.991498420,-0.087241433,-0.141188099,-0.735623979,0.130118727,0.664775510,-0.012426338,0.000000000,0.000000000,0.000000000,1.000000000
1790749333482999370,1790749333,482999370,1790749333490212397,FR_calf,0.782769086,0.000000000,-0.622312268,0.035368576,-0.080974480,0.991498420,-0.101852917,-0.122605674,0.617021630,0.130118727,0.776114312,-0.154023522,0.000000000,0.000000000,0.000000000,1.000000000
1790749333482999370,1790749333,482999370,1790749333490212397,FR_calflower,0.812893478,0.000000000,-0.582412391,0.143126173,-0.075782759,0.991498420,-0.105772664,-0.109150932,0.577460965,0.130118727,0.805982599,-0.256548008,0.000000000,0.000000000,0.000000000,1.000000000
1790749333482999370,1790749333,482999370,1790749333490212397,FR_calflower1,0.989978302,0.000000000,-0.141219553,0.158293734,-0.018375308,0.991498420,-0.128814716,-0.104162198,0.140018964,0.130118727,0.981561922,-0.294561921,0.000000000,0.000000000,0.000000000,1.000000000
1790749333482999370,1790749333,482999370,1790749333490212397,FR_foot,0.782769086,0.000000000,-0.622312268,0.167921089,-0.080974480,0.991498420,-0.101852917,-0.100911003,0.617021630,0.130118727,0.776114312,-0.319335870,0.000000000,0.000000000,0.000000000,1.000000000
1790749333482999370,1790749333,482999370,1790749333490212397,RL_hip,1.000000000,-0.000000000,0.000000000,-0.193400000,0.000000000,0.999875304,0.015791654,0.046500000,-0.000000000,-0.015791654,0.999875304,0.000000000,0.000000000,0.000000000,0.000000000,1.000000000
1790749333482999370,1790749333,482999370,1790749333490212397,RL_thigh,0.716266980,0.000000000,0.697826349,-0.193400000,-0.011019832,0.999875304,0.011311040,0.141988092,-0.697739333,-0.015791654,0.716177665,-0.001508103,0.000000000,0.000000000,0.000000000,1.000000000
1790749333482999370,1790749333,482999370,1790749333490212397,RL_calf,0.754648887,-0.000000000,-0.656128842,-0.342037012,0.010361360,0.999875304,0.011917154,0.139578840,0.656047025,-0.015791654,0.754554786,-0.154053946,0.000000000,0.000000000,0.000000000,1.000000000
1790749333482999370,1790749333,482999370,1790749333490212397,RL_calflower,0.786498547,-0.000000000,-0.617592127,-0.229836966,0.009752801,0.999875304,0.012420113,0.138022328,0.617515116,-0.015791654,0.786400474,-0.252607113,0.000000000,0.000000000,0.000000000,1.000000000
1790749333482999370,1790749333,482999370,1790749333490212397,RL_calflower1,0.982811401,-0.000000000,-0.184612430,-0.212998266,0.002915336,0.999875304,0.015520217,0.137427996,0.184589410,-0.015791654,0.982688849,-0.290238283,0.000000000,0.000000000,0.000000000,1.000000000
1790749333482999370,1790749333,482999370,1790749333490212397,RL_foot,0.754648887,-0.000000000,-0.656128842,-0.202281569,0.010361360,0.999875304,0.011917154,0.137040486,0.656047025,-0.015791654,0.754554786,-0.314774115,0.000000000,0.000000000,0.000000000,1.000000000
1790749333482999370,1790749333,482999370,1790749333490212397,RR_hip,1.000000000,0.000000000,0.000000000,-0.193400000,0.000000000,0.999918920,-0.012733982,-0.046500000,0.000000000,0.012733982,0.999918920,0.000000000,0.000000000,0.000000000,0.000000000,1.000000000
1790749333482999370,1790749333,482999370,1790749333490212397,RR_thigh,0.746565948,0.000000000,0.665311419,-0.193400000,0.008472064,0.999918920,-0.009506758,-0.141992257,-0.665257476,0.012733982,0.746505416,-0.001216095,0.000000000,0.000000000,0.000000000,1.000000000
1790749333482999370,1790749333,482999370,1790749333490212397,RR_calf,0.748483437,-0.000000000,-0.663153484,-0.335111332,-0.008444585,0.999918920,-0.009531175,-0.139967317,0.663099716,0.012733982,0.748422750,-0.160221749,0.000000000,0.000000000,0.000000000,1.000000000
1790749333482999370,1790749333,482999370,1790749333490212397,RR_calflower,0.780691888,0.000000000,-0.624916135,-0.221994948,-0.007957671,0.999918920,-0.009941317,-0.138725595,0.624865466,0.012733982,0.780628589,-0.257726322,0.000000000,0.000000000,0.000000000,1.000000000
1790749333482999370,1790749333,482999370,1790749333490212397,RR_calflower1,0.981042999,-0.000000000,-0.193790182,-0.204805221,-0.002467721,0.999918920,-0.012492584,-0.138248366,0.193774470,0.012733982,0.980963455,-0.295200120,0.000000000,0.000000000,0.000000000,1.000000000
1790749333482999370,1790749333,482999370,1790749333490212397,RR_foot,0.748483437,-0.000000000,-0.663153484,-0.193859640,-0.008444585,0.999918920,-0.009531175,-0.137937177,0.663099716,0.012733982,0.748422750,-0.319635795,0.000000000,0.000000000,0.000000000,1.000000000
1790749333550747803,1790749333,550747803,1790749333556979523,FL_hip,1.000000000,-0.000000000,0.000000000,0.193400000,0.000000000,0.994442193,0.105284017,0.046500000,-0.000000000,-0.105284017,0.994442193,0.000000000,0.000000000,0.000000000,0.000000000,1.000000000
1790749333550747803,1790749333,550747803,1790749333556979523,FL_thigh,0.719067424,0.000000000,0.694940314,0.193400000,-0.073166108,0.994442193,0.075706307,0.141469229,-0.691077970,-0.105284017,0.715070986,-0.010054624,0.000000000,0.000000000,0.000000000,1.000000000
1790749333550747803,1790749333,550747803,1790749333556979523,FL_calf,0.748777682,0.000000000,-0.662821230,0.045377713,0.069784482,0.994442193,0.078834322,0.125343786,0.659137398,-0.105284017,0.744616120,-0.162364744,0.000000000,0.000000000,0.000000000,1.000000000
1790749333550747803,1790749333,550747803,1790749333556979523,FL_calflower,0.780969159,0.000000000,-0.624569590,0.158450809,0.065757195,0.994442193,0.082223570,0.115071996,0.621098352,-0.105284017,0.776628684,-0.259385182,0.000000000,0.000000000,0.000000000,1.000000000
1790749333550747803,1790749333,550747803,1790749333556979523,FL_calflower1,0.981128909,0.000000000,-0.193354760,0.175623901,0.020357166,0.994442193,0.103297193,0.111125481,0.192280132,-0.105284017,0.975675984,-0.296661312,0.000000000,0.000000000,0.000000000,1.000000000
1790749333550747803,1790749333,550747803,1790749333556979523,FL_foot,0.748777682,0.000000000,-0.662821230,0.186558635,0.069784482,0.994442193,0.078834322,0.108552075,0.659137398,-0.105284017,0.744616120,-0.320967977,0.000000000,0.000000000,0.000000000,1.000000000
1790749333550747803,1790749333,550747803,1790749333556979523,FR_hip,1.000000000,0.000000000,0.000000000,0.193400000,0.000000000,0.991506298,-0.130058683,-0.046500000,0.000000000,0.130058683,0.991506298,0.000000000,0.000000000,0.000000000,0.000000000,1.000000000
1790749333550747803,1790749333,550747803,1790749333556979523,FR_thigh,0.669936318,-0.000000000,0.742418568,0.193400000,0.096557981,0.991506298,-0.087131035,-0.141188851,-0.736112686,0.130058683,0.664246078,-0.012420604,0.000000000,0.000000000,0.000000000,1.000000000
1790749333550747803,1790749333,550747803,1790749333556979523,FR_calf,0.783221076,0.000000000,-0.621743312,0.035264845,-0.080863116,0.991506298,-0.101864702,-0.122629941,0.616462409,0.130058683,0.776568630,-0.153905019,0.000000000,0.000000000,0.000000000,1.000000000
1790749333550747803,1790749333,550747803,1790749333556979523,FR_calflower,0.813316468,-0.000000000,-0.581821556,0.142947277,-0.075670945,0.991506298,-0.105778869,-0.109171227,0.576879737,0.130058683,0.806408400,-0.256507928,0.000000000,0.000000000,0.000000000,1.000000000
1790749333550747803,1790749333,550747803,1790749333556979523,FR_calflower1,0.990080656,0.000000000,-0.140500158,0.158086974,-0.018273266,0.991506298,-0.128768586,-0.104183363,0.139306792,0.130058683,0.981671206,-0.294533061,0.000000000,0.000000000,0.000000000,1.000000000
1790749333550747803,1790749333,550747803,1790749333556979523,FR_foot,0.783221076,0.000000000,-0.621743312,0.167696170,-0.080863116,0.991506298,-0.101864702,-0.100932760,0.616462409,0.130058683,0.776568630,-0.319314137,0.000000000,0.000000000,0.000000000,1.000000000
1790749333550747803,1790749333,550747803,1790749333556979523,RL_hip,1.000000000,-0.000000000,0.000000000,-0.193400000,0.000000000,0.999874346,0.015852205,0.046500000,-0.000000000,-0.015852205,0.999874346,0.000000000,0.000000000,0.000000000,0.000000000,1.000000000
1790749333550747803,1790749333,550747803,1790749333556979523,RL_thigh,0.715780826,0.000000000,0.698325003,-0.193400000,-0.011069991,0.999874346,0.011346704,0.141988000,-0.698237255,-0.015852205,0.715690885,-0.001513886,0.000000000,0.000000000,0.000000000,1.000000000
1790749333550747803,1790749333,550747803,1790749333556979523,RL_calf,0.755095251,0.000000000,-0.655615102,-0.342143226,0.010392945,0.999874346,0.011969924,0.139571152,0.655532721,-0.015852205,0.755000371,-0.153956044,0.000000000,0.000000000,0.000000000,1.000000000
1790749333550747803,1790749333,550747803,1790749333556979523,RL_calflower,0.786918677,0.000000000,-0.617056720,-0.230010286,0.009781709,0.999874346,0.012474396,0.138007462,0.616979184,-0.015852205,0.786819798,-0.252585444,0.000000000,0.000000000,0.000000000,1.000000000
1790749333550747803,1790749333,550747803,1790749333556979523,RL_calflower1,0.982936815,0.000000000,-0.183943520,-0.213197203,0.002915910,0.999874346,0.015581715,0.137410669,0.183920407,-0.015852205,0.982813305,-0.290228028,0.000000000,0.000000000,0.000000000,1.000000000
1790749333550747803,1790749333,550747803,1790749333556979523,RL_foot,0.755095251,0.000000000,-0.655615102,-0.202497209,0.010392945,0.999874346,0.011969924,0.137021558,0.655532721,-0.015852205,0.755000371,-0.314771123,0.000000000,0.000000000,0.000000000,1.000000000
1790749333550747803,1790749333,550747803,1790749333556979523,RR_hip,1.000000000,0.000000000,0.000000000,-0.193400000,0.000000000,0.999919689,-0.012673432,-0.046500000,0.000000000,0.012673432,0.999919689,0.000000000,0.000000000,0.000000000,0.000000000,1.000000000
1790749333550747803,1790749333,550747803,1790749333556979523,RR_thigh,0.746223383,0.000000000,0.665695623,-0.193400000,0.008436648,0.999919689,-0.009457211,-0.141992330,-0.665642160,0.012673432,0.746163453,-0.001210313,0.000000000,0.000000000,0.000000000,1.000000000
1790749333550747803,1790749333,550747803,1790749333556979523,RR_calf,0.748845630,0.000000000,-0.662744462,-0.335193168,-0.008399247,0.999919689,-0.009490444,-0.139977944,0.662691236,0.012673432,0.748785490,-0.160143128,0.000000000,0.000000000,0.000000000,1.000000000
1790749333550747803,1790749333,550747803,1790749333556979523,RR_calflower,0.781033186,0.000000000,-0.624489521,-0.222130075,-0.007914425,0.999919689,-0.009898371,-0.138741344,0.624439368,0.012673432,0.780970460,-0.257709556,0.000000000,0.000000000,0.000000000,1.000000000
1790749333550747803,1790749333,550747803,1790749333556979523,RR_calflower1,0.981148727,-0.000000000,-0.193254174,-0.204960826,-0.002449194,0.999919689,-0.012434521,-0.138266264,0.193238654,0.012673432,0.981069930,-0.295192768,0.000000000,0.000000000,0.000000000,1.000000000
1790749333550747803,1790749333,550747803,1790749333556979523,RR_foot,0.748845630,0.000000000,-0.662744462,-0.194028597,-0.008399247,0.999919689,-0.009490444,-0.137956480,0.662691236,0.012673432,0.748785490,-0.319634438,0.000000000,0.000000000,0.000000000,1.000000000
1790749334045628075,1790749334,45628075,1790749334057105281,FL_hip,1.000000000,-0.000000000,0.000000000,0.193400000,0.000000000,0.994432626,0.105374342,0.046500000,-0.000000000,-0.105374342,0.994432626,0.000000000,0.000000000,0.000000000,0.000000000,1.000000000
1790749334045628075,1790749334,45628075,1790749334057105281,FL_thigh,0.717592939,-0.000000000,0.696462759,0.193400000,-0.073389305,0.994432626,0.075615884,0.141468316,-0.692585290,-0.105374342,0.713597830,-0.010063250,0.000000000,0.000000000,0.000000000,1.000000000
1790749334045628075,1790749334,45628075,1790749334057105281,FL_calf,0.750191281,-0.000000000,-0.661220873,0.045053432,0.069675714,0.994432626,0.079050913,0.125362133,0.657539609,-0.105374342,0.746014685,-0.162059588,0.000000000,0.000000000,0.000000000,1.000000000
1790749334045628075,1790749334,45628075,1790749334057105281,FL_calflower,0.782301007,0.000000000,-0.622900582,0.157917947,0.065637739,0.994432626,0.082434454,0.115056112,0.619432661,-0.105374342,0.777945645,-0.259318969,0.000000000,0.000000000,0.000000000,1.000000000
1790749334045628075,1790749334,45628075,1790749334057105281,FL_calflower1,0.981539538,0.000000000,-0.191259339,0.175010960,0.020153827,0.994432626,0.103429083,0.111102356,0.190194527,-0.105374342,0.976074941,-0.296631121,0.000000000,0.000000000,0.000000000,1.000000000
1790749334045628075,1790749334,45628075,1790749334057105281,FL_foot,0.750191281,-0.000000000,-0.661220873,0.185893478,0.069675714,0.994432626,0.079050913,0.108524288,0.657539609,-0.105374342,0.746014685,-0.320960716,0.000000000,0.000000000,0.000000000,1.000000000
1790749334045628075,1790749334,45628075,1790749334057105281,FR_hip,1.000000000,0.000000000,0.000000000,0.193400000,0.000000000,0.991502359,-0.130088705,-0.046500000,0.000000000,0.130088705,0.991502359,0.000000000,0.000000000,0.000000000,0.000000000,1.000000000
1790749334045628075,1790749334,45628075,1790749334057105281,FR_thigh,0.668924149,-0.000000000,0.743330669,0.193400000,0.096698924,0.991502359,-0.087019476,-0.141188475,-0.737014112,0.130088705,0.663239872,-0.012423471,0.000000000,0.000000000,0.000000000,1.000000000
1790749334045628075,1790749334,45628075,1790749334057105281,FR_calf,0.784096923,0.000000000,-0.620638393,0.035070568,-0.080738045,0.991502359,-0.102002153,-0.122653327,0.615364431,0.130088705,0.777433949,-0.153693564,0.000000000,0.000000000,0.000000000,1.000000000
1790749334045628075,1790749334,45628075,1790749334057105281,FR_calflower,0.814135997,0.000000000,-0.580674244,0.142606988,-0.075539160,0.991502359,-0.105909898,-0.109171769,0.575739883,0.130088705,0.807217762,-0.256446500,0.000000000,0.000000000,0.000000000,1.000000000
1790749334045628075,1790749334,45628075,1790749334057105281,FR_calflower1,0.990277770,-0.000000000,-0.139104057,0.157692598,-0.018095867,0.991502359,-0.128823953,-0.104179982,0.137922000,0.130088705,0.981862745,-0.294492609,0.000000000,0.000000000,0.000000000,1.000000000
1790749334045628075,1790749334,45628075,1790749334057105281,FR_foot,0.784096923,0.000000000,-0.620638393,0.167266545,-0.080738045,0.991502359,-0.102002153,-0.100926868,0.615364431,0.130088705,0.777433949,-0.319286995,0.000000000,0.000000000,0.000000000,1.000000000
1790749334045628075,1790749334,45628075,1790749334057105281,RL_hip,1.000000000,-0.000000000,0.000000000,-0.193400000,0.000000000,0.999872902,0.015943031,0.046500000,-0.000000000,-0.015943031,0.999872902,0.000000000,0.000000000,0.000000000,0.000000000,1.000000000
1790749334045628075,1790749334,45628075,1790749334057105281,RL_thigh,0.714341554,0.000000000,0.699797217,-0.193400000,-0.011156888,0.999872902,0.011388769,0.141987862,-0.699708274,-0.015943031,0.714250762,-0.001522559,0.000000000,0.000000000,0.000000000,1.000000000
1790749334045628075,1790749334,45628075,1790749334057105281,RL_calf,0.756495164,0.000000000,-0.653999287,-0.342456807,0.010426731,0.999872902,0.012060826,0.139562054,0.653916165,-0.015943031,0.756399015,-0.153657972,0.000000000,0.000000000,0.000000000,1.000000000
1790749334045628075,1790749334,45628075,1790749334057105281,RL_calflower,0.788236083,-0.000000000,-0.615372958,-0.230535009,0.009810910,0.999872902,0.012566872,0.137985587,0.615294745,-0.015943031,0.788135900,-0.252526703,0.000000000,0.000000000,0.000000000,1.000000000
1790749334045628075,1790749334,45628075,1790749334057105281,RL_calflower1,0.983327821,0.000000000,-0.181841681,-0.213802452,0.002899107,0.999872902,0.015677225,0.137384803,0.181818569,-0.015943031,0.983202842,-0.290205086,0.000000000,0.000000000,0.000000000,1.000000000
1790749334045628075,1790749334,45628075,1790749334057105281,RL_foot,0.756495164,0.000000000,-0.653999287,-0.203154959,0.010426731,0.999872902,0.012060826,0.136993098,0.653916165,-0.015943031,0.756399015,-0.314770962,0.000000000,0.000000000,0.000000000,1.000000000
1790749334045628075,1790749334,45628075,1790749334057105281,RR_hip,1.000000000,0.000000000,0.000000000,-0.193400000,0.000000000,0.999920836,-0.012582607,-0.046500000,0.000000000,0.012582607,0.999920836,0.000000000,0.000000000,0.000000000,0.000000000,1.000000000
1790749334045628075,1790749334,45628075,1790749334057105281,RR_thigh,0.744588527,-0.000000000,0.667523726,-0.193400000,0.008399189,0.999920836,-0.009368865,-0.141992440,-0.667470882,0.012582607,0.744529582,-0.001201639,0.000000000,0.000000000,0.000000000,1.000000000
1790749334045628075,1790749334,45628075,1790749334057105281,RR_calf,0.750426995,0.000000000,-0.660953346,-0.335582554,-0.008316516,0.999920836,-0.009442328,-0.139996872,0.660901022,0.012582607,0.750367588,-0.159786440,0.000000000,0.000000000,0.000000000,1.000000000
1790749334045628075,1790749334,45628075,1790749334057105281,RR_calflower,0.782523055,0.000000000,-0.622621609,-0.222752919,-0.007834203,0.999920836,-0.009846180,-0.138765737,0.622572319,0.012582607,0.782461108,-0.257622823,0.000000000,0.000000000,0.000000000,1.000000000
1790749334045628075,1790749334,45628075,1790749334057105281,RR_calflower1,0.981607670,0.000000000,-0.190909354,-0.205673285,-0.002402137,0.999920836,-0.012351184,-0.138293548,0.190894241,0.012582607,0.981529962,-0.295146990,0.000000000,0.000000000,0.000000000,1.000000000
1790749334045628075,1790749334,45628075,1790749334057105281,RR_foot,0.750426995,0.000000000,-0.660953346,-0.194799491,-0.008316516,0.999920836,-0.009442328,-0.137985656,0.660901022,0.012582607,0.750367588,-0.319614736,0.000000000,0.000000000,0.000000000,1.000000000
1790749334120426015,1790749334,120426015,1790749334123784621,FL_hip,1.000000000,-0.000000000,0.000000000,0.193400000,0.000000000,0.994429435,0.105404452,0.046500000,-0.000000000,-0.105404452,0.994429435,0.000000000,0.000000000,0.000000000,0.000000000,1.000000000
1790749334120426015,1790749334,120426015,1790749334123784621,FL_thigh,0.717508580,-0.000000000,0.696549666,0.193400000,-0.073419436,0.994429435,0.075628599,0.141468011,-0.692669491,-0.105404452,0.713511652,-0.010066125,0.000000000,0.000000000,0.000000000,1.000000000
1790749334120426015,1790749334,120426015,1790749334123784621,FL_calf,0.750260878,0.000000000,-0.661141902,0.045034921,0.069687300,0.994429435,0.079080837,0.125359119,0.657458969,-0.105404452,0.746081501,-0.162044107,0.000000000,0.000000000,0.000000000,1.000000000
1790749334120426015,1790749334,120426015,1790749334123784621,FL_calflower,0.782366570,-0.000000000,-0.622818232,0.157889140,0.065647815,0.994429435,0.082464920,0.115048902,0.619348782,-0.105404452,0.778008346,-0.259314990,0.000000000,0.000000000,0.000000000,1.000000000
1790749334120426015,1790749334,120426015,1790749334123784621,FL_calflower1,0.981559665,0.000000000,-0.191156020,0.174978204,0.020148696,0.994429435,0.103460759,0.111093827,0.190091173,-0.105404452,0.976091823,-0.296628812,0.000000000,0.000000000,0.000000000,1.000000000
1790749334120426015,1790749334,120426015,1790749334123784621,FL_foot,0.750260878,0.000000000,-0.661141902,0.185858146,0.069687300,0.994429435,0.079080837,0.108514901,0.657458969,-0.105404452,0.746081501,-0.320959467,0.000000000,0.000000000,0.000000000,1.000000000
1790749334120426015,1790749334,120426015,1790749334123784621,FR_hip,1.000000000,0.000000000,0.000000000,0.193400000,0.000000000,0.991510236,-0.130028661,-0.046500000,0.000000000,0.130028661,0.991510236,0.000000000,0.000000000,0.000000000,0.000000000,1.000000000
1790749334120426015,1790749334,120426015,1790749334123784621,FR_thigh,0.668879133,-0.000000000,0.743371176,0.193400000,0.096659559,0.991510236,-0.086973458,-0.141189228,-0.737060130,0.130028661,0.663200507,-0.012417737,0.000000000,0.000000000,0.000000000,1.000000000
1790749334120426015,1790749334,120426015,1790749334123784621,FR_calf,0.784124667,0.000000000,-0.620603341,0.035061939,-0.080696221,0.991510236,-0.101958680,-0.122663881,0.615334565,0.130028661,0.777467633,-0.153679445,0.000000000,0.000000000,0.000000000,1.000000000
1790749334120426015,1790749334,120426015,1790749334123784621,FR_calflower,0.814161955,0.000000000,-0.580637849,0.142593727,-0.075499562,0.991510236,-0.105864389,-0.109187921,0.575708370,0.130028661,0.807249912,-0.256437963,0.000000000,0.000000000,0.000000000,1.000000000
1790749334120426015,1790749334,120426015,1790749334123784621,FR_calflower1,0.990283987,0.000000000,-0.139059788,0.157677622,-0.018081758,0.991510236,-0.128765301,-0.104198349,0.137879203,0.130028661,0.981876710,-0.294485044,0.000000000,0.000000000,0.000000000,1.000000000
1790749334120426015,1790749334,120426015,1790749334123784621,FR_foot,0.784124667,0.000000000,-0.620603341,0.167250451,-0.080696221,0.991510236,-0.101958680,-0.100946682,0.615334565,0.130028661,0.777467633,-0.319280051,0.000000000,0.000000000,0.000000000,1.000000000
1790749334120426015,1790749334,120426015,1790749334123784621,RL_hip,1.000000000,-0.000000000,0.000000000,-0.193400000,0.000000000,0.999873384,0.015912755,0.046500000,-0.000000000,-0.015912755,0.999873384,0.000000000,0.000000000,0.000000000,0.000000000,1.000000000
1790749334120426015,1790749334,120426015,1790749334123784621,RL_thigh,0.714277983,0.000000000,0.699862103,-0.193400000,-0.011136734,0.999873384,0.011366131,0.141987908,-0.699773489,-0.015912755,0.714187544,-0.001519668,0.000000000,0.000000000,0.000000000,1.000000000
1790749334120426015,1790749334,120426015,1790749334123784621,RL_calf,0.756564858,0.000000000,-0.653918661,-0.342470628,0.010405648,0.999873384,0.012039031,0.139566922,0.653835865,-0.015912755,0.756469065,-0.153641615,0.000000000,0.000000000,0.000000000,1.000000000
1790749334120426015,1790749334,120426015,1790749334123784621,RL_calflower,0.788301661,0.000000000,-0.615288950,-0.230559369,0.009790942,0.999873384,0.012544051,0.137993259,0.615211045,-0.015912755,0.788201849,-0.252522319,0.000000000,0.000000000,0.000000000,1.000000000
1790749334120426015,1790749334,120426015,1790749334123784621,RL_calflower1,0.983347195,0.000000000,-0.181736884,-0.213830827,0.002891935,0.999873384,0.015647763,0.137393587,0.181713873,-0.015912755,0.983222687,-0.290202504,0.000000000,0.000000000,0.000000000,1.000000000
1790749334120426015,1790749334,120426015,1790749334123784621,RL_foot,0.756564858,0.000000000,-0.653918661,-0.203185953,0.010405648,0.999873384,0.012039031,0.137002609,0.653835865,-0.015912755,0.756469065,-0.314769526,0.000000000,0.000000000,0.000000000,1.000000000
1790749334120426015,1790749334,120426015,1790749334123784621,RR_hip,1.000000000,0.000000000,0.000000000,-0.193400000,0.000000000,0.999920836,-0.012582607,-0.046500000,0.000000000,0.012582607,0.999920836,0.000000000,0.000000000,0.000000000,0.000000000,1.000000000
1790749334120426015,1790749334,120426015,1790749334123784621,RR_thigh,0.744568315,-0.000000000,0.667546272,-0.193400000,0.008399472,0.999920836,-0.009368611,-0.141992440,-0.667493426,0.012582607,0.744509372,-0.001201639,0.000000000,0.000000000,0.000000000,1.000000000
1790749334120426015,1790749334,120426015,1790749334123784621,RR_calf,0.750457407,0.000000000,-0.660918815,-0.335587356,-0.008316082,0.999920836,-0.009442711,-0.139996926,0.660866494,0.012582607,0.750397998,-0.159782135,0.000000000,0.000000000,0.000000000,1.000000000
1790749334120426015,1790749334,120426015,1790749334123784621,RR_calflower,0.782551704,0.000000000,-0.622585600,-0.222762223,-0.007833750,0.999920836,-0.009846541,-0.138765726,0.622536314,0.012582607,0.782489754,-0.257623709,0.000000000,0.000000000,0.000000000,1.000000000
1790749334120426015,1790749334,120426015,1790749334123784621,RR_calflower1,0.981616454,0.000000000,-0.190864186,-0.205684316,-0.002401569,0.999920836,-0.012351294,-0.138293527,0.190849076,0.012582607,0.981538745,-0.295148662,0.000000000,0.000000000,0.000000000,1.000000000
1790749334120426015,1790749334,120426015,1790749334123784621,RR_foot,0.750457407,0.000000000,-0.660918815,-0.194811648,-0.008316082,0.999920836,-0.009442711,-0.137985628,0.660866494,0.012582607,0.750397998,-0.319616909,0.000000000,0.000000000,0.000000000,1.000000000
1790749334174772433,1790749334,174772433,1790749334190308034,FL_hip,1.000000000,-0.000000000,0.000000000,0.193400000,0.000000000,0.994429435,0.105404452,0.046500000,-0.000000000,-0.105404452,0.994429435,0.000000000,0.000000000,0.000000000,0.000000000,1.000000000
1790749334174772433,1790749334,174772433,1790749334190308034,FL_thigh,0.717487489,-0.000000000,0.696571391,0.193400000,-0.073421726,0.994429435,0.075626376,0.141468011,-0.692691095,-0.105404452,0.713490678,-0.010066125,0.000000000,0.000000000,0.000000000,1.000000000
1790749334174772433,1790749334,174772433,1790749334190308034,FL_calf,0.750270414,0.000000000,-0.661131080,0.045030294,0.069686160,0.994429435,0.079081842,0.125359593,0.657448207,-0.105404452,0.746090984,-0.162039640,0.000000000,0.000000000,0.000000000,1.000000000
1790749334174772433,1790749334,174772433,1790749334190308034,FL_calflower,0.782375554,0.000000000,-0.622806947,0.157883102,0.065646625,0.994429435,0.082465867,0.115049204,0.619337560,-0.105404452,0.778017280,-0.259312141,0.000000000,0.000000000,0.000000000,1.000000000
1790749334174772433,1790749334,174772433,1790749334190308034,FL_calflower1,0.981562422,0.000000000,-0.191141861,0.174971624,0.020147203,0.994429435,0.103461050,0.111094103,0.190077093,-0.105404452,0.976094565,-0.296626208,0.000000000,0.000000000,0.000000000,1.000000000
1790749334174772433,1790749334,174772433,1790749334190308034,FL_foot,0.750270414,0.000000000,-0.661131080,0.185851214,0.069686160,0.994429435,0.079081842,0.108515161,0.657448207,-0.105404452,0.746090984,-0.320957019,0.000000000,0.000000000,0.000000000,1.000000000
1790749334174772433,1790749334,174772433,1790749334190308034,FR_hip,1.000000000,0.000000000,0.000000000,0.193400000,0.000000000,0.991514172,-0.129998639,-0.046500000,0.000000000,0.129998639,0.991514172,0.000000000,0.000000000,0.000000000,0.000000000,1.000000000
1790749334174772433,1790749334,174772433,1790749334190308034,FR_thigh,0.668901641,-0.000000000,0.743350923,0.193400000,0.096634608,0.991514172,-0.086956303,-0.141189603,-0.737042975,0.129998639,0.663225457,-0.012414870,0.000000000,0.000000000,0.000000000,1.000000000
1790749334174772433,1790749334,174772433,1790749334190308034,FR_calf,0.784105875,0.000000000,-0.620627083,0.035066253,-0.080680676,0.991514172,-0.101932696,-0.122667911,0.615360549,0.129998639,0.777452088,-0.153681892,0.000000000,0.000000000,0.000000000,1.000000000
1790749334174772433,1790749334,174772433,1790749334190308034,FR_calflower,0.814144373,-0.000000000,-0.580662501,0.142601179,-0.075485335,0.991514172,-0.105837660,-0.109195485,0.575735099,0.129998639,0.807235684,-0.256437590,0.000000000,0.000000000,0.000000000,1.000000000
1790749334174772433,1790749334,174772433,1790749334190308034,FR_calflower1,0.990279776,0.000000000,-0.139089773,0.157686236,-0.018081481,0.991514172,-0.128735023,-0.104207126,0.137909481,0.129998639,0.981876433,-0.294484369,0.000000000,0.000000000,0.000000000,1.000000000
1790749334174772433,1790749334,174772433,1790749334190308034,FR_foot,0.784105875,0.000000000,-0.620627083,0.167259822,-0.080680676,0.991514172,-0.101932696,-0.100956247,0.615360549,0.129998639,0.777452088,-0.319279187,0.000000000,0.000000000,0.000000000,1.000000000
1790749334174772433,1790749334,174772433,1790749334190308034,RL_hip,1.000000000,-0.000000000,0.000000000,-0.193400000,0.000000000,0.999872902,0.015943031,0.046500000,-0.000000000,-0.015943031,0.999872902,0.000000000,0.000000000,0.000000000,0.000000000,1.000000000
1790749334174772433,1790749334,174772433,1790749334190308034,RL_thigh,0.714277983,-0.000000000,0.699862103,-0.193400000,-0.011157923,0.999872902,0.011387756,0.141987862,-0.699773152,-0.015943031,0.714187200,-0.001522559,0.000000000,0.000000000,0.000000000,1.000000000
1790749334174772433,1790749334,174772433,1790749334190308034,RL_calf,0.756564858,0.000000000,-0.653918661,-0.342470628,0.010425445,0.999872902,0.012061937,0.139562270,0.653835549,-0.015943031,0.756468700,-0.153644433,0.000000000,0.000000000,0.000000000,1.000000000
1790749334174772433,1790749334,174772433,1790749334190308034,RL_calflower,0.788301661,0.000000000,-0.615288950,-0.230559369,0.009809571,0.999872902,0.012567917,0.137985612,0.615210748,-0.015943031,0.788201469,-0.252525090,0.000000000,0.000000000,0.000000000,1.000000000
1790749334174772433,1790749334,174772433,1790749334190308034,RL_calflower1,0.983347195,0.000000000,-0.181736884,-0.213830827,0.002897437,0.999872902,0.015677534,0.137384800,0.181713785,-0.015943031,0.983222213,-0.290205256,0.000000000,0.000000000,0.000000000,1.000000000
1790749334174772433,1790749334,174772433,1790749334190308034,RL_foot,0.756564858,0.000000000,-0.653918661,-0.203185953,0.010425445,0.999872902,0.012061937,0.136993078,0.653835549,-0.015943031,0.756468700,-0.314772266,0.000000000,0.000000000,0.000000000,1.000000000
1790749334174772433,1790749334,174772433,1790749334190308034,RR_hip,1.000000000,0.000000000,0.000000000,-0.193400000,0.000000000,0.999920836,-0.012582607,-0.046500000,0.000000000,0.012582607,0.999920836,0.000000000,0.000000000,0.000000000,0.000000000,1.000000000
1790749334174772433,1790749334,174772433,1790749334190308034,RR_thigh,0.744527888,0.000000000,0.667591360,-0.193400000,0.008400040,0.999920836,-0.009368102,-0.141992440,-0.667538511,0.012582607,0.744468948,-0.001201639,0.000000000,0.000000000,0.000000000,1.000000000
1790749334174772433,1790749334,174772433,1790749334190308034,RR_calf,0.750497430,0.000000000,-0.660873367,-0.335596960,-0.008315510,0.999920836,-0.009443214,-0.139997034,0.660821050,0.012582607,0.750438018,-0.159773525,0.000000000,0.000000000,0.000000000,1.000000000
1790749334174772433,1790749334,174772433,1790749334190308034,RR_calflower,0.782589406,0.000000000,-0.622538209,-0.222777753,-0.007833154,0.999920836,-0.009847015,-0.138765749,0.622488927,0.012582607,0.782527453,-0.257621931,0.000000000,0.000000000,0.000000000,1.000000000
1790749334174772433,1790749334,174772433,1790749334190308034,RR_calflower1,0.981628011,-0.000000000,-0.190804740,-0.205702118,-0.002400821,0.999920836,-0.012351440,-0.138293536,0.190789635,0.012582607,0.981550301,-0.295147918,0.000000000,0.000000000,0.000000000,1.000000000
1790749334174772433,1790749334,174772433,1790749334190308034,RR_foot,0.750497430,0.000000000,-0.660873367,-0.194830933,-0.008315510,0.999920836,-0.009443214,-0.137985629,0.660821050,0.012582607,0.750438018,-0.319616823,0.000000000,0.000000000,0.000000000,1.000000000
1790749334247182194,1790749334,247182194,1790749334257049201,FL_hip,1.000000000,-0.000000000,0.000000000,0.193400000,0.000000000,0.994423050,0.105464673,0.046500000,-0.000000000,-0.105464673,0.994423050,0.000000000,0.000000000,0.000000000,0.000000000,1.000000000
1790749334247182194,1790749334,247182194,1790749334257049201,FL_thigh,0.717424211,0.000000000,0.696636563,0.193400000,-0.073470548,0.994423050,0.075662910,0.141467401,-0.692751456,-0.105464673,0.713423172,-0.010071876,0.000000000,0.000000000,0.000000000,1.000000000
1790749334247182194,1790749334,247182194,1790749334257049201,FL_calf,0.750320064,0.000000000,-0.661074732,0.045016412,0.069720031,0.994423050,0.079132260,0.125351201,0.657387951,-0.105464673,0.746135567,-0.162031012,0.000000000,0.000000000,0.000000000,1.000000000
1790749334247182194,1790749334,247182194,1790749334257049201,FL_calflower,0.782422326,0.000000000,-0.622748187,0.157861874,0.065677934,0.994423050,0.082517915,0.115034028,0.619275152,-0.105464673,0.778058796,-0.259311317,0.000000000,0.000000000,0.000000000,1.000000000
1790749334247182194,1790749334,247182194,1790749334257049201,FL_calflower1,0.981576775,-0.000000000,-0.191068144,0.174947578,0.020150939,0.994423050,0.103521674,0.111076532,0.190002566,-0.105464673,0.976102570,-0.296626420,0.000000000,0.000000000,0.000000000,1.000000000
1790749334247182194,1790749334,247182194,1790749334257049201,FL_foot,0.750320064,0.000000000,-0.661074732,0.185825330,0.069720031,0.994423050,0.079132260,0.108496030,0.657387951,-0.105464673,0.746135567,-0.320957888,0.000000000,0.000000000,0.000000000,1.000000000
1790749334247182194,1790749334,247182194,1790749334257049201,FR_hip,1.000000000,0.000000000,0.000000000,0.193400000,0.000000000,0.991525977,-0.129908572,-0.046500000,0.000000000,0.129908572,0.991525977,0.000000000,0.000000000,0.000000000,0.000000000,1.000000000
1790749334247182194,1790749334,247182194,1790749334257049201,FR_thigh,0.668699044,0.000000000,0.743533179,0.193400000,0.096591333,0.991525977,-0.086869738,-0.141190731,-0.737232462,0.129908572,0.663032473,-0.012406269,0.000000000,0.000000000,0.000000000,1.000000000
1790749334247182194,1790749334,247182194,1790749334257049201,FR_calf,0.784284811,0.000000000,-0.620400947,0.035027433,-0.080595401,0.991525977,-0.101885320,-0.122687477,0.615143655,0.129908572,0.777638764,-0.153632185,0.000000000,0.000000000,0.000000000,1.000000000
1790749334247182194,1790749334,247182194,1790749334257049201,FR_calflower,0.814311783,0.000000000,-0.580427704,0.142532469,-0.075402534,0.991525977,-0.105786081,-0.109220357,0.575509146,0.129908572,0.807411286,-0.256419849,0.000000000,0.000000000,0.000000000,1.000000000
1790749334247182194,1790749334,247182194,1790749334257049201,FR_calflower1,0.990319844,0.000000000,-0.138804203,0.157606460,-0.018031856,0.991525977,-0.128651036,-0.104234889,0.137627973,0.129908572,0.981927851,-0.294471392,0.000000000,0.000000000,0.000000000,1.000000000
1790749334247182194,1790749334,247182194,1790749334257049201,FR_foot,0.784284811,0.000000000,-0.620400947,0.167172835,-0.080595401,0.991525977,-0.101885320,-0.100985904,0.615143655,0.129908572,0.777638764,-0.319269242,0.000000000,0.000000000,0.000000000,1.000000000
1790749334247182194,1790749334,247182194,1790749334257049201,RL_hip,1.000000000,-0.000000000,0.000000000,-0.193400000,0.000000000,0.999873384,0.015912755,0.046500000,-0.000000000,-0.015912755,0.999873384,0.000000000,0.000000000,0.000000000,0.000000000,1.000000000
1790749334247182194,1790749334,247182194,1790749334257049201,RL_thigh,0.714235599,-0.000000000,0.699905357,-0.193400000,-0.011137423,0.999873384,0.011365456,0.141987908,-0.699816738,-0.015912755,0.714145166,-0.001519668,0.000000000,0.000000000,0.000000000,1.000000000
1790749334247182194,1790749334,247182194,1790749334257049201,RL_calf,0.756594168,0.000000000,-0.653884749,-0.342479841,0.010405108,0.999873384,0.012039498,0.139567066,0.653801957,-0.015912755,0.756498371,-0.153632588,0.000000000,0.000000000,0.000000000,1.000000000
1790749334247182194,1790749334,247182194,1790749334257049201,RL_calflower,0.788329239,0.000000000,-0.615253615,-0.230573015,0.009790380,0.999873384,0.012544490,0.137993322,0.615175715,-0.015912755,0.788229424,-0.252518308,0.000000000,0.000000000,0.000000000,1.000000000
1790749334247182194,1790749334,247182194,1790749334257049201,RL_calflower1,0.983355340,0.000000000,-0.181692807,-0.213846163,0.002891233,0.999873384,0.015647893,0.137393639,0.181669802,-0.015912755,0.983230831,-0.290199242,0.000000000,0.000000000,0.000000000,1.000000000
1790749334247182194,1790749334,247182194,1790749334257049201,RL_foot,0.756594168,0.000000000,-0.653884749,-0.203202389,0.010405108,0.999873384,0.012039498,0.137002653,0.653801957,-0.015912755,0.756498371,-0.314766741,0.000000000,0.000000000,0.000000000,1.000000000
1790749334247182194,1790749334,247182194,1790749334257049201,RR_hip,1.000000000,0.000000000,0.000000000,-0.193400000,0.000000000,0.999920454,-0.012612882,-0.046500000,0.000000000,0.012612882,0.999920454,0.000000000,0.000000000,0.000000000,0.000000000,1.000000000
1790749334247182194,1790749334,247182194,1790749334257049201,RR_thigh,0.744467242,0.000000000,0.667658988,-0.193400000,0.008421104,0.999920454,-0.009389877,-0.141992403,-0.667605879,0.012612882,0.744408023,-0.001204530,0.000000000,0.000000000,0.000000000,1.000000000
1790749334247182194,1790749334,247182194,1790749334257049201,RR_calf,0.750557459,-0.000000000,-0.660805191,-0.335611365,-0.008334658,0.999920454,-0.009466693,-0.139992359,0.660752627,0.012612882,0.750497756,-0.159763439,0.000000000,0.000000000,0.000000000,1.000000000
1790749334247182194,1790749334,247182194,1790749334257049201,RR_calflower,0.782645952,0.000000000,-0.622467118,-0.222801047,-0.007851104,0.999920454,-0.009871421,-0.138757982,0.622417604,0.012612882,0.782583696,-0.257622055,0.000000000,0.000000000,0.000000000,1.000000000
1790749334247182194,1790749334,247182194,1790749334257049201,RR_calflower1,0.981645339,-0.000000000,-0.190715571,-0.205728822,-0.002405473,0.999920454,-0.012381377,-0.138284614,0.190700400,0.012612882,0.981567253,-0.295149578,0.000000000,0.000000000,0.000000000,1.000000000
1790749334247182194,1790749334,247182194,1790749334257049201,RR_foot,0.750557459,-0.000000000,-0.660805191,-0.194859859,-0.008334658,0.999920454,-0.009466693,-0.137975954,0.660752627,0.012612882,0.750497756,-0.319619461,0.000000000,0.000000000,0.000000000,1.000000000
1790749334291394090,1790749334,291394090,1790749334323731733,FL_hip,1.000000000,-0.000000000,0.000000000,0.193400000,0.000000000,0.994419856,0.105494783,0.046500000,-0.000000000,-0.105494783,0.994419856,0.000000000,0.000000000,0.000000000,0.000000000,1.000000000
1790749334291394090,1790749334,291394090,1790749334323731733,FL_thigh,0.717339832,0.000000000,0.696723450,0.193400000,-0.073500690,0.994419856,0.075675610,0.141467096,-0.692835633,-0.105494783,0.713336972,-0.010074752,0.000000000,0.000000000,0.000000000,1.000000000
1790749334291394090,1790749334,291394090,1790749334323731733,FL_calf,0.750410527,0.000000000,-0.660972043,0.044997905,0.069729103,0.994419856,0.079164396,0.125348191,0.657283724,-0.105494783,0.746223128,-0.162015527,0.000000000,0.000000000,0.000000000,1.000000000
1790749334291394090,1790749334,291394090,1790749334323731733,FL_calflower,0.782507543,-0.000000000,-0.622641105,0.157829978,0.065685389,0.994419856,0.082550464,0.115026443,0.619166678,-0.105494783,0.778141038,-0.259310875,0.000000000,0.000000000,0.000000000,1.000000000
1790749334291394090,1790749334,291394090,1790749334323731733,FL_calflower1,0.981602914,0.000000000,-0.190933811,0.174910547,0.020142521,0.994419856,0.103553987,0.111067570,0.189868373,-0.105494783,0.976125428,-0.296628184,0.000000000,0.000000000,0.000000000,1.000000000
1790749334291394090,1790749334,291394090,1790749334323731733,FL_foot,0.750410527,0.000000000,-0.660972043,0.185784950,0.069729103,0.994419856,0.079164396,0.108486175,0.657283724,-0.105494783,0.746223128,-0.320961053,0.000000000,0.000000000,0.000000000,1.000000000
1790749334291394090,1790749334,291394090,1790749334323731733,FR_hip,1.000000000,0.000000000,0.000000000,0.193400000,0.000000000,0.991518108,-0.129968617,-0.046500000,0.000000000,0.129968617,0.991518108,0.000000000,0.000000000,0.000000000,0.000000000,1.000000000
1790749334291394090,1790749334,291394090,1790749334323731733,FR_thigh,0.668541479,0.000000000,0.743674856,0.193400000,0.096654392,0.991518108,-0.086889411,-0.141189979,-0.737367086,0.129968617,0.662870982,-0.012412003,0.000000000,0.000000000,0.000000000,1.000000000
1790749334291394090,1790749334,291394090,1790749334323731733,FR_calf,0.784416253,0.000000000,-0.620234747,0.034997256,-0.080611052,0.991518108,-0.101949495,-0.122682535,0.614973983,0.129968617,0.777762919,-0.153603522,0.000000000,0.000000000,0.000000000,1.000000000
1790749334291394090,1790749334,291394090,1790749334323731733,FR_calflower,0.814434754,-0.000000000,-0.580255143,0.142480323,-0.075414958,0.991518108,-0.105850958,-0.109206231,0.575333481,0.129968617,0.807526807,-0.256412954,0.000000000,0.000000000,0.000000000,1.000000000
1790749334291394090,1790749334,291394090,1790749334323731733,FR_calflower1,0.990349234,0.000000000,-0.138594356,0.157546182,-0.018012917,0.991518108,-0.128714320,-0.104218043,0.137418814,0.129968617,0.981949198,-0.294467362,0.000000000,0.000000000,0.000000000,1.000000000
1790749334291394090,1790749334,291394090,1790749334323731733,FR_foot,0.784416253,0.000000000,-0.620234747,0.167107257,-0.080611052,0.991518108,-0.101949495,-0.100967292,0.614973983,0.129968617,0.777762919,-0.319267024,0.000000000,0.000000000,0.000000000,1.000000000
1790749334291394090,1790749334,291394090,1790749334323731733,RL_hip,1.000000000,-0.000000000,0.000000000,-0.193400000,0.000000000,0.999872902,0.015943031,0.046500000,-0.000000000,-0.015943031,0.999872902,0.000000000,0.000000000,0.000000000,0.000000000,1.000000000
1790749334291394090,1790749334,291394090,1790749334323731733,RL_thigh,0.714108432,-0.000000000,0.700035104,-0.193400000,-0.011160681,0.999872902,0.011385053,0.141987862,-0.699946131,-0.015943031,0.714017670,-0.001522559,0.000000000,0.000000000,0.000000000,1.000000000
1790749334291394090,1790749334,291394090,1790749334323731733,RL_calf,0.756733602,-0.000000000,-0.653723379,-0.342507477,0.010422332,0.999872902,0.012064627,0.139562846,0.653640292,-0.015943031,0.756637422,-0.153608323,0.000000000,0.000000000,0.000000000,1.000000000
1790749334291394090,1790749334,291394090,1790749334323731733,RL_calflower,0.788460433,0.000000000,-0.615085478,-0.230621745,0.009806327,0.999872902,0.012570449,0.137985728,0.615007302,-0.015943031,0.788360221,-0.252517856,0.000000000,0.000000000,0.000000000,1.000000000
1790749334291394090,1790749334,291394090,1790749334323731733,RL_calflower1,0.983394066,0.000000000,-0.181483087,-0.213902930,0.002893390,0.999872902,0.015678282,0.137384847,0.181460021,-0.015943031,0.983269078,-0.290202338,0.000000000,0.000000000,0.000000000,1.000000000
1790749334291394090,1790749334,291394090,1790749334323731733,RL_foot,0.756733602,-0.000000000,-0.653723379,-0.203264397,0.010422332,0.999872902,0.012064627,0.136993080,0.653640292,-0.015943031,0.756637422,-0.314772094,0.000000000,0.000000000,0.000000000,1.000000000
1790749334291394090,1790749334,291394090,1790749334323731733,RR_hip,1.000000000,0.000000000,0.000000000,-0.193400000,0.000000000,0.999921216,-0.012552332,-0.046500000,0.000000000,0.012552332,0.999921216,0.000000000,0.000000000,0.000000000,0.000000000,1.000000000
1790749334291394090,1790749334,291394090,1790749334323731733,RR_thigh,0.744366153,0.000000000,0.667771690,-0.193400000,0.008382092,0.999921216,-0.009343531,-0.141992476,-0.667719081,0.012552332,0.744307509,-0.001198748,0.000000000,0.000000000,0.000000000,1.000000000
1790749334291394090,1790749334,291394090,1790749334323731733,RR_calf,0.750667969,-0.000000000,-0.660679651,-0.335635370,-0.008293070,0.999921216,-0.009422634,-0.140002304,0.660627600,0.012552332,0.750608828,-0.159736247,0.000000000,0.000000000,0.000000000,1.000000000
1790749334291394090,1790749334,291394090,1790749334323731733,RR_calflower,0.782750049,-0.000000000,-0.622336212,-0.222841422,-0.007811771,0.999921216,-0.009825339,-0.138773616,0.622287182,0.012552332,0.782688381,-0.257613802,0.000000000,0.000000000,0.000000000,1.000000000
1790749334291394090,1790749334,291394090,1790749334323731733,RR_calflower1,0.981677222,-0.000000000,-0.190551387,-0.205775474,-0.002391864,0.999921216,-0.012322339,-0.138302484,0.190536375,0.012552332,0.981599882,-0.295144209,0.000000000,0.000000000,0.000000000,1.000000000
1790749334291394090,1790749334,291394090,1790749334323731733,RR_foot,0.750667969,-0.000000000,-0.660679651,-0.194910604,-0.008293070,0.999921216,-0.009422634,-0.137995283,0.660627600,0.012552332,0.750608828,-0.319615928,0.000000000,0.000000000,0.000000000,1.000000000
1790749334368866676,1790749334,368866676,1790749334390276444,FL_hip,1.000000000,-0.000000000,0.000000000,0.193400000,0.000000000,0.994419856,0.105494783,0.046500000,-0.000000000,-0.105494783,0.994419856,0.000000000,0.000000000,0.000000000,0.000000000,1.000000000
1790749334368866676,1790749334,368866676,1790749334390276444,FL_thigh,0.716981101,-0.000000000,0.697092606,0.193400000,-0.073539633,0.994419856,0.075637766,0.141467096,-0.693202729,-0.105494783,0.712980244,-0.010074752,0.000000000,0.000000000,0.000000000,1.000000000
1790749334368866676,1790749334,368866676,1790749334390276444,FL_calf,0.750708922,-0.000000000,-0.660633116,0.044919275,0.069693348,0.994419856,0.079195875,0.125356252,0.656946689,-0.105494783,0.746519858,-0.161939544,0.000000000,0.000000000,0.000000000,1.000000000
1790749334368866676,1790749334,368866676,1790749334390276444,FL_calflower,0.782788626,0.000000000,-0.622287689,0.157707155,0.065648105,0.994419856,0.082580117,0.115029130,0.618815234,-0.105494783,0.778420553,-0.259285549,0.000000000,0.000000000,0.000000000,1.000000000
1790749334368866676,1790749334,368866676,1790749334390276444,FL_calflower1,0.981689032,0.000000000,-0.190490534,0.174770776,0.020095758,0.994419856,0.103563072,0.111069444,0.189427570,-0.105494783,0.976211067,-0.296610523,0.000000000,0.000000000,0.000000000,1.000000000
1790749334368866676,1790749334,368866676,1790749334390276444,FL_foot,0.750708922,-0.000000000,-0.660633116,0.185634129,0.069693348,0.994419856,0.079195875,0.108487531,0.656946689,-0.105494783,0.746519858,-0.320948274,0.000000000,0.000000000,0.000000000,1.000000000
1790749334368866676,1790749334,368866676,1790749334390276444,FR_hip,1.000000000,0.000000000,0.000000000,0.193400000,0.000000000,0.991529910,-0.129878549,-0.046500000,0.000000000,0.129878549,0.991529910,0.000000000,0.000000000,0.000000000,0.000000000,1.000000000
1790749334368866676,1790749334,368866676,1790749334390276444,FR_thigh,0.667865667,-0.000000000,0.744281835,0.193400000,0.096666245,0.991529910,-0.086741424,-0.141191106,-0.737977701,0.129878549,0.662208785,-0.012403401,0.000000000,0.000000000,0.000000000,1.000000000
1790749334368866676,1790749334,368866676,1790749334390276444,FR_calf,0.784979335,0.000000000,-0.619521948,0.034867969,-0.080462612,0.991529910,-0.101951977,-0.122715183,0.614274541,0.129878549,0.778330489,-0.153453873,0.000000000,0.000000000,0.000000000,1.000000000
1790749334368866676,1790749334,368866676,1790749334390276444,FR_calflower,0.814961508,-0.000000000,-0.579515091,0.142256804,-0.075266579,0.991529910,-0.105846018,-0.109235543,0.574606547,0.129878549,0.808058710,-0.256361294,0.000000000,0.000000000,0.000000000,1.000000000
1790749334368866676,1790749334,368866676,1790749334390276444,FR_calflower1,0.990474721,0.000000000,-0.137694691,0.157287793,-0.017883587,0.991529910,-0.128641420,-0.104249036,0.136528404,0.129878549,0.982085311,-0.294429708,0.000000000,0.000000000,0.000000000,1.000000000
1790749334368866676,1790749334,368866676,1790749334390276444,FR_foot,0.784979335,0.000000000,-0.619521948,0.166826144,-0.080462612,0.991529910,-0.101951977,-0.100999412,0.614274541,0.129878549,0.778330489,-0.319238267,0.000000000,0.000000000,0.000000000,1.000000000
1790749334368866676,1790749334,368866676,1790749334390276444,RL_hip,1.000000000,-0.000000000,0.000000000,-0.193400000,0.000000000,0.999872902,0.015943031,0.046500000,-0.000000000,-0.015943031,0.999872902,0.000000000,0.000000000,0.000000000,0.000000000,1.000000000
1790749334368866676,1790749334,368866676,1790749334390276444,RL_thigh,0.713769247,0.000000000,0.700380941,-0.193400000,-0.011166195,0.999872902,0.011379645,0.141987862,-0.700291924,-0.015943031,0.713678528,-0.001522559,0.000000000,0.000000000,0.000000000,1.000000000
1790749334368866676,1790749334,368866676,1790749334390276444,RL_calf,0.757050181,0.000000000,-0.653356735,-0.342581140,0.010416486,0.999872902,0.012069674,0.139563998,0.653273695,-0.015943031,0.756953961,-0.153536086,0.000000000,0.000000000,0.000000000,1.000000000
1790749334368866676,1790749334,368866676,1790749334390276444,RL_calflower,0.788758292,0.000000000,-0.614703470,-0.230743340,0.009800236,0.999872902,0.012575198,0.137986016,0.614625343,-0.015943031,0.788658043,-0.252499798,0.000000000,0.000000000,0.000000000,1.000000000
1790749334368866676,1790749334,368866676,1790749334390276444,RL_calflower1,0.983481862,0.000000000,-0.181006703,-0.214042784,0.002885795,0.999872902,0.015679681,0.137385005,0.180983698,-0.015943031,0.983356863,-0.290192373,0.000000000,0.000000000,0.000000000,1.000000000
1790749334368866676,1790749334,368866676,1790749334390276444,RL_foot,0.757050181,0.000000000,-0.653356735,-0.203416156,0.010416486,0.999872902,0.012069674,0.136993157,0.653273695,-0.015943031,0.756953961,-0.314767280,0.000000000,0.000000000,0.000000000,1.000000000
1790749334368866676,1790749334,368866676,1790749334390276444,RR_hip,1.000000000,0.000000000,0.000000000,-0.193400000,0.000000000,0.999920836,-0.012582607,-0.046500000,0.000000000,0.012582607,0.999920836,0.000000000,0.000000000,0.000000000,0.000000000,1.000000000
1790749334368866676,1790749334,368866676,1790749334390276444,RR_thigh,0.744143776,0.000000000,0.668019491,-0.193400000,0.008405427,0.999920836,-0.009363269,-0.141992440,-0.667966608,0.012582607,0.744084867,-0.001201639,0.000000000,0.000000000,0.000000000,1.000000000
1790749334368866676,1790749334,368866676,1790749334390276444,RR_calf,0.750898294,0.000000000,-0.660417862,-0.335688152,-0.008309778,0.999920836,-0.009448258,-0.139998064,0.660365581,0.012582607,0.750838849,-0.159691716,0.000000000,0.000000000,0.000000000,1.000000000
1790749334368866676,1790749334,368866676,1790749334390276444,RR_calflower,0.782967002,0.000000000,-0.622063239,-0.222928342,-0.007827177,0.999920836,-0.009851766,-0.138765917,0.622013994,0.012582607,0.782905020,-0.257608554,0.000000000,0.000000000,0.000000000,1.000000000
1790749334368866676,1790749334,368866676,1790749334390276444,RR_calflower1,0.981743605,0.000000000,-0.190209078,-0.205875483,-0.002393326,0.999920836,-0.012352894,-0.138293575,0.190194020,0.012582607,0.981665887,-0.295144894,0.000000000,0.000000000,0.000000000,1.000000000
1790749334368866676,1790749334,368866676,1790749334390276444,RR_foot,0.750898294,0.000000000,-0.660417862,-0.195019147,-0.008309778,0.999920836,-0.009448258,-0.137985585,0.660365581,0.012582607,0.750838849,-0.319620391,0.000000000,0.000000000,0.000000000,1.000000000
1790749334432720266,1790749334,432720266,1790749334456918582,FL_hip,1.000000000,-0.000000000,0.000000000,0.193400000,0.000000000,0.994413467,0.105554996,0.046500000,-0.000000000,-0.105554996,0.994413467,0.000000000,0.000000000,0.000000000,0.000000000,1.000000000
1790749334432720266,1790749334,432720266,1790749334456918582,FL_thigh,0.716537743,-0.000000000,0.697548323,0.193400000,-0.073629711,0.994413467,0.075634139,0.141466486,-0.693651446,-0.105554996,0.712534781,-0.010080502,0.000000000,0.000000000,0.000000000,1.000000000
1790749334432720266,1790749334,432720266,1790749334456918582,FL_calf,0.751107948,0.000000000,-0.660179408,0.044822207,0.069685235,0.994413467,0.079283197,0.125356415,0.656491294,-0.105554996,0.746911858,-0.161850410,0.000000000,0.000000000,0.000000000,1.000000000
1790749334432720266,1790749334,432720266,1790749334456918582,FL_calflower,0.783164477,0.000000000,-0.621814605,0.157550919,0.065635638,0.994413467,0.082666923,0.115016206,0.618340817,-0.105554996,0.778789302,-0.259263540,0.000000000,0.000000000,0.000000000,1.000000000
1790749334432720266,1790749334,432720266,1790749334456918582,FL_calflower1,0.981803950,0.000000000,-0.189897351,0.174591858,0.020044614,0.994413467,0.103634312,0.111053173,0.188836483,-0.105554996,0.976319070,-0.296598520,0.000000000,0.000000000,0.000000000,1.000000000
1790749334432720266,1790749334,432720266,1790749334456918582,FL_foot,0.751107948,0.000000000,-0.660179408,0.185440421,0.069685235,0.994413467,0.079283197,0.108469094,0.656491294,-0.105554996,0.746911858,-0.320942636,0.000000000,0.000000000,0.000000000,1.000000000
1790749334432720266,1790749334,432720266,1790749334456918582,FR_hip,1.000000000,0.000000000,0.000000000,0.193400000,0.000000000,0.991529910,-0.129878549,-0.046500000,0.000000000,0.129878549,0.991529910,0.000000000,0.000000000,0.000000000,0.000000000,1.000000000
1790749334432720266,1790749334,432720266,1790749334456918582,FR_thigh,0.667279563,-0.000000000,0.744807348,0.193400000,0.096734498,0.991529910,-0.086665301,-0.141191106,-0.738498762,0.129878549,0.661627645,-0.012403401,0.000000000,0.000000000,0.000000000,1.000000000
1790749334432720266,1790749334,432720266,1790749334456918582,FR_calf,0.785476517,0.000000000,-0.618891461,0.034756035,-0.080380725,0.991529910,-0.102016550,-0.122731397,0.613649395,0.129878549,0.778823460,-0.153330090,0.000000000,0.000000000,0.000000000,1.000000000
1790749334432720266,1790749334,432720266,1790749334456918582,FR_calflower,0.815426557,0.000000000,-0.578860544,0.142061502,-0.075181568,0.991529910,-0.105906418,-0.109240562,0.573957543,0.129878549,0.808519821,-0.256322974,0.000000000,0.000000000,0.000000000,1.000000000
1790749334432720266,1790749334,432720266,1790749334456918582,FR_calflower1,0.990584961,-0.000000000,-0.136899360,0.157061658,-0.017780290,0.991529910,-0.128655737,-0.104252490,0.135739811,0.129878549,0.982194617,-0.294403342,0.000000000,0.000000000,0.000000000,1.000000000
1790749334432720266,1790749334,432720266,1790749334456918582,FR_foot,0.785476517,0.000000000,-0.618891461,0.166579916,-0.080380725,0.991529910,-0.102016550,-0.101001872,0.613649395,0.129878549,0.778823460,-0.319219487,0.000000000,0.000000000,0.000000000,1.000000000
1790749334432720266,1790749334,432720266,1790749334456918582,RL_hip,1.000000000,-0.000000000,0.000000000,-0.193400000,0.000000000,0.999871934,0.016003581,0.046500000,-0.000000000,-0.016003581,0.999871934,0.000000000,0.000000000,0.000000000,0.000000000,1.000000000
1790749334432720266,1790749334,432720266,1790749334456918582,RL_thigh,0.713472285,-0.000000000,0.700683451,-0.193400000,-0.011213444,0.999871934,0.011418112,0.141987770,-0.700593717,-0.016003581,0.713380914,-0.001528342,0.000000000,0.000000000,0.000000000,1.000000000
1790749334432720266,1790749334,432720266,1790749334456918582,RL_calf,0.757327076,-0.000000000,-0.653035757,-0.342645575,0.010450911,0.999871934,0.012119945,0.139555712,0.652952125,-0.016003581,0.757230089,-0.153478477,0.000000000,0.000000000,0.000000000,1.000000000
1790749334432720266,1790749334,432720266,1790749334456918582,RL_calflower,0.789018799,0.000000000,-0.614369054,-0.230849741,0.009832105,0.999871934,0.012627126,0.137970978,0.614290374,-0.016003581,0.788917753,-0.252489487,0.000000000,0.000000000,0.000000000,1.000000000
1790749334432720266,1790749334,432720266,1790749334456918582,RL_calflower1,0.983558504,-0.000000000,-0.180589781,-0.214165167,0.002890083,0.999871934,0.015740458,0.137367572,0.180566654,-0.016003581,0.983432544,-0.290189101,0.000000000,0.000000000,0.000000000,1.000000000
1790749334432720266,1790749334,432720266,1790749334456918582,RL_foot,0.757327076,-0.000000000,-0.653035757,-0.203548959,0.010450911,0.999871934,0.012119945,0.136974164,0.652952125,-0.016003581,0.757230089,-0.314768486,0.000000000,0.000000000,0.000000000,1.000000000
1790749334432720266,1790749334,432720266,1790749334456918582,RR_hip,1.000000000,0.000000000,0.000000000,-0.193400000,0.000000000,0.999921596,-0.012522056,-0.046500000,0.000000000,0.012522056,0.999921596,0.000000000,0.000000000,0.000000000,0.000000000,1.000000000
1790749334432720266,1790749334,432720266,1790749334456918582,RR_thigh,0.743880767,-0.000000000,0.668312356,-0.193400000,0.008368645,0.999921596,-0.009314917,-0.141992512,-0.668259957,0.012522056,0.743822444,-0.001195856,0.000000000,0.000000000,0.000000000,1.000000000
1790749334432720266,1790749334,432720266,1790749334456918582,RR_calf,0.751158195,0.000000000,-0.660122236,-0.335750532,-0.008266088,0.999921596,-0.009406045,-0.140008435,0.660070479,0.012522056,0.751099301,-0.159630037,0.000000000,0.000000000,0.000000000,1.000000000
1790749334432720266,1790749334,432720266,1790749334456918582,RR_calflower,0.783211804,-0.000000000,-0.621754992,-0.223029277,-0.007785651,0.999921596,-0.009807422,-0.138781662,0.621706244,0.012522056,0.783150397,-0.257591324,0.000000000,0.000000000,0.000000000,1.000000000
1790749334432720266,1790749334,432720266,1790749334456918582,RR_calflower1,0.981818401,0.000000000,-0.189822620,-0.205991195,-0.002376970,0.999921596,-0.012294385,-0.138311509,0.189807737,0.012522056,0.981741423,-0.295134402,0.000000000,0.000000000,0.000000000,1.000000000
1790749334432720266,1790749334,432720266,1790749334456918582,RR_foot,0.751158195,0.000000000,-0.660122236,-0.195144496,-0.008266088,0.999921596,-0.009406045,-0.138004947,0.660070479,0.012522056,0.751099301,-0.319614188,0.000000000,0.000000000,0.000000000,1.000000000
1790749334473716865,1790749334,473716865,1790749334523734407,FL_hip,1.000000000,-0.000000000,0.000000000,0.193400000,0.000000000,0.994419856,0.105494783,0.046500000,-0.000000000,-0.105494783,0.994419856,0.000000000,0.000000000,0.000000000,0.000000000,1.000000000
1790749334473716865,1790749334,473716865,1790749334523734407,FL_thigh,0.716305370,0.000000000,0.697786942,0.193400000,-0.073612882,0.994419856,0.075566480,0.141467096,-0.693893191,-0.105494783,0.712308283,-0.010074752,0.000000000,0.000000000,0.000000000,1.000000000
1790749334473716865,1790749334,473716865,1790749334523734407,FL_calf,0.751338255,0.000000000,-0.659917287,0.044771381,0.069617831,0.994419856,0.079262267,0.125371436,0.656234854,-0.105494783,0.747145680,-0.161796416,0.000000000,0.000000000,0.000000000,1.000000000
1790749334473716865,1790749334,473716865,1790749334523734407,FL_calflower,0.783381396,0.000000000,-0.621541301,0.157465905,0.065569365,0.994419856,0.082642651,0.115032977,0.618073011,-0.105494783,0.779010015,-0.259249280,0.000000000,0.000000000,0.000000000,1.000000000
1790749334473716865,1790749334,473716865,1790749334523734407,FL_calflower1,0.981870150,0.000000000,-0.189554763,0.174493743,0.019997039,0.994419856,0.103582179,0.111071578,0.188497020,-0.105494783,0.976391174,-0.296590410,0.000000000,0.000000000,0.000000000,1.000000000
1790749334473716865,1790749334,473716865,1790749334523734407,FL_foot,0.751338255,0.000000000,-0.659917287,0.185333763,0.069617831,0.994419856,0.079262267,0.108488573,0.656234854,-0.105494783,0.747145680,-0.320938446,0.000000000,0.000000000,0.000000000,1.000000000
1790749334473716865,1790749334,473716865,1790749334523734407,FR_hip,1.000000000,0.000000000,0.000000000,0.193400000,0.000000000,0.991518108,-0.129968617,-0.046500000,0.000000000,0.129968617,0.991518108,0.000000000,0.000000000,0.000000000,0.000000000,1.000000000
1790749334473716865,1790749334,473716865,1790749334523734407,FR_thigh,0.667144239,0.000000000,0.744928563,0.193400000,0.096817335,0.991518108,-0.086707814,-0.141189979,-0.738610160,0.129968617,0.661485594,-0.012412003,0.000000000,0.000000000,0.000000000,1.000000000
1790749334473716865,1790749334,473716865,1790749334523734407,FR_calf,0.785598751,0.000000000,-0.618736294,0.034730216,-0.080416300,0.991518108,-0.102103183,-0.122721215,0.613488240,0.129968617,0.778935388,-0.153308434,0.000000000,0.000000000,0.000000000,1.000000000
1790749334473716865,1790749334,473716865,1790749334523734407,FR_calflower,0.815540884,-0.000000000,-0.578699462,0.142015163,-0.075212768,0.991518108,-0.105994720,-0.109218270,0.573790996,0.129968617,0.808623554,-0.256321107,0.000000000,0.000000000,0.000000000,1.000000000
1790749334473716865,1790749334,473716865,1790749334523734407,FR_calflower1,0.990611983,-0.000000000,-0.136703688,0.157007732,-0.017767189,0.991518108,-0.128748469,-0.104226353,0.135544182,0.129968617,0.982209720,-0.294403959,0.000000000,0.000000000,0.000000000,1.000000000
1790749334473716865,1790749334,473716865,1790749334523734407,FR_foot,0.785598751,0.000000000,-0.618736294,0.166521047,-0.080416300,0.991518108,-0.102103183,-0.100973237,0.613488240,0.129968617,0.778935388,-0.319221672,0.000000000,0.000000000,0.000000000,1.000000000
1790749334473716865,1790749334,473716865,1790749334523734407,RL_hip,1.000000000,-0.000000000,0.000000000,-0.193400000,0.000000000,0.999871934,0.016003581,0.046500000,-0.000000000,-0.016003581,0.999871934,0.000000000,0.000000000,0.000000000,0.000000000,1.000000000
1790749334473716865,1790749334,473716865,1790749334523734407,RL_thigh,0.713196462,-0.000000000,0.700964197,-0.193400000,-0.011217937,0.999871934,0.011413697,0.141987770,-0.700874428,-0.016003581,0.713105127,-0.001528342,0.000000000,0.000000000,0.000000000,1.000000000
1790749334473716865,1790749334,473716865,1790749334523734407,RL_calf,0.757584033,0.000000000,-0.652737645,-0.342705374,0.010446140,0.999871934,0.012124058,0.139556652,0.652654052,-0.016003581,0.757487012,-0.153419734,0.000000000,0.000000000,0.000000000,1.000000000
1790749334473716865,1790749334,473716865,1790749334523734407,RL_calflower,0.789260535,0.000000000,-0.614058473,-0.230948522,0.009827135,0.999871934,0.012630995,0.137971214,0.613979833,-0.016003581,0.789159458,-0.252474731,0.000000000,0.000000000,0.000000000,1.000000000
1790749334473716865,1790749334,473716865,1790749334523734407,RL_calflower1,0.983629503,0.000000000,-0.180202668,-0.214278788,0.002883888,0.999871934,0.015741595,0.137367703,0.180179591,-0.016003581,0.983503534,-0.290180907,0.000000000,0.000000000,0.000000000,1.000000000
1790749334473716865,1790749334,473716865,1790749334523734407,RL_foot,0.757584033,0.000000000,-0.652737645,-0.203672256,0.010446140,0.999871934,0.012124058,0.136974228,0.652654052,-0.016003581,0.757487012,-0.314764468,0.000000000,0.000000000,0.000000000,1.000000000
1790749334473716865,1790749334,473716865,1790749334523734407,RR_hip,1.000000000,0.000000000,0.000000000,-0.193400000,0.000000000,0.999922352,-0.012461506,-0.046500000,0.000000000,0.012461506,0.999922352,0.000000000,0.000000000,0.000000000,0.000000000,1.000000000
1790749334473716865,1790749334,473716865,1790749334523734407,RR_thigh,0.743739098,0.000000000,0.668470009,-0.193400000,0.008330143,0.999922352,-0.009268110,-0.141992585,-0.668418104,0.012461506,0.743681349,-0.001190074,0.000000000,0.000000000,0.000000000,1.000000000
1790749334473716865,1790749334,473716865,1790749334523734407,RR_calf,0.751266860,0.000000000,-0.659998565,-0.335784112,-0.008224576,0.999922352,-0.009361917,-0.140018477,0.659947318,0.012461506,0.751208526,-0.159594201,0.000000000,0.000000000,0.000000000,1.000000000
1790749334473716865,1790749334,473716865,1790749334523734407,RR_calflower,0.783314152,0.000000000,-0.621626045,-0.223078987,-0.007746397,0.999922352,-0.009761274,-0.138797405,0.621577777,0.012461506,0.783253329,-0.257574117,0.000000000,0.000000000,0.000000000,1.000000000
1790749334473716865,1790749334,473716865,1790749334523734407,RR_calflower1,0.981849638,0.000000000,-0.189660983,-0.206047087,-0.002363462,0.999922352,-0.012235326,-0.138329490,0.189646256,0.012461506,0.981773400,-0.295120028,0.000000000,0.000000000,0.000000000,1.000000000
1790749334473716865,1790749334,473716865,1790749334523734407,RR_foot,0.751266860,0.000000000,-0.659998565,-0.195204418,-0.008224576,0.999922352,-0.009361917,-0.138024389,0.659947318,0.012461506,0.751208526,-0.319601617,0.000000000,0.000000000,0.000000000,1.000000000
1790749335052668229,1790749335,52668229,1790749335057010181,FL_hip,1.000000000,-0.000000000,0.000000000,0.193400000,0.000000000,0.994381462,0.105856077,0.046500000,-0.000000000,-0.105856077,0.994381462,0.000000000,0.000000000,0.000000000,0.000000000,1.000000000
1790749335052668229,1790749335,52668229,1790749335057010181,FL_thigh,0.715142399,-0.000000000,0.698978791,0.193400000,-0.073991152,0.994381462,0.075702169,0.141463430,-0.695051551,-0.105856077,0.711124343,-0.010109255,0.000000000,0.000000000,0.000000000,1.000000000
1790749335052668229,1790749335,52668229,1790749335057010181,FL_calf,0.752404879,0.000000000,-0.658700917,0.044517518,0.069727495,0.994381462,0.079646629,0.125338868,0.654999981,-0.105856077,0.748177463,-0.161578740,0.000000000,0.000000000,0.000000000,1.000000000
1790749335052668229,1790749335,52668229,1790749335057010181,FL_calflower,0.784385893,0.000000000,-0.620273142,0.157053351,0.065659681,0.994381462,0.083032013,0.114945717,0.616788113,-0.105856077,0.779978791,-0.259209005,0.000000000,0.000000000,0.000000000,1.000000000
1790749335052668229,1790749335,52668229,1790749335057010181,FL_calflower1,0.982175525,-0.000000000,-0.187966056,0.174020418,0.019897349,0.994381462,0.103969248,0.110967839,0.186909962,-0.105856077,0.976657134,-0.296576038,0.000000000,0.000000000,0.000000000,1.000000000
1790749335052668229,1790749335,52668229,1790749335057010181,FL_foot,0.752404879,0.000000000,-0.658700917,0.184820813,0.069727495,0.994381462,0.079646629,0.108374136,0.654999981,-0.105856077,0.748177463,-0.320940540,0.000000000,0.000000000,0.000000000,1.000000000
1790749335052668229,1790749335,52668229,1790749335057010181,FR_hip,1.000000000,0.000000000,0.000000000,0.193400000,0.000000000,0.991561334,-0.129638423,-0.046500000,0.000000000,0.129638423,0.991561334,0.000000000,0.000000000,0.000000000,0.000000000,1.000000000
1790749335052668229,1790749335,52668229,1790749335057010181,FR_thigh,0.666015773,0.000000000,0.745937658,0.193400000,0.096702181,0.991561334,-0.086341234,-0.141194107,-0.739642939,0.129638423,0.660395489,-0.012380469,0.000000000,0.000000000,0.000000000,1.000000000
1790749335052668229,1790749335,52668229,1790749335057010181,FR_calf,0.786573533,0.000000000,-0.617496621,0.034515279,-0.080051288,0.991561334,-0.101970152,-0.122803424,0.612285773,0.129638423,0.779935902,-0.153044708,0.000000000,0.000000000,0.000000000,1.000000000
1790749335052668229,1790749335,52668229,1790749335057010181,FR_calflower,0.816452489,0.000000000,-0.577412619,0.141636249,-0.074854861,0.991561334,-0.105843613,-0.109312868,0.572540027,0.129638423,0.809562720,-0.256229507,0.000000000,0.000000000,0.000000000,1.000000000
1790749335052668229,1790749335,52668229,1790749335057010181,FR_calflower1,0.990826336,-0.000000000,-0.135141304,0.156568229,-0.017519505,0.991561334,-0.128449163,-0.104330575,0.134000892,0.129638423,0.982465084,-0.294337416,0.000000000,0.000000000,0.000000000,1.000000000
1790749335052668229,1790749335,52668229,1790749335057010181,FR_foot,0.786573533,0.000000000,-0.617496621,0.166042059,-0.080051288,0.991561334,-0.101970152,-0.101083782,0.612285773,0.129638423,0.779935902,-0.319171056,0.000000000,0.000000000,0.000000000,1.000000000
1790749335052668229,1790749335,52668229,1790749335057010181,RL_hip,1.000000000,-0.000000000,0.000000000,-0.193400000,0.000000000,0.999870964,0.016064132,0.046500000,-0.000000000,-0.016064132,0.999870964,0.000000000,0.000000000,0.000000000,0.000000000,1.000000000
1790749335052668229,1790749335,52668229,1790749335057010181,RL_thigh,0.711900587,-0.000000000,0.702280253,-0.193400000,-0.011281522,0.999870964,0.011436065,0.141987677,-0.702189633,-0.016064132,0.711808726,-0.001534125,0.000000000,0.000000000,0.000000000,1.000000000
1790749335052668229,1790749335,52668229,1790749335057010181,RL_calf,0.758788326,0.000000000,-0.651337298,-0.342985694,0.010463168,0.999870964,0.012189276,0.139551795,0.651253252,-0.016064132,0.758690415,-0.153149383,0.000000000,0.000000000,0.000000000,1.000000000
1790749335052668229,1790749335,52668229,1790749335057010181,RL_calflower,0.790393335,-0.000000000,-0.612599686,-0.231412007,0.009840882,0.999870964,0.012696983,0.137957046,0.612520639,-0.016064132,0.790291346,-0.252410500,0.000000000,0.000000000,0.000000000,1.000000000
1790749335052668229,1790749335,52668229,1790749335057010181,RL_calflower1,0.983960653,0.000000000,-0.178385629,-0.214811953,0.002865610,0.999870964,0.015806474,0.137350758,0.178362610,-0.016064132,0.983833687,-0.290147360,0.000000000,0.000000000,0.000000000,1.000000000
1790749335052668229,1790749335,52668229,1790749335057010181,RL_foot,0.758788326,0.000000000,-0.651337298,-0.204250849,0.010463168,0.999870964,0.012189276,0.136955480,0.651253252,-0.016064132,0.758690415,-0.314750442,0.000000000,0.000000000,0.000000000,1.000000000
1790749335052668229,1790749335,52668229,1790749335057010181,RR_hip,1.000000000,0.000000000,0.000000000,-0.193400000,0.000000000,0.999922352,-0.012461506,-0.046500000,0.000000000,0.012461506,0.999922352,0.000000000,0.000000000,0.000000000,0.000000000,1.000000000
1790749335052668229,1790749335,52668229,1790749335057010181,RR_thigh,0.742056853,-0.000000000,0.670336951,-0.193400000,0.008353408,0.999922352,-0.009247146,-0.141992585,-0.670284901,0.012461506,0.741999234,-0.001190074,0.000000000,0.000000000,0.000000000,1.000000000
1790749335052668229,1790749335,52668229,1790749335057010181,RR_calf,0.752933451,0.000000000,-0.658096663,-0.336181771,-0.008200876,0.999922352,-0.009382685,-0.140022943,0.658045563,0.012461506,0.752874988,-0.159235911,0.000000000,0.000000000,0.000000000,1.000000000
1790749335052668229,1790749335,52668229,1790749335057010181,RR_calflower,0.784883605,-0.000000000,-0.619643225,-0.223724795,-0.007721688,0.999922352,-0.009780832,-0.138798323,0.619595111,0.012461506,0.784822661,-0.257500498,0.000000000,0.000000000,0.000000000,1.000000000
1790749335052668229,1790749335,52668229,1790749335057010181,RR_calflower1,0.982326110,0.000000000,-0.187177491,-0.206787902,-0.002332514,0.999922352,-0.012241263,-0.138329872,0.187162957,0.012461506,0.982249835,-0.295089355,0.000000000,0.000000000,0.000000000,1.000000000
1790749335052668229,1790749335,52668229,1790749335057010181,RR_foot,0.752933451,0.000000000,-0.658096663,-0.196007181,-0.008200876,0.999922352,-0.009382685,-0.138024431,0.658045563,0.012461506,0.752874988,-0.319598283,0.000000000,0.000000000,0.000000000,1.000000000
1790749335119152082,1790749335,119152082,1790749335123693445,FL_hip,1.000000000,-0.000000000,0.000000000,0.193400000,0.000000000,0.994381462,0.105856077,0.046500000,-0.000000000,-0.105856077,0.994381462,0.000000000,0.000000000,0.000000000,0.000000000,1.000000000
1790749335119152082,1790749335,119152082,1790749335123693445,FL_thigh,0.715121234,0.000000000,0.699000444,0.193400000,-0.073993445,0.994381462,0.075699928,0.141463430,-0.695073083,-0.105856077,0.711103298,-0.010109255,0.000000000,0.000000000,0.000000000,1.000000000
1790749335119152082,1790749335,119152082,1790749335123693445,FL_calf,0.752424823,0.000000000,-0.658678135,0.044512905,0.069725083,0.994381462,0.079648740,0.125339345,0.654977326,-0.105856077,0.748197296,-0.161574258,0.000000000,0.000000000,0.000000000,1.000000000
1790749335119152082,1790749335,119152082,1790749335123693445,FL_calflower,0.784404674,0.000000000,-0.620249391,0.157045766,0.065657167,0.994381462,0.083034001,0.114945833,0.616764496,-0.105856077,0.779997466,-0.259207911,0.000000000,0.000000000,0.000000000,1.000000000
1790749335119152082,1790749335,119152082,1790749335123693445,FL_calflower1,0.982181216,0.000000000,-0.187936317,0.174011695,0.019894201,0.994381462,0.103969850,0.110967901,0.186880389,-0.105856077,0.976662793,-0.296575455,0.000000000,0.000000000,0.000000000,1.000000000
1790749335119152082,1790749335,119152082,1790749335123693445,FL_foot,0.752424823,0.000000000,-0.658678135,0.184811348,0.069725083,0.994381462,0.079648740,0.108374163,0.654977326,-0.105856077,0.748197296,-0.320940282,0.000000000,0.000000000,0.000000000,1.000000000
1790749335119152082,1790749335,119152082,1790749335123693445,FR_hip,1.000000000,0.000000000,0.000000000,0.193400000,0.000000000,0.991553482,-0.129698470,-0.046500000,0.000000000,0.129698470,0.991553482,0.000000000,0.000000000,0.000000000,0.000000000,1.000000000
1790749335119152082,1790749335,119152082,1790749335123693445,FR_thigh,0.665970599,0.000000000,0.745977990,0.193400000,0.096752204,0.991553482,-0.086375368,-0.141193357,-0.739677073,0.129698470,0.660345466,-0.012386204,0.000000000,0.000000000,0.000000000,1.000000000
1790749335119152082,1790749335,119152082,1790749335123693445,FR_calf,0.786620642,0.000000000,-0.617436608,0.034506688,-0.080080583,0.991553482,-0.102023494,-0.122795404,0.612221418,0.129698470,0.779976437,-0.153039788,0.000000000,0.000000000,0.000000000,1.000000000
1790749335119152082,1790749335,119152082,1790749335123693445,FR_calflower,0.816496540,0.000000000,-0.577350327,0.141619719,-0.074881454,0.991553482,-0.105898352,-0.109297539,0.572473727,0.129698470,0.809599987,-0.256231872,0.000000000,0.000000000,0.000000000,1.000000000
1790749335119152082,1790749335,119152082,1790749335123693445,FR_calflower1,0.990836644,0.000000000,-0.135065709,0.156548767,-0.017517816,0.991553482,-0.128509996,-0.104312790,0.133924874,0.129698470,0.982467524,-0.294340609,0.000000000,0.000000000,0.000000000,1.000000000
1790749335119152082,1790749335,119152082,1790749335123693445,FR_foot,0.786620642,0.000000000,-0.617436608,0.166020686,-0.080080583,0.991553482,-0.102023494,-0.101064400,0.612221418,0.129698470,0.779976437,-0.319174769,0.000000000,0.000000000,0.000000000,1.000000000
1790749335119152082,1790749335,119152082,1790749335123693445,RL_hip,1.000000000,-0.000000000,0.000000000,-0.193400000,0.000000000,0.999869500,0.016154957,0.046500000,-0.000000000,-0.016154957,0.999869500,0.000000000,0.000000000,0.000000000,0.000000000,1.000000000
1790749335119152082,1790749335,119152082,1790749335123693445,RL_thigh,0.711879323,0.000000000,0.702301808,-0.193400000,-0.011345656,0.999869500,0.011500380,0.141987537,-0.702210158,-0.016154957,0.711786423,-0.001542798,0.000000000,0.000000000,0.000000000,1.000000000
1790749335119152082,1790749335,119152082,1790749335123693445,RL_calf,0.758808048,0.000000000,-0.651314323,-0.342990285,0.010521955,0.999869500,0.012258512,0.139537956,0.651229326,-0.016154957,0.758709023,-0.153153306,0.000000000,0.000000000,0.000000000,1.000000000
1790749335119152082,1790749335,119152082,1790749335123693445,RL_calflower,0.790411884,-0.000000000,-0.612575753,-0.231419604,0.009896135,0.999869500,0.012769070,0.137934136,0.612495812,-0.016154957,0.790308735,-0.252417655,0.000000000,0.000000000,0.000000000,1.000000000
1790749335119152082,1790749335,119152082,1790749335123693445,RL_calflower1,0.983966054,-0.000000000,-0.178355835,-0.214820693,0.002881331,0.999869500,0.015895930,0.137324412,0.178332560,-0.016154957,0.983837647,-0.290154963,0.000000000,0.000000000,0.000000000,1.000000000
1790749335119152082,1790749335,119152082,1790749335123693445,RL_foot,0.758808048,0.000000000,-0.651314323,-0.204260334,0.010521955,0.999869500,0.012258512,0.136926893,0.651229326,-0.016154957,0.758709023,-0.314758328,0.000000000,0.000000000,0.000000000,1.000000000
1790749335119152082,1790749335,119152082,1790749335123693445,RR_hip,1.000000000,0.000000000,0.000000000,-0.193400000,0.000000000,0.999922352,-0.012461506,-0.046500000,0.000000000,0.012461506,0.999922352,0.000000000,0.000000000,0.000000000,0.000000000,1.000000000
1790749335119152082,1790749335,119152082,1790749335123693445,RR_thigh,0.742056853,-0.000000000,0.670336951,-0.193400000,0.008353408,0.999922352,-0.009247146,-0.141992585,-0.670284901,0.012461506,0.741999234,-0.001190074,0.000000000,0.000000000,0.000000000,1.000000000
1790749335119152082,1790749335,119152082,1790749335123693445,RR_calf,0.752923096,0.000000000,-0.658108511,-0.336181771,-0.008201023,0.999922352,-0.009382556,-0.140022943,0.658057410,0.012461506,0.752864633,-0.159235911,0.000000000,0.000000000,0.000000000,1.000000000
1790749335119152082,1790749335,119152082,1790749335123693445,RR_calflower,0.784873854,-0.000000000,-0.619655576,-0.223723249,-0.007721842,0.999922352,-0.009780711,-0.138798345,0.619607461,0.012461506,0.784812911,-0.257498728,0.000000000,0.000000000,0.000000000,1.000000000
1790749335119152082,1790749335,119152082,1790749335123693445,RR_calflower1,0.982323165,-0.000000000,-0.187192948,-0.206785765,-0.002332706,0.999922352,-0.012241226,-0.138329898,0.187178413,0.012461506,0.982246890,-0.295087319,0.000000000,0.000000000,0.000000000,1.000000000
1790749335119152082,1790749335,119152082,1790749335123693445,RR_foot,0.752923096,0.000000000,-0.658108511,-0.196004658,-0.008201023,0.999922352,-0.009382556,-0.138024458,0.658057410,0.012461506,0.752864633,-0.319596077,0.000000000,0.000000000,0.000000000,1.000000000
1790749335179351246,1790749335,179351246,1790749335190286803,FL_hip,1.000000000,-0.000000000,0.000000000,0.193400000,0.000000000,0.994375050,0.105916287,0.046500000,-0.000000000,-0.105916287,0.994375050,0.000000000,0.000000000,0.000000000,0.000000000,1.000000000
1790749335179351246,1790749335,179351246,1790749335190286803,FL_thigh,0.715121234,-0.000000000,0.699000444,0.193400000,-0.074035532,0.994375050,0.075742986,0.141462817,-0.695068602,-0.105916287,0.711098713,-0.010115005,0.000000000,0.000000000,0.000000000,1.000000000
1790749335179351246,1790749335,179351246,1790749335190286803,FL_calf,0.752424823,0.000000000,-0.658678135,0.044512905,0.069764742,0.994375050,0.079694044,0.125329561,0.654973103,-0.105916287,0.748192471,-0.161579031,0.000000000,0.000000000,0.000000000,1.000000000
1790749335179351246,1790749335,179351246,1790749335190286803,FL_calflower,0.784404674,0.000000000,-0.620249391,0.157045766,0.065694513,0.994375050,0.083081231,0.114930138,0.616760519,-0.105916287,0.779992437,-0.259212055,0.000000000,0.000000000,0.000000000,1.000000000
1790749335179351246,1790749335,179351246,1790749335190286803,FL_calflower1,0.982181216,0.000000000,-0.187936317,0.174011695,0.019905517,0.994375050,0.104028988,0.110949943,0.186879184,-0.105916287,0.976656496,-0.296579358,0.000000000,0.000000000,0.000000000,1.000000000
1790749335179351246,1790749335,179351246,1790749335190286803,FL_foot,0.752424823,0.000000000,-0.658678135,0.184811348,0.069764742,0.994375050,0.079694044,0.108354730,0.654973103,-0.105916287,0.748192471,-0.320944028,0.000000000,0.000000000,0.000000000,1.000000000
1790749335179351246,1790749335,179351246,1790749335190286803,FR_hip,1.000000000,0.000000000,0.000000000,0.193400000,0.000000000,0.991561334,-0.129638423,-0.046500000,0.000000000,0.129638423,0.991561334,0.000000000,0.000000000,0.000000000,0.000000000,1.000000000
1790749335179351246,1790749335,179351246,1790749335190286803,FR_thigh,0.665948011,0.000000000,0.745998154,0.193400000,0.096710024,0.991561334,-0.086332450,-0.141194107,-0.739702925,0.129638423,0.660328299,-0.012380469,0.000000000,0.000000000,0.000000000,1.000000000
1790749335179351246,1790749335,179351246,1790749335190286803,FR_calf,0.786629622,-0.000000000,-0.617425168,0.034502393,-0.080042025,0.991561334,-0.101977423,-0.122805296,0.612214923,0.129638423,0.779991517,-0.153030397,0.000000000,0.000000000,0.000000000,1.000000000
1790749335179351246,1790749335,179351246,1790749335190286803,FR_calflower,0.816504937,-0.000000000,-0.577338452,0.141613910,-0.074845246,0.991561334,-0.105850412,-0.109313477,0.572466486,0.129638423,0.809614724,-0.256224843,0.000000000,0.000000000,0.000000000,1.000000000
1790749335179351246,1790749335,179351246,1790749335190286803,FR_calflower1,0.990838608,0.000000000,-0.135051299,0.156542399,-0.017507837,0.991561334,-0.128450754,-0.104331008,0.133911646,0.129638423,0.982477252,-0.294334097,0.000000000,0.000000000,0.000000000,1.000000000
1790749335179351246,1790749335,179351246,1790749335190286803,FR_foot,0.786629622,-0.000000000,-0.617425168,0.166013954,-0.080042025,0.991561334,-0.101977423,-0.101084104,0.612214923,0.129638423,0.779991517,-0.319168590,0.000000000,0.000000000,0.000000000,1.000000000
1790749335179351246,1790749335,179351246,1790749335190286803,RL_hip,1.000000000,-0.000000000,0.000000000,-0.193400000,0.000000000,0.999869500,0.016154957,0.046500000,-0.000000000,-0.016154957,0.999869500,0.000000000,0.000000000,0.000000000,0.000000000,1.000000000
1790749335179351246,1790749335,179351246,1790749335190286803,RL_thigh,0.711836791,-0.000000000,0.702344917,-0.193400000,-0.011346352,0.999869500,0.011499693,0.141987537,-0.702253261,-0.016154957,0.711743897,-0.001542798,0.000000000,0.000000000,0.000000000,1.000000000
1790749335179351246,1790749335,179351246,1790749335190286803,RL_calf,0.758868062,0.000000000,-0.651244397,-0.342999467,0.010520825,0.999869500,0.012259481,0.139538103,0.651159409,-0.016154957,0.758769030,-0.153144248,0.000000000,0.000000000,0.000000000,1.000000000
1790749335179351246,1790749335,179351246,1790749335190286803,RL_calflower,0.790468329,0.000000000,-0.612502915,-0.231437935,0.009894958,0.999869500,0.012769982,0.137934116,0.612422984,-0.016154957,0.790365173,-0.252418877,0.000000000,0.000000000,0.000000000,1.000000000
1790749335179351246,1790749335,179351246,1790749335190286803,RL_calflower1,0.983982485,0.000000000,-0.178265163,-0.214842502,0.002879866,0.999869500,0.015896195,0.137324367,0.178241899,-0.016154957,0.983854076,-0.290157713,0.000000000,0.000000000,0.000000000,1.000000000
1790749335179351246,1790749335,179351246,1790749335190286803,RL_foot,0.758868062,0.000000000,-0.651244397,-0.204284411,0.010520825,0.999869500,0.012259481,0.136926833,0.651159409,-0.016154957,0.758769030,-0.314762052,0.000000000,0.000000000,0.000000000,1.000000000
1790749335179351246,1790749335,179351246,1790749335190286803,RR_hip,1.000000000,0.000000000,0.000000000,-0.193400000,0.000000000,0.999922352,-0.012461506,-0.046500000,0.000000000,0.012461506,0.999922352,0.000000000,0.000000000,0.000000000,0.000000000,1.000000000
1790749335179351246,1790749335,179351246,1790749335190286803,RR_thigh,0.742016257,0.000000000,0.670381887,-0.193400000,0.008353968,0.999922352,-0.009246640,-0.141992585,-0.670329834,0.012461506,0.741958641,-0.001190074,0.000000000,0.000000000,0.000000000,1.000000000
1790749335179351246,1790749335,179351246,1790749335190286803,RR_calf,0.752962948,-0.000000000,-0.658062914,-0.336191342,-0.008200455,0.999922352,-0.009383053,-0.140023050,0.658011817,0.012461506,0.752904482,-0.159227264,0.000000000,0.000000000,0.000000000,1.000000000
1790749335179351246,1790749335,179351246,1790749335190286803,RR_calflower,0.784911378,0.000000000,-0.619608044,-0.223738772,-0.007721250,0.999922352,-0.009781178,-0.138798368,0.619559933,0.012461506,0.784850432,-0.257496891,0.000000000,0.000000000,0.000000000,1.000000000
1790749335179351246,1790749335,179351246,1790749335190286803,RR_calflower1,0.982334499,-0.000000000,-0.187133460,-0.206803564,-0.002331965,0.999922352,-0.012241368,-0.138329908,0.187118930,0.012461506,0.982258223,-0.295086508,0.000000000,0.000000000,0.000000000,1.000000000
1790749335179351246,1790749335,179351246,1790749335190286803,RR_foot,0.752962948,-0.000000000,-0.658062914,-0.196023941,-0.008200455,0.999922352,-0.009383053,-0.138024460,0.658011817,0.012461506,0.752904482,-0.319595919,0.000000000,0.000000000,0.000000000,1.000000000
1790749335201299950,1790749335,201299950,1790749335257059886,FL_hip,1.000000000,-0.000000000,0.000000000,0.193400000,0.000000000,0.994381462,0.105856077,0.046500000,-0.000000000,-0.105856077,0.994381462,0.000000000,0.000000000,0.000000000,0.000000000,1.000000000
1790749335201299950,1790749335,201299950,1790749335257059886,FL_thigh,0.715100068,0.000000000,0.699022097,0.193400000,-0.073995737,0.994381462,0.075697688,0.141463430,-0.695094615,-0.105856077,0.711082251,-0.010109255,0.000000000,0.000000000,0.000000000,1.000000000
1790749335201299950,1790749335,201299950,1790749335257059886,FL_calf,0.752455132,-0.000000000,-0.658643511,0.044508293,0.069721418,0.994381462,0.079651948,0.125339822,0.654942897,-0.105856077,0.748227433,-0.161569775,0.000000000,0.000000000,0.000000000,1.000000000
1790749335201299950,1790749335,201299950,1790749335257059886,FL_calflower,0.784433214,-0.000000000,-0.620213296,0.157036636,0.065653346,0.994381462,0.083037022,0.114945762,0.616728604,-0.105856077,0.780025846,-0.259208577,0.000000000,0.000000000,0.000000000,1.000000000
1790749335201299950,1790749335,201299950,1790749335257059886,FL_calflower1,0.982189863,0.000000000,-0.187891122,0.174000835,0.019889417,0.994381462,0.103970765,0.110967748,0.186835448,-0.105856077,0.976671391,-0.296576897,0.000000000,0.000000000,0.000000000,1.000000000
1790749335201299950,1790749335,201299950,1790749335257059886,FL_foot,0.752455132,-0.000000000,-0.658643511,0.184799361,0.069721418,0.994381462,0.079651948,0.108373957,0.654942897,-0.105856077,0.748227433,-0.320942218,0.000000000,0.000000000,0.000000000,1.000000000
1790749335201299950,1790749335,201299950,1790749335257059886,FR_hip,1.000000000,0.000000000,0.000000000,0.193400000,0.000000000,0.991557408,-0.129668446,-0.046500000,0.000000000,0.129668446,0.991557408,0.000000000,0.000000000,0.000000000,0.000000000,1.000000000
1790749335201299950,1790749335,201299950,1790749335257059886,FR_thigh,0.665948011,0.000000000,0.745998154,0.193400000,0.096732422,0.991557408,-0.086352444,-0.141193732,-0.739699996,0.129668446,0.660325684,-0.012383337,0.000000000,0.000000000,0.000000000,1.000000000
1790749335201299950,1790749335,201299950,1790749335257059886,FR_calf,0.786629622,0.000000000,-0.617425168,0.034502393,-0.080060562,0.991557408,-0.102001041,-0.122800662,0.612212499,0.129668446,0.779988429,-0.153032707,0.000000000,0.000000000,0.000000000,1.000000000
1790749335201299950,1790749335,201299950,1790749335257059886,FR_calflower,0.816504937,0.000000000,-0.577338452,0.141613910,-0.074862580,0.991557408,-0.105874927,-0.109305719,0.572464219,0.129668446,0.809611519,-0.256226745,0.000000000,0.000000000,0.000000000,1.000000000
1790749335201299950,1790749335,201299950,1790749335257059886,FR_calflower1,0.990838608,0.000000000,-0.135051299,0.156542399,-0.017511892,0.991557408,-0.128480503,-0.104322096,0.133911116,0.129668446,0.982473362,-0.294335848,0.000000000,0.000000000,0.000000000,1.000000000
1790749335201299950,1790749335,201299950,1790749335257059886,FR_foot,0.786629622,0.000000000,-0.617425168,0.166013954,-0.080060562,0.991557408,-0.102001041,-0.101074440,0.612212499,0.129668446,0.779988429,-0.319170243,0.000000000,0.000000000,0.000000000,1.000000000
1790749335201299950,1790749335,201299950,1790749335257059886,RL_hip,1.000000000,-0.000000000,0.000000000,-0.193400000,0.000000000,0.999870964,0.016064132,0.046500000,-0.000000000,-0.016064132,0.999870964,0.000000000,0.000000000,0.000000000,0.000000000,1.000000000
1790749335201299950,1790749335,201299950,1790749335257059886,RL_thigh,0.711836791,-0.000000000,0.702344917,-0.193400000,-0.011282561,0.999870964,0.011435040,0.141987677,-0.702254289,-0.016064132,0.711744938,-0.001534125,0.000000000,0.000000000,0.000000000,1.000000000
1790749335201299950,1790749335,201299950,1790749335257059886,RL_calf,0.758878310,0.000000000,-0.651232455,-0.342999467,0.010461484,0.999870964,0.012190721,0.139552014,0.651148423,-0.016064132,0.758780387,-0.153135796,0.000000000,0.000000000,0.000000000,1.000000000
1790749335201299950,1790749335,201299950,1790749335257059886,RL_calflower,0.790477967,-0.000000000,-0.612490477,-0.231439498,0.009839128,0.999870964,0.012698342,0.137957016,0.612411443,-0.016064132,0.790375966,-0.252412325,0.000000000,0.000000000,0.000000000,1.000000000
1790749335201299950,1790749335,201299950,1790749335257059886,RL_calflower1,0.983985290,0.000000000,-0.178249679,-0.214844658,0.002863426,0.999870964,0.015806869,0.137350691,0.178226679,-0.016064132,0.983858320,-0.290151478,0.000000000,0.000000000,0.000000000,1.000000000
1790749335201299950,1790749335,201299950,1790749335257059886,RL_foot,0.758878310,0.000000000,-0.651232455,-0.204286954,0.010461484,0.999870964,0.012190721,0.136955390,0.651148423,-0.016064132,0.758780387,-0.314756019,0.000000000,0.000000000,0.000000000,1.000000000
1790749335201299950,1790749335,201299950,1790749335257059886,RR_hip,1.000000000,0.000000000,0.000000000,-0.193400000,0.000000000,0.999922352,-0.012461506,-0.046500000,0.000000000,0.012461506,0.999922352,0.000000000,0.000000000,0.000000000,0.000000000,1.000000000
1790749335201299950,1790749335,201299950,1790749335257059886,RR_thigh,0.742036555,-0.000000000,0.670359419,-0.193400000,0.008353688,0.999922352,-0.009246893,-0.141992585,-0.670307368,0.012461506,0.741978938,-0.001190074,0.000000000,0.000000000,0.000000000,1.000000000
1790749335201299950,1790749335,201299950,1790749335257059886,RR_calf,0.752943022,0.000000000,-0.658085713,-0.336186556,-0.008200739,0.999922352,-0.009382804,-0.140022996,0.658034614,0.012461506,0.752884558,-0.159231588,0.000000000,0.000000000,0.000000000,1.000000000
1790749335201299950,1790749335,201299950,1790749335257059886,RR_calflower,0.784892617,0.000000000,-0.619631810,-0.223731010,-0.007721546,0.999922352,-0.009780944,-0.138798356,0.619583697,0.012461506,0.784831672,-0.257497810,0.000000000,0.000000000,0.000000000,1.000000000
1790749335201299950,1790749335,201299950,1790749335257059886,RR_calflower1,0.982328832,0.000000000,-0.187163204,-0.206794664,-0.002332335,0.999922352,-0.012241297,-0.138329903,0.187148671,0.012461506,0.982252557,-0.295086914,0.000000000,0.000000000,0.000000000,1.000000000
1790749335201299950,1790749335,201299950,1790749335257059886,RR_foot,0.752943022,0.000000000,-0.658085713,-0.196014300,-0.008200739,0.999922352,-0.009382804,-0.138024459,0.658034614,0.012461506,0.752884558,-0.319595998,0.000000000,0.000000000,0.000000000,1.000000000
1790749335283901432,1790749335,283901432,1790749335323717989,FL_hip,1.000000000,-0.000000000,0.000000000,0.193400000,0.000000000,0.994381462,0.105856077,0.046500000,-0.000000000,-0.105856077,0.994381462,0.000000000,0.000000000,0.000000000,0.000000000,1.000000000
1790749335283901432,1790749335,283901432,1790749335323717989,FL_thigh,0.715100068,0.000000000,0.699022097,0.193400000,-0.073995737,0.994381462,0.075697688,0.141463430,-0.695094615,-0.105856077,0.711082251,-0.010109255,0.000000000,0.000000000,0.000000000,1.000000000
1790749335283901432,1790749335,283901432,1790749335323717989,FL_calf,0.752444767,0.000000000,-0.658655352,0.044508293,0.069722671,0.994381462,0.079650851,0.125339822,0.654954671,-0.105856077,0.748217127,-0.161569775,0.000000000,0.000000000,0.000000000,1.000000000
1790749335283901432,1790749335,283901432,1790749335323717989,FL_calflower,0.784423455,0.000000000,-0.620225640,0.157038181,0.065654653,0.994381462,0.083035989,0.114945950,0.616740878,-0.105856077,0.780016141,-0.259206816,0.000000000,0.000000000,0.000000000,1.000000000
1790749335283901432,1790749335,283901432,1790749335323717989,FL_calflower1,0.982186906,0.000000000,-0.187906577,0.174002972,0.019891053,0.994381462,0.103970452,0.110967963,0.186850817,-0.105856077,0.976668451,-0.296574871,0.000000000,0.000000000,0.000000000,1.000000000
1790749335283901432,1790749335,283901432,1790749335323717989,FL_foot,0.752444767,0.000000000,-0.658655352,0.184801883,0.069722671,0.994381462,0.079650851,0.108374191,0.654954671,-0.105856077,0.748217127,-0.320940023,0.000000000,0.000000000,0.000000000,1.000000000
1790749335283901432,1790749335,283901432,1790749335323717989,FR_hip,1.000000000,0.000000000,0.000000000,0.193400000,0.000000000,0.991565259,-0.129608399,-0.046500000,0.000000000,0.129608399,0.991565259,0.000000000,0.000000000,0.000000000,0.000000000,1.000000000
1790749335283901432,1790749335,283901432,1790749335323717989,FR_thigh,0.665948011,-0.000000000,0.745998154,0.193400000,0.096687626,0.991565259,-0.086312456,-0.141194482,-0.739705853,0.129608399,0.660330912,-0.012377602,0.000000000,0.000000000,0.000000000,1.000000000
1790749335283901432,1790749335,283901432,1790749335323717989,FR_calf,0.786629622,-0.000000000,-0.617425168,0.034502393,-0.080023488,0.991565259,-0.101953806,-0.122809929,0.612217346,0.129608399,0.779994605,-0.153028086,0.000000000,0.000000000,0.000000000,1.000000000
1790749335283901432,1790749335,283901432,1790749335323717989,FR_calflower,0.816504937,-0.000000000,-0.577338452,0.141613910,-0.074827912,0.991565259,-0.105825898,-0.109321236,0.572468752,0.129608399,0.809617929,-0.256222941,0.000000000,0.000000000,0.000000000,1.000000000
1790749335283901432,1790749335,283901432,1790749335323717989,FR_calflower1,0.990838608,0.000000000,-0.135051299,0.156542399,-0.017503783,0.991565259,-0.128421006,-0.104339921,0.133912176,0.129608399,0.982481141,-0.294332346,0.000000000,0.000000000,0.000000000,1.000000000
1790749335283901432,1790749335,283901432,1790749335323717989,FR_foot,0.786629622,-0.000000000,-0.617425168,0.166013954,-0.080023488,0.991565259,-0.101953806,-0.101093769,0.612217346,0.129608399,0.779994605,-0.319166937,0.000000000,0.000000000,0.000000000,1.000000000
1790749335283901432,1790749335,283901432,1790749335323717989,RL_hip,1.000000000,-0.000000000,0.000000000,-0.193400000,0.000000000,0.999869989,0.016124682,0.046500000,-0.000000000,-0.016124682,0.999869989,0.000000000,0.000000000,0.000000000,0.000000000,1.000000000
1790749335283901432,1790749335,283901432,1790749335323717989,RL_thigh,0.711836791,0.000000000,0.702344917,-0.193400000,-0.011325089,0.999869989,0.011478142,0.141987584,-0.702253605,-0.016124682,0.711744244,-0.001539907,0.000000000,0.000000000,0.000000000,1.000000000
1790749335283901432,1790749335,283901432,1790749335323717989,RL_calf,0.758857737,-0.000000000,-0.651256428,-0.342999467,0.010501303,0.999869989,0.012236340,0.139542740,0.651171758,-0.016124682,0.758759077,-0.153141431,0.000000000,0.000000000,0.000000000,1.000000000
1790749335283901432,1790749335,283901432,1790749335323717989,RL_calflower,0.790458617,0.000000000,-0.612515448,-0.231436361,0.009876617,0.999869989,0.012745894,0.137941787,0.612435814,-0.016124682,0.790355849,-0.252414339,0.000000000,0.000000000,0.000000000,1.000000000
1790749335283901432,1790749335,283901432,1790749335323717989,RL_calflower1,0.983979659,0.000000000,-0.178280764,-0.214840330,0.002874721,0.999869989,0.015866359,0.137333186,0.178257585,-0.016124682,0.983851731,-0.290152932,0.000000000,0.000000000,0.000000000,1.000000000
1790749335283901432,1790749335,283901432,1790749335323717989,RL_foot,0.758857737,-0.000000000,-0.651256428,-0.204281848,0.010501303,0.999869989,0.012236340,0.136936399,0.651171758,-0.016124682,0.758759077,-0.314757115,0.000000000,0.000000000,0.000000000,1.000000000
1790749335283901432,1790749335,283901432,1790749335323717989,RR_hip,1.000000000,0.000000000,0.000000000,-0.193400000,0.000000000,0.999923480,-0.012370681,-0.046500000,0.000000000,0.012370681,0.999923480,0.000000000,0.000000000,0.000000000,0.000000000,1.000000000
1790749335283901432,1790749335,283901432,1790749335323717989,RR_thigh,0.742036555,0.000000000,0.670359419,-0.193400000,0.008292802,0.999923480,-0.009179497,-0.141992692,-0.670308124,0.012370681,0.741979774,-0.001181400,0.000000000,0.000000000,0.000000000,1.000000000
1790749335283901432,1790749335,283901432,1790749335323717989,RR_calf,0.752943022,0.000000000,-0.658085713,-0.336186556,-0.008140968,0.999923480,-0.009314418,-0.140037459,0.658035356,0.012370681,0.752885407,-0.159223092,0.000000000,0.000000000,0.000000000,1.000000000
1790749335283901432,1790749335,283901432,1790749335323717989,RR_calflower,0.784892617,-0.000000000,-0.619631810,-0.223731010,-0.007665267,0.999923480,-0.009709656,-0.138821745,0.619584396,0.012370681,0.784832557,-0.257489425,0.000000000,0.000000000,0.000000000,1.000000000
1790749335283901432,1790749335,283901432,1790749335323717989,RR_calflower1,0.982328832,0.000000000,-0.187163204,-0.206794664,-0.002315336,0.999923480,-0.012152076,-0.138356706,0.187148882,0.012370681,0.982253665,-0.295078571,0.000000000,0.000000000,0.000000000,1.000000000
1790749335283901432,1790749335,283901432,1790749335323717989,RR_foot,0.752943022,0.000000000,-0.658085713,-0.196014300,-0.008140968,0.999923480,-0.009314418,-0.138053488,0.658035356,0.012370681,0.752885407,-0.319587684,0.000000000,0.000000000,0.000000000,1.000000000
1790749335380230492,1790749335,380230492,1790749335390272148,FL_hip,1.000000000,-0.000000000,0.000000000,0.193400000,0.000000000,0.994368634,0.105976505,0.046500000,-0.000000000,-0.105976505,0.994368634,0.000000000,0.000000000,0.000000000,0.000000000,1.000000000
1790749335380230492,1790749335,380230492,1790749335390272148,FL_thigh,0.715078902,-0.000000000,0.699043749,0.193400000,-0.074082213,0.994368634,0.075781563,0.141462205,-0.695107178,-0.105976505,0.711052031,-0.010120756,0.000000000,0.000000000,0.000000000,1.000000000
1790749335380230492,1790749335,380230492,1790749335390272148,FL_calf,0.752454346,0.000000000,-0.658644408,0.044503681,0.069800832,0.994368634,0.079742481,0.125320732,0.654935341,-0.105976505,0.748217001,-0.161574839,0.000000000,0.000000000,0.000000000,1.000000000
1790749335380230492,1790749335,380230492,1790749335390272148,FL_calflower,0.784432475,0.000000000,-0.620214231,0.157032141,0.065728136,0.994368634,0.083131412,0.114914861,0.616721578,-0.105976505,0.780015048,-0.259212248,0.000000000,0.000000000,0.000000000,1.000000000
1790749335380230492,1790749335,380230492,1790749335390272148,FL_calflower1,0.982189639,0.000000000,-0.187892293,0.173996385,0.019912168,0.994368634,0.104089025,0.110932323,0.186834202,-0.105976505,0.976658569,-0.296580066,0.000000000,0.000000000,0.000000000,1.000000000
1790749335380230492,1790749335,380230492,1790749335390272148,FL_foot,0.752454346,0.000000000,-0.658644408,0.184794940,0.069800832,0.994368634,0.079742481,0.108335583,0.654935341,-0.105976505,0.748217001,-0.320945060,0.000000000,0.000000000,0.000000000,1.000000000
1790749335380230492,1790749335,380230492,1790749335390272148,FR_hip,1.000000000,0.000000000,0.000000000,0.193400000,0.000000000,0.991580949,-0.129488303,-0.046500000,0.000000000,0.129488303,0.991580949,0.000000000,0.000000000,0.000000000,0.000000000,1.000000000
1790749335380230492,1790749335,380230492,1790749335390272148,FR_thigh,0.665902834,0.000000000,0.746038482,0.193400000,0.096603257,0.991580949,-0.086226628,-0.141195981,-0.739757546,0.129488303,0.660296564,-0.012366133,0.000000000,0.000000000,0.000000000,1.000000000
1790749335380230492,1790749335,380230492,1790749335390272148,FR_calf,0.786667011,0.000000000,-0.617377530,0.034493803,-0.079943169,0.991580949,-0.101864176,-0.122829709,0.612179797,0.129488303,0.780044022,-0.153009301,0.000000000,0.000000000,0.000000000,1.000000000
1790749335380230492,1790749335,380230492,1790749335390272148,FR_calflower,0.816539898,0.000000000,-0.577289005,0.141599018,-0.074752174,0.991580949,-0.105732366,-0.109352674,0.572428779,0.129488303,0.809665407,-0.256212220,0.000000000,0.000000000,0.000000000,1.000000000
1790749335380230492,1790749335,380230492,1790749335390272148,FR_calflower1,0.990846784,0.000000000,-0.134991295,0.156525179,-0.017479794,0.991580949,-0.128303069,-0.104375858,0.133854797,0.129488303,0.982504795,-0.294323124,0.000000000,0.000000000,0.000000000,1.000000000
1790749335380230492,1790749335,380230492,1790749335390272148,FR_foot,0.786667011,0.000000000,-0.617377530,0.165995217,-0.079943169,0.991580949,-0.101864176,-0.101132639,0.612179797,0.129488303,0.780044022,-0.319158678,0.000000000,0.000000000,0.000000000,1.000000000
1790749335380230492,1790749335,380230492,1790749335390272148,RL_hip,1.000000000,-0.000000000,0.000000000,-0.193400000,0.000000000,0.999869989,0.016124682,0.046500000,-0.000000000,-0.016124682,0.999869989,0.000000000,0.000000000,0.000000000,0.000000000,1.000000000
1790749335380230492,1790749335,380230492,1790749335390272148,RL_thigh,0.711836791,0.000000000,0.702344917,-0.193400000,-0.011325089,0.999869989,0.011478142,0.141987584,-0.702253605,-0.016124682,0.711744244,-0.001539907,0.000000000,0.000000000,0.000000000,1.000000000
1790749335380230492,1790749335,380230492,1790749335390272148,RL_calf,0.758868062,-0.000000000,-0.651244397,-0.342999467,0.010501109,0.999869989,0.012236506,0.139542740,0.651159728,-0.016124682,0.758769401,-0.153141431,0.000000000,0.000000000,0.000000000,1.000000000
1790749335380230492,1790749335,380230492,1790749335390272148,RL_calflower,0.790468329,0.000000000,-0.612502915,-0.231437935,0.009876415,0.999869989,0.012746051,0.137941759,0.612423283,-0.016124682,0.790365559,-0.252416108,0.000000000,0.000000000,0.000000000,1.000000000
1790749335380230492,1790749335,380230492,1790749335390272148,RL_calflower1,0.983982485,0.000000000,-0.178265163,-0.214842502,0.002874469,0.999869989,0.015866405,0.137333153,0.178241987,-0.016124682,0.983854557,-0.290154963,0.000000000,0.000000000,0.000000000,1.000000000
1790749335380230492,1790749335,380230492,1790749335390272148,RL_foot,0.758868062,-0.000000000,-0.651244397,-0.204284411,0.010501109,0.999869989,0.012236506,0.136936364,0.651159728,-0.016124682,0.758769401,-0.314759314,0.000000000,0.000000000,0.000000000,1.000000000
1790749335380230492,1790749335,380230492,1790749335390272148,RR_hip,1.000000000,0.000000000,0.000000000,-0.193400000,0.000000000,0.999923105,-0.012400956,-0.046500000,0.000000000,0.012400956,0.999923105,0.000000000,0.000000000,0.000000000,0.000000000,1.000000000
1790749335380230492,1790749335,380230492,1790749335390272148,RR_thigh,0.742016257,0.000000000,0.670381887,-0.193400000,0.008313376,0.999923105,-0.009201711,-0.141992657,-0.670330338,0.012400956,0.741959199,-0.001184291,0.000000000,0.000000000,0.000000000,1.000000000
1790749335380230492,1790749335,380230492,1790749335390272148,RR_calf,0.752962948,0.000000000,-0.658062914,-0.336191342,-0.008160609,0.999923105,-0.009337460,-0.140032692,0.658012312,0.012400956,0.752905049,-0.159221601,0.000000000,0.000000000,0.000000000,1.000000000
1790749335380230492,1790749335,380230492,1790749335390272148,RR_calflower,0.784911378,0.000000000,-0.619608044,-0.223738772,-0.007683732,0.999923105,-0.009733651,-0.138813960,0.619560399,0.012400956,0.784851023,-0.257491302,0.000000000,0.000000000,0.000000000,1.000000000
1790749335380230492,1790749335,380230492,1790749335390272148,RR_calflower1,0.982334499,0.000000000,-0.187133460,-0.206803564,-0.002320634,0.999923105,-0.012181887,-0.138347777,0.187119070,0.012400956,0.982258963,-0.295080947,0.000000000,0.000000000,0.000000000,1.000000000
1790749335380230492,1790749335,380230492,1790749335390272148,RR_foot,0.752962948,0.000000000,-0.658062914,-0.196023941,-0.008160609,0.999923105,-0.009337460,-0.138043813,0.658012312,0.012400956,0.752905049,-0.319590376,0.000000000,0.000000000,0.000000000,1.000000000
1790749335447897558,1790749335,447897558,1790749335457076536,FL_hip,1.000000000,-0.000000000,0.000000000,0.193400000,0.000000000,0.994368634,0.105976505,0.046500000,-0.000000000,-0.105976505,0.994368634,0.000000000,0.000000000,0.000000000,0.000000000,1.000000000
1790749335447897558,1790749335,447897558,1790749335457076536,FL_thigh,0.715036568,0.000000000,0.699087052,0.193400000,-0.074086802,0.994368634,0.075777076,0.141462205,-0.695150237,-0.105976505,0.711009935,-0.010120756,0.000000000,0.000000000,0.000000000,1.000000000
1790749335447897558,1790749335,447897558,1790749335457076536,FL_calf,0.752483789,-0.000000000,-0.658610770,0.044494458,0.069797267,0.994368634,0.079745602,0.125321687,0.654901892,-0.105976505,0.748246278,-0.161565872,0.000000000,0.000000000,0.000000000,1.000000000
1790749335447897558,1790749335,447897558,1790749335457076536,FL_calflower,0.784460200,0.000000000,-0.620179164,0.157018528,0.065724420,0.994368634,0.083134350,0.114915284,0.616686708,-0.105976505,0.780042617,-0.259208284,0.000000000,0.000000000,0.000000000,1.000000000
1790749335447897558,1790749335,447897558,1790749335457076536,FL_calflower1,0.982198037,0.000000000,-0.187848385,0.173981092,0.019907515,0.994368634,0.104089915,0.110932665,0.186790542,-0.105976505,0.976666921,-0.296576855,0.000000000,0.000000000,0.000000000,1.000000000
1790749335447897558,1790749335,447897558,1790749335457076536,FL_foot,0.752483789,-0.000000000,-0.658610770,0.184778552,0.069797267,0.994368634,0.079745602,0.108335874,0.654901892,-0.105976505,0.748246278,-0.320942330,0.000000000,0.000000000,0.000000000,1.000000000
1790749335447897558,1790749335,447897558,1790749335457076536,FR_hip,1.000000000,0.000000000,0.000000000,0.193400000,0.000000000,0.991592708,-0.129398230,-0.046500000,0.000000000,0.129398230,0.991592708,0.000000000,0.000000000,0.000000000,0.000000000,1.000000000
1790749335447897558,1790749335,447897558,1790749335457076536,FR_thigh,0.665902834,0.000000000,0.746038482,0.193400000,0.096536059,0.991592708,-0.086166648,-0.141197104,-0.739766318,0.129398230,0.660304394,-0.012357531,0.000000000,0.000000000,0.000000000,1.000000000
1790749335447897558,1790749335,447897558,1790749335457076536,FR_calf,0.786676726,0.000000000,-0.617365151,0.034493803,-0.079885958,0.991592708,-0.101794576,-0.122843608,0.612174782,0.129398230,0.780062904,-0.153002367,0.000000000,0.000000000,0.000000000,1.000000000
1790749335447897558,1790749335,447897558,1790749335457076536,FR_calflower,0.816548982,0.000000000,-0.577276156,0.141597380,-0.074698513,0.991592708,-0.105659993,-0.109375730,0.572422827,0.129398230,0.809684016,-0.256208181,0.000000000,0.000000000,0.000000000,1.000000000
1790749335447897558,1790749335,447897558,1790749335457076536,FR_calflower1,0.990848908,-0.000000000,-0.134975704,0.156522937,-0.017465617,0.991592708,-0.128214095,-0.104402345,0.133840924,0.129398230,0.982518552,-0.294319770,0.000000000,0.000000000,0.000000000,1.000000000
1790749335447897558,1790749335,447897558,1790749335457076536,FR_foot,0.786676726,0.000000000,-0.617365151,0.165992581,-0.079885958,0.991592708,-0.101794576,-0.101161363,0.612174782,0.129398230,0.780062904,-0.319155766,0.000000000,0.000000000,0.000000000,1.000000000
1790749335447897558,1790749335,447897558,1790749335457076536,RL_hip,1.000000000,-0.000000000,0.000000000,-0.193400000,0.000000000,0.999869989,0.016124682,0.046500000,-0.000000000,-0.016124682,0.999869989,0.000000000,0.000000000,0.000000000,0.000000000,1.000000000
1790749335447897558,1790749335,447897558,1790749335457076536,RL_thigh,0.711836791,0.000000000,0.702344917,-0.193400000,-0.011325089,0.999869989,0.011478142,0.141987584,-0.702253605,-0.016124682,0.711744244,-0.001539907,0.000000000,0.000000000,0.000000000,1.000000000
1790749335447897558,1790749335,447897558,1790749335457076536,RL_calf,0.758857737,-0.000000000,-0.651256428,-0.342999467,0.010501303,0.999869989,0.012236340,0.139542740,0.651171758,-0.016124682,0.758759077,-0.153141431,0.000000000,0.000000000,0.000000000,1.000000000
1790749335447897558,1790749335,447897558,1790749335457076536,RL_calflower,0.790458617,0.000000000,-0.612515448,-0.231436361,0.009876617,0.999869989,0.012745894,0.137941787,0.612435814,-0.016124682,0.790355849,-0.252414339,0.000000000,0.000000000,0.000000000,1.000000000
1790749335447897558,1790749335,447897558,1790749335457076536,RL_calflower1,0.983979659,0.000000000,-0.178280764,-0.214840330,0.002874721,0.999869989,0.015866359,0.137333186,0.178257585,-0.016124682,0.983851731,-0.290152932,0.000000000,0.000000000,0.000000000,1.000000000
1790749335447897558,1790749335,447897558,1790749335457076536,RL_foot,0.758857737,-0.000000000,-0.651256428,-0.204281848,0.010501303,0.999869989,0.012236340,0.136936399,0.651171758,-0.016124682,0.758759077,-0.314757115,0.000000000,0.000000000,0.000000000,1.000000000
1790749335447897558,1790749335,447897558,1790749335457076536,RR_hip,1.000000000,0.000000000,0.000000000,-0.193400000,0.000000000,0.999923480,-0.012370681,-0.046500000,0.000000000,0.012370681,0.999923480,0.000000000,0.000000000,0.000000000,0.000000000,1.000000000
1790749335447897558,1790749335,447897558,1790749335457076536,RR_thigh,0.741995958,0.000000000,0.670404355,-0.193400000,0.008293358,0.999923480,-0.009178995,-0.141992692,-0.670353055,0.012370681,0.741939180,-0.001181400,0.000000000,0.000000000,0.000000000,1.000000000
1790749335447897558,1790749335,447897558,1790749335457076536,RR_calf,0.752993228,-0.000000000,-0.658028266,-0.336196128,-0.008140258,0.999923480,-0.009315039,-0.140037566,0.657977914,0.012370681,0.752935609,-0.159214445,0.000000000,0.000000000,0.000000000,1.000000000
1790749335447897558,1790749335,447897558,1790749335457076536,RR_calflower,0.784939889,0.000000000,-0.619571926,-0.223748080,-0.007664526,0.999923480,-0.009710241,-0.138821746,0.619524516,0.012370681,0.784879825,-0.257489357,0.000000000,0.000000000,0.000000000,1.000000000
1790749335447897558,1790749335,447897558,1790749335457076536,RR_calflower1,0.982343109,0.000000000,-0.187088258,-0.206814601,-0.002314409,0.999923480,-0.012152253,-0.138356691,0.187073942,0.012370681,0.982267940,-0.295079795,0.000000000,0.000000000,0.000000000,1.000000000
1790749335447897558,1790749335,447897558,1790749335457076536,RR_foot,0.752993228,-0.000000000,-0.658028266,-0.196036107,-0.008140258,0.999923480,-0.009315039,-0.138053463,0.657977914,0.012370681,0.752935609,-0.319589730,0.000000000,0.000000000,0.000000000,1.000000000
1790749335516347267,1790749335,516347267,1790749335523617065,FL_hip,1.000000000,-0.000000000,0.000000000,0.193400000,0.000000000,0.994365425,0.106006613,0.046500000,-0.000000000,-0.106006613,0.994365425,0.000000000,0.000000000,0.000000000,0.000000000,1.000000000
1790749335516347267,1790749335,516347267,1790749335523617065,FL_thigh,0.714994231,-0.000000000,0.699130352,0.193400000,-0.074112441,0.994365425,0.075794117,0.141461898,-0.695191050,-0.106006613,0.710965542,-0.010123632,0.000000000,0.000000000,0.000000000,1.000000000
1790749335516347267,1790749335,516347267,1790749335523617065,FL_calf,0.752523672,0.000000000,-0.658565200,0.044485235,0.069812266,0.994365425,0.079772486,0.125317751,0.654854465,-0.106006613,0.748283521,-0.161559292,0.000000000,0.000000000,0.000000000,1.000000000
1790749335516347267,1790749335,516347267,1790749335523617065,FL_calflower,0.784497755,0.000000000,-0.620131657,0.157003358,0.065738057,0.994365425,0.083161950,0.114907669,0.616637478,-0.106006613,0.780077444,-0.259208164,0.000000000,0.000000000,0.000000000,1.000000000
1790749335516347267,1790749335,516347267,1790749335523617065,FL_calflower1,0.982209411,0.000000000,-0.187788905,0.173963647,0.019906866,0.994365425,0.104120693,0.110923810,0.186730794,-0.106006613,0.976675078,-0.296577636,0.000000000,0.000000000,0.000000000,1.000000000
1790749335516347267,1790749335,516347267,1790749335523617065,FL_foot,0.752523672,0.000000000,-0.658565200,0.184759623,0.069812266,0.994365425,0.079772486,0.108326212,0.654854465,-0.106006613,0.748283521,-0.320943682,0.000000000,0.000000000,0.000000000,1.000000000
1790749335516347267,1790749335,516347267,1790749335523617065,FR_hip,1.000000000,0.000000000,0.000000000,0.193400000,0.000000000,0.991580949,-0.129488303,-0.046500000,0.000000000,0.129488303,0.991580949,0.000000000,0.000000000,0.000000000,0.000000000,1.000000000
1790749335516347267,1790749335,516347267,1790749335523617065,FR_thigh,0.665722099,-0.000000000,0.746199763,0.193400000,0.096624141,0.991580949,-0.086203225,-0.141195981,-0.739917470,0.129488303,0.660117351,-0.012366133,0.000000000,0.000000000,0.000000000,1.000000000
1790749335516347267,1790749335,516347267,1790749335523617065,FR_calf,0.786845745,0.000000000,-0.617149717,0.034459450,-0.079913670,0.991580949,-0.101887320,-0.122834694,0.611953902,0.129488303,0.780221251,-0.152971129,0.000000000,0.000000000,0.000000000,1.000000000
1790749335516347267,1790749335,516347267,1790749335523617065,FR_calflower,0.816707023,0.000000000,-0.577052544,0.141534523,-0.074721555,0.991580949,-0.105754007,-0.109353644,0.572194309,0.129488303,0.809831125,-0.256204796,0.000000000,0.000000000,0.000000000,1.000000000
1790749335516347267,1790749335,516347267,1790749335523617065,FR_calflower1,0.990885831,0.000000000,-0.134704381,0.156449555,-0.017442642,0.991580949,-0.128308125,-0.104376268,0.133570298,0.129488303,0.982543513,-0.294319984,0.000000000,0.000000000,0.000000000,1.000000000
1790749335516347267,1790749335,516347267,1790749335523617065,FR_foot,0.786845745,0.000000000,-0.617149717,0.165912340,-0.079913670,0.991580949,-0.101887320,-0.101132695,0.611953902,0.129488303,0.780221251,-0.319158255,0.000000000,0.000000000,0.000000000,1.000000000
1790749335516347267,1790749335,516347267,1790749335523617065,RL_hip,1.000000000,-0.000000000,0.000000000,-0.193400000,0.000000000,0.999869989,0.016124682,0.046500000,-0.000000000,-0.016124682,0.999869989,0.000000000,0.000000000,0.000000000,0.000000000,1.000000000
1790749335516347267,1790749335,516347267,1790749335523617065,RL_thigh,0.711772989,-0.000000000,0.702409576,-0.193400000,-0.011326131,0.999869989,0.011477113,0.141987584,-0.702318255,-0.016124682,0.711680451,-0.001539907,0.000000000,0.000000000,0.000000000,1.000000000
1790749335516347267,1790749335,516347267,1790749335523617065,RL_calf,0.758927216,0.000000000,-0.651175460,-0.343013240,0.010499997,0.999869989,0.012237460,0.139542959,0.651090800,-0.016124682,0.758828547,-0.153127843,0.000000000,0.000000000,0.000000000,1.000000000
1790749335516347267,1790749335,516347267,1790749335523617065,RL_calflower,0.790523964,-0.000000000,-0.612431109,-0.231460727,0.009875257,0.999869989,0.012746948,0.137941815,0.612351486,-0.016124682,0.790421187,-0.252412652,0.000000000,0.000000000,0.000000000,1.000000000
1790749335516347267,1790749335,516347267,1790749335523617065,RL_calflower1,0.983998675,0.000000000,-0.178175780,-0.214868722,0.002873028,0.999869989,0.015866666,0.137333184,0.178152615,-0.016124682,0.983870744,-0.290153014,0.000000000,0.000000000,0.000000000,1.000000000
1790749335516347267,1790749335,516347267,1790749335523617065,RL_foot,0.758927216,0.000000000,-0.651175460,-0.204312867,0.010499997,0.999869989,0.012237460,0.136936380,0.651090800,-0.016124682,0.758828547,-0.314758324,0.000000000,0.000000000,0.000000000,1.000000000
1790749335516347267,1790749335,516347267,1790749335523617065,RR_hip,1.000000000,0.000000000,0.000000000,-0.193400000,0.000000000,0.999922352,-0.012461506,-0.046500000,0.000000000,0.012461506,0.999922352,0.000000000,0.000000000,0.000000000,0.000000000,1.000000000
1790749335516347267,1790749335,516347267,1790749335523617065,RR_thigh,0.741894453,0.000000000,0.670516682,-0.193400000,0.008355648,0.999922352,-0.009245123,-0.141992585,-0.670464618,0.012461506,0.741836847,-0.001190074,0.000000000,0.000000000,0.000000000,1.000000000
1790749335516347267,1790749335,516347267,1790749335523617065,RR_calf,0.753082489,-0.000000000,-0.657926109,-0.336220053,-0.008198750,0.999922352,-0.009384542,-0.140023374,0.657875022,0.012461506,0.753024014,-0.159201322,0.000000000,0.000000000,0.000000000,1.000000000
1790749335516347267,1790749335,516347267,1790749335523617065,RR_calflower,0.785023933,-0.000000000,-0.619465435,-0.223785339,-0.007719473,0.999922352,-0.009782581,-0.138798436,0.619417335,0.012461506,0.784962977,-0.257491376,0.000000000,0.000000000,0.000000000,1.000000000
1790749335516347267,1790749335,516347267,1790749335523617065,RR_calflower1,0.982368480,-0.000000000,-0.186954991,-0.206856961,-0.002329741,0.999922352,-0.012241791,-0.138329938,0.186940475,0.012461506,0.982292202,-0.295084068,0.000000000,0.000000000,0.000000000,1.000000000
1790749335516347267,1790749335,516347267,1790749335523617065,RR_foot,0.753082489,-0.000000000,-0.657926109,-0.196081792,-0.008198750,0.999922352,-0.009384542,-0.138024466,0.657875022,0.012461506,0.753024014,-0.319595437,0.000000000,0.000000000,0.000000000,1.000000000
1790749336076699167,1790749336,76699167,1790749336090287656,FL_hip,1.000000000,-0.000000000,0.000000000,0.193400000,0.000000000,0.994352579,0.106127039,0.046500000,-0.000000000,-0.106127039,0.994352579,0.000000000,0.000000000,0.000000000,0.000000000,1.000000000
1790749336076699167,1790749336,76699167,1790749336090287656,FL_thigh,0.714697800,0.000000000,0.699433381,0.193400000,-0.074228794,0.994352579,0.075848761,0.141460671,-0.695483387,-0.106127039,0.710661600,-0.010135132,0.000000000,0.000000000,0.000000000,1.000000000
1790749336076699167,1790749336,76699167,1790749336090287656,FL_calf,0.752802776,0.000000000,-0.658246140,0.044420690,0.069857714,0.994352579,0.079892730,0.125304885,0.654528747,-0.106127039,0.748551382,-0.161506053,0.000000000,0.000000000,0.000000000,1.000000000
1790749336076699167,1790749336,76699167,1790749336090287656,FL_calflower,0.784760564,-0.000000000,-0.619799046,0.156897174,0.065777438,0.994352579,0.083284315,0.114877915,0.616298780,-0.106127039,0.780328690,-0.259201083,0.000000000,0.000000000,0.000000000,1.000000000
1790749336076699167,1790749336,76699167,1790749336090287656,FL_calflower1,0.982288928,0.000000000,-0.187372521,0.173841530,0.019885291,0.994352579,0.104247416,0.110888768,0.186314350,-0.106127039,0.976741529,-0.296577218,0.000000000,0.000000000,0.000000000,1.000000000
1790749336076699167,1790749336,76699167,1790749336090287656,FL_foot,0.752802776,0.000000000,-0.658246140,0.184627118,0.069857714,0.994352579,0.079892730,0.108287734,0.654528747,-0.106127039,0.748551382,-0.320947497,0.000000000,0.000000000,0.000000000,1.000000000
1790749336076699167,1790749336,76699167,1790749336090287656,FR_hip,1.000000000,0.000000000,0.000000000,0.193400000,0.000000000,0.991592708,-0.129398230,-0.046500000,0.000000000,0.129398230,0.991592708,0.000000000,0.000000000,0.000000000,0.000000000,1.000000000
1790749336076699167,1790749336,76699167,1790749336090287656,FR_thigh,0.665541325,-0.000000000,0.746361002,0.193400000,0.096577792,0.991592708,-0.086119869,-0.141197104,-0.740086127,0.129398230,0.659945925,-0.012357531,0.000000000,0.000000000,0.000000000,1.000000000
1790749336076699167,1790749336,76699167,1790749336090287656,FR_calf,0.786995216,0.000000000,-0.616959099,0.034425107,-0.079833415,0.991592708,-0.101835788,-0.122853571,0.611772143,0.129398230,0.780378718,-0.152926013,0.000000000,0.000000000,0.000000000,1.000000000
1790749336076699167,1790749336,76699167,1790749336090287656,FR_calflower,0.816846781,0.000000000,-0.576854693,0.141474958,-0.074643976,0.991592708,-0.105698527,-0.109378543,0.572004907,0.129398230,0.809979311,-0.256186620,0.000000000,0.000000000,0.000000000,1.000000000
1790749336076699167,1790749336,76699167,1790749336090287656,FR_calflower1,0.990918432,0.000000000,-0.134464351,0.156380677,-0.017399449,0.991592708,-0.128223091,-0.104404162,0.133333870,0.129398230,0.982587491,-0.294305842,0.000000000,0.000000000,0.000000000,1.000000000
1790749336076699167,1790749336,76699167,1790749336090287656,FR_foot,0.786995216,0.000000000,-0.616959099,0.165837395,-0.079833415,0.991592708,-0.101835788,-0.101162549,0.611772143,0.129398230,0.780378718,-0.319146680,0.000000000,0.000000000,0.000000000,1.000000000
1790749336076699167,1790749336,76699167,1790749336090287656,RL_hip,1.000000000,-0.000000000,0.000000000,-0.193400000,0.000000000,0.999869500,0.016154957,0.046500000,-0.000000000,-0.016154957,0.999869500,0.000000000,0.000000000,0.000000000,0.000000000,1.000000000
1790749336076699167,1790749336,76699167,1790749336090287656,RL_thigh,0.711496487,0.000000000,0.702689654,-0.193400000,-0.011351921,0.999869500,0.011494195,0.141987537,-0.702597953,-0.016154957,0.711403637,-0.001542798,0.000000000,0.000000000,0.000000000,1.000000000
1790749336076699167,1790749336,76699167,1790749336090287656,RL_calf,0.759214243,-0.000000000,-0.650840789,-0.343072896,0.010514305,0.999869500,0.012265074,0.139539274,0.650755855,-0.016154957,0.759115166,-0.153071773,0.000000000,0.000000000,0.000000000,1.000000000
1790749336076699167,1790749336,76699167,1790749336090287656,RL_calflower,0.790793905,0.000000000,-0.612082511,-0.231564175,0.009888167,0.999869500,0.012775242,0.137934329,0.612002634,-0.016154957,0.790690706,-0.252405700,0.000000000,0.000000000,0.000000000,1.000000000
1790749336076699167,1790749336,76699167,1790749336090287656,RL_calflower1,0.984077136,0.000000000,-0.177741922,-0.214988813,0.002871413,0.999869500,0.015897724,0.137324437,0.177718727,-0.016154957,0.983948714,-0.290153355,0.000000000,0.000000000,0.000000000,1.000000000
1790749336076699167,1790749336,76699167,1790749336090287656,RL_foot,0.759214243,-0.000000000,-0.650840789,-0.204443808,0.010514305,0.999869500,0.012265074,0.136926813,0.650755855,-0.016154957,0.759115166,-0.314763303,0.000000000,0.000000000,0.000000000,1.000000000
1790749336076699167,1790749336,76699167,1790749336090287656,RR_hip,1.000000000,0.000000000,0.000000000,-0.193400000,0.000000000,0.999923480,-0.012370681,-0.046500000,0.000000000,0.012370681,0.999923480,0.000000000,0.000000000,0.000000000,0.000000000,1.000000000
1790749336076699167,1790749336,76699167,1790749336090287656,RR_thigh,0.741610149,0.000000000,0.670831117,-0.193400000,0.008298638,0.999923480,-0.009174222,-0.141992692,-0.670779785,0.012370681,0.741553401,-0.001181400,0.000000000,0.000000000,0.000000000,1.000000000
1790749336076699167,1790749336,76699167,1790749336090287656,RR_calf,0.753361322,0.000000000,-0.657606812,-0.336287028,-0.008135044,0.999923480,-0.009319592,-0.140038583,0.657556492,0.012370681,0.753303675,-0.159132274,0.000000000,0.000000000,0.000000000,1.000000000
1790749336076699167,1790749336,76699167,1790749336090287656,RR_calflower,0.785286459,0.000000000,-0.619132601,-0.223893993,-0.007659092,0.999923480,-0.009714528,-0.138821984,0.619085225,0.012370681,0.785226369,-0.257470088,0.000000000,0.000000000,0.000000000,1.000000000
1790749336076699167,1790749336,76699167,1790749336090287656,RR_calflower1,0.982447644,0.000000000,-0.186538540,-0.206981554,-0.002307609,0.999923480,-0.012153546,-0.138356812,0.186524267,0.012370681,0.982372467,-0.295069995,0.000000000,0.000000000,0.000000000,1.000000000
1790749336076699167,1790749336,76699167,1790749336090287656,RR_foot,0.753361322,0.000000000,-0.657606812,-0.196216777,-0.008135044,0.999923480,-0.009319592,-0.138053510,0.657556492,0.012370681,0.753303675,-0.319585957,0.000000000,0.000000000,0.000000000,1.000000000
1790749336089859992,1790749336,89859992,1790749336156963024,FL_hip,1.000000000,-0.000000000,0.000000000,0.193400000,0.000000000,0.994359004,0.106066823,0.046500000,-0.000000000,-0.106066823,0.994359004,0.000000000,0.000000000,0.000000000,0.000000000,1.000000000
1790749336089859992,1790749336,89859992,1790749336156963024,FL_thigh,0.714697800,-0.000000000,0.699433381,0.193400000,-0.074186676,0.994359004,0.075805725,0.141461285,-0.695487881,-0.106066823,0.710666192,-0.010129382,0.000000000,0.000000000,0.000000000,1.000000000
1790749336089859992,1790749336,89859992,1790749336156963024,FL_calf,0.752792339,0.000000000,-0.658258075,0.044420690,0.069819343,0.994359004,0.079846292,0.125314666,0.654544844,-0.106066823,0.748545841,-0.161501281,0.000000000,0.000000000,0.000000000,1.000000000
1790749336089859992,1790749336,89859992,1790749336156963024,FL_calflower,0.784750737,-0.000000000,-0.619811488,0.156898732,0.065741435,0.994359004,0.083236017,0.114893801,0.616315134,-0.106066823,0.780323961,-0.259195168,0.000000000,0.000000000,0.000000000,1.000000000
1790749336089859992,1790749336,89859992,1790749336156963024,FL_calflower1,0.982285957,0.000000000,-0.187388095,0.173843684,0.019875660,0.994359004,0.104187950,0.110906946,0.186331040,-0.106066823,0.976744886,-0.296571278,0.000000000,0.000000000,0.000000000,1.000000000
1790749336089859992,1790749336,89859992,1790749336156963024,FL_foot,0.752792339,0.000000000,-0.658258075,0.184629660,0.069819343,0.994359004,0.079846292,0.108307405,0.654544844,-0.106066823,0.748545841,-0.320941545,0.000000000,0.000000000,0.000000000,1.000000000
1790749336089859992,1790749336,89859992,1790749336156963024,FR_hip,1.000000000,0.000000000,0.000000000,0.193400000,0.000000000,0.991596625,-0.129368205,-0.046500000,0.000000000,0.129368205,0.991596625,0.000000000,0.000000000,0.000000000,0.000000000,1.000000000
1790749336089859992,1790749336,89859992,1790749336156963024,FR_thigh,0.665450923,-0.000000000,0.746441604,0.193400000,0.096565811,0.991596625,-0.086088192,-0.141197478,-0.740168976,0.129368205,0.659858890,-0.012354664,0.000000000,0.000000000,0.000000000,1.000000000
1790749336089859992,1790749336,89859992,1790749336156963024,FR_calf,0.787060228,-0.000000000,-0.616876161,0.034407938,-0.079804162,0.991596625,-0.101820569,-0.122860693,0.611692319,0.129368205,0.780446266,-0.152904607,0.000000000,0.000000000,0.000000000,1.000000000
1790749336089859992,1790749336,89859992,1790749336156963024,FR_calflower,0.816907566,0.000000000,-0.576768610,0.141446815,-0.074615520,0.991596625,-0.105681866,-0.109387332,0.571921807,0.129368205,0.810042785,-0.256176808,0.000000000,0.000000000,0.000000000,1.000000000
1790749336089859992,1790749336,89859992,1790749336156963024,FR_calflower1,0.990932596,-0.000000000,-0.134359927,0.156348483,-0.017381903,0.991596625,-0.128195171,-0.104413902,0.133230850,0.129368205,0.982605418,-0.294297738,0.000000000,0.000000000,0.000000000,1.000000000
1790749336089859992,1790749336,89859992,1790749336156963024,FR_foot,0.787060228,-0.000000000,-0.616876161,0.165802561,-0.079804162,0.991596625,-0.101820569,-0.101172912,0.611692319,0.129368205,0.780446266,-0.319139662,0.000000000,0.000000000,0.000000000,1.000000000
1790749336089859992,1790749336,89859992,1790749336156963024,RL_hip,1.000000000,-0.000000000,0.000000000,-0.193400000,0.000000000,0.999868520,0.016215508,0.046500000,-0.000000000,-0.016215508,0.999868520,0.000000000,0.000000000,0.000000000,0.000000000,1.000000000
1790749336089859992,1790749336,89859992,1790749336156963024,RL_thigh,0.711432653,0.000000000,0.702754281,-0.193400000,-0.011395518,0.999868520,0.011536242,0.141987444,-0.702661883,-0.016215508,0.711339114,-0.001548581,0.000000000,0.000000000,0.000000000,1.000000000
1790749336089859992,1790749336,89859992,1790749336156963024,RL_calf,0.759273361,0.000000000,-0.650771822,-0.343086662,0.010552596,0.999868520,0.012312003,0.139530224,0.650686258,-0.016215508,0.759173531,-0.153063812,0.000000000,0.000000000,0.000000000,1.000000000
1790749336089859992,1790749336,89859992,1790749336156963024,RL_calflower,0.790849502,0.000000000,-0.612010674,-0.231586965,0.009924064,0.999868520,0.012824026,0.137919100,0.611930207,-0.016215508,0.790745521,-0.252407770,0.000000000,0.000000000,0.000000000,1.000000000
1790749336089859992,1790749336,89859992,1790749336156963024,RL_calflower1,0.984093277,0.000000000,-0.177652530,-0.215015033,0.002880726,0.999868520,0.015957572,0.137306898,0.177629172,-0.016215508,0.983963889,-0.290156893,0.000000000,0.000000000,0.000000000,1.000000000
1790749336089859992,1790749336,89859992,1790749336156963024,RL_foot,0.759273361,0.000000000,-0.650771822,-0.204472264,0.010552596,0.999868520,0.012312003,0.136907768,0.650686258,-0.016215508,0.759173531,-0.314767775,0.000000000,0.000000000,0.000000000,1.000000000
1790749336089859992,1790749336,89859992,1790749336156963024,RR_hip,1.000000000,0.000000000,0.000000000,-0.193400000,0.000000000,0.999923480,-0.012370681,-0.046500000,0.000000000,0.012370681,0.999923480,0.000000000,0.000000000,0.000000000,0.000000000,1.000000000
1790749336089859992,1790749336,89859992,1790749336156963024,RR_thigh,0.741589836,0.000000000,0.670853572,-0.193400000,0.008298915,0.999923480,-0.009173971,-0.141992692,-0.670802238,0.012370681,0.741533090,-0.001181400,0.000000000,0.000000000,0.000000000,1.000000000
1790749336089859992,1790749336,89859992,1790749336156963024,RR_calf,0.753381233,-0.000000000,-0.657584000,-0.336291811,-0.008134762,0.999923480,-0.009319839,-0.140038637,0.657533682,0.012370681,0.753323585,-0.159127948,0.000000000,0.000000000,0.000000000,1.000000000
1790749336089859992,1790749336,89859992,1790749336156963024,RR_calflower,0.785305205,-0.000000000,-0.619108823,-0.223901754,-0.007658798,0.999923480,-0.009714760,-0.138821996,0.619061449,0.012370681,0.785245114,-0.257469165,0.000000000,0.000000000,0.000000000,1.000000000
1790749336089859992,1790749336,89859992,1790749336156963024,RR_calflower1,0.982453292,-0.000000000,-0.186508793,-0.206990453,-0.002307241,0.999923480,-0.012153616,-0.138356817,0.186494521,0.012370681,0.982378115,-0.295069584,0.000000000,0.000000000,0.000000000,1.000000000
1790749336089859992,1790749336,89859992,1790749336156963024,RR_foot,0.753381233,-0.000000000,-0.657584000,-0.196226419,-0.008134762,0.999923480,-0.009319839,-0.138053511,0.657533682,0.012370681,0.753323585,-0.319585872,0.000000000,0.000000000,0.000000000,1.000000000
1790749336218595947,1790749336,218595947,1790749336223661584,FL_hip,1.000000000,-0.000000000,0.000000000,0.193400000,0.000000000,0.994349366,0.106157140,0.046500000,-0.000000000,-0.106157140,0.994349366,0.000000000,0.000000000,0.000000000,0.000000000,1.000000000
1790749336218595947,1790749336,218595947,1790749336223661584,FL_thigh,0.714676621,-0.000000000,0.699455022,0.193400000,-0.074252145,0.994349366,0.075868026,0.141460364,-0.695502657,-0.106157140,0.710638245,-0.010138007,0.000000000,0.000000000,0.000000000,1.000000000
1790749336218595947,1790749336,218595947,1790749336223661584,FL_calf,0.752791555,-0.000000000,-0.658258973,0.044416080,0.069878890,0.994349366,0.079914198,0.125300475,0.654539392,-0.106157140,0.748537805,-0.161503953,0.000000000,0.000000000,0.000000000,1.000000000
1790749336218595947,1790749336,218595947,1790749336223661584,FL_calflower,0.784749998,0.000000000,-0.619812424,0.156894239,0.065797514,0.994349366,0.083306815,0.114870751,0.616310091,-0.106157140,0.780315663,-0.259196760,0.000000000,0.000000000,0.000000000,1.000000000
1790749336218595947,1790749336,218595947,1790749336223661584,FL_calflower1,0.982285734,-0.000000000,-0.187389266,0.173839236,0.019892709,0.994349366,0.104276644,0.110880504,0.186330398,-0.106157140,0.976735197,-0.296572488,0.000000000,0.000000000,0.000000000,1.000000000
1790749336218595947,1790749336,218595947,1790749336223661584,FL_foot,0.752791555,-0.000000000,-0.658258973,0.184625242,0.069878890,0.994349366,0.079914198,0.108278751,0.654539392,-0.106157140,0.748537805,-0.320942506,0.000000000,0.000000000,0.000000000,1.000000000
1790749336218595947,1790749336,218595947,1790749336223661584,FR_hip,1.000000000,0.000000000,0.000000000,0.193400000,0.000000000,0.991600542,-0.129338180,-0.046500000,0.000000000,0.129338180,0.991600542,0.000000000,0.000000000,0.000000000,0.000000000,1.000000000
1790749336218595947,1790749336,218595947,1790749336223661584,FR_thigh,0.665541325,0.000000000,0.746361002,0.193400000,0.096532974,0.991600542,-0.086079904,-0.141197852,-0.740091974,0.129338180,0.659951139,-0.012351796,0.000000000,0.000000000,0.000000000,1.000000000
1790749336218595947,1790749336,218595947,1790749336223661584,FR_calf,0.786985508,-0.000000000,-0.616971482,0.034425107,-0.079797969,0.991600542,-0.101787274,-0.122862832,0.611789256,0.129338180,0.780375256,-0.152921389,0.000000000,0.000000000,0.000000000,1.000000000
1790749336218595947,1790749336,218595947,1790749336223661584,FR_calflower,0.816837703,0.000000000,-0.576867547,0.141476596,-0.074610999,0.991600542,-0.105648302,-0.109394275,0.572022172,0.129338180,0.809976709,-0.256181142,0.000000000,0.000000000,0.000000000,1.000000000
1790749336218595947,1790749336,218595947,1790749336223661584,FR_calflower1,0.990916316,-0.000000000,-0.134479944,0.156382921,-0.017393391,0.991600542,-0.128163313,-0.104422233,0.133350385,0.129338180,0.982593156,-0.294300432,0.000000000,0.000000000,0.000000000,1.000000000
1790749336218595947,1790749336,218595947,1790749336223661584,FR_foot,0.786985508,-0.000000000,-0.616971482,0.165840032,-0.079797969,0.991600542,-0.101787274,-0.101182143,0.611789256,0.129338180,0.780375256,-0.319141318,0.000000000,0.000000000,0.000000000,1.000000000
1790749336218595947,1790749336,218595947,1790749336223661584,RL_hip,1.000000000,-0.000000000,0.000000000,-0.193400000,0.000000000,0.999869500,0.016154957,0.046500000,-0.000000000,-0.016154957,0.999869500,0.000000000,0.000000000,0.000000000,0.000000000,1.000000000
1790749336218595947,1790749336,218595947,1790749336223661584,RL_thigh,0.711496487,0.000000000,0.702689654,-0.193400000,-0.011351921,0.999869500,0.011494195,0.141987537,-0.702597953,-0.016154957,0.711403637,-0.001542798,0.000000000,0.000000000,0.000000000,1.000000000
1790749336218595947,1790749336,218595947,1790749336223661584,RL_calf,0.759224562,-0.000000000,-0.650828752,-0.343072896,0.010514111,0.999869500,0.012265240,0.139539274,0.650743819,-0.016154957,0.759125483,-0.153071773,0.000000000,0.000000000,0.000000000,1.000000000
1790749336218595947,1790749336,218595947,1790749336223661584,RL_calflower,0.790803609,-0.000000000,-0.612069973,-0.231565750,0.009887964,0.999869500,0.012775399,0.137934300,0.611990098,-0.016154957,0.790700410,-0.252407468,0.000000000,0.000000000,0.000000000,1.000000000
1790749336218595947,1790749336,218595947,1790749336223661584,RL_calflower1,0.984079954,-0.000000000,-0.177726319,-0.214990987,0.002871161,0.999869500,0.015897770,0.137324405,0.177703126,-0.016154957,0.983951531,-0.290155386,0.000000000,0.000000000,0.000000000,1.000000000
1790749336218595947,1790749336,218595947,1790749336223661584,RL_foot,0.759224562,-0.000000000,-0.650828752,-0.204446372,0.010514111,0.999869500,0.012265240,0.136926777,0.650743819,-0.016154957,0.759125483,-0.314765501,0.000000000,0.000000000,0.000000000,1.000000000
1790749336218595947,1790749336,218595947,1790749336223661584,RR_hip,1.000000000,0.000000000,0.000000000,-0.193400000,0.000000000,0.999922729,-0.012431231,-0.046500000,0.000000000,0.012431231,0.999922729,0.000000000,0.000000000,0.000000000,0.000000000,1.000000000
1790749336218595947,1790749336,218595947,1790749336223661584,RR_thigh,0.741589836,-0.000000000,0.670853572,-0.193400000,0.008339535,0.999922729,-0.009218874,-0.141992621,-0.670801735,0.012431231,0.741532533,-0.001187183,0.000000000,0.000000000,0.000000000,1.000000000
1790749336218595947,1790749336,218595947,1790749336223661584,RR_calf,0.753381233,0.000000000,-0.657584000,-0.336291811,-0.008174578,0.999922729,-0.009365456,-0.140029000,0.657533188,0.012431231,0.753323019,-0.159133612,0.000000000,0.000000000,0.000000000,1.000000000
1790749336218595947,1790749336,218595947,1790749336223661584,RR_calflower,0.785305205,-0.000000000,-0.619108823,-0.223901754,-0.007696285,0.999922729,-0.009762310,-0.138806405,0.619060984,0.012431231,0.785244524,-0.257474755,0.000000000,0.000000000,0.000000000,1.000000000
1790749336218595947,1790749336,218595947,1790749336223661584,RR_calflower1,0.982453292,0.000000000,-0.186508793,-0.206990453,-0.002318534,0.999922729,-0.012213103,-0.138338949,0.186494381,0.012431231,0.982377377,-0.295075146,0.000000000,0.000000000,0.000000000,1.000000000
1790749336218595947,1790749336,218595947,1790749336223661584,RR_foot,0.753381233,0.000000000,-0.657584000,-0.196226419,-0.008174578,0.999922729,-0.009365456,-0.138034158,0.657533188,0.012431231,0.753323019,-0.319591415,0.000000000,0.000000000,0.000000000,1.000000000
1790749336250903420,1790749336,250903420,1790749336257003083,FL_hip,1.000000000,-0.000000000,0.000000000,0.193400000,0.000000000,0.994352579,0.106127039,0.046500000,-0.000000000,-0.106127039,0.994352579,0.000000000,0.000000000,0.000000000,0.000000000,1.000000000
1790749336250903420,1790749336,250903420,1790749336257003083,FL_thigh,0.714655442,-0.000000000,0.699476661,0.193400000,-0.074233387,0.994352579,0.075844266,0.141460671,-0.695526422,-0.106127039,0.710619482,-0.010135132,0.000000000,0.000000000,0.000000000,1.000000000
1790749336250903420,1790749336,250903420,1790749336257003083,FL_calf,0.752832201,0.000000000,-0.658212486,0.044411471,0.069854142,0.994352579,0.079895853,0.125305843,0.654495283,-0.106127039,0.748580641,-0.161497082,0.000000000,0.000000000,0.000000000,1.000000000
1790749336250903420,1790749336,250903420,1790749336257003083,FL_calflower,0.784788270,0.000000000,-0.619763964,0.156883563,0.065773715,0.994352579,0.083287256,0.114878339,0.616263896,-0.106127039,0.780356240,-0.259197111,0.000000000,0.000000000,0.000000000,1.000000000
1790749336250903420,1790749336,250903420,1790749336257003083,FL_calflower1,0.982297303,0.000000000,-0.187328609,0.173826239,0.019880631,0.994352579,0.104248304,0.110889112,0.186270686,-0.106127039,0.976749857,-0.296574000,0.000000000,0.000000000,0.000000000,1.000000000
1790749336250903420,1790749336,250903420,1790749336257003083,FL_foot,0.752832201,0.000000000,-0.658212486,0.184610731,0.069854142,0.994352579,0.079895853,0.108288026,0.654495283,-0.106127039,0.748580641,-0.320944758,0.000000000,0.000000000,0.000000000,1.000000000
1790749336250903420,1790749336,250903420,1790749336257003083,FR_hip,1.000000000,0.000000000,0.000000000,0.193400000,0.000000000,0.991604458,-0.129308155,-0.046500000,0.000000000,0.129308155,0.991604458,0.000000000,0.000000000,0.000000000,0.000000000,1.000000000
1790749336250903420,1790749336,250903420,1790749336257003083,FR_thigh,0.665473525,-0.000000000,0.746421455,0.193400000,0.096518382,0.991604458,-0.086051154,-0.141198226,-0.740154842,0.129308155,0.659886514,-0.012348929,0.000000000,0.000000000,0.000000000,1.000000000
1790749336250903420,1790749336,250903420,1790749336257003083,FR_calf,0.787031768,0.000000000,-0.616912470,0.034412230,-0.079771814,0.991604458,-0.101769626,-0.122869330,0.611733156,0.129308155,0.780424210,-0.152904756,0.000000000,0.000000000,0.000000000,1.000000000
1790749336250903420,1790749336,250903420,1790749336257003083,FR_calflower,0.816880956,0.000000000,-0.576806297,0.141455911,-0.074585758,0.991604458,-0.105629370,-0.109402862,0.571963695,0.129308155,0.810022798,-0.256172876,0.000000000,0.000000000,0.000000000,1.000000000
1790749336250903420,1790749336,250903420,1790749336257003083,FR_calflower1,0.990926397,0.000000000,-0.134405642,0.156359353,-0.017379746,0.991604458,-0.128134865,-0.104431829,0.133277234,0.129308155,0.982607032,-0.294293425,0.000000000,0.000000000,0.000000000,1.000000000
1790749336250903420,1790749336,250903420,1790749336257003083,FR_foot,0.787031768,0.000000000,-0.616912470,0.165814586,-0.079771814,0.991604458,-0.101769626,-0.101192400,0.611733156,0.129308155,0.780424210,-0.319135113,0.000000000,0.000000000,0.000000000,1.000000000
1790749336250903420,1790749336,250903420,1790749336257003083,RL_hip,1.000000000,-0.000000000,0.000000000,-0.193400000,0.000000000,0.999869500,0.016154957,0.046500000,-0.000000000,-0.016154957,0.999869500,0.000000000,0.000000000,0.000000000,0.000000000,1.000000000
1790749336250903420,1790749336,250903420,1790749336257003083,RL_thigh,0.711475210,-0.000000000,0.702711197,-0.193400000,-0.011352269,0.999869500,0.011493852,0.141987537,-0.702619493,-0.016154957,0.711382362,-0.001542798,0.000000000,0.000000000,0.000000000,1.000000000
1790749336250903420,1790749336,250903420,1790749336257003083,RL_calf,0.759233950,-0.000000000,-0.650817801,-0.343077485,0.010513934,0.999869500,0.012265392,0.139539347,0.650732869,-0.016154957,0.759134870,-0.153067242,0.000000000,0.000000000,0.000000000,1.000000000
1790749336250903420,1790749336,250903420,1790749336257003083,RL_calflower,0.790812438,0.000000000,-0.612058566,-0.231571771,0.009887780,0.999869500,0.012775541,0.137934348,0.611978692,-0.016154957,0.790709237,-0.252404545,0.000000000,0.000000000,0.000000000,1.000000000
1790749336250903420,1790749336,250903420,1790749336257003083,RL_calflower1,0.984082517,0.000000000,-0.177712125,-0.214997553,0.002870932,0.999869500,0.015897811,0.137324448,0.177688933,-0.016154957,0.983954095,-0.290152701,0.000000000,0.000000000,0.000000000,1.000000000
1790749336250903420,1790749336,250903420,1790749336257003083,RL_foot,0.759233950,-0.000000000,-0.650817801,-0.204453293,0.010513934,0.999869500,0.012265392,0.136926818,0.650732869,-0.016154957,0.759134870,-0.314762969,0.000000000,0.000000000,0.000000000,1.000000000
1790749336250903420,1790749336,250903420,1790749336257003083,RR_hip,1.000000000,0.000000000,0.000000000,-0.193400000,0.000000000,0.999923480,-0.012370681,-0.046500000,0.000000000,0.012370681,0.999923480,0.000000000,0.000000000,0.000000000,0.000000000,1.000000000
1790749336250903420,1790749336,250903420,1790749336257003083,RR_thigh,0.741589836,0.000000000,0.670853572,-0.193400000,0.008298915,0.999923480,-0.009173971,-0.141992692,-0.670802238,0.012370681,0.741533090,-0.001181400,0.000000000,0.000000000,0.000000000,1.000000000
1790749336250903420,1790749336,250903420,1790749336257003083,RR_calf,0.753402006,0.000000000,-0.657560200,-0.336291811,-0.008134467,0.999923480,-0.009320096,-0.140038637,0.657509884,0.012370681,0.753344356,-0.159127948,0.000000000,0.000000000,0.000000000,1.000000000
1790749336250903420,1790749336,250903420,1790749336257003083,RR_calflower,0.785324763,-0.000000000,-0.619084015,-0.223904861,-0.007658491,0.999923480,-0.009715002,-0.138821952,0.619036643,0.012370681,0.785264670,-0.257472715,0.000000000,0.000000000,0.000000000,1.000000000
1790749336250903420,1790749336,250903420,1790749336257003083,RR_calflower1,0.982459183,-0.000000000,-0.186477756,-0.206994748,-0.002306857,0.999923480,-0.012153689,-0.138356767,0.186463487,0.012370681,0.982384005,-0.295073668,0.000000000,0.000000000,0.000000000,1.000000000
1790749336250903420,1790749336,250903420,1790749336257003083,RR_foot,0.753402006,0.000000000,-0.657560200,-0.196231488,-0.008134467,0.999923480,-0.009320096,-0.138053456,0.657509884,0.012370681,0.753344356,-0.319590296,0.000000000,0.000000000,0.000000000,1.000000000
1790749336296618793,1790749336,296618793,1790749336323615738,FL_hip,1.000000000,-0.000000000,0.000000000,0.193400000,0.000000000,0.994352579,0.106127039,0.046500000,-0.000000000,-0.106127039,0.994352579,0.000000000,0.000000000,0.000000000,0.000000000,1.000000000
1790749336296618793,1790749336,296618793,1790749336323615738,FL_thigh,0.714676621,-0.000000000,0.699455022,0.193400000,-0.074231090,0.994352579,0.075846514,0.141460671,-0.695504905,-0.106127039,0.710640541,-0.010135132,0.000000000,0.000000000,0.000000000,1.000000000
1790749336296618793,1790749336,296618793,1790749336323615738,FL_calf,0.752801913,0.000000000,-0.658247127,0.044416080,0.069857819,0.994352579,0.079892638,0.125305364,0.654529728,-0.106127039,0.748550523,-0.161501568,0.000000000,0.000000000,0.000000000,1.000000000
1790749336296618793,1790749336,296618793,1790749336323615738,FL_calflower,0.784759751,-0.000000000,-0.619800075,0.156892693,0.065777547,0.994352579,0.083284229,0.114878410,0.616299803,-0.106127039,0.780327882,-0.259196450,0.000000000,0.000000000,0.000000000,1.000000000
1790749336296618793,1790749336,296618793,1790749336323615738,FL_calflower1,0.982288682,0.000000000,-0.187373809,0.173837099,0.019885428,0.994352579,0.104247390,0.110889265,0.186315630,-0.106127039,0.976741285,-0.296572564,0.000000000,0.000000000,0.000000000,1.000000000
1790749336296618793,1790749336,296618793,1790749336323615738,FL_foot,0.752801913,0.000000000,-0.658247127,0.184622718,0.069857819,0.994352579,0.079892638,0.108288232,0.654529728,-0.106127039,0.748550523,-0.320942829,0.000000000,0.000000000,0.000000000,1.000000000
1790749336296618793,1790749336,296618793,1790749336323615738,FR_hip,1.000000000,0.000000000,0.000000000,0.193400000,0.000000000,0.991596625,-0.129368205,-0.046500000,0.000000000,0.129368205,0.991596625,0.000000000,0.000000000,0.000000000,0.000000000,1.000000000
1790749336296618793,1790749336,296618793,1790749336323615738,FR_thigh,0.665496125,-0.000000000,0.746401304,0.193400000,0.096560597,0.991596625,-0.086094039,-0.141197478,-0.740129015,0.129368205,0.659903712,-0.012354664,0.000000000,0.000000000,0.000000000,1.000000000
1790749336296618793,1790749336,296618793,1790749336323615738,FR_calf,0.787013088,0.000000000,-0.616936301,0.034416522,-0.079811942,0.991596625,-0.101814471,-0.122859447,0.611751954,0.129368205,0.780399522,-0.152914154,0.000000000,0.000000000,0.000000000,1.000000000
1790749336296618793,1790749336,296618793,1790749336323615738,FR_calflower,0.816863490,0.000000000,-0.576831031,0.141463356,-0.074623595,0.991596625,-0.105676164,-0.109387145,0.571983703,0.129368205,0.809999081,-0.256178244,0.000000000,0.000000000,0.000000000,1.000000000
1790749336296618793,1790749336,296618793,1790749336323615738,FR_calflower1,0.990922326,0.000000000,-0.134435646,0.156367963,-0.017391698,0.991596625,-0.128193843,-0.104413862,0.133305933,0.129368205,0.982595235,-0.294298045,0.000000000,0.000000000,0.000000000,1.000000000
1790749336296618793,1790749336,296618793,1790749336323615738,FR_foot,0.787013088,0.000000000,-0.616936301,0.165823954,-0.079811942,0.991596625,-0.101814471,-0.101172965,0.611751954,0.129368205,0.780399522,-0.319139253,0.000000000,0.000000000,0.000000000,1.000000000
1790749336296618793,1790749336,296618793,1790749336323615738,RL_hip,1.000000000,-0.000000000,0.000000000,-0.193400000,0.000000000,0.999869989,0.016124682,0.046500000,-0.000000000,-0.016124682,0.999869989,0.000000000,0.000000000,0.000000000,0.000000000,1.000000000
1790749336296618793,1790749336,296618793,1790749336323615738,RL_thigh,0.711475210,0.000000000,0.702711197,-0.193400000,-0.011330995,0.999869989,0.011472312,0.141987584,-0.702619836,-0.016124682,0.711382710,-0.001539907,0.000000000,0.000000000,0.000000000,1.000000000
1790749336296618793,1790749336,296618793,1790749336323615738,RL_calf,0.759254509,0.000000000,-0.650793816,-0.343077485,0.010493843,0.999869989,0.012242738,0.139543982,0.650709205,-0.016124682,0.759155797,-0.153064424,0.000000000,0.000000000,0.000000000,1.000000000
1790749336296618793,1790749336,296618793,1790749336323615738,RL_calflower,0.790831773,-0.000000000,-0.612033583,-0.231574910,0.009868847,0.999869989,0.012751911,0.137941933,0.611954012,-0.016124682,0.790728956,-0.252405298,0.000000000,0.000000000,0.000000000,1.000000000
1790749336296618793,1790749336,296618793,1790749336323615738,RL_calflower1,0.984088131,0.000000000,-0.177681037,-0.215001884,0.002865050,0.999869989,0.015868108,0.137333168,0.177657937,-0.016124682,0.983960188,-0.290153997,0.000000000,0.000000000,0.000000000,1.000000000
1790749336296618793,1790749336,296618793,1790749336323615738,RL_foot,0.759254509,0.000000000,-0.650793816,-0.204458402,0.010493843,0.999869989,0.012242738,0.136936278,0.650709205,-0.016124682,0.759155797,-0.314764609,0.000000000,0.000000000,0.000000000,1.000000000
1790749336296618793,1790749336,296618793,1790749336323615738,RR_hip,1.000000000,0.000000000,0.000000000,-0.193400000,0.000000000,0.999922352,-0.012461506,-0.046500000,0.000000000,0.012461506,0.999922352,0.000000000,0.000000000,0.000000000,0.000000000,1.000000000
1790749336296618793,1790749336,296618793,1790749336323615738,RR_thigh,0.741569523,0.000000000,0.670876026,-0.193400000,0.008360126,0.999922352,-0.009241073,-0.141992585,-0.670823934,0.012461506,0.741511942,-0.001190074,0.000000000,0.000000000,0.000000000,1.000000000
1790749336296618793,1790749336,296618793,1790749336323615738,RR_calf,0.753411491,0.000000000,-0.657549333,-0.336296594,-0.008194055,0.999922352,-0.009388642,-0.140024236,0.657498276,0.012461506,0.753352991,-0.159132117,0.000000000,0.000000000,0.000000000,1.000000000
1790749336296618793,1790749336,296618793,1790749336323615738,RR_calflower,0.785333692,-0.000000000,-0.619072687,-0.223911063,-0.007714578,0.999922352,-0.009786441,-0.138798598,0.619024617,0.012461506,0.785272713,-0.257478395,0.000000000,0.000000000,0.000000000,1.000000000
1790749336296618793,1790749336,296618793,1790749336323615738,RR_calflower1,0.982461873,0.000000000,-0.186463585,-0.207001492,-0.002323617,0.999922352,-0.012242955,-0.138329995,0.186449107,0.012461506,0.982385587,-0.295079549,0.000000000,0.000000000,0.000000000,1.000000000
1790749336296618793,1790749336,296618793,1790749336323615738,RR_foot,0.753411491,0.000000000,-0.657549333,-0.196238586,-0.008194055,0.999922352,-0.009388642,-0.138024455,0.657498276,0.012461506,0.753352991,-0.319596304,0.000000000,0.000000000,0.000000000,1.000000000
1790749336364865276,1790749336,364865276,1790749336390225243,FL_hip,1.000000000,-0.000000000,0.000000000,0.193400000,0.000000000,0.994352579,0.106127039,0.046500000,-0.000000000,-0.106127039,0.994352579,0.000000000,0.000000000,0.000000000,0.000000000,1.000000000
1790749336364865276,1790749336,364865276,1790749336390225243,FL_thigh,0.714676621,-0.000000000,0.699455022,0.193400000,-0.074231090,0.994352579,0.075846514,0.141460671,-0.695504905,-0.106127039,0.710640541,-0.010135132,0.000000000,0.000000000,0.000000000,1.000000000
1790749336364865276,1790749336,364865276,1790749336390225243,FL_calf,0.752801913,0.000000000,-0.658247127,0.044416080,0.069857819,0.994352579,0.079892638,0.125305364,0.654529728,-0.106127039,0.748550523,-0.161501568,0.000000000,0.000000000,0.000000000,1.000000000
1790749336364865276,1790749336,364865276,1790749336390225243,FL_calflower,0.784759751,-0.000000000,-0.619800075,0.156892693,0.065777547,0.994352579,0.083284229,0.114878410,0.616299803,-0.106127039,0.780327882,-0.259196450,0.000000000,0.000000000,0.000000000,1.000000000
1790749336364865276,1790749336,364865276,1790749336390225243,FL_calflower1,0.982288682,0.000000000,-0.187373809,0.173837099,0.019885428,0.994352579,0.104247390,0.110889265,0.186315630,-0.106127039,0.976741285,-0.296572564,0.000000000,0.000000000,0.000000000,1.000000000
1790749336364865276,1790749336,364865276,1790749336390225243,FL_foot,0.752801913,0.000000000,-0.658247127,0.184622718,0.069857819,0.994352579,0.079892638,0.108288232,0.654529728,-0.106127039,0.748550523,-0.320942829,0.000000000,0.000000000,0.000000000,1.000000000
1790749336364865276,1790749336,364865276,1790749336390225243,FR_hip,1.000000000,0.000000000,0.000000000,0.193400000,0.000000000,0.991596625,-0.129368205,-0.046500000,0.000000000,0.129368205,0.991596625,0.000000000,0.000000000,0.000000000,0.000000000,1.000000000
1790749336364865276,1790749336,364865276,1790749336390225243,FR_thigh,0.665496125,-0.000000000,0.746401304,0.193400000,0.096560597,0.991596625,-0.086094039,-0.141197478,-0.740129015,0.129368205,0.659903712,-0.012354664,0.000000000,0.000000000,0.000000000,1.000000000
1790749336364865276,1790749336,364865276,1790749336390225243,FR_calf,0.787013088,0.000000000,-0.616936301,0.034416522,-0.079811942,0.991596625,-0.101814471,-0.122859447,0.611751954,0.129368205,0.780399522,-0.152914154,0.000000000,0.000000000,0.000000000,1.000000000
1790749336364865276,1790749336,364865276,1790749336390225243,FR_calflower,0.816863490,0.000000000,-0.576831031,0.141463356,-0.074623595,0.991596625,-0.105676164,-0.109387145,0.571983703,0.129368205,0.809999081,-0.256178244,0.000000000,0.000000000,0.000000000,1.000000000
1790749336364865276,1790749336,364865276,1790749336390225243,FR_calflower1,0.990922326,0.000000000,-0.134435646,0.156367963,-0.017391698,0.991596625,-0.128193843,-0.104413862,0.133305933,0.129368205,0.982595235,-0.294298045,0.000000000,0.000000000,0.000000000,1.000000000
1790749336364865276,1790749336,364865276,1790749336390225243,FR_foot,0.787013088,0.000000000,-0.616936301,0.165823954,-0.079811942,0.991596625,-0.101814471,-0.101172965,0.611751954,0.129368205,0.780399522,-0.319139253,0.000000000,0.000000000,0.000000000,1.000000000
1790749336364865276,1790749336,364865276,1790749336390225243,RL_hip,1.000000000,-0.000000000,0.000000000,-0.193400000,0.000000000,0.999869011,0.016185233,0.046500000,-0.000000000,-0.016185233,0.999869011,0.000000000,0.000000000,0.000000000,0.000000000,1.000000000
1790749336364865276,1790749336,364865276,1790749336390225243,RL_thigh,0.711475210,-0.000000000,0.702711197,-0.193400000,-0.011373544,0.999869011,0.011515392,0.141987491,-0.702619149,-0.016185233,0.711382014,-0.001545690,0.000000000,0.000000000,0.000000000,1.000000000
1790749336364865276,1790749336,364865276,1790749336390225243,RL_calf,0.759233950,0.000000000,-0.650817801,-0.343077485,0.010533637,0.999869011,0.012288378,0.139534712,0.650732550,-0.016185233,0.759134498,-0.153070059,0.000000000,0.000000000,0.000000000,1.000000000
1790749336364865276,1790749336,364865276,1790749336390225243,RL_calflower,0.790812438,0.000000000,-0.612058566,-0.231571771,0.009906310,0.999869011,0.012799483,0.137926705,0.611978393,-0.016185233,0.790708850,-0.252407313,0.000000000,0.000000000,0.000000000,1.000000000
1790749336364865276,1790749336,364865276,1790749336390225243,RL_calflower1,0.984082517,0.000000000,-0.177712125,-0.214997553,0.002876312,0.999869011,0.015927604,0.137315662,0.177688846,-0.016185233,0.983953613,-0.290155451,0.000000000,0.000000000,0.000000000,1.000000000
1790749336364865276,1790749336,364865276,1790749336390225243,RL_foot,0.759233950,0.000000000,-0.650817801,-0.204453293,0.010533637,0.999869011,0.012288378,0.136917288,0.650732550,-0.016185233,0.759134498,-0.314765707,0.000000000,0.000000000,0.000000000,1.000000000
1790749336364865276,1790749336,364865276,1790749336390225243,RR_hip,1.000000000,0.000000000,0.000000000,-0.193400000,0.000000000,0.999923480,-0.012370681,-0.046500000,0.000000000,0.012370681,0.999923480,0.000000000,0.000000000,0.000000000,0.000000000,1.000000000
1790749336364865276,1790749336,364865276,1790749336390225243,RR_thigh,0.741610149,0.000000000,0.670831117,-0.193400000,0.008298638,0.999923480,-0.009174222,-0.141992692,-0.670779785,0.012370681,0.741553401,-0.001181400,0.000000000,0.000000000,0.000000000,1.000000000
1790749336364865276,1790749336,364865276,1790749336390225243,RR_calf,0.753350896,0.000000000,-0.657618756,-0.336287028,-0.008135192,0.999923480,-0.009319463,-0.140038583,0.657568435,0.012370681,0.753293249,-0.159132274,0.000000000,0.000000000,0.000000000,1.000000000
1790749336364865276,1790749336,364865276,1790749336390225243,RR_calflower,0.785276642,0.000000000,-0.619145052,-0.223892434,-0.007659246,0.999923480,-0.009714407,-0.138822006,0.619097675,0.012370681,0.785216553,-0.257468307,0.000000000,0.000000000,0.000000000,1.000000000
1790749336364865276,1790749336,364865276,1790749336390225243,RR_calflower1,0.982444686,0.000000000,-0.186554117,-0.206979398,-0.002307801,0.999923480,-0.012153509,-0.138356838,0.186539842,0.012370681,0.982369510,-0.295067945,0.000000000,0.000000000,0.000000000,1.000000000
1790749336364865276,1790749336,364865276,1790749336390225243,RR_foot,0.753350896,0.000000000,-0.657618756,-0.196214233,-0.008135192,0.999923480,-0.009319463,-0.138053537,0.657568435,0.012370681,0.753293249,-0.319583736,0.000000000,0.000000000,0.000000000,1.000000000
1790749336435053089,1790749336,435053089,1790749336457020980,FL_hip,1.000000000,-0.000000000,0.000000000,0.193400000,0.000000000,0.994355792,0.106096931,0.046500000,-0.000000000,-0.106096931,0.994355792,0.000000000,0.000000000,0.000000000,0.000000000,1.000000000
1790749336435053089,1790749336,435053089,1790749336457020980,FL_thigh,0.714676621,0.000000000,0.699455022,0.193400000,-0.074210031,0.994355792,0.075824996,0.141460978,-0.695507152,-0.106096931,0.710642838,-0.010132257,0.000000000,0.000000000,0.000000000,1.000000000
1790749336435053089,1790749336,435053089,1790749336457020980,FL_calf,0.752812271,0.000000000,-0.658235281,0.044416080,0.069836743,0.994355792,0.079871072,0.125310254,0.654520064,-0.106096931,0.748563242,-0.161499181,0.000000000,0.000000000,0.000000000,1.000000000
1790749336435053089,1790749336,435053089,1790749336457020980,FL_calflower,0.784769504,-0.000000000,-0.619787726,0.156891147,0.065757576,0.994355792,0.083261636,0.114886070,0.616289516,-0.106096931,0.780340102,-0.259196140,0.000000000,0.000000000,0.000000000,1.000000000
1790749336435053089,1790749336,435053089,1790749336457020980,FL_calflower1,0.982291631,0.000000000,-0.187358352,0.173834961,0.019878146,0.994355792,0.104218127,0.110898029,0.186300863,-0.106096931,0.976747373,-0.296572639,0.000000000,0.000000000,0.000000000,1.000000000
1790749336435053089,1790749336,435053089,1790749336457020980,FL_foot,0.752812271,0.000000000,-0.658235281,0.184620195,0.069836743,0.994355792,0.079871072,0.108297716,0.654520064,-0.106096931,0.748563242,-0.320943152,0.000000000,0.000000000,0.000000000,1.000000000
1790749336435053089,1790749336,435053089,1790749336457020980,FR_hip,1.000000000,0.000000000,0.000000000,0.193400000,0.000000000,0.991604458,-0.129308155,-0.046500000,0.000000000,0.129308155,0.991604458,0.000000000,0.000000000,0.000000000,0.000000000,1.000000000
1790749336435053089,1790749336,435053089,1790749336457020980,FR_thigh,0.665518725,0.000000000,0.746381153,0.193400000,0.096513170,0.991604458,-0.086056999,-0.141198226,-0.740114879,0.129308155,0.659931335,-0.012348929,0.000000000,0.000000000,0.000000000,1.000000000
1790749336435053089,1790749336,435053089,1790749336457020980,FR_calf,0.786994407,0.000000000,-0.616960131,0.034420814,-0.079777977,0.991604458,-0.101764795,-0.122868085,0.611780416,0.129308155,0.780387163,-0.152914303,0.000000000,0.000000000,0.000000000,1.000000000
1790749336435053089,1790749336,435053089,1790749336457020980,FR_calflower,0.816846024,0.000000000,-0.576855764,0.141470802,-0.074592155,0.991604458,-0.105624853,-0.109402455,0.572012748,0.129308155,0.809988159,-0.256175995,0.000000000,0.000000000,0.000000000,1.000000000
1790749336435053089,1790749336,435053089,1790749336457020980,FR_calflower1,0.990918255,0.000000000,-0.134465651,0.156376572,-0.017387505,0.991604458,-0.128133812,-0.104431539,0.133336739,0.129308155,0.982598959,-0.294295649,0.000000000,0.000000000,0.000000000,1.000000000
1790749336435053089,1790749336,435053089,1790749336457020980,FR_foot,0.786994407,0.000000000,-0.616960131,0.165833322,-0.079777977,0.991604458,-0.101764795,-0.101192184,0.611780416,0.129308155,0.780387163,-0.319136769,0.000000000,0.000000000,0.000000000,1.000000000
1790749336435053089,1790749336,435053089,1790749336457020980,RL_hip,1.000000000,-0.000000000,0.000000000,-0.193400000,0.000000000,0.999868520,0.016215508,0.046500000,-0.000000000,-0.016215508,0.999868520,0.000000000,0.000000000,0.000000000,0.000000000,1.000000000
1790749336435053089,1790749336,435053089,1790749336457020980,RL_thigh,0.711475210,0.000000000,0.702711197,-0.193400000,-0.011394819,0.999868520,0.011536932,0.141987444,-0.702618804,-0.016215508,0.711381665,-0.001548581,0.000000000,0.000000000,0.000000000,1.000000000
1790749336435053089,1790749336,435053089,1790749336457020980,RL_calf,0.759244268,-0.000000000,-0.650805763,-0.343077485,0.010553146,0.999868520,0.012311531,0.139530077,0.650720195,-0.016215508,0.759144443,-0.153072876,0.000000000,0.000000000,0.000000000,1.000000000
1790749336435053089,1790749336,435053089,1790749336457020980,RL_calflower,0.790822142,0.000000000,-0.612046028,-0.231573347,0.009924637,0.999868520,0.012823583,0.137919033,0.611965556,-0.016215508,0.790718165,-0.252411849,0.000000000,0.000000000,0.000000000,1.000000000
1790749336435053089,1790749336,435053089,1790749336457020980,RL_calflower1,0.984085335,-0.000000000,-0.177696522,-0.214999727,0.002881439,0.999868520,0.015957443,0.137306844,0.177673159,-0.016215508,0.983955947,-0.290160231,0.000000000,0.000000000,0.000000000,1.000000000
1790749336435053089,1790749336,435053089,1790749336457020980,RL_foot,0.759244268,-0.000000000,-0.650805763,-0.204455857,0.010553146,0.999868520,0.012311531,0.136907721,0.650720195,-0.016215508,0.759144443,-0.314770642,0.000000000,0.000000000,0.000000000,1.000000000
1790749336435053089,1790749336,435053089,1790749336457020980,RR_hip,1.000000000,0.000000000,0.000000000,-0.193400000,0.000000000,0.999924227,-0.012310131,-0.046500000,0.000000000,0.012310131,0.999924227,0.000000000,0.000000000,0.000000000,0.000000000,1.000000000
1790749336435053089,1790749336,435053089,1790749336457020980,RR_thigh,0.741610149,0.000000000,0.670831117,-0.193400000,0.008258019,0.999924227,-0.009129318,-0.141992764,-0.670780286,0.012310131,0.741553955,-0.001175617,0.000000000,0.000000000,0.000000000,1.000000000
1790749336435053089,1790749336,435053089,1790749336457020980,RR_calf,0.753371670,-0.000000000,-0.657594957,-0.336287028,-0.008095080,0.999924227,-0.009274104,-0.140048219,0.657545129,0.012310131,0.753314585,-0.159126610,0.000000000,0.000000000,0.000000000,1.000000000
1790749336435053089,1790749336,435053089,1790749336457020980,RR_calflower,0.785296201,0.000000000,-0.619120244,-0.223895541,-0.007621451,0.999924227,-0.009667099,-0.138837553,0.619073332,0.012310131,0.785236697,-0.257466266,0.000000000,0.000000000,0.000000000,1.000000000
1790749336435053089,1790749336,435053089,1790749336457020980,RR_calflower1,0.982450579,-0.000000000,-0.186523081,-0.206983693,-0.002296123,0.999924227,-0.012094095,-0.138374655,0.186508948,0.012310131,0.982376136,-0.295066467,0.000000000,0.000000000,0.000000000,1.000000000
1790749336435053089,1790749336,435053089,1790749336457020980,RR_foot,0.753371670,-0.000000000,-0.657594957,-0.196219302,-0.008095080,0.999924227,-0.009274104,-0.138072835,0.657545129,0.012310131,0.753314585,-0.319582616,0.000000000,0.000000000,0.000000000,1.000000000
1790749336502697216,1790749336,502697216,1790749336523621618,FL_hip,1.000000000,-0.000000000,0.000000000,0.193400000,0.000000000,0.994342935,0.106217356,0.046500000,-0.000000000,-0.106217356,0.994342935,0.000000000,0.000000000,0.000000000,0.000000000,1.000000000
1790749336502697216,1790749336,502697216,1790749336523621618,FL_thigh,0.714697800,-0.000000000,0.699433381,0.193400000,-0.074291964,0.994342935,0.075913311,0.141459750,-0.695476642,-0.106217356,0.710654708,-0.010143757,0.000000000,0.000000000,0.000000000,1.000000000
1790749336502697216,1790749336,502697216,1790749336523621618,FL_calf,0.752781981,0.000000000,-0.658269921,0.044420690,0.069919690,0.994342935,0.079958512,0.125290215,0.654546045,-0.106217356,0.748523445,-0.161513210,0.000000000,0.000000000,0.000000000,1.000000000
1790749336502697216,1790749336,502697216,1790749336523621618,FL_calflower,0.784740984,0.000000000,-0.619823837,0.156900278,0.065836049,0.994342935,0.083353112,0.114854749,0.616317453,-0.106217356,0.780301653,-0.259203759,0.000000000,0.000000000,0.000000000,1.000000000
1790749336502697216,1790749336,502697216,1790749336523621618,FL_calflower1,0.982283008,0.000000000,-0.187403552,0.173845821,0.019905510,0.994342935,0.104335504,0.110862264,0.186343398,-0.106217356,0.976726170,-0.296579000,0.000000000,0.000000000,0.000000000,1.000000000
1790749336502697216,1790749336,502697216,1790749336523621618,FL_foot,0.752781981,0.000000000,-0.658269921,0.184632183,0.069919690,0.994342935,0.079958512,0.108259052,0.654546045,-0.106217356,0.748523445,-0.320948704,0.000000000,0.000000000,0.000000000,1.000000000
1790749336502697216,1790749336,502697216,1790749336523621618,FR_hip,1.000000000,0.000000000,0.000000000,0.193400000,0.000000000,0.991604458,-0.129308155,-0.046500000,0.000000000,0.129308155,0.991604458,0.000000000,0.000000000,0.000000000,0.000000000,1.000000000
1790749336502697216,1790749336,502697216,1790749336523621618,FR_thigh,0.665541325,0.000000000,0.746361002,0.193400000,0.096510564,0.991604458,-0.086059921,-0.141198226,-0.740094896,0.129308155,0.659953745,-0.012348929,0.000000000,0.000000000,0.000000000,1.000000000
1790749336502697216,1790749336,502697216,1790749336523621618,FR_calf,0.786985508,0.000000000,-0.616971482,0.034425107,-0.079779444,0.991604458,-0.101763644,-0.122867463,0.611791672,0.129308155,0.780378338,-0.152919076,0.000000000,0.000000000,0.000000000,1.000000000
1790749336502697216,1790749336,502697216,1790749336523621618,FR_calflower,0.816837703,-0.000000000,-0.576867547,0.141476596,-0.074593678,0.991604458,-0.105623777,-0.109402032,0.572024431,0.129308155,0.809979908,-0.256179237,0.000000000,0.000000000,0.000000000,1.000000000
1790749336502697216,1790749336,502697216,1790749336523621618,FR_calflower1,0.990916316,0.000000000,-0.134479944,0.156382921,-0.017389354,0.991604458,-0.128133561,-0.104431144,0.133350912,0.129308155,0.982597036,-0.294298678,0.000000000,0.000000000,0.000000000,1.000000000
1790749336502697216,1790749336,502697216,1790749336523621618,FR_foot,0.786985508,0.000000000,-0.616971482,0.165840032,-0.079779444,0.991604458,-0.101763644,-0.101191806,0.611791672,0.129308155,0.780378338,-0.319139662,0.000000000,0.000000000,0.000000000,1.000000000
1790749336502697216,1790749336,502697216,1790749336523621618,RL_hip,1.000000000,-0.000000000,0.000000000,-0.193400000,0.000000000,0.999869500,0.016154957,0.046500000,-0.000000000,-0.016154957,0.999869500,0.000000000,0.000000000,0.000000000,0.000000000,1.000000000
1790749336502697216,1790749336,502697216,1790749336523621618,RL_thigh,0.711496487,0.000000000,0.702689654,-0.193400000,-0.011351921,0.999869500,0.011494195,0.141987537,-0.702597953,-0.016154957,0.711403637,-0.001542798,0.000000000,0.000000000,0.000000000,1.000000000
1790749336502697216,1790749336,502697216,1790749336523621618,RL_calf,0.759204002,0.000000000,-0.650852736,-0.343072896,0.010514498,0.999869500,0.012264908,0.139539274,0.650767800,-0.016154957,0.759104926,-0.153071773,0.000000000,0.000000000,0.000000000,1.000000000
1790749336502697216,1790749336,502697216,1790749336523621618,RL_calflower,0.790784273,0.000000000,-0.612094954,-0.231562611,0.009888368,0.999869500,0.012775086,0.137934357,0.612015076,-0.016154957,0.790681076,-0.252403946,0.000000000,0.000000000,0.000000000,1.000000000
1790749336502697216,1790749336,502697216,1790749336523621618,RL_calflower1,0.984074339,-0.000000000,-0.177757407,-0.214986656,0.002871663,0.999869500,0.015897679,0.137324470,0.177734210,-0.016154957,0.983945917,-0.290151340,0.000000000,0.000000000,0.000000000,1.000000000
1790749336502697216,1790749336,502697216,1790749336523621618,RL_foot,0.759204002,0.000000000,-0.650852736,-0.204441263,0.010514498,0.999869500,0.012264908,0.136926848,0.650767800,-0.016154957,0.759104926,-0.314761122,0.000000000,0.000000000,0.000000000,1.000000000
1790749336502697216,1790749336,502697216,1790749336523621618,RR_hip,1.000000000,0.000000000,0.000000000,-0.193400000,0.000000000,0.999923105,-0.012400956,-0.046500000,0.000000000,0.012400956,0.999923105,0.000000000,0.000000000,0.000000000,0.000000000,1.000000000
1790749336502697216,1790749336,502697216,1790749336523621618,RR_thigh,0.741610149,0.000000000,0.670831117,-0.193400000,0.008318947,0.999923105,-0.009196675,-0.141992657,-0.670779534,0.012400956,0.741553123,-0.001184291,0.000000000,0.000000000,0.000000000,1.000000000
1790749336502697216,1790749336,502697216,1790749336523621618,RR_calf,0.753371670,0.000000000,-0.657594957,-0.336287028,-0.008154806,0.999923105,-0.009342529,-0.140033765,0.657544391,0.012400956,0.753313739,-0.159135106,0.000000000,0.000000000,0.000000000,1.000000000
1790749336502697216,1790749336,502697216,1790749336523621618,RR_calflower,0.785296201,0.000000000,-0.619120244,-0.223895541,-0.007677683,0.999923105,-0.009738423,-0.138814167,0.619072637,0.012400956,0.785235816,-0.257474652,0.000000000,0.000000000,0.000000000,1.000000000
1790749336502697216,1790749336,502697216,1790749336523621618,RR_calflower1,0.982450579,-0.000000000,-0.186523081,-0.206983693,-0.002313064,0.999923105,-0.012183326,-0.138347853,0.186508738,0.012400956,0.982375034,-0.295074811,0.000000000,0.000000000,0.000000000,1.000000000
1790749336502697216,1790749336,502697216,1790749336523621618,RR_foot,0.753371670,0.000000000,-0.657594957,-0.196219302,-0.008154806,0.999923105,-0.009342529,-0.138043806,0.657544391,0.012400956,0.753313739,-0.319590933,0.000000000,0.000000000,0.000000000,1.000000000
