leg_time_ns,leg_ros_sec,leg_ros_nanosec,collection_wall_time_ns,frame_name,B_T00,B_T01,B_T02,B_T03,B_T10,B_T11,B_T12,B_T13,B_T20,B_T21,B_T22,B_T23,B_T30,B_T31,B_T32,B_T33
1790226880283729390,1790226880,283729390,1790226880324226082,FL_hip,1.000000000,-0.000000000,0.000000000,0.193400000,0.000000000,0.987962647,0.154692622,0.046500000,-0.000000000,-0.154692622,0.987962647,0.000000000,0.000000000,0.000000000,0.000000000,1.000000000
1790226880283729390,1790226880,283729390,1790226880324226082,FL_thigh,0.673189247,0.000000000,0.739470242,0.193400000,-0.114390591,0.987962647,0.104137410,0.140850433,-0.730568978,-0.154692622,0.665085830,-0.014773145,0.000000000,0.000000000,0.000000000,1.000000000
1790226880283729390,1790226880,283729390,1790226880324226082,FL_calf,0.785143113,0.000000000,-0.619314373,0.035892839,0.095803364,0.987962647,0.121455847,0.118669165,0.611859467,-0.154692622,0.775692068,-0.156436427,0.000000000,0.000000000,0.000000000,1.000000000
1790226880283729390,1790226880,283729390,1790226880324226082,FL_calflower,0.815114706,0.000000000,-0.579299590,0.143254228,0.089613373,0.987962647,0.126092231,0.102609766,0.572326357,-0.154692622,0.805302883,-0.259001664,0.000000000,0.000000000,0.000000000,1.000000000
1790226880283729390,1790226880,283729390,1790226880324226082,FL_calflower1,0.990511093,-0.000000000,-0.137432798,0.158275064,0.021259840,0.987962647,0.153224759,0.096669943,0.135778471,-0.154692622,0.978587962,-0.296937043,0.000000000,0.000000000,0.000000000,1.000000000
1790226880283729390,1790226880,283729390,1790226880324226082,FL_foot,0.785143113,0.000000000,-0.619314373,0.167806800,0.095803364,0.987962647,0.121455847,0.092799069,0.611859467,-0.154692622,0.775692068,-0.321658838,0.000000000,0.000000000,0.000000000,1.000000000
1790226880283729390,1790226880,283729390,1790226880324226082,FR_hip,1.000000000,0.000000000,0.000000000,0.193400000,0.000000000,0.993005112,-0.118071365,-0.046500000,0.000000000,0.118071365,0.993005112,0.000000000,0.000000000,0.000000000,0.000000000,1.000000000
1790226880283729390,1790226880,283729390,1790226880324226082,FR_thigh,0.706431926,0.000000000,0.707780993,0.193400000,0.083568668,0.993005112,-0.083409382,-0.141331988,-0.702830144,0.118071365,0.701490514,-0.011275815,0.000000000,0.000000000,0.000000000,1.000000000
1790226880283729390,1790226880,283729390,1790226880324226082,FR_calf,0.737472265,0.000000000,-0.675377420,0.042642648,-0.079742734,0.993005112,-0.087074357,-0.123565790,0.670653230,0.118071365,0.732313729,-0.160693295,0.000000000,0.000000000,0.000000000,1.000000000
1790226880283729390,1790226880,283729390,1790226880324226082,FR_calflower,0.770305419,0.000000000,-0.637675123,0.157347952,-0.075291172,0.993005112,-0.090951012,-0.112273640,0.633214657,0.118071365,0.764917219,-0.255662662,0.000000000,0.000000000,0.000000000,1.000000000
1790226880283729390,1790226880,283729390,1790226880324226082,FR_calflower1,0.977722088,0.000000000,-0.209903595,0.175151903,-0.024783604,0.993005112,-0.115440981,-0.107882688,0.208435343,0.118071365,0.970883031,-0.292591497,0.000000000,0.000000000,0.000000000,1.000000000
1790226880283729390,1790226880,283729390,1790226880324226082,FR_foot,0.737472265,0.000000000,-0.675377420,0.186498039,-0.079742734,0.993005112,-0.087074357,-0.105018952,0.670653230,0.118071365,0.732313729,-0.316676119,0.000000000,0.000000000,0.000000000,1.000000000
1790226880283729390,1790226880,283729390,1790226880324226082,RL_hip,1.000000000,-0.000000000,0.000000000,-0.193400000,0.000000000,0.999767262,0.021573658,0.046500000,-0.000000000,-0.021573658,0.999767262,0.000000000,0.000000000,0.000000000,0.000000000,1.000000000
1790226880283729390,1790226880,283729390,1790226880324226082,RL_thigh,0.738147466,0.000000000,0.674639399,-0.193400000,-0.014554440,0.999767262,0.015924541,0.141977773,-0.674482385,-0.021573658,0.737975670,-0.002060284,0.000000000,0.000000000,0.000000000,1.000000000
1790226880283729390,1790226880,283729390,1790226880324226082,RL_calf,0.752767150,0.000000000,-0.658286881,-0.337098192,0.014201656,0.999767262,0.016239941,0.138585846,0.658133673,-0.021573658,0.752591952,-0.159249102,0.000000000,0.000000000,0.000000000,1.000000000
1790226880283729390,1790226880,283729390,1790226880324226082,RL_calflower,0.784727018,0.000000000,-0.619841517,-0.224616391,0.013372249,0.999767262,0.016929432,0.136466368,0.619697256,-0.021573658,0.784544382,-0.257470038,0.000000000,0.000000000,0.000000000,1.000000000
1790226880283729390,1790226880,283729390,1790226880324226082,RL_calflower1,0.982278786,0.000000000,-0.187425683,-0.207670000,0.004043458,0.999767262,0.021191346,0.135655468,0.187382062,-0.021573658,0.982050172,-0.295048785,0.000000000,0.000000000,0.000000000,1.000000000
1790226880283729390,1790226880,283729390,1790226880324226082,RL_foot,0.752767150,0.000000000,-0.658286881,-0.196883086,0.014201656,0.999767262,0.016239941,0.135126739,0.658133673,-0.021573658,0.752591952,-0.319551188,0.000000000,0.000000000,0.000000000,1.000000000
1790226880283729390,1790226880,283729390,1790226880324226082,RR_hip,1.000000000,0.000000000,0.000000000,-0.193400000,0.000000000,0.999999723,-0.000744425,-0.046500000,0.000000000,0.000744425,0.999999723,0.000000000,0.000000000,0.000000000,0.000000000,1.000000000
1790226880283729390,1790226880,283729390,1790226880324226082,RR_thigh,0.711751762,-0.000000000,0.702431085,-0.193400000,0.000522907,0.999999723,-0.000529846,-0.141999974,-0.702430890,0.000744425,0.711751565,-0.000071093,0.000000000,0.000000000,0.000000000,1.000000000
1790226880283729390,1790226880,283729390,1790226880324226082,RR_calf,0.779691425,-0.000000000,-0.626163942,-0.343017821,-0.000466132,0.999999723,-0.000580422,-0.141887116,0.626163769,0.000744425,0.779691209,-0.151674176,0.000000000,0.000000000,0.000000000,1.000000000
1790226880283729390,1790226880,283729390,1790226880324226082,RR_calflower,0.810012167,-0.000000000,-0.586413070,-0.234751729,-0.000436540,0.999999723,-0.000602993,-0.141810537,0.586412908,0.000744425,0.810011943,-0.254545199,0.000000000,0.000000000,0.000000000,1.000000000
1790226880283729390,1790226880,283729390,1790226880324226082,RR_calflower1,0.989270024,-0.000000000,-0.146098665,-0.219395328,-0.000108759,0.999999723,-0.000736437,-0.141782052,0.146098625,0.000744425,0.989269750,-0.292809806,0.000000000,0.000000000,0.000000000,1.000000000
1790226880283729390,1790226880,283729390,1790226880324226082,RR_foot,0.779691425,-0.000000000,-0.626163942,-0.209644901,-0.000466132,0.999999723,-0.000580422,-0.141763487,0.626163769,0.000744425,0.779691209,-0.317748403,0.000000000,0.000000000,0.000000000,1.000000000
1790226880336641388,1790226880,336641388,1790226880356760139,FL_hip,1.000000000,-0.000000000,0.000000000,0.193400000,0.000000000,0.987957963,0.154722537,0.046500000,-0.000000000,-0.154722537,0.987957963,0.000000000,0.000000000,0.000000000,0.000000000,1.000000000
1790226880336641388,1790226880,336641388,1790226880356760139,FL_thigh,0.673234026,-0.000000000,0.739429473,0.193400000,-0.114406404,0.987957963,0.104164477,0.140849985,-0.730525236,-0.154722537,0.665126917,-0.014776002,0.000000000,0.000000000,0.000000000,1.000000000
1790226880336641388,1790226880,336641388,1790226880356760139,FL_calf,0.785115427,0.000000000,-0.619349471,0.035901522,0.095827321,0.987957963,0.121475051,0.118662952,0.611891241,-0.154722537,0.775661038,-0.156448036,0.000000000,0.000000000,0.000000000,1.000000000
1790226880336641388,1790226880,336641388,1790226880356760139,FL_calflower,0.815088809,0.000000000,-0.579336028,0.143267552,0.089636340,0.987957963,0.126112608,0.102601191,0.572359642,-0.154722537,0.805273479,-0.259008044,0.000000000,0.000000000,0.000000000,1.000000000
1790226880336641388,1790226880,336641388,1790226880356760139,FL_calflower1,0.990504949,0.000000000,-0.137477077,0.158290105,0.021270802,0.987957963,0.153253439,0.096660323,0.135821573,-0.154722537,0.978577251,-0.296942580,0.000000000,0.000000000,0.000000000,1.000000000
1790226880336641388,1790226880,336641388,1790226880356760139,FL_foot,0.785115427,0.000000000,-0.619349471,0.167822959,0.095827321,0.987957963,0.121475051,0.092788766,0.611891241,-0.154722537,0.775661038,-0.321663837,0.000000000,0.000000000,0.000000000,1.000000000
1790226880336641388,1790226880,336641388,1790226880356760139,FR_hip,1.000000000,0.000000000,0.000000000,0.193400000,0.000000000,0.993001537,-0.118101432,-0.046500000,0.000000000,0.118101432,0.993001537,0.000000000,0.000000000,0.000000000,0.000000000,1.000000000
1790226880336641388,1790226880,336641388,1790226880356760139,FR_thigh,0.706474787,0.000000000,0.707738211,0.193400000,0.083584896,0.993001537,-0.083435684,-0.141331647,-0.702785131,0.118101432,0.701530549,-0.011278687,0.000000000,0.000000000,0.000000000,1.000000000
1790226880336641388,1790226880,336641388,1790226880356760139,FR_calf,0.737420735,0.000000000,-0.675433682,0.042651761,-0.079769685,0.993001537,-0.087090445,-0.123559846,0.670706684,0.118101432,0.732259923,-0.160704694,0.000000000,0.000000000,0.000000000,1.000000000
1790226880336641388,1790226880,336641388,1790226880356760139,FR_calflower,0.770256766,0.000000000,-0.637733890,0.157364361,-0.075317286,0.993001537,-0.090968427,-0.112265854,0.633270733,0.118101432,0.764866152,-0.255665029,0.000000000,0.000000000,0.000000000,1.000000000
1790226880336641388,1790226880,336641388,1790226880356760139,FR_calflower1,0.977706071,-0.000000000,-0.209978189,0.175171149,-0.024798725,0.993001537,-0.115468487,-0.107873944,0.208508664,0.118101432,0.970863630,-0.292592382,0.000000000,0.000000000,0.000000000,1.000000000
1790226880336641388,1790226880,336641388,1790226880356760139,FR_foot,0.737420735,0.000000000,-0.675433682,0.186519135,-0.079769685,0.993001537,-0.087090445,-0.105009581,0.670706684,0.118101432,0.732259923,-0.316676057,0.000000000,0.000000000,0.000000000,1.000000000
1790226880336641388,1790226880,336641388,1790226880356760139,RL_hip,1.000000000,-0.000000000,0.000000000,-0.193400000,0.000000000,0.999765953,0.021634202,0.046500000,-0.000000000,-0.021634202,0.999765953,0.000000000,0.000000000,0.000000000,0.000000000,1.000000000
1790226880336641388,1790226880,336641388,1790226880356760139,RL_thigh,0.738147466,0.000000000,0.674639399,-0.193400000,-0.014595285,0.999765953,0.015969231,0.141977649,-0.674481502,-0.021634202,0.737974705,-0.002066066,0.000000000,0.000000000,0.000000000,1.000000000
1790226880336641388,1790226880,336641388,1790226880356760139,RL_calf,0.752767150,0.000000000,-0.658286881,-0.337098192,0.014241511,0.999765953,0.016285517,0.138576202,0.658132811,-0.021634202,0.752590967,-0.159254678,0.000000000,0.000000000,0.000000000,1.000000000
1790226880336641388,1790226880,336641388,1790226880356760139,RL_calflower,0.784727018,0.000000000,-0.619841517,-0.224616391,0.013409777,0.999765953,0.016976943,0.136450776,0.619696445,-0.021634202,0.784543356,-0.257475485,0.000000000,0.000000000,0.000000000,1.000000000
1790226880336641388,1790226880,336641388,1790226880356760139,RL_calflower1,0.982278786,0.000000000,-0.187425683,-0.207670000,0.004054805,0.999765953,0.021250818,0.135637601,0.187381817,-0.021634202,0.982048887,-0.295054184,0.000000000,0.000000000,0.000000000,1.000000000
1790226880336641388,1790226880,336641388,1790226880356760139,RL_foot,0.752767150,0.000000000,-0.658286881,-0.196883086,0.014241511,0.999765953,0.016285517,0.135107387,0.658132811,-0.021634202,0.752590967,-0.319556554,0.000000000,0.000000000,0.000000000,1.000000000
1790226880336641388,1790226880,336641388,1790226880356760139,RR_hip,1.000000000,0.000000000,0.000000000,-0.193400000,0.000000000,0.999999700,-0.000774702,-0.046500000,0.000000000,0.000774702,0.999999700,0.000000000,0.000000000,0.000000000,0.000000000,1.000000000
1790226880336641388,1790226880,336641388,1790226880356760139,RR_thigh,0.711773031,0.000000000,0.702409533,-0.193400000,0.000544158,0.999999700,-0.000551412,-0.141999971,-0.702409323,0.000774702,0.711772817,-0.000073984,0.000000000,0.000000000,0.000000000,1.000000000
1790226880336641388,1790226880,336641388,1790226880356760139,RR_calf,0.779652683,0.000000000,-0.626212180,-0.343013231,-0.000485128,0.999999700,-0.000603998,-0.141882521,0.626211992,0.000774702,0.779652449,-0.151681594,0.000000000,0.000000000,0.000000000,1.000000000
1790226880336641388,1790226880,336641388,1790226880356760139,RR_calflower,0.809975884,0.000000000,-0.586463184,-0.234740774,-0.000454334,0.999999700,-0.000627490,-0.141802831,0.586463008,0.000774702,0.809975641,-0.254545917,0.000000000,0.000000000,0.000000000,1.000000000
1790226880336641388,1790226880,336641388,1790226880356760139,RR_calflower1,0.989260983,0.000000000,-0.146159871,-0.219382006,-0.000113230,0.999999700,-0.000766382,-0.141773188,0.146159827,0.000774702,0.989260686,-0.292809572,0.000000000,0.000000000,0.000000000,1.000000000
1790226880336641388,1790226880,336641388,1790226880356760139,RR_foot,0.779652683,0.000000000,-0.626212180,-0.209630036,-0.000485128,0.999999700,-0.000603998,-0.141753869,0.626211992,0.000774702,0.779652449,-0.317747566,0.000000000,0.000000000,0.000000000,1.000000000
1790226880430582853,1790226880,430582853,1790226880456965161,FL_hip,1.000000000,-0.000000000,0.000000000,0.193400000,0.000000000,0.987967331,0.154662708,0.046500000,-0.000000000,-0.154662708,0.987967331,0.000000000,0.000000000,0.000000000,0.000000000,1.000000000
1790226880430582853,1790226880,430582853,1790226880456965161,FL_thigh,0.673234026,-0.000000000,0.739429473,0.193400000,-0.114362164,0.987967331,0.104124197,0.140850880,-0.730532163,-0.154662708,0.665133224,-0.014770289,0.000000000,0.000000000,0.000000000,1.000000000
1790226880430582853,1790226880,430582853,1790226880456965161,FL_calf,0.785105607,0.000000000,-0.619361918,0.035901522,0.095792191,0.987967331,0.121426559,0.118672426,0.611909341,-0.154662708,0.775658691,-0.156443665,0.000000000,0.000000000,0.000000000,1.000000000
1790226880430582853,1790226880,430582853,1790226880456965161,FL_calflower,0.815079624,0.000000000,-0.579348951,0.143269198,0.089603677,0.987967331,0.126062422,0.102617139,0.572377837,-0.154662708,0.805272040,-0.259002965,0.000000000,0.000000000,0.000000000,1.000000000
1790226880430582853,1790226880,430582853,1790226880456965161,FL_calflower1,0.990502769,0.000000000,-0.137492782,0.158292360,0.021265006,0.987967331,0.153193840,0.096678606,0.135838377,-0.154662708,0.978584377,-0.296937625,0.000000000,0.000000000,0.000000000,1.000000000
1790226880430582853,1790226880,430582853,1790226880456965161,FL_foot,0.785105607,0.000000000,-0.619361918,0.167825611,0.095792191,0.987967331,0.121426559,0.092808569,0.611909341,-0.154662708,0.775658691,-0.321658966,0.000000000,0.000000000,0.000000000,1.000000000
1790226880430582853,1790226880,430582853,1790226880456965161,FR_hip,1.000000000,0.000000000,0.000000000,0.193400000,0.000000000,0.992997960,-0.118131499,-0.046500000,0.000000000,0.118131499,0.992997960,0.000000000,0.000000000,0.000000000,0.000000000,1.000000000
1790226880430582853,1790226880,430582853,1790226880456965161,FR_thigh,0.706453357,0.000000000,0.707759602,0.193400000,0.083608703,0.992997960,-0.083454394,-0.141331305,-0.702803842,0.118131499,0.701506742,-0.011281558,0.000000000,0.000000000,0.000000000,1.000000000
1790226880430582853,1790226880,430582853,1790226880456965161,FR_calf,0.737441187,-0.000000000,-0.675411354,0.042647205,-0.079787356,0.992997960,-0.087115033,-0.123555519,0.670682096,0.118131499,0.732277594,-0.160702494,0.000000000,0.000000000,0.000000000,1.000000000
1790226880430582853,1790226880,430582853,1790226880456965161,FR_calflower,0.770276075,-0.000000000,-0.637710567,0.157356909,-0.075333706,0.992997960,-0.090993868,-0.112258241,0.633245292,0.118131499,0.764882572,-0.255665936,0.000000000,0.000000000,0.000000000,1.000000000
1790226880430582853,1790226880,430582853,1790226880456965161,FR_calflower1,0.977712428,0.000000000,-0.209948584,0.175162571,-0.024801541,0.992997960,-0.115498635,-0.107865150,0.208478516,0.118131499,0.970866447,-0.292593692,0.000000000,0.000000000,0.000000000,1.000000000
1790226880430582853,1790226880,430582853,1790226880456965161,FR_foot,0.737441187,-0.000000000,-0.675411354,0.186509823,-0.079787356,0.992997960,-0.087115033,-0.105000017,0.670682096,0.118131499,0.732277594,-0.316677622,0.000000000,0.000000000,0.000000000,1.000000000
1790226880430582853,1790226880,430582853,1790226880456965161,RL_hip,1.000000000,-0.000000000,0.000000000,-0.193400000,0.000000000,0.999767262,0.021573658,0.046500000,-0.000000000,-0.021573658,0.999767262,0.000000000,0.000000000,0.000000000,0.000000000,1.000000000
1790226880430582853,1790226880,430582853,1790226880456965161,RL_thigh,0.738147466,0.000000000,0.674639399,-0.193400000,-0.014554440,0.999767262,0.015924541,0.141977773,-0.674482385,-0.021573658,0.737975670,-0.002060284,0.000000000,0.000000000,0.000000000,1.000000000
1790226880430582853,1790226880,430582853,1790226880456965161,RL_calf,0.752767150,0.000000000,-0.658286881,-0.337098192,0.014201656,0.999767262,0.016239941,0.138585846,0.658133673,-0.021573658,0.752591952,-0.159249102,0.000000000,0.000000000,0.000000000,1.000000000
1790226880430582853,1790226880,430582853,1790226880456965161,RL_calflower,0.784727018,0.000000000,-0.619841517,-0.224616391,0.013372249,0.999767262,0.016929432,0.136466368,0.619697256,-0.021573658,0.784544382,-0.257470038,0.000000000,0.000000000,0.000000000,1.000000000
1790226880430582853,1790226880,430582853,1790226880456965161,RL_calflower1,0.982278786,0.000000000,-0.187425683,-0.207670000,0.004043458,0.999767262,0.021191346,0.135655468,0.187382062,-0.021573658,0.982050172,-0.295048785,0.000000000,0.000000000,0.000000000,1.000000000
1790226880430582853,1790226880,430582853,1790226880456965161,RL_foot,0.752767150,0.000000000,-0.658286881,-0.196883086,0.014201656,0.999767262,0.016239941,0.135126739,0.658133673,-0.021573658,0.752591952,-0.319551188,0.000000000,0.000000000,0.000000000,1.000000000
1790226880430582853,1790226880,430582853,1790226880456965161,RR_hip,1.000000000,0.000000000,0.000000000,-0.193400000,0.000000000,0.999999700,-0.000774702,-0.046500000,0.000000000,0.000774702,0.999999700,0.000000000,0.000000000,0.000000000,0.000000000,1.000000000
1790226880430582853,1790226880,430582853,1790226880456965161,RR_thigh,0.711730493,0.000000000,0.702452636,-0.193400000,0.000544191,0.999999700,-0.000551379,-0.141999971,-0.702452425,0.000774702,0.711730279,-0.000073984,0.000000000,0.000000000,0.000000000,1.000000000
1790226880430582853,1790226880,430582853,1790226880456965161,RR_calf,0.779710384,0.000000000,-0.626140333,-0.343022411,-0.000485072,0.999999700,-0.000604043,-0.141882528,0.626140145,0.000774702,0.779710150,-0.151672534,0.000000000,0.000000000,0.000000000,1.000000000
1790226880430582853,1790226880,430582853,1790226880456965161,RR_calflower,0.810029923,0.000000000,-0.586388544,-0.234759434,-0.000454276,0.999999700,-0.000627532,-0.141802831,0.586388368,0.000774702,0.810029680,-0.254546833,0.000000000,0.000000000,0.000000000,1.000000000
1790226880430582853,1790226880,430582853,1790226880456965161,RR_calflower1,0.989274447,0.000000000,-0.146068711,-0.219404192,-0.000113160,0.999999700,-0.000766393,-0.141773187,0.146068667,0.000774702,0.989274150,-0.292811904,0.000000000,0.000000000,0.000000000,1.000000000
1790226880430582853,1790226880,430582853,1790226880456965161,RR_foot,0.779710384,0.000000000,-0.626140333,-0.209654520,-0.000485072,0.999999700,-0.000604043,-0.141753866,0.626140145,0.000774702,0.779710150,-0.317750795,0.000000000,0.000000000,0.000000000,1.000000000
1790226880526560270,1790226880,526560270,1790226880556815046,FL_hip,1.000000000,-0.000000000,0.000000000,0.193400000,0.000000000,0.987967331,0.154662708,0.046500000,-0.000000000,-0.154662708,0.987967331,0.000000000,0.000000000,0.000000000,0.000000000,1.000000000
1790226880526560270,1790226880,526560270,1790226880556815046,FL_thigh,0.673256415,0.000000000,0.739409088,0.193400000,-0.114359012,0.987967331,0.104127660,0.140850880,-0.730512023,-0.154662708,0.665155344,-0.014770289,0.000000000,0.000000000,0.000000000,1.000000000
1790226880526560270,1790226880,526560270,1790226880556815046,FL_calf,0.785096673,-0.000000000,-0.619373243,0.035905864,0.095793943,0.987967331,0.121425177,0.118671688,0.611920530,-0.154662708,0.775649864,-0.156448377,0.000000000,0.000000000,0.000000000,1.000000000
1790226880526560270,1790226880,526560270,1790226880556815046,FL_calflower,0.815071267,0.000000000,-0.579360708,0.143275038,0.089605496,0.987967331,0.126061129,0.102616641,0.572389452,-0.154662708,0.805263784,-0.259006146,0.000000000,0.000000000,0.000000000,1.000000000
1790226880526560270,1790226880,526560270,1790226880556815046,FL_calflower1,0.990500785,0.000000000,-0.137507069,0.158298753,0.021267216,0.987967331,0.153193533,0.096678141,0.135852492,-0.154662708,0.978582417,-0.296940592,0.000000000,0.000000000,0.000000000,1.000000000
1790226880526560270,1790226880,526560270,1790226880556815046,FL_foot,0.785096673,-0.000000000,-0.619373243,0.167832365,0.095793943,0.987967331,0.121425177,0.092808126,0.611920530,-0.154662708,0.775649864,-0.321661798,0.000000000,0.000000000,0.000000000,1.000000000
1790226880526560270,1790226880,526560270,1790226880556815046,FR_hip,1.000000000,0.000000000,0.000000000,0.193400000,0.000000000,0.993001537,-0.118101432,-0.046500000,0.000000000,0.118101432,0.993001537,0.000000000,0.000000000,0.000000000,0.000000000,1.000000000
1790226880526560270,1790226880,526560270,1790226880556815046,FR_thigh,0.706453357,0.000000000,0.707759602,0.193400000,0.083587423,0.993001537,-0.083433153,-0.141331647,-0.702806373,0.118101432,0.701509269,-0.011278687,0.000000000,0.000000000,0.000000000,1.000000000
1790226880526560270,1790226880,526560270,1790226880556815046,FR_calf,0.737430478,0.000000000,-0.675423045,0.042647205,-0.079768429,0.993001537,-0.087091596,-0.123560385,0.670696122,0.118101432,0.732269598,-0.160700161,0.000000000,0.000000000,0.000000000,1.000000000
1790226880526560270,1790226880,526560270,1790226880556815046,FR_calflower,0.770265965,-0.000000000,-0.637722780,0.157358425,-0.075315974,0.993001537,-0.090969514,-0.112266198,0.633259700,0.118101432,0.764875286,-0.255662139,0.000000000,0.000000000,0.000000000,1.000000000
1790226880526560270,1790226880,526560270,1790226880556815046,FR_calflower1,0.977709099,-0.000000000,-0.209964086,0.175164677,-0.024797059,0.993001537,-0.115468845,-0.107874257,0.208494660,0.118101432,0.970866638,-0.292589747,0.000000000,0.000000000,0.000000000,1.000000000
1790226880526560270,1790226880,526560270,1790226880556815046,FR_foot,0.737430478,0.000000000,-0.675423045,0.186512313,-0.079768429,0.993001537,-0.087091596,-0.105009875,0.670696122,0.118101432,0.732269598,-0.316673585,0.000000000,0.000000000,0.000000000,1.000000000
1790226880526560270,1790226880,526560270,1790226880556815046,RL_hip,1.000000000,-0.000000000,0.000000000,-0.193400000,0.000000000,0.999767262,0.021573658,0.046500000,-0.000000000,-0.021573658,0.999767262,0.000000000,0.000000000,0.000000000,0.000000000,1.000000000
1790226880526560270,1790226880,526560270,1790226880556815046,RL_thigh,0.738167893,-0.000000000,0.674617048,-0.193400000,-0.014553957,0.999767262,0.015924982,0.141977773,-0.674460039,-0.021573658,0.737996093,-0.002060284,0.000000000,0.000000000,0.000000000,1.000000000
1790226880526560270,1790226880,526560270,1790226880556815046,RL_calf,0.752747217,0.000000000,-0.658309674,-0.337093431,0.014202148,0.999767262,0.016239511,0.138585752,0.658156460,-0.021573658,0.752572024,-0.159253452,0.000000000,0.000000000,0.000000000,1.000000000
1790226880526560270,1790226880,526560270,1790226880556815046,RL_calflower,0.784708250,0.000000000,-0.619865278,-0.224608655,0.013372761,0.999767262,0.016929027,0.136466348,0.619721011,-0.021573658,0.784525618,-0.257470982,0.000000000,0.000000000,0.000000000,1.000000000
1790226880526560270,1790226880,526560270,1790226880556815046,RL_calflower1,0.982273110,0.000000000,-0.187455426,-0.207661127,0.004044099,0.999767262,0.021191224,0.135655459,0.187411798,-0.021573658,0.982044498,-0.295049217,0.000000000,0.000000000,0.000000000,1.000000000
1790226880526560270,1790226880,526560270,1790226880556815046,RL_foot,0.752747217,0.000000000,-0.658309674,-0.196873471,0.014202148,0.999767262,0.016239511,0.135126737,0.658156460,-0.021573658,0.752572024,-0.319551293,0.000000000,0.000000000,0.000000000,1.000000000
1790226880526560270,1790226880,526560270,1790226880556815046,RR_hip,1.000000000,0.000000000,0.000000000,-0.193400000,0.000000000,0.999999723,-0.000744425,-0.046500000,0.000000000,0.000744425,0.999999723,0.000000000,0.000000000,0.000000000,0.000000000,1.000000000
1790226880526560270,1790226880,526560270,1790226880556815046,RR_thigh,0.711730493,0.000000000,0.702452636,-0.193400000,0.000522923,0.999999723,-0.000529830,-0.141999974,-0.702452441,0.000744425,0.711730296,-0.000071093,0.000000000,0.000000000,0.000000000,1.000000000
1790226880526560270,1790226880,526560270,1790226880556815046,RR_calf,0.779690604,0.000000000,-0.626164964,-0.343022411,-0.000466133,0.999999723,-0.000580421,-0.141887120,0.626164791,0.000744425,0.779690388,-0.151669646,0.000000000,0.000000000,0.000000000,1.000000000
1790226880526560270,1790226880,526560270,1790226880556815046,RR_calflower,0.810011398,0.000000000,-0.586414133,-0.234756185,-0.000436541,0.999999723,-0.000602992,-0.141810540,0.586413970,0.000744425,0.810011174,-0.254540527,0.000000000,0.000000000,0.000000000,1.000000000
1790226880526560270,1790226880,526560270,1790226880556815046,RR_calflower1,0.989269832,-0.000000000,-0.146099963,-0.219399733,-0.000108760,0.999999723,-0.000736437,-0.141782055,0.146099922,0.000744425,0.989269558,-0.292805114,0.000000000,0.000000000,0.000000000,1.000000000
1790226880526560270,1790226880,526560270,1790226880556815046,RR_foot,0.779690604,0.000000000,-0.626164964,-0.209649274,-0.000466133,0.999999723,-0.000580421,-0.141763490,0.626164791,0.000744425,0.779690388,-0.317743698,0.000000000,0.000000000,0.000000000,1.000000000
1790226880654520245,1790226880,654520245,1790226880656856575,FL_hip,1.000000000,-0.000000000,0.000000000,0.193400000,0.000000000,0.987962647,0.154692622,0.046500000,-0.000000000,-0.154692622,0.987962647,0.000000000,0.000000000,0.000000000,0.000000000,1.000000000
1790226880654520245,1790226880,654520245,1790226880656856575,FL_thigh,0.673256415,0.000000000,0.739409088,0.193400000,-0.114381131,0.987962647,0.104147800,0.140850433,-0.730508560,-0.154692622,0.665152191,-0.014773145,0.000000000,0.000000000,0.000000000,1.000000000
1790226880654520245,1790226880,654520245,1790226880656856575,FL_calf,0.785096673,0.000000000,-0.619373243,0.035905864,0.095812471,0.987962647,0.121448663,0.118666951,0.611917629,-0.154692622,0.775646187,-0.156450562,0.000000000,0.000000000,0.000000000,1.000000000
1790226880654520245,1790226880,654520245,1790226880656856575,FL_calflower,0.815071267,0.000000000,-0.579360708,0.143275038,0.089622827,0.987962647,0.126085512,0.102608799,0.572386739,-0.154692622,0.805259966,-0.259007845,0.000000000,0.000000000,0.000000000,1.000000000
1790226880654520245,1790226880,654520245,1790226880656856575,FL_calflower1,0.990500785,0.000000000,-0.137507069,0.158298753,0.021271329,0.987962647,0.153223164,0.096669150,0.135851848,-0.154692622,0.978577778,-0.296942111,0.000000000,0.000000000,0.000000000,1.000000000
1790226880654520245,1790226880,654520245,1790226880656856575,FL_foot,0.785096673,0.000000000,-0.619373243,0.167832365,0.095812471,0.987962647,0.121448663,0.092798386,0.611917629,-0.154692622,0.775646187,-0.321663200,0.000000000,0.000000000,0.000000000,1.000000000
1790226880654520245,1790226880,654520245,1790226880656856575,FR_hip,1.000000000,0.000000000,0.000000000,0.193400000,0.000000000,0.993005112,-0.118071365,-0.046500000,0.000000000,0.118071365,0.993005112,0.000000000,0.000000000,0.000000000,0.000000000,1.000000000
1790226880654520245,1790226880,654520245,1790226880656856575,FR_thigh,0.706453357,0.000000000,0.707759602,0.193400000,0.083566142,0.993005112,-0.083411912,-0.141331988,-0.702808903,0.118071365,0.701511795,-0.011275815,0.000000000,0.000000000,0.000000000,1.000000000
1790226880654520245,1790226880,654520245,1790226880656856575,FR_calf,0.737430478,0.000000000,-0.675423045,0.042647205,-0.079748121,0.993005112,-0.087069423,-0.123565251,0.670698537,0.118071365,0.732272234,-0.160697828,0.000000000,0.000000000,0.000000000,1.000000000
1790226880654520245,1790226880,654520245,1790226880656856575,FR_calflower,0.770265965,-0.000000000,-0.637722780,0.157358425,-0.075296799,0.993005112,-0.090946354,-0.112273939,0.633261981,0.118071365,0.764878040,-0.255660148,0.000000000,0.000000000,0.000000000,1.000000000
1790226880654520245,1790226880,654520245,1790226880656856575,FR_calflower1,0.977709099,0.000000000,-0.209964086,0.175164677,-0.024790746,0.993005112,-0.115439448,-0.107883117,0.208495411,0.118071365,0.970870134,-0.292587889,0.000000000,0.000000000,0.000000000,1.000000000
1790226880654520245,1790226880,654520245,1790226880656856575,FR_foot,0.737430478,0.000000000,-0.675423045,0.186512313,-0.079748121,0.993005112,-0.087069423,-0.105019464,0.670698537,0.118071365,0.732272234,-0.316671814,0.000000000,0.000000000,0.000000000,1.000000000
1790226880654520245,1790226880,654520245,1790226880656856575,RL_hip,1.000000000,-0.000000000,0.000000000,-0.193400000,0.000000000,0.999767914,0.021543386,0.046500000,-0.000000000,-0.021543386,0.999767914,0.000000000,0.000000000,0.000000000,0.000000000,1.000000000
1790226880654520245,1790226880,654520245,1790226880656856575,RL_thigh,0.738167893,0.000000000,0.674617048,-0.193400000,-0.014533535,0.999767914,0.015902636,0.141977836,-0.674460480,-0.021543386,0.737996575,-0.002057393,0.000000000,0.000000000,0.000000000,1.000000000
1790226880654520245,1790226880,654520245,1790226880656856575,RL_calf,0.752747217,0.000000000,-0.658309674,-0.337093431,0.014182219,0.999767914,0.016216724,0.138590574,0.658156890,-0.021543386,0.752572515,-0.159250664,0.000000000,0.000000000,0.000000000,1.000000000
1790226880654520245,1790226880,654520245,1790226880656856575,RL_calflower,0.784708250,-0.000000000,-0.619865278,-0.224608655,0.013353997,0.999767914,0.016905273,0.136474144,0.619721416,-0.021543386,0.784526130,-0.257468258,0.000000000,0.000000000,0.000000000,1.000000000
1790226880654520245,1790226880,654520245,1790226880656856575,RL_calflower1,0.982273110,0.000000000,-0.187455426,-0.207661127,0.004038425,0.999767914,0.021161489,0.135664393,0.187411920,-0.021543386,0.982045139,-0.295046518,0.000000000,0.000000000,0.000000000,1.000000000
1790226880654520245,1790226880,654520245,1790226880656856575,RL_foot,0.752747217,0.000000000,-0.658309674,-0.196873471,0.014182219,0.999767914,0.016216724,0.135136412,0.658156890,-0.021543386,0.752572515,-0.319548609,0.000000000,0.000000000,0.000000000,1.000000000
1790226880654520245,1790226880,654520245,1790226880656856575,RR_hip,1.000000000,0.000000000,0.000000000,-0.193400000,0.000000000,0.999999700,-0.000774702,-0.046500000,0.000000000,0.000774702,0.999999700,0.000000000,0.000000000,0.000000000,0.000000000,1.000000000
1790226880654520245,1790226880,654520245,1790226880656856575,RR_thigh,0.711751762,0.000000000,0.702431085,-0.193400000,0.000544175,0.999999700,-0.000551395,-0.141999971,-0.702430874,0.000774702,0.711751549,-0.000073984,0.000000000,0.000000000,0.000000000,1.000000000
1790226880654520245,1790226880,654520245,1790226880656856575,RR_calf,0.779661715,-0.000000000,-0.626200934,-0.343017821,-0.000485119,0.999999700,-0.000604005,-0.141882524,0.626200746,0.000774702,0.779661481,-0.151677064,0.000000000,0.000000000,0.000000000,1.000000000
1790226880654520245,1790226880,654520245,1790226880656856575,RR_calflower,0.809984344,0.000000000,-0.586451501,-0.234746849,-0.000454325,0.999999700,-0.000627496,-0.141802834,0.586451325,0.000774702,0.809984101,-0.254542948,0.000000000,0.000000000,0.000000000,1.000000000
1790226880654520245,1790226880,654520245,1790226880656856575,RR_calflower1,0.989263091,0.000000000,-0.146145601,-0.219388632,-0.000113219,0.999999700,-0.000766384,-0.141773191,0.146145558,0.000774702,0.989262794,-0.292806825,0.000000000,0.000000000,0.000000000,1.000000000
1790226880654520245,1790226880,654520245,1790226880656856575,RR_foot,0.779661715,-0.000000000,-0.626200934,-0.209637022,-0.000485119,0.999999700,-0.000604005,-0.141753871,0.626200746,0.000774702,0.779661481,-0.317744959,0.000000000,0.000000000,0.000000000,1.000000000
1790226880681800776,1790226880,681800776,1790226880690196069,FL_hip,1.000000000,-0.000000000,0.000000000,0.193400000,0.000000000,0.987967331,0.154662708,0.046500000,-0.000000000,-0.154662708,0.987967331,0.000000000,0.000000000,0.000000000,0.000000000,1.000000000
1790226880681800776,1790226880,681800776,1790226880690196069,FL_thigh,0.673256415,0.000000000,0.739409088,0.193400000,-0.114359012,0.987967331,0.104127660,0.140850880,-0.730512023,-0.154662708,0.665155344,-0.014770289,0.000000000,0.000000000,0.000000000,1.000000000
1790226880681800776,1790226880,681800776,1790226880690196069,FL_calf,0.785096673,-0.000000000,-0.619373243,0.035905864,0.095793943,0.987967331,0.121425177,0.118671688,0.611920530,-0.154662708,0.775649864,-0.156448377,0.000000000,0.000000000,0.000000000,1.000000000
1790226880681800776,1790226880,681800776,1790226880690196069,FL_calflower,0.815071267,0.000000000,-0.579360708,0.143275038,0.089605496,0.987967331,0.126061129,0.102616641,0.572389452,-0.154662708,0.805263784,-0.259006146,0.000000000,0.000000000,0.000000000,1.000000000
1790226880681800776,1790226880,681800776,1790226880690196069,FL_calflower1,0.990500785,0.000000000,-0.137507069,0.158298753,0.021267216,0.987967331,0.153193533,0.096678141,0.135852492,-0.154662708,0.978582417,-0.296940592,0.000000000,0.000000000,0.000000000,1.000000000
1790226880681800776,1790226880,681800776,1790226880690196069,FL_foot,0.785096673,-0.000000000,-0.619373243,0.167832365,0.095793943,0.987967331,0.121425177,0.092808126,0.611920530,-0.154662708,0.775649864,-0.321661798,0.000000000,0.000000000,0.000000000,1.000000000
1790226880681800776,1790226880,681800776,1790226880690196069,FR_hip,1.000000000,0.000000000,0.000000000,0.193400000,0.000000000,0.992994383,-0.118161567,-0.046500000,0.000000000,0.118161567,0.992994383,0.000000000,0.000000000,0.000000000,0.000000000,1.000000000
1790226880681800776,1790226880,681800776,1790226880690196069,FR_thigh,0.706496216,0.000000000,0.707716820,0.193400000,0.083624928,0.992994383,-0.083480700,-0.141330964,-0.702758826,0.118161567,0.701546774,-0.011284430,0.000000000,0.000000000,0.000000000,1.000000000
1790226880681800776,1790226880,681800776,1790226880690196069,FR_calf,0.737400283,0.000000000,-0.675456010,0.042656317,-0.079812940,0.992994383,-0.087132373,-0.123549575,0.670724024,0.118161567,0.732234339,-0.160713892,0.000000000,0.000000000,0.000000000,1.000000000
1790226880681800776,1790226880,681800776,1790226880690196069,FR_calflower,0.770237455,0.000000000,-0.637757213,0.157371813,-0.075358391,0.992994383,-0.091012464,-0.112250242,0.633289330,0.118161567,0.764841467,-0.255670094,0.000000000,0.000000000,0.000000000,1.000000000
1790226880681800776,1790226880,681800776,1790226880690196069,FR_calflower1,0.977699712,-0.000000000,-0.210007793,0.175179727,-0.024814850,0.992994383,-0.115526530,-0.107856160,0.208536558,0.118161567,0.970850322,-0.292596646,0.000000000,0.000000000,0.000000000,1.000000000
1790226880681800776,1790226880,681800776,1790226880690196069,FR_foot,0.737400283,0.000000000,-0.675456010,0.186528448,-0.079812940,0.992994383,-0.087132373,-0.104990379,0.670724024,0.118161567,0.732234339,-0.316679807,0.000000000,0.000000000,0.000000000,1.000000000
1790226880681800776,1790226880,681800776,1790226880690196069,RL_hip,1.000000000,-0.000000000,0.000000000,-0.193400000,0.000000000,0.999766608,0.021603930,0.046500000,-0.000000000,-0.021603930,0.999766608,0.000000000,0.000000000,0.000000000,0.000000000,1.000000000
1790226880681800776,1790226880,681800776,1790226880690196069,RL_thigh,0.738167893,-0.000000000,0.674617048,-0.193400000,-0.014574379,0.999766608,0.015947327,0.141977711,-0.674459598,-0.021603930,0.737995610,-0.002063175,0.000000000,0.000000000,0.000000000,1.000000000
1790226880681800776,1790226880,681800776,1790226880690196069,RL_calf,0.752736780,0.000000000,-0.658321609,-0.337093431,0.014222334,0.999766608,0.016262073,0.138580930,0.658167962,-0.021603930,0.752561097,-0.159256240,0.000000000,0.000000000,0.000000000,1.000000000
1790226880681800776,1790226880,681800776,1790226880690196069,RL_calflower,0.784698422,0.000000000,-0.619877719,-0.224607098,0.013391795,0.999766608,0.016952570,0.136458590,0.619733045,-0.021603930,0.784515279,-0.257471923,0.000000000,0.000000000,0.000000000,1.000000000
1790226880681800776,1790226880,681800776,1790226880690196069,RL_calflower1,0.982270138,0.000000000,-0.187470999,-0.207658973,0.004050110,0.999766608,0.021220895,0.135646569,0.187427245,-0.021603930,0.982040884,-0.295049865,0.000000000,0.000000000,0.000000000,1.000000000
1790226880681800776,1790226880,681800776,1790226880690196069,RL_foot,0.752736780,0.000000000,-0.658321609,-0.196870929,0.014222334,0.999766608,0.016262073,0.135117109,0.658167962,-0.021603930,0.752561097,-0.319551754,0.000000000,0.000000000,0.000000000,1.000000000
1790226880681800776,1790226880,681800776,1790226880690196069,RR_hip,1.000000000,0.000000000,0.000000000,-0.193400000,0.000000000,0.999999723,-0.000744425,-0.046500000,0.000000000,0.000744425,0.999999723,0.000000000,0.000000000,0.000000000,0.000000000,1.000000000
1790226880681800776,1790226880,681800776,1790226880690196069,RR_thigh,0.711794299,-0.000000000,0.702387981,-0.193400000,0.000522875,0.999999723,-0.000529877,-0.141999974,-0.702387787,0.000744425,0.711794102,-0.000071093,0.000000000,0.000000000,0.000000000,1.000000000
1790226880681800776,1790226880,681800776,1790226880690196069,RR_calf,0.779623792,-0.000000000,-0.626248148,-0.343008640,-0.000466195,0.999999723,-0.000580371,-0.141887110,0.626247974,0.000744425,0.779623576,-0.151683236,0.000000000,0.000000000,0.000000000,1.000000000
1790226880681800776,1790226880,681800776,1790226880690196069,RR_calflower,0.809948828,0.000000000,-0.586500551,-0.234731438,-0.000436605,0.999999723,-0.000602946,-0.141810539,0.586500389,0.000744425,0.809948603,-0.254542566,0.000000000,0.000000000,0.000000000,1.000000000
1790226880681800776,1790226880,681800776,1790226880690196069,RR_calflower1,0.989254239,0.000000000,-0.146205509,-0.219370904,-0.000108839,0.999999723,-0.000736425,-0.141782055,0.146205469,0.000744425,0.989253965,-0.292805514,0.000000000,0.000000000,0.000000000,1.000000000
1790226880681800776,1790226880,681800776,1790226880690196069,RR_foot,0.779623792,-0.000000000,-0.626248148,-0.209617784,-0.000466195,0.999999723,-0.000580371,-0.141763491,0.626247974,0.000744425,0.779623576,-0.317743058,0.000000000,0.000000000,0.000000000,1.000000000
1790226880754426332,1790226880,754426332,1790226880756830798,FL_hip,1.000000000,-0.000000000,0.000000000,0.193400000,0.000000000,0.987967331,0.154662708,0.046500000,-0.000000000,-0.154662708,0.987967331,0.000000000,0.000000000,0.000000000,0.000000000,1.000000000
1790226880754426332,1790226880,754426332,1790226880756830798,FL_thigh,0.673189247,-0.000000000,0.739470242,0.193400000,-0.114368470,0.987967331,0.104117272,0.140850880,-0.730572441,-0.154662708,0.665088983,-0.014770289,0.000000000,0.000000000,0.000000000,1.000000000
1790226880754426332,1790226880,754426332,1790226880756830798,FL_calf,0.785152932,0.000000000,-0.619301924,0.035892839,0.095782912,0.987967331,0.121433878,0.118673901,0.611850069,-0.154662708,0.775705447,-0.156434242,0.000000000,0.000000000,0.000000000,1.000000000
1790226880754426332,1790226880,754426332,1790226880756830798,FL_calflower,0.815123891,-0.000000000,-0.579286667,0.143252582,0.089594044,0.987967331,0.126069268,0.102617345,0.572316302,-0.154662708,0.805315775,-0.259001647,0.000000000,0.000000000,0.000000000,1.000000000
1790226880754426332,1790226880,754426332,1790226880756830798,FL_calflower1,0.990513272,0.000000000,-0.137417094,0.158272810,0.021253300,0.987967331,0.153195465,0.096678634,0.135763599,-0.154662708,0.978594754,-0.296937441,0.000000000,0.000000000,0.000000000,1.000000000
1790226880754426332,1790226880,754426332,1790226880756830798,FL_foot,0.785152932,0.000000000,-0.619301924,0.167804148,0.095782912,0.987967331,0.121433878,0.092808485,0.611850069,-0.154662708,0.775705447,-0.321659502,0.000000000,0.000000000,0.000000000,1.000000000
1790226880754426332,1790226880,754426332,1790226880756830798,FR_hip,1.000000000,0.000000000,0.000000000,0.193400000,0.000000000,0.993005112,-0.118071365,-0.046500000,0.000000000,0.118071365,0.993005112,0.000000000,0.000000000,0.000000000,0.000000000,1.000000000
1790226880754426332,1790226880,754426332,1790226880756830798,FR_thigh,0.706431926,0.000000000,0.707780993,0.193400000,0.083568668,0.993005112,-0.083409382,-0.141331988,-0.702830144,0.118071365,0.701490514,-0.011275815,0.000000000,0.000000000,0.000000000,1.000000000
1790226880754426332,1790226880,754426332,1790226880756830798,FR_calf,0.737482973,0.000000000,-0.675365727,0.042642648,-0.079741353,0.993005112,-0.087075621,-0.123565790,0.670641620,0.118071365,0.732324362,-0.160693295,0.000000000,0.000000000,0.000000000,1.000000000
1790226880754426332,1790226880,754426332,1790226880756830798,FR_calflower,0.770315529,-0.000000000,-0.637662909,0.157346436,-0.075289730,0.993005112,-0.090952206,-0.112273425,0.633202529,0.118071365,0.764927258,-0.255664468,0.000000000,0.000000000,0.000000000,1.000000000
1790226880754426332,1790226880,754426332,1790226880756830798,FR_calflower1,0.977725416,-0.000000000,-0.209888093,0.175149797,-0.024781774,0.993005112,-0.115441374,-0.107882439,0.208419950,0.118071365,0.970886336,-0.292593584,0.000000000,0.000000000,0.000000000,1.000000000
1790226880754426332,1790226880,754426332,1790226880756830798,FR_foot,0.737482973,0.000000000,-0.675365727,0.186495548,-0.079741353,0.993005112,-0.087075621,-0.105018683,0.670641620,0.118071365,0.732324362,-0.316678384,0.000000000,0.000000000,0.000000000,1.000000000
1790226880754426332,1790226880,754426332,1790226880756830798,RL_hip,1.000000000,-0.000000000,0.000000000,-0.193400000,0.000000000,0.999765953,0.021634202,0.046500000,-0.000000000,-0.021634202,0.999765953,0.000000000,0.000000000,0.000000000,0.000000000,1.000000000
1790226880754426332,1790226880,754426332,1790226880756830798,RL_thigh,0.738167893,-0.000000000,0.674617048,-0.193400000,-0.014594802,0.999765953,0.015969673,0.141977649,-0.674459157,-0.021634202,0.737995127,-0.002066066,0.000000000,0.000000000,0.000000000,1.000000000
1790226880754426332,1790226880,754426332,1790226880756830798,RL_calf,0.752747217,0.000000000,-0.658309674,-0.337093431,0.014242004,0.999765953,0.016285085,0.138576108,0.658155599,-0.021634202,0.752571039,-0.159259028,0.000000000,0.000000000,0.000000000,1.000000000
1790226880754426332,1790226880,754426332,1790226880756830798,RL_calflower,0.784708250,0.000000000,-0.619865278,-0.224608655,0.013410291,0.999765953,0.016976537,0.136450756,0.619720200,-0.021634202,0.784524591,-0.257476430,0.000000000,0.000000000,0.000000000,1.000000000
1790226880754426332,1790226880,754426332,1790226880756830798,RL_calflower1,0.982273110,0.000000000,-0.187455426,-0.207661127,0.004055449,0.999765953,0.021250695,0.135637591,0.187411552,-0.021634202,0.982043213,-0.295054616,0.000000000,0.000000000,0.000000000,1.000000000
1790226880754426332,1790226880,754426332,1790226880756830798,RL_foot,0.752747217,0.000000000,-0.658309674,-0.196873471,0.014242004,0.999765953,0.016285085,0.135107385,0.658155599,-0.021634202,0.752571039,-0.319556660,0.000000000,0.000000000,0.000000000,1.000000000
1790226880754426332,1790226880,754426332,1790226880756830798,RR_hip,1.000000000,0.000000000,0.000000000,-0.193400000,0.000000000,0.999999700,-0.000774702,-0.046500000,0.000000000,0.000774702,0.999999700,0.000000000,0.000000000,0.000000000,0.000000000,1.000000000
1790226880754426332,1790226880,754426332,1790226880756830798,RR_thigh,0.711730493,0.000000000,0.702452636,-0.193400000,0.000544191,0.999999700,-0.000551379,-0.141999971,-0.702452425,0.000774702,0.711730279,-0.000073984,0.000000000,0.000000000,0.000000000,1.000000000
1790226880754426332,1790226880,754426332,1790226880756830798,RR_calf,0.779700457,0.000000000,-0.626152695,-0.343022411,-0.000485082,0.999999700,-0.000604035,-0.141882528,0.626152508,0.000774702,0.779700223,-0.151672534,0.000000000,0.000000000,0.000000000,1.000000000
1790226880754426332,1790226880,754426332,1790226880756830798,RR_calflower,0.810020626,-0.000000000,-0.586401387,-0.234757803,-0.000454286,0.999999700,-0.000627525,-0.141802832,0.586401211,0.000774702,0.810020383,-0.254545116,0.000000000,0.000000000,0.000000000,1.000000000
1790226880754426332,1790226880,754426332,1790226880756830798,RR_calflower1,0.989272131,-0.000000000,-0.146084396,-0.219401954,-0.000113172,0.999999700,-0.000766391,-0.141773188,0.146084352,0.000774702,0.989271834,-0.292809944,0.000000000,0.000000000,0.000000000,1.000000000
1790226880754426332,1790226880,754426332,1790226880756830798,RR_foot,0.779700457,0.000000000,-0.626152695,-0.209651887,-0.000485082,0.999999700,-0.000604035,-0.141753868,0.626152508,0.000774702,0.779700223,-0.317748681,0.000000000,0.000000000,0.000000000,1.000000000
1790226880837460303,1790226880,837460303,1790226880856926076,FL_hip,1.000000000,-0.000000000,0.000000000,0.193400000,0.000000000,0.987962647,0.154692622,0.046500000,-0.000000000,-0.154692622,0.987962647,0.000000000,0.000000000,0.000000000,0.000000000,1.000000000
1790226880837460303,1790226880,837460303,1790226880856926076,FL_thigh,0.673099724,0.000000000,0.739551731,0.193400000,-0.114403197,0.987962647,0.104123561,0.140850433,-0.730649486,-0.154692622,0.664997385,-0.014773145,0.000000000,0.000000000,0.000000000,1.000000000
1790226880837460303,1790226880,837460303,1790226880856926076,FL_calf,0.785227897,-0.000000000,-0.619206871,0.035875481,0.095786735,0.987962647,0.121468963,0.118672114,0.611753260,-0.154692622,0.775775832,-0.156417588,0.000000000,0.000000000,0.000000000,1.000000000
1790226880837460303,1790226880,837460303,1790226880856926076,FL_calflower,0.815194012,0.000000000,-0.579187986,0.143222656,0.089596108,0.987962647,0.126104499,0.102610442,0.572216096,-0.154692622,0.805381234,-0.258997346,0.000000000,0.000000000,0.000000000,1.000000000
1790226880837460303,1790226880,837460303,1790226880856926076,FL_calflower1,0.990529900,0.000000000,-0.137297184,0.158238236,0.021238861,0.987962647,0.153227668,0.096670301,0.135644490,-0.154692622,0.978606542,-0.296934757,0.000000000,0.000000000,0.000000000,1.000000000
1790226880837460303,1790226880,837460303,1790226880856926076,FL_foot,0.785227897,-0.000000000,-0.619206871,0.167766545,0.095786735,0.987962647,0.121468963,0.092799225,0.611753260,-0.154692622,0.775775832,-0.321657841,0.000000000,0.000000000,0.000000000,1.000000000
1790226880837460303,1790226880,837460303,1790226880856926076,FR_hip,1.000000000,0.000000000,0.000000000,0.193400000,0.000000000,0.993008687,-0.118041298,-0.046500000,0.000000000,0.118041298,0.993008687,0.000000000,0.000000000,0.000000000,0.000000000,1.000000000
1790226880837460303,1790226880,837460303,1790226880856926076,FR_thigh,0.706410495,0.000000000,0.707802383,0.193400000,0.083549912,0.993008687,-0.083385611,-0.141332330,-0.702853915,0.118041298,0.701471758,-0.011272944,0.000000000,0.000000000,0.000000000,1.000000000
1790226880837460303,1790226880,837460303,1790226880856926076,FR_calf,0.737482087,-0.000000000,-0.675366694,0.042638092,-0.079721161,0.993008687,-0.087053342,-0.123571194,0.670644994,0.118041298,0.732326119,-0.160686428,0.000000000,0.000000000,0.000000000,1.000000000
1790226880837460303,1790226880,837460303,1790226880856926076,FR_calflower,0.770314693,-0.000000000,-0.637663920,0.157342005,-0.075270676,0.993008687,-0.090928946,-0.112281723,0.633205811,0.118041298,0.764929181,-0.255657794,0.000000000,0.000000000,0.000000000,1.000000000
1790226880837460303,1790226880,837460303,1790226880856926076,FR_calflower1,0.977725140,0.000000000,-0.209889375,0.175145415,-0.024775614,0.993008687,-0.115411944,-0.107891858,0.208421973,0.118041298,0.970889558,-0.292587019,0.000000000,0.000000000,0.000000000,1.000000000
1790226880837460303,1790226880,837460303,1790226880856926076,FR_foot,0.737482087,-0.000000000,-0.675366694,0.186491198,-0.079721161,0.993008687,-0.087053342,-0.105028832,0.670644994,0.118041298,0.732326119,-0.316671892,0.000000000,0.000000000,0.000000000,1.000000000
1790226880837460303,1790226880,837460303,1790226880856926076,RL_hip,1.000000000,-0.000000000,0.000000000,-0.193400000,0.000000000,0.999765953,0.021634202,0.046500000,-0.000000000,-0.021634202,0.999765953,0.000000000,0.000000000,0.000000000,0.000000000,1.000000000
1790226880837460303,1790226880,837460303,1790226880856926076,RL_thigh,0.738106609,0.000000000,0.674684099,-0.193400000,-0.014596252,0.999765953,0.015968348,0.141977649,-0.674526191,-0.021634202,0.737933858,-0.002066066,0.000000000,0.000000000,0.000000000,1.000000000
1790226880837460303,1790226880,837460303,1790226880856926076,RL_calf,0.752807013,0.000000000,-0.658241294,-0.337107713,0.014240525,0.999765953,0.016286379,0.138576391,0.658087235,-0.021634202,0.752630821,-0.159245978,0.000000000,0.000000000,0.000000000,1.000000000
1790226880837460303,1790226880,837460303,1790226880856926076,RL_calflower,0.784764554,0.000000000,-0.619793994,-0.224631861,0.013408749,0.999765953,0.016977755,0.136450817,0.619648934,-0.021634202,0.784580882,-0.257473595,0.000000000,0.000000000,0.000000000,1.000000000
1790226880837460303,1790226880,837460303,1790226880856926076,RL_calflower1,0.982290134,0.000000000,-0.187366198,-0.207687747,0.004053518,0.999765953,0.021251063,0.135637619,0.187322345,-0.021634202,0.982060233,-0.295053319,0.000000000,0.000000000,0.000000000,1.000000000
1790226880837460303,1790226880,837460303,1790226880856926076,RL_foot,0.752807013,0.000000000,-0.658241294,-0.196902318,0.014240525,0.999765953,0.016286379,0.135107392,0.658087235,-0.021634202,0.752630821,-0.319556343,0.000000000,0.000000000,0.000000000,1.000000000
1790226880837460303,1790226880,837460303,1790226880856926076,RR_hip,1.000000000,0.000000000,0.000000000,-0.193400000,0.000000000,0.999999723,-0.000744425,-0.046500000,0.000000000,0.000744425,0.999999723,0.000000000,0.000000000,0.000000000,0.000000000,1.000000000
1790226880837460303,1790226880,837460303,1790226880856926076,RR_thigh,0.711709223,0.000000000,0.702474186,-0.193400000,0.000522939,0.999999723,-0.000529814,-0.141999974,-0.702473992,0.000744425,0.711709026,-0.000071093,0.000000000,0.000000000,0.000000000,1.000000000
1790226880837460303,1790226880,837460303,1790226880856926076,RR_calf,0.779719416,0.000000000,-0.626129086,-0.343027002,-0.000466106,0.999999723,-0.000580442,-0.141887123,0.626128913,0.000744425,0.779719200,-0.151665115,0.000000000,0.000000000,0.000000000,1.000000000
1790226880837460303,1790226880,837460303,1790226880856926076,RR_calflower,0.810038381,-0.000000000,-0.586376859,-0.234765509,-0.000436513,0.999999723,-0.000603013,-0.141810540,0.586376697,0.000744425,0.810038157,-0.254540978,0.000000000,0.000000000,0.000000000,1.000000000
1790226880837460303,1790226880,837460303,1790226880856926076,RR_calflower1,0.989276554,-0.000000000,-0.146054441,-0.219410818,-0.000108727,0.999999723,-0.000736442,-0.141782054,0.146054401,0.000744425,0.989276280,-0.292806272,0.000000000,0.000000000,0.000000000,1.000000000
1790226880837460303,1790226880,837460303,1790226880856926076,RR_foot,0.779719416,0.000000000,-0.626129086,-0.209661506,-0.000466106,0.999999723,-0.000580442,-0.141763489,0.626128913,0.000744425,0.779719200,-0.317745305,0.000000000,0.000000000,0.000000000,1.000000000
1790226880881863470,1790226880,881863470,1790226880890335218,FL_hip,1.000000000,-0.000000000,0.000000000,0.193400000,0.000000000,0.987967331,0.154662708,0.046500000,-0.000000000,-0.154662708,0.987967331,0.000000000,0.000000000,0.000000000,0.000000000,1.000000000
1790226880881863470,1790226880,881863470,1790226880890335218,FL_thigh,0.673122072,-0.000000000,0.739531389,0.193400000,-0.114377927,0.987967331,0.104106882,0.140850880,-0.730632853,-0.154662708,0.665022617,-0.014770289,0.000000000,0.000000000,0.000000000,1.000000000
1790226880881863470,1790226880,881863470,1790226880890335218,FL_calf,0.785199367,0.000000000,-0.619243050,0.035879814,0.095773807,0.987967331,0.121441060,0.118676114,0.611791903,-0.154662708,0.775751323,-0.156420106,0.000000000,0.000000000,0.000000000,1.000000000
1790226880881863470,1790226880,881863470,1790226880890335218,FL_calflower,0.815167325,0.000000000,-0.579225545,0.143231773,0.089584591,0.987967331,0.126075986,0.102618313,0.572255916,-0.154662708,0.805358686,-0.258995464,0.000000000,0.000000000,0.000000000,1.000000000
1790226880881863470,1790226880,881863470,1790226880890335218,FL_calflower1,0.990523573,0.000000000,-0.137342822,0.158249121,0.021241813,0.987967331,0.153197058,0.096679428,0.135690221,-0.154662708,0.978604931,-0.296932370,0.000000000,0.000000000,0.000000000,1.000000000
1790226880881863470,1790226880,881863470,1790226880890335218,FL_foot,0.785199367,0.000000000,-0.619243050,0.167778584,0.095773807,0.987967331,0.121441060,0.092809168,0.611791903,-0.154662708,0.775751323,-0.321655138,0.000000000,0.000000000,0.000000000,1.000000000
1790226880881863470,1790226880,881863470,1790226880890335218,FR_hip,1.000000000,0.000000000,0.000000000,0.193400000,0.000000000,0.993008687,-0.118041298,-0.046500000,0.000000000,0.118041298,0.993008687,0.000000000,0.000000000,0.000000000,0.000000000,1.000000000
1790226880881863470,1790226880,881863470,1790226880890335218,FR_thigh,0.706367672,0.000000000,0.707845118,0.193400000,0.083554956,0.993008687,-0.083380557,-0.141332330,-0.702896352,0.118041298,0.701429235,-0.011272944,0.000000000,0.000000000,0.000000000,1.000000000
1790226880881863470,1790226880,881863470,1790226880890335218,FR_calf,0.737512237,0.000000000,-0.675333769,0.042628990,-0.079717274,0.993008687,-0.087056901,-0.123572271,0.670612299,0.118041298,0.732356058,-0.160677371,0.000000000,0.000000000,0.000000000,1.000000000
1790226880881863470,1790226880,881863470,1790226880890335218,FR_calflower,0.770343160,0.000000000,-0.637629529,0.157328632,-0.075266617,0.993008687,-0.090932306,-0.112282195,0.633171661,0.118041298,0.764957449,-0.255653821,0.000000000,0.000000000,0.000000000,1.000000000
1790226880881863470,1790226880,881863470,1790226880890335218,FR_calflower1,0.977734510,0.000000000,-0.209845726,0.175130382,-0.024770462,0.993008687,-0.115413050,-0.107892237,0.208378629,0.118041298,0.970898861,-0.292583836,0.000000000,0.000000000,0.000000000,1.000000000
1790226880881863470,1790226880,881863470,1790226880890335218,FR_foot,0.737512237,0.000000000,-0.675333769,0.186475083,-0.079717274,0.993008687,-0.087056901,-0.105029151,0.670612299,0.118041298,0.732356058,-0.316669211,0.000000000,0.000000000,0.000000000,1.000000000
1790226880881863470,1790226880,881863470,1790226880890335218,RL_hip,1.000000000,-0.000000000,0.000000000,-0.193400000,0.000000000,0.999767262,0.021573658,0.046500000,-0.000000000,-0.021573658,0.999767262,0.000000000,0.000000000,0.000000000,0.000000000,1.000000000
1790226880881863470,1790226880,881863470,1790226880890335218,RL_thigh,0.738086180,0.000000000,0.674706448,-0.193400000,-0.014555886,0.999767262,0.015923219,0.141977773,-0.674549418,-0.021573658,0.737914399,-0.002060284,0.000000000,0.000000000,0.000000000,1.000000000
1790226880881863470,1790226880,881863470,1790226880890335218,RL_calf,0.752816508,0.000000000,-0.658230435,-0.337112473,0.014200438,0.999767262,0.016241006,0.138586128,0.658077239,-0.021573658,0.752641298,-0.159236051,0.000000000,0.000000000,0.000000000,1.000000000
1790226880881863470,1790226880,881863470,1790226880890335218,RL_calflower,0.784773494,0.000000000,-0.619782675,-0.224638039,0.013370979,0.999767262,0.016930435,0.136466468,0.619638427,-0.021573658,0.784590847,-0.257465419,0.000000000,0.000000000,0.000000000,1.000000000
1790226880881863470,1790226880,881863470,1790226880890335218,RL_calflower1,0.982292837,0.000000000,-0.187352029,-0.207694467,0.004041869,0.999767262,0.021191650,0.135655541,0.187308425,-0.021573658,0.982064220,-0.295045437,0.000000000,0.000000000,0.000000000,1.000000000
1790226880881863470,1790226880,881863470,1790226880890335218,RL_foot,0.752816508,0.000000000,-0.658230435,-0.196909391,0.014200438,0.999767262,0.016241006,0.135126794,0.658077239,-0.021573658,0.752641298,-0.319548648,0.000000000,0.000000000,0.000000000,1.000000000
1790226880881863470,1790226880,881863470,1790226880890335218,RR_hip,1.000000000,0.000000000,0.000000000,-0.193400000,0.000000000,0.999999700,-0.000774702,-0.046500000,0.000000000,0.000774702,0.999999700,0.000000000,0.000000000,0.000000000,0.000000000,1.000000000
1790226880881863470,1790226880,881863470,1790226880890335218,RR_thigh,0.711666681,0.000000000,0.702517285,-0.193400000,0.000544242,0.999999700,-0.000551330,-0.141999971,-0.702517074,0.000774702,0.711666467,-0.000073984,0.000000000,0.000000000,0.000000000,1.000000000
1790226880881863470,1790226880,881863470,1790226880890335218,RR_calf,0.779757332,0.000000000,-0.626081867,-0.343036182,-0.000485027,0.999999700,-0.000604080,-0.141882538,0.626081679,0.000774702,0.779757098,-0.151658942,0.000000000,0.000000000,0.000000000,1.000000000
1790226880881863470,1790226880,881863470,1790226880890335218,RR_calflower,0.810073889,0.000000000,-0.586327804,-0.234780919,-0.000454229,0.999999700,-0.000627566,-0.141802835,0.586327628,0.000774702,0.810073646,-0.254541358,0.000000000,0.000000000,0.000000000,1.000000000
1790226880881863470,1790226880,881863470,1790226880890335218,RR_calflower1,0.989285397,-0.000000000,-0.145994532,-0.219428545,-0.000113102,0.999999700,-0.000766401,-0.141773190,0.145994488,0.000774702,0.989285100,-0.292807581,0.000000000,0.000000000,0.000000000,1.000000000
1790226880881863470,1790226880,881863470,1790226880890335218,RR_foot,0.779757332,0.000000000,-0.626081867,-0.209680744,-0.000485027,0.999999700,-0.000604080,-0.141753869,0.626081679,0.000774702,0.779757098,-0.317747203,0.000000000,0.000000000,0.000000000,1.000000000
1790226881483879682,1790226881,483879682,1790226881490283789,FL_hip,1.000000000,-0.000000000,0.000000000,0.193400000,0.000000000,0.987957963,0.154722537,0.046500000,-0.000000000,-0.154722537,0.987957963,0.000000000,0.000000000,0.000000000,0.000000000,1.000000000
1790226881483879682,1790226881,483879682,1790226881490283789,FL_thigh,0.673189247,0.000000000,0.739470242,0.193400000,-0.114412712,0.987957963,0.104157548,0.140849985,-0.730565514,-0.154722537,0.665082677,-0.014776002,0.000000000,0.000000000,0.000000000,1.000000000
1790226881483879682,1790226881,483879682,1790226881490283789,FL_calf,0.785143113,0.000000000,-0.619314373,0.035892839,0.095821891,0.987957963,0.121479334,0.118664428,0.611856566,-0.154722537,0.775688391,-0.156438612,0.000000000,0.000000000,0.000000000,1.000000000
1790226881483879682,1790226881,483879682,1790226881490283789,FL_calflower,0.815114706,0.000000000,-0.579299590,0.143254228,0.089630702,0.987957963,0.126116615,0.102601924,0.572323643,-0.154722537,0.805299065,-0.259003363,0.000000000,0.000000000,0.000000000,1.000000000
1790226881483879682,1790226881,483879682,1790226881490283789,FL_calflower1,0.990511093,0.000000000,-0.137432798,0.158275064,0.021263951,0.987957963,0.153254389,0.096660952,0.135777827,-0.154722537,0.978583322,-0.296938562,0.000000000,0.000000000,0.000000000,1.000000000
1790226881483879682,1790226881,483879682,1790226881490283789,FL_foot,0.785143113,0.000000000,-0.619314373,0.167806800,0.095821891,0.987957963,0.121479334,0.092789330,0.611856566,-0.154722537,0.775688391,-0.321660240,0.000000000,0.000000000,0.000000000,1.000000000
1790226881483879682,1790226881,483879682,1790226881490283789,FR_hip,1.000000000,0.000000000,0.000000000,0.193400000,0.000000000,0.993008687,-0.118041298,-0.046500000,0.000000000,0.118041298,0.993008687,0.000000000,0.000000000,0.000000000,0.000000000,1.000000000
1790226881483879682,1790226881,483879682,1790226881490283789,FR_thigh,0.706431926,0.000000000,0.707780993,0.193400000,0.083547387,0.993008687,-0.083388141,-0.141332330,-0.702832674,0.118041298,0.701493039,-0.011272944,0.000000000,0.000000000,0.000000000,1.000000000
1790226881483879682,1790226881,483879682,1790226881490283789,FR_calf,0.737482973,0.000000000,-0.675365727,0.042642648,-0.079721047,0.993008687,-0.087053447,-0.123570656,0.670644034,0.118041298,0.732326998,-0.160690961,0.000000000,0.000000000,0.000000000,1.000000000
1790226881483879682,1790226881,483879682,1790226881490283789,FR_calflower,0.770315529,-0.000000000,-0.637662909,0.157346436,-0.075270557,0.993008687,-0.090929045,-0.112281166,0.633204808,0.118041298,0.764930012,-0.255662476,0.000000000,0.000000000,0.000000000,1.000000000
1790226881483879682,1790226881,483879682,1790226881490283789,FR_calflower1,0.977725416,0.000000000,-0.209888093,0.175149797,-0.024775463,0.993008687,-0.115411977,-0.107891299,0.208420700,0.118041298,0.970889831,-0.292591725,0.000000000,0.000000000,0.000000000,1.000000000
1790226881483879682,1790226881,483879682,1790226881490283789,FR_foot,0.737482973,0.000000000,-0.675365727,0.186495548,-0.079721047,0.993008687,-0.087053447,-0.105028271,0.670644034,0.118041298,0.732326998,-0.316676612,0.000000000,0.000000000,0.000000000,1.000000000
1790226881483879682,1790226881,483879682,1790226881490283789,RL_hip,1.000000000,-0.000000000,0.000000000,-0.193400000,0.000000000,0.999764641,0.021694746,0.046500000,-0.000000000,-0.021694746,0.999764641,0.000000000,0.000000000,0.000000000,0.000000000,1.000000000
1790226881483879682,1790226881,483879682,1790226881490283789,RL_thigh,0.738106609,-0.000000000,0.674684099,-0.193400000,-0.014637100,0.999764641,0.016013036,0.141977523,-0.674525306,-0.021694746,0.737932889,-0.002071848,0.000000000,0.000000000,0.000000000,1.000000000
1790226881483879682,1790226881,483879682,1790226881490283789,RL_calf,0.752786219,0.000000000,-0.658265075,-0.337107713,0.014280894,0.999764641,0.016331506,0.138566747,0.658110147,-0.021694746,0.752609044,-0.159251554,0.000000000,0.000000000,0.000000000,1.000000000
1790226881483879682,1790226881,483879682,1790226881490283789,RL_calflower,0.784744974,-0.000000000,-0.619818785,-0.224628758,0.013446811,0.999764641,0.017024843,0.136435302,0.619672905,-0.021694746,0.784560277,-0.257475489,0.000000000,0.000000000,0.000000000,1.000000000
1790226881483879682,1790226881,483879682,1790226881490283789,RL_calflower1,0.982284215,-0.000000000,-0.187397229,-0.207683456,0.004065535,0.999764641,0.021310407,0.135619840,0.187353123,-0.021694746,0.982053026,-0.295054629,0.000000000,0.000000000,0.000000000,1.000000000
1790226881483879682,1790226881,483879682,1790226881490283789,RL_foot,0.752786219,0.000000000,-0.658265075,-0.196897252,0.014280894,0.999764641,0.016331506,0.135088136,0.658110147,-0.021694746,0.752609044,-0.319557280,0.000000000,0.000000000,0.000000000,1.000000000
1790226881483879682,1790226881,483879682,1790226881490283789,RR_hip,1.000000000,0.000000000,0.000000000,-0.193400000,0.000000000,0.999999723,-0.000744425,-0.046500000,0.000000000,0.000744425,0.999999723,0.000000000,0.000000000,0.000000000,0.000000000,1.000000000
1790226881483879682,1790226881,483879682,1790226881490283789,RR_thigh,0.711751762,-0.000000000,0.702431085,-0.193400000,0.000522907,0.999999723,-0.000529846,-0.141999974,-0.702430890,0.000744425,0.711751565,-0.000071093,0.000000000,0.000000000,0.000000000,1.000000000
1790226881483879682,1790226881,483879682,1790226881490283789,RR_calf,0.779681497,-0.000000000,-0.626176304,-0.343017821,-0.000466141,0.999999723,-0.000580414,-0.141887116,0.626176130,0.000744425,0.779681281,-0.151674176,0.000000000,0.000000000,0.000000000,1.000000000
1790226881483879682,1790226881,483879682,1790226881490283789,RR_calflower,0.810002869,-0.000000000,-0.586425913,-0.234750098,-0.000436550,0.999999723,-0.000602986,-0.141810538,0.586425750,0.000744425,0.810002645,-0.254543483,0.000000000,0.000000000,0.000000000,1.000000000
1790226881483879682,1790226881,483879682,1790226881490283789,RR_calflower1,0.989267707,-0.000000000,-0.146114350,-0.219393090,-0.000108771,0.999999723,-0.000736435,-0.141782053,0.146114310,0.000744425,0.989267433,-0.292807846,0.000000000,0.000000000,0.000000000,1.000000000
1790226881483879682,1790226881,483879682,1790226881490283789,RR_foot,0.779681497,-0.000000000,-0.626176304,-0.209642268,-0.000466141,0.999999723,-0.000580414,-0.141763488,0.626176130,0.000744425,0.779681281,-0.317746289,0.000000000,0.000000000,0.000000000,1.000000000
1790226881547238800,1790226881,547238800,1790226881556909868,FL_hip,1.000000000,-0.000000000,0.000000000,0.193400000,0.000000000,0.987953280,0.154752437,0.046500000,-0.000000000,-0.154752437,0.987953280,0.000000000,0.000000000,0.000000000,0.000000000,1.000000000
1790226881547238800,1790226881,547238800,1790226881556909868,FL_thigh,0.673189247,-0.000000000,0.739470242,0.193400000,-0.114434822,0.987953280,0.104177676,0.140849538,-0.730562051,-0.154752437,0.665079524,-0.014778858,0.000000000,0.000000000,0.000000000,1.000000000
1790226881547238800,1790226881,547238800,1790226881556909868,FL_calf,0.785143113,-0.000000000,-0.619314373,0.035892839,0.095840408,0.987953280,0.121502810,0.118659693,0.611853666,-0.154752437,0.775684714,-0.156440796,0.000000000,0.000000000,0.000000000,1.000000000
1790226881547238800,1790226881,547238800,1790226881556909868,FL_calflower,0.815114706,0.000000000,-0.579299590,0.143254228,0.089648023,0.987953280,0.126140987,0.102594085,0.572320930,-0.154752437,0.805295248,-0.259005061,0.000000000,0.000000000,0.000000000,1.000000000
1790226881547238800,1790226881,547238800,1790226881556909868,FL_calflower1,0.990511093,0.000000000,-0.137432798,0.158275064,0.021268060,0.987953280,0.153284005,0.096651966,0.135777184,-0.154752437,0.978578683,-0.296940080,0.000000000,0.000000000,0.000000000,1.000000000
1790226881547238800,1790226881,547238800,1790226881556909868,FL_foot,0.785143113,-0.000000000,-0.619314373,0.167806800,0.095840408,0.987953280,0.121502810,0.092779595,0.611853666,-0.154752437,0.775684714,-0.321661640,0.000000000,0.000000000,0.000000000,1.000000000
1790226881547238800,1790226881,547238800,1790226881556909868,FR_hip,1.000000000,0.000000000,0.000000000,0.193400000,0.000000000,0.993015833,-0.117981162,-0.046500000,0.000000000,0.117981162,0.993015833,0.000000000,0.000000000,0.000000000,0.000000000,1.000000000
1790226881547238800,1790226881,547238800,1790226881556909868,FR_thigh,0.706431926,0.000000000,0.707780993,0.193400000,0.083504824,0.993015833,-0.083345660,-0.141333012,-0.702837733,0.117981162,0.701498088,-0.011267201,0.000000000,0.000000000,0.000000000,1.000000000
1790226881547238800,1790226881,547238800,1790226881556909868,FR_calf,0.737450929,-0.000000000,-0.675400716,0.042642648,-0.079684562,0.993015833,-0.087005318,-0.123580387,0.670683605,0.117981162,0.732300449,-0.160686294,0.000000000,0.000000000,0.000000000,1.000000000
1790226881547238800,1790226881,547238800,1790226881556909868,FR_calflower,0.770285274,0.000000000,-0.637699457,0.157350973,-0.075236523,0.993015833,-0.090879152,-0.112297291,0.633245657,0.117981162,0.764905473,-0.255653088,0.000000000,0.000000000,0.000000000,1.000000000
1790226881547238800,1790226881,547238800,1790226881556909868,FR_calflower1,0.977715456,-0.000000000,-0.209934481,0.175156099,-0.024768314,0.993015833,-0.115352006,-0.107909759,0.208468264,0.117981162,0.970886929,-0.292581763,0.000000000,0.000000000,0.000000000,1.000000000
1790226881547238800,1790226881,547238800,1790226881556909868,FR_foot,0.737450929,-0.000000000,-0.675400716,0.186503001,-0.079684562,0.993015833,-0.087005318,-0.105048254,0.670683605,0.117981162,0.732300449,-0.316666289,0.000000000,0.000000000,0.000000000,1.000000000
1790226881547238800,1790226881,547238800,1790226881556909868,RL_hip,1.000000000,-0.000000000,0.000000000,-0.193400000,0.000000000,0.999764641,0.021694746,0.046500000,-0.000000000,-0.021694746,0.999764641,0.000000000,0.000000000,0.000000000,0.000000000,1.000000000
1790226881547238800,1790226881,547238800,1790226881556909868,RL_thigh,0.738106609,-0.000000000,0.674684099,-0.193400000,-0.014637100,0.999764641,0.016013036,0.141977523,-0.674525306,-0.021694746,0.737932889,-0.002071848,0.000000000,0.000000000,0.000000000,1.000000000
1790226881547238800,1790226881,547238800,1790226881556909868,RL_calf,0.752807013,0.000000000,-0.658241294,-0.337107713,0.014280378,0.999764641,0.016331957,0.138566747,0.658086371,-0.021694746,0.752629834,-0.159251554,0.000000000,0.000000000,0.000000000,1.000000000
1790226881547238800,1790226881,547238800,1790226881556909868,RL_calflower,0.784764554,-0.000000000,-0.619793994,-0.224631861,0.013446273,0.999764641,0.017025268,0.136435225,0.619648121,-0.021694746,0.784579852,-0.257479042,0.000000000,0.000000000,0.000000000,1.000000000
1790226881547238800,1790226881,547238800,1790226881556909868,RL_calflower1,0.982290134,0.000000000,-0.187366198,-0.207687747,0.004064862,0.999764641,0.021310535,0.135619751,0.187322099,-0.021694746,0.982058944,-0.295058717,0.000000000,0.000000000,0.000000000,1.000000000
1790226881547238800,1790226881,547238800,1790226881556909868,RL_foot,0.752807013,0.000000000,-0.658241294,-0.196902318,0.014280378,0.999764641,0.016331957,0.135088040,0.658086371,-0.021694746,0.752629834,-0.319561708,0.000000000,0.000000000,0.000000000,1.000000000
1790226881547238800,1790226881,547238800,1790226881556909868,RR_hip,1.000000000,0.000000000,0.000000000,-0.193400000,0.000000000,0.999999723,-0.000744425,-0.046500000,0.000000000,0.000744425,0.999999723,0.000000000,0.000000000,0.000000000,0.000000000,1.000000000
1790226881547238800,1790226881,547238800,1790226881556909868,RR_thigh,0.711751762,-0.000000000,0.702431085,-0.193400000,0.000522907,0.999999723,-0.000529846,-0.141999974,-0.702430890,0.000744425,0.711751565,-0.000071093,0.000000000,0.000000000,0.000000000,1.000000000
1790226881547238800,1790226881,547238800,1790226881556909868,RR_calf,0.779691425,-0.000000000,-0.626163942,-0.343017821,-0.000466132,0.999999723,-0.000580422,-0.141887116,0.626163769,0.000744425,0.779691209,-0.151674176,0.000000000,0.000000000,0.000000000,1.000000000
1790226881547238800,1790226881,547238800,1790226881556909868,RR_calflower,0.810012167,-0.000000000,-0.586413070,-0.234751729,-0.000436540,0.999999723,-0.000602993,-0.141810537,0.586412908,0.000744425,0.810011943,-0.254545199,0.000000000,0.000000000,0.000000000,1.000000000
1790226881547238800,1790226881,547238800,1790226881556909868,RR_calflower1,0.989270024,-0.000000000,-0.146098665,-0.219395328,-0.000108759,0.999999723,-0.000736437,-0.141782052,0.146098625,0.000744425,0.989269750,-0.292809806,0.000000000,0.000000000,0.000000000,1.000000000
1790226881547238800,1790226881,547238800,1790226881556909868,RR_foot,0.779691425,-0.000000000,-0.626163942,-0.209644901,-0.000466132,0.999999723,-0.000580422,-0.141763487,0.626163769,0.000744425,0.779691209,-0.317748403,0.000000000,0.000000000,0.000000000,1.000000000
1790226881612561382,1790226881,612561382,1790226881623782240,FL_hip,1.000000000,-0.000000000,0.000000000,0.193400000,0.000000000,0.987948594,0.154782351,0.046500000,-0.000000000,-0.154782351,0.987948594,0.000000000,0.000000000,0.000000000,0.000000000,1.000000000
1790226881612561382,1790226881,612561382,1790226881623782240,FL_thigh,0.673234026,-0.000000000,0.739429473,0.193400000,-0.114450632,0.987948594,0.104204745,0.140849091,-0.730518308,-0.154782351,0.665120610,-0.014781715,0.000000000,0.000000000,0.000000000,1.000000000
1790226881612561382,1790226881,612561382,1790226881623782240,FL_calf,0.785105607,0.000000000,-0.619361918,0.035901522,0.095866294,0.987948594,0.121520492,0.118653480,0.611897736,-0.154782351,0.775643980,-0.156452404,0.000000000,0.000000000,0.000000000,1.000000000
1790226881612561382,1790226881,612561382,1790226881623782240,FL_calflower,0.815079624,-0.000000000,-0.579348951,0.143269198,0.089672993,0.987948594,0.126159940,0.102585773,0.572366982,-0.154782351,0.805256768,-0.259009759,0.000000000,0.000000000,0.000000000,1.000000000
1790226881612561382,1790226881,612561382,1790226881623782240,FL_calflower1,0.990502769,0.000000000,-0.137492782,0.158292360,0.021281456,0.987948594,0.153312347,0.096642645,0.135835800,-0.154782351,0.978565817,-0.296943699,0.000000000,0.000000000,0.000000000,1.000000000
1790226881612561382,1790226881,612561382,1790226881623782240,FL_foot,0.785105607,0.000000000,-0.619361918,0.167825611,0.095866294,0.987948594,0.121520492,0.092769615,0.611897736,-0.154782351,0.775643980,-0.321664572,0.000000000,0.000000000,0.000000000,1.000000000
1790226881612561382,1790226881,612561382,1790226881623782240,FR_hip,1.000000000,0.000000000,0.000000000,0.193400000,0.000000000,0.993015833,-0.117981162,-0.046500000,0.000000000,0.117981162,0.993015833,0.000000000,0.000000000,0.000000000,0.000000000,1.000000000
1790226881612561382,1790226881,612561382,1790226881623782240,FR_thigh,0.706474787,0.000000000,0.707738211,0.193400000,0.083499777,0.993015833,-0.083350717,-0.141333012,-0.702795250,0.117981162,0.701540649,-0.011267201,0.000000000,0.000000000,0.000000000,1.000000000
1790226881612561382,1790226881,612561382,1790226881623782240,FR_calf,0.737420735,-0.000000000,-0.675433682,0.042651761,-0.079688451,0.993015833,-0.087001756,-0.123579309,0.670716341,0.117981162,0.732270466,-0.160695359,0.000000000,0.000000000,0.000000000,1.000000000
1790226881612561382,1790226881,612561382,1790226881623782240,FR_calflower,0.770256766,0.000000000,-0.637733890,0.157364361,-0.075240586,0.993015833,-0.090875789,-0.112296819,0.633279851,0.117981162,0.764877164,-0.255657061,0.000000000,0.000000000,0.000000000,1.000000000
1790226881612561382,1790226881,612561382,1790226881623782240,FR_calflower1,0.977706071,0.000000000,-0.209978189,0.175171149,-0.024773471,0.993015833,-0.115350899,-0.107909381,0.208511666,0.117981162,0.970877608,-0.292584946,0.000000000,0.000000000,0.000000000,1.000000000
1790226881612561382,1790226881,612561382,1790226881623782240,FR_foot,0.737420735,-0.000000000,-0.675433682,0.186519135,-0.079688451,0.993015833,-0.087001756,-0.105047936,0.670716341,0.117981162,0.732270466,-0.316668969,0.000000000,0.000000000,0.000000000,1.000000000
1790226881612561382,1790226881,612561382,1790226881623782240,RL_hip,1.000000000,-0.000000000,0.000000000,-0.193400000,0.000000000,0.999765953,0.021634202,0.046500000,-0.000000000,-0.021634202,0.999765953,0.000000000,0.000000000,0.000000000,0.000000000,1.000000000
1790226881612561382,1790226881,612561382,1790226881623782240,RL_thigh,0.738147466,0.000000000,0.674639399,-0.193400000,-0.014595285,0.999765953,0.015969231,0.141977649,-0.674481502,-0.021634202,0.737974705,-0.002066066,0.000000000,0.000000000,0.000000000,1.000000000
1790226881612561382,1790226881,612561382,1790226881623782240,RL_calf,0.752735916,0.000000000,-0.658322596,-0.337098192,0.014242284,0.999765953,0.016284841,0.138576202,0.658168518,-0.021634202,0.752559741,-0.159254678,0.000000000,0.000000000,0.000000000,1.000000000
1790226881612561382,1790226881,612561382,1790226881623782240,RL_calflower,0.784697609,0.000000000,-0.619878748,-0.224611730,0.013410582,0.999765953,0.016976307,0.136450891,0.619733668,-0.021634202,0.784513953,-0.257470150,0.000000000,0.000000000,0.000000000,1.000000000
1790226881612561382,1790226881,612561382,1790226881623782240,RL_calflower1,0.982269892,-0.000000000,-0.187472288,-0.207663556,0.004055813,0.999765953,0.021250625,0.135637733,0.187428410,-0.021634202,0.982039995,-0.295048044,0.000000000,0.000000000,0.000000000,1.000000000
1790226881612561382,1790226881,612561382,1790226881623782240,RL_foot,0.752735916,0.000000000,-0.658322596,-0.196875479,0.014242284,0.999765953,0.016284841,0.135107531,0.658168518,-0.021634202,0.752559741,-0.319549903,0.000000000,0.000000000,0.000000000,1.000000000
1790226881612561382,1790226881,612561382,1790226881623782240,RR_hip,1.000000000,0.000000000,0.000000000,-0.193400000,0.000000000,0.999999700,-0.000774702,-0.046500000,0.000000000,0.000774702,0.999999700,0.000000000,0.000000000,0.000000000,0.000000000,1.000000000
1790226881612561382,1790226881,612561382,1790226881623782240,RR_thigh,0.711773031,0.000000000,0.702409533,-0.193400000,0.000544158,0.999999700,-0.000551412,-0.141999971,-0.702409323,0.000774702,0.711772817,-0.000073984,0.000000000,0.000000000,0.000000000,1.000000000
1790226881612561382,1790226881,612561382,1790226881623782240,RR_calf,0.779662536,-0.000000000,-0.626199912,-0.343013231,-0.000485118,0.999999700,-0.000604006,-0.141882521,0.626199724,0.000774702,0.779662302,-0.151681594,0.000000000,0.000000000,0.000000000,1.000000000
1790226881612561382,1790226881,612561382,1790226881623782240,RR_calflower,0.809985113,0.000000000,-0.586450439,-0.234742393,-0.000454324,0.999999700,-0.000627497,-0.141802830,0.586450263,0.000774702,0.809984870,-0.254547620,0.000000000,0.000000000,0.000000000,1.000000000
1790226881612561382,1790226881,612561382,1790226881623782240,RR_calflower1,0.989263283,-0.000000000,-0.146144304,-0.219384227,-0.000113218,0.999999700,-0.000766384,-0.141773187,0.146144260,0.000774702,0.989262986,-0.292811518,0.000000000,0.000000000,0.000000000,1.000000000
1790226881612561382,1790226881,612561382,1790226881623782240,RR_foot,0.779662536,-0.000000000,-0.626199912,-0.209632649,-0.000485118,0.999999700,-0.000604006,-0.141753867,0.626199724,0.000774702,0.779662302,-0.317749665,0.000000000,0.000000000,0.000000000,1.000000000
1790226881683814187,1790226881,683814187,1790226881690368046,FL_hip,1.000000000,-0.000000000,0.000000000,0.193400000,0.000000000,0.987953280,0.154752437,0.046500000,-0.000000000,-0.154752437,0.987953280,0.000000000,0.000000000,0.000000000,0.000000000,1.000000000
1790226881683814187,1790226881,683814187,1790226881690368046,FL_thigh,0.673234026,0.000000000,0.739429473,0.193400000,-0.114428513,0.987953280,0.104184606,0.140849538,-0.730521773,-0.154752437,0.665123765,-0.014778858,0.000000000,0.000000000,0.000000000,1.000000000
1790226881683814187,1790226881,683814187,1790226881690368046,FL_calf,0.785105607,0.000000000,-0.619361918,0.035901522,0.095847766,0.987953280,0.121497006,0.118658217,0.611900639,-0.154752437,0.775647659,-0.156450220,0.000000000,0.000000000,0.000000000,1.000000000
1790226881683814187,1790226881,683814187,1790226881690368046,FL_calflower,0.815079624,0.000000000,-0.579348951,0.143269198,0.089655662,0.987953280,0.126135558,0.102593616,0.572369697,-0.154752437,0.805260587,-0.259008060,0.000000000,0.000000000,0.000000000,1.000000000
1790226881683814187,1790226881,683814187,1790226881690368046,FL_calflower1,0.990502769,0.000000000,-0.137492782,0.158292360,0.021277343,0.987953280,0.153282717,0.096651637,0.135836445,-0.154752437,0.978570459,-0.296942181,0.000000000,0.000000000,0.000000000,1.000000000
1790226881683814187,1790226881,683814187,1790226881690368046,FL_foot,0.785105607,0.000000000,-0.619361918,0.167825611,0.095847766,0.987953280,0.121497006,0.092779355,0.611900639,-0.154752437,0.775647659,-0.321663171,0.000000000,0.000000000,0.000000000,1.000000000
1790226881683814187,1790226881,683814187,1790226881690368046,FR_hip,1.000000000,0.000000000,0.000000000,0.193400000,0.000000000,0.993015833,-0.117981162,-0.046500000,0.000000000,0.117981162,0.993015833,0.000000000,0.000000000,0.000000000,0.000000000,1.000000000
1790226881683814187,1790226881,683814187,1790226881690368046,FR_thigh,0.706474787,0.000000000,0.707738211,0.193400000,0.083499777,0.993015833,-0.083350717,-0.141333012,-0.702795250,0.117981162,0.701540649,-0.011267201,0.000000000,0.000000000,0.000000000,1.000000000
1790226881683814187,1790226881,683814187,1790226881690368046,FR_calf,0.737442072,0.000000000,-0.675410387,0.042651761,-0.079685702,0.993015833,-0.087004273,-0.123579309,0.670693208,0.117981162,0.732291654,-0.160695359,0.000000000,0.000000000,0.000000000,1.000000000
1790226881683814187,1790226881,683814187,1790226881690368046,FR_calflower,0.770276912,0.000000000,-0.637709557,0.157361340,-0.075237715,0.993015833,-0.090878165,-0.112296391,0.633255687,0.117981162,0.764897169,-0.255660660,0.000000000,0.000000000,0.000000000,1.000000000
1790226881683814187,1790226881,683814187,1790226881690368046,FR_calflower1,0.977712703,-0.000000000,-0.209947302,0.175166953,-0.024769827,0.993015833,-0.115351681,-0.107908887,0.208480995,0.117981162,0.970884195,-0.292589104,0.000000000,0.000000000,0.000000000,1.000000000
1790226881683814187,1790226881,683814187,1790226881690368046,FR_foot,0.737442072,0.000000000,-0.675410387,0.186514173,-0.079685702,0.993015833,-0.087004273,-0.105047399,0.670693208,0.117981162,0.732291654,-0.316673482,0.000000000,0.000000000,0.000000000,1.000000000
1790226881683814187,1790226881,683814187,1790226881690368046,RL_hip,1.000000000,-0.000000000,0.000000000,-0.193400000,0.000000000,0.999765953,0.021634202,0.046500000,-0.000000000,-0.021634202,0.999765953,0.000000000,0.000000000,0.000000000,0.000000000,1.000000000
1790226881683814187,1790226881,683814187,1790226881690368046,RL_thigh,0.738167893,-0.000000000,0.674617048,-0.193400000,-0.014594802,0.999765953,0.015969673,0.141977649,-0.674459157,-0.021634202,0.737995127,-0.002066066,0.000000000,0.000000000,0.000000000,1.000000000
1790226881683814187,1790226881,683814187,1790226881690368046,RL_calf,0.752715983,-0.000000000,-0.658345388,-0.337093431,0.014242777,0.999765953,0.016284410,0.138576108,0.658191304,-0.021634202,0.752539812,-0.159259028,0.000000000,0.000000000,0.000000000,1.000000000
1790226881683814187,1790226881,683814187,1790226881690368046,RL_calflower,0.784678839,0.000000000,-0.619902508,-0.224603994,0.013411096,0.999765953,0.016975901,0.136450871,0.619757422,-0.021634202,0.784495188,-0.257471094,0.000000000,0.000000000,0.000000000,1.000000000
1790226881683814187,1790226881,683814187,1790226881690368046,RL_calflower1,0.982264215,-0.000000000,-0.187502030,-0.207654682,0.004056457,0.999765953,0.021250502,0.135637724,0.187458145,-0.021634202,0.982034320,-0.295048476,0.000000000,0.000000000,0.000000000,1.000000000
1790226881683814187,1790226881,683814187,1790226881690368046,RL_foot,0.752715983,-0.000000000,-0.658345388,-0.196865864,0.014242777,0.999765953,0.016284410,0.135107529,0.658191304,-0.021634202,0.752539812,-0.319550008,0.000000000,0.000000000,0.000000000,1.000000000
1790226881683814187,1790226881,683814187,1790226881690368046,RR_hip,1.000000000,0.000000000,0.000000000,-0.193400000,0.000000000,0.999999723,-0.000744425,-0.046500000,0.000000000,0.000744425,0.999999723,0.000000000,0.000000000,0.000000000,0.000000000,1.000000000
1790226881683814187,1790226881,683814187,1790226881690368046,RR_thigh,0.711794299,-0.000000000,0.702387981,-0.193400000,0.000522875,0.999999723,-0.000529877,-0.141999974,-0.702387787,0.000744425,0.711794102,-0.000071093,0.000000000,0.000000000,0.000000000,1.000000000
1790226881683814187,1790226881,683814187,1790226881690368046,RR_calf,0.779633721,-0.000000000,-0.626235787,-0.343008640,-0.000466185,0.999999723,-0.000580379,-0.141887110,0.626235613,0.000744425,0.779633505,-0.151683236,0.000000000,0.000000000,0.000000000,1.000000000
1790226881683814187,1790226881,683814187,1790226881690368046,RR_calflower,0.809958126,0.000000000,-0.586487710,-0.234733069,-0.000436596,0.999999723,-0.000602953,-0.141810537,0.586487547,0.000744425,0.809957902,-0.254544283,0.000000000,0.000000000,0.000000000,1.000000000
1790226881683814187,1790226881,683814187,1790226881690368046,RR_calflower1,0.989256557,0.000000000,-0.146189825,-0.219373142,-0.000108827,0.999999723,-0.000736427,-0.141782053,0.146189784,0.000744425,0.989256283,-0.292807474,0.000000000,0.000000000,0.000000000,1.000000000
1790226881683814187,1790226881,683814187,1790226881690368046,RR_foot,0.779633721,-0.000000000,-0.626235787,-0.209620417,-0.000466185,0.999999723,-0.000580379,-0.141763489,0.626235613,0.000744425,0.779633505,-0.317745173,0.000000000,0.000000000,0.000000000,1.000000000
1790226881747145636,1790226881,747145636,1790226881756904816,FL_hip,1.000000000,-0.000000000,0.000000000,0.193400000,0.000000000,0.987957963,0.154722537,0.046500000,-0.000000000,-0.154722537,0.987957963,0.000000000,0.000000000,0.000000000,0.000000000,1.000000000
1790226881747145636,1790226881,747145636,1790226881756904816,FL_thigh,0.673234026,-0.000000000,0.739429473,0.193400000,-0.114406404,0.987957963,0.104164477,0.140849985,-0.730525236,-0.154722537,0.665126917,-0.014776002,0.000000000,0.000000000,0.000000000,1.000000000
1790226881747145636,1790226881,747145636,1790226881756904816,FL_calf,0.785105607,0.000000000,-0.619361918,0.035901522,0.095829247,0.987957963,0.121473531,0.118662952,0.611903539,-0.154722537,0.775651336,-0.156448036,0.000000000,0.000000000,0.000000000,1.000000000
1790226881747145636,1790226881,747145636,1790226881756904816,FL_calflower,0.815079624,0.000000000,-0.579348951,0.143269198,0.089638340,0.987957963,0.126111187,0.102601454,0.572372410,-0.154722537,0.805264404,-0.259006363,0.000000000,0.000000000,0.000000000,1.000000000
1790226881747145636,1790226881,747145636,1790226881756904816,FL_calflower1,0.990502769,-0.000000000,-0.137492782,0.158292360,0.021273232,0.987957963,0.153253101,0.096660623,0.135837089,-0.154722537,0.978575098,-0.296940663,0.000000000,0.000000000,0.000000000,1.000000000
1790226881747145636,1790226881,747145636,1790226881756904816,FL_foot,0.785105607,0.000000000,-0.619361918,0.167825611,0.095829247,0.987957963,0.121473531,0.092789090,0.611903539,-0.154722537,0.775651336,-0.321661770,0.000000000,0.000000000,0.000000000,1.000000000
1790226881747145636,1790226881,747145636,1790226881756904816,FR_hip,1.000000000,0.000000000,0.000000000,0.193400000,0.000000000,0.993005112,-0.118071365,-0.046500000,0.000000000,0.118071365,0.993005112,0.000000000,0.000000000,0.000000000,0.000000000,1.000000000
1790226881747145636,1790226881,747145636,1790226881756904816,FR_thigh,0.706474787,0.000000000,0.707738211,0.193400000,0.083563617,0.993005112,-0.083414442,-0.141331988,-0.702787662,0.118071365,0.701533075,-0.011275815,0.000000000,0.000000000,0.000000000,1.000000000
1790226881747145636,1790226881,747145636,1790226881756904816,FR_calf,0.737431364,0.000000000,-0.675422078,0.042651761,-0.079748007,0.993005112,-0.087069528,-0.123564712,0.670697577,0.118071365,0.732273114,-0.160702360,0.000000000,0.000000000,0.000000000,1.000000000
1790226881747145636,1790226881,747145636,1790226881756904816,FR_calflower,0.770266801,-0.000000000,-0.637721770,0.157362856,-0.075296680,0.993005112,-0.090946453,-0.112273382,0.633260978,0.118071365,0.764878871,-0.255664830,0.000000000,0.000000000,0.000000000,1.000000000
1790226881747145636,1790226881,747145636,1790226881756904816,FR_calflower1,0.977709375,-0.000000000,-0.209962804,0.175169059,-0.024790595,0.993005112,-0.115439480,-0.107882557,0.208494137,0.118071365,0.970870407,-0.292592594,0.000000000,0.000000000,0.000000000,1.000000000
1790226881747145636,1790226881,747145636,1790226881756904816,FR_foot,0.737431364,0.000000000,-0.675422078,0.186516664,-0.079748007,0.993005112,-0.087069528,-0.105018903,0.670697577,0.118071365,0.732273114,-0.316676534,0.000000000,0.000000000,0.000000000,1.000000000
1790226881747145636,1790226881,747145636,1790226881756904816,RL_hip,1.000000000,-0.000000000,0.000000000,-0.193400000,0.000000000,0.999765953,0.021634202,0.046500000,-0.000000000,-0.021634202,0.999765953,0.000000000,0.000000000,0.000000000,0.000000000,1.000000000
1790226881747145636,1790226881,747145636,1790226881756904816,RL_thigh,0.738127038,-0.000000000,0.674661749,-0.193400000,-0.014595769,0.999765953,0.015968789,0.141977649,-0.674503847,-0.021634202,0.737954281,-0.002066066,0.000000000,0.000000000,0.000000000,1.000000000
1790226881747145636,1790226881,747145636,1790226881756904816,RL_calf,0.752776645,0.000000000,-0.658276023,-0.337102953,0.014241276,0.999765953,0.016285722,0.138576296,0.658121956,-0.021634202,0.752600460,-0.159250328,0.000000000,0.000000000,0.000000000,1.000000000
1790226881747145636,1790226881,747145636,1790226881756904816,RL_calflower,0.784735959,0.000000000,-0.619830198,-0.224622568,0.013409532,0.999765953,0.016977136,0.136450835,0.619685129,-0.021634202,0.784552294,-0.257472757,0.000000000,0.000000000,0.000000000,1.000000000
1790226881747145636,1790226881,747145636,1790226881756904816,RL_calflower1,0.982281489,0.000000000,-0.187411514,-0.207676720,0.004054499,0.999765953,0.021250876,0.135637654,0.187367651,-0.021634202,0.982051590,-0.295051700,0.000000000,0.000000000,0.000000000,1.000000000
1790226881747145636,1790226881,747145636,1790226881756904816,RL_foot,0.752776645,0.000000000,-0.658276023,-0.196890160,0.014241276,0.999765953,0.016285722,0.135107438,0.658121956,-0.021634202,0.752600460,-0.319554226,0.000000000,0.000000000,0.000000000,1.000000000
1790226881747145636,1790226881,747145636,1790226881756904816,RR_hip,1.000000000,0.000000000,0.000000000,-0.193400000,0.000000000,0.999999723,-0.000744425,-0.046500000,0.000000000,0.000744425,0.999999723,0.000000000,0.000000000,0.000000000,0.000000000,1.000000000
1790226881747145636,1790226881,747145636,1790226881756904816,RR_thigh,0.711773031,0.000000000,0.702409533,-0.193400000,0.000522891,0.999999723,-0.000529861,-0.141999974,-0.702409339,0.000744425,0.711772834,-0.000071093,0.000000000,0.000000000,0.000000000,1.000000000
1790226881747145636,1790226881,747145636,1790226881756904816,RR_calf,0.779652683,0.000000000,-0.626212180,-0.343013231,-0.000466168,0.999999723,-0.000580393,-0.141887113,0.626212007,0.000744425,0.779652467,-0.151678706,0.000000000,0.000000000,0.000000000,1.000000000
1790226881747145636,1790226881,747145636,1790226881756904816,RR_calflower,0.809975884,-0.000000000,-0.586463184,-0.234740774,-0.000436578,0.999999723,-0.000602966,-0.141810538,0.586463022,0.000744425,0.809975660,-0.254543031,0.000000000,0.000000000,0.000000000,1.000000000
1790226881747145636,1790226881,747145636,1790226881756904816,RR_calflower1,0.989260983,-0.000000000,-0.146159871,-0.219382006,-0.000108805,0.999999723,-0.000736430,-0.141782054,0.146159830,0.000744425,0.989260709,-0.292806688,0.000000000,0.000000000,0.000000000,1.000000000
1790226881747145636,1790226881,747145636,1790226881756904816,RR_foot,0.779652683,0.000000000,-0.626212180,-0.209630036,-0.000466168,0.999999723,-0.000580393,-0.141763489,0.626212007,0.000744425,0.779652467,-0.317744682,0.000000000,0.000000000,0.000000000,1.000000000
1790226881771723116,1790226881,771723116,1790226881823675619,FL_hip,1.000000000,-0.000000000,0.000000000,0.193400000,0.000000000,0.987962647,0.154692622,0.046500000,-0.000000000,-0.154692622,0.987962647,0.000000000,0.000000000,0.000000000,0.000000000,1.000000000
1790226881771723116,1790226881,771723116,1790226881823675619,FL_thigh,0.673234026,0.000000000,0.739429473,0.193400000,-0.114384284,0.987962647,0.104144337,0.140850433,-0.730528700,-0.154692622,0.665130071,-0.014773145,0.000000000,0.000000000,0.000000000,1.000000000
1790226881771723116,1790226881,771723116,1790226881823675619,FL_calf,0.785105607,0.000000000,-0.619361918,0.035901522,0.095810719,0.987962647,0.121450045,0.118667689,0.611906441,-0.154692622,0.775655014,-0.156445851,0.000000000,0.000000000,0.000000000,1.000000000
1790226881771723116,1790226881,771723116,1790226881823675619,FL_calflower,0.815079624,-0.000000000,-0.579348951,0.143269198,0.089621009,0.987962647,0.126086804,0.102609297,0.572375124,-0.154692622,0.805268223,-0.259004664,0.000000000,0.000000000,0.000000000,1.000000000
1790226881771723116,1790226881,771723116,1790226881823675619,FL_calflower1,0.990502769,-0.000000000,-0.137492782,0.158292360,0.021269119,0.987962647,0.153223471,0.096669614,0.135837733,-0.154692622,0.978579738,-0.296939144,0.000000000,0.000000000,0.000000000,1.000000000
1790226881771723116,1790226881,771723116,1790226881823675619,FL_foot,0.785105607,0.000000000,-0.619361918,0.167825611,0.095810719,0.987962647,0.121450045,0.092798829,0.611906441,-0.154692622,0.775655014,-0.321660369,0.000000000,0.000000000,0.000000000,1.000000000
1790226881771723116,1790226881,771723116,1790226881823675619,FR_hip,1.000000000,0.000000000,0.000000000,0.193400000,0.000000000,0.993005112,-0.118071365,-0.046500000,0.000000000,0.118071365,0.993005112,0.000000000,0.000000000,0.000000000,0.000000000,1.000000000
1790226881771723116,1790226881,771723116,1790226881823675619,FR_thigh,0.706474787,0.000000000,0.707738211,0.193400000,0.083563617,0.993005112,-0.083414442,-0.141331988,-0.702787662,0.118071365,0.701533075,-0.011275815,0.000000000,0.000000000,0.000000000,1.000000000
1790226881771723116,1790226881,771723116,1790226881823675619,FR_calf,0.737420735,-0.000000000,-0.675433682,0.042651761,-0.079749377,0.993005112,-0.087068273,-0.123564712,0.670709099,0.118071365,0.732262560,-0.160702360,0.000000000,0.000000000,0.000000000,1.000000000
1790226881771723116,1790226881,771723116,1790226881823675619,FR_calflower,0.770256766,0.000000000,-0.637733890,0.157364361,-0.075298111,0.993005112,-0.090945268,-0.112273595,0.633273013,0.118071365,0.764868906,-0.255663037,0.000000000,0.000000000,0.000000000,1.000000000
1790226881771723116,1790226881,771723116,1790226881823675619,FR_calflower1,0.977706071,0.000000000,-0.209978189,0.175171149,-0.024792411,0.993005112,-0.115439090,-0.107882803,0.208509415,0.118071365,0.970867126,-0.292590524,0.000000000,0.000000000,0.000000000,1.000000000
1790226881771723116,1790226881,771723116,1790226881823675619,FR_foot,0.737420735,-0.000000000,-0.675433682,0.186519135,-0.079749377,0.993005112,-0.087068273,-0.105019170,0.670709099,0.118071365,0.732262560,-0.316674286,0.000000000,0.000000000,0.000000000,1.000000000
1790226881771723116,1790226881,771723116,1790226881823675619,RL_hip,1.000000000,-0.000000000,0.000000000,-0.193400000,0.000000000,0.999765953,0.021634202,0.046500000,-0.000000000,-0.021634202,0.999765953,0.000000000,0.000000000,0.000000000,0.000000000,1.000000000
1790226881771723116,1790226881,771723116,1790226881823675619,RL_thigh,0.738147466,0.000000000,0.674639399,-0.193400000,-0.014595285,0.999765953,0.015969231,0.141977649,-0.674481502,-0.021634202,0.737974705,-0.002066066,0.000000000,0.000000000,0.000000000,1.000000000
1790226881771723116,1790226881,771723116,1790226881823675619,RL_calf,0.752746354,0.000000000,-0.658310661,-0.337098192,0.014242026,0.999765953,0.016285067,0.138576202,0.658156586,-0.021634202,0.752570176,-0.159254678,0.000000000,0.000000000,0.000000000,1.000000000
1790226881771723116,1790226881,771723116,1790226881823675619,RL_calflower,0.784707437,-0.000000000,-0.619866307,-0.224613287,0.013410313,0.999765953,0.016976519,0.136450853,0.619721229,-0.021634202,0.784523779,-0.257471933,0.000000000,0.000000000,0.000000000,1.000000000
1790226881771723116,1790226881,771723116,1790226881823675619,RL_calflower1,0.982272865,-0.000000000,-0.187456714,-0.207665709,0.004055476,0.999765953,0.021250690,0.135637689,0.187412840,-0.021634202,0.982042967,-0.295050096,0.000000000,0.000000000,0.000000000,1.000000000
1790226881771723116,1790226881,771723116,1790226881823675619,RL_foot,0.752746354,0.000000000,-0.658310661,-0.196878021,0.014242026,0.999765953,0.016285067,0.135107483,0.658156586,-0.021634202,0.752570176,-0.319552126,0.000000000,0.000000000,0.000000000,1.000000000
1790226881771723116,1790226881,771723116,1790226881823675619,RR_hip,1.000000000,0.000000000,0.000000000,-0.193400000,0.000000000,0.999999723,-0.000744425,-0.046500000,0.000000000,0.000744425,0.999999723,0.000000000,0.000000000,0.000000000,0.000000000,1.000000000
1790226881771723116,1790226881,771723116,1790226881823675619,RR_thigh,0.711751762,-0.000000000,0.702431085,-0.193400000,0.000522907,0.999999723,-0.000529846,-0.141999974,-0.702430890,0.000744425,0.711751565,-0.000071093,0.000000000,0.000000000,0.000000000,1.000000000
1790226881771723116,1790226881,771723116,1790226881823675619,RR_calf,0.779671643,0.000000000,-0.626188573,-0.343017821,-0.000466150,0.999999723,-0.000580407,-0.141887116,0.626188399,0.000744425,0.779671427,-0.151674176,0.000000000,0.000000000,0.000000000,1.000000000
1790226881771723116,1790226881,771723116,1790226881823675619,RR_calflower,0.809993642,-0.000000000,-0.586438659,-0.234748479,-0.000436559,0.999999723,-0.000602979,-0.141810539,0.586438496,0.000744425,0.809993417,-0.254541779,0.000000000,0.000000000,0.000000000,1.000000000
1790226881771723116,1790226881,771723116,1790226881823675619,RR_calflower1,0.989265408,0.000000000,-0.146129917,-0.219390870,-0.000108783,0.999999723,-0.000736434,-0.141782054,0.146129876,0.000744425,0.989265134,-0.292805901,0.000000000,0.000000000,0.000000000,1.000000000
1790226881771723116,1790226881,771723116,1790226881823675619,RR_foot,0.779671643,0.000000000,-0.626188573,-0.209639655,-0.000466150,0.999999723,-0.000580407,-0.141763490,0.626188399,0.000744425,0.779671427,-0.317744190,0.000000000,0.000000000,0.000000000,1.000000000
1790226881853506099,1790226881,853506099,1790226881890378606,FL_hip,1.000000000,-0.000000000,0.000000000,0.193400000,0.000000000,0.987957963,0.154722537,0.046500000,-0.000000000,-0.154722537,0.987957963,0.000000000,0.000000000,0.000000000,0.000000000,1.000000000
1790226881853506099,1790226881,853506099,1790226881890378606,FL_thigh,0.673144464,-0.000000000,0.739511008,0.193400000,-0.114419019,0.987957963,0.104150619,0.140849985,-0.730605789,-0.154722537,0.665038434,-0.014776002,0.000000000,0.000000000,0.000000000,1.000000000
1790226881853506099,1790226881,853506099,1790226881890378606,FL_calf,0.785180616,-0.000000000,-0.619266825,0.035884155,0.095814534,0.987957963,0.121485137,0.118665904,0.611809590,-0.154722537,0.775725442,-0.156429189,0.000000000,0.000000000,0.000000000,1.000000000
1790226881853506099,1790226881,853506099,1790226881890378606,FL_calflower,0.815149786,-0.000000000,-0.579250227,0.143239258,0.089623065,0.987957963,0.126122043,0.102602394,0.572274875,-0.154722537,0.805333722,-0.259000362,0.000000000,0.000000000,0.000000000,1.000000000
1790226881853506099,1790226881,853506099,1790226881890378606,FL_calflower1,0.990519414,0.000000000,-0.137372814,0.158257769,0.021254670,0.987957963,0.153255677,0.096661282,0.135718566,-0.154722537,0.978591543,-0.296936460,0.000000000,0.000000000,0.000000000,1.000000000
1790226881853506099,1790226881,853506099,1790226881890378606,FL_foot,0.785180616,-0.000000000,-0.619266825,0.167787989,0.095814534,0.987957963,0.121485137,0.092789569,0.611809590,-0.154722537,0.775725442,-0.321658708,0.000000000,0.000000000,0.000000000,1.000000000
1790226881853506099,1790226881,853506099,1790226881890378606,FR_hip,1.000000000,0.000000000,0.000000000,0.193400000,0.000000000,0.993012261,-0.118011230,-0.046500000,0.000000000,0.118011230,0.993012261,0.000000000,0.000000000,0.000000000,0.000000000,1.000000000
1790226881853506099,1790226881,853506099,1790226881890378606,FR_thigh,0.706410495,0.000000000,0.707802383,0.193400000,0.083528630,0.993012261,-0.083364371,-0.141332671,-0.702856444,0.118011230,0.701474282,-0.011270072,0.000000000,0.000000000,0.000000000,1.000000000
1790226881853506099,1790226881,853506099,1790226881890378606,FR_calf,0.737471379,-0.000000000,-0.675378387,0.042638092,-0.079702234,0.993012261,-0.087029905,-0.123576060,0.670659018,0.118011230,0.732318121,-0.160684095,0.000000000,0.000000000,0.000000000,1.000000000
1790226881853506099,1790226881,853506099,1790226881890378606,FR_calflower,0.770304583,0.000000000,-0.637676133,0.157343521,-0.075252945,0.993012261,-0.090904591,-0.112289679,0.633220218,0.118011230,0.764921895,-0.255653996,0.000000000,0.000000000,0.000000000,1.000000000
1790226881853506099,1790226881,853506099,1790226881890378606,FR_calflower1,0.977721812,-0.000000000,-0.209904877,0.175147521,-0.024771133,0.993012261,-0.115382154,-0.107900965,0.208438116,0.118011230,0.970889747,-0.292583074,0.000000000,0.000000000,0.000000000,1.000000000
1790226881853506099,1790226881,853506099,1790226881890378606,FR_foot,0.737471379,-0.000000000,-0.675378387,0.186493689,-0.079702234,0.993012261,-0.087029905,-0.105038690,0.670659018,0.118011230,0.732318121,-0.316667854,0.000000000,0.000000000,0.000000000,1.000000000
1790226881853506099,1790226881,853506099,1790226881890378606,RL_hip,1.000000000,-0.000000000,0.000000000,-0.193400000,0.000000000,0.999765298,0.021664474,0.046500000,-0.000000000,-0.021664474,0.999765298,0.000000000,0.000000000,0.000000000,0.000000000,1.000000000
1790226881853506099,1790226881,853506099,1790226881890378606,RL_thigh,0.738127038,-0.000000000,0.674661749,-0.193400000,-0.014616192,0.999765298,0.015991134,0.141977586,-0.674503405,-0.021664474,0.737953798,-0.002068957,0.000000000,0.000000000,0.000000000,1.000000000
1790226881853506099,1790226881,853506099,1790226881890378606,RL_calf,0.752776645,-0.000000000,-0.658276023,-0.337102953,0.014261204,0.999765298,0.016308510,0.138571474,0.658121524,-0.021664474,0.752599967,-0.159253116,0.000000000,0.000000000,0.000000000,1.000000000
1790226881853506099,1790226881,853506099,1790226881890378606,RL_calflower,0.784735959,0.000000000,-0.619830198,-0.224622568,0.013428295,0.999765298,0.017000892,0.136443039,0.619684723,-0.021664474,0.784551780,-0.257475481,0.000000000,0.000000000,0.000000000,1.000000000
1790226881853506099,1790226881,853506099,1790226881890378606,RL_calflower1,0.982281489,-0.000000000,-0.187411514,-0.207676720,0.004060172,0.999765298,0.021280612,0.135628720,0.187367529,-0.021664474,0.982050946,-0.295054399,0.000000000,0.000000000,0.000000000,1.000000000
1790226881853506099,1790226881,853506099,1790226881890378606,RL_foot,0.752776645,-0.000000000,-0.658276023,-0.196890160,0.014261204,0.999765298,0.016308510,0.135097762,0.658121524,-0.021664474,0.752599967,-0.319556909,0.000000000,0.000000000,0.000000000,1.000000000
1790226881853506099,1790226881,853506099,1790226881890378606,RR_hip,1.000000000,0.000000000,0.000000000,-0.193400000,0.000000000,0.999999700,-0.000774702,-0.046500000,0.000000000,0.000774702,0.999999700,0.000000000,0.000000000,0.000000000,0.000000000,1.000000000
1790226881853506099,1790226881,853506099,1790226881890378606,RR_thigh,0.711730493,0.000000000,0.702452636,-0.193400000,0.000544191,0.999999700,-0.000551379,-0.141999971,-0.702452425,0.000774702,0.711730279,-0.000073984,0.000000000,0.000000000,0.000000000,1.000000000
1790226881853506099,1790226881,853506099,1790226881890378606,RR_calf,0.779700457,0.000000000,-0.626152695,-0.343022411,-0.000485082,0.999999700,-0.000604035,-0.141882528,0.626152508,0.000774702,0.779700223,-0.151672534,0.000000000,0.000000000,0.000000000,1.000000000
1790226881853506099,1790226881,853506099,1790226881890378606,RR_calflower,0.810020626,-0.000000000,-0.586401387,-0.234757803,-0.000454286,0.999999700,-0.000627525,-0.141802832,0.586401211,0.000774702,0.810020383,-0.254545116,0.000000000,0.000000000,0.000000000,1.000000000
1790226881853506099,1790226881,853506099,1790226881890378606,RR_calflower1,0.989272131,-0.000000000,-0.146084396,-0.219401954,-0.000113172,0.999999700,-0.000766391,-0.141773188,0.146084352,0.000774702,0.989271834,-0.292809944,0.000000000,0.000000000,0.000000000,1.000000000
1790226881853506099,1790226881,853506099,1790226881890378606,RR_foot,0.779700457,0.000000000,-0.626152695,-0.209651887,-0.000485082,0.999999700,-0.000604035,-0.141753868,0.626152508,0.000774702,0.779700223,-0.317748681,0.000000000,0.000000000,0.000000000,1.000000000
1790226881931126874,1790226881,931126874,1790226881956883504,FL_hip,1.000000000,-0.000000000,0.000000000,0.193400000,0.000000000,0.987967331,0.154662708,0.046500000,-0.000000000,-0.154662708,0.987967331,0.000000000,0.000000000,0.000000000,0.000000000,1.000000000
1790226881931126874,1790226881,931126874,1790226881956883504,FL_thigh,0.673144464,-0.000000000,0.739511008,0.193400000,-0.114374775,0.987967331,0.104110345,0.140850880,-0.730612716,-0.154662708,0.665044740,-0.014770289,0.000000000,0.000000000,0.000000000,1.000000000
1790226881931126874,1790226881,931126874,1790226881956883504,FL_calf,0.785170798,0.000000000,-0.619279273,0.035884155,0.095779409,0.987967331,0.121436642,0.118675377,0.611827691,-0.154662708,0.775723097,-0.156424818,0.000000000,0.000000000,0.000000000,1.000000000
1790226881931126874,1790226881,931126874,1790226881956883504,FL_calflower,0.815140602,0.000000000,-0.579263151,0.143240904,0.089590407,0.987967331,0.126071853,0.102618342,0.572293069,-0.154662708,0.805332285,-0.258995283,0.000000000,0.000000000,0.000000000,1.000000000
1790226881931126874,1790226881,931126874,1790226881956883504,FL_calflower1,0.990517236,0.000000000,-0.137388519,0.158260024,0.021248880,0.987967331,0.153196078,0.096679564,0.135735368,-0.154662708,0.978598670,-0.296931505,0.000000000,0.000000000,0.000000000,1.000000000
1790226881931126874,1790226881,931126874,1790226881956883504,FL_foot,0.785170798,0.000000000,-0.619279273,0.167790641,0.095779409,0.987967331,0.121436642,0.092809372,0.611827691,-0.154662708,0.775723097,-0.321653838,0.000000000,0.000000000,0.000000000,1.000000000
1790226881931126874,1790226881,931126874,1790226881956883504,FR_hip,1.000000000,0.000000000,0.000000000,0.193400000,0.000000000,0.993008687,-0.118041298,-0.046500000,0.000000000,0.118041298,0.993008687,0.000000000,0.000000000,0.000000000,0.000000000,1.000000000
1790226881931126874,1790226881,931126874,1790226881956883504,FR_thigh,0.706410495,0.000000000,0.707802383,0.193400000,0.083549912,0.993008687,-0.083385611,-0.141332330,-0.702853915,0.118041298,0.701471758,-0.011272944,0.000000000,0.000000000,0.000000000,1.000000000
1790226881931126874,1790226881,931126874,1790226881956883504,FR_calf,0.737492714,-0.000000000,-0.675355089,0.042638092,-0.079719791,0.993008687,-0.087054597,-0.123571194,0.670633470,0.118041298,0.732336672,-0.160686428,0.000000000,0.000000000,0.000000000,1.000000000
1790226881931126874,1790226881,931126874,1790226881956883504,FR_calflower,0.770324727,0.000000000,-0.637651798,0.157340500,-0.075269246,0.993008687,-0.090930130,-0.112281510,0.633193775,0.118041298,0.764939145,-0.255659586,0.000000000,0.000000000,0.000000000,1.000000000
1790226881931126874,1790226881,931126874,1790226881956883504,FR_calflower1,0.977728443,0.000000000,-0.209873990,0.175143325,-0.024773798,0.993008687,-0.115412334,-0.107891612,0.208406695,0.118041298,0.970892837,-0.292589090,0.000000000,0.000000000,0.000000000,1.000000000
1790226881931126874,1790226881,931126874,1790226881956883504,FR_foot,0.737492714,-0.000000000,-0.675355089,0.186488726,-0.079719791,0.993008687,-0.087054597,-0.105028565,0.670633470,0.118041298,0.732336672,-0.316674139,0.000000000,0.000000000,0.000000000,1.000000000
1790226881931126874,1790226881,931126874,1790226881956883504,RL_hip,1.000000000,-0.000000000,0.000000000,-0.193400000,0.000000000,0.999766608,0.021603930,0.046500000,-0.000000000,-0.021603930,0.999766608,0.000000000,0.000000000,0.000000000,0.000000000,1.000000000
1790226881931126874,1790226881,931126874,1790226881956883504,RL_thigh,0.738065750,-0.000000000,0.674728796,-0.193400000,-0.014576794,0.999766608,0.015945121,0.141977711,-0.674571320,-0.021603930,0.737893491,-0.002063175,0.000000000,0.000000000,0.000000000,1.000000000
1790226881931126874,1790226881,931126874,1790226881956883504,RL_calf,0.752836438,-0.000000000,-0.658207640,-0.337117234,0.014219872,0.999766608,0.016264226,0.138581400,0.658054020,-0.021603930,0.752660732,-0.159234489,0.000000000,0.000000000,0.000000000,1.000000000
1790226881931126874,1790226881,931126874,1790226881956883504,RL_calflower,0.784792260,0.000000000,-0.619758912,-0.224645774,0.013389228,0.999766608,0.016954597,0.136458692,0.619614265,-0.021603930,0.784609095,-0.257467197,0.000000000,0.000000000,0.000000000,1.000000000
1790226881931126874,1790226881,931126874,1790226881956883504,RL_calflower1,0.982298509,-0.000000000,-0.187322286,-0.207703340,0.004046898,0.999766608,0.021221508,0.135646616,0.187278566,-0.021603930,0.982069249,-0.295047703,0.000000000,0.000000000,0.000000000,1.000000000
1790226881931126874,1790226881,931126874,1790226881956883504,RL_foot,0.752836438,-0.000000000,-0.658207640,-0.196919006,0.014219872,0.999766608,0.016264226,0.135117120,0.658054020,-0.021603930,0.752660732,-0.319551225,0.000000000,0.000000000,0.000000000,1.000000000
1790226881931126874,1790226881,931126874,1790226881956883504,RR_hip,1.000000000,0.000000000,0.000000000,-0.193400000,0.000000000,0.999999723,-0.000744425,-0.046500000,0.000000000,0.000744425,0.999999723,0.000000000,0.000000000,0.000000000,0.000000000,1.000000000
1790226881931126874,1790226881,931126874,1790226881956883504,RR_thigh,0.711687952,0.000000000,0.702495736,-0.193400000,0.000522955,0.999999723,-0.000529798,-0.141999974,-0.702495541,0.000744425,0.711687755,-0.000071093,0.000000000,0.000000000,0.000000000,1.000000000
1790226881931126874,1790226881,931126874,1790226881956883504,RR_calf,0.779738374,-0.000000000,-0.626105477,-0.343031592,-0.000466088,0.999999723,-0.000580456,-0.141887127,0.626105303,0.000744425,0.779738158,-0.151660584,0.000000000,0.000000000,0.000000000,1.000000000
1790226881931126874,1790226881,931126874,1790226881956883504,RR_calflower,0.810056136,0.000000000,-0.586352332,-0.234773214,-0.000436495,0.999999723,-0.000603026,-0.141810541,0.586352169,0.000744425,0.810055911,-0.254539726,0.000000000,0.000000000,0.000000000,1.000000000
1790226881931126874,1790226881,931126874,1790226881956883504,RR_calflower1,0.989280976,-0.000000000,-0.146024487,-0.219419682,-0.000108704,0.999999723,-0.000736445,-0.141782055,0.146024446,0.000744425,0.989280702,-0.292805484,0.000000000,0.000000000,0.000000000,1.000000000
1790226881931126874,1790226881,931126874,1790226881956883504,RR_foot,0.779738374,-0.000000000,-0.626105477,-0.209671125,-0.000466088,0.999999723,-0.000580456,-0.141763489,0.626105303,0.000744425,0.779738158,-0.317744812,0.000000000,0.000000000,0.000000000,1.000000000
1790226882451529915,1790226882,451529915,1790226882456965472,FL_hip,1.000000000,-0.000000000,0.000000000,0.193400000,0.000000000,0.987962647,0.154692622,0.046500000,-0.000000000,-0.154692622,0.987962647,0.000000000,0.000000000,0.000000000,0.000000000,1.000000000
1790226882451529915,1790226882,451529915,1790226882456965472,FL_thigh,0.673189247,0.000000000,0.739470242,0.193400000,-0.114390591,0.987962647,0.104137410,0.140850433,-0.730568978,-0.154692622,0.665085830,-0.014773145,0.000000000,0.000000000,0.000000000,1.000000000
1790226882451529915,1790226882,451529915,1790226882456965472,FL_calf,0.785133294,-0.000000000,-0.619326821,0.035892839,0.095805290,0.987962647,0.121454328,0.118669165,0.611871766,-0.154692622,0.775682367,-0.156436427,0.000000000,0.000000000,0.000000000,1.000000000
1790226882451529915,1790226882,451529915,1790226882456965472,FL_calflower,0.815105522,-0.000000000,-0.579312514,0.143255874,0.089615372,0.987962647,0.126090811,0.102610030,0.572339125,-0.154692622,0.805293809,-0.258999982,0.000000000,0.000000000,0.000000000,1.000000000
1790226882451529915,1790226882,451529915,1790226882456965472,FL_calflower1,0.990508914,0.000000000,-0.137448503,0.158277319,0.021262269,0.987962647,0.153224421,0.096670244,0.135793987,-0.154692622,0.978585809,-0.296935126,0.000000000,0.000000000,0.000000000,1.000000000
1790226882451529915,1790226882,451529915,1790226882456965472,FL_foot,0.785133294,-0.000000000,-0.619326821,0.167809451,0.095805290,0.987962647,0.121454328,0.092799393,0.611871766,-0.154692622,0.775682367,-0.321656772,0.000000000,0.000000000,0.000000000,1.000000000
1790226882451529915,1790226882,451529915,1790226882456965472,FR_hip,1.000000000,0.000000000,0.000000000,0.193400000,0.000000000,0.993001537,-0.118101432,-0.046500000,0.000000000,0.118101432,0.993001537,0.000000000,0.000000000,0.000000000,0.000000000,1.000000000
1790226882451529915,1790226882,451529915,1790226882456965472,FR_thigh,0.706453357,0.000000000,0.707759602,0.193400000,0.083587423,0.993001537,-0.083433153,-0.141331647,-0.702806373,0.118101432,0.701509269,-0.011278687,0.000000000,0.000000000,0.000000000,1.000000000
1790226882451529915,1790226882,451529915,1790226882456965472,FR_calf,0.737451814,0.000000000,-0.675399749,0.042647205,-0.079765678,0.993001537,-0.087094116,-0.123560385,0.670672989,0.118101432,0.732290785,-0.160700161,0.000000000,0.000000000,0.000000000,1.000000000
1790226882451529915,1790226882,451529915,1790226882456965472,FR_calflower,0.770286110,0.000000000,-0.637698446,0.157355404,-0.075313100,0.993001537,-0.090971893,-0.112265770,0.633235537,0.118101432,0.764895291,-0.255665737,0.000000000,0.000000000,0.000000000,1.000000000
1790226882451529915,1790226882,451529915,1790226882456965472,FR_calflower1,0.977715732,-0.000000000,-0.209933199,0.175160481,-0.024793412,0.993001537,-0.115469628,-0.107873763,0.208463990,0.118101432,0.970873224,-0.292593904,0.000000000,0.000000000,0.000000000,1.000000000
1790226882451529915,1790226882,451529915,1790226882456965472,FR_foot,0.737451814,0.000000000,-0.675399749,0.186507351,-0.079765678,0.993001537,-0.087094116,-0.105009339,0.670672989,0.118101432,0.732290785,-0.316678098,0.000000000,0.000000000,0.000000000,1.000000000
1790226882451529915,1790226882,451529915,1790226882456965472,RL_hip,1.000000000,-0.000000000,0.000000000,-0.193400000,0.000000000,0.999765953,0.021634202,0.046500000,-0.000000000,-0.021634202,0.999765953,0.000000000,0.000000000,0.000000000,0.000000000,1.000000000
1790226882451529915,1790226882,451529915,1790226882456965472,RL_thigh,0.738106609,0.000000000,0.674684099,-0.193400000,-0.014596252,0.999765953,0.015968348,0.141977649,-0.674526191,-0.021634202,0.737933858,-0.002066066,0.000000000,0.000000000,0.000000000,1.000000000
1790226882451529915,1790226882,451529915,1790226882456965472,RL_calf,0.752796577,0.000000000,-0.658253229,-0.337107713,0.014240783,0.999765953,0.016286153,0.138576391,0.658099167,-0.021634202,0.752620387,-0.159245978,0.000000000,0.000000000,0.000000000,1.000000000
1790226882451529915,1790226882,451529915,1790226882456965472,RL_calflower,0.784754727,0.000000000,-0.619806437,-0.224630304,0.013409018,0.999765953,0.016977542,0.136450856,0.619661373,-0.021634202,0.784571057,-0.257471812,0.000000000,0.000000000,0.000000000,1.000000000
1790226882451529915,1790226882,451529915,1790226882456965472,RL_calflower1,0.982287164,0.000000000,-0.187381772,-0.207685593,0.004053855,0.999765953,0.021250999,0.135637664,0.187337916,-0.021634202,0.982057262,-0.295051268,0.000000000,0.000000000,0.000000000,1.000000000
1790226882451529915,1790226882,451529915,1790226882456965472,RL_foot,0.752796577,0.000000000,-0.658253229,-0.196899775,0.014240783,0.999765953,0.016286153,0.135107440,0.658099167,-0.021634202,0.752620387,-0.319554120,0.000000000,0.000000000,0.000000000,1.000000000
1790226882451529915,1790226882,451529915,1790226882456965472,RR_hip,1.000000000,0.000000000,0.000000000,-0.193400000,0.000000000,0.999999723,-0.000744425,-0.046500000,0.000000000,0.000744425,0.999999723,0.000000000,0.000000000,0.000000000,0.000000000,1.000000000
1790226882451529915,1790226882,451529915,1790226882456965472,RR_thigh,0.711751762,-0.000000000,0.702431085,-0.193400000,0.000522907,0.999999723,-0.000529846,-0.141999974,-0.702430890,0.000744425,0.711751565,-0.000071093,0.000000000,0.000000000,0.000000000,1.000000000
1790226882451529915,1790226882,451529915,1790226882456965472,RR_calf,0.779681497,-0.000000000,-0.626176304,-0.343017821,-0.000466141,0.999999723,-0.000580414,-0.141887116,0.626176130,0.000744425,0.779681281,-0.151674176,0.000000000,0.000000000,0.000000000,1.000000000
1790226882451529915,1790226882,451529915,1790226882456965472,RR_calflower,0.810002869,-0.000000000,-0.586425913,-0.234750098,-0.000436550,0.999999723,-0.000602986,-0.141810538,0.586425750,0.000744425,0.810002645,-0.254543483,0.000000000,0.000000000,0.000000000,1.000000000
1790226882451529915,1790226882,451529915,1790226882456965472,RR_calflower1,0.989267707,-0.000000000,-0.146114350,-0.219393090,-0.000108771,0.999999723,-0.000736435,-0.141782053,0.146114310,0.000744425,0.989267433,-0.292807846,0.000000000,0.000000000,0.000000000,1.000000000
1790226882451529915,1790226882,451529915,1790226882456965472,RR_foot,0.779681497,-0.000000000,-0.626176304,-0.209642268,-0.000466141,0.999999723,-0.000580414,-0.141763488,0.626176130,0.000744425,0.779681281,-0.317746289,0.000000000,0.000000000,0.000000000,1.000000000
1790226882517731187,1790226882,517731187,1790226882523724974,FL_hip,1.000000000,-0.000000000,0.000000000,0.193400000,0.000000000,0.987957963,0.154722537,0.046500000,-0.000000000,-0.154722537,0.987957963,0.000000000,0.000000000,0.000000000,0.000000000,1.000000000
1790226882517731187,1790226882,517731187,1790226882523724974,FL_thigh,0.673189247,0.000000000,0.739470242,0.193400000,-0.114412712,0.987957963,0.104157548,0.140849985,-0.730565514,-0.154722537,0.665082677,-0.014776002,0.000000000,0.000000000,0.000000000,1.000000000
1790226882517731187,1790226882,517731187,1790226882523724974,FL_calf,0.785143113,0.000000000,-0.619314373,0.035892839,0.095821891,0.987957963,0.121479334,0.118664428,0.611856566,-0.154722537,0.775688391,-0.156438612,0.000000000,0.000000000,0.000000000,1.000000000
1790226882517731187,1790226882,517731187,1790226882523724974,FL_calflower,0.815114706,0.000000000,-0.579299590,0.143254228,0.089630702,0.987957963,0.126116615,0.102601924,0.572323643,-0.154722537,0.805299065,-0.259003363,0.000000000,0.000000000,0.000000000,1.000000000
1790226882517731187,1790226882,517731187,1790226882523724974,FL_calflower1,0.990511093,0.000000000,-0.137432798,0.158275064,0.021263951,0.987957963,0.153254389,0.096660952,0.135777827,-0.154722537,0.978583322,-0.296938562,0.000000000,0.000000000,0.000000000,1.000000000
1790226882517731187,1790226882,517731187,1790226882523724974,FL_foot,0.785143113,0.000000000,-0.619314373,0.167806800,0.095821891,0.987957963,0.121479334,0.092789330,0.611856566,-0.154722537,0.775688391,-0.321660240,0.000000000,0.000000000,0.000000000,1.000000000
1790226882517731187,1790226882,517731187,1790226882523724974,FR_hip,1.000000000,0.000000000,0.000000000,0.193400000,0.000000000,0.993008687,-0.118041298,-0.046500000,0.000000000,0.118041298,0.993008687,0.000000000,0.000000000,0.000000000,0.000000000,1.000000000
1790226882517731187,1790226882,517731187,1790226882523724974,FR_thigh,0.706453357,0.000000000,0.707759602,0.193400000,0.083544862,0.993008687,-0.083390671,-0.141332330,-0.702811433,0.118041298,0.701514320,-0.011272944,0.000000000,0.000000000,0.000000000,1.000000000
1790226882517731187,1790226882,517731187,1790226882523724974,FR_calf,0.737462523,0.000000000,-0.675388057,0.042647205,-0.079723683,0.993008687,-0.087051033,-0.123570117,0.670666208,0.118041298,0.732306691,-0.160695494,0.000000000,0.000000000,0.000000000,1.000000000
1790226882517731187,1790226882,517731187,1790226882523724974,FR_calflower,0.770296221,0.000000000,-0.637686234,0.157353888,-0.075273310,0.993008687,-0.090926765,-0.112281037,0.633227969,0.118041298,0.764910838,-0.255663560,0.000000000,0.000000000,0.000000000,1.000000000
1790226882517731187,1790226882,517731187,1790226882523724974,FR_calflower1,0.977719060,-0.000000000,-0.209917698,0.175158375,-0.024778957,0.993008687,-0.115411226,-0.107891234,0.208450097,0.118041298,0.970883520,-0.292592273,0.000000000,0.000000000,0.000000000,1.000000000
1790226882517731187,1790226882,517731187,1790226882523724974,FR_foot,0.737462523,0.000000000,-0.675388057,0.186504861,-0.079723683,0.993008687,-0.087051033,-0.105028247,0.670666208,0.118041298,0.732306691,-0.316676819,0.000000000,0.000000000,0.000000000,1.000000000
1790226882517731187,1790226882,517731187,1790226882523724974,RL_hip,1.000000000,-0.000000000,0.000000000,-0.193400000,0.000000000,0.999766608,0.021603930,0.046500000,-0.000000000,-0.021603930,0.999766608,0.000000000,0.000000000,0.000000000,0.000000000,1.000000000
1790226882517731187,1790226882,517731187,1790226882523724974,RL_thigh,0.738147466,0.000000000,0.674639399,-0.193400000,-0.014574862,0.999766608,0.015946886,0.141977711,-0.674481944,-0.021603930,0.737975188,-0.002063175,0.000000000,0.000000000,0.000000000,1.000000000
1790226882517731187,1790226882,517731187,1790226882523724974,RL_calf,0.752746354,-0.000000000,-0.658310661,-0.337098192,0.014222097,0.999766608,0.016262280,0.138581024,0.658157017,-0.021603930,0.752570669,-0.159251890,0.000000000,0.000000000,0.000000000,1.000000000
1790226882517731187,1790226882,517731187,1790226882523724974,RL_calflower,0.784707437,0.000000000,-0.619866307,-0.224613287,0.013391548,0.999766608,0.016952765,0.136458649,0.619721635,-0.021603930,0.784524292,-0.257469209,0.000000000,0.000000000,0.000000000,1.000000000
1790226882517731187,1790226882,517731187,1790226882523724974,RL_calflower1,0.982272865,0.000000000,-0.187456714,-0.207665709,0.004049802,0.999766608,0.021220954,0.135646623,0.187412963,-0.021603930,0.982043610,-0.295047397,0.000000000,0.000000000,0.000000000,1.000000000
1790226882517731187,1790226882,517731187,1790226882523724974,RL_foot,0.752746354,-0.000000000,-0.658310661,-0.196878021,0.014222097,0.999766608,0.016262280,0.135117159,0.658157017,-0.021603930,0.752570669,-0.319549443,0.000000000,0.000000000,0.000000000,1.000000000
1790226882517731187,1790226882,517731187,1790226882523724974,RR_hip,1.000000000,0.000000000,0.000000000,-0.193400000,0.000000000,0.999999723,-0.000744425,-0.046500000,0.000000000,0.000744425,0.999999723,0.000000000,0.000000000,0.000000000,0.000000000,1.000000000
1790226882517731187,1790226882,517731187,1790226882523724974,RR_thigh,0.711751762,-0.000000000,0.702431085,-0.193400000,0.000522907,0.999999723,-0.000529846,-0.141999974,-0.702430890,0.000744425,0.711751565,-0.000071093,0.000000000,0.000000000,0.000000000,1.000000000
1790226882517731187,1790226882,517731187,1790226882523724974,RR_calf,0.779671643,0.000000000,-0.626188573,-0.343017821,-0.000466150,0.999999723,-0.000580407,-0.141887116,0.626188399,0.000744425,0.779671427,-0.151674176,0.000000000,0.000000000,0.000000000,1.000000000
1790226882517731187,1790226882,517731187,1790226882523724974,RR_calflower,0.809993642,-0.000000000,-0.586438659,-0.234748479,-0.000436559,0.999999723,-0.000602979,-0.141810539,0.586438496,0.000744425,0.809993417,-0.254541779,0.000000000,0.000000000,0.000000000,1.000000000
1790226882517731187,1790226882,517731187,1790226882523724974,RR_calflower1,0.989265408,0.000000000,-0.146129917,-0.219390870,-0.000108783,0.999999723,-0.000736434,-0.141782054,0.146129876,0.000744425,0.989265134,-0.292805901,0.000000000,0.000000000,0.000000000,1.000000000
1790226882517731187,1790226882,517731187,1790226882523724974,RR_foot,0.779671643,0.000000000,-0.626188573,-0.209639655,-0.000466150,0.999999723,-0.000580407,-0.141763490,0.626188399,0.000744425,0.779671427,-0.317744190,0.000000000,0.000000000,0.000000000,1.000000000
1790226882575102758,1790226882,575102758,1790226882590385621,FL_hip,1.000000000,-0.000000000,0.000000000,0.193400000,0.000000000,0.987962647,0.154692622,0.046500000,-0.000000000,-0.154692622,0.987962647,0.000000000,0.000000000,0.000000000,0.000000000,1.000000000
1790226882575102758,1790226882,575102758,1790226882590385621,FL_thigh,0.673211637,0.000000000,0.739449858,0.193400000,-0.114387438,0.987962647,0.104140874,0.140850433,-0.730548839,-0.154692622,0.665107951,-0.014773145,0.000000000,0.000000000,0.000000000,1.000000000
1790226882575102758,1790226882,575102758,1790226882590385621,FL_calf,0.785134180,0.000000000,-0.619325698,0.035897180,0.095805116,0.987962647,0.121454465,0.118668427,0.611870656,-0.154692622,0.775683243,-0.156441139,0.000000000,0.000000000,0.000000000,1.000000000
1790226882575102758,1790226882,575102758,1790226882590385621,FL_calflower,0.815106350,-0.000000000,-0.579311348,0.143260067,0.089615192,0.987962647,0.126090939,0.102609268,0.572337973,-0.154692622,0.805294628,-0.259004846,0.000000000,0.000000000,0.000000000,1.000000000
1790226882575102758,1790226882,575102758,1790226882590385621,FL_calflower1,0.990509111,0.000000000,-0.137447086,0.158281458,0.021262050,0.987962647,0.153224452,0.096669479,0.135792587,-0.154692622,0.978586003,-0.296940011,0.000000000,0.000000000,0.000000000,1.000000000
1790226882575102758,1790226882,575102758,1790226882590385621,FL_foot,0.785134180,0.000000000,-0.619325698,0.167813554,0.095805116,0.987962647,0.121454465,0.092798626,0.611870656,-0.154692622,0.775683243,-0.321661670,0.000000000,0.000000000,0.000000000,1.000000000
1790226882575102758,1790226882,575102758,1790226882590385621,FR_hip,1.000000000,0.000000000,0.000000000,0.193400000,0.000000000,0.993008687,-0.118041298,-0.046500000,0.000000000,0.118041298,0.993008687,0.000000000,0.000000000,0.000000000,0.000000000,1.000000000
1790226882575102758,1790226882,575102758,1790226882590385621,FR_thigh,0.706453357,0.000000000,0.707759602,0.193400000,0.083544862,0.993008687,-0.083390671,-0.141332330,-0.702811433,0.118041298,0.701514320,-0.011272944,0.000000000,0.000000000,0.000000000,1.000000000
1790226882575102758,1790226882,575102758,1790226882590385621,FR_calf,0.737451814,-0.000000000,-0.675399749,0.042647205,-0.079725063,0.993008687,-0.087049769,-0.123570117,0.670677818,0.118041298,0.732296058,-0.160695494,0.000000000,0.000000000,0.000000000,1.000000000
1790226882575102758,1790226882,575102758,1790226882590385621,FR_calflower,0.770286110,0.000000000,-0.637698446,0.157355404,-0.075274752,0.993008687,-0.090925572,-0.112281252,0.633240097,0.118041298,0.764900799,-0.255661754,0.000000000,0.000000000,0.000000000,1.000000000
1790226882575102758,1790226882,575102758,1790226882590385621,FR_calflower1,0.977715732,-0.000000000,-0.209933199,0.175160481,-0.024780787,0.993008687,-0.115410834,-0.107891482,0.208465491,0.118041298,0.970880215,-0.292590187,0.000000000,0.000000000,0.000000000,1.000000000
1790226882575102758,1790226882,575102758,1790226882590385621,FR_foot,0.737451814,-0.000000000,-0.675399749,0.186507351,-0.079725063,0.993008687,-0.087049769,-0.105028516,0.670677818,0.118041298,0.732296058,-0.316674554,0.000000000,0.000000000,0.000000000,1.000000000
1790226882575102758,1790226882,575102758,1790226882590385621,RL_hip,1.000000000,-0.000000000,0.000000000,-0.193400000,0.000000000,0.999764641,0.021694746,0.046500000,-0.000000000,-0.021694746,0.999764641,0.000000000,0.000000000,0.000000000,0.000000000,1.000000000
1790226882575102758,1790226882,575102758,1790226882590385621,RL_thigh,0.738147466,0.000000000,0.674639399,-0.193400000,-0.014636131,0.999764641,0.016013922,0.141977523,-0.674480617,-0.021694746,0.737973736,-0.002071848,0.000000000,0.000000000,0.000000000,1.000000000
1790226882575102758,1790226882,575102758,1790226882590385621,RL_calf,0.752735916,0.000000000,-0.658322596,-0.337098192,0.014282142,0.999764641,0.016330415,0.138566558,0.658167654,-0.021694746,0.752558753,-0.159260254,0.000000000,0.000000000,0.000000000,1.000000000
1790226882575102758,1790226882,575102758,1790226882590385621,RL_calflower,0.784697609,0.000000000,-0.619878748,-0.224611730,0.013448112,0.999764641,0.017023815,0.136435299,0.619732854,-0.021694746,0.784512924,-0.257475596,0.000000000,0.000000000,0.000000000,1.000000000
1790226882575102758,1790226882,575102758,1790226882590385621,RL_calflower1,0.982269892,0.000000000,-0.187472288,-0.207663556,0.004067164,0.999764641,0.021310096,0.135619866,0.187428164,-0.021694746,0.982038707,-0.295053442,0.000000000,0.000000000,0.000000000,1.000000000
1790226882575102758,1790226882,575102758,1790226882590385621,RL_foot,0.752735916,0.000000000,-0.658322596,-0.196875479,0.014282142,0.999764641,0.016330415,0.135088180,0.658167654,-0.021694746,0.752558753,-0.319555269,0.000000000,0.000000000,0.000000000,1.000000000
1790226882575102758,1790226882,575102758,1790226882590385621,RR_hip,1.000000000,0.000000000,0.000000000,-0.193400000,0.000000000,0.999999723,-0.000744425,-0.046500000,0.000000000,0.000744425,0.999999723,0.000000000,0.000000000,0.000000000,0.000000000,1.000000000
1790226882575102758,1790226882,575102758,1790226882590385621,RR_thigh,0.711773031,0.000000000,0.702409533,-0.193400000,0.000522891,0.999999723,-0.000529861,-0.141999974,-0.702409339,0.000744425,0.711772834,-0.000071093,0.000000000,0.000000000,0.000000000,1.000000000
1790226882575102758,1790226882,575102758,1790226882590385621,RR_calf,0.779662536,0.000000000,-0.626199912,-0.343013231,-0.000466159,0.999999723,-0.000580400,-0.141887113,0.626199738,0.000744425,0.779662320,-0.151678706,0.000000000,0.000000000,0.000000000,1.000000000
1790226882575102758,1790226882,575102758,1790226882590385621,RR_calflower,0.809985113,0.000000000,-0.586450439,-0.234742393,-0.000436568,0.999999723,-0.000602973,-0.141810537,0.586450276,0.000744425,0.809984888,-0.254544735,0.000000000,0.000000000,0.000000000,1.000000000
1790226882575102758,1790226882,575102758,1790226882590385621,RR_calflower1,0.989263283,-0.000000000,-0.146144304,-0.219384227,-0.000108793,0.999999723,-0.000736432,-0.141782052,0.146144264,0.000744425,0.989263009,-0.292808633,0.000000000,0.000000000,0.000000000,1.000000000
1790226882575102758,1790226882,575102758,1790226882590385621,RR_foot,0.779662536,0.000000000,-0.626199912,-0.209632649,-0.000466159,0.999999723,-0.000580400,-0.141763488,0.626199738,0.000744425,0.779662320,-0.317746780,0.000000000,0.000000000,0.000000000,1.000000000
1790226882646579250,1790226882,646579250,1790226882656972667,FL_hip,1.000000000,-0.000000000,0.000000000,0.193400000,0.000000000,0.987957963,0.154722537,0.046500000,-0.000000000,-0.154722537,0.987957963,0.000000000,0.000000000,0.000000000,0.000000000,1.000000000
1790226882646579250,1790226882,646579250,1790226882656972667,FL_thigh,0.673211637,-0.000000000,0.739449858,0.193400000,-0.114409558,0.987957963,0.104161012,0.140849985,-0.730545375,-0.154722537,0.665104797,-0.014776002,0.000000000,0.000000000,0.000000000,1.000000000
1790226882646579250,1790226882,646579250,1790226882656972667,FL_calf,0.785134180,-0.000000000,-0.619325698,0.035897180,0.095823643,0.987957963,0.121477952,0.118663690,0.611867755,-0.154722537,0.775679565,-0.156443324,0.000000000,0.000000000,0.000000000,1.000000000
1790226882646579250,1790226882,646579250,1790226882656972667,FL_calflower,0.815106350,0.000000000,-0.579311348,0.143260067,0.089632521,0.987957963,0.126115322,0.102601426,0.572335259,-0.154722537,0.805290809,-0.259006545,0.000000000,0.000000000,0.000000000,1.000000000
1790226882646579250,1790226882,646579250,1790226882656972667,FL_calflower1,0.990509111,-0.000000000,-0.137447086,0.158281458,0.021266162,0.987957963,0.153254083,0.096660488,0.135791943,-0.154722537,0.978581363,-0.296941530,0.000000000,0.000000000,0.000000000,1.000000000
1790226882646579250,1790226882,646579250,1790226882656972667,FL_foot,0.785134180,-0.000000000,-0.619325698,0.167813554,0.095823643,0.987957963,0.121477952,0.092788886,0.611867755,-0.154722537,0.775679565,-0.321663071,0.000000000,0.000000000,0.000000000,1.000000000
1790226882646579250,1790226882,646579250,1790226882656972667,FR_hip,1.000000000,0.000000000,0.000000000,0.193400000,0.000000000,0.993008687,-0.118041298,-0.046500000,0.000000000,0.118041298,0.993008687,0.000000000,0.000000000,0.000000000,0.000000000,1.000000000
1790226882646579250,1790226882,646579250,1790226882656972667,FR_thigh,0.706453357,0.000000000,0.707759602,0.193400000,0.083544862,0.993008687,-0.083390671,-0.141332330,-0.702811433,0.118041298,0.701514320,-0.011272944,0.000000000,0.000000000,0.000000000,1.000000000
1790226882646579250,1790226882,646579250,1790226882656972667,FR_calf,0.737462523,0.000000000,-0.675388057,0.042647205,-0.079723683,0.993008687,-0.087051033,-0.123570117,0.670666208,0.118041298,0.732306691,-0.160695494,0.000000000,0.000000000,0.000000000,1.000000000
1790226882646579250,1790226882,646579250,1790226882656972667,FR_calflower,0.770296221,0.000000000,-0.637686234,0.157353888,-0.075273310,0.993008687,-0.090926765,-0.112281037,0.633227969,0.118041298,0.764910838,-0.255663560,0.000000000,0.000000000,0.000000000,1.000000000
1790226882646579250,1790226882,646579250,1790226882656972667,FR_calflower1,0.977719060,-0.000000000,-0.209917698,0.175158375,-0.024778957,0.993008687,-0.115411226,-0.107891234,0.208450097,0.118041298,0.970883520,-0.292592273,0.000000000,0.000000000,0.000000000,1.000000000
1790226882646579250,1790226882,646579250,1790226882656972667,FR_foot,0.737462523,0.000000000,-0.675388057,0.186504861,-0.079723683,0.993008687,-0.087051033,-0.105028247,0.670666208,0.118041298,0.732306691,-0.316676819,0.000000000,0.000000000,0.000000000,1.000000000
1790226882646579250,1790226882,646579250,1790226882656972667,RL_hip,1.000000000,-0.000000000,0.000000000,-0.193400000,0.000000000,0.999765298,0.021664474,0.046500000,-0.000000000,-0.021664474,0.999765298,0.000000000,0.000000000,0.000000000,0.000000000,1.000000000
1790226882646579250,1790226882,646579250,1790226882656972667,RL_thigh,0.738127038,-0.000000000,0.674661749,-0.193400000,-0.014616192,0.999765298,0.015991134,0.141977586,-0.674503405,-0.021664474,0.737953798,-0.002068957,0.000000000,0.000000000,0.000000000,1.000000000
1790226882646579250,1790226882,646579250,1790226882656972667,RL_calf,0.752766287,0.000000000,-0.658287868,-0.337102953,0.014261460,0.999765298,0.016308286,0.138571474,0.658133367,-0.021664474,0.752589611,-0.159253116,0.000000000,0.000000000,0.000000000,1.000000000
1790226882646579250,1790226882,646579250,1790226882656972667,RL_calflower,0.784726206,0.000000000,-0.619842546,-0.224621022,0.013428563,0.999765298,0.017000681,0.136443077,0.619697068,-0.021664474,0.784542029,-0.257473711,0.000000000,0.000000000,0.000000000,1.000000000
1790226882646579250,1790226882,646579250,1790226882656972667,RL_calflower1,0.982278540,0.000000000,-0.187426971,-0.207674583,0.004060507,0.999765298,0.021280548,0.135628764,0.187382982,-0.021664474,0.982047997,-0.295052363,0.000000000,0.000000000,0.000000000,1.000000000
1790226882646579250,1790226882,646579250,1790226882656972667,RL_foot,0.752766287,0.000000000,-0.658287868,-0.196887637,0.014261460,0.999765298,0.016308286,0.135097810,0.658133367,-0.021664474,0.752589611,-0.319554703,0.000000000,0.000000000,0.000000000,1.000000000
1790226882646579250,1790226882,646579250,1790226882656972667,RR_hip,1.000000000,0.000000000,0.000000000,-0.193400000,0.000000000,0.999999723,-0.000744425,-0.046500000,0.000000000,0.000744425,0.999999723,0.000000000,0.000000000,0.000000000,0.000000000,1.000000000
1790226882646579250,1790226882,646579250,1790226882656972667,RR_thigh,0.711794299,-0.000000000,0.702387981,-0.193400000,0.000522875,0.999999723,-0.000529877,-0.141999974,-0.702387787,0.000744425,0.711794102,-0.000071093,0.000000000,0.000000000,0.000000000,1.000000000
1790226882646579250,1790226882,646579250,1790226882656972667,RR_calf,0.779643575,0.000000000,-0.626223519,-0.343008640,-0.000466176,0.999999723,-0.000580386,-0.141887110,0.626223345,0.000744425,0.779643359,-0.151683236,0.000000000,0.000000000,0.000000000,1.000000000
1790226882646579250,1790226882,646579250,1790226882656972667,RR_calflower,0.809967355,0.000000000,-0.586474964,-0.234734688,-0.000436586,0.999999723,-0.000602960,-0.141810536,0.586474802,0.000744425,0.809967131,-0.254545986,0.000000000,0.000000000,0.000000000,1.000000000
1790226882646579250,1790226882,646579250,1790226882656972667,RR_calflower1,0.989258857,-0.000000000,-0.146174258,-0.219375363,-0.000108816,0.999999723,-0.000736429,-0.141782052,0.146174218,0.000744425,0.989258583,-0.292809420,0.000000000,0.000000000,0.000000000,1.000000000
1790226882646579250,1790226882,646579250,1790226882656972667,RR_foot,0.779643575,0.000000000,-0.626223519,-0.209623030,-0.000466176,0.999999723,-0.000580386,-0.141763487,0.626223345,0.000744425,0.779643359,-0.317747272,0.000000000,0.000000000,0.000000000,1.000000000
1790226882714914099,1790226882,714914099,1790226882723807934,FL_hip,1.000000000,-0.000000000,0.000000000,0.193400000,0.000000000,0.987957963,0.154722537,0.046500000,-0.000000000,-0.154722537,0.987957963,0.000000000,0.000000000,0.000000000,0.000000000,1.000000000
1790226882714914099,1790226882,714914099,1790226882723807934,FL_thigh,0.673211637,-0.000000000,0.739449858,0.193400000,-0.114409558,0.987957963,0.104161012,0.140849985,-0.730545375,-0.154722537,0.665104797,-0.014776002,0.000000000,0.000000000,0.000000000,1.000000000
1790226882714914099,1790226882,714914099,1790226882723807934,FL_calf,0.785124360,0.000000000,-0.619338146,0.035897180,0.095825569,0.987957963,0.121476433,0.118663690,0.611880053,-0.154722537,0.775669864,-0.156443324,0.000000000,0.000000000,0.000000000,1.000000000
1790226882714914099,1790226882,714914099,1790226882723807934,FL_calflower,0.815097165,0.000000000,-0.579324271,0.143261713,0.089634521,0.987957963,0.126113901,0.102601689,0.572348027,-0.154722537,0.805281735,-0.259004863,0.000000000,0.000000000,0.000000000,1.000000000
1790226882714914099,1790226882,714914099,1790226882723807934,FL_calflower1,0.990506931,0.000000000,-0.137462790,0.158283712,0.021268592,0.987957963,0.153253745,0.096660788,0.135807458,-0.154722537,0.978579210,-0.296939613,0.000000000,0.000000000,0.000000000,1.000000000
1790226882714914099,1790226882,714914099,1790226882723807934,FL_foot,0.785124360,0.000000000,-0.619338146,0.167816205,0.095825569,0.987957963,0.121476433,0.092789210,0.611880053,-0.154722537,0.775669864,-0.321661005,0.000000000,0.000000000,0.000000000,1.000000000
1790226882714914099,1790226882,714914099,1790226882723807934,FR_hip,1.000000000,0.000000000,0.000000000,0.193400000,0.000000000,0.993012261,-0.118011230,-0.046500000,0.000000000,0.118011230,0.993012261,0.000000000,0.000000000,0.000000000,0.000000000,1.000000000
1790226882714914099,1790226882,714914099,1790226882723807934,FR_thigh,0.706496216,0.000000000,0.707716820,0.193400000,0.083518532,0.993012261,-0.083374487,-0.141332671,-0.702771479,0.118011230,0.701559405,-0.011270072,0.000000000,0.000000000,0.000000000,1.000000000
1790226882714914099,1790226882,714914099,1790226882723807934,FR_calf,0.737400283,0.000000000,-0.675456010,0.042656317,-0.079711395,0.993012261,-0.087021514,-0.123573905,0.670736100,0.118011230,0.732247522,-0.160702226,0.000000000,0.000000000,0.000000000,1.000000000
1790226882714914099,1790226882,714914099,1790226882723807934,FR_calflower,0.770237455,0.000000000,-0.637757213,0.157371813,-0.075262513,0.993012261,-0.090896670,-0.112288949,0.633300732,0.118011230,0.764855237,-0.255660137,0.000000000,0.000000000,0.000000000,1.000000000
1790226882714914099,1790226882,714914099,1790226882723807934,FR_calflower1,0.977699712,-0.000000000,-0.210007793,0.175179727,-0.024783278,0.993012261,-0.115379546,-0.107900457,0.208540313,0.118011230,0.970867801,-0.292587354,0.000000000,0.000000000,0.000000000,1.000000000
1790226882714914099,1790226882,714914099,1790226882723807934,FR_foot,0.737400283,0.000000000,-0.675456010,0.186528448,-0.079711395,0.993012261,-0.087021514,-0.105038322,0.670736100,0.118011230,0.732247522,-0.316670948,0.000000000,0.000000000,0.000000000,1.000000000
1790226882714914099,1790226882,714914099,1790226882723807934,RL_hip,1.000000000,-0.000000000,0.000000000,-0.193400000,0.000000000,0.999766608,0.021603930,0.046500000,-0.000000000,-0.021603930,0.999766608,0.000000000,0.000000000,0.000000000,0.000000000,1.000000000
1790226882714914099,1790226882,714914099,1790226882723807934,RL_thigh,0.738147466,0.000000000,0.674639399,-0.193400000,-0.014574862,0.999766608,0.015946886,0.141977711,-0.674481944,-0.021603930,0.737975188,-0.002063175,0.000000000,0.000000000,0.000000000,1.000000000
1790226882714914099,1790226882,714914099,1790226882723807934,RL_calf,0.752756713,0.000000000,-0.658298816,-0.337098192,0.014221842,0.999766608,0.016262503,0.138581024,0.658145174,-0.021603930,0.752581025,-0.159251890,0.000000000,0.000000000,0.000000000,1.000000000
1790226882714914099,1790226882,714914099,1790226882723807934,RL_calflower,0.784717191,-0.000000000,-0.619853959,-0.224614833,0.013391282,0.999766608,0.016952975,0.136458611,0.619709290,-0.021603930,0.784534044,-0.257470979,0.000000000,0.000000000,0.000000000,1.000000000
1790226882714914099,1790226882,714914099,1790226882723807934,RL_calflower1,0.982275814,0.000000000,-0.187441257,-0.207667847,0.004049468,0.999766608,0.021221018,0.135646579,0.187397510,-0.021603930,0.982046559,-0.295049433,0.000000000,0.000000000,0.000000000,1.000000000
1790226882714914099,1790226882,714914099,1790226882723807934,RL_foot,0.752756713,0.000000000,-0.658298816,-0.196880544,0.014221842,0.999766608,0.016262503,0.135117111,0.658145174,-0.021603930,0.752581025,-0.319551649,0.000000000,0.000000000,0.000000000,1.000000000
1790226882714914099,1790226882,714914099,1790226882723807934,RR_hip,1.000000000,0.000000000,0.000000000,-0.193400000,0.000000000,0.999999700,-0.000774702,-0.046500000,0.000000000,0.000774702,0.999999700,0.000000000,0.000000000,0.000000000,0.000000000,1.000000000
1790226882714914099,1790226882,714914099,1790226882723807934,RR_thigh,0.711773031,0.000000000,0.702409533,-0.193400000,0.000544158,0.999999700,-0.000551412,-0.141999971,-0.702409323,0.000774702,0.711772817,-0.000073984,0.000000000,0.000000000,0.000000000,1.000000000
1790226882714914099,1790226882,714914099,1790226882723807934,RR_calf,0.779672465,-0.000000000,-0.626187550,-0.343013231,-0.000485109,0.999999700,-0.000604014,-0.141882521,0.626187362,0.000774702,0.779672231,-0.151681594,0.000000000,0.000000000,0.000000000,1.000000000
1790226882714914099,1790226882,714914099,1790226882723807934,RR_calflower,0.809994411,-0.000000000,-0.586437597,-0.234744024,-0.000454314,0.999999700,-0.000627504,-0.141802829,0.586437421,0.000774702,0.809994168,-0.254549337,0.000000000,0.000000000,0.000000000,1.000000000
1790226882714914099,1790226882,714914099,1790226882723807934,RR_calflower1,0.989265600,-0.000000000,-0.146128620,-0.219386464,-0.000113206,0.999999700,-0.000766386,-0.141773185,0.146128576,0.000774702,0.989265303,-0.292813478,0.000000000,0.000000000,0.000000000,1.000000000
1790226882714914099,1790226882,714914099,1790226882723807934,RR_foot,0.779672465,-0.000000000,-0.626187550,-0.209635282,-0.000485109,0.999999700,-0.000604014,-0.141753866,0.626187362,0.000774702,0.779672231,-0.317751779,0.000000000,0.000000000,0.000000000,1.000000000
1790226882747380018,1790226882,747380018,1790226882756775001,FL_hip,1.000000000,-0.000000000,0.000000000,0.193400000,0.000000000,0.987957963,0.154722537,0.046500000,-0.000000000,-0.154722537,0.987957963,0.000000000,0.000000000,0.000000000,0.000000000,1.000000000
1790226882747380018,1790226882,747380018,1790226882756775001,FL_thigh,0.673189247,0.000000000,0.739470242,0.193400000,-0.114412712,0.987957963,0.104157548,0.140849985,-0.730565514,-0.154722537,0.665082677,-0.014776002,0.000000000,0.000000000,0.000000000,1.000000000
1790226882747380018,1790226882,747380018,1790226882756775001,FL_calf,0.785152932,0.000000000,-0.619301924,0.035892839,0.095819965,0.987957963,0.121480854,0.118664428,0.611844267,-0.154722537,0.775698091,-0.156438612,0.000000000,0.000000000,0.000000000,1.000000000
1790226882747380018,1790226882,747380018,1790226882756775001,FL_calflower,0.815123891,0.000000000,-0.579286667,0.143252582,0.089628703,0.987957963,0.126118036,0.102601661,0.572310875,-0.154722537,0.805308139,-0.259005045,0.000000000,0.000000000,0.000000000,1.000000000
1790226882747380018,1790226882,747380018,1790226882756775001,FL_calflower1,0.990513272,0.000000000,-0.137417094,0.158272810,0.021261521,0.987957963,0.153254726,0.096660652,0.135762312,-0.154722537,0.978585475,-0.296940479,0.000000000,0.000000000,0.000000000,1.000000000
1790226882747380018,1790226882,747380018,1790226882756775001,FL_foot,0.785152932,0.000000000,-0.619301924,0.167804148,0.095819965,0.987957963,0.121480854,0.092789006,0.611844267,-0.154722537,0.775698091,-0.321662306,0.000000000,0.000000000,0.000000000,1.000000000
1790226882747380018,1790226882,747380018,1790226882756775001,FR_hip,1.000000000,0.000000000,0.000000000,0.193400000,0.000000000,0.993005112,-0.118071365,-0.046500000,0.000000000,0.118071365,0.993005112,0.000000000,0.000000000,0.000000000,0.000000000,1.000000000
1790226882747380018,1790226882,747380018,1790226882756775001,FR_thigh,0.706453357,0.000000000,0.707759602,0.193400000,0.083566142,0.993005112,-0.083411912,-0.141331988,-0.702808903,0.118071365,0.701511795,-0.011275815,0.000000000,0.000000000,0.000000000,1.000000000
1790226882747380018,1790226882,747380018,1790226882756775001,FR_calf,0.737441187,0.000000000,-0.675411354,0.042647205,-0.079746740,0.993005112,-0.087070687,-0.123565251,0.670686927,0.118071365,0.732282868,-0.160697828,0.000000000,0.000000000,0.000000000,1.000000000
1790226882747380018,1790226882,747380018,1790226882756775001,FR_calflower,0.770276075,-0.000000000,-0.637710567,0.157356909,-0.075295357,0.993005112,-0.090947548,-0.112273724,0.633249853,0.118071365,0.764888081,-0.255661954,0.000000000,0.000000000,0.000000000,1.000000000
1790226882747380018,1790226882,747380018,1790226882756775001,FR_calflower1,0.977712428,-0.000000000,-0.209948584,0.175162571,-0.024788916,0.993005112,-0.115439841,-0.107882869,0.208480018,0.118071365,0.970873439,-0.292589975,0.000000000,0.000000000,0.000000000,1.000000000
1790226882747380018,1790226882,747380018,1790226882756775001,FR_foot,0.737441187,0.000000000,-0.675411354,0.186509823,-0.079746740,0.993005112,-0.087070687,-0.105019195,0.670686927,0.118071365,0.732282868,-0.316674079,0.000000000,0.000000000,0.000000000,1.000000000
1790226882747380018,1790226882,747380018,1790226882756775001,RL_hip,1.000000000,-0.000000000,0.000000000,-0.193400000,0.000000000,0.999765953,0.021634202,0.046500000,-0.000000000,-0.021634202,0.999765953,0.000000000,0.000000000,0.000000000,0.000000000,1.000000000
1790226882747380018,1790226882,747380018,1790226882756775001,RL_thigh,0.738106609,0.000000000,0.674684099,-0.193400000,-0.014596252,0.999765953,0.015968348,0.141977649,-0.674526191,-0.021634202,0.737933858,-0.002066066,0.000000000,0.000000000,0.000000000,1.000000000
1790226882747380018,1790226882,747380018,1790226882756775001,RL_calf,0.752807013,0.000000000,-0.658241294,-0.337107713,0.014240525,0.999765953,0.016286379,0.138576391,0.658087235,-0.021634202,0.752630821,-0.159245978,0.000000000,0.000000000,0.000000000,1.000000000
1790226882747380018,1790226882,747380018,1790226882756775001,RL_calflower,0.784764554,0.000000000,-0.619793994,-0.224631861,0.013408749,0.999765953,0.016977755,0.136450817,0.619648934,-0.021634202,0.784580882,-0.257473595,0.000000000,0.000000000,0.000000000,1.000000000
1790226882747380018,1790226882,747380018,1790226882756775001,RL_calflower1,0.982290134,0.000000000,-0.187366198,-0.207687747,0.004053518,0.999765953,0.021251063,0.135637619,0.187322345,-0.021634202,0.982060233,-0.295053319,0.000000000,0.000000000,0.000000000,1.000000000
1790226882747380018,1790226882,747380018,1790226882756775001,RL_foot,0.752807013,0.000000000,-0.658241294,-0.196902318,0.014240525,0.999765953,0.016286379,0.135107392,0.658087235,-0.021634202,0.752630821,-0.319556343,0.000000000,0.000000000,0.000000000,1.000000000
1790226882747380018,1790226882,747380018,1790226882756775001,RR_hip,1.000000000,0.000000000,0.000000000,-0.193400000,0.000000000,0.999999723,-0.000744425,-0.046500000,0.000000000,0.000744425,0.999999723,0.000000000,0.000000000,0.000000000,0.000000000,1.000000000
1790226882747380018,1790226882,747380018,1790226882756775001,RR_thigh,0.711751762,-0.000000000,0.702431085,-0.193400000,0.000522907,0.999999723,-0.000529846,-0.141999974,-0.702430890,0.000744425,0.711751565,-0.000071093,0.000000000,0.000000000,0.000000000,1.000000000
1790226882747380018,1790226882,747380018,1790226882756775001,RR_calf,0.779681497,-0.000000000,-0.626176304,-0.343017821,-0.000466141,0.999999723,-0.000580414,-0.141887116,0.626176130,0.000744425,0.779681281,-0.151674176,0.000000000,0.000000000,0.000000000,1.000000000
1790226882747380018,1790226882,747380018,1790226882756775001,RR_calflower,0.810002869,-0.000000000,-0.586425913,-0.234750098,-0.000436550,0.999999723,-0.000602986,-0.141810538,0.586425750,0.000744425,0.810002645,-0.254543483,0.000000000,0.000000000,0.000000000,1.000000000
1790226882747380018,1790226882,747380018,1790226882756775001,RR_calflower1,0.989267707,-0.000000000,-0.146114350,-0.219393090,-0.000108771,0.999999723,-0.000736435,-0.141782053,0.146114310,0.000744425,0.989267433,-0.292807846,0.000000000,0.000000000,0.000000000,1.000000000
1790226882747380018,1790226882,747380018,1790226882756775001,RR_foot,0.779681497,-0.000000000,-0.626176304,-0.209642268,-0.000466141,0.999999723,-0.000580414,-0.141763488,0.626176130,0.000744425,0.779681281,-0.317746289,0.000000000,0.000000000,0.000000000,1.000000000
1790226882815588280,1790226882,815588280,1790226882823612786,FL_hip,1.000000000,-0.000000000,0.000000000,0.193400000,0.000000000,0.987957963,0.154722537,0.046500000,-0.000000000,-0.154722537,0.987957963,0.000000000,0.000000000,0.000000000,0.000000000,1.000000000
1790226882815588280,1790226882,815588280,1790226882823612786,FL_thigh,0.673189247,0.000000000,0.739470242,0.193400000,-0.114412712,0.987957963,0.104157548,0.140849985,-0.730565514,-0.154722537,0.665082677,-0.014776002,0.000000000,0.000000000,0.000000000,1.000000000
1790226882815588280,1790226882,815588280,1790226882823612786,FL_calf,0.785152932,0.000000000,-0.619301924,0.035892839,0.095819965,0.987957963,0.121480854,0.118664428,0.611844267,-0.154722537,0.775698091,-0.156438612,0.000000000,0.000000000,0.000000000,1.000000000
1790226882815588280,1790226882,815588280,1790226882823612786,FL_calflower,0.815123891,0.000000000,-0.579286667,0.143252582,0.089628703,0.987957963,0.126118036,0.102601661,0.572310875,-0.154722537,0.805308139,-0.259005045,0.000000000,0.000000000,0.000000000,1.000000000
1790226882815588280,1790226882,815588280,1790226882823612786,FL_calflower1,0.990513272,0.000000000,-0.137417094,0.158272810,0.021261521,0.987957963,0.153254726,0.096660652,0.135762312,-0.154722537,0.978585475,-0.296940479,0.000000000,0.000000000,0.000000000,1.000000000
1790226882815588280,1790226882,815588280,1790226882823612786,FL_foot,0.785152932,0.000000000,-0.619301924,0.167804148,0.095819965,0.987957963,0.121480854,0.092789006,0.611844267,-0.154722537,0.775698091,-0.321662306,0.000000000,0.000000000,0.000000000,1.000000000
1790226882815588280,1790226882,815588280,1790226882823612786,FR_hip,1.000000000,0.000000000,0.000000000,0.193400000,0.000000000,0.993008687,-0.118041298,-0.046500000,0.000000000,0.118041298,0.993008687,0.000000000,0.000000000,0.000000000,0.000000000,1.000000000
1790226882815588280,1790226882,815588280,1790226882823612786,FR_thigh,0.706431926,0.000000000,0.707780993,0.193400000,0.083547387,0.993008687,-0.083388141,-0.141332330,-0.702832674,0.118041298,0.701493039,-0.011272944,0.000000000,0.000000000,0.000000000,1.000000000
1790226882815588280,1790226882,815588280,1790226882823612786,FR_calf,0.737461637,0.000000000,-0.675389024,0.042642648,-0.079723797,0.993008687,-0.087050929,-0.123570656,0.670667168,0.118041298,0.732305812,-0.160690961,0.000000000,0.000000000,0.000000000,1.000000000
1790226882815588280,1790226882,815588280,1790226882823612786,FR_calflower,0.770295384,0.000000000,-0.637687244,0.157349457,-0.075273430,0.993008687,-0.090926667,-0.112281594,0.633228972,0.118041298,0.764910008,-0.255658878,0.000000000,0.000000000,0.000000000,1.000000000
1790226882815588280,1790226882,815588280,1790226882823612786,FR_calflower1,0.977718785,0.000000000,-0.209918980,0.175153993,-0.024779109,0.993008687,-0.115411194,-0.107891793,0.208451371,0.118041298,0.970883246,-0.292587568,0.000000000,0.000000000,0.000000000,1.000000000
1790226882815588280,1790226882,815588280,1790226882823612786,FR_foot,0.737461637,0.000000000,-0.675389024,0.186500511,-0.079723797,0.993008687,-0.087050929,-0.105028808,0.670667168,0.118041298,0.732305812,-0.316672099,0.000000000,0.000000000,0.000000000,1.000000000
1790226882815588280,1790226882,815588280,1790226882823612786,RL_hip,1.000000000,-0.000000000,0.000000000,-0.193400000,0.000000000,0.999765953,0.021634202,0.046500000,-0.000000000,-0.021634202,0.999765953,0.000000000,0.000000000,0.000000000,0.000000000,1.000000000
1790226882815588280,1790226882,815588280,1790226882823612786,RL_thigh,0.738127038,-0.000000000,0.674661749,-0.193400000,-0.014595769,0.999765953,0.015968789,0.141977649,-0.674503847,-0.021634202,0.737954281,-0.002066066,0.000000000,0.000000000,0.000000000,1.000000000
1790226882815588280,1790226882,815588280,1790226882823612786,RL_calf,0.752776645,0.000000000,-0.658276023,-0.337102953,0.014241276,0.999765953,0.016285722,0.138576296,0.658121956,-0.021634202,0.752600460,-0.159250328,0.000000000,0.000000000,0.000000000,1.000000000
1790226882815588280,1790226882,815588280,1790226882823612786,RL_calflower,0.784735959,0.000000000,-0.619830198,-0.224622568,0.013409532,0.999765953,0.016977136,0.136450835,0.619685129,-0.021634202,0.784552294,-0.257472757,0.000000000,0.000000000,0.000000000,1.000000000
1790226882815588280,1790226882,815588280,1790226882823612786,RL_calflower1,0.982281489,0.000000000,-0.187411514,-0.207676720,0.004054499,0.999765953,0.021250876,0.135637654,0.187367651,-0.021634202,0.982051590,-0.295051700,0.000000000,0.000000000,0.000000000,1.000000000
1790226882815588280,1790226882,815588280,1790226882823612786,RL_foot,0.752776645,0.000000000,-0.658276023,-0.196890160,0.014241276,0.999765953,0.016285722,0.135107438,0.658121956,-0.021634202,0.752600460,-0.319554226,0.000000000,0.000000000,0.000000000,1.000000000
1790226882815588280,1790226882,815588280,1790226882823612786,RR_hip,1.000000000,0.000000000,0.000000000,-0.193400000,0.000000000,0.999999745,-0.000714147,-0.046500000,0.000000000,0.000714147,0.999999745,0.000000000,0.000000000,0.000000000,0.000000000,1.000000000
1790226882815588280,1790226882,815588280,1790226882823612786,RR_thigh,0.711794299,0.000000000,0.702387981,-0.193400000,0.000501609,0.999999745,-0.000508326,-0.141999976,-0.702387802,0.000714147,0.711794117,-0.000068201,0.000000000,0.000000000,0.000000000,1.000000000
1790226882815588280,1790226882,815588280,1790226882823612786,RR_calf,0.779653504,-0.000000000,-0.626211158,-0.343008640,-0.000447207,0.999999745,-0.000556788,-0.141891702,0.626210998,0.000714147,0.779653305,-0.151680348,0.000000000,0.000000000,0.000000000,1.000000000
1790226882815588280,1790226882,815588280,1790226882823612786,RR_calflower,0.809976653,0.000000000,-0.586462122,-0.234736319,-0.000418820,0.999999745,-0.000578443,-0.141818242,0.586461973,0.000714147,0.809976447,-0.254544817,0.000000000,0.000000000,0.000000000,1.000000000
1790226882815588280,1790226882,815588280,1790226882823612786,RR_calflower1,0.989261174,0.000000000,-0.146158574,-0.219377600,-0.000104379,0.999999745,-0.000706478,-0.141790916,0.146158536,0.000714147,0.989260922,-0.292808495,0.000000000,0.000000000,0.000000000,1.000000000
1790226882815588280,1790226882,815588280,1790226882823612786,RR_foot,0.779653504,-0.000000000,-0.626211158,-0.209625663,-0.000447207,0.999999745,-0.000556788,-0.141773106,0.626210998,0.000714147,0.779653305,-0.317746502,0.000000000,0.000000000,0.000000000,1.000000000
1790226882893725211,1790226882,893725211,1790226882923767964,FL_hip,1.000000000,-0.000000000,0.000000000,0.193400000,0.000000000,0.987943907,0.154812265,0.046500000,-0.000000000,-0.154812265,0.987943907,0.000000000,0.000000000,0.000000000,0.000000000,1.000000000
1790226882893725211,1790226882,893725211,1790226882923767964,FL_thigh,0.673234026,0.000000000,0.739429473,0.193400000,-0.114472752,0.987943907,0.104224885,0.140848643,-0.730514842,-0.154812265,0.665117454,-0.014784571,0.000000000,0.000000000,0.000000000,1.000000000
1790226882893725211,1790226882,893725211,1790226882923767964,FL_calf,0.785105607,-0.000000000,-0.619361918,0.035901522,0.095884822,0.987943907,0.121543977,0.118648743,0.611894833,-0.154812265,0.775640300,-0.156454589,0.000000000,0.000000000,0.000000000,1.000000000
1790226882893725211,1790226882,893725211,1790226882923767964,FL_calflower,0.815079624,-0.000000000,-0.579348951,0.143269198,0.089690324,0.987943907,0.126184323,0.102577930,0.572364266,-0.154812265,0.805252947,-0.259011457,0.000000000,0.000000000,0.000000000,1.000000000
1790226882893725211,1790226882,893725211,1790226882923767964,FL_calflower1,0.990502769,0.000000000,-0.137492782,0.158292360,0.021285569,0.987943907,0.153341977,0.096633654,0.135835156,-0.154812265,0.978561175,-0.296945217,0.000000000,0.000000000,0.000000000,1.000000000
1790226882893725211,1790226882,893725211,1790226882923767964,FL_foot,0.785105607,-0.000000000,-0.619361918,0.167825611,0.095884822,0.987943907,0.121543977,0.092759875,0.611894833,-0.154812265,0.775640300,-0.321665973,0.000000000,0.000000000,0.000000000,1.000000000
1790226882893725211,1790226882,893725211,1790226882923767964,FR_hip,1.000000000,0.000000000,0.000000000,0.193400000,0.000000000,0.993012261,-0.118011230,-0.046500000,0.000000000,0.118011230,0.993012261,0.000000000,0.000000000,0.000000000,0.000000000,1.000000000
1790226882893725211,1790226882,893725211,1790226882923767964,FR_thigh,0.706496216,0.000000000,0.707716820,0.193400000,0.083518532,0.993012261,-0.083374487,-0.141332671,-0.702771479,0.118011230,0.701559405,-0.011270072,0.000000000,0.000000000,0.000000000,1.000000000
1790226882893725211,1790226882,893725211,1790226882923767964,FR_calf,0.737400283,0.000000000,-0.675456010,0.042656317,-0.079711395,0.993012261,-0.087021514,-0.123573905,0.670736100,0.118011230,0.732247522,-0.160702226,0.000000000,0.000000000,0.000000000,1.000000000
1790226882893725211,1790226882,893725211,1790226882923767964,FR_calflower,0.770237455,0.000000000,-0.637757213,0.157371813,-0.075262513,0.993012261,-0.090896670,-0.112288949,0.633300732,0.118011230,0.764855237,-0.255660137,0.000000000,0.000000000,0.000000000,1.000000000
1790226882893725211,1790226882,893725211,1790226882923767964,FR_calflower1,0.977699712,-0.000000000,-0.210007793,0.175179727,-0.024783278,0.993012261,-0.115379546,-0.107900457,0.208540313,0.118011230,0.970867801,-0.292587354,0.000000000,0.000000000,0.000000000,1.000000000
1790226882893725211,1790226882,893725211,1790226882923767964,FR_foot,0.737400283,0.000000000,-0.675456010,0.186528448,-0.079711395,0.993012261,-0.087021514,-0.105038322,0.670736100,0.118011230,0.732247522,-0.316670948,0.000000000,0.000000000,0.000000000,1.000000000
1790226882893725211,1790226882,893725211,1790226882923767964,RL_hip,1.000000000,-0.000000000,0.000000000,-0.193400000,0.000000000,0.999765953,0.021634202,0.046500000,-0.000000000,-0.021634202,0.999765953,0.000000000,0.000000000,0.000000000,0.000000000,1.000000000
1790226882893725211,1790226882,893725211,1790226882923767964,RL_thigh,0.738167893,-0.000000000,0.674617048,-0.193400000,-0.014594802,0.999765953,0.015969673,0.141977649,-0.674459157,-0.021634202,0.737995127,-0.002066066,0.000000000,0.000000000,0.000000000,1.000000000
1790226882893725211,1790226882,893725211,1790226882923767964,RL_calf,0.752726420,0.000000000,-0.658333453,-0.337093431,0.014242519,0.999765953,0.016284635,0.138576108,0.658179373,-0.021634202,0.752550247,-0.159259028,0.000000000,0.000000000,0.000000000,1.000000000
1790226882893725211,1790226882,893725211,1790226882923767964,RL_calflower,0.784688668,-0.000000000,-0.619890067,-0.224605552,0.013410827,0.999765953,0.016976113,0.136450832,0.619744984,-0.021634202,0.784505014,-0.257472877,0.000000000,0.000000000,0.000000000,1.000000000
1790226882893725211,1790226882,893725211,1790226882923767964,RL_calflower1,0.982267188,0.000000000,-0.187486456,-0.207656836,0.004056120,0.999765953,0.021250567,0.135637680,0.187442575,-0.021634202,0.982037292,-0.295050528,0.000000000,0.000000000,0.000000000,1.000000000
1790226882893725211,1790226882,893725211,1790226882923767964,RL_foot,0.752726420,0.000000000,-0.658333453,-0.196868406,0.014242519,0.999765953,0.016284635,0.135107481,0.658179373,-0.021634202,0.752550247,-0.319552231,0.000000000,0.000000000,0.000000000,1.000000000
1790226882893725211,1790226882,893725211,1790226882923767964,RR_hip,1.000000000,0.000000000,0.000000000,-0.193400000,0.000000000,0.999999766,-0.000683870,-0.046500000,0.000000000,0.000683870,0.999999766,0.000000000,0.000000000,0.000000000,0.000000000,1.000000000
1790226882893725211,1790226882,893725211,1790226882923767964,RR_thigh,0.711836833,0.000000000,0.702344875,-0.193400000,0.000480313,0.999999766,-0.000486804,-0.141999978,-0.702344711,0.000683870,0.711836667,-0.000065310,0.000000000,0.000000000,0.000000000,1.000000000
1790226882893725211,1790226882,893725211,1790226882923767964,RR_calf,0.779605651,-0.000000000,-0.626270732,-0.342999458,-0.000428288,0.999999766,-0.000533149,-0.141896288,0.626270585,0.000683870,0.779605468,-0.151686520,0.000000000,0.000000000,0.000000000,1.000000000
1790226882893725211,1790226882,893725211,1790226882923767964,RR_calflower,0.809931838,-0.000000000,-0.586524014,-0.234719277,-0.000401106,0.999999766,-0.000553888,-0.141825948,0.586523876,0.000683870,0.809931648,-0.254542717,0.000000000,0.000000000,0.000000000,1.000000000
1790226882893725211,1790226882,893725211,1790226882923767964,RR_calflower1,0.989250003,0.000000000,-0.146234166,-0.219357635,-0.000100005,0.999999766,-0.000676519,-0.141799782,0.146234132,0.000683870,0.989249772,-0.292805222,0.000000000,0.000000000,0.000000000,1.000000000
1790226882893725211,1790226882,893725211,1790226882923767964,RR_foot,0.779605651,-0.000000000,-0.626270732,-0.209603793,-0.000428288,0.999999766,-0.000533149,-0.141782728,0.626270585,0.000683870,0.779605468,-0.317742484,0.000000000,0.000000000,0.000000000,1.000000000
1790226883454487940,1790226883,454487940,1790226883456966016,FL_hip,1.000000000,-0.000000000,0.000000000,0.193400000,0.000000000,0.987943907,0.154812265,0.046500000,-0.000000000,-0.154812265,0.987943907,0.000000000,0.000000000,0.000000000,0.000000000,1.000000000
1790226883454487940,1790226883,454487940,1790226883456966016,FL_thigh,0.673166856,-0.000000000,0.739490625,0.193400000,-0.114482219,0.987943907,0.104214486,0.140848643,-0.730575257,-0.154812265,0.665051093,-0.014784571,0.000000000,0.000000000,0.000000000,1.000000000
1790226883454487940,1790226883,454487940,1790226883456966016,FL_calf,0.785161865,0.000000000,-0.619290599,0.035888497,0.095873780,0.987943907,0.121552687,0.118650958,0.611824374,-0.154812265,0.775695880,-0.156440454,0.000000000,0.000000000,0.000000000,1.000000000
1790226883454487940,1790226883,454487940,1790226883456966016,FL_calflower,0.815132247,0.000000000,-0.579274909,0.143246743,0.089678861,0.987943907,0.126192470,0.102578636,0.572291117,-0.154812265,0.805304936,-0.259006957,0.000000000,0.000000000,0.000000000,1.000000000
1790226883454487940,1790226883,454487940,1790226883456966016,FL_calflower1,0.990515254,0.000000000,-0.137402806,0.158266417,0.021271640,0.987943907,0.153343910,0.096634148,0.135746265,-0.154812265,0.978573510,-0.296942066,0.000000000,0.000000000,0.000000000,1.000000000
1790226883454487940,1790226883,454487940,1790226883456966016,FL_foot,0.785161865,0.000000000,-0.619290599,0.167797394,0.095873780,0.987943907,0.121552687,0.092760235,0.611824374,-0.154812265,0.775695880,-0.321663677,0.000000000,0.000000000,0.000000000,1.000000000
1790226883454487940,1790226883,454487940,1790226883456966016,FR_hip,1.000000000,0.000000000,0.000000000,0.193400000,0.000000000,0.993019405,-0.117951095,-0.046500000,0.000000000,0.117951095,0.993019405,0.000000000,0.000000000,0.000000000,0.000000000,1.000000000
1790226883454487940,1790226883,454487940,1790226883456966016,FR_thigh,0.706410495,-0.000000000,0.707802383,0.193400000,0.083486066,0.993019405,-0.083321891,-0.141333353,-0.702861501,0.117951095,0.701479329,-0.011264330,0.000000000,0.000000000,0.000000000,1.000000000
1790226883454487940,1790226883,454487940,1790226883456966016,FR_calf,0.737492714,-0.000000000,-0.675355089,0.042638092,-0.079658872,0.993019405,-0.086988073,-0.123585790,0.670640709,0.117951095,0.732344576,-0.160679427,0.000000000,0.000000000,0.000000000,1.000000000
1790226883454487940,1790226883,454487940,1790226883456966016,FR_calflower,0.770324727,0.000000000,-0.637651798,0.157340500,-0.075211728,0.993019405,-0.090860645,-0.112304733,0.633200609,0.117951095,0.764947402,-0.255653610,0.000000000,0.000000000,0.000000000,1.000000000
1790226883454487940,1790226883,454487940,1790226883456966016,FR_calflower1,0.977728443,-0.000000000,-0.209873990,0.175143325,-0.024754867,0.993019405,-0.115324140,-0.107918190,0.208408945,0.117951095,0.970903317,-0.292583512,0.000000000,0.000000000,0.000000000,1.000000000
1790226883454487940,1790226883,454487940,1790226883456966016,FR_foot,0.737492714,-0.000000000,-0.675355089,0.186488726,-0.079658872,0.993019405,-0.086988073,-0.105057331,0.670640709,0.117951095,0.732344576,-0.316668821,0.000000000,0.000000000,0.000000000,1.000000000
1790226883454487940,1790226883,454487940,1790226883456966016,RL_hip,1.000000000,-0.000000000,0.000000000,-0.193400000,0.000000000,0.999765298,0.021664474,0.046500000,-0.000000000,-0.021664474,0.999765298,0.000000000,0.000000000,0.000000000,0.000000000,1.000000000
1790226883454487940,1790226883,454487940,1790226883456966016,RL_thigh,0.738127038,-0.000000000,0.674661749,-0.193400000,-0.014616192,0.999765298,0.015991134,0.141977586,-0.674503405,-0.021664474,0.737953798,-0.002068957,0.000000000,0.000000000,0.000000000,1.000000000
1790226883454487940,1790226883,454487940,1790226883456966016,RL_calf,0.752766287,0.000000000,-0.658287868,-0.337102953,0.014261460,0.999765298,0.016308286,0.138571474,0.658133367,-0.021664474,0.752589611,-0.159253116,0.000000000,0.000000000,0.000000000,1.000000000
1790226883454487940,1790226883,454487940,1790226883456966016,RL_calflower,0.784726206,0.000000000,-0.619842546,-0.224621022,0.013428563,0.999765298,0.017000681,0.136443077,0.619697068,-0.021664474,0.784542029,-0.257473711,0.000000000,0.000000000,0.000000000,1.000000000
1790226883454487940,1790226883,454487940,1790226883456966016,RL_calflower1,0.982278540,0.000000000,-0.187426971,-0.207674583,0.004060507,0.999765298,0.021280548,0.135628764,0.187382982,-0.021664474,0.982047997,-0.295052363,0.000000000,0.000000000,0.000000000,1.000000000
1790226883454487940,1790226883,454487940,1790226883456966016,RL_foot,0.752766287,0.000000000,-0.658287868,-0.196887637,0.014261460,0.999765298,0.016308286,0.135097810,0.658133367,-0.021664474,0.752589611,-0.319554703,0.000000000,0.000000000,0.000000000,1.000000000
1790226883454487940,1790226883,454487940,1790226883456966016,RR_hip,1.000000000,0.000000000,0.000000000,-0.193400000,0.000000000,0.999999745,-0.000714147,-0.046500000,0.000000000,0.000714147,0.999999745,0.000000000,0.000000000,0.000000000,0.000000000,1.000000000
1790226883454487940,1790226883,454487940,1790226883456966016,RR_thigh,0.711751762,0.000000000,0.702431085,-0.193400000,0.000501639,0.999999745,-0.000508296,-0.141999976,-0.702430906,0.000714147,0.711751581,-0.000068201,0.000000000,0.000000000,0.000000000,1.000000000
1790226883454487940,1790226883,454487940,1790226883456966016,RR_calf,0.779691425,-0.000000000,-0.626163942,-0.343017821,-0.000447173,0.999999745,-0.000556815,-0.141891709,0.626163782,0.000714147,0.779691226,-0.151671288,0.000000000,0.000000000,0.000000000,1.000000000
1790226883454487940,1790226883,454487940,1790226883456966016,RR_calflower,0.810012167,-0.000000000,-0.586413070,-0.234751729,-0.000418785,0.999999745,-0.000578468,-0.141818244,0.586412921,0.000714147,0.810011961,-0.254542314,0.000000000,0.000000000,0.000000000,1.000000000
1790226883454487940,1790226883,454487940,1790226883456966016,RR_calflower1,0.989270024,0.000000000,-0.146098665,-0.219395328,-0.000104336,0.999999745,-0.000706485,-0.141790917,0.146098628,0.000714147,0.989269772,-0.292806921,0.000000000,0.000000000,0.000000000,1.000000000
1790226883454487940,1790226883,454487940,1790226883456966016,RR_foot,0.779691425,-0.000000000,-0.626163942,-0.209644901,-0.000447173,0.999999745,-0.000556815,-0.141773107,0.626163782,0.000714147,0.779691226,-0.317745519,0.000000000,0.000000000,0.000000000,1.000000000
1790226883505035668,1790226883,505035668,1790226883523706865,FL_hip,1.000000000,-0.000000000,0.000000000,0.193400000,0.000000000,0.987943907,0.154812265,0.046500000,-0.000000000,-0.154812265,0.987943907,0.000000000,0.000000000,0.000000000,0.000000000,1.000000000
1790226883505035668,1790226883,505035668,1790226883523706865,FL_thigh,0.673189247,-0.000000000,0.739470242,0.193400000,-0.114479063,0.987943907,0.104217952,0.140848643,-0.730555119,-0.154812265,0.665073214,-0.014784571,0.000000000,0.000000000,0.000000000,1.000000000
1790226883505035668,1790226883,505035668,1790226883523706865,FL_calf,0.785143113,0.000000000,-0.619314373,0.035892839,0.095877461,0.987943907,0.121549784,0.118650219,0.611847861,-0.154812265,0.775677354,-0.156445166,0.000000000,0.000000000,0.000000000,1.000000000
1790226883505035668,1790226883,505035668,1790226883523706865,FL_calflower,0.815114706,-0.000000000,-0.579299590,0.143254228,0.089682682,0.987943907,0.126189754,0.102578400,0.572315500,-0.154812265,0.805287607,-0.259008457,0.000000000,0.000000000,0.000000000,1.000000000
1790226883505035668,1790226883,505035668,1790226883523706865,FL_calflower1,0.990511093,-0.000000000,-0.137432798,0.158275064,0.021276283,0.987943907,0.153343266,0.096633983,0.135775896,-0.154812265,0.978569399,-0.296943116,0.000000000,0.000000000,0.000000000,1.000000000
1790226883505035668,1790226883,505035668,1790226883523706865,FL_foot,0.785143113,0.000000000,-0.619314373,0.167806800,0.095877461,0.987943907,0.121549784,0.092760115,0.611847861,-0.154812265,0.775677354,-0.321664442,0.000000000,0.000000000,0.000000000,1.000000000
1790226883505035668,1790226883,505035668,1790226883523706865,FR_hip,1.000000000,0.000000000,0.000000000,0.193400000,0.000000000,0.993019405,-0.117951095,-0.046500000,0.000000000,0.117951095,0.993019405,0.000000000,0.000000000,0.000000000,0.000000000,1.000000000
1790226883505035668,1790226883,505035668,1790226883523706865,FR_thigh,0.706453357,-0.000000000,0.707759602,0.193400000,0.083481020,0.993019405,-0.083326947,-0.141333353,-0.702819020,0.117951095,0.701521892,-0.011264330,0.000000000,0.000000000,0.000000000,1.000000000
1790226883505035668,1790226883,505035668,1790226883523706865,FR_calf,0.737451814,0.000000000,-0.675399749,0.042647205,-0.079664140,0.993019405,-0.086983249,-0.123584714,0.670685057,0.117951095,0.732303962,-0.160688493,0.000000000,0.000000000,0.000000000,1.000000000
1790226883505035668,1790226883,505035668,1790226883523706865,FR_calflower,0.770286110,0.000000000,-0.637698446,0.157355404,-0.075217230,0.993019405,-0.090856090,-0.112304476,0.633246932,0.117951095,0.764909055,-0.255655778,0.000000000,0.000000000,0.000000000,1.000000000
1790226883505035668,1790226883,505035668,1790226883523706865,FR_calflower1,0.977715732,0.000000000,-0.209933199,0.175160481,-0.024761851,0.993019405,-0.115322641,-0.107918060,0.208467741,0.117951095,0.970890694,-0.292584609,0.000000000,0.000000000,0.000000000,1.000000000
1790226883505035668,1790226883,505035668,1790226883523706865,FR_foot,0.737451814,0.000000000,-0.675399749,0.186507351,-0.079664140,0.993019405,-0.086983249,-0.105057282,0.670685057,0.117951095,0.732303962,-0.316669236,0.000000000,0.000000000,0.000000000,1.000000000
1790226883505035668,1790226883,505035668,1790226883523706865,RL_hip,1.000000000,-0.000000000,0.000000000,-0.193400000,0.000000000,0.999765298,0.021664474,0.046500000,-0.000000000,-0.021664474,0.999765298,0.000000000,0.000000000,0.000000000,0.000000000,1.000000000
1790226883505035668,1790226883,505035668,1790226883523706865,RL_thigh,0.738106609,-0.000000000,0.674684099,-0.193400000,-0.014616676,0.999765298,0.015990692,0.141977586,-0.674525749,-0.021664474,0.737933374,-0.002068957,0.000000000,0.000000000,0.000000000,1.000000000
1790226883505035668,1790226883,505035668,1790226883523706865,RL_calf,0.752775782,0.000000000,-0.658277010,-0.337107713,0.014261225,0.999765298,0.016308491,0.138571569,0.658122511,-0.021664474,0.752599104,-0.159248766,0.000000000,0.000000000,0.000000000,1.000000000
1790226883505035668,1790226883,505035668,1790226883523706865,RL_calflower,0.784735146,0.000000000,-0.619831227,-0.224627200,0.013428318,0.999765298,0.017000874,0.136443136,0.619685751,-0.021664474,0.784550967,-0.257470983,0.000000000,0.000000000,0.000000000,1.000000000
1790226883505035668,1790226883,505035668,1790226883523706865,RL_calflower1,0.982281244,-0.000000000,-0.187412803,-0.207681302,0.004060200,0.999765298,0.021280607,0.135628818,0.187368816,-0.021664474,0.982050700,-0.295049879,0.000000000,0.000000000,0.000000000,1.000000000
1790226883505035668,1790226883,505035668,1790226883523706865,RL_foot,0.752775782,0.000000000,-0.658277010,-0.196894710,0.014261225,0.999765298,0.016308491,0.135097860,0.658122511,-0.021664474,0.752599104,-0.319552375,0.000000000,0.000000000,0.000000000,1.000000000
1790226883505035668,1790226883,505035668,1790226883523706865,RR_hip,1.000000000,0.000000000,0.000000000,-0.193400000,0.000000000,0.999999745,-0.000714147,-0.046500000,0.000000000,0.000714147,0.999999745,0.000000000,0.000000000,0.000000000,0.000000000,1.000000000
1790226883505035668,1790226883,505035668,1790226883523706865,RR_thigh,0.711709223,-0.000000000,0.702474186,-0.193400000,0.000501670,0.999999745,-0.000508265,-0.141999976,-0.702474007,0.000714147,0.711709041,-0.000068201,0.000000000,0.000000000,0.000000000,1.000000000
1790226883505035668,1790226883,505035668,1790226883523706865,RR_calf,0.779739195,0.000000000,-0.626104454,-0.343027002,-0.000447131,0.999999745,-0.000556849,-0.141891715,0.626104295,0.000714147,0.779738996,-0.151662227,0.000000000,0.000000000,0.000000000,1.000000000
1790226883505035668,1790226883,505035668,1790226883523706865,RR_calflower,0.810056904,-0.000000000,-0.586351270,-0.234768758,-0.000418741,0.999999745,-0.000578500,-0.141818244,0.586351120,0.000714147,0.810056698,-0.254541512,0.000000000,0.000000000,0.000000000,1.000000000
1790226883505035668,1790226883,505035668,1790226883523706865,RR_calflower1,0.989281167,0.000000000,-0.146023190,-0.219415277,-0.000104282,0.999999745,-0.000706493,-0.141790917,0.146023152,0.000714147,0.989280915,-0.292807292,0.000000000,0.000000000,0.000000000,1.000000000
1790226883505035668,1790226883,505035668,1790226883523706865,RR_foot,0.779739195,0.000000000,-0.626104454,-0.209666753,-0.000447131,0.999999745,-0.000556849,-0.141773106,0.626104295,0.000714147,0.779738996,-0.317746633,0.000000000,0.000000000,0.000000000,1.000000000
1790226883655489654,1790226883,655489654,1790226883657033076,FL_hip,1.000000000,-0.000000000,0.000000000,0.193400000,0.000000000,0.987948594,0.154782351,0.046500000,-0.000000000,-0.154782351,0.987948594,0.000000000,0.000000000,0.000000000,0.000000000,1.000000000
1790226883655489654,1790226883,655489654,1790226883657033076,FL_thigh,0.673099724,-0.000000000,0.739551731,0.193400000,-0.114469556,0.987948594,0.104183958,0.140849091,-0.730639092,-0.154782351,0.664987925,-0.014781715,0.000000000,0.000000000,0.000000000,1.000000000
1790226883655489654,1790226883,655489654,1790226883657033076,FL_calf,0.785218080,0.000000000,-0.619219321,0.035875481,0.095844222,0.987948594,0.121537900,0.118657908,0.611756857,-0.154782351,0.775755097,-0.156424143,0.000000000,0.000000000,0.000000000,1.000000000
1790226883655489654,1790226883,655489654,1790226883657033076,FL_calflower,0.815184829,-0.000000000,-0.579200911,0.143224302,0.089650079,0.987948594,0.126176224,0.102587183,0.572220725,-0.154782351,0.805360705,-0.259000760,0.000000000,0.000000000,0.000000000,1.000000000
1790226883655489654,1790226883,655489654,1790226883657033076,FL_calflower1,0.990527723,0.000000000,-0.137312889,0.158240491,0.021253612,0.987948594,0.153316210,0.096643633,0.135658076,-0.154782351,0.978590471,-0.296937395,0.000000000,0.000000000,0.000000000,1.000000000
1790226883655489654,1790226883,655489654,1790226883657033076,FL_foot,0.785218080,0.000000000,-0.619219321,0.167769197,0.095844222,0.987948594,0.121537900,0.092770335,0.611756857,-0.154782351,0.775755097,-0.321659978,0.000000000,0.000000000,0.000000000,1.000000000
1790226883655489654,1790226883,655489654,1790226883657033076,FR_hip,1.000000000,0.000000000,0.000000000,0.193400000,0.000000000,0.993019405,-0.117951095,-0.046500000,0.000000000,0.117951095,0.993019405,0.000000000,0.000000000,0.000000000,0.000000000,1.000000000
1790226883655489654,1790226883,655489654,1790226883657033076,FR_thigh,0.706346239,0.000000000,0.707866506,0.193400000,0.083493629,0.993019405,-0.083314312,-0.141333353,-0.702925177,0.117951095,0.701415522,-0.011264330,0.000000000,0.000000000,0.000000000,1.000000000
1790226883655489654,1790226883,655489654,1790226883657033076,FR_calf,0.737564725,0.000000000,-0.675276445,0.042624434,-0.079649596,0.993019405,-0.086996567,-0.123587405,0.670562613,0.117951095,0.732416084,-0.160665836,0.000000000,0.000000000,0.000000000,1.000000000
1790226883655489654,1790226883,655489654,1790226883657033076,FR_calflower,0.770392717,0.000000000,-0.637569653,0.157316642,-0.075202038,0.993019405,-0.090868664,-0.112304905,0.633119037,0.117951095,0.765014917,-0.255652164,0.000000000,0.000000000,0.000000000,1.000000000
1790226883655489654,1790226883,655489654,1790226883657033076,FR_calflower1,0.977750817,-0.000000000,-0.209769731,0.175115501,-0.024742569,0.993019405,-0.115326779,-0.107918138,0.208305414,0.117951095,0.970925535,-0.292583951,0.000000000,0.000000000,0.000000000,1.000000000
1790226883655489654,1790226883,655489654,1790226883657033076,FR_foot,0.737564725,0.000000000,-0.675276445,0.186458317,-0.079649596,0.993019405,-0.086996567,-0.105057136,0.670562613,0.117951095,0.732416084,-0.316670462,0.000000000,0.000000000,0.000000000,1.000000000
1790226883655489654,1790226883,655489654,1790226883657033076,RL_hip,1.000000000,-0.000000000,0.000000000,-0.193400000,0.000000000,0.999764641,0.021694746,0.046500000,-0.000000000,-0.021694746,0.999764641,0.000000000,0.000000000,0.000000000,0.000000000,1.000000000
1790226883655489654,1790226883,655489654,1790226883657033076,RL_thigh,0.738045320,0.000000000,0.674751144,-0.193400000,-0.014638555,0.999764641,0.016011706,0.141977523,-0.674592335,-0.021694746,0.737871614,-0.002071848,0.000000000,0.000000000,0.000000000,1.000000000
1790226883655489654,1790226883,655489654,1790226883657033076,RL_calf,0.752856368,0.000000000,-0.658184844,-0.337121994,0.014279153,0.999764641,0.016333028,0.138567030,0.658029935,-0.021694746,0.752679176,-0.159238502,0.000000000,0.000000000,0.000000000,1.000000000
1790226883655489654,1790226883,655489654,1790226883657033076,RL_calflower,0.784811025,-0.000000000,-0.619735149,-0.224653509,0.013444997,0.999764641,0.017026276,0.136435325,0.619589289,-0.021694746,0.784626313,-0.257474421,0.000000000,0.000000000,0.000000000,1.000000000
1790226883655489654,1790226883,655489654,1790226883657033076,RL_calflower1,0.982304181,-0.000000000,-0.187292542,-0.207712214,0.004063264,0.999764641,0.021310840,0.135619824,0.187248462,-0.021694746,0.982072987,-0.295055367,0.000000000,0.000000000,0.000000000,1.000000000
1790226883655489654,1790226883,655489654,1790226883657033076,RL_foot,0.752856368,0.000000000,-0.658184844,-0.196928622,0.014279153,0.999764641,0.016333028,0.135088095,0.658029935,-0.021694746,0.752679176,-0.319559167,0.000000000,0.000000000,0.000000000,1.000000000
1790226883655489654,1790226883,655489654,1790226883657033076,RR_hip,1.000000000,0.000000000,0.000000000,-0.193400000,0.000000000,0.999999700,-0.000774702,-0.046500000,0.000000000,0.000774702,0.999999700,0.000000000,0.000000000,0.000000000,0.000000000,1.000000000
1790226883655489654,1790226883,655489654,1790226883657033076,RR_thigh,0.711645409,0.000000000,0.702538833,-0.193400000,0.000544258,0.999999700,-0.000551313,-0.141999971,-0.702538622,0.000774702,0.711645195,-0.000073984,0.000000000,0.000000000,0.000000000,1.000000000
1790226883655489654,1790226883,655489654,1790226883657033076,RR_calf,0.779796065,0.000000000,-0.626033622,-0.343040771,-0.000484989,0.999999700,-0.000604110,-0.141882542,0.626033434,0.000774702,0.779795831,-0.151654411,0.000000000,0.000000000,0.000000000,1.000000000
1790226883655489654,1790226883,655489654,1790226883657033076,RR_calflower,0.810110164,-0.000000000,-0.586277684,-0.234791874,-0.000454190,0.999999700,-0.000627594,-0.141802833,0.586277508,0.000774702,0.810109921,-0.254543525,0.000000000,0.000000000,0.000000000,1.000000000
1790226883655489654,1790226883,655489654,1790226883657033076,RR_calflower1,0.989294428,-0.000000000,-0.145933325,-0.219441868,-0.000113055,0.999999700,-0.000766408,-0.141773188,0.145933282,0.000774702,0.989294131,-0.292810697,0.000000000,0.000000000,0.000000000,1.000000000
1790226883655489654,1790226883,655489654,1790226883657033076,RR_foot,0.779796065,0.000000000,-0.626033622,-0.209695610,-0.000484989,0.999999700,-0.000604110,-0.141753866,0.626033434,0.000774702,0.779795831,-0.317750923,0.000000000,0.000000000,0.000000000,1.000000000
1790226883713423879,1790226883,713423879,1790226883723953269,FL_hip,1.000000000,-0.000000000,0.000000000,0.193400000,0.000000000,0.987948594,0.154782351,0.046500000,-0.000000000,-0.154782351,0.987948594,0.000000000,0.000000000,0.000000000,0.000000000,1.000000000
1790226883713423879,1790226883,713423879,1790226883723953269,FL_thigh,0.673099724,-0.000000000,0.739551731,0.193400000,-0.114469556,0.987948594,0.104183958,0.140849091,-0.730639092,-0.154782351,0.664987925,-0.014781715,0.000000000,0.000000000,0.000000000,1.000000000
1790226883713423879,1790226883,713423879,1790226883723953269,FL_calf,0.785218080,0.000000000,-0.619219321,0.035875481,0.095844222,0.987948594,0.121537900,0.118657908,0.611756857,-0.154782351,0.775755097,-0.156424143,0.000000000,0.000000000,0.000000000,1.000000000
1790226883713423879,1790226883,713423879,1790226883723953269,FL_calflower,0.815184829,-0.000000000,-0.579200911,0.143224302,0.089650079,0.987948594,0.126176224,0.102587183,0.572220725,-0.154782351,0.805360705,-0.259000760,0.000000000,0.000000000,0.000000000,1.000000000
1790226883713423879,1790226883,713423879,1790226883723953269,FL_calflower1,0.990527723,0.000000000,-0.137312889,0.158240491,0.021253612,0.987948594,0.153316210,0.096643633,0.135658076,-0.154782351,0.978590471,-0.296937395,0.000000000,0.000000000,0.000000000,1.000000000
1790226883713423879,1790226883,713423879,1790226883723953269,FL_foot,0.785218080,0.000000000,-0.619219321,0.167769197,0.095844222,0.987948594,0.121537900,0.092770335,0.611756857,-0.154782351,0.775755097,-0.321659978,0.000000000,0.000000000,0.000000000,1.000000000
1790226883713423879,1790226883,713423879,1790226883723953269,FR_hip,1.000000000,0.000000000,0.000000000,0.193400000,0.000000000,0.993019405,-0.117951095,-0.046500000,0.000000000,0.117951095,0.993019405,0.000000000,0.000000000,0.000000000,0.000000000,1.000000000
1790226883713423879,1790226883,713423879,1790226883723953269,FR_thigh,0.706367672,-0.000000000,0.707845118,0.193400000,0.083491107,0.993019405,-0.083316840,-0.141333353,-0.702903939,0.117951095,0.701436806,-0.011264330,0.000000000,0.000000000,0.000000000,1.000000000
1790226883713423879,1790226883,713423879,1790226883723953269,FR_calf,0.737554904,-0.000000000,-0.675287171,0.042628990,-0.079650861,0.993019405,-0.086995408,-0.123586866,0.670573265,0.117951095,0.732406332,-0.160670369,0.000000000,0.000000000,0.000000000,1.000000000
1790226883713423879,1790226883,713423879,1790226883723953269,FR_calflower,0.770383444,0.000000000,-0.637580857,0.157322589,-0.075203360,0.993019405,-0.090867571,-0.112304563,0.633130163,0.117951095,0.765005710,-0.255655041,0.000000000,0.000000000,0.000000000,1.000000000
1790226883713423879,1790226883,713423879,1790226883723953269,FR_calflower1,0.977747766,0.000000000,-0.209783951,0.175121989,-0.024744247,0.993019405,-0.115326419,-0.107917827,0.208319534,0.117951095,0.970922505,-0.292586571,0.000000000,0.000000000,0.000000000,1.000000000
1790226883713423879,1790226883,713423879,1790226883723953269,FR_foot,0.737554904,-0.000000000,-0.675287171,0.186465157,-0.079650861,0.993019405,-0.086995408,-0.105056844,0.670573265,0.117951095,0.732406332,-0.316672918,0.000000000,0.000000000,0.000000000,1.000000000
1790226883713423879,1790226883,713423879,1790226883723953269,RL_hip,1.000000000,-0.000000000,0.000000000,-0.193400000,0.000000000,0.999765298,0.021664474,0.046500000,-0.000000000,-0.021664474,0.999765298,0.000000000,0.000000000,0.000000000,0.000000000,1.000000000
1790226883713423879,1790226883,713423879,1790226883723953269,RL_thigh,0.738004456,0.000000000,0.674795838,-0.193400000,-0.014619097,0.999765298,0.015988478,0.141977586,-0.674637461,-0.021664474,0.737831245,-0.002068957,0.000000000,0.000000000,0.000000000,1.000000000
1790226883713423879,1790226883,713423879,1790226883723953269,RL_calf,0.752885869,-0.000000000,-0.658151099,-0.337131513,0.014258497,0.999765298,0.016310876,0.138572040,0.657996629,-0.021664474,0.752709165,-0.159227012,0.000000000,0.000000000,0.000000000,1.000000000
1790226883713423879,1790226883,713423879,1790226883723953269,RL_calflower,0.784838803,0.000000000,-0.619699971,-0.224667433,0.013425474,0.999765298,0.017003120,0.136443200,0.619554526,-0.021664474,0.784654599,-0.257468036,0.000000000,0.000000000,0.000000000,1.000000000
1790226883713423879,1790226883,713423879,1790226883723953269,RL_calflower1,0.982312575,-0.000000000,-0.187248513,-0.207727823,0.004056641,0.999765298,0.021281285,0.135628821,0.187204565,-0.021664474,0.982082024,-0.295049765,0.000000000,0.000000000,0.000000000,1.000000000
1790226883713423879,1790226883,713423879,1790226883723953269,RL_foot,0.752885869,-0.000000000,-0.658151099,-0.196945329,0.014258497,0.999765298,0.016310876,0.135097823,0.657996629,-0.021664474,0.752709165,-0.319554065,0.000000000,0.000000000,0.000000000,1.000000000
1790226883713423879,1790226883,713423879,1790226883723953269,RR_hip,1.000000000,0.000000000,0.000000000,-0.193400000,0.000000000,0.999999745,-0.000714147,-0.046500000,0.000000000,0.000714147,0.999999745,0.000000000,0.000000000,0.000000000,0.000000000,1.000000000
1790226883713423879,1790226883,713423879,1790226883723953269,RR_thigh,0.711687952,-0.000000000,0.702495736,-0.193400000,0.000501686,0.999999745,-0.000508250,-0.141999976,-0.702495557,0.000714147,0.711687771,-0.000068201,0.000000000,0.000000000,0.000000000,1.000000000
1790226883713423879,1790226883,713423879,1790226883723953269,RR_calf,0.779748301,-0.000000000,-0.626093114,-0.343031592,-0.000447123,0.999999745,-0.000556855,-0.141891718,0.626092955,0.000714147,0.779748102,-0.151657696,0.000000000,0.000000000,0.000000000,1.000000000
1790226883713423879,1790226883,713423879,1790226883723953269,RR_calflower,0.810065432,0.000000000,-0.586339489,-0.234774845,-0.000418733,0.999999745,-0.000578506,-0.141818246,0.586339339,0.000714147,0.810065225,-0.254538556,0.000000000,0.000000000,0.000000000,1.000000000
1790226883713423879,1790226883,713423879,1790226883723953269,RR_calflower1,0.989283291,-0.000000000,-0.146008802,-0.219421920,-0.000104272,0.999999745,-0.000706494,-0.141790919,0.146008765,0.000714147,0.989283039,-0.292804559,0.000000000,0.000000000,0.000000000,1.000000000
1790226883713423879,1790226883,713423879,1790226883723953269,RR_foot,0.779748301,-0.000000000,-0.626093114,-0.209673758,-0.000447123,0.999999745,-0.000556855,-0.141773108,0.626092955,0.000714147,0.779748102,-0.317744042,0.000000000,0.000000000,0.000000000,1.000000000
1790226883785391858,1790226883,785391858,1790226883790374376,FL_hip,1.000000000,-0.000000000,0.000000000,0.193400000,0.000000000,0.987943907,0.154812265,0.046500000,-0.000000000,-0.154812265,0.987943907,0.000000000,0.000000000,0.000000000,0.000000000,1.000000000
1790226883785391858,1790226883,785391858,1790226883790374376,FL_thigh,0.673077330,-0.000000000,0.739572111,0.193400000,-0.114494834,0.987943907,0.104200626,0.140848643,-0.730655761,-0.154812265,0.664962647,-0.014784571,0.000000000,0.000000000,0.000000000,1.000000000
1790226883785391858,1790226883,785391858,1790226883790374376,FL_calf,0.785227011,0.000000000,-0.619207995,0.035871140,0.095860992,0.987943907,0.121562772,0.118653910,0.611742765,-0.154812265,0.775760241,-0.156421615,0.000000000,0.000000000,0.000000000,1.000000000
1790226883785391858,1790226883,785391858,1790226883790374376,FL_calflower,0.815193183,0.000000000,-0.579189152,0.143218464,0.089665585,0.987943907,0.126201903,0.102579839,0.572206394,-0.154812265,0.805365138,-0.258999276,0.000000000,0.000000000,0.000000000,1.000000000
1790226883785391858,1790226883,785391858,1790226883790374376,FL_calflower1,0.990529704,0.000000000,-0.137298601,0.158234098,0.021255507,0.987943907,0.153346147,0.096635107,0.135643317,-0.154812265,0.978587785,-0.296935945,0.000000000,0.000000000,0.000000000,1.000000000
1790226883785391858,1790226883,785391858,1790226883790374376,FL_foot,0.785227011,0.000000000,-0.619207995,0.167762443,0.095860992,0.987943907,0.121562772,0.092761039,0.611742765,-0.154812265,0.775760241,-0.321658547,0.000000000,0.000000000,0.000000000,1.000000000
1790226883785391858,1790226883,785391858,1790226883790374376,FR_hip,1.000000000,0.000000000,0.000000000,0.193400000,0.000000000,0.993022976,-0.117921027,-0.046500000,0.000000000,0.117921027,0.993022976,0.000000000,0.000000000,0.000000000,0.000000000,1.000000000
1790226883785391858,1790226883,785391858,1790226883790374376,FR_thigh,0.706346239,0.000000000,0.707866506,0.193400000,0.083472345,0.993022976,-0.083293074,-0.141333694,-0.702927705,0.117921027,0.701418044,-0.011261458,0.000000000,0.000000000,0.000000000,1.000000000
1790226883785391858,1790226883,785391858,1790226883790374376,FR_calf,0.737554018,-0.000000000,-0.675288138,0.042624434,-0.079630671,0.993022976,-0.086973127,-0.123592270,0.670576637,0.117921027,0.732408087,-0.160663502,0.000000000,0.000000000,0.000000000,1.000000000
1790226883785391858,1790226883,785391858,1790226883790374376,FR_calflower,0.770382608,-0.000000000,-0.637581867,0.157318159,-0.075184308,0.993022976,-0.090844308,-0.112312860,0.633133443,0.117921027,0.765007630,-0.255648366,0.000000000,0.000000000,0.000000000,1.000000000
1790226883785391858,1790226883,785391858,1790226883790374376,FR_calflower1,0.977747491,0.000000000,-0.209785233,0.175117608,-0.024738090,0.993022976,-0.115296988,-0.107927245,0.208321557,0.117921027,0.970925723,-0.292580005,0.000000000,0.000000000,0.000000000,1.000000000
1790226883785391858,1790226883,785391858,1790226883790374376,FR_foot,0.737554018,-0.000000000,-0.675288138,0.186460808,-0.079630671,0.993022976,-0.086973127,-0.105066993,0.670576637,0.117921027,0.732408087,-0.316666424,0.000000000,0.000000000,0.000000000,1.000000000
1790226883785391858,1790226883,785391858,1790226883790374376,RL_hip,1.000000000,-0.000000000,0.000000000,-0.193400000,0.000000000,0.999765298,0.021664474,0.046500000,-0.000000000,-0.021664474,0.999765298,0.000000000,0.000000000,0.000000000,0.000000000,1.000000000
1790226883785391858,1790226883,785391858,1790226883790374376,RL_thigh,0.738065750,-0.000000000,0.674728796,-0.193400000,-0.014617645,0.999765298,0.015989806,0.141977586,-0.674570436,-0.021664474,0.737892524,-0.002068957,0.000000000,0.000000000,0.000000000,1.000000000
1790226883785391858,1790226883,785391858,1790226883790374376,RL_calf,0.752836438,-0.000000000,-0.658207640,-0.337117234,0.014259722,0.999765298,0.016309806,0.138571757,0.658053157,-0.021664474,0.752659746,-0.159240065,0.000000000,0.000000000,0.000000000,1.000000000
1790226883785391858,1790226883,785391858,1790226883790374376,RL_calflower,0.784792260,0.000000000,-0.619758912,-0.224645774,0.013426751,0.999765298,0.017002112,0.136443100,0.619613453,-0.021664474,0.784608067,-0.257472644,0.000000000,0.000000000,0.000000000,1.000000000
1790226883785391858,1790226883,785391858,1790226883790374376,RL_calflower1,0.982298509,-0.000000000,-0.187322286,-0.207703340,0.004058239,0.999765298,0.021280981,0.135628748,0.187278321,-0.021664474,0.982067962,-0.295053101,0.000000000,0.000000000,0.000000000,1.000000000
1790226883785391858,1790226883,785391858,1790226883790374376,RL_foot,0.752836438,-0.000000000,-0.658207640,-0.196919006,0.014259722,0.999765298,0.016309806,0.135097769,0.658053157,-0.021664474,0.752659746,-0.319556591,0.000000000,0.000000000,0.000000000,1.000000000
1790226883785391858,1790226883,785391858,1790226883790374376,RR_hip,1.000000000,0.000000000,0.000000000,-0.193400000,0.000000000,0.999999745,-0.000714147,-0.046500000,0.000000000,0.000714147,0.999999745,0.000000000,0.000000000,0.000000000,0.000000000,1.000000000
1790226883785391858,1790226883,785391858,1790226883790374376,RR_thigh,0.711709223,-0.000000000,0.702474186,-0.193400000,0.000501670,0.999999745,-0.000508265,-0.141999976,-0.702474007,0.000714147,0.711709041,-0.000068201,0.000000000,0.000000000,0.000000000,1.000000000
1790226883785391858,1790226883,785391858,1790226883790374376,RR_calf,0.779739195,0.000000000,-0.626104454,-0.343027002,-0.000447131,0.999999745,-0.000556849,-0.141891715,0.626104295,0.000714147,0.779738996,-0.151662227,0.000000000,0.000000000,0.000000000,1.000000000
1790226883785391858,1790226883,785391858,1790226883790374376,RR_calflower,0.810056904,-0.000000000,-0.586351270,-0.234768758,-0.000418741,0.999999745,-0.000578500,-0.141818244,0.586351120,0.000714147,0.810056698,-0.254541512,0.000000000,0.000000000,0.000000000,1.000000000
1790226883785391858,1790226883,785391858,1790226883790374376,RR_calflower1,0.989281167,0.000000000,-0.146023190,-0.219415277,-0.000104282,0.999999745,-0.000706493,-0.141790917,0.146023152,0.000714147,0.989280915,-0.292807292,0.000000000,0.000000000,0.000000000,1.000000000
1790226883785391858,1790226883,785391858,1790226883790374376,RR_foot,0.779739195,0.000000000,-0.626104454,-0.209666753,-0.000447131,0.999999745,-0.000556849,-0.141773106,0.626104295,0.000714147,0.779738996,-0.317746633,0.000000000,0.000000000,0.000000000,1.000000000
1790226883846710756,1790226883,846710756,1790226883856941095,FL_hip,1.000000000,-0.000000000,0.000000000,0.193400000,0.000000000,0.987948594,0.154782351,0.046500000,-0.000000000,-0.154782351,0.987948594,0.000000000,0.000000000,0.000000000,0.000000000,1.000000000
1790226883846710756,1790226883,846710756,1790226883856941095,FL_thigh,0.673122072,-0.000000000,0.739531389,0.193400000,-0.114466407,0.987948594,0.104187417,0.140849091,-0.730618996,-0.154782351,0.665010005,-0.014781715,0.000000000,0.000000000,0.000000000,1.000000000
1790226883846710756,1790226883,846710756,1790226883856941095,FL_calf,0.785189549,0.000000000,-0.619255499,0.035879814,0.095849822,0.987948594,0.121533484,0.118657171,0.611792599,-0.154782351,0.775726910,-0.156428846,0.000000000,0.000000000,0.000000000,1.000000000
1790226883846710756,1790226883,846710756,1790226883856941095,FL_calflower,0.815158142,0.000000000,-0.579238469,0.143233419,0.089655892,0.987948594,0.126172094,0.102587212,0.572257831,-0.154782351,0.805334340,-0.259000576,0.000000000,0.000000000,0.000000000,1.000000000
1790226883846710756,1790226883,846710756,1790226883856941095,FL_calflower1,0.990521396,0.000000000,-0.137358527,0.158251376,0.021260676,0.987948594,0.153315230,0.096643769,0.135703163,-0.154782351,0.978584220,-0.296936528,0.000000000,0.000000000,0.000000000,1.000000000
1790226883846710756,1790226883,846710756,1790226883856941095,FL_foot,0.785189549,0.000000000,-0.619255499,0.167781235,0.095849822,0.987948594,0.121533484,0.092770539,0.611792599,-0.154782351,0.775726910,-0.321658677,0.000000000,0.000000000,0.000000000,1.000000000
1790226883846710756,1790226883,846710756,1790226883856941095,FR_hip,1.000000000,0.000000000,0.000000000,0.193400000,0.000000000,0.993015833,-0.117981162,-0.046500000,0.000000000,0.117981162,0.993015833,0.000000000,0.000000000,0.000000000,0.000000000,1.000000000
1790226883846710756,1790226883,846710756,1790226883856941095,FR_thigh,0.706410495,-0.000000000,0.707802383,0.193400000,0.083507348,0.993015833,-0.083343131,-0.141333012,-0.702858973,0.117981162,0.701476806,-0.011267201,0.000000000,0.000000000,0.000000000,1.000000000
1790226883846710756,1790226883,846710756,1790226883856941095,FR_calf,0.737492714,0.000000000,-0.675355089,0.042638092,-0.079679178,0.993015833,-0.087010248,-0.123580925,0.670638297,0.117981162,0.732341942,-0.160681761,0.000000000,0.000000000,0.000000000,1.000000000
1790226883846710756,1790226883,846710756,1790226883856941095,FR_calflower,0.770324727,-0.000000000,-0.637651798,0.157340500,-0.075230900,0.993015833,-0.090883807,-0.112296992,0.633198332,0.117981162,0.764944650,-0.255655602,0.000000000,0.000000000,0.000000000,1.000000000
1790226883846710756,1790226883,846710756,1790226883856941095,FR_calflower1,0.977728443,-0.000000000,-0.209873990,0.175143325,-0.024761177,0.993015833,-0.115353538,-0.107909331,0.208408195,0.117981162,0.970899825,-0.292585372,0.000000000,0.000000000,0.000000000,1.000000000
1790226883846710756,1790226883,846710756,1790226883856941095,FR_foot,0.737492714,0.000000000,-0.675355089,0.186488726,-0.079679178,0.993015833,-0.087010248,-0.105047742,0.670638297,0.117981162,0.732341942,-0.316670594,0.000000000,0.000000000,0.000000000,1.000000000
1790226883846710756,1790226883,846710756,1790226883856941095,RL_hip,1.000000000,-0.000000000,0.000000000,-0.193400000,0.000000000,0.999765298,0.021664474,0.046500000,-0.000000000,-0.021664474,0.999765298,0.000000000,0.000000000,0.000000000,0.000000000,1.000000000
1790226883846710756,1790226883,846710756,1790226883856941095,RL_thigh,0.738065750,-0.000000000,0.674728796,-0.193400000,-0.014617645,0.999765298,0.015989806,0.141977586,-0.674570436,-0.021664474,0.737892524,-0.002068957,0.000000000,0.000000000,0.000000000,1.000000000
1790226883846710756,1790226883,846710756,1790226883856941095,RL_calf,0.752826081,0.000000000,-0.658219486,-0.337117234,0.014259979,0.999765298,0.016309581,0.138571757,0.658065001,-0.021664474,0.752649391,-0.159240065,0.000000000,0.000000000,0.000000000,1.000000000
1790226883846710756,1790226883,846710756,1790226883856941095,RL_calflower,0.784782507,0.000000000,-0.619771261,-0.224644228,0.013427018,0.999765298,0.017001900,0.136443139,0.619625800,-0.021664474,0.784598317,-0.257470875,0.000000000,0.000000000,0.000000000,1.000000000
1790226883846710756,1790226883,846710756,1790226883856941095,RL_calflower1,0.982295561,-0.000000000,-0.187337743,-0.207701203,0.004058574,0.999765298,0.021280917,0.135628793,0.187293774,-0.021664474,0.982065015,-0.295051065,0.000000000,0.000000000,0.000000000,1.000000000
1790226883846710756,1790226883,846710756,1790226883856941095,RL_foot,0.752826081,0.000000000,-0.658219486,-0.196916483,0.014259979,0.999765298,0.016309581,0.135097816,0.658065001,-0.021664474,0.752649391,-0.319554385,0.000000000,0.000000000,0.000000000,1.000000000
1790226883846710756,1790226883,846710756,1790226883856941095,RR_hip,1.000000000,0.000000000,0.000000000,-0.193400000,0.000000000,0.999999745,-0.000714147,-0.046500000,0.000000000,0.000714147,0.999999745,0.000000000,0.000000000,0.000000000,0.000000000,1.000000000
1790226883846710756,1790226883,846710756,1790226883856941095,RR_thigh,0.711709223,-0.000000000,0.702474186,-0.193400000,0.000501670,0.999999745,-0.000508265,-0.141999976,-0.702474007,0.000714147,0.711709041,-0.000068201,0.000000000,0.000000000,0.000000000,1.000000000
1790226883846710756,1790226883,846710756,1790226883856941095,RR_calf,0.779729343,-0.000000000,-0.626116724,-0.343027002,-0.000447140,0.999999745,-0.000556842,-0.141891715,0.626116564,0.000714147,0.779729144,-0.151662227,0.000000000,0.000000000,0.000000000,1.000000000
1790226883846710756,1790226883,846710756,1790226883856941095,RR_calflower,0.810047678,-0.000000000,-0.586364016,-0.234767140,-0.000418750,0.999999745,-0.000578493,-0.141818245,0.586363867,0.000714147,0.810047471,-0.254539809,0.000000000,0.000000000,0.000000000,1.000000000
1790226883846710756,1790226883,846710756,1790226883856941095,RR_calflower1,0.989278869,-0.000000000,-0.146038757,-0.219413056,-0.000104293,0.999999745,-0.000706491,-0.141790918,0.146038719,0.000714147,0.989278617,-0.292805346,0.000000000,0.000000000,0.000000000,1.000000000
1790226883846710756,1790226883,846710756,1790226883856941095,RR_foot,0.779729343,-0.000000000,-0.626116724,-0.209664139,-0.000447140,0.999999745,-0.000556842,-0.141773108,0.626116564,0.000714147,0.779729144,-0.317744535,0.000000000,0.000000000,0.000000000,1.000000000
1790226883919452326,1790226883,919452326,1790226883923725413,FL_hip,1.000000000,-0.000000000,0.000000000,0.193400000,0.000000000,0.987948594,0.154782351,0.046500000,-0.000000000,-0.154782351,0.987948594,0.000000000,0.000000000,0.000000000,0.000000000,1.000000000
1790226883919452326,1790226883,919452326,1790226883923725413,FL_thigh,0.673122072,-0.000000000,0.739531389,0.193400000,-0.114466407,0.987948594,0.104187417,0.140849091,-0.730618996,-0.154782351,0.665010005,-0.014781715,0.000000000,0.000000000,0.000000000,1.000000000
1790226883919452326,1790226883,919452326,1790226883923725413,FL_calf,0.785209185,0.000000000,-0.619230600,0.035879814,0.095845968,0.987948594,0.121536524,0.118657171,0.611768001,-0.154782351,0.775746310,-0.156428846,0.000000000,0.000000000,0.000000000,1.000000000
1790226883919452326,1790226883,919452326,1790226883923725413,FL_calflower,0.815176509,0.000000000,-0.579212621,0.143230127,0.089651891,0.987948594,0.126174937,0.102586685,0.572232294,-0.154782351,0.805352485,-0.259003939,0.000000000,0.000000000,0.000000000,1.000000000
1790226883919452326,1790226883,919452326,1790226883923725413,FL_calflower1,0.990525751,0.000000000,-0.137327118,0.158246866,0.021255814,0.987948594,0.153315904,0.096643168,0.135672133,-0.154782351,0.978588522,-0.296940362,0.000000000,0.000000000,0.000000000,1.000000000
1790226883919452326,1790226883,919452326,1790226883923725413,FL_foot,0.785209185,0.000000000,-0.619230600,0.167775932,0.095845968,0.987948594,0.121536524,0.092769891,0.611768001,-0.154782351,0.775746310,-0.321662809,0.000000000,0.000000000,0.000000000,1.000000000
1790226883919452326,1790226883,919452326,1790226883923725413,FR_hip,1.000000000,0.000000000,0.000000000,0.193400000,0.000000000,0.993012261,-0.118011230,-0.046500000,0.000000000,0.118011230,0.993012261,0.000000000,0.000000000,0.000000000,0.000000000,1.000000000
1790226883919452326,1790226883,919452326,1790226883923725413,FR_thigh,0.706431926,0.000000000,0.707780993,0.193400000,0.083526106,0.993012261,-0.083366900,-0.141332671,-0.702835204,0.118011230,0.701495564,-0.011270072,0.000000000,0.000000000,0.000000000,1.000000000
1790226883919452326,1790226883,919452326,1790226883923725413,FR_calf,0.737482973,0.000000000,-0.675365727,0.042642648,-0.079700740,0.993012261,-0.087031273,-0.123575521,0.670646447,0.118011230,0.732329634,-0.160688628,0.000000000,0.000000000,0.000000000,1.000000000
1790226883919452326,1790226883,919452326,1790226883923725413,FR_calflower,0.770315529,0.000000000,-0.637662909,0.157346436,-0.075251384,0.993012261,-0.090905883,-0.112288908,0.633207087,0.118011230,0.764932765,-0.255660484,0.000000000,0.000000000,0.000000000,1.000000000
1790226883919452326,1790226883,919452326,1790226883923725413,FR_calflower1,0.977725416,0.000000000,-0.209888093,0.175149797,-0.024769152,0.993012261,-0.115382579,-0.107900158,0.208421450,0.118011230,0.970893325,-0.292589866,0.000000000,0.000000000,0.000000000,1.000000000
1790226883919452326,1790226883,919452326,1790226883923725413,FR_foot,0.737482973,0.000000000,-0.675365727,0.186495548,-0.079700740,0.993012261,-0.087031273,-0.105037860,0.670646447,0.118011230,0.732329634,-0.316674840,0.000000000,0.000000000,0.000000000,1.000000000
1790226883919452326,1790226883,919452326,1790226883923725413,RL_hip,1.000000000,-0.000000000,0.000000000,-0.193400000,0.000000000,0.999764641,0.021694746,0.046500000,-0.000000000,-0.021694746,0.999764641,0.000000000,0.000000000,0.000000000,0.000000000,1.000000000
1790226883919452326,1790226883,919452326,1790226883923725413,RL_thigh,0.738086180,0.000000000,0.674706448,-0.193400000,-0.014637585,0.999764641,0.016012592,0.141977523,-0.674547650,-0.021694746,0.737912465,-0.002071848,0.000000000,0.000000000,0.000000000,1.000000000
1790226883919452326,1790226883,919452326,1790226883923725413,RL_calf,0.752795714,-0.000000000,-0.658254216,-0.337112473,0.014280658,0.999764641,0.016331712,0.138566841,0.658099291,-0.021694746,0.752618537,-0.159247203,0.000000000,0.000000000,0.000000000,1.000000000
1790226883919452326,1790226883,919452326,1790226883923725413,RL_calflower,0.784753914,-0.000000000,-0.619807466,-0.224634935,0.013446566,0.999764641,0.017025037,0.136435361,0.619661589,-0.021694746,0.784569215,-0.257472761,0.000000000,0.000000000,0.000000000,1.000000000
1790226883919452326,1790226883,919452326,1790226883923725413,RL_calflower1,0.982286918,0.000000000,-0.187383060,-0.207690176,0.004065228,0.999764641,0.021310465,0.135619894,0.187338958,-0.021694746,0.982055728,-0.295052145,0.000000000,0.000000000,0.000000000,1.000000000
1790226883919452326,1790226883,919452326,1790226883923725413,RL_foot,0.752795714,-0.000000000,-0.658254216,-0.196904325,0.014280658,0.999764641,0.016331712,0.135088186,0.658099291,-0.021694746,0.752618537,-0.319554952,0.000000000,0.000000000,0.000000000,1.000000000
1790226883919452326,1790226883,919452326,1790226883923725413,RR_hip,1.000000000,0.000000000,0.000000000,-0.193400000,0.000000000,0.999999745,-0.000714147,-0.046500000,0.000000000,0.000714147,0.999999745,0.000000000,0.000000000,0.000000000,0.000000000,1.000000000
1790226883919452326,1790226883,919452326,1790226883923725413,RR_thigh,0.711730493,0.000000000,0.702452636,-0.193400000,0.000501655,0.999999745,-0.000508280,-0.141999976,-0.702452457,0.000714147,0.711730311,-0.000068201,0.000000000,0.000000000,0.000000000,1.000000000
1790226883919452326,1790226883,919452326,1790226883923725413,RR_calf,0.779700457,0.000000000,-0.626152695,-0.343022411,-0.000447165,0.999999745,-0.000556821,-0.141891712,0.626152536,0.000714147,0.779700258,-0.151666757,0.000000000,0.000000000,0.000000000,1.000000000
1790226883919452326,1790226883,919452326,1790226883923725413,RR_calflower,0.810020626,0.000000000,-0.586401387,-0.234757803,-0.000418777,0.999999745,-0.000578474,-0.141818246,0.586401237,0.000714147,0.810020419,-0.254539345,0.000000000,0.000000000,0.000000000,1.000000000
1790226883919452326,1790226883,919452326,1790226883923725413,RR_calflower1,0.989272131,0.000000000,-0.146084396,-0.219401954,-0.000104326,0.999999745,-0.000706486,-0.141790919,0.146084359,0.000714147,0.989271879,-0.292804174,0.000000000,0.000000000,0.000000000,1.000000000
1790226883919452326,1790226883,919452326,1790226883923725413,RR_foot,0.779700457,0.000000000,-0.626152695,-0.209651887,-0.000447165,0.999999745,-0.000556821,-0.141773109,0.626152536,0.000714147,0.779700258,-0.317742912,0.000000000,0.000000000,0.000000000,1.000000000
1790226884480369416,1790226884,480369416,1790226884490367307,FL_hip,1.000000000,-0.000000000,0.000000000,0.193400000,0.000000000,0.987943907,0.154812265,0.046500000,-0.000000000,-0.154812265,0.987943907,0.000000000,0.000000000,0.000000000,0.000000000,1.000000000
1790226884480369416,1790226884,480369416,1790226884490367307,FL_thigh,0.673122072,0.000000000,0.739531389,0.193400000,-0.114488530,0.987943907,0.104207553,0.140848643,-0.730615530,-0.154812265,0.665006850,-0.014784571,0.000000000,0.000000000,0.000000000,1.000000000
1790226884480369416,1790226884,480369416,1790226884490367307,FL_calf,0.785199367,0.000000000,-0.619243050,0.035879814,0.095866419,0.987943907,0.121558493,0.118652434,0.611777398,-0.154812265,0.775732930,-0.156431030,0.000000000,0.000000000,0.000000000,1.000000000
1790226884480369416,1790226884,480369416,1790226884490367307,FL_calflower,0.815167325,0.000000000,-0.579225545,0.143231773,0.089671219,0.987943907,0.126197900,0.102579106,0.572242348,-0.154812265,0.805339592,-0.259003956,0.000000000,0.000000000,0.000000000,1.000000000
1790226884480369416,1790226884,480369416,1790226884490367307,FL_calflower1,0.990523573,0.000000000,-0.137342822,0.158249121,0.021262353,0.987943907,0.153345198,0.096634478,0.135687004,-0.154812265,0.978581729,-0.296939963,0.000000000,0.000000000,0.000000000,1.000000000
1790226884480369416,1790226884,480369416,1790226884490367307,FL_foot,0.785199367,0.000000000,-0.619243050,0.167778584,0.095866419,0.987943907,0.121558493,0.092760475,0.611777398,-0.154812265,0.775732930,-0.321662144,0.000000000,0.000000000,0.000000000,1.000000000
1790226884480369416,1790226884,480369416,1790226884490367307,FR_hip,1.000000000,0.000000000,0.000000000,0.193400000,0.000000000,0.993019405,-0.117951095,-0.046500000,0.000000000,0.117951095,0.993019405,0.000000000,0.000000000,0.000000000,0.000000000,1.000000000
1790226884480369416,1790226884,480369416,1790226884490367307,FR_thigh,0.706389063,0.000000000,0.707823772,0.193400000,0.083488589,0.993019405,-0.083319363,-0.141333353,-0.702882741,0.117951095,0.701458047,-0.011264330,0.000000000,0.000000000,0.000000000,1.000000000
1790226884480369416,1790226884,480369416,1790226884490367307,FR_calf,0.737513163,0.000000000,-0.675332758,0.042633537,-0.079656238,0.993019405,-0.086990485,-0.123586329,0.670618534,0.117951095,0.732364883,-0.160674894,0.000000000,0.000000000,0.000000000,1.000000000
1790226884480369416,1790226884,480369416,1790226884490367307,FR_calflower,0.770344034,-0.000000000,-0.637628473,0.157333048,-0.075208976,0.993019405,-0.090862922,-0.112304862,0.633177447,0.117951095,0.764966574,-0.255652525,0.000000000,0.000000000,0.000000000,1.000000000
1790226884480369416,1790226884,480369416,1790226884490367307,FR_calflower1,0.977734797,0.000000000,-0.209844385,0.175134747,-0.024751375,0.993019405,-0.115324890,-0.107918255,0.208379547,0.117951095,0.970909627,-0.292582963,0.000000000,0.000000000,0.000000000,1.000000000
1790226884480369416,1790226884,480369416,1790226884490367307,FR_foot,0.737513163,0.000000000,-0.675332758,0.186479414,-0.079656238,0.993019405,-0.086990485,-0.105057356,0.670618534,0.117951095,0.732364883,-0.316668613,0.000000000,0.000000000,0.000000000,1.000000000
1790226884480369416,1790226884,480369416,1790226884490367307,RL_hip,1.000000000,-0.000000000,0.000000000,-0.193400000,0.000000000,0.999766608,0.021603930,0.046500000,-0.000000000,-0.021603930,0.999766608,0.000000000,0.000000000,0.000000000,0.000000000,1.000000000
1790226884480369416,1790226884,480369416,1790226884490367307,RL_thigh,0.738065750,-0.000000000,0.674728796,-0.193400000,-0.014576794,0.999766608,0.015945121,0.141977711,-0.674571320,-0.021603930,0.737893491,-0.002063175,0.000000000,0.000000000,0.000000000,1.000000000
1790226884480369416,1790226884,480369416,1790226884490367307,RL_calf,0.752836438,-0.000000000,-0.658207640,-0.337117234,0.014219872,0.999766608,0.016264226,0.138581400,0.658054020,-0.021603930,0.752660732,-0.159234489,0.000000000,0.000000000,0.000000000,1.000000000
1790226884480369416,1790226884,480369416,1790226884490367307,RL_calflower,0.784792260,0.000000000,-0.619758912,-0.224645774,0.013389228,0.999766608,0.016954597,0.136458692,0.619614265,-0.021603930,0.784609095,-0.257467197,0.000000000,0.000000000,0.000000000,1.000000000
1790226884480369416,1790226884,480369416,1790226884490367307,RL_calflower1,0.982298509,-0.000000000,-0.187322286,-0.207703340,0.004046898,0.999766608,0.021221508,0.135646616,0.187278566,-0.021603930,0.982069249,-0.295047703,0.000000000,0.000000000,0.000000000,1.000000000
1790226884480369416,1790226884,480369416,1790226884490367307,RL_foot,0.752836438,-0.000000000,-0.658207640,-0.196919006,0.014219872,0.999766608,0.016264226,0.135117120,0.658054020,-0.021603930,0.752660732,-0.319551225,0.000000000,0.000000000,0.000000000,1.000000000
1790226884480369416,1790226884,480369416,1790226884490367307,RR_hip,1.000000000,0.000000000,0.000000000,-0.193400000,0.000000000,0.999999745,-0.000714147,-0.046500000,0.000000000,0.000714147,0.999999745,0.000000000,0.000000000,0.000000000,0.000000000,1.000000000
1790226884480369416,1790226884,480369416,1790226884490367307,RR_thigh,0.711709223,-0.000000000,0.702474186,-0.193400000,0.000501670,0.999999745,-0.000508265,-0.141999976,-0.702474007,0.000714147,0.711709041,-0.000068201,0.000000000,0.000000000,0.000000000,1.000000000
1790226884480369416,1790226884,480369416,1790226884490367307,RR_calf,0.779739195,0.000000000,-0.626104454,-0.343027002,-0.000447131,0.999999745,-0.000556849,-0.141891715,0.626104295,0.000714147,0.779738996,-0.151662227,0.000000000,0.000000000,0.000000000,1.000000000
1790226884480369416,1790226884,480369416,1790226884490367307,RR_calflower,0.810056904,-0.000000000,-0.586351270,-0.234768758,-0.000418741,0.999999745,-0.000578500,-0.141818244,0.586351120,0.000714147,0.810056698,-0.254541512,0.000000000,0.000000000,0.000000000,1.000000000
1790226884480369416,1790226884,480369416,1790226884490367307,RR_calflower1,0.989281167,0.000000000,-0.146023190,-0.219415277,-0.000104282,0.999999745,-0.000706493,-0.141790917,0.146023152,0.000714147,0.989280915,-0.292807292,0.000000000,0.000000000,0.000000000,1.000000000
1790226884480369416,1790226884,480369416,1790226884490367307,RR_foot,0.779739195,0.000000000,-0.626104454,-0.209666753,-0.000447131,0.999999745,-0.000556849,-0.141773106,0.626104295,0.000714147,0.779738996,-0.317746633,0.000000000,0.000000000,0.000000000,1.000000000
1790226884553341663,1790226884,553341663,1790226884556896531,FL_hip,1.000000000,-0.000000000,0.000000000,0.193400000,0.000000000,0.987943907,0.154812265,0.046500000,-0.000000000,-0.154812265,0.987943907,0.000000000,0.000000000,0.000000000,0.000000000,1.000000000
1790226884553341663,1790226884,553341663,1790226884556896531,FL_thigh,0.673166856,-0.000000000,0.739490625,0.193400000,-0.114482219,0.987943907,0.104214486,0.140848643,-0.730575257,-0.154812265,0.665051093,-0.014784571,0.000000000,0.000000000,0.000000000,1.000000000
1790226884553341663,1790226884,553341663,1790226884556896531,FL_calf,0.785161865,0.000000000,-0.619290599,0.035888497,0.095873780,0.987943907,0.121552687,0.118650958,0.611824374,-0.154812265,0.775695880,-0.156440454,0.000000000,0.000000000,0.000000000,1.000000000
1790226884553341663,1790226884,553341663,1790226884556896531,FL_calflower,0.815132247,0.000000000,-0.579274909,0.143246743,0.089678861,0.987943907,0.126192470,0.102578636,0.572291117,-0.154812265,0.805304936,-0.259006957,0.000000000,0.000000000,0.000000000,1.000000000
1790226884553341663,1790226884,553341663,1790226884556896531,FL_calflower1,0.990515254,0.000000000,-0.137402806,0.158266417,0.021271640,0.987943907,0.153343910,0.096634148,0.135746265,-0.154812265,0.978573510,-0.296942066,0.000000000,0.000000000,0.000000000,1.000000000
1790226884553341663,1790226884,553341663,1790226884556896531,FL_foot,0.785161865,0.000000000,-0.619290599,0.167797394,0.095873780,0.987943907,0.121552687,0.092760235,0.611824374,-0.154812265,0.775695880,-0.321663677,0.000000000,0.000000000,0.000000000,1.000000000
1790226884553341663,1790226884,553341663,1790226884556896531,FR_hip,1.000000000,0.000000000,0.000000000,0.193400000,0.000000000,0.993019405,-0.117951095,-0.046500000,0.000000000,0.117951095,0.993019405,0.000000000,0.000000000,0.000000000,0.000000000,1.000000000
1790226884553341663,1790226884,553341663,1790226884556896531,FR_thigh,0.706410495,-0.000000000,0.707802383,0.193400000,0.083486066,0.993019405,-0.083321891,-0.141333353,-0.702861501,0.117951095,0.701479329,-0.011264330,0.000000000,0.000000000,0.000000000,1.000000000
1790226884553341663,1790226884,553341663,1790226884556896531,FR_calf,0.737503422,-0.000000000,-0.675343396,0.042638092,-0.079657493,0.993019405,-0.086989336,-0.123585790,0.670629098,0.117951095,0.732355209,-0.160679427,0.000000000,0.000000000,0.000000000,1.000000000
1790226884553341663,1790226884,553341663,1790226884556896531,FR_calflower,0.770334836,0.000000000,-0.637639585,0.157338984,-0.075210287,0.993019405,-0.090861837,-0.112304519,0.633188481,0.117951095,0.764957441,-0.255655416,0.000000000,0.000000000,0.000000000,1.000000000
1790226884553341663,1790226884,553341663,1790226884556896531,FR_calflower1,0.977731770,0.000000000,-0.209858488,0.175141219,-0.024753038,0.993019405,-0.115324533,-0.107917942,0.208393551,0.117951095,0.970906621,-0.292585598,0.000000000,0.000000000,0.000000000,1.000000000
1790226884553341663,1790226884,553341663,1790226884556896531,FR_foot,0.737503422,-0.000000000,-0.675343396,0.186486236,-0.079657493,0.993019405,-0.086989336,-0.105057062,0.670629098,0.117951095,0.732355209,-0.316671086,0.000000000,0.000000000,0.000000000,1.000000000
1790226884553341663,1790226884,553341663,1790226884556896531,RL_hip,1.000000000,-0.000000000,0.000000000,-0.193400000,0.000000000,0.999765953,0.021634202,0.046500000,-0.000000000,-0.021634202,0.999765953,0.000000000,0.000000000,0.000000000,0.000000000,1.000000000
1790226884553341663,1790226884,553341663,1790226884556896531,RL_thigh,0.738045320,0.000000000,0.674751144,-0.193400000,-0.014597703,0.999765953,0.015967022,0.141977649,-0.674593221,-0.021634202,0.737872582,-0.002066066,0.000000000,0.000000000,0.000000000,1.000000000
1790226884553341663,1790226884,553341663,1790226884556896531,RL_calf,0.752835575,0.000000000,-0.658208627,-0.337121994,0.014239818,0.999765953,0.016286997,0.138576673,0.658054576,-0.021634202,0.752659376,-0.159232926,0.000000000,0.000000000,0.000000000,1.000000000
1790226884553341663,1790226884,553341663,1790226884556896531,RL_calflower,0.784791447,0.000000000,-0.619759941,-0.224650405,0.013408012,0.999765953,0.016978337,0.136450994,0.619614888,-0.021634202,0.784607769,-0.257465423,0.000000000,0.000000000,0.000000000,1.000000000
1790226884553341663,1790226884,553341663,1790226884556896531,RL_calflower1,0.982298264,0.000000000,-0.187323574,-0.207707922,0.004052596,0.999765953,0.021251239,0.135637780,0.187279731,-0.021634202,0.982068360,-0.295045882,0.000000000,0.000000000,0.000000000,1.000000000
1790226884553341663,1790226884,553341663,1790226884556896531,RL_foot,0.752835575,0.000000000,-0.658208627,-0.196923556,0.014239818,0.999765953,0.016286997,0.135107543,0.658054576,-0.021634202,0.752659376,-0.319549374,0.000000000,0.000000000,0.000000000,1.000000000
1790226884553341663,1790226884,553341663,1790226884556896531,RR_hip,1.000000000,0.000000000,0.000000000,-0.193400000,0.000000000,0.999999745,-0.000714147,-0.046500000,0.000000000,0.000714147,0.999999745,0.000000000,0.000000000,0.000000000,0.000000000,1.000000000
1790226884553341663,1790226884,553341663,1790226884556896531,RR_thigh,0.711730493,0.000000000,0.702452636,-0.193400000,0.000501655,0.999999745,-0.000508280,-0.141999976,-0.702452457,0.000714147,0.711730311,-0.000068201,0.000000000,0.000000000,0.000000000,1.000000000
1790226884553341663,1790226884,553341663,1790226884556896531,RR_calf,0.779710384,0.000000000,-0.626140333,-0.343022411,-0.000447156,0.999999745,-0.000556828,-0.141891712,0.626140174,0.000714147,0.779710185,-0.151666757,0.000000000,0.000000000,0.000000000,1.000000000
1790226884553341663,1790226884,553341663,1790226884556896531,RR_calflower,0.810029923,0.000000000,-0.586388544,-0.234759434,-0.000418768,0.999999745,-0.000578481,-0.141818244,0.586388394,0.000714147,0.810029716,-0.254541061,0.000000000,0.000000000,0.000000000,1.000000000
1790226884553341663,1790226884,553341663,1790226884556896531,RR_calflower1,0.989274447,-0.000000000,-0.146068711,-0.219404192,-0.000104315,0.999999745,-0.000706488,-0.141790918,0.146068674,0.000714147,0.989274195,-0.292806134,0.000000000,0.000000000,0.000000000,1.000000000
1790226884553341663,1790226884,553341663,1790226884556896531,RR_foot,0.779710384,0.000000000,-0.626140333,-0.209654520,-0.000447156,0.999999745,-0.000556828,-0.141773108,0.626140174,0.000714147,0.779710185,-0.317745027,0.000000000,0.000000000,0.000000000,1.000000000
1790226884587695918,1790226884,587695918,1790226884623674955,FL_hip,1.000000000,-0.000000000,0.000000000,0.193400000,0.000000000,0.987943907,0.154812265,0.046500000,-0.000000000,-0.154812265,0.987943907,0.000000000,0.000000000,0.000000000,0.000000000,1.000000000
1790226884587695918,1790226884,587695918,1790226884623674955,FL_thigh,0.673189247,-0.000000000,0.739470242,0.193400000,-0.114479063,0.987943907,0.104217952,0.140848643,-0.730555119,-0.154812265,0.665073214,-0.014784571,0.000000000,0.000000000,0.000000000,1.000000000
1790226884587695918,1790226884,587695918,1790226884623674955,FL_calf,0.785143113,0.000000000,-0.619314373,0.035892839,0.095877461,0.987943907,0.121549784,0.118650219,0.611847861,-0.154812265,0.775677354,-0.156445166,0.000000000,0.000000000,0.000000000,1.000000000
1790226884587695918,1790226884,587695918,1790226884623674955,FL_calflower,0.815114706,-0.000000000,-0.579299590,0.143254228,0.089682682,0.987943907,0.126189754,0.102578400,0.572315500,-0.154812265,0.805287607,-0.259008457,0.000000000,0.000000000,0.000000000,1.000000000
1790226884587695918,1790226884,587695918,1790226884623674955,FL_calflower1,0.990511093,-0.000000000,-0.137432798,0.158275064,0.021276283,0.987943907,0.153343266,0.096633983,0.135775896,-0.154812265,0.978569399,-0.296943116,0.000000000,0.000000000,0.000000000,1.000000000
1790226884587695918,1790226884,587695918,1790226884623674955,FL_foot,0.785143113,0.000000000,-0.619314373,0.167806800,0.095877461,0.987943907,0.121549784,0.092760115,0.611847861,-0.154812265,0.775677354,-0.321664442,0.000000000,0.000000000,0.000000000,1.000000000
1790226884587695918,1790226884,587695918,1790226884623674955,FR_hip,1.000000000,0.000000000,0.000000000,0.193400000,0.000000000,0.993022976,-0.117921027,-0.046500000,0.000000000,0.117921027,0.993022976,0.000000000,0.000000000,0.000000000,0.000000000,1.000000000
1790226884587695918,1790226884,587695918,1790226884623674955,FR_thigh,0.706431926,-0.000000000,0.707780993,0.193400000,0.083462261,0.993022976,-0.083303178,-0.141333694,-0.702842788,0.117921027,0.701503134,-0.011261458,0.000000000,0.000000000,0.000000000,1.000000000
1790226884587695918,1790226884,587695918,1790226884623674955,FR_calf,0.737482973,-0.000000000,-0.675365727,0.042642648,-0.079639820,0.993022976,-0.086964749,-0.123590117,0.670653684,0.117921027,0.732337536,-0.160681626,0.000000000,0.000000000,0.000000000,1.000000000
1790226884587695918,1790226884,587695918,1790226884623674955,FR_calflower,0.770315529,0.000000000,-0.637662909,0.157346436,-0.075193865,0.993022976,-0.090836398,-0.112312131,0.633213920,0.117921027,0.764941019,-0.255654507,0.000000000,0.000000000,0.000000000,1.000000000
1790226884587695918,1790226884,587695918,1790226884623674955,FR_calflower1,0.977725416,-0.000000000,-0.209888093,0.175149797,-0.024750219,0.993022976,-0.115294385,-0.107926736,0.208423699,0.117921027,0.970903802,-0.292584287,0.000000000,0.000000000,0.000000000,1.000000000
1790226884587695918,1790226884,587695918,1790226884623674955,FR_foot,0.737482973,-0.000000000,-0.675365727,0.186495548,-0.079639820,0.993022976,-0.086964749,-0.105066626,0.670653684,0.117921027,0.732337536,-0.316669521,0.000000000,0.000000000,0.000000000,1.000000000
1790226884587695918,1790226884,587695918,1790226884623674955,RL_hip,1.000000000,-0.000000000,0.000000000,-0.193400000,0.000000000,0.999765953,0.021634202,0.046500000,-0.000000000,-0.021634202,0.999765953,0.000000000,0.000000000,0.000000000,0.000000000,1.000000000
1790226884587695918,1790226884,587695918,1790226884623674955,RL_thigh,0.738106609,0.000000000,0.674684099,-0.193400000,-0.014596252,0.999765953,0.015968348,0.141977649,-0.674526191,-0.021634202,0.737933858,-0.002066066,0.000000000,0.000000000,0.000000000,1.000000000
1790226884587695918,1790226884,587695918,1790226884623674955,RL_calf,0.752775782,-0.000000000,-0.658277010,-0.337107713,0.014241298,0.999765953,0.016285703,0.138576391,0.658122943,-0.021634202,0.752599597,-0.159245978,0.000000000,0.000000000,0.000000000,1.000000000
1790226884587695918,1790226884,587695918,1790226884623674955,RL_calflower,0.784735146,0.000000000,-0.619831227,-0.224627200,0.013409554,0.999765953,0.016977119,0.136450932,0.619686158,-0.021634202,0.784551482,-0.257468260,0.000000000,0.000000000,0.000000000,1.000000000
1790226884587695918,1790226884,587695918,1790226884623674955,RL_calflower1,0.982281244,-0.000000000,-0.187412803,-0.207681302,0.004054526,0.999765953,0.021250871,0.135637752,0.187368939,-0.021634202,0.982051344,-0.295047180,0.000000000,0.000000000,0.000000000,1.000000000
1790226884587695918,1790226884,587695918,1790226884623674955,RL_foot,0.752775782,-0.000000000,-0.658277010,-0.196894710,0.014241298,0.999765953,0.016285703,0.135107536,0.658122943,-0.021634202,0.752599597,-0.319549692,0.000000000,0.000000000,0.000000000,1.000000000
1790226884587695918,1790226884,587695918,1790226884623674955,RR_hip,1.000000000,0.000000000,0.000000000,-0.193400000,0.000000000,0.999999745,-0.000714147,-0.046500000,0.000000000,0.000714147,0.999999745,0.000000000,0.000000000,0.000000000,0.000000000,1.000000000
1790226884587695918,1790226884,587695918,1790226884623674955,RR_thigh,0.711773031,-0.000000000,0.702409533,-0.193400000,0.000501624,0.999999745,-0.000508311,-0.141999976,-0.702409354,0.000714147,0.711772849,-0.000068201,0.000000000,0.000000000,0.000000000,1.000000000
1790226884587695918,1790226884,587695918,1790226884623674955,RR_calf,0.779672465,0.000000000,-0.626187550,-0.343013231,-0.000447190,0.999999745,-0.000556801,-0.141891705,0.626187390,0.000714147,0.779672266,-0.151675818,0.000000000,0.000000000,0.000000000,1.000000000
1790226884587695918,1790226884,587695918,1790226884623674955,RR_calflower,0.809994411,0.000000000,-0.586437597,-0.234744024,-0.000418803,0.999999745,-0.000578455,-0.141818243,0.586437447,0.000714147,0.809994204,-0.254543566,0.000000000,0.000000000,0.000000000,1.000000000
1790226884587695918,1790226884,587695918,1790226884623674955,RR_calflower1,0.989265600,0.000000000,-0.146128620,-0.219386464,-0.000104357,0.999999745,-0.000706481,-0.141790916,0.146128582,0.000714147,0.989265347,-0.292807708,0.000000000,0.000000000,0.000000000,1.000000000
1790226884587695918,1790226884,587695918,1790226884623674955,RR_foot,0.779672465,0.000000000,-0.626187550,-0.209635282,-0.000447190,0.999999745,-0.000556801,-0.141773107,0.626187390,0.000714147,0.779672266,-0.317746011,0.000000000,0.000000000,0.000000000,1.000000000
1790226884685205875,1790226884,685205875,1790226884690334454,FL_hip,1.000000000,-0.000000000,0.000000000,0.193400000,0.000000000,0.987953280,0.154752437,0.046500000,-0.000000000,-0.154752437,0.987953280,0.000000000,0.000000000,0.000000000,0.000000000,1.000000000
1790226884685205875,1790226884,685205875,1790226884690334454,FL_thigh,0.673189247,-0.000000000,0.739470242,0.193400000,-0.114434822,0.987953280,0.104177676,0.140849538,-0.730562051,-0.154752437,0.665079524,-0.014778858,0.000000000,0.000000000,0.000000000,1.000000000
1790226884685205875,1790226884,685205875,1790226884690334454,FL_calf,0.785143113,-0.000000000,-0.619314373,0.035892839,0.095840408,0.987953280,0.121502810,0.118659693,0.611853666,-0.154752437,0.775684714,-0.156440796,0.000000000,0.000000000,0.000000000,1.000000000
1790226884685205875,1790226884,685205875,1790226884690334454,FL_calflower,0.815114706,0.000000000,-0.579299590,0.143254228,0.089648023,0.987953280,0.126140987,0.102594085,0.572320930,-0.154752437,0.805295248,-0.259005061,0.000000000,0.000000000,0.000000000,1.000000000
1790226884685205875,1790226884,685205875,1790226884690334454,FL_calflower1,0.990511093,0.000000000,-0.137432798,0.158275064,0.021268060,0.987953280,0.153284005,0.096651966,0.135777184,-0.154752437,0.978578683,-0.296940080,0.000000000,0.000000000,0.000000000,1.000000000
1790226884685205875,1790226884,685205875,1790226884690334454,FL_foot,0.785143113,-0.000000000,-0.619314373,0.167806800,0.095840408,0.987953280,0.121502810,0.092779595,0.611853666,-0.154752437,0.775684714,-0.321661640,0.000000000,0.000000000,0.000000000,1.000000000
1790226884685205875,1790226884,685205875,1790226884690334454,FR_hip,1.000000000,0.000000000,0.000000000,0.193400000,0.000000000,0.993022976,-0.117921027,-0.046500000,0.000000000,0.117921027,0.993022976,0.000000000,0.000000000,0.000000000,0.000000000,1.000000000
1790226884685205875,1790226884,685205875,1790226884690334454,FR_thigh,0.706431926,-0.000000000,0.707780993,0.193400000,0.083462261,0.993022976,-0.083303178,-0.141333694,-0.702842788,0.117921027,0.701503134,-0.011261458,0.000000000,0.000000000,0.000000000,1.000000000
1790226884685205875,1790226884,685205875,1790226884690334454,FR_calf,0.737493600,0.000000000,-0.675354122,0.042642648,-0.079638452,0.993022976,-0.086966003,-0.123590117,0.670642160,0.117921027,0.732348089,-0.160681626,0.000000000,0.000000000,0.000000000,1.000000000
1790226884685205875,1790226884,685205875,1790226884690334454,FR_calflower,0.770325563,0.000000000,-0.637650788,0.157344931,-0.075192436,0.993022976,-0.090837581,-0.112311918,0.633201883,0.117921027,0.764950983,-0.255656300,0.000000000,0.000000000,0.000000000,1.000000000
1790226884685205875,1790226884,685205875,1790226884690334454,FR_calflower1,0.977728718,0.000000000,-0.209872708,0.175147706,-0.024748405,0.993022976,-0.115294774,-0.107926490,0.208408421,0.117921027,0.970907082,-0.292586358,0.000000000,0.000000000,0.000000000,1.000000000
1790226884685205875,1790226884,685205875,1790226884690334454,FR_foot,0.737493600,0.000000000,-0.675354122,0.186493077,-0.079638452,0.993022976,-0.086966003,-0.105066359,0.670642160,0.117921027,0.732348089,-0.316671769,0.000000000,0.000000000,0.000000000,1.000000000
1790226884685205875,1790226884,685205875,1790226884690334454,RL_hip,1.000000000,-0.000000000,0.000000000,-0.193400000,0.000000000,0.999765953,0.021634202,0.046500000,-0.000000000,-0.021634202,0.999765953,0.000000000,0.000000000,0.000000000,0.000000000,1.000000000
1790226884685205875,1790226884,685205875,1790226884690334454,RL_thigh,0.738106609,0.000000000,0.674684099,-0.193400000,-0.014596252,0.999765953,0.015968348,0.141977649,-0.674526191,-0.021634202,0.737933858,-0.002066066,0.000000000,0.000000000,0.000000000,1.000000000
1790226884685205875,1790226884,685205875,1790226884690334454,RL_calf,0.752796577,0.000000000,-0.658253229,-0.337107713,0.014240783,0.999765953,0.016286153,0.138576391,0.658099167,-0.021634202,0.752620387,-0.159245978,0.000000000,0.000000000,0.000000000,1.000000000
1790226884685205875,1790226884,685205875,1790226884690334454,RL_calflower,0.784754727,0.000000000,-0.619806437,-0.224630304,0.013409018,0.999765953,0.016977542,0.136450856,0.619661373,-0.021634202,0.784571057,-0.257471812,0.000000000,0.000000000,0.000000000,1.000000000
1790226884685205875,1790226884,685205875,1790226884690334454,RL_calflower1,0.982287164,0.000000000,-0.187381772,-0.207685593,0.004053855,0.999765953,0.021250999,0.135637664,0.187337916,-0.021634202,0.982057262,-0.295051268,0.000000000,0.000000000,0.000000000,1.000000000
1790226884685205875,1790226884,685205875,1790226884690334454,RL_foot,0.752796577,0.000000000,-0.658253229,-0.196899775,0.014240783,0.999765953,0.016286153,0.135107440,0.658099167,-0.021634202,0.752620387,-0.319554120,0.000000000,0.000000000,0.000000000,1.000000000
1790226884685205875,1790226884,685205875,1790226884690334454,RR_hip,1.000000000,0.000000000,0.000000000,-0.193400000,0.000000000,0.999999745,-0.000714147,-0.046500000,0.000000000,0.000714147,0.999999745,0.000000000,0.000000000,0.000000000,0.000000000,1.000000000
1790226884685205875,1790226884,685205875,1790226884690334454,RR_thigh,0.711751762,0.000000000,0.702431085,-0.193400000,0.000501639,0.999999745,-0.000508296,-0.141999976,-0.702430906,0.000714147,0.711751581,-0.000068201,0.000000000,0.000000000,0.000000000,1.000000000
1790226884685205875,1790226884,685205875,1790226884690334454,RR_calf,0.779701278,-0.000000000,-0.626151673,-0.343017821,-0.000447165,0.999999745,-0.000556822,-0.141891709,0.626151513,0.000714147,0.779701079,-0.151671288,0.000000000,0.000000000,0.000000000,1.000000000
1790226884685205875,1790226884,685205875,1790226884690334454,RR_calflower,0.810021395,0.000000000,-0.586400324,-0.234753348,-0.000418776,0.999999745,-0.000578475,-0.141818242,0.586400175,0.000714147,0.810021188,-0.254544017,0.000000000,0.000000000,0.000000000,1.000000000
1790226884685205875,1790226884,685205875,1790226884690334454,RR_calflower1,0.989272323,0.000000000,-0.146083099,-0.219397549,-0.000104325,0.999999745,-0.000706486,-0.141790916,0.146083061,0.000714147,0.989272070,-0.292808866,0.000000000,0.000000000,0.000000000,1.000000000
1790226884685205875,1790226884,685205875,1790226884690334454,RR_foot,0.779701278,-0.000000000,-0.626151673,-0.209647515,-0.000447165,0.999999745,-0.000556822,-0.141773106,0.626151513,0.000714147,0.779701079,-0.317747618,0.000000000,0.000000000,0.000000000,1.000000000
1790226884751858655,1790226884,751858655,1790226884756906574,FL_hip,1.000000000,-0.000000000,0.000000000,0.193400000,0.000000000,0.987943907,0.154812265,0.046500000,-0.000000000,-0.154812265,0.987943907,0.000000000,0.000000000,0.000000000,0.000000000,1.000000000
1790226884751858655,1790226884,751858655,1790226884756906574,FL_thigh,0.673189247,-0.000000000,0.739470242,0.193400000,-0.114479063,0.987943907,0.104217952,0.140848643,-0.730555119,-0.154812265,0.665073214,-0.014784571,0.000000000,0.000000000,0.000000000,1.000000000
1790226884751858655,1790226884,751858655,1790226884756906574,FL_calf,0.785143113,0.000000000,-0.619314373,0.035892839,0.095877461,0.987943907,0.121549784,0.118650219,0.611847861,-0.154812265,0.775677354,-0.156445166,0.000000000,0.000000000,0.000000000,1.000000000
1790226884751858655,1790226884,751858655,1790226884756906574,FL_calflower,0.815114706,-0.000000000,-0.579299590,0.143254228,0.089682682,0.987943907,0.126189754,0.102578400,0.572315500,-0.154812265,0.805287607,-0.259008457,0.000000000,0.000000000,0.000000000,1.000000000
1790226884751858655,1790226884,751858655,1790226884756906574,FL_calflower1,0.990511093,-0.000000000,-0.137432798,0.158275064,0.021276283,0.987943907,0.153343266,0.096633983,0.135775896,-0.154812265,0.978569399,-0.296943116,0.000000000,0.000000000,0.000000000,1.000000000
1790226884751858655,1790226884,751858655,1790226884756906574,FL_foot,0.785143113,0.000000000,-0.619314373,0.167806800,0.095877461,0.987943907,0.121549784,0.092760115,0.611847861,-0.154812265,0.775677354,-0.321664442,0.000000000,0.000000000,0.000000000,1.000000000
1790226884751858655,1790226884,751858655,1790226884756906574,FR_hip,1.000000000,0.000000000,0.000000000,0.193400000,0.000000000,0.993015833,-0.117981162,-0.046500000,0.000000000,0.117981162,0.993015833,0.000000000,0.000000000,0.000000000,0.000000000,1.000000000
1790226884751858655,1790226884,751858655,1790226884756906574,FR_thigh,0.706453357,0.000000000,0.707759602,0.193400000,0.083502301,0.993015833,-0.083348188,-0.141333012,-0.702816491,0.117981162,0.701519369,-0.011267201,0.000000000,0.000000000,0.000000000,1.000000000
1790226884751858655,1790226884,751858655,1790226884756906574,FR_calf,0.737462523,0.000000000,-0.675388057,0.042647205,-0.079683068,0.993015833,-0.087006686,-0.123579848,0.670671034,0.117981162,0.732311962,-0.160690827,0.000000000,0.000000000,0.000000000,1.000000000
1790226884751858655,1790226884,751858655,1790226884756906574,FR_calflower,0.770296221,-0.000000000,-0.637686234,0.157353888,-0.075234963,0.993015833,-0.090880443,-0.112296520,0.633232527,0.117981162,0.764916343,-0.255659576,0.000000000,0.000000000,0.000000000,1.000000000
1790226884751858655,1790226884,751858655,1790226884756906574,FR_calflower1,0.977719060,-0.000000000,-0.209917698,0.175158375,-0.024766334,0.993015833,-0.115352431,-0.107908953,0.208451598,0.117981162,0.970890507,-0.292588555,0.000000000,0.000000000,0.000000000,1.000000000
1790226884751858655,1790226884,751858655,1790226884756906574,FR_foot,0.737462523,0.000000000,-0.675388057,0.186504861,-0.079683068,0.993015833,-0.087006686,-0.105047424,0.670671034,0.117981162,0.732311962,-0.316673274,0.000000000,0.000000000,0.000000000,1.000000000
1790226884751858655,1790226884,751858655,1790226884756906574,RL_hip,1.000000000,-0.000000000,0.000000000,-0.193400000,0.000000000,0.999765298,0.021664474,0.046500000,-0.000000000,-0.021664474,0.999765298,0.000000000,0.000000000,0.000000000,0.000000000,1.000000000
1790226884751858655,1790226884,751858655,1790226884756906574,RL_thigh,0.738106609,-0.000000000,0.674684099,-0.193400000,-0.014616676,0.999765298,0.015990692,0.141977586,-0.674525749,-0.021664474,0.737933374,-0.002068957,0.000000000,0.000000000,0.000000000,1.000000000
1790226884751858655,1790226884,751858655,1790226884756906574,RL_calf,0.752775782,0.000000000,-0.658277010,-0.337107713,0.014261225,0.999765298,0.016308491,0.138571569,0.658122511,-0.021664474,0.752599104,-0.159248766,0.000000000,0.000000000,0.000000000,1.000000000
1790226884751858655,1790226884,751858655,1790226884756906574,RL_calflower,0.784735146,0.000000000,-0.619831227,-0.224627200,0.013428318,0.999765298,0.017000874,0.136443136,0.619685751,-0.021664474,0.784550967,-0.257470983,0.000000000,0.000000000,0.000000000,1.000000000
1790226884751858655,1790226884,751858655,1790226884756906574,RL_calflower1,0.982281244,-0.000000000,-0.187412803,-0.207681302,0.004060200,0.999765298,0.021280607,0.135628818,0.187368816,-0.021664474,0.982050700,-0.295049879,0.000000000,0.000000000,0.000000000,1.000000000
1790226884751858655,1790226884,751858655,1790226884756906574,RL_foot,0.752775782,0.000000000,-0.658277010,-0.196894710,0.014261225,0.999765298,0.016308491,0.135097860,0.658122511,-0.021664474,0.752599104,-0.319552375,0.000000000,0.000000000,0.000000000,1.000000000
1790226884751858655,1790226884,751858655,1790226884756906574,RR_hip,1.000000000,0.000000000,0.000000000,-0.193400000,0.000000000,0.999999745,-0.000714147,-0.046500000,0.000000000,0.000714147,0.999999745,0.000000000,0.000000000,0.000000000,0.000000000,1.000000000
1790226884751858655,1790226884,751858655,1790226884756906574,RR_thigh,0.711730493,0.000000000,0.702452636,-0.193400000,0.000501655,0.999999745,-0.000508280,-0.141999976,-0.702452457,0.000714147,0.711730311,-0.000068201,0.000000000,0.000000000,0.000000000,1.000000000
1790226884751858655,1790226884,751858655,1790226884756906574,RR_calf,0.779710384,0.000000000,-0.626140333,-0.343022411,-0.000447156,0.999999745,-0.000556828,-0.141891712,0.626140174,0.000714147,0.779710185,-0.151666757,0.000000000,0.000000000,0.000000000,1.000000000
1790226884751858655,1790226884,751858655,1790226884756906574,RR_calflower,0.810029923,0.000000000,-0.586388544,-0.234759434,-0.000418768,0.999999745,-0.000578481,-0.141818244,0.586388394,0.000714147,0.810029716,-0.254541061,0.000000000,0.000000000,0.000000000,1.000000000
1790226884751858655,1790226884,751858655,1790226884756906574,RR_calflower1,0.989274447,-0.000000000,-0.146068711,-0.219404192,-0.000104315,0.999999745,-0.000706488,-0.141790918,0.146068674,0.000714147,0.989274195,-0.292806134,0.000000000,0.000000000,0.000000000,1.000000000
1790226884751858655,1790226884,751858655,1790226884756906574,RR_foot,0.779710384,0.000000000,-0.626140333,-0.209654520,-0.000447156,0.999999745,-0.000556828,-0.141773108,0.626140174,0.000714147,0.779710185,-0.317745027,0.000000000,0.000000000,0.000000000,1.000000000
1790226884819380022,1790226884,819380022,1790226884823688894,FL_hip,1.000000000,-0.000000000,0.000000000,0.193400000,0.000000000,0.987948594,0.154782351,0.046500000,-0.000000000,-0.154782351,0.987948594,0.000000000,0.000000000,0.000000000,0.000000000,1.000000000
1790226884819380022,1790226884,819380022,1790226884823688894,FL_thigh,0.673144464,-0.000000000,0.739511008,0.193400000,-0.114463252,0.987948594,0.104190883,0.140849091,-0.730598860,-0.154782351,0.665032127,-0.014781715,0.000000000,0.000000000,0.000000000,1.000000000
1790226884819380022,1790226884,819380022,1790226884823688894,FL_calf,0.785190434,0.000000000,-0.619254376,0.035884155,0.095849648,0.987948594,0.121533621,0.118656433,0.611791489,-0.154782351,0.775727786,-0.156433558,0.000000000,0.000000000,0.000000000,1.000000000
1790226884819380022,1790226884,819380022,1790226884823688894,FL_calflower,0.815158970,0.000000000,-0.579237303,0.143237612,0.089655712,0.987948594,0.126172222,0.102586450,0.572256679,-0.154782351,0.805335158,-0.259005440,0.000000000,0.000000000,0.000000000,1.000000000
1790226884819380022,1790226884,819380022,1790226884823688894,FL_calflower1,0.990521592,0.000000000,-0.137357110,0.158255514,0.021260456,0.987948594,0.153315261,0.096643004,0.135701764,-0.154782351,0.978584414,-0.296941413,0.000000000,0.000000000,0.000000000,1.000000000
1790226884819380022,1790226884,819380022,1790226884823688894,FL_foot,0.785190434,0.000000000,-0.619254376,0.167785337,0.095849648,0.987948594,0.121533621,0.092769771,0.611791489,-0.154782351,0.775727786,-0.321663576,0.000000000,0.000000000,0.000000000,1.000000000
1790226884819380022,1790226884,819380022,1790226884823688894,FR_hip,1.000000000,0.000000000,0.000000000,0.193400000,0.000000000,0.993019405,-0.117951095,-0.046500000,0.000000000,0.117951095,0.993019405,0.000000000,0.000000000,0.000000000,0.000000000,1.000000000
1790226884819380022,1790226884,819380022,1790226884823688894,FR_thigh,0.706474787,0.000000000,0.707738211,0.193400000,0.083478497,0.993019405,-0.083329474,-0.141333353,-0.702797778,0.117951095,0.701543173,-0.011264330,0.000000000,0.000000000,0.000000000,1.000000000
1790226884819380022,1790226884,819380022,1790226884823688894,FR_calf,0.737431364,0.000000000,-0.675422078,0.042651761,-0.079666773,0.993019405,-0.086980837,-0.123584175,0.670707231,0.117951095,0.732283654,-0.160693025,0.000000000,0.000000000,0.000000000,1.000000000
1790226884819380022,1790226884,819380022,1790226884823688894,FR_calflower,0.770266801,0.000000000,-0.637721770,0.157362856,-0.075219981,0.993019405,-0.090853812,-0.112304347,0.633270093,0.117951095,0.764889880,-0.255656861,0.000000000,0.000000000,0.000000000,1.000000000
1790226884819380022,1790226884,819380022,1790226884823688894,FR_calflower1,0.977709375,-0.000000000,-0.209962804,0.175169059,-0.024765343,0.993019405,-0.115321891,-0.107917995,0.208497138,0.117951095,0.970884382,-0.292585158,0.000000000,0.000000000,0.000000000,1.000000000
1790226884819380022,1790226884,819380022,1790226884823688894,FR_foot,0.737431364,0.000000000,-0.675422078,0.186516664,-0.079666773,0.993019405,-0.086980837,-0.105057257,0.670707231,0.117951095,0.732283654,-0.316669444,0.000000000,0.000000000,0.000000000,1.000000000
1790226884819380022,1790226884,819380022,1790226884823688894,RL_hip,1.000000000,-0.000000000,0.000000000,-0.193400000,0.000000000,0.999765298,0.021664474,0.046500000,-0.000000000,-0.021664474,0.999765298,0.000000000,0.000000000,0.000000000,0.000000000,1.000000000
1790226884819380022,1790226884,819380022,1790226884823688894,RL_thigh,0.738065750,-0.000000000,0.674728796,-0.193400000,-0.014617645,0.999765298,0.015989806,0.141977586,-0.674570436,-0.021664474,0.737892524,-0.002068957,0.000000000,0.000000000,0.000000000,1.000000000
1790226884819380022,1790226884,819380022,1790226884823688894,RL_calf,0.752836438,-0.000000000,-0.658207640,-0.337117234,0.014259722,0.999765298,0.016309806,0.138571757,0.658053157,-0.021664474,0.752659746,-0.159240065,0.000000000,0.000000000,0.000000000,1.000000000
1790226884819380022,1790226884,819380022,1790226884823688894,RL_calflower,0.784792260,0.000000000,-0.619758912,-0.224645774,0.013426751,0.999765298,0.017002112,0.136443100,0.619613453,-0.021664474,0.784608067,-0.257472644,0.000000000,0.000000000,0.000000000,1.000000000
1790226884819380022,1790226884,819380022,1790226884823688894,RL_calflower1,0.982298509,-0.000000000,-0.187322286,-0.207703340,0.004058239,0.999765298,0.021280981,0.135628748,0.187278321,-0.021664474,0.982067962,-0.295053101,0.000000000,0.000000000,0.000000000,1.000000000
1790226884819380022,1790226884,819380022,1790226884823688894,RL_foot,0.752836438,-0.000000000,-0.658207640,-0.196919006,0.014259722,0.999765298,0.016309806,0.135097769,0.658053157,-0.021664474,0.752659746,-0.319556591,0.000000000,0.000000000,0.000000000,1.000000000
1790226884819380022,1790226884,819380022,1790226884823688894,RR_hip,1.000000000,0.000000000,0.000000000,-0.193400000,0.000000000,0.999999745,-0.000714147,-0.046500000,0.000000000,0.000714147,0.999999745,0.000000000,0.000000000,0.000000000,0.000000000,1.000000000
1790226884819380022,1790226884,819380022,1790226884823688894,RR_thigh,0.711730493,0.000000000,0.702452636,-0.193400000,0.000501655,0.999999745,-0.000508280,-0.141999976,-0.702452457,0.000714147,0.711730311,-0.000068201,0.000000000,0.000000000,0.000000000,1.000000000
1790226884819380022,1790226884,819380022,1790226884823688894,RR_calf,0.779710384,0.000000000,-0.626140333,-0.343022411,-0.000447156,0.999999745,-0.000556828,-0.141891712,0.626140174,0.000714147,0.779710185,-0.151666757,0.000000000,0.000000000,0.000000000,1.000000000
1790226884819380022,1790226884,819380022,1790226884823688894,RR_calflower,0.810029923,0.000000000,-0.586388544,-0.234759434,-0.000418768,0.999999745,-0.000578481,-0.141818244,0.586388394,0.000714147,0.810029716,-0.254541061,0.000000000,0.000000000,0.000000000,1.000000000
1790226884819380022,1790226884,819380022,1790226884823688894,RR_calflower1,0.989274447,-0.000000000,-0.146068711,-0.219404192,-0.000104315,0.999999745,-0.000706488,-0.141790918,0.146068674,0.000714147,0.989274195,-0.292806134,0.000000000,0.000000000,0.000000000,1.000000000
1790226884819380022,1790226884,819380022,1790226884823688894,RR_foot,0.779710384,0.000000000,-0.626140333,-0.209654520,-0.000447156,0.999999745,-0.000556828,-0.141773108,0.626140174,0.000714147,0.779710185,-0.317745027,0.000000000,0.000000000,0.000000000,1.000000000
1790226884887912785,1790226884,887912785,1790226884890313086,FL_hip,1.000000000,-0.000000000,0.000000000,0.193400000,0.000000000,0.987953280,0.154752437,0.046500000,-0.000000000,-0.154752437,0.987953280,0.000000000,0.000000000,0.000000000,0.000000000,1.000000000
1790226884887912785,1790226884,887912785,1790226884890313086,FL_thigh,0.673144464,0.000000000,0.739511008,0.193400000,-0.114441130,0.987953280,0.104170746,0.140849538,-0.730602325,-0.154752437,0.665035281,-0.014778858,0.000000000,0.000000000,0.000000000,1.000000000
1790226884887912785,1790226884,887912785,1790226884890313086,FL_calf,0.785180616,-0.000000000,-0.619266825,0.035884155,0.095833050,0.987953280,0.121508614,0.118661169,0.611806690,-0.154752437,0.775721765,-0.156431373,0.000000000,0.000000000,0.000000000,1.000000000
1790226884887912785,1790226884,887912785,1790226884890313086,FL_calflower,0.815149786,0.000000000,-0.579250227,0.143239258,0.089640384,0.987953280,0.126146416,0.102594555,0.572272162,-0.154752437,0.805329905,-0.259002060,0.000000000,0.000000000,0.000000000,1.000000000
1790226884887912785,1790226884,887912785,1790226884890313086,FL_calflower1,0.990519414,-0.000000000,-0.137372814,0.158257769,0.021258778,0.987953280,0.153285293,0.096652295,0.135717923,-0.154752437,0.978586904,-0.296937978,0.000000000,0.000000000,0.000000000,1.000000000
1790226884887912785,1790226884,887912785,1790226884890313086,FL_foot,0.785180616,-0.000000000,-0.619266825,0.167787989,0.095833050,0.987953280,0.121508614,0.092779835,0.611806690,-0.154752437,0.775721765,-0.321660109,0.000000000,0.000000000,0.000000000,1.000000000
1790226884887912785,1790226884,887912785,1790226884890313086,FR_hip,1.000000000,0.000000000,0.000000000,0.193400000,0.000000000,0.993015833,-0.117981162,-0.046500000,0.000000000,0.117981162,0.993015833,0.000000000,0.000000000,0.000000000,0.000000000,1.000000000
1790226884887912785,1790226884,887912785,1790226884890313086,FR_thigh,0.706431926,0.000000000,0.707780993,0.193400000,0.083504824,0.993015833,-0.083345660,-0.141333012,-0.702837733,0.117981162,0.701498088,-0.011267201,0.000000000,0.000000000,0.000000000,1.000000000
1790226884887912785,1790226884,887912785,1790226884890313086,FR_calf,0.737461637,-0.000000000,-0.675389024,0.042642648,-0.079683182,0.993015833,-0.087006581,-0.123580387,0.670671995,0.117981162,0.732311082,-0.160686294,0.000000000,0.000000000,0.000000000,1.000000000
1790226884887912785,1790226884,887912785,1790226884890313086,FR_calflower,0.770295384,-0.000000000,-0.637687244,0.157349457,-0.075235082,0.993015833,-0.090880345,-0.112297076,0.633233530,0.117981162,0.764915513,-0.255654894,0.000000000,0.000000000,0.000000000,1.000000000
1790226884887912785,1790226884,887912785,1790226884890313086,FR_calflower1,0.977718785,0.000000000,-0.209918980,0.175153993,-0.024766485,0.993015833,-0.115352399,-0.107909512,0.208452871,0.117981162,0.970890234,-0.292583850,0.000000000,0.000000000,0.000000000,1.000000000
1790226884887912785,1790226884,887912785,1790226884890313086,FR_foot,0.737461637,-0.000000000,-0.675389024,0.186500511,-0.079683182,0.993015833,-0.087006581,-0.105047985,0.670671995,0.117981162,0.732311082,-0.316668554,0.000000000,0.000000000,0.000000000,1.000000000
1790226884887912785,1790226884,887912785,1790226884890313086,RL_hip,1.000000000,-0.000000000,0.000000000,-0.193400000,0.000000000,0.999764641,0.021694746,0.046500000,-0.000000000,-0.021694746,0.999764641,0.000000000,0.000000000,0.000000000,0.000000000,1.000000000
1790226884887912785,1790226884,887912785,1790226884890313086,RL_thigh,0.738086180,0.000000000,0.674706448,-0.193400000,-0.014637585,0.999764641,0.016012592,0.141977523,-0.674547650,-0.021694746,0.737912465,-0.002071848,0.000000000,0.000000000,0.000000000,1.000000000
1790226884887912785,1790226884,887912785,1790226884890313086,RL_calf,0.752806150,-0.000000000,-0.658242281,-0.337112473,0.014280399,0.999764641,0.016331938,0.138566841,0.658087358,-0.021694746,0.752628971,-0.159247203,0.000000000,0.000000000,0.000000000,1.000000000
1790226884887912785,1790226884,887912785,1790226884890313086,RL_calflower,0.784763741,0.000000000,-0.619795023,-0.224636493,0.013446296,0.999764641,0.017025250,0.136435322,0.619649149,-0.021694746,0.784579040,-0.257474544,0.000000000,0.000000000,0.000000000,1.000000000
1790226884887912785,1790226884,887912785,1790226884890313086,RL_calflower1,0.982289889,0.000000000,-0.187367486,-0.207692329,0.004064890,0.999764641,0.021310530,0.135619849,0.187323387,-0.021694746,0.982058698,-0.295054197,0.000000000,0.000000000,0.000000000,1.000000000
1790226884887912785,1790226884,887912785,1790226884890313086,RL_foot,0.752806150,-0.000000000,-0.658242281,-0.196906868,0.014280399,0.999764641,0.016331938,0.135088138,0.658087358,-0.021694746,0.752628971,-0.319557174,0.000000000,0.000000000,0.000000000,1.000000000
1790226884887912785,1790226884,887912785,1790226884890313086,RR_hip,1.000000000,0.000000000,0.000000000,-0.193400000,0.000000000,0.999999745,-0.000714147,-0.046500000,0.000000000,0.000714147,0.999999745,0.000000000,0.000000000,0.000000000,0.000000000,1.000000000
1790226884887912785,1790226884,887912785,1790226884890313086,RR_thigh,0.711751762,0.000000000,0.702431085,-0.193400000,0.000501639,0.999999745,-0.000508296,-0.141999976,-0.702430906,0.000714147,0.711751581,-0.000068201,0.000000000,0.000000000,0.000000000,1.000000000
1790226884887912785,1790226884,887912785,1790226884890313086,RR_calf,0.779701278,-0.000000000,-0.626151673,-0.343017821,-0.000447165,0.999999745,-0.000556822,-0.141891709,0.626151513,0.000714147,0.779701079,-0.151671288,0.000000000,0.000000000,0.000000000,1.000000000
1790226884887912785,1790226884,887912785,1790226884890313086,RR_calflower,0.810021395,0.000000000,-0.586400324,-0.234753348,-0.000418776,0.999999745,-0.000578475,-0.141818242,0.586400175,0.000714147,0.810021188,-0.254544017,0.000000000,0.000000000,0.000000000,1.000000000
1790226884887912785,1790226884,887912785,1790226884890313086,RR_calflower1,0.989272323,0.000000000,-0.146083099,-0.219397549,-0.000104325,0.999999745,-0.000706486,-0.141790916,0.146083061,0.000714147,0.989272070,-0.292808866,0.000000000,0.000000000,0.000000000,1.000000000
1790226884887912785,1790226884,887912785,1790226884890313086,RR_foot,0.779701278,-0.000000000,-0.626151673,-0.209647515,-0.000447165,0.999999745,-0.000556822,-0.141773106,0.626151513,0.000714147,0.779701079,-0.317747618,0.000000000,0.000000000,0.000000000,1.000000000
1790226884947401495,1790226884,947401495,1790226884957106713,FL_hip,1.000000000,-0.000000000,0.000000000,0.193400000,0.000000000,0.987953280,0.154752437,0.046500000,-0.000000000,-0.154752437,0.987953280,0.000000000,0.000000000,0.000000000,0.000000000,1.000000000
1790226884947401495,1790226884,947401495,1790226884957106713,FL_thigh,0.673166856,-0.000000000,0.739490625,0.193400000,-0.114437976,0.987953280,0.104174211,0.140849538,-0.730582188,-0.154752437,0.665057403,-0.014778858,0.000000000,0.000000000,0.000000000,1.000000000
1790226884947401495,1790226884,947401495,1790226884957106713,FL_calf,0.785161865,-0.000000000,-0.619290599,0.035888497,0.095836729,0.987953280,0.121505712,0.118660431,0.611830178,-0.154752437,0.775703240,-0.156436085,0.000000000,0.000000000,0.000000000,1.000000000
1790226884947401495,1790226884,947401495,1790226884957106713,FL_calflower,0.815132247,-0.000000000,-0.579274909,0.143246743,0.089644204,0.987953280,0.126143701,0.102594320,0.572296546,-0.154752437,0.805312577,-0.259003560,0.000000000,0.000000000,0.000000000,1.000000000
1790226884947401495,1790226884,947401495,1790226884957106713,FL_calflower1,0.990515254,0.000000000,-0.137402806,0.158266417,0.021263419,0.987953280,0.153284649,0.096652130,0.135747553,-0.154752437,0.978582794,-0.296939029,0.000000000,0.000000000,0.000000000,1.000000000
1790226884947401495,1790226884,947401495,1790226884957106713,FL_foot,0.785161865,-0.000000000,-0.619290599,0.167797394,0.095836729,0.987953280,0.121505712,0.092779715,0.611830178,-0.154752437,0.775703240,-0.321660875,0.000000000,0.000000000,0.000000000,1.000000000
1790226884947401495,1790226884,947401495,1790226884957106713,FR_hip,1.000000000,0.000000000,0.000000000,0.193400000,0.000000000,0.993012261,-0.118011230,-0.046500000,0.000000000,0.118011230,0.993012261,0.000000000,0.000000000,0.000000000,0.000000000,1.000000000
1790226884947401495,1790226884,947401495,1790226884957106713,FR_thigh,0.706453357,-0.000000000,0.707759602,0.193400000,0.083523581,0.993012261,-0.083369430,-0.141332671,-0.702813963,0.118011230,0.701516845,-0.011270072,0.000000000,0.000000000,0.000000000,1.000000000
1790226884947401495,1790226884,947401495,1790226884957106713,FR_calf,0.737441187,-0.000000000,-0.675411354,0.042647205,-0.079706125,0.993012261,-0.087026341,-0.123574982,0.670691755,0.118011230,0.732288140,-0.160693160,0.000000000,0.000000000,0.000000000,1.000000000
1790226884947401495,1790226884,947401495,1790226884957106713,FR_calflower,0.770276075,0.000000000,-0.637710567,0.157356909,-0.075257008,0.993012261,-0.090901227,-0.112289206,0.633254412,0.118011230,0.764893587,-0.255657970,0.000000000,0.000000000,0.000000000,1.000000000
1790226884947401495,1790226884,947401495,1790226884957106713,FR_calflower1,0.977712428,0.000000000,-0.209948584,0.175162571,-0.024776291,0.993012261,-0.115381046,-0.107900587,0.208481518,0.118011230,0.970880428,-0.292586258,0.000000000,0.000000000,0.000000000,1.000000000
1790226884947401495,1790226884,947401495,1790226884957106713,FR_foot,0.737441187,-0.000000000,-0.675411354,0.186509823,-0.079706125,0.993012261,-0.087026341,-0.105038372,0.670691755,0.118011230,0.732288140,-0.316670534,0.000000000,0.000000000,0.000000000,1.000000000
1790226884947401495,1790226884,947401495,1790226884957106713,RL_hip,1.000000000,-0.000000000,0.000000000,-0.193400000,0.000000000,0.999765953,0.021634202,0.046500000,-0.000000000,-0.021634202,0.999765953,0.000000000,0.000000000,0.000000000,0.000000000,1.000000000
1790226884947401495,1790226884,947401495,1790226884957106713,RL_thigh,0.738086180,0.000000000,0.674706448,-0.193400000,-0.014596736,0.999765953,0.015967906,0.141977649,-0.674548535,-0.021634202,0.737913433,-0.002066066,0.000000000,0.000000000,0.000000000,1.000000000
1790226884947401495,1790226884,947401495,1790226884957106713,RL_calf,0.752806150,0.000000000,-0.658242281,-0.337112473,0.014240547,0.999765953,0.016286360,0.138576485,0.658088221,-0.021634202,0.752629958,-0.159241628,0.000000000,0.000000000,0.000000000,1.000000000
1790226884947401495,1790226884,947401495,1790226884957106713,RL_calflower,0.784763741,0.000000000,-0.619795023,-0.224636493,0.013408771,0.999765953,0.016977737,0.136450914,0.619649962,-0.021634202,0.784580069,-0.257469097,0.000000000,0.000000000,0.000000000,1.000000000
1790226884947401495,1790226884,947401495,1790226884957106713,RL_calflower1,0.982289889,0.000000000,-0.187367486,-0.207692329,0.004053546,0.999765953,0.021251058,0.135637717,0.187323633,-0.021634202,0.982059987,-0.295048799,0.000000000,0.000000000,0.000000000,1.000000000
1790226884947401495,1790226884,947401495,1790226884957106713,RL_foot,0.752806150,0.000000000,-0.658242281,-0.196906868,0.014240547,0.999765953,0.016286360,0.135107490,0.658088221,-0.021634202,0.752629958,-0.319551809,0.000000000,0.000000000,0.000000000,1.000000000
1790226884947401495,1790226884,947401495,1790226884957106713,RR_hip,1.000000000,0.000000000,0.000000000,-0.193400000,0.000000000,0.999999745,-0.000714147,-0.046500000,0.000000000,0.000714147,0.999999745,0.000000000,0.000000000,0.000000000,0.000000000,1.000000000
1790226884947401495,1790226884,947401495,1790226884957106713,RR_thigh,0.711751762,0.000000000,0.702431085,-0.193400000,0.000501639,0.999999745,-0.000508296,-0.141999976,-0.702430906,0.000714147,0.711751581,-0.000068201,0.000000000,0.000000000,0.000000000,1.000000000
1790226884947401495,1790226884,947401495,1790226884957106713,RR_calf,0.779691425,-0.000000000,-0.626163942,-0.343017821,-0.000447173,0.999999745,-0.000556815,-0.141891709,0.626163782,0.000714147,0.779691226,-0.151671288,0.000000000,0.000000000,0.000000000,1.000000000
1790226884947401495,1790226884,947401495,1790226884957106713,RR_calflower,0.810012167,-0.000000000,-0.586413070,-0.234751729,-0.000418785,0.999999745,-0.000578468,-0.141818244,0.586412921,0.000714147,0.810011961,-0.254542314,0.000000000,0.000000000,0.000000000,1.000000000
1790226884947401495,1790226884,947401495,1790226884957106713,RR_calflower1,0.989270024,0.000000000,-0.146098665,-0.219395328,-0.000104336,0.999999745,-0.000706485,-0.141790917,0.146098628,0.000714147,0.989269772,-0.292806921,0.000000000,0.000000000,0.000000000,1.000000000
1790226884947401495,1790226884,947401495,1790226884957106713,RR_foot,0.779691425,-0.000000000,-0.626163942,-0.209644901,-0.000447173,0.999999745,-0.000556815,-0.141773107,0.626163782,0.000714147,0.779691226,-0.317745519,0.000000000,0.000000000,0.000000000,1.000000000
1790226885479357057,1790226885,479357057,1790226885490255006,FL_hip,1.000000000,-0.000000000,0.000000000,0.193400000,0.000000000,0.987953280,0.154752437,0.046500000,-0.000000000,-0.154752437,0.987953280,0.000000000,0.000000000,0.000000000,0.000000000,1.000000000
1790226885479357057,1790226885,479357057,1790226885490255006,FL_thigh,0.673234026,0.000000000,0.739429473,0.193400000,-0.114428513,0.987953280,0.104184606,0.140849538,-0.730521773,-0.154752437,0.665123765,-0.014778858,0.000000000,0.000000000,0.000000000,1.000000000
1790226885479357057,1790226885,479357057,1790226885490255006,FL_calf,0.785095787,-0.000000000,-0.619374366,0.035901522,0.095849692,0.987953280,0.121495486,0.118658217,0.611912936,-0.154752437,0.775637958,-0.156450220,0.000000000,0.000000000,0.000000000,1.000000000
1790226885479357057,1790226885,479357057,1790226885490255006,FL_calflower,0.815070438,0.000000000,-0.579361874,0.143270844,0.089657662,0.987953280,0.126134136,0.102593879,0.572382464,-0.154752437,0.805251513,-0.259006379,0.000000000,0.000000000,0.000000000,1.000000000
1790226885479357057,1790226885,479357057,1790226885490255006,FL_calflower1,0.990500589,0.000000000,-0.137508486,0.158294615,0.021279773,0.987953280,0.153282380,0.096651937,0.135851960,-0.154752437,0.978568305,-0.296940264,0.000000000,0.000000000,0.000000000,1.000000000
1790226885479357057,1790226885,479357057,1790226885490255006,FL_foot,0.785095787,-0.000000000,-0.619374366,0.167828262,0.095849692,0.987953280,0.121495486,0.092779679,0.611912936,-0.154752437,0.775637958,-0.321661105,0.000000000,0.000000000,0.000000000,1.000000000
1790226885479357057,1790226885,479357057,1790226885490255006,FR_hip,1.000000000,0.000000000,0.000000000,0.193400000,0.000000000,0.993012261,-0.118011230,-0.046500000,0.000000000,0.118011230,0.993012261,0.000000000,0.000000000,0.000000000,0.000000000,1.000000000
1790226885479357057,1790226885,479357057,1790226885490255006,FR_thigh,0.706496216,0.000000000,0.707716820,0.193400000,0.083518532,0.993012261,-0.083374487,-0.141332671,-0.702771479,0.118011230,0.701559405,-0.011270072,0.000000000,0.000000000,0.000000000,1.000000000
1790226885479357057,1790226885,479357057,1790226885490255006,FR_calf,0.737421621,0.000000000,-0.675432715,0.042656317,-0.079708646,0.993012261,-0.087024033,-0.123573905,0.670712967,0.118011230,0.732268711,-0.160702226,0.000000000,0.000000000,0.000000000,1.000000000
1790226885479357057,1790226885,479357057,1790226885490255006,FR_calflower,0.770257602,0.000000000,-0.637732880,0.157368792,-0.075259642,0.993012261,-0.090899047,-0.112288521,0.633276569,0.118011230,0.764875243,-0.255663735,0.000000000,0.000000000,0.000000000,1.000000000
1790226885479357057,1790226885,479357057,1790226885490255006,FR_calflower1,0.977706346,-0.000000000,-0.209976907,0.175175531,-0.024779633,0.993012261,-0.115380328,-0.107899963,0.208509643,0.118011230,0.970874389,-0.292591511,0.000000000,0.000000000,0.000000000,1.000000000
1790226885479357057,1790226885,479357057,1790226885490255006,FR_foot,0.737421621,0.000000000,-0.675432715,0.186523486,-0.079708646,0.993012261,-0.087024033,-0.105037786,0.670712967,0.118011230,0.732268711,-0.316675461,0.000000000,0.000000000,0.000000000,1.000000000
1790226885479357057,1790226885,479357057,1790226885490255006,RL_hip,1.000000000,-0.000000000,0.000000000,-0.193400000,0.000000000,0.999765953,0.021634202,0.046500000,-0.000000000,-0.021634202,0.999765953,0.000000000,0.000000000,0.000000000,0.000000000,1.000000000
1790226885479357057,1790226885,479357057,1790226885490255006,RL_thigh,0.738147466,0.000000000,0.674639399,-0.193400000,-0.014595285,0.999765953,0.015969231,0.141977649,-0.674481502,-0.021634202,0.737974705,-0.002066066,0.000000000,0.000000000,0.000000000,1.000000000
1790226885479357057,1790226885,479357057,1790226885490255006,RL_calf,0.752735916,0.000000000,-0.658322596,-0.337098192,0.014242284,0.999765953,0.016284841,0.138576202,0.658168518,-0.021634202,0.752559741,-0.159254678,0.000000000,0.000000000,0.000000000,1.000000000
1790226885479357057,1790226885,479357057,1790226885490255006,RL_calflower,0.784697609,0.000000000,-0.619878748,-0.224611730,0.013410582,0.999765953,0.016976307,0.136450891,0.619733668,-0.021634202,0.784513953,-0.257470150,0.000000000,0.000000000,0.000000000,1.000000000
1790226885479357057,1790226885,479357057,1790226885490255006,RL_calflower1,0.982269892,-0.000000000,-0.187472288,-0.207663556,0.004055813,0.999765953,0.021250625,0.135637733,0.187428410,-0.021634202,0.982039995,-0.295048044,0.000000000,0.000000000,0.000000000,1.000000000
1790226885479357057,1790226885,479357057,1790226885490255006,RL_foot,0.752735916,0.000000000,-0.658322596,-0.196875479,0.014242284,0.999765953,0.016284841,0.135107531,0.658168518,-0.021634202,0.752559741,-0.319549903,0.000000000,0.000000000,0.000000000,1.000000000
1790226885479357057,1790226885,479357057,1790226885490255006,RR_hip,1.000000000,0.000000000,0.000000000,-0.193400000,0.000000000,0.999999745,-0.000714147,-0.046500000,0.000000000,0.000714147,0.999999745,0.000000000,0.000000000,0.000000000,0.000000000,1.000000000
1790226885479357057,1790226885,479357057,1790226885490255006,RR_thigh,0.711794299,0.000000000,0.702387981,-0.193400000,0.000501609,0.999999745,-0.000508326,-0.141999976,-0.702387802,0.000714147,0.711794117,-0.000068201,0.000000000,0.000000000,0.000000000,1.000000000
1790226885479357057,1790226885,479357057,1790226885490255006,RR_calf,0.779643575,0.000000000,-0.626223519,-0.343008640,-0.000447216,0.999999745,-0.000556780,-0.141891702,0.626223359,0.000714147,0.779643376,-0.151680348,0.000000000,0.000000000,0.000000000,1.000000000
1790226885479357057,1790226885,479357057,1790226885490255006,RR_calflower,0.809967355,0.000000000,-0.586474964,-0.234734688,-0.000418830,0.999999745,-0.000578436,-0.141818243,0.586474815,0.000714147,0.809967148,-0.254543101,0.000000000,0.000000000,0.000000000,1.000000000
1790226885479357057,1790226885,479357057,1790226885490255006,RR_calflower1,0.989258857,0.000000000,-0.146174258,-0.219375363,-0.000104390,0.999999745,-0.000706477,-0.141790917,0.146174221,0.000714147,0.989258605,-0.292806535,0.000000000,0.000000000,0.000000000,1.000000000
1790226885479357057,1790226885,479357057,1790226885490255006,RR_foot,0.779643575,0.000000000,-0.626223519,-0.209623030,-0.000447216,0.999999745,-0.000556780,-0.141773108,0.626223359,0.000714147,0.779643376,-0.317744387,0.000000000,0.000000000,0.000000000,1.000000000
1790226885527691953,1790226885,527691953,1790226885556912917,FL_hip,1.000000000,-0.000000000,0.000000000,0.193400000,0.000000000,0.987953280,0.154752437,0.046500000,-0.000000000,-0.154752437,0.987953280,0.000000000,0.000000000,0.000000000,0.000000000,1.000000000
1790226885527691953,1790226885,527691953,1790226885556912917,FL_thigh,0.673234026,0.000000000,0.739429473,0.193400000,-0.114428513,0.987953280,0.104184606,0.140849538,-0.730521773,-0.154752437,0.665123765,-0.014778858,0.000000000,0.000000000,0.000000000,1.000000000
1790226885527691953,1790226885,527691953,1790226885556912917,FL_calf,0.785105607,0.000000000,-0.619361918,0.035901522,0.095847766,0.987953280,0.121497006,0.118658217,0.611900639,-0.154752437,0.775647659,-0.156450220,0.000000000,0.000000000,0.000000000,1.000000000
1790226885527691953,1790226885,527691953,1790226885556912917,FL_calflower,0.815079624,0.000000000,-0.579348951,0.143269198,0.089655662,0.987953280,0.126135558,0.102593616,0.572369697,-0.154752437,0.805260587,-0.259008060,0.000000000,0.000000000,0.000000000,1.000000000
1790226885527691953,1790226885,527691953,1790226885556912917,FL_calflower1,0.990502769,0.000000000,-0.137492782,0.158292360,0.021277343,0.987953280,0.153282717,0.096651637,0.135836445,-0.154752437,0.978570459,-0.296942181,0.000000000,0.000000000,0.000000000,1.000000000
1790226885527691953,1790226885,527691953,1790226885556912917,FL_foot,0.785105607,0.000000000,-0.619361918,0.167825611,0.095847766,0.987953280,0.121497006,0.092779355,0.611900639,-0.154752437,0.775647659,-0.321663171,0.000000000,0.000000000,0.000000000,1.000000000
1790226885527691953,1790226885,527691953,1790226885556912917,FR_hip,1.000000000,0.000000000,0.000000000,0.193400000,0.000000000,0.993012261,-0.118011230,-0.046500000,0.000000000,0.118011230,0.993012261,0.000000000,0.000000000,0.000000000,0.000000000,1.000000000
1790226885527691953,1790226885,527691953,1790226885556912917,FR_thigh,0.706496216,0.000000000,0.707716820,0.193400000,0.083518532,0.993012261,-0.083374487,-0.141332671,-0.702771479,0.118011230,0.701559405,-0.011270072,0.000000000,0.000000000,0.000000000,1.000000000
1790226885527691953,1790226885,527691953,1790226885556912917,FR_calf,0.737400283,0.000000000,-0.675456010,0.042656317,-0.079711395,0.993012261,-0.087021514,-0.123573905,0.670736100,0.118011230,0.732247522,-0.160702226,0.000000000,0.000000000,0.000000000,1.000000000
1790226885527691953,1790226885,527691953,1790226885556912917,FR_calflower,0.770237455,0.000000000,-0.637757213,0.157371813,-0.075262513,0.993012261,-0.090896670,-0.112288949,0.633300732,0.118011230,0.764855237,-0.255660137,0.000000000,0.000000000,0.000000000,1.000000000
1790226885527691953,1790226885,527691953,1790226885556912917,FR_calflower1,0.977699712,-0.000000000,-0.210007793,0.175179727,-0.024783278,0.993012261,-0.115379546,-0.107900457,0.208540313,0.118011230,0.970867801,-0.292587354,0.000000000,0.000000000,0.000000000,1.000000000
1790226885527691953,1790226885,527691953,1790226885556912917,FR_foot,0.737400283,0.000000000,-0.675456010,0.186528448,-0.079711395,0.993012261,-0.087021514,-0.105038322,0.670736100,0.118011230,0.732247522,-0.316670948,0.000000000,0.000000000,0.000000000,1.000000000
1790226885527691953,1790226885,527691953,1790226885556912917,RL_hip,1.000000000,-0.000000000,0.000000000,-0.193400000,0.000000000,0.999765953,0.021634202,0.046500000,-0.000000000,-0.021634202,0.999765953,0.000000000,0.000000000,0.000000000,0.000000000,1.000000000
1790226885527691953,1790226885,527691953,1790226885556912917,RL_thigh,0.738147466,0.000000000,0.674639399,-0.193400000,-0.014595285,0.999765953,0.015969231,0.141977649,-0.674481502,-0.021634202,0.737974705,-0.002066066,0.000000000,0.000000000,0.000000000,1.000000000
1790226885527691953,1790226885,527691953,1790226885556912917,RL_calf,0.752746354,0.000000000,-0.658310661,-0.337098192,0.014242026,0.999765953,0.016285067,0.138576202,0.658156586,-0.021634202,0.752570176,-0.159254678,0.000000000,0.000000000,0.000000000,1.000000000
1790226885527691953,1790226885,527691953,1790226885556912917,RL_calflower,0.784707437,-0.000000000,-0.619866307,-0.224613287,0.013410313,0.999765953,0.016976519,0.136450853,0.619721229,-0.021634202,0.784523779,-0.257471933,0.000000000,0.000000000,0.000000000,1.000000000
1790226885527691953,1790226885,527691953,1790226885556912917,RL_calflower1,0.982272865,-0.000000000,-0.187456714,-0.207665709,0.004055476,0.999765953,0.021250690,0.135637689,0.187412840,-0.021634202,0.982042967,-0.295050096,0.000000000,0.000000000,0.000000000,1.000000000
1790226885527691953,1790226885,527691953,1790226885556912917,RL_foot,0.752746354,0.000000000,-0.658310661,-0.196878021,0.014242026,0.999765953,0.016285067,0.135107483,0.658156586,-0.021634202,0.752570176,-0.319552126,0.000000000,0.000000000,0.000000000,1.000000000
1790226885527691953,1790226885,527691953,1790226885556912917,RR_hip,1.000000000,0.000000000,0.000000000,-0.193400000,0.000000000,0.999999723,-0.000744425,-0.046500000,0.000000000,0.000744425,0.999999723,0.000000000,0.000000000,0.000000000,0.000000000,1.000000000
1790226885527691953,1790226885,527691953,1790226885556912917,RR_thigh,0.711815566,-0.000000000,0.702366428,-0.193400000,0.000522859,0.999999723,-0.000529893,-0.141999974,-0.702366234,0.000744425,0.711815369,-0.000071093,0.000000000,0.000000000,0.000000000,1.000000000
1790226885527691953,1790226885,527691953,1790226885556912917,RR_calf,0.779624613,-0.000000000,-0.626247126,-0.343004049,-0.000466194,0.999999723,-0.000580372,-0.141887106,0.626246952,0.000744425,0.779624397,-0.151687766,0.000000000,0.000000000,0.000000000,1.000000000
1790226885527691953,1790226885,527691953,1790226885556912917,RR_calflower,0.809949597,0.000000000,-0.586499489,-0.234726982,-0.000436605,0.999999723,-0.000602946,-0.141810535,0.586499327,0.000744425,0.809949372,-0.254547238,0.000000000,0.000000000,0.000000000,1.000000000
1790226885527691953,1790226885,527691953,1790226885556912917,RR_calflower1,0.989254431,-0.000000000,-0.146204212,-0.219366499,-0.000108838,0.999999723,-0.000736425,-0.141782051,0.146204172,0.000744425,0.989254156,-0.292810206,0.000000000,0.000000000,0.000000000,1.000000000
1790226885527691953,1790226885,527691953,1790226885556912917,RR_foot,0.779624613,-0.000000000,-0.626247126,-0.209613411,-0.000466194,0.999999723,-0.000580372,-0.141763487,0.626246952,0.000744425,0.779624397,-0.317747763,0.000000000,0.000000000,0.000000000,1.000000000
1790226885608231825,1790226885,608231825,1790226885623670112,FL_hip,1.000000000,-0.000000000,0.000000000,0.193400000,0.000000000,0.987948594,0.154782351,0.046500000,-0.000000000,-0.154782351,0.987948594,0.000000000,0.000000000,0.000000000,0.000000000,1.000000000
1790226885608231825,1790226885,608231825,1790226885623670112,FL_thigh,0.673234026,-0.000000000,0.739429473,0.193400000,-0.114450632,0.987948594,0.104204745,0.140849091,-0.730518308,-0.154782351,0.665120610,-0.014781715,0.000000000,0.000000000,0.000000000,1.000000000
1790226885608231825,1790226885,608231825,1790226885623670112,FL_calf,0.785105607,0.000000000,-0.619361918,0.035901522,0.095866294,0.987948594,0.121520492,0.118653480,0.611897736,-0.154782351,0.775643980,-0.156452404,0.000000000,0.000000000,0.000000000,1.000000000
1790226885608231825,1790226885,608231825,1790226885623670112,FL_calflower,0.815079624,-0.000000000,-0.579348951,0.143269198,0.089672993,0.987948594,0.126159940,0.102585773,0.572366982,-0.154782351,0.805256768,-0.259009759,0.000000000,0.000000000,0.000000000,1.000000000
1790226885608231825,1790226885,608231825,1790226885623670112,FL_calflower1,0.990502769,0.000000000,-0.137492782,0.158292360,0.021281456,0.987948594,0.153312347,0.096642645,0.135835800,-0.154782351,0.978565817,-0.296943699,0.000000000,0.000000000,0.000000000,1.000000000
1790226885608231825,1790226885,608231825,1790226885623670112,FL_foot,0.785105607,0.000000000,-0.619361918,0.167825611,0.095866294,0.987948594,0.121520492,0.092769615,0.611897736,-0.154782351,0.775643980,-0.321664572,0.000000000,0.000000000,0.000000000,1.000000000
1790226885608231825,1790226885,608231825,1790226885623670112,FR_hip,1.000000000,0.000000000,0.000000000,0.193400000,0.000000000,0.993012261,-0.118011230,-0.046500000,0.000000000,0.118011230,0.993012261,0.000000000,0.000000000,0.000000000,0.000000000,1.000000000
1790226885608231825,1790226885,608231825,1790226885623670112,FR_thigh,0.706496216,0.000000000,0.707716820,0.193400000,0.083518532,0.993012261,-0.083374487,-0.141332671,-0.702771479,0.118011230,0.701559405,-0.011270072,0.000000000,0.000000000,0.000000000,1.000000000
1790226885608231825,1790226885,608231825,1790226885623670112,FR_calf,0.737410912,-0.000000000,-0.675444407,0.042656317,-0.079710025,0.993012261,-0.087022769,-0.123573905,0.670724577,0.118011230,0.732258077,-0.160702226,0.000000000,0.000000000,0.000000000,1.000000000
1790226885608231825,1790226885,608231825,1790226885623670112,FR_calflower,0.770247491,0.000000000,-0.637745093,0.157370308,-0.075261083,0.993012261,-0.090897854,-0.112288736,0.633288696,0.118011230,0.764865202,-0.255661929,0.000000000,0.000000000,0.000000000,1.000000000
1790226885608231825,1790226885,608231825,1790226885623670112,FR_calflower1,0.977703017,-0.000000000,-0.209992408,0.175177637,-0.024781462,0.993012261,-0.115379936,-0.107900211,0.208525036,0.118011230,0.970871083,-0.292589424,0.000000000,0.000000000,0.000000000,1.000000000
1790226885608231825,1790226885,608231825,1790226885623670112,FR_foot,0.737410912,-0.000000000,-0.675444407,0.186525976,-0.079710025,0.993012261,-0.087022769,-0.105038055,0.670724577,0.118011230,0.732258077,-0.316673196,0.000000000,0.000000000,0.000000000,1.000000000
1790226885608231825,1790226885,608231825,1790226885623670112,RL_hip,1.000000000,-0.000000000,0.000000000,-0.193400000,0.000000000,0.999765953,0.021634202,0.046500000,-0.000000000,-0.021634202,0.999765953,0.000000000,0.000000000,0.000000000,0.000000000,1.000000000
1790226885608231825,1790226885,608231825,1790226885623670112,RL_thigh,0.738167893,-0.000000000,0.674617048,-0.193400000,-0.014594802,0.999765953,0.015969673,0.141977649,-0.674459157,-0.021634202,0.737995127,-0.002066066,0.000000000,0.000000000,0.000000000,1.000000000
1790226885608231825,1790226885,608231825,1790226885623670112,RL_calf,0.752715983,-0.000000000,-0.658345388,-0.337093431,0.014242777,0.999765953,0.016284410,0.138576108,0.658191304,-0.021634202,0.752539812,-0.159259028,0.000000000,0.000000000,0.000000000,1.000000000
1790226885608231825,1790226885,608231825,1790226885623670112,RL_calflower,0.784678839,0.000000000,-0.619902508,-0.224603994,0.013411096,0.999765953,0.016975901,0.136450871,0.619757422,-0.021634202,0.784495188,-0.257471094,0.000000000,0.000000000,0.000000000,1.000000000
1790226885608231825,1790226885,608231825,1790226885623670112,RL_calflower1,0.982264215,-0.000000000,-0.187502030,-0.207654682,0.004056457,0.999765953,0.021250502,0.135637724,0.187458145,-0.021634202,0.982034320,-0.295048476,0.000000000,0.000000000,0.000000000,1.000000000
1790226885608231825,1790226885,608231825,1790226885623670112,RL_foot,0.752715983,-0.000000000,-0.658345388,-0.196865864,0.014242777,0.999765953,0.016284410,0.135107529,0.658191304,-0.021634202,0.752539812,-0.319550008,0.000000000,0.000000000,0.000000000,1.000000000
1790226885608231825,1790226885,608231825,1790226885623670112,RR_hip,1.000000000,0.000000000,0.000000000,-0.193400000,0.000000000,0.999999745,-0.000714147,-0.046500000,0.000000000,0.000714147,0.999999745,0.000000000,0.000000000,0.000000000,0.000000000,1.000000000
1790226885608231825,1790226885,608231825,1790226885623670112,RR_thigh,0.711836833,-0.000000000,0.702344875,-0.193400000,0.000501578,0.999999745,-0.000508356,-0.141999976,-0.702344696,0.000714147,0.711836651,-0.000068201,0.000000000,0.000000000,0.000000000,1.000000000
1790226885608231825,1790226885,608231825,1790226885623670112,RR_calf,0.779595796,-0.000000000,-0.626282999,-0.342999458,-0.000447258,0.999999745,-0.000556746,-0.141891696,0.626282839,0.000714147,0.779595597,-0.151689408,0.000000000,0.000000000,0.000000000,1.000000000
1790226885608231825,1790226885,608231825,1790226885623670112,RR_calflower,0.809922608,-0.000000000,-0.586536758,-0.234717659,-0.000418874,0.999999745,-0.000578404,-0.141818242,0.586536609,0.000714147,0.809922402,-0.254543899,0.000000000,0.000000000,0.000000000,1.000000000
1790226885608231825,1790226885,608231825,1790226885623670112,RR_calflower1,0.989247702,-0.000000000,-0.146249732,-0.219355414,-0.000104444,0.999999745,-0.000706469,-0.141790918,0.146249695,0.000714147,0.989247450,-0.292806162,0.000000000,0.000000000,0.000000000,1.000000000
1790226885608231825,1790226885,608231825,1790226885623670112,RR_foot,0.779595796,-0.000000000,-0.626282999,-0.209601180,-0.000447258,0.999999745,-0.000556746,-0.141773109,0.626282839,0.000714147,0.779595597,-0.317743270,0.000000000,0.000000000,0.000000000,1.000000000
1790226885682233323,1790226885,682233323,1790226885690332245,FL_hip,1.000000000,-0.000000000,0.000000000,0.193400000,0.000000000,0.987948594,0.154782351,0.046500000,-0.000000000,-0.154782351,0.987948594,0.000000000,0.000000000,0.000000000,0.000000000,1.000000000
1790226885682233323,1790226885,682233323,1790226885690332245,FL_thigh,0.673256415,-0.000000000,0.739409088,0.193400000,-0.114447477,0.987948594,0.104208211,0.140849091,-0.730498168,-0.154782351,0.665142729,-0.014781715,0.000000000,0.000000000,0.000000000,1.000000000
1790226885682233323,1790226885,682233323,1790226885690332245,FL_calf,0.785077032,0.000000000,-0.619398138,0.035905864,0.095871900,0.987948594,0.121516069,0.118652742,0.611933519,-0.154782351,0.775615750,-0.156457116,0.000000000,0.000000000,0.000000000,1.000000000
1790226885682233323,1790226885,682233323,1790226885690332245,FL_calflower,0.815052895,0.000000000,-0.579386554,0.143278329,0.089678813,0.987948594,0.126155803,0.102585802,0.572404131,-0.154782351,0.805230361,-0.259009576,0.000000000,0.000000000,0.000000000,1.000000000
1790226885682233323,1790226885,682233323,1790226885690332245,FL_calflower1,0.990496425,0.000000000,-0.137538477,0.158303263,0.021288529,0.987948594,0.153311365,0.096642781,0.135880945,-0.154782351,0.978559550,-0.296942832,0.000000000,0.000000000,0.000000000,1.000000000
1790226885682233323,1790226885,682233323,1790226885690332245,FL_foot,0.785077032,0.000000000,-0.619398138,0.167837668,0.095871900,0.987948594,0.121516069,0.092769819,0.611933519,-0.154782351,0.775615750,-0.321663271,0.000000000,0.000000000,0.000000000,1.000000000
1790226885682233323,1790226885,682233323,1790226885690332245,FR_hip,1.000000000,0.000000000,0.000000000,0.193400000,0.000000000,0.993012261,-0.118011230,-0.046500000,0.000000000,0.118011230,0.993012261,0.000000000,0.000000000,0.000000000,0.000000000,1.000000000
1790226885682233323,1790226885,682233323,1790226885690332245,FR_thigh,0.706496216,0.000000000,0.707716820,0.193400000,0.083518532,0.993012261,-0.083374487,-0.141332671,-0.702771479,0.118011230,0.701559405,-0.011270072,0.000000000,0.000000000,0.000000000,1.000000000
1790226885682233323,1790226885,682233323,1790226885690332245,FR_calf,0.737389574,0.000000000,-0.675467702,0.042656317,-0.079712774,0.993012261,-0.087020251,-0.123573905,0.670747709,0.118011230,0.732236888,-0.160702226,0.000000000,0.000000000,0.000000000,1.000000000
1790226885682233323,1790226885,682233323,1790226885690332245,FR_calflower,0.770227344,0.000000000,-0.637769425,0.157373329,-0.075263954,0.993012261,-0.090895476,-0.112289163,0.633312858,0.118011230,0.764845196,-0.255658331,0.000000000,0.000000000,0.000000000,1.000000000
1790226885682233323,1790226885,682233323,1790226885690332245,FR_calflower1,0.977696382,0.000000000,-0.210023294,0.175181832,-0.024785107,0.993012261,-0.115379153,-0.107900705,0.208555706,0.118011230,0.970864495,-0.292585267,0.000000000,0.000000000,0.000000000,1.000000000
1790226885682233323,1790226885,682233323,1790226885690332245,FR_foot,0.737389574,0.000000000,-0.675467702,0.186530938,-0.079712774,0.993012261,-0.087020251,-0.105038592,0.670747709,0.118011230,0.732236888,-0.316668683,0.000000000,0.000000000,0.000000000,1.000000000
1790226885682233323,1790226885,682233323,1790226885690332245,RL_hip,1.000000000,-0.000000000,0.000000000,-0.193400000,0.000000000,0.999765298,0.021664474,0.046500000,-0.000000000,-0.021664474,0.999765298,0.000000000,0.000000000,0.000000000,0.000000000,1.000000000
1790226885682233323,1790226885,682233323,1790226885690332245,RL_thigh,0.738147466,0.000000000,0.674639399,-0.193400000,-0.014615708,0.999765298,0.015991577,0.141977586,-0.674481060,-0.021664474,0.737974221,-0.002068957,0.000000000,0.000000000,0.000000000,1.000000000
1790226885682233323,1790226885,682233323,1790226885690332245,RL_calf,0.752746354,-0.000000000,-0.658310661,-0.337098192,0.014261954,0.999765298,0.016307854,0.138571380,0.658156154,-0.021664474,0.752569683,-0.159257466,0.000000000,0.000000000,0.000000000,1.000000000
1790226885682233323,1790226885,682233323,1790226885690332245,RL_calflower,0.784707437,0.000000000,-0.619866307,-0.224613287,0.013429078,0.999765298,0.017000274,0.136443057,0.619720823,-0.021664474,0.784523264,-0.257474656,0.000000000,0.000000000,0.000000000,1.000000000
1790226885682233323,1790226885,682233323,1790226885690332245,RL_calflower1,0.982272865,-0.000000000,-0.187456714,-0.207665709,0.004061151,0.999765298,0.021280425,0.135628755,0.187412717,-0.021664474,0.982042323,-0.295052795,0.000000000,0.000000000,0.000000000,1.000000000
1790226885682233323,1790226885,682233323,1790226885690332245,RL_foot,0.752746354,-0.000000000,-0.658310661,-0.196878021,0.014261954,0.999765298,0.016307854,0.135097807,0.658156154,-0.021664474,0.752569683,-0.319554809,0.000000000,0.000000000,0.000000000,1.000000000
1790226885682233323,1790226885,682233323,1790226885690332245,RR_hip,1.000000000,0.000000000,0.000000000,-0.193400000,0.000000000,0.999999766,-0.000683870,-0.046500000,0.000000000,0.000683870,0.999999766,0.000000000,0.000000000,0.000000000,0.000000000,1.000000000
1790226885682233323,1790226885,682233323,1790226885690332245,RR_thigh,0.711858099,0.000000000,0.702323321,-0.193400000,0.000480298,0.999999766,-0.000486818,-0.141999978,-0.702323156,0.000683870,0.711857933,-0.000065310,0.000000000,0.000000000,0.000000000,1.000000000
1790226885682233323,1790226885,682233323,1790226885690332245,RR_calf,0.779586687,-0.000000000,-0.626294337,-0.342994867,-0.000428304,0.999999766,-0.000533136,-0.141896285,0.626294191,0.000683870,0.779586505,-0.151691049,0.000000000,0.000000000,0.000000000,1.000000000
1790226885682233323,1790226885,682233323,1790226885690332245,RR_calflower,0.809914078,0.000000000,-0.586548537,-0.234711572,-0.000401123,0.999999766,-0.000553876,-0.141825947,0.586548400,0.000683870,0.809913888,-0.254543968,0.000000000,0.000000000,0.000000000,1.000000000
1790226885682233323,1790226885,682233323,1790226885690332245,RR_calflower1,0.989245575,0.000000000,-0.146264119,-0.219348771,-0.000100026,0.999999766,-0.000676515,-0.141799781,0.146264085,0.000683870,0.989245344,-0.292806008,0.000000000,0.000000000,0.000000000,1.000000000
1790226885682233323,1790226885,682233323,1790226885690332245,RR_foot,0.779586687,-0.000000000,-0.626294337,-0.209594173,-0.000428304,0.999999766,-0.000533136,-0.141782727,0.626294191,0.000683870,0.779586505,-0.317742975,0.000000000,0.000000000,0.000000000,1.000000000
1790226885749930937,1790226885,749930937,1790226885756981200,FL_hip,1.000000000,-0.000000000,0.000000000,0.193400000,0.000000000,0.987948594,0.154782351,0.046500000,-0.000000000,-0.154782351,0.987948594,0.000000000,0.000000000,0.000000000,0.000000000,1.000000000
1790226885749930937,1790226885,749930937,1790226885756981200,FL_thigh,0.673278804,-0.000000000,0.739388702,0.193400000,-0.114444322,0.987948594,0.104211676,0.140849091,-0.730478028,-0.154782351,0.665164847,-0.014781715,0.000000000,0.000000000,0.000000000,1.000000000
1790226885749930937,1790226885,749930937,1790226885756981200,FL_calf,0.785068098,0.000000000,-0.619409462,0.035910207,0.095873653,0.987948594,0.121514686,0.118652004,0.611944707,-0.154782351,0.775606923,-0.156461827,0.000000000,0.000000000,0.000000000,1.000000000
1790226885749930937,1790226885,749930937,1790226885756981200,FL_calflower,0.815044538,-0.000000000,-0.579398310,0.143284169,0.089680633,0.987948594,0.126154510,0.102585303,0.572415746,-0.154782351,0.805222105,-0.259012758,0.000000000,0.000000000,0.000000000,1.000000000
1790226885749930937,1790226885,749930937,1790226885756981200,FL_calflower1,0.990494441,0.000000000,-0.137552765,0.158309656,0.021290740,0.987948594,0.153311058,0.096642316,0.135895060,-0.154782351,0.978557590,-0.296945799,0.000000000,0.000000000,0.000000000,1.000000000
1790226885749930937,1790226885,749930937,1790226885756981200,FL_foot,0.785068098,0.000000000,-0.619409462,0.167844422,0.095873653,0.987948594,0.121514686,0.092769376,0.611944707,-0.154782351,0.775606923,-0.321666102,0.000000000,0.000000000,0.000000000,1.000000000
1790226885749930937,1790226885,749930937,1790226885756981200,FR_hip,1.000000000,0.000000000,0.000000000,0.193400000,0.000000000,0.993015833,-0.117981162,-0.046500000,0.000000000,0.117981162,0.993015833,0.000000000,0.000000000,0.000000000,0.000000000,1.000000000
1790226885749930937,1790226885,749930937,1790226885756981200,FR_thigh,0.706539073,0.000000000,0.707674034,0.193400000,0.083492205,0.993015833,-0.083358301,-0.141333012,-0.702731521,0.117981162,0.701604486,-0.011267201,0.000000000,0.000000000,0.000000000,1.000000000
1790226885749930937,1790226885,749930937,1790226885756981200,FR_calf,0.737380717,0.000000000,-0.675477371,0.042665431,-0.079693605,0.993015833,-0.086997034,-0.123577694,0.670759725,0.117981162,0.732230727,-0.160708957,0.000000000,0.000000000,0.000000000,1.000000000
1790226885749930937,1790226885,749930937,1790226885756981200,FR_calflower,0.770218981,0.000000000,-0.637779525,0.157383696,-0.075245970,0.993015833,-0.090871331,-0.112296005,0.633325166,0.117981162,0.764839643,-0.255663910,0.000000000,0.000000000,0.000000000,1.000000000
1790226885749930937,1790226885,749930937,1790226885756981200,FR_calflower1,0.977693628,0.000000000,-0.210036114,0.175192687,-0.024780305,0.993015833,-0.115349431,-0.107908692,0.208569187,0.117981162,0.970865253,-0.292590747,0.000000000,0.000000000,0.000000000,1.000000000
1790226885749930937,1790226885,749930937,1790226885756981200,FR_foot,0.737380717,0.000000000,-0.675477371,0.186542111,-0.079693605,0.993015833,-0.086997034,-0.105047326,0.670759725,0.117981162,0.732230727,-0.316674101,0.000000000,0.000000000,0.000000000,1.000000000
1790226885749930937,1790226885,749930937,1790226885756981200,RL_hip,1.000000000,-0.000000000,0.000000000,-0.193400000,0.000000000,0.999764641,0.021694746,0.046500000,-0.000000000,-0.021694746,0.999764641,0.000000000,0.000000000,0.000000000,0.000000000,1.000000000
1790226885749930937,1790226885,749930937,1790226885756981200,RL_thigh,0.738167893,0.000000000,0.674617048,-0.193400000,-0.014635646,0.999764641,0.016014365,0.141977523,-0.674458271,-0.021694746,0.737994159,-0.002071848,0.000000000,0.000000000,0.000000000,1.000000000
1790226885749930937,1790226885,749930937,1790226885756981200,RL_calf,0.752715983,-0.000000000,-0.658345388,-0.337093431,0.014282636,0.999764641,0.016329982,0.138566463,0.658190440,-0.021694746,0.752538824,-0.159264604,0.000000000,0.000000000,0.000000000,1.000000000
1790226885749930937,1790226885,749930937,1790226885756981200,RL_calflower,0.784678839,0.000000000,-0.619902508,-0.224603994,0.013448628,0.999764641,0.017023408,0.136435279,0.619756608,-0.021694746,0.784494158,-0.257476541,0.000000000,0.000000000,0.000000000,1.000000000
1790226885749930937,1790226885,749930937,1790226885756981200,RL_calflower1,0.982264215,0.000000000,-0.187502030,-0.207654682,0.004067809,0.999764641,0.021309973,0.135619856,0.187457899,-0.021694746,0.982033031,-0.295053874,0.000000000,0.000000000,0.000000000,1.000000000
1790226885749930937,1790226885,749930937,1790226885756981200,RL_foot,0.752715983,-0.000000000,-0.658345388,-0.196865864,0.014282636,0.999764641,0.016329982,0.135088177,0.658190440,-0.021694746,0.752538824,-0.319555374,0.000000000,0.000000000,0.000000000,1.000000000
1790226885749930937,1790226885,749930937,1790226885756981200,RR_hip,1.000000000,0.000000000,0.000000000,-0.193400000,0.000000000,0.999999745,-0.000714147,-0.046500000,0.000000000,0.000714147,0.999999745,0.000000000,0.000000000,0.000000000,0.000000000,1.000000000
1790226885749930937,1790226885,749930937,1790226885756981200,RR_thigh,0.711836833,-0.000000000,0.702344875,-0.193400000,0.000501578,0.999999745,-0.000508356,-0.141999976,-0.702344696,0.000714147,0.711836651,-0.000068201,0.000000000,0.000000000,0.000000000,1.000000000
1790226885749930937,1790226885,749930937,1790226885756981200,RR_calf,0.779605651,0.000000000,-0.626270732,-0.342999458,-0.000447250,0.999999745,-0.000556753,-0.141891696,0.626270572,0.000714147,0.779605452,-0.151689408,0.000000000,0.000000000,0.000000000,1.000000000
1790226885749930937,1790226885,749930937,1790226885756981200,RR_calflower,0.809931838,-0.000000000,-0.586524014,-0.234719277,-0.000418865,0.999999745,-0.000578411,-0.141818241,0.586523864,0.000714147,0.809931631,-0.254545603,0.000000000,0.000000000,0.000000000,1.000000000
1790226885749930937,1790226885,749930937,1790226885756981200,RR_calflower1,0.989250003,0.000000000,-0.146234166,-0.219357635,-0.000104433,0.999999745,-0.000706470,-0.141790916,0.146234129,0.000714147,0.989249751,-0.292808107,0.000000000,0.000000000,0.000000000,1.000000000
1790226885749930937,1790226885,749930937,1790226885756981200,RR_foot,0.779605651,0.000000000,-0.626270732,-0.209603793,-0.000447250,0.999999745,-0.000556753,-0.141773107,0.626270572,0.000714147,0.779605452,-0.317745369,0.000000000,0.000000000,0.000000000,1.000000000
1790226885779499084,1790226885,779499084,1790226885790407046,FL_hip,1.000000000,-0.000000000,0.000000000,0.193400000,0.000000000,0.987953280,0.154752437,0.046500000,-0.000000000,-0.154752437,0.987953280,0.000000000,0.000000000,0.000000000,0.000000000,1.000000000
1790226885779499084,1790226885,779499084,1790226885790407046,FL_thigh,0.673278804,-0.000000000,0.739388702,0.193400000,-0.114422203,0.987953280,0.104191535,0.140849538,-0.730481493,-0.154752437,0.665168003,-0.014778858,0.000000000,0.000000000,0.000000000,1.000000000
1790226885779499084,1790226885,779499084,1790226885790407046,FL_calf,0.785068098,-0.000000000,-0.619409462,0.035910207,0.095855124,0.987953280,0.121491201,0.118656741,0.611947610,-0.154752437,0.775610602,-0.156459642,0.000000000,0.000000000,0.000000000,1.000000000
1790226885779499084,1790226885,779499084,1790226885790407046,FL_calflower,0.815044538,-0.000000000,-0.579398310,0.143284169,0.089663300,0.987953280,0.126130128,0.102593146,0.572418461,-0.154752437,0.805225924,-0.259011059,0.000000000,0.000000000,0.000000000,1.000000000
1790226885779499084,1790226885,779499084,1790226885790407046,FL_calflower1,0.990494441,0.000000000,-0.137552765,0.158309656,0.021286626,0.987953280,0.153281428,0.096651308,0.135895705,-0.154752437,0.978562231,-0.296944281,0.000000000,0.000000000,0.000000000,1.000000000
1790226885779499084,1790226885,779499084,1790226885790407046,FL_foot,0.785068098,-0.000000000,-0.619409462,0.167844422,0.095855124,0.987953280,0.121491201,0.092779115,0.611947610,-0.154752437,0.775610602,-0.321664701,0.000000000,0.000000000,0.000000000,1.000000000
1790226885779499084,1790226885,779499084,1790226885790407046,FR_hip,1.000000000,0.000000000,0.000000000,0.193400000,0.000000000,0.993008687,-0.118041298,-0.046500000,0.000000000,0.118041298,0.993008687,0.000000000,0.000000000,0.000000000,0.000000000,1.000000000
1790226885779499084,1790226885,779499084,1790226885790407046,FR_thigh,0.706539073,0.000000000,0.707674034,0.193400000,0.083534761,0.993008687,-0.083400789,-0.141332330,-0.702726463,0.118041298,0.701599437,-0.011272944,0.000000000,0.000000000,0.000000000,1.000000000
1790226885779499084,1790226885,779499084,1790226885790407046,FR_calf,0.737380717,0.000000000,-0.675477371,0.042665431,-0.079734225,0.993008687,-0.087041377,-0.123567962,0.670754897,0.118041298,0.732225457,-0.160713624,0.000000000,0.000000000,0.000000000,1.000000000
1790226885779499084,1790226885,779499084,1790226885790407046,FR_calflower,0.770218981,-0.000000000,-0.637779525,0.157383696,-0.075284323,0.993008687,-0.090917648,-0.112280522,0.633320608,0.118041298,0.764834138,-0.255667894,0.000000000,0.000000000,0.000000000,1.000000000
1790226885779499084,1790226885,779499084,1790226885790407046,FR_calflower1,0.977693628,0.000000000,-0.210036114,0.175192687,-0.024792935,0.993008687,-0.115408224,-0.107890973,0.208567686,0.118041298,0.970858266,-0.292594465,0.000000000,0.000000000,0.000000000,1.000000000
1790226885779499084,1790226885,779499084,1790226885790407046,FR_foot,0.737380717,0.000000000,-0.675477371,0.186542111,-0.079734225,0.993008687,-0.087041377,-0.105028148,0.670754897,0.118041298,0.732225457,-0.316677646,0.000000000,0.000000000,0.000000000,1.000000000
1790226885779499084,1790226885,779499084,1790226885790407046,RL_hip,1.000000000,-0.000000000,0.000000000,-0.193400000,0.000000000,0.999766608,0.021603930,0.046500000,-0.000000000,-0.021603930,0.999766608,0.000000000,0.000000000,0.000000000,0.000000000,1.000000000
1790226885779499084,1790226885,779499084,1790226885790407046,RL_thigh,0.738188319,0.000000000,0.674594697,-0.193400000,-0.014573897,0.999766608,0.015947769,0.141977711,-0.674437252,-0.021603930,0.738016032,-0.002063175,0.000000000,0.000000000,0.000000000,1.000000000
1790226885779499084,1790226885,779499084,1790226885790407046,RL_calf,0.752696048,-0.000000000,-0.658368179,-0.337088670,0.014223340,0.999766608,0.016261193,0.138580836,0.658214521,-0.021603930,0.752520375,-0.159260590,0.000000000,0.000000000,0.000000000,1.000000000
1790226885779499084,1790226885,779499084,1790226885790407046,RL_calflower,0.784660069,0.000000000,-0.619926267,-0.224596259,0.013392844,0.999766608,0.016951741,0.136458647,0.619781581,-0.021603930,0.784476935,-0.257469315,0.000000000,0.000000000,0.000000000,1.000000000
1790226885779499084,1790226885,779499084,1790226885790407046,RL_calflower1,0.982258538,0.000000000,-0.187531772,-0.207645809,0.004051423,0.999766608,0.021220645,0.135646649,0.187488003,-0.021603930,0.982029286,-0.295046208,0.000000000,0.000000000,0.000000000,1.000000000
1790226885779499084,1790226885,779499084,1790226885790407046,RL_foot,0.752696048,-0.000000000,-0.658368179,-0.196856248,0.014223340,0.999766608,0.016261193,0.135117202,0.658214521,-0.021603930,0.752520375,-0.319547430,0.000000000,0.000000000,0.000000000,1.000000000
1790226885779499084,1790226885,779499084,1790226885790407046,RR_hip,1.000000000,0.000000000,0.000000000,-0.193400000,0.000000000,0.999999745,-0.000714147,-0.046500000,0.000000000,0.000714147,0.999999745,0.000000000,0.000000000,0.000000000,0.000000000,1.000000000
1790226885779499084,1790226885,779499084,1790226885790407046,RR_thigh,0.711836833,-0.000000000,0.702344875,-0.193400000,0.000501578,0.999999745,-0.000508356,-0.141999976,-0.702344696,0.000714147,0.711836651,-0.000068201,0.000000000,0.000000000,0.000000000,1.000000000
1790226885779499084,1790226885,779499084,1790226885790407046,RR_calf,0.779605651,0.000000000,-0.626270732,-0.342999458,-0.000447250,0.999999745,-0.000556753,-0.141891696,0.626270572,0.000714147,0.779605452,-0.151689408,0.000000000,0.000000000,0.000000000,1.000000000
1790226885779499084,1790226885,779499084,1790226885790407046,RR_calflower,0.809931838,-0.000000000,-0.586524014,-0.234719277,-0.000418865,0.999999745,-0.000578411,-0.141818241,0.586523864,0.000714147,0.809931631,-0.254545603,0.000000000,0.000000000,0.000000000,1.000000000
1790226885779499084,1790226885,779499084,1790226885790407046,RR_calflower1,0.989250003,0.000000000,-0.146234166,-0.219357635,-0.000104433,0.999999745,-0.000706470,-0.141790916,0.146234129,0.000714147,0.989249751,-0.292808107,0.000000000,0.000000000,0.000000000,1.000000000
1790226885779499084,1790226885,779499084,1790226885790407046,RR_foot,0.779605651,0.000000000,-0.626270732,-0.209603793,-0.000447250,0.999999745,-0.000556753,-0.141773107,0.626270572,0.000714147,0.779605452,-0.317745369,0.000000000,0.000000000,0.000000000,1.000000000
1790226885843211762,1790226885,843211762,1790226885856995073,FL_hip,1.000000000,-0.000000000,0.000000000,0.193400000,0.000000000,0.987835859,0.155500208,0.046500000,-0.000000000,-0.155500208,0.987835859,0.000000000,0.000000000,0.000000000,0.000000000,1.000000000
1790226885843211762,1790226885,843211762,1790226885856995073,FL_thigh,0.673278804,-0.000000000,0.739388702,0.193400000,-0.114975097,0.987835859,0.104694994,0.140838325,-0.730394674,-0.155500208,0.665088946,-0.014850270,0.000000000,0.000000000,0.000000000,1.000000000
1790226885843211762,1790226885,843211762,1790226885856995073,FL_calf,0.785028962,0.000000000,-0.619459062,0.035910207,0.096326013,0.987835859,0.122072167,0.118538291,0.611923875,-0.155500208,0.775479759,-0.156514215,0.000000000,0.000000000,0.000000000,1.000000000
1790226885843211762,1790226885,843211762,1790226885856995073,FL_calflower,0.815007929,0.000000000,-0.579449804,0.143290727,0.090104565,0.987835859,0.126733903,0.102398130,0.572401295,-0.155500208,0.805094058,-0.259046742,0.000000000,0.000000000,0.000000000,1.000000000
1790226885843211762,1790226885,843211762,1790226885856995073,FL_calflower1,0.990485748,0.000000000,-0.137615345,0.158318640,0.021399215,0.987835859,0.154020740,0.096427729,0.135941372,-0.155500208,0.978437340,-0.296974517,0.000000000,0.000000000,0.000000000,1.000000000
1790226885843211762,1790226885,843211762,1790226885856995073,FL_foot,0.785028962,0.000000000,-0.619459062,0.167854987,0.096326013,0.987835859,0.122072167,0.092536919,0.611923875,-0.155500208,0.775479759,-0.321691404,0.000000000,0.000000000,0.000000000,1.000000000
1790226885843211762,1790226885,843211762,1790226885856995073,FR_hip,1.000000000,0.000000000,0.000000000,0.193400000,0.000000000,0.993101301,-0.117259566,-0.046500000,0.000000000,0.117259566,0.993101301,0.000000000,0.000000000,0.000000000,0.000000000,1.000000000
1790226885843211762,1790226885,843211762,1790226885856995073,FR_thigh,0.706453357,0.000000000,0.707759602,0.193400000,0.082991584,0.993101301,-0.082838414,-0.141341174,-0.702876982,0.117259566,0.701579748,-0.011198289,0.000000000,0.000000000,0.000000000,1.000000000
1790226885843211762,1790226885,843211762,1790226885856995073,FR_calf,0.737494485,0.000000000,-0.675353155,0.042647205,-0.079191618,0.993101301,-0.086478283,-0.123696592,0.670694097,0.117259566,0.732406733,-0.160634775,0.000000000,0.000000000,0.000000000,1.000000000
1790226885843211762,1790226885,843211762,1790226885856995073,FR_calflower,0.770326399,0.000000000,-0.637649778,0.157349361,-0.074770536,0.993101301,-0.090328139,-0.112481638,0.633250824,0.117259566,0.765012149,-0.255617089,0.000000000,0.000000000,0.000000000,1.000000000
1790226885843211762,1790226885,843211762,1790226885856995073,FR_calflower1,0.977728993,0.000000000,-0.209871426,0.175152088,-0.024609432,0.993101301,-0.114648077,-0.108120808,0.208423586,0.117259566,0.970983935,-0.292550084,0.000000000,0.000000000,0.000000000,1.000000000
1790226885843211762,1790226885,843211762,1790226885856995073,FR_foot,0.737494485,0.000000000,-0.675353155,0.186497427,-0.079191618,0.993101301,-0.086478283,-0.105276718,0.670694097,0.117259566,0.732406733,-0.316637409,0.000000000,0.000000000,0.000000000,1.000000000
1790226885843211762,1790226885,843211762,1790226885856995073,RL_hip,1.000000000,-0.000000000,0.000000000,-0.193400000,0.000000000,0.999769867,0.021452569,0.046500000,-0.000000000,-0.021452569,0.999769867,0.000000000,0.000000000,0.000000000,0.000000000,1.000000000
1790226885843211762,1790226885,843211762,1790226885856995073,RL_thigh,0.738310824,-0.000000000,0.674460620,-0.193400000,-0.014468913,0.999769867,0.015838664,0.141978022,-0.674305404,-0.021452569,0.738140914,-0.002048720,0.000000000,0.000000000,0.000000000,1.000000000
1790226885843211762,1790226885,843211762,1790226885856995073,RL_calf,0.752493250,0.000000000,-0.658599961,-0.337060112,0.014128661,0.999769867,0.016142914,0.138604387,0.658448396,-0.021452569,0.752320077,-0.159272735,0.000000000,0.000000000,0.000000000,1.000000000
1790226885843211762,1790226885,843211762,1790226885856995073,RL_calflower,0.784469108,0.000000000,-0.620167895,-0.224537453,0.013304195,0.999769867,0.016828878,0.136497809,0.620025174,-0.021452569,0.784288576,-0.257447139,0.000000000,0.000000000,0.000000000,1.000000000
1790226885843211762,1790226885,843211762,1790226885856995073,RL_calflower1,0.982200735,0.000000000,-0.187834276,-0.207575428,0.004029528,0.999769867,0.021070729,0.135691612,0.187791049,-0.021452569,0.981974699,-0.295018933,0.000000000,0.000000000,0.000000000,1.000000000
1790226885843211762,1790226885,843211762,1790226885856995073,RL_foot,0.752493250,0.000000000,-0.658599961,-0.196778320,0.014128661,0.999769867,0.016142914,0.135165946,0.658448396,-0.021452569,0.752320077,-0.319516911,0.000000000,0.000000000,0.000000000,1.000000000
1790226885843211762,1790226885,843211762,1790226885856995073,RR_hip,1.000000000,0.000000000,0.000000000,-0.193400000,0.000000000,0.999999599,-0.000895813,-0.046500000,0.000000000,0.000895813,0.999999599,0.000000000,0.000000000,0.000000000,0.000000000,1.000000000
1790226885843211762,1790226885,843211762,1790226885856995073,RR_thigh,0.711666681,0.000000000,0.702517285,-0.193400000,0.000629324,0.999999599,-0.000637520,-0.141999962,-0.702517003,0.000895813,0.711666395,-0.000085550,0.000000000,0.000000000,0.000000000,1.000000000
1790226885843211762,1790226885,843211762,1790226885856995073,RR_calf,0.779895760,0.000000000,-0.625909421,-0.343036182,-0.000560698,0.999999599,-0.000698641,-0.141864170,0.625909170,0.000895813,0.779895447,-0.151670492,0.000000000,0.000000000,0.000000000,1.000000000
1790226885843211762,1790226885,843211762,1790226885856995073,RR_calflower,0.810203526,0.000000000,-0.586148655,-0.234803672,-0.000525080,0.999999599,-0.000725791,-0.141771985,0.586148420,0.000895813,0.810203201,-0.254576835,0.000000000,0.000000000,0.000000000,1.000000000
1790226885843211762,1790226885,843211762,1790226885856995073,RR_calflower1,0.989317657,-0.000000000,-0.145775765,-0.219459761,-0.000130588,0.999999599,-0.000886244,-0.141737703,0.145775706,0.000895813,0.989317260,-0.292846447,0.000000000,0.000000000,0.000000000,1.000000000
1790226885843211762,1790226885,843211762,1790226885856995073,RR_foot,0.779895760,0.000000000,-0.625909421,-0.209717475,-0.000560698,0.999999599,-0.000698641,-0.141715359,0.625909170,0.000895813,0.779895447,-0.317788223,0.000000000,0.000000000,0.000000000,1.000000000
1790226885901611137,1790226885,901611137,1790226885923794348,FL_hip,1.000000000,-0.000000000,0.000000000,0.193400000,0.000000000,0.987679996,0.156487144,0.046500000,-0.000000000,-0.156487144,0.987679996,0.000000000,0.000000000,0.000000000,0.000000000,1.000000000
1790226885901611137,1790226885,901611137,1790226885923794348,FL_thigh,0.673435505,-0.000000000,0.739245981,0.193400000,-0.115682492,0.987679996,0.105383999,0.140823440,-0.730138467,-0.156487144,0.665138777,-0.014944522,0.000000000,0.000000000,0.000000000,1.000000000
1790226885901611137,1790226885,901611137,1790226885923794348,FL_calf,0.784897647,0.000000000,-0.619625438,0.035940606,0.096963415,0.987679996,0.122826391,0.118376648,0.611991650,-0.156487144,0.775227705,-0.156619082,0.000000000,0.000000000,0.000000000,1.000000000
1790226885901611137,1790226885,901611137,1790226885923794348,FL_calflower,0.814885094,0.000000000,-0.579622535,0.143343124,0.090703475,0.987679996,0.127519041,0.102137610,0.572481583,-0.156487144,0.804845706,-0.259112949,0.000000000,0.000000000,0.000000000,1.000000000
1790226885901611137,1790226885,901611137,1790226885923794348,FL_calflower1,0.990456558,0.000000000,-0.137825279,0.158379174,0.021567884,0.987679996,0.154993718,0.096129814,0.136127271,-0.156487144,0.978254128,-0.297031593,0.000000000,0.000000000,0.000000000,1.000000000
1790226885901611137,1790226885,901611137,1790226885923794348,FL_foot,0.784897647,0.000000000,-0.619625438,0.167920824,0.096963415,0.987679996,0.122826391,0.092214627,0.611991650,-0.156487144,0.775227705,-0.321742583,0.000000000,0.000000000,0.000000000,1.000000000
1790226885901611137,1790226885,901611137,1790226885923794348,FR_hip,1.000000000,0.000000000,0.000000000,0.193400000,0.000000000,0.993221486,-0.116237174,-0.046500000,0.000000000,0.116237174,0.993221486,0.000000000,0.000000000,0.000000000,0.000000000,1.000000000
1790226885901611137,1790226885,901611137,1790226885923794348,FR_thigh,0.706346239,0.000000000,0.707866506,0.193400000,0.082280402,0.993221486,-0.082103691,-0.141352652,-0.703068223,0.116237174,0.701558261,-0.011100650,0.000000000,0.000000000,0.000000000,1.000000000
1790226885901611137,1790226885,901611137,1790226885923794348,FR_calf,0.737650048,-0.000000000,-0.675183239,0.042624434,-0.078481392,0.993221486,-0.085742357,-0.123864566,0.670606500,0.116237174,0.732649877,-0.160532560,0.000000000,0.000000000,0.000000000,1.000000000
1790226885901611137,1790226885,901611137,1790226885923794348,FR_calflower,0.770473275,0.000000000,-0.637472299,0.157304555,-0.074097979,0.993221486,-0.089557636,-0.112744325,0.633151184,0.116237174,0.765250611,-0.255552611,0.000000000,0.000000000,0.000000000,1.000000000
1790226885901611137,1790226885,901611137,1790226885923794348,FR_calflower1,0.977777316,0.000000000,-0.209646179,0.175098714,-0.024368679,0.993221486,-0.113654072,-0.108421040,0.208225089,0.116237174,0.971149438,-0.292494148,0.000000000,0.000000000,0.000000000,1.000000000
1790226885901611137,1790226885,901611137,1790226885923794348,FR_foot,0.737650048,-0.000000000,-0.675183239,0.186438464,-0.078481392,0.993221486,-0.085742357,-0.105601444,0.670606500,0.116237174,0.732649877,-0.316586983,0.000000000,0.000000000,0.000000000,1.000000000
1790226885901611137,1790226885,901611137,1790226885923794348,RL_hip,1.000000000,-0.000000000,0.000000000,-0.193400000,0.000000000,0.999767262,0.021573658,0.046500000,-0.000000000,-0.021573658,0.999767262,0.000000000,0.000000000,0.000000000,0.000000000,1.000000000
1790226885901611137,1790226885,901611137,1790226885923794348,RL_thigh,0.738617079,-0.000000000,0.674125219,-0.193400000,-0.014543347,0.999767262,0.015934672,0.141977773,-0.673968324,-0.021573658,0.738445175,-0.002060284,0.000000000,0.000000000,0.000000000,1.000000000
1790226885901611137,1790226885,901611137,1790226885923794348,RL_calf,0.752079583,-0.000000000,-0.659072303,-0.336988672,0.014218600,0.999767262,0.016225108,0.138583688,0.658918912,-0.021573658,0.751904545,-0.159349107,0.000000000,0.000000000,0.000000000,1.000000000
1790226885901611137,1790226885,901611137,1790226885923794348,RL_calflower,0.784079566,0.000000000,-0.620660322,-0.224404379,0.013389913,0.999767262,0.016915464,0.136466744,0.620515870,-0.021573658,0.783897080,-0.257452601,0.000000000,0.000000000,0.000000000,1.000000000
1790226885901611137,1790226885,901611137,1790226885923794348,RL_calflower1,0.982082605,0.000000000,-0.188450939,-0.207418762,0.004065576,0.999767262,0.021187114,0.135656227,0.188407079,-0.021573658,0.981854037,-0.295013643,0.000000000,0.000000000,0.000000000,1.000000000
1790226885901611137,1790226885,901611137,1790226885923794348,RL_foot,0.752079583,-0.000000000,-0.659072303,-0.196606271,0.014218600,0.999767262,0.016225108,0.135127740,0.658918912,-0.021573658,0.751904545,-0.319504775,0.000000000,0.000000000,0.000000000,1.000000000
1790226885901611137,1790226885,901611137,1790226885923794348,RR_hip,1.000000000,0.000000000,0.000000000,-0.193400000,0.000000000,0.999999599,-0.000895813,-0.046500000,0.000000000,0.000895813,0.999999599,0.000000000,0.000000000,0.000000000,0.000000000,1.000000000
1790226885901611137,1790226885,901611137,1790226885923794348,RR_thigh,0.711475210,0.000000000,0.702711197,-0.193400000,0.000629498,0.999999599,-0.000637349,-0.141999962,-0.702710915,0.000895813,0.711474924,-0.000085550,0.000000000,0.000000000,0.000000000,1.000000000
1790226885901611137,1790226885,901611137,1790226885923794348,RR_calf,0.780145357,0.000000000,-0.625598291,-0.343077485,-0.000560419,0.999999599,-0.000698864,-0.141864206,0.625598040,0.000895813,0.780145044,-0.151629709,0.000000000,0.000000000,0.000000000,1.000000000
1790226885901611137,1790226885,901611137,1790226885923794348,RR_calflower,0.810437261,0.000000000,-0.585825439,-0.234886031,-0.000524790,0.999999599,-0.000726000,-0.141771983,0.585825204,0.000895813,0.810436936,-0.254579215,0.000000000,0.000000000,0.000000000,1.000000000
1790226885901611137,1790226885,901611137,1790226885923794348,RR_calflower1,0.989375724,0.000000000,-0.145381140,-0.219557386,-0.000130234,0.999999599,-0.000886296,-0.141737695,0.145381082,0.000895813,0.989375327,-0.292854944,0.000000000,0.000000000,0.000000000,1.000000000
1790226885901611137,1790226885,901611137,1790226885923794348,RR_foot,0.780145357,0.000000000,-0.625598291,-0.209825049,-0.000560419,0.999999599,-0.000698864,-0.141715348,0.625598040,0.000895813,0.780145044,-0.317800603,0.000000000,0.000000000,0.000000000,1.000000000
1790226886450044118,1790226886,450044118,1790226886457002047,FL_hip,1.000000000,-0.000000000,0.000000000,0.193400000,0.000000000,0.992547447,0.121858792,0.046500000,-0.000000000,-0.121858792,0.992547447,0.000000000,0.000000000,0.000000000,0.000000000,1.000000000
1790226886450044118,1790226886,450044118,1790226886457002047,FL_thigh,0.679700536,-0.000000000,0.733489728,0.193400000,-0.089382172,0.992547447,0.082827486,0.141288281,-0.728023357,-0.121858792,0.674635032,-0.011637515,0.000000000,0.000000000,0.000000000,1.000000000
1790226886450044118,1790226886,450044118,1790226886457002047,FL_calf,0.765018492,-0.000000000,-0.644008313,0.037166688,0.078478075,0.992547447,0.093224229,0.123646027,0.639208807,-0.121858792,0.759317151,-0.155334776,0.000000000,0.000000000,0.000000000,1.000000000
1790226886450044118,1790226886,450044118,1790226886457002047,FL_calflower,0.796249418,0.000000000,-0.604968482,0.147780288,0.073720728,0.992547447,0.097029992,0.111418402,0.600459922,-0.121858792,0.790315327,-0.254929539,0.000000000,0.000000000,0.000000000,1.000000000
1790226886450044118,1790226886,450044118,1790226886457002047,FL_calflower1,0.985631038,0.000000000,-0.168912572,0.164016533,0.020583482,0.992547447,0.120107807,0.106799995,0.167653742,-0.121858792,0.978285571,-0.292546751,0.000000000,0.000000000,0.000000000,1.000000000
1790226886450044118,1790226886,450044118,1790226886457002047,FL_foot,0.765018492,-0.000000000,-0.644008313,0.174340459,0.078478075,0.992547447,0.093224229,0.103789266,0.639208807,-0.121858792,0.759317151,-0.317069330,0.000000000,0.000000000,0.000000000,1.000000000
1790226886450044118,1790226886,450044118,1790226886457002047,FR_hip,1.000000000,0.000000000,0.000000000,0.193400000,0.000000000,0.994000232,-0.109377962,-0.046500000,0.000000000,0.109377962,0.994000232,0.000000000,0.000000000,0.000000000,0.000000000,1.000000000
1790226886450044118,1790226886,450044118,1790226886457002047,FR_thigh,0.634088770,0.000000000,0.773260262,0.193400000,0.084577632,0.994000232,-0.069355337,-0.141427022,-0.768620880,0.109377962,0.630284384,-0.010445595,0.000000000,0.000000000,0.000000000,1.000000000
1790226886450044118,1790226886,450044118,1790226886457002047,FR_calf,0.427076146,0.000000000,-0.904215663,0.028695564,-0.098901267,0.994000232,-0.046712719,-0.126654335,0.898790579,0.109377962,0.424513788,-0.144696169,0.000000000,0.000000000,0.000000000,1.000000000
1790226886450044118,1790226886,450044118,1790226886457002047,FR_calflower,0.471734360,0.000000000,-0.881740718,0.171061005,-0.096443003,0.994000232,-0.051597343,-0.121718878,0.876450478,0.109377962,0.468904063,-0.189548398,0.000000000,0.000000000,0.000000000,1.000000000
1790226886450044118,1790226886,450044118,1790226886457002047,FR_calflower1,0.825595484,-0.000000000,-0.564262436,0.201613290,-0.061717875,0.994000232,-0.090301952,-0.118690555,0.560876993,0.109377962,0.820642102,-0.217069066,0.000000000,0.000000000,0.000000000,1.000000000
1790226886450044118,1790226886,450044118,1790226886457002047,FR_foot,0.427076146,0.000000000,-0.904215663,0.221293501,-0.098901267,0.994000232,-0.046712719,-0.116704526,0.898790579,0.109377962,0.424513788,-0.235117606,0.000000000,0.000000000,0.000000000,1.000000000
1790226886450044118,1790226886,450044118,1790226886457002047,RL_hip,1.000000000,-0.000000000,0.000000000,-0.193400000,0.000000000,0.996243716,0.086593641,0.046500000,-0.000000000,-0.086593641,0.996243716,0.000000000,0.000000000,0.000000000,0.000000000,1.000000000
1790226886450044118,1790226886,450044118,1790226886457002047,RL_thigh,0.588878928,-0.000000000,0.808221262,-0.193400000,-0.069986822,0.996243716,0.050993170,0.141641275,-0.805185353,-0.086593641,0.586666931,-0.008269693,0.000000000,0.000000000,0.000000000,1.000000000
1790226886450044118,1790226886,450044118,1790226886457002047,RL_calf,0.540209816,0.000000000,-0.841530365,-0.365551129,0.072871178,0.996243716,0.046778735,0.130779730,0.838369338,-0.086593641,0.538180634,-0.133229749,0.000000000,0.000000000,0.000000000,1.000000000
1790226886450044118,1790226886,450044118,1790226886457002047,RL_calflower,0.581593683,0.000000000,-0.813479433,-0.230200438,0.070442146,0.996243716,0.050362315,0.125313900,0.810423773,-0.086593641,0.579409052,-0.196113096,0.000000000,0.000000000,0.000000000,1.000000000
1790226886450044118,1790226886,450044118,1790226886457002047,RL_calflower1,0.891518506,0.000000000,-0.452984276,-0.203477198,0.039225558,0.996243716,0.077199833,0.122594986,0.451282738,-0.086593641,0.888169709,-0.227393696,0.000000000,0.000000000,0.000000000,1.000000000
1790226886450044118,1790226886,450044118,1790226886457002047,RL_foot,0.540209816,0.000000000,-0.841530365,-0.186305161,0.072871178,0.996243716,0.046778735,0.120815859,0.838369338,-0.086593641,0.538180634,-0.247862224,0.000000000,0.000000000,0.000000000,1.000000000
1790226886450044118,1790226886,450044118,1790226886457002047,RR_hip,1.000000000,0.000000000,0.000000000,-0.193400000,0.000000000,0.999774391,-0.021240716,-0.046500000,0.000000000,0.021240716,0.999774391,0.000000000,0.000000000,0.000000000,0.000000000,1.000000000
1790226886450044118,1790226886,450044118,1790226886457002047,RR_thigh,0.719134358,0.000000000,0.694871049,-0.193400000,0.014759558,0.999774391,-0.015274928,-0.141978454,-0.694714279,0.021240716,0.718972115,-0.002028488,0.000000000,0.000000000,0.000000000,1.000000000
1790226886450044118,1790226886,450044118,1790226886457002047,RR_calf,0.773642348,-0.000000000,-0.633622535,-0.341407533,-0.013458596,0.999774391,-0.016432717,-0.138724895,0.633479584,0.021240716,0.773467807,-0.155169549,0.000000000,0.000000000,0.000000000,1.000000000
1790226886450044118,1790226886,450044118,1790226886457002047,RR_calflower,0.804343425,0.000000000,-0.594164670,-0.232158551,-0.012620483,0.999774391,-0.017084830,-0.136562024,0.594030621,0.021240716,0.804161957,-0.256973193,0.000000000,0.000000000,0.000000000,1.000000000
1790226886450044118,1790226886,450044118,1790226886457002047,RR_calflower1,0.987821405,-0.000000000,-0.155592002,-0.216435399,-0.003304885,0.999774391,-0.020982034,-0.135752426,0.155556899,0.021240716,0.987598544,-0.295079977,0.000000000,0.000000000,0.000000000,1.000000000
1790226886450044118,1790226886,450044118,1790226886457002047,RR_foot,0.773642348,-0.000000000,-0.633622535,-0.206445933,-0.013458596,0.999774391,-0.016432717,-0.135224726,0.633479584,0.021240716,0.773467807,-0.319918192,0.000000000,0.000000000,0.000000000,1.000000000
1790226886517033885,1790226886,517033885,1790226886524059468,FL_hip,1.000000000,-0.000000000,0.000000000,0.193400000,0.000000000,0.994448567,0.105223795,0.046500000,-0.000000000,-0.105223795,0.994448567,0.000000000,0.000000000,0.000000000,0.000000000,1.000000000
1790226886517033885,1790226886,517033885,1790226886524059468,FL_thigh,0.688599645,0.000000000,0.725141730,0.193400000,-0.076302165,0.994448567,0.072457068,0.141469838,-0.721116155,-0.105223795,0.684776930,-0.010048872,0.000000000,0.000000000,0.000000000,1.000000000
1790226886517033885,1790226886,517033885,1790226886524059468,FL_calf,0.758278856,0.000000000,-0.651930346,0.038944811,0.068598585,0.994448567,0.079788979,0.126036483,0.648311198,-0.105223795,0.754069322,-0.155906359,0.000000000,0.000000000,0.000000000,1.000000000
1790226886517033885,1790226886,517033885,1790226886524059468,FL_calflower,0.789914142,0.000000000,-0.613217455,0.150596080,0.064525068,0.994448567,0.083117764,0.115599685,0.609813220,-0.105223795,0.785528987,-0.254542394,0.000000000,0.000000000,0.000000000,1.000000000
1790226886517033885,1790226886,517033885,1790226886524059468,FL_calflower1,0.983820885,0.000000000,-0.179154868,0.167225637,0.018851355,0.994448567,0.103521367,0.111629724,0.178160302,-0.105223795,0.978359269,-0.292061686,0.000000000,0.000000000,0.000000000,1.000000000
1790226886517033885,1790226886,517033885,1790226886524059468,FL_foot,0.758278856,0.000000000,-0.651930346,0.177805975,0.068598585,0.994448567,0.079788979,0.109041430,0.648311198,-0.105223795,0.754069322,-0.316523124,0.000000000,0.000000000,0.000000000,1.000000000
1790226886517033885,1790226886,517033885,1790226886524059468,FR_hip,1.000000000,0.000000000,0.000000000,0.193400000,0.000000000,0.994368636,-0.105976490,-0.046500000,0.000000000,0.105976490,0.994368636,0.000000000,0.000000000,0.000000000,0.000000000,1.000000000
1790226886517033885,1790226886,517033885,1790226886524059468,FR_thigh,0.648399688,0.000000000,0.761300102,0.193400000,0.080679912,0.994368636,-0.068715123,-0.141462205,-0.757012943,0.105976490,0.644748313,-0.010120755,0.000000000,0.000000000,0.000000000,1.000000000
1790226886517033885,1790226886,517033885,1790226886524059468,FR_calf,0.479449091,0.000000000,-0.877569695,0.031243078,-0.093001756,0.994368636,-0.050810332,-0.126825884,0.872627780,0.105976490,0.476749138,-0.147452145,0.000000000,0.000000000,0.000000000,1.000000000
1790226886517033885,1790226886,517033885,1790226886524059468,FR_calflower,0.522710109,-0.000000000,-0.852510494,0.170712375,-0.090346070,0.994368636,-0.055394982,-0.121165990,0.847709697,0.105976490,0.519766538,-0.200558462,0.000000000,0.000000000,0.000000000,1.000000000
1790226886517033885,1790226886,517033885,1790226886524059468,FR_calflower1,0.857312806,-0.000000000,-0.514795837,0.199585694,-0.054556256,0.994368636,-0.090855002,-0.118046730,0.511896834,0.105976490,0.852484965,-0.229826221,0.000000000,0.000000000,0.000000000,1.000000000
1790226886517033885,1790226886,517033885,1790226886524059468,FR_foot,0.479449091,0.000000000,-0.877569695,0.218165423,-0.093001756,0.994368636,-0.050810332,-0.116003283,0.872627780,0.105976490,0.476749138,-0.248999712,0.000000000,0.000000000,0.000000000,1.000000000
1790226886517033885,1790226886,517033885,1790226886524059468,RL_hip,1.000000000,-0.000000000,0.000000000,-0.193400000,0.000000000,0.998073244,0.062046761,0.046500000,-0.000000000,-0.062046761,0.998073244,0.000000000,0.000000000,0.000000000,0.000000000,1.000000000
1790226886517033885,1790226886,517033885,1790226886524059468,RL_thigh,0.602255677,0.000000000,0.798303263,-0.193400000,-0.049532132,0.998073244,0.037368014,0.141815995,-0.796765127,-0.062046761,0.601095277,-0.005925466,0.000000000,0.000000000,0.000000000,1.000000000
1790226886517033885,1790226886,517033885,1790226886524059468,RL_calf,0.562726857,0.000000000,-0.826642900,-0.363438595,0.051290515,0.998073244,0.034915379,0.133856608,0.825050160,-0.062046761,0.561642620,-0.133958760,0.000000000,0.000000000,0.000000000,1.000000000
1790226886517033885,1790226886,517033885,1790226886524059468,RL_calflower,0.603338521,-0.000000000,-0.797485191,-0.229840909,0.049481373,0.998073244,0.037435201,0.129714942,0.795948631,-0.062046761,0.602176034,-0.200580864,0.000000000,0.000000000,0.000000000,1.000000000
1790226886517033885,1790226886,517033885,1790226886524059468,RL_calflower1,0.903420258,0.000000000,-0.428756151,-0.203974886,0.026602931,0.998073244,0.056054301,0.127722720,0.427930042,-0.062046761,0.901679588,-0.232627392,0.000000000,0.000000000,0.000000000,1.000000000
1790226886517033885,1790226886,517033885,1790226886524059468,RL_foot,0.562726857,0.000000000,-0.826642900,-0.187363657,0.051290515,0.998073244,0.034915379,0.126419632,0.825050160,-0.062046761,0.561642620,-0.253588638,0.000000000,0.000000000,0.000000000,1.000000000
1790226886517033885,1790226886,517033885,1790226886524059468,RR_hip,1.000000000,0.000000000,0.000000000,-0.193400000,0.000000000,0.999307086,-0.037220250,-0.046500000,0.000000000,0.037220250,0.999307086,0.000000000,0.000000000,0.000000000,0.000000000,1.000000000
1790226886517033885,1790226886,517033885,1790226886524059468,RR_thigh,0.724936778,-0.000000000,0.688815409,-0.193400000,0.025637881,0.999307086,-0.026982328,-0.141933827,-0.688338120,0.037220250,0.724434459,-0.003554534,0.000000000,0.000000000,0.000000000,1.000000000
1790226886517033885,1790226886,517033885,1790226886524059468,RR_calf,0.766579425,0.000000000,-0.642149504,-0.340117682,-0.023900965,0.999307086,-0.028532278,-0.136186591,0.641704550,0.037220250,0.766048252,-0.157859074,0.000000000,0.000000000,0.000000000,1.000000000
1790226886517033885,1790226886,517033885,1790226886524059468,RR_calflower,0.797715499,0.000000000,-0.603033981,-0.229747967,-0.022445075,0.999307086,-0.029691170,-0.132441833,0.602616131,0.037220250,0.797162751,-0.258400124,0.000000000,0.000000000,0.000000000,1.000000000
1790226886517033885,1790226886,517033885,1790226886524059468,RR_calflower1,0.986038132,-0.000000000,-0.166519674,-0.213603763,-0.006197904,0.999307086,-0.036700585,-0.131029736,0.166404291,0.037220250,0.985354893,-0.296312795,0.000000000,0.000000000,0.000000000,1.000000000
1790226886517033885,1790226886,517033885,1790226886524059468,RR_foot,0.766579425,0.000000000,-0.642149504,-0.203339838,-0.023900965,0.999307086,-0.028532278,-0.130109216,0.641704550,0.037220250,0.766048252,-0.321027351,0.000000000,0.000000000,0.000000000,1.000000000
1790226886581334663,1790226886,581334663,1790226886590480900,FL_hip,1.000000000,-0.000000000,0.000000000,0.193400000,0.000000000,0.996553841,0.082948435,0.046500000,-0.000000000,-0.082948435,0.996553841,0.000000000,0.000000000,0.000000000,0.000000000,1.000000000
1790226886581334663,1790226886,581334663,1790226886590480900,FL_thigh,0.698025239,0.000000000,0.716073157,0.193400000,-0.059397148,0.996553841,0.057900101,0.141670892,-0.713605454,-0.082948435,0.695619733,-0.007921576,0.000000000,0.000000000,0.000000000,1.000000000
1790226886581334663,1790226886,581334663,1790226886590480900,FL_calf,0.748032894,-0.000000000,-0.663661653,0.040876418,0.055049695,0.996553841,0.062048158,0.129338170,0.661374569,-0.082948435,0.745455053,-0.156088579,0.000000000,0.000000000,0.000000000,1.000000000
1790226886581334663,1790226886,581334663,1790226886590480900,FL_calflower,0.780267306,0.000000000,-0.625446186,0.154059000,0.051879782,0.996553841,0.064721952,0.121256037,0.623290799,-0.082948435,0.777578380,-0.253188435,0.000000000,0.000000000,0.000000000,1.000000000
1790226886581334663,1790226886,581334663,1790226886590480900,FL_calflower1,0.980911163,-0.000000000,-0.194456398,0.171274175,0.016129854,0.996553841,0.081365046,0.118148361,0.193786271,-0.082948435,0.977530786,-0.290524478,0.000000000,0.000000000,0.000000000,1.000000000
1790226886581334663,1790226886,581334663,1790226886590480900,FL_foot,0.748032894,-0.000000000,-0.663661653,0.182236350,0.055049695,0.996553841,0.062048158,0.116121913,0.661374569,-0.082948435,0.745455053,-0.314870505,0.000000000,0.000000000,0.000000000,1.000000000
1790226886581334663,1790226886,581334663,1790226886590480900,FR_hip,1.000000000,0.000000000,0.000000000,0.193400000,0.000000000,0.996641183,-0.081892322,-0.046500000,0.000000000,0.081892322,0.996641183,0.000000000,0.000000000,0.000000000,0.000000000,1.000000000
1790226886581334663,1790226886,581334663,1790226886590480900,FR_thigh,0.734948953,0.000000000,0.678122435,0.193400000,0.055533021,0.996641183,-0.060186676,-0.141679233,-0.675844745,0.081892322,0.732480394,-0.007820717,0.000000000,0.000000000,0.000000000,1.000000000
1790226886581334663,1790226886,581334663,1790226886590480900,FR_calf,0.630446111,0.000000000,-0.776233020,0.048959921,-0.063567524,0.996641183,-0.051628696,-0.128859471,0.773625796,0.081892322,0.628328557,-0.163839041,0.000000000,0.000000000,0.000000000,1.000000000
1790226886581334663,1790226886,581334663,1790226886590480900,FR_calflower,0.668453699,0.000000000,-0.743753758,0.176451331,-0.060907722,0.996641183,-0.054741226,-0.122489774,0.741255625,0.081892322,0.666208485,-0.241359151,0.000000000,0.000000000,0.000000000,1.000000000
1790226886581334663,1790226886,581334663,1790226886590480900,FR_calflower1,0.936365034,0.000000000,-0.351027810,0.199516944,-0.028746482,0.996641183,-0.076681107,-0.119691048,0.349848771,0.081892322,0.933219955,-0.275420047,0.000000000,0.000000000,0.000000000,1.000000000
1790226886581334663,1790226886,581334663,1790226886590480900,FR_foot,0.630446111,0.000000000,-0.776233020,0.214297555,-0.063567524,0.996641183,-0.051628696,-0.117862559,0.773625796,0.081892322,0.628328557,-0.297673023,0.000000000,0.000000000,0.000000000,1.000000000
1790226886581334663,1790226886,581334663,1790226886590480900,RL_hip,1.000000000,-0.000000000,0.000000000,-0.193400000,0.000000000,0.999886515,0.015065100,0.046500000,-0.000000000,-0.015065100,0.999886515,0.000000000,0.000000000,0.000000000,0.000000000,1.000000000
1790226886581334663,1790226886,581334663,1790226886590480900,RL_thigh,0.691999121,0.000000000,0.721898343,-0.193400000,-0.010875471,0.999886515,0.010425036,0.141989162,-0.721816418,-0.015065100,0.691920589,-0.001438717,0.000000000,0.000000000,0.000000000,1.000000000
1790226886581334663,1790226886,581334663,1790226886590480900,RL_calf,0.691210943,0.000000000,-0.722653051,-0.347164347,0.010886841,0.999886515,0.010413162,0.139768630,0.722571041,-0.015065100,0.691132501,-0.148817803,0.000000000,0.000000000,0.000000000,1.000000000
1790226886581334663,1790226886,581334663,1790226886590480900,RL_calflower,0.726464709,0.000000000,-0.687203774,-0.226387477,0.010352794,0.999886515,0.010944264,0.138445218,0.687125787,-0.015065100,0.726382266,-0.236653992,0.000000000,0.000000000,0.000000000,1.000000000
1790226886581334663,1790226886,581334663,1790226886590480900,RL_calflower1,0.961706900,0.000000000,-0.274079984,-0.206163973,0.004129042,0.999886515,0.014488211,0.137903920,0.274048880,-0.015065100,0.961597761,-0.272580540,0.000000000,0.000000000,0.000000000,1.000000000
1790226886581334663,1790226886,581334663,1790226886590480900,RL_foot,0.691210943,0.000000000,-0.722653051,-0.193239247,0.010886841,0.999886515,0.010413162,0.137550626,0.722571041,-0.015065100,0.691132501,-0.296029025,0.000000000,0.000000000,0.000000000,1.000000000
1790226886581334663,1790226886,581334663,1790226886590480900,RR_hip,1.000000000,0.000000000,0.000000000,-0.193400000,0.000000000,0.999098418,-0.042454097,-0.046500000,0.000000000,0.042454097,0.999098418,0.000000000,0.000000000,0.000000000,0.000000000,1.000000000
1790226886581334663,1790226886,581334663,1790226886590480900,RR_thigh,0.734254246,0.000000000,0.678874585,-0.193400000,0.028821008,0.999098418,-0.031172101,-0.141913899,-0.678262524,0.042454097,0.733592256,-0.004054366,0.000000000,0.000000000,0.000000000,1.000000000
1790226886581334663,1790226886,581334663,1790226886590480900,RR_calf,0.757088850,0.000000000,-0.653311926,-0.338000287,-0.027735768,0.999098418,-0.032141524,-0.135274241,0.652722912,0.042454097,0.756406273,-0.160309517,0.000000000,0.000000000,0.000000000,1.000000000
1790226886581334663,1790226886,581334663,1790226886590480900,RR_calflower,0.788794674,-0.000000000,-0.614656785,-0.226168344,-0.026094699,0.999098418,-0.033487566,-0.131072011,0.614102621,0.042454097,0.788083511,-0.259203187,0.000000000,0.000000000,0.000000000,1.000000000
1790226886581334663,1790226886,581334663,1790226886590480900,RR_calflower1,0.983492574,0.000000000,-0.180948493,-0.209470020,-0.007682005,0.999098418,-0.041753289,-0.129471562,0.180785353,0.042454097,0.982605875,-0.296867554,0.000000000,0.000000000,0.000000000,1.000000000
1790226886581334663,1790226886,581334663,1790226886590480900,RR_foot,0.757088850,0.000000000,-0.653311926,-0.198844846,-0.027735768,0.999098418,-0.032141524,-0.128428097,0.652722912,0.042454097,0.756406273,-0.321424053,0.000000000,0.000000000,0.000000000,1.000000000
1790226886719474925,1790226886,719474925,1790226886723707742,FL_hip,1.000000000,-0.000000000,0.000000000,0.193400000,0.000000000,0.998018054,0.062928242,0.046500000,-0.000000000,-0.062928242,0.998018054,0.000000000,0.000000000,0.000000000,0.000000000,1.000000000
1790226886719474925,1790226886,719474925,1790226886723707742,FL_thigh,0.660168541,0.000000000,0.751117499,0.193400000,-0.047266504,0.998018054,0.041543246,0.141810724,-0.749628825,-0.062928242,0.658860123,-0.006009647,0.000000000,0.000000000,0.000000000,1.000000000
1790226886719474925,1790226886,719474925,1790226886723707742,FL_calf,0.530989803,-0.000000000,-0.847378209,0.033411973,0.053324021,0.998018054,0.033414255,0.132962013,0.845698751,-0.062928242,0.529937410,-0.146346853,0.000000000,0.000000000,0.000000000,1.000000000
1790226886719474925,1790226886,719474925,1790226886723707742,FL_calflower,0.572677463,0.000000000,-0.819780777,0.169443744,0.051587363,0.998018054,0.036037586,0.129083184,0.818156016,-0.062928242,0.571542448,-0.207863615,0.000000000,0.000000000,0.000000000,1.000000000
1790226886719474925,1790226886,719474925,1790226886723707742,FL_calflower1,0.886519694,0.000000000,-0.462690861,0.196508200,0.029116322,0.998018054,0.055787126,0.127125806,0.461773832,-0.062928242,0.884762660,-0.238906873,0.000000000,0.000000000,0.000000000,1.000000000
1790226886719474925,1790226886,719474925,1790226886723707742,FL_foot,0.530989803,-0.000000000,-0.847378209,0.213903531,0.053324021,0.998018054,0.033414255,0.125844777,0.845698751,-0.062928242,0.529937410,-0.259223522,0.000000000,0.000000000,0.000000000,1.000000000
1790226886719474925,1790226886,719474925,1790226886723707742,FR_hip,1.000000000,0.000000000,0.000000000,0.193400000,0.000000000,0.995773215,-0.091846095,-0.046500000,0.000000000,0.091846095,0.995773215,0.000000000,0.000000000,0.000000000,0.000000000,1.000000000
1790226886719474925,1790226886,719474925,1790226886723707742,FR_thigh,0.783937236,0.000000000,0.620840085,0.193400000,0.057021737,0.995773215,-0.072001574,-0.141596342,-0.618215927,0.091846095,0.780623701,-0.008771302,0.000000000,0.000000000,0.000000000,1.000000000
1790226886719474925,1790226886,719474925,1790226886723707742,FR_calf,0.677210621,0.000000000,-0.735789219,0.061161062,-0.067579366,0.995773215,-0.062199151,-0.126260007,0.732679196,0.091846095,0.674348197,-0.175044150,0.000000000,0.000000000,0.000000000,1.000000000
1790226886719474925,1790226886,719474925,1790226886723707742,FR_calflower,0.713138418,0.000000000,-0.701023250,0.183602079,-0.064386248,0.995773215,-0.065498979,-0.118406120,0.698060175,0.091846095,0.710124135,-0.260194100,0.000000000,0.000000000,0.000000000,1.000000000
1790226886719474925,1790226886,719474925,1790226886723707742,FR_calflower1,0.956268094,0.000000000,-0.292491592,0.204511625,-0.026864211,0.995773215,-0.087829490,-0.115142298,0.291255293,0.091846095,0.952226154,-0.295579667,0.000000000,0.000000000,0.000000000,1.000000000
1790226886719474925,1790226886,719474925,1790226886723707742,FR_foot,0.677210621,0.000000000,-0.735789219,0.217884166,-0.067579366,0.995773215,-0.062199151,-0.113011588,0.732679196,0.091846095,0.674348197,-0.318680316,0.000000000,0.000000000,0.000000000,1.000000000
1790226886719474925,1790226886,719474925,1790226886723707742,RL_hip,1.000000000,-0.000000000,0.000000000,-0.193400000,0.000000000,0.999799383,0.020029815,0.046500000,-0.000000000,-0.020029815,0.999799383,0.000000000,0.000000000,0.000000000,0.000000000,1.000000000
1790226886719474925,1790226886,719474925,1790226886723707742,RL_thigh,0.730233303,0.000000000,0.683197866,-0.193400000,-0.013684327,0.999799383,0.014626438,0.141980841,-0.683060805,-0.020029815,0.730086806,-0.001912847,0.000000000,0.000000000,0.000000000,1.000000000
1790226886719474925,1790226886,719474925,1790226886723707742,RL_calf,0.735953493,0.000000000,-0.677032094,-0.338921145,0.013560827,0.999799383,0.014741012,0.138865410,0.676896270,-0.020029815,0.735805848,-0.157421337,0.000000000,0.000000000,0.000000000,1.000000000
1790226886719474925,1790226886,719474925,1790226886723707742,RL_calflower,0.768871244,-0.000000000,-0.639403636,-0.224001326,0.012807136,0.999799383,0.015400348,0.136954957,0.639275361,-0.020029815,0.768716996,-0.252782677,0.000000000,0.000000000,0.000000000,1.000000000
1790226886719474925,1790226886,719474925,1790226886723707742,RL_calflower1,0.977248174,0.000000000,-0.212099049,-0.206113893,0.004248305,0.999799383,0.019574100,0.136210871,0.212056499,-0.020029815,0.977052121,-0.289924110,0.000000000,0.000000000,0.000000000,1.000000000
1790226886719474925,1790226886,719474925,1790226886723707742,RL_foot,0.735953493,0.000000000,-0.677032094,-0.194713309,0.013560827,0.999799383,0.014741012,0.135725574,0.676896270,-0.020029815,0.735805848,-0.314147983,0.000000000,0.000000000,0.000000000,1.000000000
1790226886719474925,1790226886,719474925,1790226886723707742,RR_hip,1.000000000,0.000000000,0.000000000,-0.193400000,0.000000000,0.999344873,-0.036191508,-0.046500000,0.000000000,0.036191508,0.999344873,0.000000000,0.000000000,0.000000000,0.000000000,1.000000000
1790226886719474925,1790226886,719474925,1790226886723707742,RR_thigh,0.524399049,0.000000000,0.851472629,-0.193400000,0.030816078,0.999344873,-0.018978792,-0.141937435,-0.850914806,0.036191508,0.524055501,-0.003456289,0.000000000,0.000000000,0.000000000,1.000000000
1790226886719474925,1790226886,719474925,1790226886723707742,RR_calf,0.625943321,0.000000000,-0.779868552,-0.374763670,-0.028224619,0.999344873,-0.022653833,-0.137894953,0.779357639,0.036191508,0.625533248,-0.115080111,0.000000000,0.000000000,0.000000000,1.000000000
1790226886719474925,1790226886,719474925,1790226886723707742,RR_calflower,0.664138237,0.000000000,-0.747609793,-0.246824258,-0.027057126,0.999344873,-0.024036164,-0.135106678,0.747120013,0.036191508,0.663703142,-0.192071879,0.000000000,0.000000000,0.000000000,1.000000000
1790226886719474925,1790226886,719474925,1790226886723707742,RR_calflower1,0.934317878,0.000000000,-0.356440883,-0.223561248,-0.012900133,0.999344873,-0.033814373,-0.133874660,0.356207369,0.036191508,0.933705781,-0.226091204,0.000000000,0.000000000,0.000000000,1.000000000
1790226886719474925,1790226886,719474925,1790226886723707742,RR_foot,0.625943321,0.000000000,-0.779868552,-0.208651668,-0.028224619,0.999344873,-0.022653833,-0.133069686,0.779357639,0.036191508,0.625533248,-0.248318693,0.000000000,0.000000000,0.000000000,1.000000000
1790226886787507324,1790226886,787507324,1790226886790393093,FL_hip,1.000000000,-0.000000000,0.000000000,0.193400000,0.000000000,0.995121430,0.098657694,0.046500000,-0.000000000,-0.098657694,0.995121430,0.000000000,0.000000000,0.000000000,0.000000000,1.000000000
1790226886787507324,1790226886,787507324,1790226886790393093,FL_thigh,0.610916814,0.000000000,0.791694793,0.193400000,-0.078106783,0.995121430,0.060271644,0.141534097,-0.787832454,-0.098657694,0.607936414,-0.009421810,0.000000000,0.000000000,0.000000000,1.000000000
1790226886787507324,1790226886,787507324,1790226886790393093,FL_calf,0.475022963,-0.000000000,-0.879973400,0.024769009,0.086816146,0.995121430,0.046864670,0.128696236,0.875680388,-0.098657694,0.472705530,-0.138912266,0.000000000,0.000000000,0.000000000,1.000000000
1790226886787507324,1790226886,787507324,1790226886790393093,FL_calflower,0.518409647,-0.000000000,-0.855132409,0.164505531,0.084365391,0.995121430,0.051145100,0.123496588,0.850960586,-0.098657694,0.515880549,-0.191359077,0.000000000,0.000000000,0.000000000,1.000000000
1790226886787507324,1790226886,787507324,1790226886790393093,FL_calflower1,0.854709064,0.000000000,-0.519107326,0.193526731,0.051213932,0.995121430,0.084323625,0.120607130,0.516574824,-0.098657694,0.850539306,-0.220503904,0.000000000,0.000000000,0.000000000,1.000000000
1790226886787507324,1790226886,787507324,1790226886790393093,FL_foot,0.475022963,-0.000000000,-0.879973400,0.212203343,0.086816146,0.995121430,0.046864670,0.118714062,0.875680388,-0.098657694,0.472705530,-0.239598544,0.000000000,0.000000000,0.000000000,1.000000000
1790226886787507324,1790226886,787507324,1790226886790393093,FR_hip,1.000000000,0.000000000,0.000000000,0.193400000,0.000000000,0.993122588,-0.117079142,-0.046500000,0.000000000,0.117079142,0.993122588,0.000000000,0.000000000,0.000000000,0.000000000,1.000000000
1790226886787507324,1790226886,787507324,1790226886790393093,FR_thigh,0.792212246,0.000000000,0.610245654,0.193400000,0.071447038,0.993122588,-0.092751530,-0.141343207,-0.606048743,0.117079142,0.786763875,-0.011181058,0.000000000,0.000000000,0.000000000,1.000000000
1790226886787507324,1790226886,787507324,1790226886790393093,FR_calf,0.666928865,0.000000000,-0.745121392,0.063417676,-0.087238174,0.993122588,-0.078083460,-0.121587131,0.739996885,0.117079142,0.662342121,-0.178761764,0.000000000,0.000000000,0.000000000,1.000000000
1790226886787507324,1790226886,787507324,1790226886790393093,FR_calflower,0.703335926,-0.000000000,-0.710857634,0.187034219,-0.083226602,0.993122588,-0.082345967,-0.111775543,0.705968773,0.117079142,0.698498795,-0.261988460,0.000000000,0.000000000,0.000000000,1.000000000
1790226886787507324,1790226886,787507324,1790226886790393093,FR_calflower1,0.952114647,-0.000000000,-0.305741228,0.208435165,-0.035795921,0.993122588,-0.111472766,-0.107649438,0.303638519,0.117079142,0.945566562,-0.296988099,0.000000000,0.000000000,0.000000000,1.000000000
1790226886787507324,1790226886,787507324,1790226886790393093,FR_foot,0.666928865,0.000000000,-0.745121392,0.222128532,-0.087238174,0.993122588,-0.078083460,-0.104955354,0.739996885,0.117079142,0.662342121,-0.319840635,0.000000000,0.000000000,0.000000000,1.000000000
1790226886787507324,1790226886,787507324,1790226886790393093,RL_hip,1.000000000,0.000000000,0.000000000,-0.193400000,0.000000000,0.999998541,-0.001708089,0.046500000,0.000000000,0.001708089,0.999998541,0.000000000,0.000000000,0.000000000,0.000000000,1.000000000
1790226886787507324,1790226886,787507324,1790226886790393093,RL_thigh,0.743577151,0.000000000,0.668650148,-0.193400000,0.001142114,0.999998541,-0.001270096,0.141999861,-0.668649173,0.001708089,0.743576066,0.000163123,0.000000000,0.000000000,0.000000000,1.000000000
1790226886787507324,1790226886,787507324,1790226886790393093,RL_calf,0.722576715,-0.000000000,-0.691290743,-0.335822482,-0.001180786,0.999998541,-0.001234226,0.142270391,0.691289734,0.001708089,0.722575661,-0.158218580,0.000000000,0.000000000,0.000000000,1.000000000
1790226886787507324,1790226886,787507324,1790226886790393093,RL_calflower,0.756223819,0.000000000,-0.654313025,-0.219059917,-0.001117625,0.999998541,-0.001291698,0.142429441,0.654312071,0.001708089,0.756222716,-0.251333983,0.000000000,0.000000000,0.000000000,1.000000000
1790226886787507324,1790226886,787507324,1790226886790393093,RL_calflower1,0.972914818,0.000000000,-0.231163919,-0.200449635,-0.000394849,0.999998541,-0.001661826,0.142492285,0.231163582,0.001708089,0.972913398,-0.288126012,0.000000000,0.000000000,0.000000000,1.000000000
1790226886787507324,1790226886,787507324,1790226886790393093,RL_foot,0.722576715,-0.000000000,-0.691290743,-0.188577553,-0.001180786,0.999998541,-0.001234226,0.142533281,0.691289734,0.001708089,0.722575661,-0.312127195,0.000000000,0.000000000,0.000000000,1.000000000
1790226886787507324,1790226886,787507324,1790226886790393093,RR_hip,1.000000000,0.000000000,0.000000000,-0.193400000,0.000000000,0.998752987,-0.049924648,-0.046500000,0.000000000,0.049924648,0.998752987,0.000000000,0.000000000,0.000000000,0.000000000,1.000000000
1790226886787507324,1790226886,787507324,1790226886790393093,RR_thigh,0.455383739,0.000000000,0.890295260,-0.193400000,0.044447677,0.998752987,-0.022734873,-0.141880910,-0.889185050,0.049924648,0.454815870,-0.004767804,0.000000000,0.000000000,0.000000000,1.000000000
1790226886787507324,1790226886,787507324,1790226886790393093,RR_calf,0.560628092,0.000000000,-0.828067716,-0.383032890,-0.041340989,0.998752987,-0.027989160,-0.137038382,0.827035105,0.049924648,0.559928982,-0.101643584,0.000000000,0.000000000,0.000000000,1.000000000
1790226886787507324,1790226886,787507324,1790226886790393093,RR_calflower,0.601313590,0.000000000,-0.799013121,-0.249266307,-0.039890449,0.998752987,-0.030020369,-0.133722806,0.798016741,0.049924648,0.600563744,-0.167972371,0.000000000,0.000000000,0.000000000,1.000000000
1790226886787507324,1790226886,787507324,1790226886790393093,RR_calflower1,0.902329721,0.000000000,-0.431046488,-0.223318918,-0.021519844,0.998752987,-0.045048493,-0.132123087,0.430508967,0.049924648,0.901204504,-0.199975089,0.000000000,0.000000000,0.000000000,1.000000000
1790226886787507324,1790226886,787507324,1790226886790393093,RR_foot,0.560628092,0.000000000,-0.828067716,-0.206654467,-0.041340989,0.998752987,-0.027989160,-0.131076691,0.827035105,0.049924648,0.559928982,-0.220908457,0.000000000,0.000000000,0.000000000,1.000000000
1790226886809437482,1790226886,809437482,1790226886823628315,FL_hip,1.000000000,-0.000000000,0.000000000,0.193400000,0.000000000,0.994416662,0.105524886,0.046500000,-0.000000000,-0.105524886,0.994416662,0.000000000,0.000000000,0.000000000,0.000000000,1.000000000
1790226886809437482,1790226886,809437482,1790226886823628315,FL_thigh,0.609717569,0.000000000,0.792618752,0.193400000,-0.083641004,0.994416662,0.064340377,0.141466791,-0.788193294,-0.105524886,0.606313310,-0.010077627,0.000000000,0.000000000,0.000000000,1.000000000
1790226886809437482,1790226886,809437482,1790226886823628315,FL_calf,0.480599176,0.000000000,-0.876940381,0.024572206,0.092539034,0.994416662,0.050715173,0.127762291,0.872044127,-0.105524886,0.477915829,-0.139222362,0.000000000,0.000000000,0.000000000,1.000000000
1790226886809437482,1790226886,809437482,1790226886823628315,FL_calflower,0.523827304,0.000000000,-0.851824486,0.163971366,0.089888682,0.994416662,0.055276817,0.122107226,0.847068463,-0.105524886,0.520902599,-0.192513022,0.000000000,0.000000000,0.000000000,1.000000000
1790226886809437482,1790226886,809437482,1790226886823628315,FL_calflower1,0.857986968,0.000000000,-0.513671454,0.192806072,0.054205122,0.994416662,0.090538977,0.118997266,0.510803453,-0.105524886,0.853196537,-0.221819810,0.000000000,0.000000000,0.000000000,1.000000000
1790226886809437482,1790226886,809437482,1790226886823628315,FL_foot,0.480599176,0.000000000,-0.876940381,0.211360507,0.092539034,0.994416662,0.050715173,0.116959959,0.872044127,-0.105524886,0.477915829,-0.241018433,0.000000000,0.000000000,0.000000000,1.000000000
1790226886809437482,1790226886,809437482,1790226886823628315,FR_hip,1.000000000,0.000000000,0.000000000,0.193400000,0.000000000,0.992301953,-0.123841975,-0.046500000,0.000000000,0.123841975,0.992301953,0.000000000,0.000000000,0.000000000,0.000000000,1.000000000
1790226886809437482,1790226886,809437482,1790226886823628315,FR_thigh,0.795287704,0.000000000,0.606232190,0.193400000,0.075076991,0.992301953,-0.098490000,-0.141264836,-0.601565386,0.123841975,0.789165541,-0.011826909,0.000000000,0.000000000,0.000000000,1.000000000
1790226886809437482,1790226886,809437482,1790226886823628315,FR_calf,0.663117270,0.000000000,-0.748515522,0.064272544,-0.092697640,0.992301953,-0.082121752,-0.120286467,0.742753414,0.123841975,0.658012562,-0.179919169,0.000000000,0.000000000,0.000000000,1.000000000
1790226886809437482,1790226886,809437482,1790226886823628315,FR_calflower,0.699698730,-0.000000000,-0.714438022,0.188315186,-0.088477415,0.992301953,-0.086652072,-0.109986400,0.708938245,0.123841975,0.694312416,-0.262449960,0.000000000,0.000000000,0.000000000,1.000000000
1790226886809437482,1790226886,809437482,1790226886823628315,FR_calflower1,0.950541822,0.000000000,-0.310596596,0.209895720,-0.038464896,0.992301953,-0.117716976,-0.105635543,0.308205609,0.123841975,0.943224506,-0.297311839,0.000000000,0.000000000,0.000000000,1.000000000
1790226886809437482,1790226886,809437482,1790226886823628315,FR_foot,0.663117270,0.000000000,-0.748515522,0.223706350,-0.092697640,0.992301953,-0.082121752,-0.102794533,0.742753414,0.123841975,0.658012562,-0.320075844,0.000000000,0.000000000,0.000000000,1.000000000
1790226886809437482,1790226886,809437482,1790226886823628315,RL_hip,1.000000000,0.000000000,0.000000000,-0.193400000,0.000000000,0.999962399,-0.008671831,0.046500000,0.000000000,0.008671831,0.999962399,0.000000000,0.000000000,0.000000000,0.000000000,1.000000000
1790226886809437482,1790226886,809437482,1790226886823628315,RL_thigh,0.747552156,0.000000000,0.664203113,-0.193400000,0.005759857,0.999962399,-0.006482646,0.141996409,-0.664178138,0.008671831,0.747524047,0.000828160,0.000000000,0.000000000,0.000000000,1.000000000
1790226886809437482,1790226886,809437482,1790226886823628315,RL_calf,0.718473589,-0.000000000,-0.695554240,-0.334875263,-0.006031729,0.999962399,-0.006230481,0.143377213,0.695528087,0.008671831,0.718446574,-0.158394462,0.000000000,0.000000000,0.000000000,1.000000000
1790226886809437482,1790226886,809437482,1790226886823628315,RL_calflower,0.752338908,-0.000000000,-0.658776266,-0.217563764,-0.005712796,0.999962399,-0.006524156,0.144178689,0.658751495,0.008671831,0.752310619,-0.250813993,0.000000000,0.000000000,0.000000000,1.000000000
1790226886809437482,1790226886,809437482,1790226886823628315,RL_calflower1,0.971529952,-0.000000000,-0.236916762,-0.198736102,-0.002054502,0.999962399,-0.008424943,0.144496783,0.236907854,0.008671831,0.971493422,-0.287493933,0.000000000,0.000000000,0.000000000,1.000000000
1790226886809437482,1790226886,809437482,1790226886823628315,RL_foot,0.718473589,-0.000000000,-0.695554240,-0.186722210,-0.006031729,0.999962399,-0.006230481,0.144704305,0.695528087,0.008671831,0.718446574,-0.311423582,0.000000000,0.000000000,0.000000000,1.000000000
1790226886809437482,1790226886,809437482,1790226886823628315,RR_hip,1.000000000,0.000000000,0.000000000,-0.193400000,0.000000000,0.998944541,-0.045932611,-0.046500000,0.000000000,0.045932611,0.998944541,0.000000000,0.000000000,0.000000000,0.000000000,1.000000000
1790226886809437482,1790226886,809437482,1790226886823628315,RR_thigh,0.457108050,0.000000000,0.889411171,-0.193400000,0.040852977,0.998944541,-0.020996166,-0.141899204,-0.888472433,0.045932611,0.456625591,-0.004386564,0.000000000,0.000000000,0.000000000,1.000000000
1790226886809437482,1790226886,809437482,1790226886823628315,RR_calf,0.564237524,0.000000000,-0.825612510,-0.382844579,-0.037922538,0.998944541,-0.025916902,-0.137427020,0.824741110,0.045932611,0.563641994,-0.101647815,0.000000000,0.000000000,0.000000000,1.000000000
1790226886809437482,1790226886,809437482,1790226886823628315,RR_calflower,0.604795801,-0.000000000,-0.796380587,-0.249369177,-0.036579839,0.998944541,-0.027779850,-0.134349769,0.795540039,0.045932611,0.604157464,-0.168572008,0.000000000,0.000000000,0.000000000,1.000000000
1790226886809437482,1790226886,809437482,1790226886823628315,RR_calflower1,0.904202776,-0.000000000,-0.427103431,-0.223561912,-0.019617976,0.998944541,-0.041532394,-0.132872777,0.426652640,0.045932611,0.903248426,-0.200693707,0.000000000,0.000000000,0.000000000,1.000000000
1790226886809437482,1790226886,809437482,1790226886823628315,RR_foot,0.564237524,0.000000000,-0.825612510,-0.206989115,-0.037922538,0.998944541,-0.025916902,-0.131906720,0.824741110,0.045932611,0.563641994,-0.221703560,0.000000000,0.000000000,0.000000000,1.000000000
1790226886881579860,1790226886,881579860,1790226886890322546,FL_hip,1.000000000,-0.000000000,0.000000000,0.193400000,0.000000000,0.991395680,0.130899222,0.046500000,-0.000000000,-0.130899222,0.991395680,0.000000000,0.000000000,0.000000000,0.000000000,1.000000000
1790226886881579860,1790226886,881579860,1790226886890322546,FL_thigh,0.683378530,0.000000000,0.730064233,0.193400000,-0.095564840,0.991395680,0.089453718,0.141178287,-0.723782527,-0.130899222,0.677498522,-0.012500876,0.000000000,0.000000000,0.000000000,1.000000000
1790226886881579860,1790226886,881579860,1790226886890322546,FL_calf,0.509245178,-0.000000000,-0.860621490,0.037896318,0.112654683,0.991395680,0.066659798,0.122124645,0.853216427,-0.130899222,0.504863469,-0.156808061,0.000000000,0.000000000,0.000000000,1.000000000
1790226886881579860,1790226886,881579860,1790226886890322546,FL_calflower,0.551621901,0.000000000,-0.834094286,0.175453202,0.109182293,0.991395680,0.072206878,0.114512089,0.826917472,-0.130899222,0.546875569,-0.214463526,0.000000000,0.000000000,0.000000000,1.000000000
1790226886881579860,1790226886,881579860,1790226886890322546,FL_calflower1,0.874453197,-0.000000000,-0.485109891,0.203300755,0.063500507,0.991395680,0.114465243,0.110531991,0.480935850,-0.130899222,0.866929122,-0.244607723,0.000000000,0.000000000,0.000000000,1.000000000
1790226886881579860,1790226886,881579860,1790226886890322546,FL_foot,0.509245178,-0.000000000,-0.860621490,0.221208696,0.112654683,0.991395680,0.066659798,0.107926109,0.853216427,-0.130899222,0.504863469,-0.264343980,0.000000000,0.000000000,0.000000000,1.000000000
1790226886881579860,1790226886,881579860,1790226886890322546,FR_hip,1.000000000,0.000000000,0.000000000,0.193400000,0.000000000,0.991760337,-0.128107122,-0.046500000,0.000000000,0.128107122,0.991760337,0.000000000,0.000000000,0.000000000,0.000000000,1.000000000
1790226886881579860,1790226886,881579860,1790226886890322546,FR_thigh,0.830349383,0.000000000,0.557243126,0.193400000,0.071386813,0.991760337,-0.106373670,-0.141213112,-0.552651630,0.128107122,0.823507584,-0.012234230,0.000000000,0.000000000,0.000000000,1.000000000
1790226886881579860,1790226886,881579860,1790226886890322546,FR_calf,0.503001915,-0.000000000,-0.864285296,0.074707214,-0.110721102,0.991760337,-0.064438128,-0.118555520,0.857163876,0.128107122,0.498857349,-0.187641346,0.000000000,0.000000000,0.000000000,1.000000000
1790226886881579860,1790226886,881579860,1790226886890322546,FR_calflower,0.545569555,0.000000000,-0.838065547,0.212681476,-0.107362165,0.991760337,-0.069891346,-0.111233100,0.831160169,0.128107122,0.541074245,-0.244328956,0.000000000,0.000000000,0.000000000,1.000000000
1790226886881579860,1790226886,881579860,1790226886890322546,FR_calflower1,0.870918643,0.000000000,-0.491427226,0.240748403,-0.062955328,0.991760337,-0.111570881,-0.107363824,0.487378031,0.128107122,0.863742566,-0.274283527,0.000000000,0.000000000,0.000000000,1.000000000
1790226886881579860,1790226886,881579860,1790226886890322546,FR_foot,0.503001915,-0.000000000,-0.864285296,0.258799982,-0.110721102,0.991760337,-0.064438128,-0.104830199,0.857163876,0.128107122,0.498857349,-0.293897961,0.000000000,0.000000000,0.000000000,1.000000000
1790226886881579860,1790226886,881579860,1790226886890322546,RL_hip,1.000000000,-0.000000000,0.000000000,-0.193400000,0.000000000,0.999908176,0.013551357,0.046500000,-0.000000000,-0.013551357,0.999908176,0.000000000,0.000000000,0.000000000,0.000000000,1.000000000
1790226886881579860,1790226886,881579860,1790226886890322546,RL_thigh,0.782641953,0.000000000,0.622472147,-0.193400000,-0.008435342,0.999908176,0.010605860,0.141991231,-0.622414989,-0.013551357,0.782570087,-0.001294155,0.000000000,0.000000000,0.000000000,1.000000000
1790226886881579860,1790226886,881579860,1790226886890322546,RL_calf,0.637524241,0.000000000,-0.770430297,-0.325986567,0.010440376,0.999908176,0.008639318,0.139732183,0.770359553,-0.013551357,0.637465701,-0.167981583,0.000000000,0.000000000,0.000000000,1.000000000
1790226886881579860,1790226886,881579860,1790226886890322546,RL_calflower,0.675232968,-0.000000000,-0.737604528,-0.199212399,0.009995542,0.999908176,0.009150323,0.138662371,0.737536798,-0.013551357,0.675170965,-0.246919316,0.000000000,0.000000000,0.000000000,1.000000000
1790226886881579860,1790226886,881579860,1790226886890322546,RL_calflower1,0.939538625,0.000000000,-0.342442948,-0.176460547,0.004640567,0.999908176,0.012732023,0.138196403,0.342411504,-0.013551357,0.939452353,-0.281301522,0.000000000,0.000000000,0.000000000,1.000000000
1790226886881579860,1790226886,881579860,1790226886890322546,RL_foot,0.637524241,0.000000000,-0.770430297,-0.161884914,0.010440376,0.999908176,0.008639318,0.137892008,0.770359553,-0.013551357,0.637465701,-0.303761777,0.000000000,0.000000000,0.000000000,1.000000000
1790226886881579860,1790226886,881579860,1790226886890322546,RR_hip,1.000000000,-0.000000000,0.000000000,-0.193400000,0.000000000,0.999982137,0.005977152,-0.046500000,-0.000000000,-0.005977152,0.999982137,0.000000000,0.000000000,0.000000000,0.000000000,1.000000000
1790226886881579860,1790226886,881579860,1790226886890322546,RR_thigh,0.572686073,0.000000000,0.819774763,-0.193400000,-0.004899918,0.999982137,0.003423032,-0.141998294,-0.819760119,-0.005977152,0.572675843,0.000570818,0.000000000,0.000000000,0.000000000,1.000000000
1790226886881579860,1790226886,881579860,1790226886890322546,RR_calf,0.599264758,0.000000000,-0.800550904,-0.368012025,0.004785014,0.999982137,0.003581896,-0.142727400,0.800536603,-0.005977152,0.599254053,-0.121409137,0.000000000,0.000000000,0.000000000,1.000000000
1790226886881579860,1790226886,881579860,1790226886890322546,RR_calflower,0.638526702,0.000000000,-0.769599669,-0.237545196,0.004600014,0.999982137,0.003816571,-0.143161820,0.769585921,-0.005977152,0.638515296,-0.194088004,0.000000000,0.000000000,0.000000000,1.000000000
1790226886881579860,1790226886,881579860,1790226886890322546,RR_calflower1,0.921755044,-0.000000000,-0.387772665,-0.213146476,0.002317776,0.999982137,0.005509470,-0.143360483,0.387765738,-0.005977152,0.921738578,-0.227324475,0.000000000,0.000000000,0.000000000,1.000000000
1790226886881579860,1790226886,881579860,1790226886890322546,RR_foot,0.599264758,0.000000000,-0.800550904,-0.197494682,0.004785014,0.999982137,0.003581896,-0.143490344,0.800536603,-0.005977152,0.599254053,-0.249050250,0.000000000,0.000000000,0.000000000,1.000000000
1790226886971947351,1790226886,971947351,1790226886990554025,FL_hip,1.000000000,-0.000000000,0.000000000,0.193400000,0.000000000,0.989750665,0.142806239,0.046500000,-0.000000000,-0.142806239,0.989750665,0.000000000,0.000000000,0.000000000,0.000000000,1.000000000
1790226886971947351,1790226886,971947351,1790226886990554025,FL_thigh,0.727410134,-0.000000000,0.686202956,0.193400000,-0.097994063,0.989750665,0.103878705,0.141021188,-0.679169831,-0.142806239,0.719954664,-0.013637996,0.000000000,0.000000000,0.000000000,1.000000000
1790226886971947351,1790226886,971947351,1790226886990554025,FL_calf,0.524325203,0.000000000,-0.851518104,0.047238770,0.121602098,0.989750665,0.074876910,0.118895024,0.842790609,-0.142806239,0.518951218,-0.166988339,0.000000000,0.000000000,0.000000000,1.000000000
1790226886971947351,1790226886,971947351,1790226886990554025,FL_calflower,0.566228101,0.000000000,-0.824248590,0.183749954,0.117707841,0.989750665,0.080860905,0.110245283,0.815800590,-0.142806239,0.560424639,-0.226937307,0.000000000,0.000000000,0.000000000,1.000000000
1790226886971947351,1790226886,971947351,1790226886990554025,FL_calflower1,0.882862285,0.000000000,-0.469631969,0.211057616,0.067066375,0.989750665,0.126078242,0.105833769,0.464818553,-0.142806239,0.873813533,-0.257512299,0.000000000,0.000000000,0.000000000,1.000000000
1790226886971947351,1790226886,971947351,1790226886990554025,FL_foot,0.524325203,0.000000000,-0.851518104,0.228612127,0.121602098,0.989750665,0.074876910,0.102946242,0.842790609,-0.142806239,0.518951218,-0.277524949,0.000000000,0.000000000,0.000000000,1.000000000
1790226886971947351,1790226886,971947351,1790226886990554025,FR_hip,1.000000000,0.000000000,0.000000000,0.193400000,0.000000000,0.998877925,-0.047359179,-0.046500000,0.000000000,0.047359179,0.998877925,0.000000000,0.000000000,0.000000000,0.000000000,1.000000000
1790226886971947351,1790226886,971947351,1790226886990554025,FR_thigh,0.845838281,0.000000000,0.533439408,0.193400000,0.025263253,0.998877925,-0.040058207,-0.141892842,-0.532840849,0.047359179,0.844889187,-0.004522802,0.000000000,0.000000000,0.000000000,1.000000000
1790226886971947351,1790226886,971947351,1790226886990554025,FR_calf,0.194110482,-0.000000000,-0.980979674,0.079777406,-0.046458392,0.998877925,-0.009192913,-0.133360444,0.979878941,0.047359179,0.193892675,-0.184484198,0.000000000,0.000000000,0.000000000,1.000000000
1790226886971947351,1790226886,971947351,1790226886990554025,FR_calflower,0.242896443,0.000000000,-0.970052224,0.228844607,-0.045940877,0.998877925,-0.011503376,-0.132929060,0.968963753,0.047359179,0.242623895,-0.193582735,0.000000000,0.000000000,0.000000000,1.000000000
1790226886971947351,1790226886,971947351,1790226886990554025,FR_calflower1,0.663397828,-0.000000000,-0.748266879,0.265217732,-0.035437305,0.998877925,-0.031417977,-0.132009517,0.747427267,0.047359179,0.662653446,-0.212977329,0.000000000,0.000000000,0.000000000,1.000000000
1790226886971947351,1790226886,971947351,1790226886990554025,FR_foot,0.194110482,-0.000000000,-0.980979674,0.288726077,-0.046458392,0.998877925,-0.009192913,-0.131402353,0.979878941,0.047359179,0.193892675,-0.225783338,0.000000000,0.000000000,0.000000000,1.000000000
1790226886971947351,1790226886,971947351,1790226886990554025,RL_hip,1.000000000,-0.000000000,0.000000000,-0.193400000,0.000000000,0.983194563,0.182560816,0.046500000,-0.000000000,-0.182560816,0.983194563,0.000000000,0.000000000,0.000000000,0.000000000,1.000000000
1790226886971947351,1790226886,971947351,1790226886990554025,RL_thigh,0.861186936,-0.000000000,0.508288365,-0.193400000,-0.092793539,0.983194563,0.157218990,0.140395081,-0.499746357,-0.182560816,0.846714313,-0.017434558,0.000000000,0.000000000,0.000000000,1.000000000
1790226886971947351,1790226886,971947351,1790226886990554025,RL_calf,0.422844474,0.000000000,-0.906202268,-0.301665422,0.165437026,0.983194563,0.077194832,0.106907436,0.890973143,-0.182560816,0.415738388,-0.197784707,0.000000000,0.000000000,0.000000000,1.000000000
1790226886971947351,1790226886,971947351,1790226886990554025,RL_calflower,0.467607265,0.000000000,-0.883936336,-0.159090597,0.161372139,0.983194563,0.085366764,0.098791341,0.869081399,-0.182560816,0.459748921,-0.241494525,0.000000000,0.000000000,0.000000000,1.000000000
1790226886971947351,1790226886,971947351,1790226886990554025,RL_calflower1,0.822948663,-0.000000000,-0.568115744,-0.128409216,0.103715674,0.983194563,0.150238180,0.093762949,0.558568311,-0.182560816,0.809118651,-0.268575296,0.000000000,0.000000000,0.000000000,1.000000000
1790226886971947351,1790226886,971947351,1790226886990554025,RL_foot,0.422844474,0.000000000,-0.906202268,-0.108644339,0.165437026,0.983194563,0.077194832,0.090464937,0.890973143,-0.182560816,0.415738388,-0.286336983,0.000000000,0.000000000,0.000000000,1.000000000
1790226886971947351,1790226886,971947351,1790226886990554025,RR_hip,1.000000000,-0.000000000,0.000000000,-0.193400000,0.000000000,0.998088564,0.061799825,-0.046500000,-0.000000000,-0.061799825,0.998088564,0.000000000,0.000000000,0.000000000,0.000000000,1.000000000
1790226886971947351,1790226886,971947351,1790226886990554025,RR_thigh,0.717533490,0.000000000,0.696524006,-0.193400000,-0.043045061,0.998088564,0.044343444,-0.141817458,-0.695192645,-0.061799825,0.716161971,0.005901883,0.000000000,0.000000000,0.000000000,1.000000000
1790226886971947351,1790226886,971947351,1790226886990554025,RR_calf,0.670269686,-0.000000000,-0.742117611,-0.341759613,0.045862738,0.998088564,0.041422549,-0.151262611,0.740699100,-0.061799825,0.668988508,-0.146640617,0.000000000,0.000000000,0.000000000,1.000000000
1790226886971947351,1790226886,971947351,1790226886990554025,RR_calflower,0.706522445,0.000000000,-0.707690635,-0.218520813,0.043735157,0.998088564,0.043662963,-0.156475894,0.706337929,-0.061799825,0.705171973,-0.230836934,0.000000000,0.000000000,0.000000000,1.000000000
1790226886971947351,1790226886,971947351,1790226886990554025,RR_calflower1,0.953478620,-0.000000000,-0.301460648,-0.197278412,0.018630215,0.998088564,0.058924812,-0.158659764,0.300884425,-0.061799825,0.951656106,-0.266107192,0.000000000,0.000000000,0.000000000,1.000000000
1790226886971947351,1790226886,971947351,1790226886990554025,RR_foot,0.670269686,-0.000000000,-0.742117611,-0.183688562,0.045862738,0.998088564,0.041422549,-0.160085614,0.740699100,-0.061799825,0.668988508,-0.289135169,0.000000000,0.000000000,0.000000000,1.000000000
1790226887448575685,1790226887,448575685,1790226887456942407,FL_hip,1.000000000,0.000000000,0.000000000,0.193400000,0.000000000,0.995200298,-0.097858912,0.046500000,0.000000000,0.097858912,0.995200298,0.000000000,0.000000000,0.000000000,0.000000000,1.000000000
1790226887448575685,1790226887,448575685,1790226887456942407,FL_thigh,0.999167804,0.000000000,-0.040788478,0.193400000,-0.003991516,0.995200298,-0.097777474,0.141541628,0.040592706,0.097858912,0.994372096,0.009345526,0.000000000,0.000000000,0.000000000,1.000000000
1790226887448575685,1790226887,448575685,1790226887456942407,FL_calf,-0.454311294,0.000000000,-0.890842999,0.202087946,-0.087176927,0.995200298,0.044458409,0.162368230,0.886567218,0.097858912,-0.452130735,-0.202455730,0.000000000,0.000000000,0.000000000,1.000000000
1790226887448575685,1790226887,448575685,1790226887456942407,FL_calflower,-0.409219930,0.000000000,-0.912435778,0.324846484,-0.089289973,0.995200298,0.040045817,0.154044847,0.908056358,0.097858912,-0.407255797,-0.117809037,0.000000000,0.000000000,0.000000000,1.000000000
1790226887448575685,1790226887,448575685,1790226887456942407,FL_calflower1,0.058367841,0.000000000,-0.998295144,0.365436114,-0.097692077,0.995200298,-0.005711813,0.153335914,0.993503625,0.097858912,0.058087693,-0.110599369,0.000000000,0.000000000,0.000000000,1.000000000
1790226887448575685,1790226887,448575685,1790226887456942407,FL_foot,-0.454311294,0.000000000,-0.890842999,0.391837505,-0.087176927,0.995200298,0.044458409,0.152898589,0.886567218,0.097858912,-0.452130735,-0.106151884,0.000000000,0.000000000,0.000000000,1.000000000
1790226887448575685,1790226887,448575685,1790226887456942407,FR_hip,1.000000000,-0.000000000,0.000000000,0.193400000,0.000000000,0.994939071,0.100480072,-0.046500000,-0.000000000,-0.100480072,0.994939071,0.000000000,0.000000000,0.000000000,0.000000000,1.000000000
1790226887448575685,1790226887,448575685,1790226887456942407,FR_thigh,0.988769692,-0.000000000,0.149447303,0.193400000,-0.015016476,0.994939071,0.099351650,-0.141516681,-0.148690961,-0.100480072,0.983765599,0.009595847,0.000000000,0.000000000,0.000000000,1.000000000
1790226887448575685,1790226887,448575685,1790226887456942407,FR_calf,-0.141082963,0.000000000,-0.989997777,0.161567725,0.099475048,0.994939071,-0.014176026,-0.162678583,0.984987468,-0.100480072,-0.140368952,-0.199946226,0.000000000,0.000000000,0.000000000,1.000000000
1790226887448575685,1790226887,448575685,1790226887456942407,FR_calflower,-0.091427379,0.000000000,-0.995811746,0.305265736,0.100059236,0.994939071,-0.009186630,-0.158591030,0.990772014,-0.100480072,-0.090964672,-0.159471871,0.000000000,0.000000000,0.000000000,1.000000000
1790226887448575685,1790226887,448575685,1790226887456942407,FR_calflower1,0.378749506,-0.000000000,-0.925499223,0.346012480,0.092994228,0.994939071,0.038056778,-0.159224157,0.920815337,-0.100480072,0.376832682,-0.165741005,0.000000000,0.000000000,0.000000000,1.000000000
1790226887448575685,1790226887,448575685,1790226887456942407,FR_foot,-0.141082963,0.000000000,-0.989997777,0.372437251,0.099475048,0.994939071,-0.014176026,-0.159659089,0.984987468,-0.100480072,-0.140368952,-0.170047639,0.000000000,0.000000000,0.000000000,1.000000000
1790226887448575685,1790226887,448575685,1790226887456942407,RL_hip,1.000000000,0.000000000,0.000000000,-0.193400000,0.000000000,0.999993573,-0.003585331,0.046500000,0.000000000,0.003585331,0.999993573,0.000000000,0.000000000,0.000000000,0.000000000,1.000000000
1790226887448575685,1790226887,448575685,1790226887456942407,RL_thigh,0.634444148,0.000000000,0.772968708,-0.193400000,0.002771349,0.999993573,-0.002274692,0.141999386,-0.772963740,0.003585331,0.634440070,0.000342399,0.000000000,0.000000000,0.000000000,1.000000000
1790226887448575685,1790226887,448575685,1790226887456942407,RL_calf,0.820157615,-0.000000000,-0.572137647,-0.358042335,-0.002051303,0.999993573,-0.002940536,0.142483896,0.572133970,0.003585331,0.820152343,-0.134793336,0.000000000,0.000000000,0.000000000,1.000000000
1790226887448575685,1790226887,448575685,1790226887456942407,RL_calflower,0.847727596,0.000000000,-0.530431828,-0.256962811,-0.001901774,0.999993573,-0.003039384,0.142878069,0.530428418,0.003585331,0.847722147,-0.244733203,0.000000000,0.000000000,0.000000000,1.000000000
1790226887448575685,1790226887,448575685,1790226887456942407,RL_calflower1,0.996872445,0.000000000,-0.079027388,-0.244222814,-0.000283339,0.999993573,-0.003574118,0.143018662,0.079026880,0.003585331,0.996866038,-0.283946373,0.000000000,0.000000000,0.000000000,1.000000000
1790226887448575685,1790226887,448575685,1790226887456942407,RL_foot,0.820157615,-0.000000000,-0.572137647,-0.236177016,-0.002051303,0.999993573,-0.002940536,0.143110230,0.572133970,0.003585331,0.820152343,-0.309485785,0.000000000,0.000000000,0.000000000,1.000000000
1790226887448575685,1790226887,448575685,1790226887456942407,RR_hip,1.000000000,-0.000000000,0.000000000,-0.193400000,0.000000000,0.999991719,0.004069691,-0.046500000,-0.000000000,-0.004069691,0.999991719,0.000000000,0.000000000,0.000000000,0.000000000,1.000000000
1790226887448575685,1790226887,448575685,1790226887456942407,RR_thigh,0.653781349,0.000000000,0.756683519,-0.193400000,-0.003079468,0.999991719,0.002660688,-0.141999209,-0.756677253,-0.004069691,0.653775935,0.000388656,0.000000000,0.000000000,0.000000000,1.000000000
1790226887448575685,1790226887,448575685,1790226887456942407,RR_calf,0.768424933,-0.000000000,-0.639939937,-0.354573590,0.002604358,0.999991719,0.003127252,-0.142565936,0.639934637,-0.004069691,0.768418569,-0.138865619,0.000000000,0.000000000,0.000000000,1.000000000
1790226887448575685,1790226887,448575685,1790226887456942407,RR_calflower,0.799448268,-0.000000000,-0.600734939,-0.244493980,0.002444806,0.999991719,0.003253508,-0.142976682,0.600729964,-0.004069691,0.799441648,-0.239792874,0.000000000,0.000000000,0.000000000,1.000000000
1790226887448575685,1790226887,448575685,1790226887456942407,RR_calflower1,0.986513440,0.000000000,-0.163680279,-0.228459065,0.000666128,0.999991719,0.004014805,-0.143131270,0.163678923,-0.004069691,0.986505270,-0.277777840,0.000000000,0.000000000,0.000000000,1.000000000
1790226887448575685,1790226887,448575685,1790226887456942407,RR_foot,0.768424933,-0.000000000,-0.639939937,-0.218266383,0.002604358,0.999991719,0.003127252,-0.143232041,0.639934637,-0.004069691,0.768418569,-0.302538774,0.000000000,0.000000000,0.000000000,1.000000000
1790226887505368511,1790226887,505368511,1790226887523714695,FL_hip,1.000000000,-0.000000000,0.000000000,0.193400000,0.000000000,0.999827903,0.018551649,0.046500000,-0.000000000,-0.018551649,0.999827903,0.000000000,0.000000000,0.000000000,0.000000000,1.000000000
1790226887505368511,1790226887,505368511,1790226887523714695,FL_thigh,0.952629501,0.000000000,-0.304133250,0.193400000,0.005642173,0.999827903,0.017672848,0.141983565,0.304080909,-0.018551649,0.952465557,-0.001771682,0.000000000,0.000000000,0.000000000,1.000000000
1790226887505368511,1790226887,505368511,1790226887523714695,FL_calf,-0.432076271,-0.000000000,-0.901837067,0.258180382,0.016730565,0.999827903,-0.008015727,0.138219248,0.901681864,-0.018551649,-0.432001912,-0.204646846,0.000000000,0.000000000,0.000000000,1.000000000
1790226887505368511,1790226887,505368511,1790226887523714695,FL_calflower,-0.386463220,-0.000000000,-0.922304819,0.383010743,0.017110275,0.999827903,-0.007169530,0.139740187,0.922146093,-0.018551649,-0.386396711,-0.122676926,0.000000000,0.000000000,0.000000000,1.000000000
1790226887505368511,1790226887,505368511,1790226887523714695,FL_calflower1,0.083110245,0.000000000,-0.996540359,0.423767568,0.018487467,0.999827903,0.001541832,0.139855866,0.996368858,-0.018551649,0.083095942,-0.116442518,0.000000000,0.000000000,0.000000000,1.000000000
1790226887505368511,1790226887,505368511,1790226887523714695,FL_foot,-0.432076271,-0.000000000,-0.901837067,0.450271678,0.016730565,0.999827903,-0.008015727,0.139926598,0.901681864,-0.018551649,-0.432001912,-0.112630439,0.000000000,0.000000000,0.000000000,1.000000000
1790226887505368511,1790226887,505368511,1790226887523714695,FR_hip,1.000000000,-0.000000000,0.000000000,0.193400000,0.000000000,0.995014841,0.099726954,-0.046500000,-0.000000000,-0.099726954,0.995014841,0.000000000,0.000000000,0.000000000,0.000000000,1.000000000
1790226887505368511,1790226887,505368511,1790226887523714695,FR_thigh,0.999346036,0.000000000,-0.036159380,0.193400000,0.003606065,0.995014841,0.099661736,-0.141523917,0.035979119,-0.099726954,0.994364137,0.009523924,0.000000000,0.000000000,0.000000000,1.000000000
1790226887505368511,1790226887,505368511,1790226887523714695,FR_calf,-0.090699829,0.000000000,-0.995878276,0.201101948,0.099315907,0.995014841,-0.009045218,-0.162751867,0.990913665,-0.099726954,-0.090247676,-0.202275637,0.000000000,0.000000000,0.000000000,1.000000000
1790226887505368511,1790226887,505368511,1790226887523714695,FR_calflower,-0.040813309,0.000000000,-0.999166790,0.346677936,0.099643861,0.995014841,-0.004070187,-0.159426857,0.994185785,-0.099726954,-0.040609848,-0.169100708,0.000000000,0.000000000,0.000000000,1.000000000
1790226887505368511,1790226887,505368511,1790226887523714695,FR_calflower1,0.425193219,-0.000000000,-0.905102606,0.387052741,0.090263126,0.995014841,0.042403225,-0.160260488,0.900590526,-0.099726954,0.423073563,-0.177418172,0.000000000,0.000000000,0.000000000,1.000000000
1790226887505368511,1790226887,505368511,1790226887523714695,FR_foot,-0.090699829,0.000000000,-0.995878276,0.413224021,0.099315907,0.995014841,-0.009045218,-0.160825236,0.990913665,-0.099726954,-0.090247676,-0.183052882,0.000000000,0.000000000,0.000000000,1.000000000
1790226887505368511,1790226887,505368511,1790226887523714695,RL_hip,1.000000000,-0.000000000,0.000000000,-0.193400000,0.000000000,0.998537311,0.054066984,0.046500000,-0.000000000,-0.054066984,0.998537311,0.000000000,0.000000000,0.000000000,0.000000000,1.000000000
1790226887505368511,1790226887,505368511,1790226887523714695,RL_thigh,0.582793600,0.000000000,0.812620218,-0.193400000,-0.043935925,0.998537311,0.031509893,0.141860313,-0.811431608,-0.054066984,0.581941155,-0.005163397,0.000000000,0.000000000,0.000000000,1.000000000
1790226887505368511,1790226887,505368511,1790226887523714695,RL_calf,0.811070763,0.000000000,-0.584948046,-0.366488107,0.031626377,0.998537311,0.043852150,0.135148706,0.584092449,-0.054066984,0.809884419,-0.129116863,0.000000000,0.000000000,0.000000000,1.000000000
1790226887505368511,1790226887,505368511,1790226887523714695,RL_calflower,0.839292354,0.000000000,-0.543680370,-0.263694380,0.029395158,0.998537311,0.045378007,0.129291115,0.542885135,-0.054066984,0.838064730,-0.237297908,0.000000000,0.000000000,0.000000000,1.000000000
1790226887505368511,1790226887,505368511,1790226887523714695,RL_calflower1,0.995508330,0.000000000,-0.094673997,-0.250340089,0.005118738,0.998537311,0.053824133,0.127182044,0.094535519,-0.054066984,0.994052210,-0.276249349,0.000000000,0.000000000,0.000000000,1.000000000
1790226887505368511,1790226887,505368511,1790226887523714695,RL_foot,0.811070763,0.000000000,-0.584948046,-0.241894173,0.031626377,0.998537311,0.043852150,0.125808198,0.584092449,-0.054066984,0.809884419,-0.301622244,0.000000000,0.000000000,0.000000000,1.000000000
1790226887505368511,1790226887,505368511,1790226887523714695,RR_hip,1.000000000,-0.000000000,0.000000000,-0.193400000,0.000000000,0.997819636,0.065999800,-0.046500000,-0.000000000,-0.065999800,0.997819636,0.000000000,0.000000000,0.000000000,0.000000000,1.000000000
1790226887505368511,1790226887,505368511,1790226887523714695,RR_thigh,0.540391530,-0.000000000,0.841413688,-0.193400000,-0.055533135,0.997819636,0.035665733,-0.141791775,-0.839579100,-0.065999800,0.539213279,0.006302981,0.000000000,0.000000000,0.000000000,1.000000000
1790226887505368511,1790226887,505368511,1790226887523714695,RR_calf,0.867832724,-0.000000000,-0.496856482,-0.372621116,0.032792429,0.997819636,0.057276786,-0.149388576,0.495773154,-0.065999800,0.865940532,-0.108549448,0.000000000,0.000000000,0.000000000,1.000000000
1790226887505368511,1790226887,505368511,1790226887523714695,RR_calflower,0.891580633,0.000000000,-0.452861982,-0.281729702,0.029888800,0.997819636,0.058844144,-0.157209692,0.451874579,-0.065999800,0.889636663,-0.226793183,0.000000000,0.000000000,0.000000000,1.000000000
1790226887505368511,1790226887,505368511,1790226887523714695,RR_calflower1,0.999949727,-0.000000000,0.010027090,-0.272531029,-0.000661786,0.997819636,0.065996482,-0.159862346,-0.010005228,-0.065999800,0.997769473,-0.266897396,0.000000000,0.000000000,0.000000000,1.000000000
1790226887505368511,1790226887,505368511,1790226887523714695,RR_foot,0.867832724,-0.000000000,-0.496856482,-0.266790685,0.032792429,0.997819636,0.057276786,-0.161588532,0.495773154,-0.065999800,0.865940532,-0.292994781,0.000000000,0.000000000,0.000000000,1.000000000
1790226887582172196,1790226887,582172196,1790226887590618218,FL_hip,1.000000000,-0.000000000,0.000000000,0.193400000,0.000000000,0.996060174,0.088679933,0.046500000,-0.000000000,-0.088679933,0.996060174,0.000000000,0.000000000,0.000000000,0.000000000,1.000000000
1790226887582172196,1790226887,582172196,1790226887590618218,FL_thigh,0.915968881,0.000000000,-0.401249310,0.193400000,0.035582762,0.996060174,0.081228059,0.141623747,0.399668457,-0.088679933,0.912360123,-0.008468934,0.000000000,0.000000000,0.000000000,1.000000000
1790226887582172196,1790226887,582172196,1790226887590618218,FL_calf,-0.351660534,0.000000000,-0.936127592,0.278866103,0.083015732,0.996060174,-0.031185233,0.124322170,0.932439412,-0.088679933,-0.350275053,-0.202801640,0.000000000,0.000000000,0.000000000,1.000000000
1790226887582172196,1790226887,582172196,1790226887590618218,FL_calflower,-0.304434171,0.000000000,-0.952533378,0.410379776,0.084470596,0.996060174,-0.026997202,0.130597899,0.948780562,-0.088679933,-0.303234753,-0.132312144,0.000000000,0.000000000,0.000000000,1.000000000
1790226887582172196,1790226887,582172196,1790226887590618218,FL_calflower1,0.169828514,0.000000000,-0.985473630,0.451525453,0.087391736,0.996060174,0.015060381,0.130833081,0.981591035,-0.088679933,0.169159419,-0.129670559,0.000000000,0.000000000,0.000000000,1.000000000
1790226887582172196,1790226887,582172196,1790226887590618218,FL_foot,-0.351660534,0.000000000,-0.936127592,0.478261280,0.083015732,0.996060174,-0.031185233,0.130964625,0.932439412,-0.088679933,-0.350275053,-0.128193054,0.000000000,0.000000000,0.000000000,1.000000000
1790226887582172196,1790226887,582172196,1790226887590618218,FR_hip,1.000000000,0.000000000,0.000000000,0.193400000,0.000000000,0.998580901,-0.053255833,-0.046500000,0.000000000,0.053255833,0.998580901,0.000000000,0.000000000,0.000000000,0.000000000,1.000000000
1790226887582172196,1790226887,582172196,1790226887590618218,FR_thigh,0.999989622,0.000000000,0.004555925,0.193400000,0.000242630,0.998580901,-0.053255280,-0.141864476,-0.004549460,0.053255833,0.998570538,-0.005085932,0.000000000,0.000000000,0.000000000,1.000000000
1790226887582172196,1790226887,582172196,1790226887590618218,FR_calf,-0.455940494,-0.000000000,-0.890010262,0.192429588,-0.047398238,0.998580901,0.024281491,-0.130521101,0.888747249,0.053255833,-0.455293469,-0.217781457,0.000000000,0.000000000,0.000000000,1.000000000
1790226887582172196,1790226887,582172196,1790226887590618218,FR_calflower,-0.410888713,0.000000000,-0.911685508,0.315032297,-0.048552571,0.998580901,0.021882221,-0.135062727,0.910391736,0.053255833,-0.410305622,-0.132623078,0.000000000,0.000000000,0.000000000,1.000000000
1790226887582172196,1790226887,582172196,1790226887590618218,FR_calflower1,0.056541180,0.000000000,-0.998400268,0.355608604,-0.053170638,0.998580901,-0.003011148,-0.135452490,0.996983439,0.053255833,0.056460942,-0.125314771,0.000000000,0.000000000,0.000000000,1.000000000
1790226887582172196,1790226887,582172196,1790226887590618218,FR_foot,-0.455940494,-0.000000000,-0.890010262,0.382001774,-0.047398238,0.998580901,0.024281491,-0.135693059,0.888747249,0.053255833,-0.455293469,-0.120803948,0.000000000,0.000000000,0.000000000,1.000000000
1790226887582172196,1790226887,582172196,1790226887590618218,RL_hip,1.000000000,-0.000000000,0.000000000,-0.193400000,0.000000000,0.997675095,0.068149871,0.046500000,-0.000000000,-0.068149871,0.997675095,0.000000000,0.000000000,0.000000000,0.000000000,1.000000000
1790226887582172196,1790226887,582172196,1790226887590618218,RL_thigh,0.598648130,0.000000000,0.801012120,-0.193400000,-0.054588873,0.997675095,0.040797793,0.141777972,-0.799149843,-0.068149871,0.597256330,-0.006508313,0.000000000,0.000000000,0.000000000,1.000000000
1790226887582172196,1790226887,582172196,1790226887590618218,RL_calf,0.825345866,0.000000000,-0.564627489,-0.364015582,0.038479290,0.997675095,0.056247214,0.133088042,0.563314784,-0.068149871,0.823427015,-0.133723911,0.000000000,0.000000000,0.000000000,1.000000000
1790226887582172196,1790226887,582172196,1790226887590618218,RL_calflower,0.852534012,0.000000000,-0.522671751,-0.263943796,0.035620012,0.997675095,0.058100083,0.125533040,0.521456589,-0.068149871,0.850551951,-0.244324814,0.000000000,0.000000000,0.000000000,1.000000000
1790226887582172196,1790226887,582172196,1790226887590618218,RL_calflower1,0.997552270,0.000000000,-0.069924736,-0.251562266,0.004765362,0.997675095,0.067983058,0.122852836,0.069762168,-0.068149871,0.995233056,-0.283561458,0.000000000,0.000000000,0.000000000,1.000000000
1790226887582172196,1790226887,582172196,1790226887590618218,RL_foot,0.825345866,0.000000000,-0.564627489,-0.243749926,0.038479290,0.997675095,0.056247214,0.121107385,0.563314784,-0.068149871,0.823427015,-0.309113865,0.000000000,0.000000000,0.000000000,1.000000000
1790226887582172196,1790226887,582172196,1790226887590618218,RR_hip,1.000000000,-0.000000000,0.000000000,-0.193400000,0.000000000,0.999845058,0.017602848,-0.046500000,-0.000000000,-0.017602848,0.999845058,0.000000000,0.000000000,0.000000000,0.000000000,1.000000000
1790226887582172196,1790226887,582172196,1790226887590618218,RR_thigh,0.638903654,-0.000000000,0.769286761,-0.193400000,-0.013541638,0.999845058,0.011246524,-0.141985203,-0.769167566,-0.017602848,0.638804661,0.001681072,0.000000000,0.000000000,0.000000000,1.000000000
1790226887582172196,1790226887,582172196,1790226887590618218,RR_calf,0.795168843,0.000000000,-0.606388086,-0.357258080,0.010674157,0.999845058,0.013997236,-0.144380713,0.606294131,-0.017602848,0.795045638,-0.134384321,0.000000000,0.000000000,0.000000000,1.000000000
1790226887582172196,1790226887,582172196,1790226887590618218,RR_calflower,0.824481862,0.000000000,-0.565888381,-0.251609266,0.009961247,0.999845058,0.014513229,-0.146238820,0.565800701,-0.017602848,0.824354115,-0.239925193,0.000000000,0.000000000,0.000000000,1.000000000
1790226887582172196,1790226887,582172196,1790226887590618218,RR_calflower1,0.992626695,-0.000000000,-0.121211566,-0.237218550,0.002133669,0.999845058,0.017473057,-0.146918962,0.121192786,-0.017602848,0.992472896,-0.278557364,0.000000000,0.000000000,0.000000000,1.000000000
1790226887582172196,1790226887,582172196,1790226887590618218,RR_foot,0.795168843,0.000000000,-0.606388086,-0.228097418,0.010674157,0.999845058,0.013997236,-0.147362124,0.606294131,-0.017602848,0.795045638,-0.303729042,0.000000000,0.000000000,0.000000000,1.000000000
1790226887615637691,1790226887,615637691,1790226887623547555,FL_hip,1.000000000,-0.000000000,0.000000000,0.193400000,0.000000000,0.995034419,0.099531423,0.046500000,-0.000000000,-0.099531423,0.995034419,0.000000000,0.000000000,0.000000000,0.000000000,1.000000000
1790226887615637691,1790226887,615637691,1790226887623547555,FL_thigh,0.906838943,0.000000000,-0.421477321,0.193400000,0.041950237,0.995034419,0.090258970,0.141525787,0.419384441,-0.099531423,0.902335961,-0.009505251,0.000000000,0.000000000,0.000000000,1.000000000
1790226887615637691,1790226887,615637691,1790226887623547555,FL_calf,-0.335384841,0.000000000,-0.942081211,0.283174669,0.093766684,0.995034419,-0.033381330,0.122300626,0.937403231,-0.099531423,-0.333719460,-0.201702811,0.000000000,0.000000000,0.000000000,1.000000000
1790226887615637691,1790226887,615637691,1790226887623547555,FL_calflower,-0.287881260,-0.000000000,-0.957666111,0.415894992,0.095317871,0.995034419,-0.028653231,0.129116397,0.952910743,-0.099531423,-0.286451763,-0.133564266,0.000000000,0.000000000,0.000000000,1.000000000
1790226887615637691,1790226887,615637691,1790226887623547555,FL_calflower1,0.186881051,-0.000000000,-0.982382549,0.457080449,0.097777933,0.995034419,0.018600537,0.129309347,0.977504449,-0.099531423,0.185953078,-0.131635303,0.000000000,0.000000000,0.000000000,1.000000000
1790226887615637691,1790226887,615637691,1790226887623547555,FL_foot,-0.335384841,0.000000000,-0.942081211,0.483837967,0.093766684,0.995034419,-0.033381330,0.129410850,0.937403231,-0.099531423,-0.333719460,-0.130620566,0.000000000,0.000000000,0.000000000,1.000000000
1790226887615637691,1790226887,615637691,1790226887623547555,FR_hip,1.000000000,0.000000000,0.000000000,0.193400000,0.000000000,0.993856986,-0.110672002,-0.046500000,0.000000000,0.110672002,0.993856986,0.000000000,0.000000000,0.000000000,0.000000000,1.000000000
1790226887615637691,1790226887,615637691,1790226887623547555,FR_thigh,0.998153288,0.000000000,-0.060745489,0.193400000,-0.006722825,0.993856986,-0.110467623,-0.141413342,0.060372328,0.110672002,0.992021618,-0.010569176,0.000000000,0.000000000,0.000000000,1.000000000
1790226887615637691,1790226887,615637691,1790226887623547555,FR_calf,-0.546527822,0.000000000,-0.837440947,0.206338789,-0.092681266,0.993856986,0.060485328,-0.117883739,0.832296536,0.110672002,-0.543170493,-0.221869781,0.000000000,0.000000000,0.000000000,1.000000000
1790226887615637691,1790226887,615637691,1790226887623547555,FR_calflower,-0.503990201,-0.000000000,-0.863709371,0.319349493,-0.095588445,0.993856986,0.055777605,-0.128689192,0.858403592,0.110672002,-0.500894182,-0.124834617,0.000000000,0.000000000,0.000000000,1.000000000
1790226887615637691,1790226887,615637691,1790226887623547555,FR_calflower1,-0.048193748,-0.000000000,-0.998838006,0.358937770,-0.110543402,0.993856986,0.005333699,-0.129964412,0.992702130,0.110672002,-0.047897694,-0.113382886,0.000000000,0.000000000,0.000000000,1.000000000
1790226887615637691,1790226887,615637691,1790226887623547555,FR_foot,-0.546527822,0.000000000,-0.837440947,0.384713711,-0.092681266,0.993856986,0.060485328,-0.130767113,0.832296536,0.110672002,-0.543170493,-0.106174466,0.000000000,0.000000000,0.000000000,1.000000000
1790226887615637691,1790226887,615637691,1790226887623547555,RL_hip,1.000000000,-0.000000000,0.000000000,-0.193400000,0.000000000,0.997931720,0.064282825,0.046500000,-0.000000000,-0.064282825,0.997931720,0.000000000,0.000000000,0.000000000,0.000000000,1.000000000
1790226887615637691,1790226887,615637691,1790226887623547555,RL_thigh,0.612478041,-0.000000000,0.790487602,-0.193400000,-0.050814777,0.997931720,0.039371819,0.141802479,-0.788852653,-0.064282825,0.611211265,-0.006139010,0.000000000,0.000000000,0.000000000,1.000000000
1790226887615637691,1790226887,615637691,1790226887623547555,RL_calf,0.830438951,-0.000000000,-0.557109637,-0.361773859,0.035812582,0.997931720,0.053382962,0.133416282,0.555957379,-0.064282825,0.828721371,-0.136327009,0.000000000,0.000000000,0.000000000,1.000000000
1790226887615637691,1790226887,615637691,1790226887623547555,RL_calflower,0.857244996,-0.000000000,-0.514908746,-0.262712854,0.033099789,0.997931720,0.055106130,0.126231855,0.513843771,-0.064282825,0.855471973,-0.247858625,0.000000000,0.000000000,0.000000000,1.000000000
1790226887615637691,1790226887,615637691,1790226887623547555,RL_calflower1,0.998146095,0.000000000,-0.060863556,-0.250688954,0.003912481,0.997931720,0.064163651,0.123696612,0.060737673,-0.064282825,0.996081650,-0.287215941,0.000000000,0.000000000,0.000000000,1.000000000
1790226887615637691,1790226887,615637691,1790226887623547555,RL_foot,0.830438951,-0.000000000,-0.557109637,-0.243109506,0.035812582,0.997931720,0.053382962,0.122045711,0.555957379,-0.064282825,0.828721371,-0.312844661,0.000000000,0.000000000,0.000000000,1.000000000
1790226887615637691,1790226887,615637691,1790226887623547555,RR_hip,1.000000000,-0.000000000,0.000000000,-0.193400000,0.000000000,0.999604938,0.028106361,-0.046500000,-0.000000000,-0.028106361,0.999604938,0.000000000,0.000000000,0.000000000,0.000000000,1.000000000
1790226887615637691,1790226887,615637691,1790226887623547555,RR_thigh,0.673282902,-0.000000000,0.739384970,-0.193400000,-0.020781421,0.999604938,0.018923532,-0.141962272,-0.739092867,-0.028106361,0.673016914,0.002684157,0.000000000,0.000000000,0.000000000,1.000000000
1790226887615637691,1790226887,615637691,1790226887623547555,RR_calf,0.794194835,0.000000000,-0.607663199,-0.350888999,0.017079201,0.999604938,0.022321927,-0.145992984,0.607423135,-0.028106361,0.793881079,-0.140668445,0.000000000,0.000000000,0.000000000,1.000000000
1790226887615637691,1790226887,615637691,1790226887623547555,RR_calflower,0.823572801,0.000000000,-0.567210580,-0.245070948,0.015942225,0.999604938,0.023147634,-0.148955045,0.566986497,-0.028106361,0.823247438,-0.246014382,0.000000000,0.000000000,0.000000000,1.000000000
1790226887615637691,1790226887,615637691,1790226887623547555,RR_calflower1,0.992430927,0.000000000,-0.122804136,-0.230618253,0.003451577,0.999604938,0.027893622,-0.150040373,0.122755621,-0.028106361,0.992038855,-0.284614145,0.000000000,0.000000000,0.000000000,1.000000000
1790226887615637691,1790226887,615637691,1790226887623547555,RR_foot,0.794194835,0.000000000,-0.607663199,-0.221456737,0.017079201,0.999604938,0.022321927,-0.150747554,0.607423135,-0.028106361,0.793881079,-0.309765115,0.000000000,0.000000000,0.000000000,1.000000000
1790226887717531933,1790226887,717531933,1790226887723712857,FL_hip,1.000000000,-0.000000000,0.000000000,0.193400000,0.000000000,0.994845826,0.101399129,0.046500000,-0.000000000,-0.101399129,0.994845826,0.000000000,0.000000000,0.000000000,0.000000000,1.000000000
1790226887717531933,1790226887,717531933,1790226887723712857,FL_thigh,0.910992372,0.000000000,-0.412423204,0.193400000,0.041819354,0.994845826,0.092373833,0.141507776,0.410297503,-0.101399129,0.906296958,-0.009683617,0.000000000,0.000000000,0.000000000,1.000000000
1790226887717531933,1790226887,717531933,1790226887723712857,FL_calf,-0.333425970,-0.000000000,-0.942776284,0.281246142,0.095596694,0.994845826,-0.033809103,0.121832150,0.937917051,-0.101399129,-0.331707435,-0.202724869,0.000000000,0.000000000,0.000000000,1.000000000
1790226887717531933,1790226887,717531933,1790226887723712857,FL_calflower,-0.285890099,0.000000000,-0.958262412,0.414108513,0.097166974,0.994845826,-0.028989007,0.128747831,0.953323361,-0.101399129,-0.284416572,-0.134873827,0.000000000,0.000000000,0.000000000,1.000000000
1790226887717531933,1790226887,717531933,1790226887723712857,FL_calflower1,0.188922560,0.000000000,-0.981991989,0.455297911,0.099573132,0.994845826,0.019156583,0.128935722,0.976930631,-0.101399129,0.187948820,-0.133030398,0.000000000,0.000000000,0.000000000,1.000000000
1790226887717531933,1790226887,717531933,1790226887723712857,FL_foot,-0.333425970,-0.000000000,-0.942776284,0.482057491,0.095596694,0.994845826,-0.033809103,0.129033489,0.937917051,-0.101399129,-0.331707435,-0.132071185,0.000000000,0.000000000,0.000000000,1.000000000
1790226887717531933,1790226887,717531933,1790226887723712857,FR_hip,1.000000000,0.000000000,0.000000000,0.193400000,0.000000000,0.990741702,-0.135760380,-0.046500000,0.000000000,0.135760380,0.990741702,0.000000000,0.000000000,0.000000000,0.000000000,1.000000000
1790226887717531933,1790226887,717531933,1790226887723712857,FR_thigh,0.903415109,0.000000000,-0.428767000,0.193400000,-0.058209571,0.990741702,-0.122647978,-0.141115833,0.424797347,0.135760380,0.895051023,-0.012965116,0.000000000,0.000000000,0.000000000,1.000000000
1790226887717531933,1790226887,717531933,1790226887723712857,FR_calf,-0.412889458,0.000000000,-0.910781146,0.284727371,-0.123647994,0.990741702,0.056054030,-0.114991813,0.902348862,0.135760380,-0.409066805,-0.203610984,0.000000000,0.000000000,0.000000000,1.000000000
1790226887717531933,1790226887,717531933,1790226887723712857,FR_calflower,-0.366853369,0.000000000,-0.930278778,0.411265191,-0.126295000,0.990741702,0.049804153,-0.125760769,0.921665980,0.135760380,-0.363456931,-0.125022120,0.000000000,0.000000000,0.000000000,1.000000000
1790226887717531933,1790226887,717531933,1790226887723712857,FR_calflower1,0.104186292,0.000000000,-0.994557800,0.452144876,-0.135021544,0.990741702,-0.014144371,-0.126489986,0.985349887,0.135760380,0.103221704,-0.119700502,0.000000000,0.000000000,0.000000000,1.000000000
1790226887717531933,1790226887,717531933,1790226887723712857,FR_foot,-0.412889458,0.000000000,-0.910781146,0.478723755,-0.123647994,0.990741702,0.056054030,-0.126931321,0.902348862,0.135760380,-0.409066805,-0.116479755,0.000000000,0.000000000,0.000000000,1.000000000
1790226887717531933,1790226887,717531933,1790226887723712857,RL_hip,1.000000000,-0.000000000,0.000000000,-0.193400000,0.000000000,0.997670966,0.068210288,0.046500000,-0.000000000,-0.068210288,0.997670966,0.000000000,0.000000000,0.000000000,0.000000000,1.000000000
1790226887717531933,1790226887,717531933,1790226887723712857,RL_thigh,0.532470331,0.000000000,0.846448668,-0.193400000,-0.057736508,0.997670966,0.036319955,0.141777577,-0.844477260,-0.068210288,0.531230189,-0.006514083,0.000000000,0.000000000,0.000000000,1.000000000
1790226887717531933,1790226887,717531933,1790226887723712857,RL_calf,0.923330406,-0.000000000,-0.384006459,-0.373693566,0.026193191,0.997670966,0.062980633,0.134041427,0.383112095,-0.068210288,0.921179938,-0.119666113,0.000000000,0.000000000,0.000000000,1.000000000
1790226887717531933,1790226887,717531933,1790226887723712857,RL_calflower,0.941368808,-0.000000000,-0.337379265,-0.298394002,0.023012737,0.997670966,0.064211038,0.125244157,0.336593497,-0.068210288,0.939176328,-0.248338502,0.000000000,0.000000000,0.000000000,1.000000000
1790226887717531933,1790226887,717531933,1790226887723712857,RL_calflower1,0.990784071,0.000000000,0.135450817,-0.294312520,-0.009239139,0.997670966,0.067581667,0.122445588,-0.135135348,-0.068210288,0.988476502,-0.289271490,0.000000000,0.000000000,0.000000000,1.000000000
1790226887717531933,1790226887,717531933,1790226887723712857,RL_foot,0.923330406,-0.000000000,-0.384006459,-0.291900190,0.026193191,0.997670966,0.062980633,0.120626552,0.383112095,-0.068210288,0.921179938,-0.315877440,0.000000000,0.000000000,0.000000000,1.000000000
1790226887717531933,1790226887,717531933,1790226887723712857,RR_hip,1.000000000,0.000000000,0.000000000,-0.193400000,0.000000000,0.998891032,-0.047081910,-0.046500000,0.000000000,0.047081910,0.998891032,0.000000000,0.000000000,0.000000000,0.000000000,1.000000000
1790226887717531933,1790226887,717531933,1790226887723712857,RR_thigh,0.558328087,-0.000000000,0.829620243,-0.193400000,0.039060106,0.998891032,-0.026287153,-0.141894094,-0.828700220,0.047081910,0.557708919,-0.004496322,0.000000000,0.000000000,0.000000000,1.000000000
1790226887717531933,1790226887,717531933,1790226887723712857,RR_calf,0.874924111,0.000000000,-0.484260055,-0.370109112,-0.022799888,0.998891032,-0.041193098,-0.136294930,0.483723026,0.047081910,0.873953848,-0.123288322,0.000000000,0.000000000,0.000000000,1.000000000
1790226887717531933,1790226887,717531933,1790226887723712857,RR_calflower,0.898033599,0.000000000,-0.439926875,-0.280940141,-0.020712598,0.998891032,-0.042281137,-0.130654349,0.439439011,0.047081910,0.897037708,-0.242959031,0.000000000,0.000000000,0.000000000,1.000000000
1790226887717531933,1790226887,717531933,1790226887723712857,RR_calflower1,0.999700312,0.000000000,0.024480310,-0.272323402,0.001152580,0.998891032,-0.047067800,-0.128755978,-0.024453162,0.047081910,0.998591677,-0.283234930,0.000000000,0.000000000,0.000000000,1.000000000
1790226887717531933,1790226887,717531933,1790226887723712857,RR_foot,0.874924111,0.000000000,-0.484260055,-0.266961720,-0.022799888,0.998891032,-0.041193098,-0.127520800,0.483723026,0.047081910,0.873953848,-0.309440492,0.000000000,0.000000000,0.000000000,1.000000000
1790226887783433390,1790226887,783433390,1790226887790451622,FL_hip,1.000000000,-0.000000000,0.000000000,0.193400000,0.000000000,0.994622413,0.103567638,0.046500000,-0.000000000,-0.103567638,0.994622413,0.000000000,0.000000000,0.000000000,0.000000000,1.000000000
1790226887783433390,1790226887,783433390,1790226887790451622,FL_thigh,0.942105892,0.000000000,-0.335315506,0.193400000,0.034727835,0.994622413,0.097571682,0.141486440,0.333512318,-0.103567638,0.937039635,-0.009890709,0.000000000,0.000000000,0.000000000,1.000000000
1790226887783433390,1790226887,783433390,1790226887790451622,FL_calf,-0.351649375,-0.000000000,-0.936131784,0.264822203,0.096952957,0.994622413,-0.036419495,0.120703672,0.931097654,-0.103567638,-0.349758350,-0.209480152,0.000000000,0.000000000,0.000000000,1.000000000
1790226887783433390,1790226887,783433390,1790226887790451622,FL_calflower,-0.304422816,-0.000000000,-0.952537007,0.396336719,0.098652008,0.994622413,-0.031528352,0.128032817,0.947414656,-0.103567638,-0.302785756,-0.139093963,0.000000000,0.000000000,0.000000000,1.000000000
1790226887783433390,1790226887,783433390,1790226887790451622,FL_calflower1,0.169840262,0.000000000,-0.985471606,0.437482428,0.102062966,0.994622413,0.017589955,0.128307431,0.980172146,-0.103567638,0.168926931,-0.136456679,0.000000000,0.000000000,0.000000000,1.000000000
1790226887783433390,1790226887,783433390,1790226887790451622,FL_foot,-0.351649375,-0.000000000,-0.936131784,0.464218273,0.096952957,0.994622413,-0.036419495,0.128461025,0.931097654,-0.103567638,-0.349758350,-0.134981623,0.000000000,0.000000000,0.000000000,1.000000000
1790226887783433390,1790226887,783433390,1790226887790451622,FR_hip,1.000000000,0.000000000,0.000000000,0.193400000,0.000000000,0.984141791,-0.177383582,-0.046500000,0.000000000,0.177383582,0.984141791,0.000000000,0.000000000,0.000000000,0.000000000,1.000000000
1790226887783433390,1790226887,783433390,1790226887790451622,FR_thigh,0.903622727,0.000000000,-0.428329275,0.193400000,-0.075978581,0.984141791,-0.160287836,-0.140485541,0.421536740,0.177383582,0.889292889,-0.016940132,0.000000000,0.000000000,0.000000000,1.000000000
1790226887783433390,1790226887,783433390,1790226887790451622,FR_calf,-0.374812071,0.000000000,-0.927100810,0.284634136,-0.164452463,0.984141791,0.066485508,-0.106344232,0.912398651,0.177383582,-0.368868223,-0.206359517,0.000000000,0.000000000,0.000000000,1.000000000
1790226887783433390,1790226887,783433390,1790226887790451622,FR_calflower,-0.328007925,-0.000000000,-0.944674971,0.414348814,-0.167569830,0.984141791,0.058183221,-0.119473136,0.929694118,0.177383582,-0.322806307,-0.133519047,0.000000000,0.000000000,0.000000000,1.000000000
1790226887783433390,1790226887,783433390,1790226887790451622,FR_calflower1,0.145289865,0.000000000,-0.989389132,0.455415892,-0.175501388,0.984141791,-0.025772037,-0.120124767,0.973699193,0.177383582,0.142985828,-0.129903736,0.000000000,0.000000000,0.000000000,1.000000000
1790226887783433390,1790226887,783433390,1790226887790451622,FR_foot,-0.374812071,0.000000000,-0.927100810,0.482106608,-0.164452463,0.984141791,0.066485508,-0.120505645,0.912398651,0.177383582,-0.368868223,-0.127790586,0.000000000,0.000000000,0.000000000,1.000000000
1790226887783433390,1790226887,783433390,1790226887790451622,RL_hip,1.000000000,-0.000000000,0.000000000,-0.193400000,0.000000000,0.999012935,0.044420224,0.046500000,-0.000000000,-0.044420224,0.999012935,0.000000000,0.000000000,0.000000000,0.000000000,1.000000000
1790226887783433390,1790226887,783433390,1790226887790451622,RL_thigh,0.540085817,0.000000000,0.841609952,-0.193400000,-0.037384503,0.999012935,0.023990733,0.141905735,-0.840779228,-0.044420224,0.539552717,-0.004242131,0.000000000,0.000000000,0.000000000,1.000000000
1790226887783433390,1790226887,783433390,1790226887790451622,RL_calf,0.897440363,-0.000000000,-0.441135800,-0.372662920,0.019595351,0.999012935,0.039864502,0.136795709,0.440700371,-0.044420224,0.896554531,-0.119166860,0.000000000,0.000000000,0.000000000,1.000000000
1790226887783433390,1790226887,783433390,1790226887790451622,RL_calflower,0.918366397,0.000000000,-0.395731172,-0.289426014,0.017578467,0.999012935,0.040794042,0.131287670,0.395340559,-0.044420224,0.917459910,-0.243042923,0.000000000,0.000000000,0.000000000,1.000000000
1790226887783433390,1790226887,783433390,1790226887790451622,RL_calflower1,0.997326746,0.000000000,0.073070938,-0.282780431,-0.003245827,0.999012935,0.044301478,0.129480123,-0.072998812,-0.044420224,0.996342319,-0.283694725,0.000000000,0.000000000,0.000000000,1.000000000
1790226887783433390,1790226887,783433390,1790226887790451622,RL_foot,0.897440363,-0.000000000,-0.441135800,-0.278700994,0.019595351,0.999012935,0.039864502,0.128304570,0.440700371,-0.044420224,0.896554531,-0.310132975,0.000000000,0.000000000,0.000000000,1.000000000
1790226887783433390,1790226887,783433390,1790226887790451622,RR_hip,1.000000000,0.000000000,0.000000000,-0.193400000,0.000000000,0.998178835,-0.060324232,-0.046500000,0.000000000,0.060324232,0.998178835,0.000000000,0.000000000,0.000000000,0.000000000,1.000000000
1790226887783433390,1790226887,783433390,1790226887790451622,RR_thigh,0.598720938,0.000000000,0.800957701,-0.193400000,0.048317158,0.998178835,-0.036117381,-0.141826079,-0.799499025,0.060324232,0.597630568,-0.005760964,0.000000000,0.000000000,0.000000000,1.000000000
1790226887783433390,1790226887,783433390,1790226887790451622,RR_calf,0.864996343,-0.000000000,-0.501778165,-0.364003990,-0.030269382,0.998178835,-0.052180240,-0.134133077,0.500864344,0.060324232,0.863421042,-0.133056275,0.000000000,0.000000000,0.000000000,1.000000000
1790226887783433390,1790226887,783433390,1790226887790451622,RR_calflower,0.888993779,0.000000000,-0.457919274,-0.272440895,-0.027623628,0.998178835,-0.053627867,-0.127015789,0.457085327,0.060324232,0.887374775,-0.250825303,0.000000000,0.000000000,0.000000000,1.000000000
1790226887783433390,1790226887,783433390,1790226887790451622,RR_calflower1,0.999990553,0.000000000,0.004346743,-0.263014062,0.000262214,0.998178835,-0.060323662,-0.124594438,-0.004338827,0.060324232,0.998169405,-0.290891147,0.000000000,0.000000000,0.000000000,1.000000000
1790226887783433390,1790226887,783433390,1790226887790451622,RR_foot,0.864996343,-0.000000000,-0.501778165,-0.257125241,-0.030269382,0.998178835,-0.052180240,-0.123018686,0.500864344,0.060324232,0.863421042,-0.316964957,0.000000000,0.000000000,0.000000000,1.000000000
1790226887852261145,1790226887,852261145,1790226887856973665,FL_hip,1.000000000,-0.000000000,0.000000000,0.193400000,0.000000000,0.992807114,0.119724831,0.046500000,-0.000000000,-0.119724831,0.992807114,0.000000000,0.000000000,0.000000000,0.000000000,1.000000000
1790226887852261145,1790226887,852261145,1790226887856973665,FL_thigh,0.995465332,0.000000000,-0.095125036,0.193400000,0.011388829,0.992807114,0.119181919,0.141313079,0.094440812,-0.119724831,0.988305063,-0.011433721,0.000000000,0.000000000,0.000000000,1.000000000
1790226887852261145,1790226887,852261145,1790226887856973665,FL_calf,-0.474457683,0.000000000,-0.880278312,0.213661633,0.105391172,0.992807114,-0.056804366,0.115927331,0.873946571,-0.119724831,-0.471044962,-0.221942700,0.000000000,0.000000000,0.000000000,1.000000000
1790226887852261145,1790226887,852261145,1790226887856973665,FL_calflower,-0.429869155,0.000000000,-0.902891195,0.334453669,0.108098496,0.992807114,-0.051466012,0.126442200,0.896396801,-0.119724831,-0.426777155,-0.134749114,0.000000000,0.000000000,0.000000000,1.000000000
1790226887852261145,1790226887,852261145,1790226887856973665,FL_calflower1,0.035644593,0.000000000,-0.999364530,0.374868009,0.119648750,0.992807114,0.004267543,0.127419856,0.992176214,-0.119724831,0.035388206,-0.126641996,0.000000000,0.000000000,0.000000000,1.000000000
1790226887852261145,1790226887,852261145,1790226887856973665,FL_foot,-0.474457683,0.000000000,-0.880278312,0.401160913,0.105391172,0.992807114,-0.056804366,0.128026661,0.873946571,-0.119724831,-0.471044962,-0.121610123,0.000000000,0.000000000,0.000000000,1.000000000
1790226887852261145,1790226887,852261145,1790226887856973665,FR_hip,1.000000000,0.000000000,0.000000000,0.193400000,0.000000000,0.984093415,-0.177651766,-0.046500000,0.000000000,0.177651766,0.984093415,0.000000000,0.000000000,0.000000000,0.000000000,1.000000000
1790226887852261145,1790226887,852261145,1790226887856973665,FR_thigh,0.915067544,0.000000000,-0.403300619,0.193400000,-0.071647067,0.984093415,-0.162563366,-0.140480921,0.396885484,0.177651766,0.900511945,-0.016965744,0.000000000,0.000000000,0.000000000,1.000000000
1790226887852261145,1790226887,852261145,1790226887856973665,FR_calf,-0.384658236,-0.000000000,-0.923059067,0.279303032,-0.163983074,0.984093415,0.068335215,-0.105854924,0.908376350,0.177651766,-0.378539637,-0.208774788,0.000000000,0.000000000,0.000000000,1.000000000
1790226887852261145,1790226887,852261145,1790226887856973665,FR_calflower,-0.338043788,-0.000000000,-0.941130383,0.408222609,-0.167193475,0.984093415,0.060054076,-0.119248198,0.926160213,0.177651766,-0.332666666,-0.134583395,0.000000000,0.000000000,0.000000000,1.000000000
1790226887852261145,1790226887,852261145,1790226887856973665,FR_calflower1,0.134751289,-0.000000000,-0.990879453,0.449248262,-0.176031485,0.984093415,-0.023938804,-0.119978426,0.975117945,0.177651766,0.132607856,-0.130538330,0.000000000,0.000000000,0.000000000,1.000000000
1790226887852261145,1790226887,852261145,1790226887856973665,FR_foot,-0.384658236,-0.000000000,-0.923059067,0.475914613,-0.163983074,0.984093415,0.068335215,-0.120410325,0.908376350,0.177651766,-0.378539637,-0.128145845,0.000000000,0.000000000,0.000000000,1.000000000
1790226887852261145,1790226887,852261145,1790226887856973665,RL_hip,1.000000000,-0.000000000,0.000000000,-0.193400000,0.000000000,0.999867043,0.016306333,0.046500000,-0.000000000,-0.016306333,0.999867043,0.000000000,0.000000000,0.000000000,0.000000000,1.000000000
1790226887852261145,1790226887,852261145,1790226887856973665,RL_thigh,0.565516020,-0.000000000,0.824737311,-0.193400000,-0.013448441,0.999867043,0.009221493,0.141987303,-0.824627656,-0.016306333,0.565440830,-0.001557255,0.000000000,0.000000000,0.000000000,1.000000000
1790226887852261145,1790226887,852261145,1790226887856973665,RL_calf,0.833157181,0.000000000,-0.553036266,-0.369069047,0.009017994,0.999867043,0.013585739,0.140023125,0.552962736,-0.016306333,0.833046407,-0.121996152,0.000000000,0.000000000,0.000000000,1.000000000
1790226887852261145,1790226887,852261145,1790226887856973665,RL_calflower,0.859756245,0.000000000,-0.510704611,-0.270556536,0.008327720,0.999867043,0.014019472,0.138192795,0.510636709,-0.016306333,0.859641934,-0.234227765,0.000000000,0.000000000,0.000000000,1.000000000
1790226887852261145,1790226887,852261145,1790226887856973665,RL_calflower1,0.998432178,0.000000000,-0.055974867,-0.258725914,0.000912745,0.999867043,0.016280768,0.137548739,0.055967425,-0.016306333,0.998299429,-0.273719810,0.000000000,0.000000000,0.000000000,1.000000000
1790226887852261145,1790226887,852261145,1790226887856973665,RL_foot,0.833157181,0.000000000,-0.553036266,-0.251272323,0.009017994,0.999867043,0.013585739,0.137129362,0.552962736,-0.016306333,0.833046407,-0.299435036,0.000000000,0.000000000,0.000000000,1.000000000
1790226887852261145,1790226887,852261145,1790226887856973665,RR_hip,1.000000000,0.000000000,0.000000000,-0.193400000,0.000000000,0.998060067,-0.062258350,-0.046500000,0.000000000,0.062258350,0.998060067,0.000000000,0.000000000,0.000000000,0.000000000,1.000000000
1790226887852261145,1790226887,852261145,1790226887856973665,RR_thigh,0.659216961,0.000000000,0.751952790,-0.193400000,0.046815340,0.998060067,-0.041041761,-0.141814736,-0.750494052,0.062258350,0.657938124,-0.005945672,0.000000000,0.000000000,0.000000000,1.000000000
1790226887852261145,1790226887,852261145,1790226887856973665,RR_calf,0.808658358,0.000000000,-0.588278556,-0.353565944,-0.036625252,0.998060067,-0.050345735,-0.133072841,0.587137335,0.062258350,0.807089615,-0.146086493,0.000000000,0.000000000,0.000000000,1.000000000
1790226887852261145,1790226887,852261145,1790226887856973665,RR_calflower,0.837049419,0.000000000,-0.547127288,-0.250327551,-0.034063242,0.998060067,-0.052113316,-0.126354178,0.546065898,0.062258350,0.835425600,-0.253793009,0.000000000,0.000000000,0.000000000,1.000000000
1790226887852261145,1790226887,852261145,1790226887856973665,RR_calflower1,0.995110573,-0.000000000,-0.098767136,-0.236812953,-0.006149079,0.998060067,-0.061953943,-0.123929013,0.098575534,0.062258350,0.993180126,-0.292670692,0.000000000,0.000000000,0.000000000,1.000000000
1790226887852261145,1790226887,852261145,1790226887856973665,RR_foot,0.808658358,0.000000000,-0.588278556,-0.228262612,-0.036625252,0.998060067,-0.050345735,-0.122349200,0.587137335,0.062258350,0.807089615,-0.317996581,0.000000000,0.000000000,0.000000000,1.000000000
1790226887919604167,1790226887,919604167,1790226887923719667,FL_hip,1.000000000,-0.000000000,0.000000000,0.193400000,0.000000000,0.998448976,0.055674439,0.046500000,-0.000000000,-0.055674439,0.998448976,0.000000000,0.000000000,0.000000000,0.000000000,1.000000000
1790226887919604167,1790226887,919604167,1790226887923719667,FL_thigh,0.998648175,0.000000000,-0.051979055,0.193400000,0.002893905,0.998448976,0.055599177,0.141851877,0.051898434,-0.055674439,0.997099247,-0.005316909,0.000000000,0.000000000,0.000000000,1.000000000
1790226887919604167,1790226887,919604167,1790226887923719667,FL_calf,-0.306350790,0.000000000,-0.951918690,0.204471539,0.052997539,0.998448976,-0.017055909,0.130009252,0.950442241,-0.055674439,-0.305875633,-0.217699049,0.000000000,0.000000000,0.000000000,1.000000000
1790226887919604167,1790226887,919604167,1790226887923719667,FL_calflower,-0.258391826,-0.000000000,-0.966040198,0.339228489,0.053783746,0.998448976,-0.014385820,0.133593478,0.964541846,-0.055674439,-0.257991054,-0.153420610,0.000000000,0.000000000,0.000000000,1.000000000
1790226887919604167,1790226887,919604167,1790226887923719667,FL_calflower1,0.216905008,0.000000000,-0.976192715,0.380454015,0.054348982,0.998448976,0.012076065,0.133631073,0.974678617,-0.055674439,0.216568583,-0.152746386,0.000000000,0.000000000,0.000000000,1.000000000
1790226887919604167,1790226887,919604167,1790226887923719667,FL_foot,-0.306350790,0.000000000,-0.951918690,0.407230220,0.052997539,0.998448976,-0.017055909,0.133642161,0.950442241,-0.055674439,-0.305875633,-0.152547539,0.000000000,0.000000000,0.000000000,1.000000000
1790226887919604167,1790226887,919604167,1790226887923719667,FR_hip,1.000000000,0.000000000,0.000000000,0.193400000,0.000000000,0.987475423,-0.157772900,-0.046500000,0.000000000,0.157772900,0.987475423,0.000000000,0.000000000,0.000000000,0.000000000,1.000000000
1790226887919604167,1790226887,919604167,1790226887923719667,FR_thigh,0.924243597,-0.000000000,-0.381803318,0.193400000,-0.060238217,0.987475423,-0.145820593,-0.140803903,0.377021393,0.157772900,0.912667837,-0.015067312,0.000000000,0.000000000,0.000000000,1.000000000
1790226887919604167,1790226887,919604167,1790226887923719667,FR_calf,-0.423356429,-0.000000000,-0.905963208,0.274724107,-0.142936443,0.987475423,0.066794172,-0.109744117,0.894616402,0.157772900,-0.418054069,-0.209465561,0.000000000,0.000000000,0.000000000,1.000000000
1790226887919604167,1790226887,919604167,1790226887923719667,FR_calflower,-0.377548056,0.000000000,-0.925989992,0.400339533,-0.146096127,0.987475423,0.059566852,-0.122488383,0.914392360,0.157772900,-0.372819426,-0.129701231,0.000000000,0.000000000,0.000000000,1.000000000
1790226887919604167,1790226887,919604167,1790226887923719667,FR_calflower1,0.092719687,-0.000000000,-0.995692252,0.441154613,-0.157093254,0.987475423,-0.014628654,-0.123410096,0.983221628,0.157772900,0.091558412,-0.123932378,0.000000000,0.000000000,0.000000000,1.000000000
1790226887919604167,1790226887,919604167,1790226887923719667,FR_foot,-0.423356429,-0.000000000,-0.905963208,0.467694270,-0.142936443,0.987475423,0.066794172,-0.123971275,0.894616402,0.157772900,-0.418054069,-0.120420045,0.000000000,0.000000000,0.000000000,1.000000000
1790226887919604167,1790226887,919604167,1790226887923719667,RL_hip,1.000000000,-0.000000000,0.000000000,-0.193400000,0.000000000,0.999533767,0.030532740,0.046500000,-0.000000000,-0.030532740,0.999533767,0.000000000,0.000000000,0.000000000,0.000000000,1.000000000
1790226887919604167,1790226887,919604167,1790226887923719667,RL_thigh,0.575685549,-0.000000000,0.817671174,-0.193400000,-0.024965741,0.999533767,0.017577257,0.141955475,-0.817289949,-0.030532740,0.575417146,-0.002915877,0.000000000,0.000000000,0.000000000,1.000000000
1790226887919604167,1790226887,919604167,1790226887923719667,RL_calf,0.799192042,0.000000000,-0.601075769,-0.367563960,0.018352490,0.999533767,0.024401523,0.138211519,0.600795528,-0.030532740,0.798819433,-0.125479729,0.000000000,0.000000000,0.000000000,1.000000000
1790226887919604167,1790226887,919604167,1790226887923719667,RL_calflower,0.828234528,0.000000000,-0.560381626,-0.262620905,0.017109987,0.999533767,0.025288270,0.134967143,0.560120358,-0.030532740,0.827848378,-0.231689094,0.000000000,0.000000000,0.000000000,1.000000000
1790226887919604167,1790226887,919604167,1790226887923719667,RL_calflower1,0.993412386,-0.000000000,-0.114594200,-0.248487986,0.003498875,0.999533767,0.030331602,0.133784513,0.114540772,-0.030532740,0.992949225,-0.270404233,0.000000000,0.000000000,0.000000000,1.000000000
1790226887919604167,1790226887,919604167,1790226887923719667,RL_foot,0.799192042,0.000000000,-0.601075769,-0.239534821,0.018352490,0.999533767,0.024401523,0.133013995,0.600795528,-0.030532740,0.798819433,-0.295628268,0.000000000,0.000000000,0.000000000,1.000000000
1790226887919604167,1790226887,919604167,1790226887923719667,RR_hip,1.000000000,0.000000000,0.000000000,-0.193400000,0.000000000,0.998269015,-0.058813044,-0.046500000,0.000000000,0.058813044,0.998269015,0.000000000,0.000000000,0.000000000,0.000000000,1.000000000
1790226887919604167,1790226887,919604167,1790226887923719667,RR_thigh,0.667779644,0.000000000,0.744359018,-0.193400000,0.043778020,0.998269015,-0.039274154,-0.141834691,-0.743070543,0.058813044,0.666623727,-0.005616646,0.000000000,0.000000000,0.000000000,1.000000000
1790226887919604167,1790226887,919604167,1790226887923719667,RR_calf,0.808830208,0.000000000,-0.588042256,-0.351948471,-0.034584555,0.998269015,-0.047569767,-0.133469296,0.587024363,0.058813044,0.807430135,-0.147607500,0.000000000,0.000000000,0.000000000,1.000000000
1790226887919604167,1790226887,919604167,1790226887923719667,RR_calflower,0.837209244,-0.000000000,-0.546882694,-0.248741613,-0.032163836,0.998269015,-0.049238824,-0.127120662,0.545936048,0.058813044,0.835760048,-0.255366672,0.000000000,0.000000000,0.000000000,1.000000000
1790226887919604167,1790226887,919604167,1790226887923719667,RR_calflower1,0.995139389,-0.000000000,-0.098476378,-0.235238398,-0.005791696,0.998269015,-0.058527177,-0.124829470,0.098305917,0.058813044,0.993416817,-0.294256435,0.000000000,0.000000000,0.000000000,1.000000000
1790226887919604167,1790226887,919604167,1790226887923719667,RR_foot,0.808830208,0.000000000,-0.588042256,-0.226695470,-0.034584555,0.998269015,-0.047569767,-0.123336936,0.587024363,0.058813044,0.807430135,-0.319590118,0.000000000,0.000000000,0.000000000,1.000000000
1790226888453523818,1790226888,453523818,1790226888457116911,FL_hip,1.000000000,-0.000000000,0.000000000,0.193400000,0.000000000,0.988302145,0.152508593,0.046500000,-0.000000000,-0.152508593,0.988302145,0.000000000,0.000000000,0.000000000,0.000000000,1.000000000
1790226888453523818,1790226888,453523818,1790226888457116911,FL_thigh,0.986769456,0.000000000,-0.162129705,0.193400000,0.024726173,0.988302145,0.150490821,0.140882855,0.160233135,-0.152508593,0.975226369,-0.014564571,0.000000000,0.000000000,0.000000000,1.000000000
1790226888453523818,1790226888,453523818,1790226888457116911,FL_calf,-0.466945477,0.000000000,-0.884286108,0.227933627,0.134861230,0.988302145,-0.071213198,0.108828310,0.873941857,-0.152508593,-0.461483217,-0.222287787,0.000000000,0.000000000,0.000000000,1.000000000
1790226888453523818,1790226888,453523818,1790226888457116911,FL_calflower,-0.422166032,0.000000000,-0.906518528,0.349469062,0.138251865,0.988302145,-0.064383947,0.122065088,0.895914205,-0.152508593,-0.417227595,-0.136509434,0.000000000,0.000000000,0.000000000,1.000000000
1790226888453523818,1790226888,453523818,1790226888457116911,FL_calflower1,0.044152252,-0.000000000,-0.999024814,0.389951463,0.152359868,0.988302145,0.006733598,0.123257927,0.987338366,-0.152508593,0.043635765,-0.128779472,0.000000000,0.000000000,0.000000000,1.000000000
1790226888453523818,1790226888,453523818,1790226888457116911,FL_foot,-0.466945477,0.000000000,-0.884286108,0.416286568,0.134861230,0.988302145,-0.071213198,0.123996721,0.873941857,-0.152508593,-0.461483217,-0.123991862,0.000000000,0.000000000,0.000000000,1.000000000
1790226888453523818,1790226888,453523818,1790226888457116911,FR_hip,1.000000000,0.000000000,0.000000000,0.193400000,0.000000000,0.995692187,-0.092720384,-0.046500000,0.000000000,0.092720384,0.995692187,0.000000000,0.000000000,0.000000000,0.000000000,1.000000000
1790226888453523818,1790226888,453523818,1790226888457116911,FR_thigh,0.945527492,0.000000000,-0.325542257,0.193400000,-0.030184403,0.995692187,-0.087669672,-0.141588604,0.324139882,0.092720384,0.941454336,-0.008854797,0.000000000,0.000000000,0.000000000,1.000000000
1790226888453523818,1790226888,453523818,1790226888457116911,FR_calf,-0.260186842,-0.000000000,-0.965558288,0.262740501,-0.089526935,0.995692187,0.024124624,-0.122914964,0.961398843,0.092720384,-0.259066006,-0.209384570,0.000000000,0.000000000,0.000000000,1.000000000
1790226888453523818,1790226888,453523818,1790226888457116911,FR_calflower,-0.211603875,0.000000000,-0.977355514,0.400439391,-0.090620779,0.995692187,0.019619993,-0.128275947,0.973145248,0.092720384,-0.210692325,-0.151814825,0.000000000,0.000000000,0.000000000,1.000000000
1790226888453523818,1790226888,453523818,1790226888457116911,FR_calflower1,0.263630860,-0.000000000,-0.964623641,0.441649650,-0.089440275,0.995692187,-0.024443955,-0.128154539,0.960468223,0.092720384,0.262495188,-0.153118584,0.000000000,0.000000000,0.000000000,1.000000000
1790226888453523818,1790226888,453523818,1790226888457116911,FR_foot,-0.260186842,-0.000000000,-0.965558288,0.468404416,-0.089526935,0.995692187,0.024124624,-0.128053509,0.961398843,0.092720384,-0.259066006,-0.154203511,0.000000000,0.000000000,0.000000000,1.000000000
1790226888453523818,1790226888,453523818,1790226888457116911,RL_hip,1.000000000,-0.000000000,0.000000000,-0.193400000,0.000000000,0.997612782,0.069056046,0.046500000,-0.000000000,-0.069056046,0.997612782,0.000000000,0.000000000,0.000000000,0.000000000,1.000000000
1790226888453523818,1790226888,453523818,1790226888457116911,RL_thigh,0.576353785,-0.000000000,0.817200290,-0.193400000,-0.056432621,0.997612782,0.039800713,0.141772021,-0.815249455,-0.069056046,0.574977903,-0.006594852,0.000000000,0.000000000,0.000000000,1.000000000
1790226888453523818,1790226888,453523818,1790226888457116911,RL_calf,0.809972081,-0.000000000,-0.586468437,-0.367463662,0.040499191,0.997612782,0.055933469,0.133294469,0.585068409,-0.069056046,0.808038501,-0.129065146,0.000000000,0.000000000,0.000000000,1.000000000
1790226888453523818,1790226888,453523818,1790226888457116911,RL_calflower,0.838271032,0.000000000,-0.545253773,-0.264466892,0.037653070,0.997612782,0.057887683,0.125826299,0.543952133,-0.069056046,0.836269896,-0.236953476,0.000000000,0.000000000,0.000000000,1.000000000
1790226888453523818,1790226888,453523818,1790226888457116911,RL_calflower1,0.995328987,0.000000000,-0.096541222,-0.251039451,0.006666755,0.997612782,0.068733484,0.123134261,0.096310757,-0.069056046,0.992952920,-0.275843793,0.000000000,0.000000000,0.000000000,1.000000000
1790226888453523818,1790226888,453523818,1790226888457116911,RL_foot,0.809972081,-0.000000000,-0.586468437,-0.242545885,0.040499191,0.997612782,0.055933469,0.121380640,0.585068409,-0.069056046,0.808038501,-0.301177346,0.000000000,0.000000000,0.000000000,1.000000000
1790226888453523818,1790226888,453523818,1790226888457116911,RR_hip,1.000000000,0.000000000,0.000000000,-0.193400000,0.000000000,0.999586714,-0.028747178,-0.046500000,0.000000000,0.028747178,0.999586714,0.000000000,0.000000000,0.000000000,0.000000000,1.000000000
1790226888453523818,1790226888,453523818,1790226888457116911,RR_thigh,0.562065105,0.000000000,0.827092992,-0.193400000,0.023776589,0.999586714,-0.016157785,-0.141960531,-0.826751166,0.028747178,0.561832812,-0.002745355,0.000000000,0.000000000,0.000000000,1.000000000
1790226888453523818,1790226888,453523818,1790226888457116911,RR_calf,0.825143651,0.000000000,-0.564922964,-0.369570807,-0.016239941,0.999586714,-0.023720551,-0.138518923,0.564689489,0.028747178,0.824802631,-0.122415744,0.000000000,0.000000000,0.000000000,1.000000000
1790226888453523818,1790226888,453523818,1790226888457116911,RR_calflower,0.852346817,-0.000000000,-0.522976963,-0.269459336,-0.015034112,0.999586714,-0.024502565,-0.135333080,0.522760824,0.028747178,0.851994554,-0.233192744,0.000000000,0.000000000,0.000000000,1.000000000
1790226888453523818,1790226888,453523818,1790226888457116911,RR_calflower1,0.997527170,0.000000000,-0.070281900,-0.257063725,-0.002020406,0.999586714,-0.028676091,-0.134202636,0.070252854,0.028747178,0.997114906,-0.272500134,0.000000000,0.000000000,0.000000000,1.000000000
1790226888453523818,1790226888,453523818,1790226888457116911,RR_foot,0.825143651,0.000000000,-0.564922964,-0.249242216,-0.016239941,0.999586714,-0.023720551,-0.133466446,0.564689489,0.028747178,0.824802631,-0.298098705,0.000000000,0.000000000,0.000000000,1.000000000
1790226888515614175,1790226888,515614175,1790226888523757324,FL_hip,1.000000000,-0.000000000,0.000000000,0.193400000,0.000000000,0.981262168,0.192677341,0.046500000,-0.000000000,-0.192677341,0.981262168,0.000000000,0.000000000,0.000000000,0.000000000,1.000000000
1790226888515614175,1790226888,515614175,1790226888523757324,FL_thigh,0.948646755,-0.000000000,-0.316337375,0.193400000,0.060951044,0.981262168,0.182782734,0.140210537,0.310409899,-0.192677341,0.930871171,-0.018400686,0.000000000,0.000000000,0.000000000,1.000000000
1790226888515614175,1790226888,515614175,1790226888523757324,FL_calf,-0.277179239,0.000000000,-0.960818229,0.260779861,0.185127902,0.981262168,-0.053406159,0.101277815,0.942814579,-0.192677341,-0.271985501,-0.216676245,0.000000000,0.000000000,0.000000000,1.000000000
1790226888515614175,1790226888,515614175,1790226888523757324,FL_calflower,-0.228811940,-0.000000000,-0.973470645,0.397437374,0.187565736,0.981262168,-0.044086876,0.112884484,0.955229915,-0.192677341,-0.224524501,-0.157566100,0.000000000,0.000000000,0.000000000,1.000000000
1790226888515614175,1790226888,515614175,1790226888523757324,FL_calflower1,0.246573442,-0.000000000,-0.969124108,0.438664319,0.186728256,0.981262168,0.047509115,0.112772302,0.950964824,-0.192677341,0.241953191,-0.158137419,0.000000000,0.000000000,0.000000000,1.000000000
1790226888515614175,1790226888,515614175,1790226888523757324,FL_foot,-0.277179239,0.000000000,-0.960818229,0.465434144,0.185127902,0.981262168,-0.053406159,0.112653326,0.942814579,-0.192677341,-0.271985501,-0.158743334,0.000000000,0.000000000,0.000000000,1.000000000
1790226888515614175,1790226888,515614175,1790226888523757324,FR_hip,1.000000000,0.000000000,0.000000000,0.193400000,0.000000000,0.997792894,-0.066402862,-0.046500000,0.000000000,0.066402862,0.997792894,0.000000000,0.000000000,0.000000000,0.000000000,1.000000000
1790226888515614175,1790226888,515614175,1790226888523757324,FR_thigh,0.950582552,0.000000000,-0.310471919,0.193400000,-0.020616224,0.997792894,-0.063121402,-0.141789221,0.309786675,0.066402862,0.948484515,-0.006341473,0.000000000,0.000000000,0.000000000,1.000000000
1790226888515614175,1790226888,515614175,1790226888523757324,FR_calf,-0.273002569,-0.000000000,-0.962013304,0.259530519,-0.063880437,0.997792894,0.018128152,-0.128344363,0.959890039,0.066402862,-0.272400023,-0.208368675,0.000000000,0.000000000,0.000000000,1.000000000
1790226888515614175,1790226888,515614175,1790226888523757324,FR_calflower,-0.224580761,0.000000000,-0.974455480,0.396448436,-0.064706633,0.997792894,0.014912805,-0.132304938,0.972304753,0.066402862,-0.224085087,-0.148855671,0.000000000,0.000000000,0.000000000,1.000000000
1790226888515614175,1790226888,515614175,1790226888523757324,FR_calflower1,0.250781253,-0.000000000,-0.968043782,0.437672463,-0.064280878,0.997792894,-0.016652593,-0.132254384,0.965907207,0.066402862,0.250227753,-0.149615315,0.000000000,0.000000000,0.000000000,1.000000000
1790226888515614175,1790226888,515614175,1790226888523757324,FR_foot,-0.273002569,-0.000000000,-0.962013304,0.464439353,-0.063880437,0.997792894,0.018128152,-0.132205659,0.959890039,0.066402862,-0.272400023,-0.150347470,0.000000000,0.000000000,0.000000000,1.000000000
1790226888515614175,1790226888,515614175,1790226888523757324,RL_hip,1.000000000,-0.000000000,0.000000000,-0.193400000,0.000000000,0.993907711,0.110215528,0.046500000,-0.000000000,-0.110215528,0.993907711,0.000000000,0.000000000,0.000000000,0.000000000,1.000000000
1790226888515614175,1790226888,515614175,1790226888523757324,RL_thigh,0.551325321,0.000000000,0.834290352,-0.193400000,-0.091951752,0.993907711,0.060764611,0.141418186,-0.829207613,-0.110215528,0.547966487,-0.010525583,0.000000000,0.000000000,0.000000000,1.000000000
1790226888515614175,1790226888,515614175,1790226888523757324,RL_calf,0.801113848,0.000000000,-0.598511991,-0.371103845,0.065965315,0.993907711,0.088295186,0.128475324,0.594865683,-0.110215528,0.796233230,-0.127242445,0.000000000,0.000000000,0.000000000,1.000000000
1790226888515614175,1790226888,515614175,1790226888523757324,RL_calflower,0.830025796,0.000000000,-0.557725002,-0.266501793,0.061469956,0.993907711,0.091481731,0.116726943,0.554327180,-0.110215528,0.824969039,-0.233187649,0.000000000,0.000000000,0.000000000,1.000000000
1790226888515614175,1790226888,515614175,1790226888523757324,RL_calflower1,0.993774458,-0.000000000,-0.111410617,-0.252493051,0.012279180,0.993907711,0.109529377,0.112452974,0.110731872,-0.110215528,0.987720097,-0.271729683,0.000000000,0.000000000,0.000000000,1.000000000
1790226888515614175,1790226888,515614175,1790226888523757324,RL_foot,0.801113848,0.000000000,-0.598511991,-0.243620791,0.065965315,0.993907711,0.088295186,0.109668450,0.594865683,-0.110215528,0.796233230,-0.296840123,0.000000000,0.000000000,0.000000000,1.000000000
1790226888515614175,1790226888,515614175,1790226888523757324,RR_hip,1.000000000,-0.000000000,0.000000000,-0.193400000,0.000000000,0.999991091,0.004221079,-0.046500000,-0.000000000,-0.004221079,0.999991091,0.000000000,0.000000000,0.000000000,0.000000000,1.000000000
1790226888515614175,1790226888,515614175,1790226888523757324,RR_thigh,0.522954612,0.000000000,0.852360530,-0.193400000,-0.003597881,0.999991091,0.002207432,-0.141999149,-0.852352937,-0.004221079,0.522949954,0.000403113,0.000000000,0.000000000,0.000000000,1.000000000
1790226888515614175,1790226888,515614175,1790226888523757324,RR_calf,0.894707918,-0.000000000,-0.446651701,-0.374952793,0.001885352,0.999991091,0.003776632,-0.142469332,0.446647722,-0.004221079,0.894699947,-0.110985227,0.000000000,0.000000000,0.000000000,1.000000000
1790226888515614175,1790226888,515614175,1790226888523757324,RR_calflower,0.915913047,0.000000000,-0.401376744,-0.290954183,0.001694243,0.999991091,0.003866141,-0.142990567,0.401373168,-0.004221079,0.915904887,-0.234467865,0.000000000,0.000000000,0.000000000,1.000000000
1790226888515614175,1790226888,515614175,1790226888523757324,RR_calflower1,0.997757644,-0.000000000,0.066930438,-0.284058244,-0.000282519,0.999991091,0.004211613,-0.143162155,-0.066929841,-0.004221079,0.997748755,-0.275117792,0.000000000,0.000000000,0.000000000,1.000000000
1790226888515614175,1790226888,515614175,1790226888523757324,RR_foot,0.894707918,-0.000000000,-0.446651701,-0.279815981,0.001885352,0.999991091,0.003776632,-0.143273755,0.446647722,-0.004221079,0.894699947,-0.301556316,0.000000000,0.000000000,0.000000000,1.000000000
1790226888584824425,1790226888,584824425,1790226888590374157,FL_hip,1.000000000,-0.000000000,0.000000000,0.193400000,0.000000000,0.979599546,0.200959520,0.046500000,-0.000000000,-0.200959520,0.979599546,0.000000000,0.000000000,0.000000000,0.000000000,1.000000000
1790226888584824425,1790226888,584824425,1790226888590374157,FL_thigh,0.942814450,-0.000000000,-0.333318035,0.193400000,0.066983432,0.979599546,0.189467539,0.140051757,0.326518196,-0.200959520,0.923580608,-0.019191634,0.000000000,0.000000000,0.000000000,1.000000000
1790226888584824425,1790226888,584824425,1790226888590374157,FL_calf,-0.281783916,0.000000000,-0.959477892,0.264396741,0.192816216,0.979599546,-0.056627160,0.099695171,0.939904108,-0.200959520,-0.276035396,-0.215914304,0.000000000,0.000000000,0.000000000,1.000000000
1790226888584824425,1790226888,584824425,1790226888590374157,FL_calflower,-0.233477852,-0.000000000,-0.972362120,0.400763791,0.195405425,0.979599546,-0.046919597,0.111932315,0.952525492,-0.200959520,-0.228714798,-0.156262983,0.000000000,0.000000000,0.000000000,1.000000000
1790226888584824425,1790226888,584824425,1790226888590374157,FL_calflower1,0.241922909,0.000000000,-0.970295474,0.441993054,0.194990112,0.979599546,0.048616712,0.111855045,0.950501006,-0.200959520,0.236987572,-0.156639646,0.000000000,0.000000000,0.000000000,1.000000000
1790226888584824425,1790226888,584824425,1790226888590374157,FL_foot,-0.281783916,0.000000000,-0.959477892,0.468765532,0.192816216,0.979599546,-0.056627160,0.111756756,0.939904108,-0.200959520,-0.276035396,-0.157118764,0.000000000,0.000000000,0.000000000,1.000000000
1790226888584824425,1790226888,584824425,1790226888590374157,FR_hip,1.000000000,0.000000000,0.000000000,0.193400000,0.000000000,0.988822662,-0.149096422,-0.046500000,0.000000000,0.149096422,0.988822662,0.000000000,0.000000000,0.000000000,0.000000000,1.000000000
1790226888584824425,1790226888,584824425,1790226888590374157,FR_thigh,0.963754556,0.000000000,-0.266790471,0.193400000,-0.039777505,0.988822662,-0.143692356,-0.140932564,0.263808464,0.149096422,0.952982346,-0.014238708,0.000000000,0.000000000,0.000000000,1.000000000
1790226888584824425,1790226888,584824425,1790226888590374157,FR_calf,-0.401742239,0.000000000,-0.915752791,0.250226370,-0.136535465,0.988822662,0.059898331,-0.110326092,0.905517112,0.149096422,-0.397251830,-0.217223948,0.000000000,0.000000000,0.000000000,1.000000000
1790226888584824425,1790226888,584824425,1790226888590374157,FR_calflower,-0.355471602,0.000000000,-0.934687081,0.377722939,-0.139358500,0.988822662,0.052999544,-0.121921755,0.924239768,0.149096422,-0.351498376,-0.140320335,0.000000000,0.000000000,0.000000000,1.000000000
1790226888584824425,1790226888,584824425,1790226888590374157,FR_calflower1,0.116317523,0.000000000,-0.993212079,0.418665138,-0.148084368,0.988822662,-0.017342527,-0.122648151,0.982110612,0.149096422,0.115017403,-0.135502797,0.000000000,0.000000000,0.000000000,1.000000000
1790226888584824425,1790226888,584824425,1790226888590374157,FR_foot,-0.401742239,0.000000000,-0.915752791,0.445281715,-0.136535465,0.988822662,0.059898331,-0.123084437,0.905517112,0.149096422,-0.397251830,-0.132609308,0.000000000,0.000000000,0.000000000,1.000000000
1790226888584824425,1790226888,584824425,1790226888590374157,RL_hip,1.000000000,-0.000000000,0.000000000,-0.193400000,0.000000000,0.994931951,0.100550553,0.046500000,-0.000000000,-0.100550553,0.994931951,0.000000000,0.000000000,0.000000000,0.000000000,1.000000000
1790226888584824425,1790226888,584824425,1790226888590374157,RL_thigh,0.616586400,-0.000000000,0.787287248,-0.193400000,-0.079162168,0.994931951,0.061998104,0.141516001,-0.783297237,-0.100550553,0.613461510,-0.009602578,0.000000000,0.000000000,0.000000000,1.000000000
1790226888584824425,1790226888,584824425,1790226888590374157,RL_calf,0.829904679,0.000000000,-0.557905211,-0.361092184,0.056097677,0.994931951,0.083447374,0.128310405,0.555077719,-0.100550553,0.825698681,-0.140269879,0.000000000,0.000000000,0.000000000,1.000000000
1790226888584824425,1790226888,584824425,1790226888590374157,RL_calflower,0.856751153,-0.000000000,-0.515730028,-0.261924119,0.051856940,0.994931951,0.086146802,0.117082147,0.513116283,-0.100550553,0.852409096,-0.251371730,0.000000000,0.000000000,0.000000000,1.000000000
1790226888584824425,1790226888,584824425,1790226888590374157,RL_calflower1,0.998087310,0.000000000,-0.061820075,-0.249862430,0.006216043,0.994931951,0.100358231,0.113117706,0.061506768,-0.100550553,0.993028954,-0.290599256,0.000000000,0.000000000,0.000000000,1.000000000
1790226888584824425,1790226888,584824425,1790226888590374157,RL_foot,0.829904679,0.000000000,-0.557905211,-0.242258374,0.056097677,0.994931951,0.083447374,0.110536114,0.555077719,-0.100550553,0.825698681,-0.316143698,0.000000000,0.000000000,0.000000000,1.000000000
1790226888584824425,1790226888,584824425,1790226888590374157,RR_hip,1.000000000,0.000000000,0.000000000,-0.193400000,0.000000000,0.997420900,-0.071774294,-0.046500000,0.000000000,0.071774294,0.997420900,0.000000000,0.000000000,0.000000000,0.000000000,1.000000000
1790226888584824425,1790226888,584824425,1790226888590374157,RR_thigh,0.550946389,0.000000000,0.834540638,-0.193400000,0.059898565,0.997420900,-0.039543788,-0.141753696,-0.832388274,0.071774294,0.549525443,-0.006854445,0.000000000,0.000000000,0.000000000,1.000000000
1790226888584824425,1790226888,584824425,1790226888590374157,RR_calf,0.882840017,-0.000000000,-0.469673829,-0.371157156,-0.033710507,0.997420900,-0.063365219,-0.133330869,0.468462493,0.071774294,0.880563083,-0.123903364,0.000000000,0.000000000,0.000000000,1.000000000
1790226888584824425,1790226888,584824425,1790226888590374157,RR_calflower,0.905210604,0.000000000,-0.424963248,-0.283988629,-0.030501437,0.997420900,-0.064970852,-0.124627027,0.423867225,0.071774294,0.902875975,-0.244857451,0.000000000,0.000000000,0.000000000,1.000000000
1790226888584824425,1790226888,584824425,1790226888590374157,RR_calflower1,0.999156388,-0.000000000,0.041067163,-0.276042205,0.002947567,0.997420900,-0.071713744,-0.121723178,-0.040961247,0.071774294,0.996579463,-0.285211162,0.000000000,0.000000000,0.000000000,1.000000000
1790226888584824425,1790226888,584824425,1790226888590374157,RR_foot,0.882840017,-0.000000000,-0.469673829,-0.271116630,-0.033710507,0.997420900,-0.063365219,-0.119834078,0.468462493,0.071774294,0.880563083,-0.311463301,0.000000000,0.000000000,0.000000000,1.000000000
1790226888655167866,1790226888,655167866,1790226888656886786,FL_hip,1.000000000,-0.000000000,0.000000000,0.193400000,0.000000000,0.986968853,0.160911413,0.046500000,-0.000000000,-0.160911413,0.986968853,0.000000000,0.000000000,0.000000000,0.000000000,1.000000000
1790226888655167866,1790226888,655167866,1790226888656886786,FL_thigh,0.948426240,0.000000000,-0.316997899,0.193400000,0.051008580,0.986968853,0.152612607,0.140755525,0.312867053,-0.160911413,0.936067158,-0.015367040,0.000000000,0.000000000,0.000000000,1.000000000
1790226888655167866,1790226888,655167866,1790226888656886786,FL_calf,-0.269506907,0.000000000,-0.962998456,0.260920553,0.154957443,0.986968853,-0.043366737,0.108249040,0.950449482,-0.160911413,-0.265994923,-0.214749345,0.000000000,0.000000000,0.000000000,1.000000000
1790226888655167866,1790226888,655167866,1790226888656886786,FL_calflower,-0.221040231,-0.000000000,-0.975264690,0.398054186,0.156931220,0.986968853,-0.035567896,0.117766466,0.962555873,-0.160911413,-0.218159823,-0.156373106,0.000000000,0.000000000,0.000000000,1.000000000
1790226888655167866,1790226888,655167866,1790226888656886786,FL_calflower1,0.254295362,0.000000000,-0.967126604,0.439275176,0.155621709,0.986968853,0.040919026,0.117619870,0.954523835,-0.160911413,0.250981602,-0.157272272,0.000000000,0.000000000,0.000000000,1.000000000
1790226888655167866,1790226888,655167866,1790226888656886786,FL_foot,-0.269506907,0.000000000,-0.962998456,0.466039224,0.154957443,0.986968853,-0.043366737,0.117486155,0.950449482,-0.160911413,-0.265994923,-0.158092426,0.000000000,0.000000000,0.000000000,1.000000000
1790226888655167866,1790226888,655167866,1790226888656886786,FR_hip,1.000000000,0.000000000,0.000000000,0.193400000,0.000000000,0.984684910,-0.174343420,-0.046500000,0.000000000,0.174343420,0.984684910,0.000000000,0.000000000,0.000000000,0.000000000,1.000000000
1790226888655167866,1790226888,655167866,1790226888656886786,FR_thigh,0.986423628,0.000000000,-0.164220662,0.193400000,-0.028630792,0.984684910,-0.171976469,-0.140537409,0.161705607,0.174343420,0.971316461,-0.016649797,0.000000000,0.000000000,0.000000000,1.000000000
1790226888655167866,1790226888,655167866,1790226888656886786,FR_calf,-0.626281175,0.000000000,-0.779597262,0.228379001,-0.135917653,0.984684910,0.109188002,-0.103906421,0.767657659,0.174343420,-0.616689622,-0.223540203,0.000000000,0.000000000,0.000000000,1.000000000
1790226888655167866,1790226888,655167866,1790226888656886786,FR_calflower,-0.586534863,0.000000000,-0.809923981,0.331233772,-0.141204917,0.984684910,0.102258494,-0.122784598,0.797519922,0.174343420,-0.577552028,-0.116916986,0.000000000,0.000000000,0.000000000,1.000000000
1790226888655167866,1790226888,655167866,1790226888656886786,FR_calflower1,-0.146247417,-0.000000000,-0.989248044,0.369496080,-0.172468888,0.984684910,0.025497275,-0.125462889,0.974097621,0.174343420,-0.144007625,-0.101790104,0.000000000,0.000000000,0.000000000,1.000000000
1790226888655167866,1790226888,655167866,1790226888656886786,FR_foot,-0.626281175,0.000000000,-0.779597262,0.394433218,-0.135917653,0.984684910,0.109188002,-0.127163465,0.767657659,0.174343420,-0.616689622,-0.092185313,0.000000000,0.000000000,0.000000000,1.000000000
1790226888655167866,1790226888,655167866,1790226888656886786,RL_hip,1.000000000,-0.000000000,0.000000000,-0.193400000,0.000000000,0.995756986,0.092021867,0.046500000,-0.000000000,-0.092021867,0.995756986,0.000000000,0.000000000,0.000000000,0.000000000,1.000000000
1790226888655167866,1790226888,655167866,1790226888656886786,RL_thigh,0.647089058,-0.000000000,0.762414423,-0.193400000,-0.070158798,0.995756986,0.059546343,0.141594792,-0.759179488,-0.092021867,0.644343450,-0.008788088,0.000000000,0.000000000,0.000000000,1.000000000
1790226888655167866,1790226888,655167866,1790226888656886786,RL_calf,0.842791111,0.000000000,-0.538240786,-0.355794272,0.049529922,0.995756986,0.077555211,0.128911421,0.535957023,-0.092021867,0.839215137,-0.146033243,0.000000000,0.000000000,0.000000000,1.000000000
1790226888655167866,1790226888,655167866,1790226888656886786,RL_calflower,0.868638669,0.000000000,-0.495446126,-0.259278813,0.045591877,0.995756986,0.079933752,0.118423848,0.493343941,-0.092021867,0.864953023,-0.259517943,0.000000000,0.000000000,0.000000000,1.000000000
1790226888655167866,1790226888,655167866,1790226888656886786,RL_calflower1,0.999264792,0.000000000,-0.038338950,-0.248147355,0.003528022,0.995756986,0.091954211,0.114770580,0.038176277,-0.092021867,0.995024898,-0.299049503,0.000000000,0.000000000,0.000000000,1.000000000
1790226888655167866,1790226888,655167866,1790226888656886786,RL_foot,0.842791111,0.000000000,-0.538240786,-0.241148985,0.049529922,0.995756986,0.077555211,0.112392161,0.535957023,-0.092021867,0.839215137,-0.324786067,0.000000000,0.000000000,0.000000000,1.000000000
1790226888655167866,1790226888,655167866,1790226888656886786,RR_hip,1.000000000,0.000000000,0.000000000,-0.193400000,0.000000000,0.998793467,-0.049108158,-0.046500000,0.000000000,0.049108158,0.998793467,0.000000000,0.000000000,0.000000000,0.000000000,1.000000000
1790226888655167866,1790226888,655167866,1790226888656886786,RR_thigh,0.600029667,0.000000000,0.799977749,-0.193400000,0.039285434,0.998793467,-0.029466352,-0.141884776,-0.799012549,0.049108158,0.599305711,-0.004689829,0.000000000,0.000000000,0.000000000,1.000000000
1790226888655167866,1790226888,655167866,1790226888656886786,RR_calf,0.872000114,0.000000000,-0.489505669,-0.363795261,-0.024038722,0.998793467,-0.042822319,-0.135608443,0.488915064,0.049108158,0.870948017,-0.132341946,0.000000000,0.000000000,0.000000000,1.000000000
1790226888655167866,1790226888,655167866,1790226888656886786,RR_calflower,0.895375428,-0.000000000,-0.445312074,-0.273908419,-0.021868456,0.998793467,-0.043970238,-0.129751514,0.444774790,0.049108158,0.894295128,-0.251463951,0.000000000,0.000000000,0.000000000,1.000000000
1790226888655167866,1790226888,655167866,1790226888656886786,RR_calflower1,0.999829301,-0.000000000,0.018476179,-0.265049691,0.000907331,0.998793467,-0.049099775,-0.127774020,-0.018453887,0.049108158,0.998622973,-0.291683504,0.000000000,0.000000000,0.000000000,1.000000000
1790226888655167866,1790226888,655167866,1790226888656886786,RR_foot,0.872000114,0.000000000,-0.489505669,-0.259530553,-0.024038722,0.998793467,-0.042822319,-0.126487289,0.488915064,0.049108158,0.870948017,-0.317853873,0.000000000,0.000000000,0.000000000,1.000000000
1790226888721632511,1790226888,721632511,1790226888723556089,FL_hip,1.000000000,-0.000000000,0.000000000,0.193400000,0.000000000,0.994973966,0.100133944,0.046500000,-0.000000000,-0.100133944,0.994973966,0.000000000,0.000000000,0.000000000,0.000000000,1.000000000
1790226888721632511,1790226888,721632511,1790226888723556089,FL_thigh,0.960224913,0.000000000,-0.279227715,0.193400000,0.027960172,0.994973966,0.096151107,0.141520014,0.277824307,-0.100133944,0.955398790,-0.009562792,0.000000000,0.000000000,0.000000000,1.000000000
1790226888721632511,1790226888,721632511,1790226888723556089,FL_calf,-0.256184659,-0.000000000,-0.966627860,0.252875503,0.096792260,0.994973966,-0.025652780,0.121039828,0.961769556,-0.100133944,-0.254897066,-0.213062734,0.000000000,0.000000000,0.000000000,1.000000000
1790226888721632511,1790226888,721632511,1790226888723556089,FL_calflower,-0.207553237,0.000000000,-0.978223724,0.390812734,0.097953399,0.994973966,-0.020783124,0.126772285,0.973307138,-0.100133944,-0.206510068,-0.156102577,0.000000000,0.000000000,0.000000000,1.000000000
1790226888721632511,1790226888,721632511,1790226888723556089,FL_calflower1,0.267624677,0.000000000,-0.963523239,0.432017215,0.096481382,0.994973966,0.026798314,0.126624076,0.958680539,-0.100133944,0.266279586,-0.157575246,0.000000000,0.000000000,0.000000000,1.000000000
1790226888721632511,1790226888,721632511,1790226888723556089,FL_foot,-0.256184659,-0.000000000,-0.966627860,0.458767238,0.096792260,0.994973966,-0.025652780,0.126503870,0.961769556,-0.100133944,-0.254897066,-0.158769659,0.000000000,0.000000000,0.000000000,1.000000000
1790226888721632511,1790226888,721632511,1790226888723556089,FR_hip,1.000000000,0.000000000,0.000000000,0.193400000,0.000000000,0.998944307,-0.045937698,-0.046500000,0.000000000,0.045937698,0.998944307,0.000000000,0.000000000,0.000000000,0.000000000,1.000000000
1790226888721632511,1790226888,721632511,1790226888723556089,FR_thigh,0.963325203,-0.000000000,-0.268336641,0.193400000,-0.012326767,0.998944307,-0.044252942,-0.141899181,0.268053360,0.045937698,0.962308227,-0.004387050,0.000000000,0.000000000,0.000000000,1.000000000
1790226888721632511,1790226888,721632511,1790226888723556089,FR_calf,-0.495832863,-0.000000000,-0.868417971,0.250555705,-0.039893122,0.998944307,0.022777420,-0.132473305,0.867501188,0.045937698,-0.495309415,-0.209358703,0.000000000,0.000000000,0.000000000,1.000000000
1790226888721632511,1790226888,721632511,1790226888723556089,FR_calflower,-0.451810392,0.000000000,-0.892113989,0.369164907,-0.040981663,0.998944307,0.020755129,-0.136642225,0.891172191,0.045937698,-0.451333419,-0.118702885,0.000000000,0.000000000,0.000000000,1.000000000
1790226888721632511,1790226888,721632511,1790226888723556089,FR_calflower1,0.011206139,0.000000000,-0.999937209,0.409367571,-0.045934813,0.998944307,-0.000514784,-0.137062614,0.998881582,0.045937698,0.011194309,-0.109561270,0.000000000,0.000000000,0.000000000,1.000000000
1790226888721632511,1790226888,721632511,1790226888723556089,FR_foot,-0.495832863,-0.000000000,-0.868417971,0.435528732,-0.039893122,0.998944307,0.022777420,-0.137324895,0.867501188,0.045937698,-0.495309415,-0.103857797,0.000000000,0.000000000,0.000000000,1.000000000
1790226888721632511,1790226888,721632511,1790226888723556089,RL_hip,1.000000000,-0.000000000,0.000000000,-0.193400000,0.000000000,0.997970462,0.063678542,0.046500000,-0.000000000,-0.063678542,0.997970462,0.000000000,0.000000000,0.000000000,0.000000000,1.000000000
1790226888721632511,1790226888,721632511,1790226888723556089,RL_thigh,0.552840057,-0.000000000,0.833287388,-0.193400000,-0.053062526,0.997970462,0.035204049,0.141806179,-0.831596200,-0.063678542,0.551718047,-0.006081301,0.000000000,0.000000000,0.000000000,1.000000000
1790226888721632511,1790226888,721632511,1790226888723556089,RL_calf,0.901060525,0.000000000,-0.433693360,-0.370890214,0.027616961,0.997970462,0.057378221,0.134307717,0.432813163,-0.063678542,0.899231789,-0.123597245,0.000000000,0.000000000,0.000000000,1.000000000
1790226888721632511,1790226888,721632511,1790226888723556089,RL_calflower,0.921610068,-0.000000000,-0.388117099,-0.288682386,0.024714731,0.997970462,0.058686786,0.126368079,0.387329401,-0.063678542,0.919739625,-0.248027286,0.000000000,0.000000000,0.000000000,1.000000000
1790226888721632511,1790226888,721632511,1790226888723556089,RL_calflower1,0.996687845,0.000000000,0.081322441,-0.282373803,-0.005178494,0.997970462,0.063467629,0.123773460,-0.081157394,-0.063678542,0.994665029,-0.288690165,0.000000000,0.000000000,0.000000000,1.000000000
1790226888721632511,1790226888,721632511,1790226888723556089,RL_foot,0.901060525,0.000000000,-0.433693360,-0.278513528,0.027616961,0.997970462,0.057378221,0.122086156,0.432813163,-0.063678542,0.899231789,-0.315133616,0.000000000,0.000000000,0.000000000,1.000000000
1790226888721632511,1790226888,721632511,1790226888723556089,RR_hip,1.000000000,0.000000000,0.000000000,-0.193400000,0.000000000,0.995407376,-0.095729598,-0.046500000,0.000000000,0.095729598,0.995407376,0.000000000,0.000000000,0.000000000,0.000000000,1.000000000
1790226888721632511,1790226888,721632511,1790226888723556089,RR_thigh,0.526897524,0.000000000,0.849928820,-0.193400000,0.081363345,0.995407376,-0.050439688,-0.141561404,-0.846025416,0.095729598,0.524477682,-0.009142177,0.000000000,0.000000000,0.000000000,1.000000000
1790226888721632511,1790226888,721632511,1790226888723556089,RR_calf,0.892401258,0.000000000,-0.451242723,-0.374434839,-0.043197285,0.995407376,-0.085429214,-0.130817751,0.449170335,0.095729598,0.888302794,-0.120855923,0.000000000,0.000000000,0.000000000,1.000000000
1790226888721632511,1790226888,721632511,1790226888723556089,RR_calflower,0.913838725,-0.000000000,-0.406077314,-0.289802890,-0.038873618,0.995407376,-0.087481414,-0.119038173,0.404212353,0.095729598,0.909641807,-0.243341330,0.000000000,0.000000000,0.000000000,1.000000000
1790226888721632511,1790226888,721632511,1790226888723556089,RR_calflower1,0.998088356,0.000000000,0.061803177,-0.282698185,0.005916393,0.995407376,-0.095546597,-0.115150180,-0.061519339,0.095729598,0.993504512,-0.283769126,0.000000000,0.000000000,0.000000000,1.000000000
1790226888721632511,1790226888,721632511,1790226888723556089,RR_foot,0.892401258,0.000000000,-0.451242723,-0.278320139,-0.043197285,0.995407376,-0.085429214,-0.112621328,0.449170335,0.095729598,0.888302794,-0.310064418,0.000000000,0.000000000,0.000000000,1.000000000
1790226888779784203,1790226888,779784203,1790226888790393007,FL_hip,1.000000000,-0.000000000,0.000000000,0.193400000,0.000000000,0.999735431,0.023001482,0.046500000,-0.000000000,-0.023001482,0.999735431,0.000000000,0.000000000,0.000000000,0.000000000,1.000000000
1790226888779784203,1790226888,779784203,1790226888790393007,FL_thigh,0.969704568,0.000000000,-0.244280682,0.193400000,0.005618818,0.999735431,0.022304643,0.141974734,0.244216053,-0.023001482,0.969448014,-0.002196642,0.000000000,0.000000000,0.000000000,1.000000000
1790226888779784203,1790226888,779784203,1790226888790393007,FL_calf,-0.227179004,0.000000000,-0.973853018,0.245431785,0.022400063,0.999735431,-0.005225454,0.137223845,0.973595366,-0.023001482,-0.227118899,-0.208689068,0.000000000,0.000000000,0.000000000,1.000000000
1790226888779784203,1790226888,779784203,1790226888790393007,FL_calflower,-0.178222725,-0.000000000,-0.983990173,0.385018452,0.022633233,0.999735431,-0.004099387,0.138445213,0.983729840,-0.023001482,-0.178175572,-0.155603564,0.000000000,0.000000000,0.000000000,1.000000000
1790226888779784203,1790226888,779784203,1790226888790393007,FL_calflower1,0.296303519,0.000000000,-0.955093830,0.426160286,0.021968574,0.999735431,0.006815420,0.138382856,0.954841142,-0.023001482,0.296225126,-0.158313840,0.000000000,0.000000000,0.000000000,1.000000000
1790226888779784203,1790226888,779784203,1790226888790393007,FL_foot,-0.227179004,0.000000000,-0.973853018,0.452862478,0.022400063,0.999735431,-0.005225454,0.138336866,0.973595366,-0.023001482,-0.227118899,-0.160312743,0.000000000,0.000000000,0.000000000,1.000000000
1790226888779784203,1790226888,779784203,1790226888790393007,FR_hip,1.000000000,0.000000000,0.000000000,0.193400000,0.000000000,0.999623155,-0.027450838,-0.046500000,0.000000000,0.027450838,0.999623155,0.000000000,0.000000000,0.000000000,0.000000000,1.000000000
1790226888779784203,1790226888,779784203,1790226888790393007,FR_thigh,0.936466043,0.000000000,-0.350758251,0.193400000,-0.009628608,0.999623155,-0.025706778,-0.141964011,0.350626070,0.027450838,0.936113140,-0.002621555,0.000000000,0.000000000,0.000000000,1.000000000
1790226888779784203,1790226888,779784203,1790226888790393007,FR_calf,-0.363786099,0.000000000,-0.931482514,0.268111508,-0.025569976,0.999623155,0.009986233,-0.136488468,0.931131489,0.027450838,-0.363649008,-0.202013654,0.000000000,0.000000000,0.000000000,1.000000000
1790226888779784203,1790226888,779784203,1790226888790393007,FR_calflower,-0.316776739,0.000000000,-0.948500130,0.398695198,-0.026037123,0.999623155,0.008695787,-0.138477830,0.948142693,0.027450838,-0.316657363,-0.129570971,0.000000000,0.000000000,0.000000000,1.000000000
1790226888779784203,1790226888,779784203,1790226888790393007,FR_calflower1,0.157018249,-0.000000000,-0.987595701,0.439802970,-0.027110330,0.999623155,-0.004310283,-0.138565290,0.987223531,0.027450838,0.156959077,-0.126386103,0.000000000,0.000000000,0.000000000,1.000000000
1790226888779784203,1790226888,779784203,1790226888790393007,FR_foot,-0.363786099,0.000000000,-0.931482514,0.466517283,-0.025569976,0.999623155,0.009986233,-0.138615535,0.931131489,0.027450838,-0.363649008,-0.124556415,0.000000000,0.000000000,0.000000000,1.000000000
1790226888779784203,1790226888,779784203,1790226888790393007,RL_hip,1.000000000,-0.000000000,0.000000000,-0.193400000,0.000000000,0.999108675,0.042212040,0.046500000,-0.000000000,-0.042212040,0.999108675,0.000000000,0.000000000,0.000000000,0.000000000,1.000000000
1790226888779784203,1790226888,779784203,1790226888790393007,RL_thigh,0.469397294,0.000000000,0.882987078,-0.193400000,-0.037272686,0.999108675,0.019814217,0.141914878,-0.882200049,-0.042212040,0.468978909,-0.004031250,0.000000000,0.000000000,0.000000000,1.000000000
1790226888779784203,1790226888,779784203,1790226888790393007,RL_calf,0.935141765,-0.000000000,-0.354273736,-0.381476248,0.014954617,0.999108675,0.039474242,0.137694450,0.353957963,-0.042212040,0.934308249,-0.103923757,0.000000000,0.000000000,0.000000000,1.000000000
1790226888779784203,1790226888,779784203,1790226888790393007,RL_calflower,0.951679388,0.000000000,-0.307093377,-0.310340899,0.012963038,0.999108675,0.040172328,0.132151355,0.306819657,-0.042212040,0.950831132,-0.235122219,0.000000000,0.000000000,0.000000000,1.000000000
1790226888779784203,1790226888,779784203,1790226888790393007,RL_calflower1,0.985944112,-0.000000000,0.167075457,-0.307573958,-0.007052596,0.999108675,0.041618712,0.130414831,-0.166926538,-0.042212040,0.985065315,-0.276223661,0.000000000,0.000000000,0.000000000,1.000000000
1790226888779784203,1790226888,779784203,1790226888790393007,RL_foot,0.935141765,-0.000000000,-0.354273736,-0.306015942,0.014954617,0.999108675,0.039474242,0.129286437,0.353957963,-0.042212040,0.934308249,-0.302931414,0.000000000,0.000000000,0.000000000,1.000000000
1790226888779784203,1790226888,779784203,1790226888790393007,RR_hip,1.000000000,0.000000000,0.000000000,-0.193400000,0.000000000,0.995322937,-0.096603580,-0.046500000,0.000000000,0.096603580,0.995322937,0.000000000,0.000000000,0.000000000,0.000000000,1.000000000
1790226888779784203,1790226888,779784203,1790226888790393007,RR_thigh,0.511345143,-0.000000000,0.859375439,-0.193400000,0.083018744,0.995322937,-0.049397771,-0.141553340,-0.855356085,0.096603580,0.508953549,-0.009225642,0.000000000,0.000000000,0.000000000,1.000000000
1790226888779784203,1790226888,779784203,1790226888790393007,RR_calf,0.879729512,-0.000000000,-0.475474485,-0.376446968,-0.045932537,0.995322937,-0.084985020,-0.131031615,0.473250661,0.096603580,0.875614961,-0.117632748,0.000000000,0.000000000,0.000000000,1.000000000
1790226888779784203,1790226888,779784203,1790226888790393007,RR_calflower,0.902393899,0.000000000,-0.430912115,-0.288482154,-0.041627653,0.995322937,-0.087174481,-0.119372483,0.428896712,0.096603580,0.898173346,-0.237758749,0.000000000,0.000000000,0.000000000,1.000000000
1790226888779784203,1790226888,779784203,1790226888790393007,RR_calflower1,0.999405048,-0.000000000,0.034489852,-0.280269609,0.003331843,0.995322937,-0.096546105,-0.115469227,-0.034328541,0.096603580,0.994730767,-0.277974650,0.000000000,0.000000000,0.000000000,1.000000000
1790226888779784203,1790226888,779784203,1790226888790393007,RR_foot,0.879729512,-0.000000000,-0.475474485,-0.275170903,-0.045932537,0.995322937,-0.084985020,-0.112929806,0.473250661,0.096603580,0.875614961,-0.304138735,0.000000000,0.000000000,0.000000000,1.000000000
1790226888845576666,1790226888,845576666,1790226888856945827,FL_hip,1.000000000,-0.000000000,0.000000000,0.193400000,0.000000000,0.999105899,0.042277692,0.046500000,-0.000000000,-0.042277692,0.999105899,0.000000000,0.000000000,0.000000000,0.000000000,1.000000000
1790226888845576666,1790226888,845576666,1790226888856945827,FL_thigh,0.986208986,0.000000000,-0.165504791,0.193400000,0.006997161,0.999105899,0.041694639,0.141914613,0.165356812,-0.042277692,0.985327215,-0.004037520,0.000000000,0.000000000,0.000000000,1.000000000
1790226888845576666,1790226888,845576666,1790226888856945827,FL_calf,-0.241193957,0.000000000,-0.970476932,0.228652520,0.041029525,0.999105899,-0.010197124,0.133033655,0.969609227,-0.042277692,-0.240978305,-0.213912216,0.000000000,0.000000000,0.000000000,1.000000000
1790226888845576666,1790226888,845576666,1790226888856945827,FL_calflower,-0.192388896,-0.000000000,-0.981318762,0.367459227,0.041487892,0.999105899,-0.008133758,0.135363420,0.980441364,-0.042277692,-0.192216881,-0.158855243,0.000000000,0.000000000,0.000000000,1.000000000
1790226888845576666,1790226888,845576666,1790226888856945827,FL_calflower1,0.282504594,0.000000000,-0.959265945,0.408635867,0.040555550,0.999105899,0.011943642,0.135273891,0.958408265,-0.042277692,0.282252007,-0.160970981,0.000000000,0.000000000,0.000000000,1.000000000
1790226888845576666,1790226888,845576666,1790226888856945827,FL_foot,-0.241193957,0.000000000,-0.970476932,0.435364107,0.041029525,0.999105899,-0.010197124,0.135205642,0.969609227,-0.042277692,-0.240978305,-0.162583837,0.000000000,0.000000000,0.000000000,1.000000000
1790226888845576666,1790226888,845576666,1790226888856945827,FR_hip,1.000000000,0.000000000,0.000000000,0.193400000,0.000000000,0.996906020,-0.078602717,-0.046500000,0.000000000,0.078602717,0.996906020,0.000000000,0.000000000,0.000000000,0.000000000,1.000000000
1790226888845576666,1790226888,845576666,1790226888856945827,FR_thigh,0.922710300,0.000000000,-0.385494100,0.193400000,-0.030300884,0.996906020,-0.072527537,-0.141704525,0.384301389,0.078602717,0.919855453,-0.007506560,0.000000000,0.000000000,0.000000000,1.000000000
1790226888845576666,1790226888,845576666,1790226888856945827,FR_calf,-0.352904788,-0.000000000,-0.935659239,0.275510243,-0.073545359,0.996906020,0.027739275,-0.126256160,0.932764328,0.078602717,-0.351812907,-0.203435771,0.000000000,0.000000000,0.000000000,1.000000000
1790226888845576666,1790226888,845576666,1790226888856945827,FR_calflower,-0.305700277,-0.000000000,-0.952127796,0.406929715,-0.074839832,0.996906020,0.024028872,-0.131832479,0.949181932,0.078602717,-0.304754447,-0.132712174,0.000000000,0.000000000,0.000000000,1.000000000
1790226888845576666,1790226888,845576666,1790226888856945827,FR_calflower1,0.168518195,-0.000000000,-0.985698543,0.448071830,-0.077478584,0.996906020,-0.013245988,-0.132045236,0.982648812,0.078602717,0.167996803,-0.130013816,0.000000000,0.000000000,0.000000000,1.000000000
1790226888845576666,1790226888,845576666,1790226888856945827,FR_foot,-0.352904788,-0.000000000,-0.935659239,0.474805661,-0.073545359,0.996906020,0.027739275,-0.132164625,0.932764328,0.078602717,-0.351812907,-0.128499622,0.000000000,0.000000000,0.000000000,1.000000000
1790226888845576666,1790226888,845576666,1790226888856945827,RL_hip,1.000000000,-0.000000000,0.000000000,-0.193400000,0.000000000,0.999503716,0.031501147,0.046500000,-0.000000000,-0.031501147,0.999503716,0.000000000,0.000000000,0.000000000,0.000000000,1.000000000
1790226888845576666,1790226888,845576666,1790226888856945827,RL_thigh,0.486391804,0.000000000,0.873740816,-0.193400000,-0.027523838,0.999503716,0.015321900,0.141952605,-0.873307192,-0.031501147,0.486150415,-0.003008360,0.000000000,0.000000000,0.000000000,1.000000000
1790226888845576666,1790226888,845576666,1790226888856945827,RL_calf,0.911290391,-0.000000000,-0.411764282,-0.379506794,0.012971047,0.999503716,0.028706693,0.138689040,0.411559930,-0.031501147,0.910838132,-0.106558398,0.000000000,0.000000000,0.000000000,1.000000000
1790226888845576666,1790226888,845576666,1790226888856945827,RL_calflower,0.930731152,-0.000000000,-0.365704147,-0.300339872,0.011520100,0.999503716,0.029319099,0.134699871,0.365522654,-0.031501147,0.930269245,-0.233131243,0.000000000,0.000000000,0.000000000,1.000000000
1790226888845576666,1790226888,845576666,1790226888856945827,RL_calflower1,0.994428366,-0.000000000,0.105414542,-0.295019018,-0.003320679,0.999503716,0.031325634,0.133411906,-0.105362227,-0.031501147,0.993934846,-0.273997239,0.000000000,0.000000000,0.000000000,1.000000000
1790226888845576666,1790226888,845576666,1790226888856945827,RL_foot,0.911290391,-0.000000000,-0.411764282,-0.291801002,0.012971047,0.999503716,0.028706693,0.132574515,0.411559930,-0.031501147,0.910838132,-0.300566920,0.000000000,0.000000000,0.000000000,1.000000000
1790226888845576666,1790226888,845576666,1790226888856945827,RR_hip,1.000000000,0.000000000,0.000000000,-0.193400000,0.000000000,0.997364088,-0.072559462,-0.046500000,0.000000000,0.072559462,0.997364088,0.000000000,0.000000000,0.000000000,0.000000000,1.000000000
1790226888845576666,1790226888,845576666,1790226888856945827,RR_thigh,0.631091503,0.000000000,0.775708395,-0.193400000,0.056284984,0.997364088,-0.045791660,-0.141748270,-0.773663696,0.072559462,0.629428002,-0.006929429,0.000000000,0.000000000,0.000000000,1.000000000
1790226888845576666,1790226888,845576666,1790226888856945827,RR_calf,0.802223394,0.000000000,-0.597023974,-0.358625888,-0.043319738,0.997364088,-0.058208898,-0.131994647,0.595450272,0.072559462,0.800108804,-0.140997593,0.000000000,0.000000000,0.000000000,1.000000000
1790226888845576666,1790226888,845576666,1790226888856945827,RR_calflower,0.831059586,-0.000000000,-0.556183391,-0.254221872,-0.040356368,0.997364088,-0.060301236,-0.124246125,0.554717341,0.072559462,0.828868986,-0.247504691,0.000000000,0.000000000,0.000000000,1.000000000
1790226888845576666,1790226888,845576666,1790226888856945827,RR_calflower1,0.993979541,0.000000000,-0.109565834,-0.240285132,-0.007950038,0.997364088,-0.072122621,-0.121430512,0.109277028,0.072559462,0.991359499,-0.286206623,0.000000000,0.000000000,0.000000000,1.000000000
1790226888845576666,1790226888,845576666,1790226888856945827,RR_foot,0.802223394,0.000000000,-0.597023974,-0.231459782,-0.043319738,0.997364088,-0.058208898,-0.119596152,0.595450272,0.072559462,0.800108804,-0.311420768,0.000000000,0.000000000,0.000000000,1.000000000
1790226888913532047,1790226888,913532047,1790226888923741374,FL_hip,1.000000000,-0.000000000,0.000000000,0.193400000,0.000000000,0.989970001,0.141277733,0.046500000,-0.000000000,-0.141277733,0.989970001,0.000000000,0.000000000,0.000000000,0.000000000,1.000000000
1790226888913532047,1790226888,913532047,1790226888923741374,FL_thigh,0.995740417,-0.000000000,-0.092200989,0.193400000,0.013025947,0.989970001,0.140675949,0.141042135,0.091276213,-0.141277733,0.985753141,-0.013492024,0.000000000,0.000000000,0.000000000,1.000000000
1790226888913532047,1790226888,913532047,1790226888923741374,FL_calf,-0.496896815,0.000000000,-0.867809631,0.213038811,0.122602177,0.989970001,-0.070200456,0.111078158,0.859105501,-0.141277733,-0.491912940,-0.223457443,0.000000000,0.000000000,0.000000000,1.000000000
1790226888913532047,1790226888,913532047,1790226888923741374,FL_calflower,-0.452903419,0.000000000,-0.891559585,0.331536700,0.125957517,0.989970001,-0.063985168,0.123919869,0.882617243,-0.141277733,-0.448360798,-0.133472217,0.000000000,0.000000000,0.000000000,1.000000000
1790226888913532047,1790226888,913532047,1790226888923741374,FL_calflower1,0.009980617,0.000000000,-0.999950192,0.371728117,0.141270696,0.989970001,0.001410039,0.125219700,0.989920693,-0.141277733,0.009880511,-0.124363958,0.000000000,0.000000000,0.000000000,1.000000000
1790226888913532047,1790226888,913532047,1790226888923741374,FL_foot,-0.496896815,0.000000000,-0.867809631,0.397882262,0.122602177,0.989970001,-0.070200456,0.126030855,0.859105501,-0.141277733,-0.491912940,-0.118679986,0.000000000,0.000000000,0.000000000,1.000000000
1790226888913532047,1790226888,913532047,1790226888923741374,FR_hip,1.000000000,0.000000000,0.000000000,0.193400000,0.000000000,0.995649971,-0.093172605,-0.046500000,0.000000000,0.093172605,0.995649971,0.000000000,0.000000000,0.000000000,0.000000000,1.000000000
1790226888913532047,1790226888,913532047,1790226888923741374,FR_thigh,0.928170086,0.000000000,-0.372156273,0.193400000,-0.034674770,0.995649971,-0.086480025,-0.141584572,0.370537383,0.093172605,0.924132520,-0.008897984,0.000000000,0.000000000,0.000000000,1.000000000
1790226888913532047,1790226888,913532047,1790226888923741374,FR_calf,-0.338491999,0.000000000,-0.940969270,0.272669286,-0.087672559,0.995649971,0.031538182,-0.123164327,0.936876026,0.093172605,-0.337019550,-0.205738210,0.000000000,0.000000000,0.000000000,1.000000000
1790226888913532047,1790226888,913532047,1790226888923741374,FR_calflower,-0.291040110,-0.000000000,-0.956710852,0.405162898,-0.089139243,0.995649971,0.027116965,-0.129585429,0.952549132,0.093172605,-0.289774077,-0.137121797,0.000000000,0.000000000,0.000000000,1.000000000
1790226888913532047,1790226888,913532047,1790226888923741374,FR_calflower1,0.183638048,0.000000000,-0.982993930,0.446341733,-0.091588106,0.995649971,-0.017110035,-0.129778715,0.978717879,0.093172605,0.182839218,-0.135056325,0.000000000,0.000000000,0.000000000,1.000000000
1790226888913532047,1790226888,913532047,1790226888923741374,FR_foot,-0.338491999,0.000000000,-0.940969270,0.473095741,-0.087672559,0.995649971,0.031538182,-0.129881960,0.936876026,0.093172605,-0.337019550,-0.133953046,0.000000000,0.000000000,0.000000000,1.000000000
1790226888913532047,1790226888,913532047,1790226888923741374,RL_hip,1.000000000,-0.000000000,0.000000000,-0.193400000,0.000000000,0.999662127,0.025992923,0.046500000,-0.000000000,-0.025992923,0.999662127,0.000000000,0.000000000,0.000000000,0.000000000,1.000000000
1790226888913532047,1790226888,913532047,1790226888923741374,RL_thigh,0.489589517,0.000000000,0.871953040,-0.193400000,-0.022664608,0.999662127,0.012725862,0.141967733,-0.871658431,-0.025992923,0.489424098,-0.002482324,0.000000000,0.000000000,0.000000000,1.000000000
1790226888913532047,1790226888,913532047,1790226888923741374,RL_calf,0.888865440,0.000000000,-0.458168343,-0.379125998,0.011909134,0.999662127,0.023104211,0.139257124,0.458013540,-0.025992923,0.888565116,-0.106729657,0.000000000,0.000000000,0.000000000,1.000000000
1790226888913532047,1790226888,913532047,1790226888923741374,RL_calflower,0.910653462,0.000000000,-0.413170995,-0.293539774,0.010739522,0.999662127,0.023670545,0.136075884,0.413031396,-0.025992923,0.910345777,-0.229077023,0.000000000,0.000000000,0.000000000,1.000000000
1790226888913532047,1790226888,913532047,1790226888923741374,RL_calflower1,0.998538759,0.000000000,0.054040230,-0.286119469,-0.001404664,0.999662127,0.025954941,0.135021667,-0.054021971,-0.025992923,0.998201380,-0.269621168,0.000000000,0.000000000,0.000000000,1.000000000
1790226888913532047,1790226888,913532047,1790226888923741374,RL_foot,0.888865440,0.000000000,-0.458168343,-0.281536141,0.011909134,0.999662127,0.023104211,0.134335928,0.458013540,-0.025992923,0.888565116,-0.295994027,0.000000000,0.000000000,0.000000000,1.000000000
1790226888913532047,1790226888,913532047,1790226888923741374,RR_hip,1.000000000,0.000000000,0.000000000,-0.193400000,0.000000000,0.995919779,-0.090242971,-0.046500000,0.000000000,0.090242971,0.995919779,0.000000000,0.000000000,0.000000000,0.000000000,1.000000000
1790226888913532047,1790226888,913532047,1790226888923741374,RR_thigh,0.629257789,0.000000000,0.777196651,-0.193400000,0.070136535,0.995919779,-0.056786093,-0.141610339,-0.774025517,0.090242971,0.626690279,-0.008618204,0.000000000,0.000000000,0.000000000,1.000000000
1790226888913532047,1790226888,913532047,1790226888923741374,RR_calf,0.779784572,0.000000000,-0.626047938,-0.358942887,-0.056496426,0.995919779,-0.070370077,-0.129514901,0.623493524,0.090242971,0.776602879,-0.142103233,0.000000000,0.000000000,0.000000000,1.000000000
1790226888913532047,1790226888,913532047,1790226888923741374,RR_calflower,0.810099401,-0.000000000,-0.586292556,-0.250692100,-0.052908782,0.995919779,-0.073105777,-0.120230058,0.583900353,0.090242971,0.806794016,-0.244570589,0.000000000,0.000000000,0.000000000,1.000000000
1790226888913532047,1790226888,913532047,1790226888923741374,RR_calflower1,0.989291748,-0.000000000,-0.145951487,-0.235341392,-0.013171096,0.995919779,-0.089276627,-0.116776739,0.145355973,0.090242971,0.985255219,-0.282681353,0.000000000,0.000000000,0.000000000,1.000000000
1790226888913532047,1790226888,913532047,1790226888923741374,RR_foot,0.779784572,0.000000000,-0.626047938,-0.225594676,-0.056496426,0.995919779,-0.070370077,-0.114526075,0.623493524,0.090242971,0.776602879,-0.307519646,0.000000000,0.000000000,0.000000000,1.000000000
1790226889481476781,1790226889,481476781,1790226889490344481,FL_hip,1.000000000,-0.000000000,0.000000000,0.193400000,0.000000000,0.992421475,0.122880494,0.046500000,-0.000000000,-0.122880494,0.992421475,0.000000000,0.000000000,0.000000000,0.000000000,1.000000000
1790226889481476781,1790226889,481476781,1790226889490344481,FL_thigh,0.996256964,0.000000000,-0.086441091,0.193400000,0.010621924,0.992421475,0.122420548,0.141276251,0.085785995,-0.122880494,0.988706806,-0.011735087,0.000000000,0.000000000,0.000000000,1.000000000
1790226889481476781,1790226889,481476781,1790226889490344481,FL_calf,-0.486469112,0.000000000,-0.873697776,0.211811952,0.107360414,0.992421475,-0.059777565,0.115200674,0.867076435,-0.122880494,-0.482782393,-0.222329637,0.000000000,0.000000000,0.000000000,1.000000000
1790226889481476781,1790226889,481476781,1790226889490344481,FL_calflower,-0.442194463,-0.000000000,-0.896919203,0.331389841,0.110213875,0.992421475,-0.054337074,0.126194962,0.890121879,-0.122880494,-0.438843281,-0.133536314,0.000000000,0.000000000,0.000000000,1.000000000
1790226889481476781,1790226889,481476781,1790226889490344481,FL_calflower1,0.021954367,-0.000000000,-0.999758974,0.371688554,0.122850877,0.992421475,0.002697763,0.127266306,0.992182276,-0.122880494,0.021787985,-0.124883801,0.000000000,0.000000000,0.000000000,1.000000000
1790226889481476781,1790226889,481476781,1790226889490344481,FL_foot,-0.486469112,0.000000000,-0.873697776,0.397909579,0.107360414,0.992421475,-0.059777565,0.127933295,0.867076435,-0.122880494,-0.482782393,-0.119496987,0.000000000,0.000000000,0.000000000,1.000000000
1790226889481476781,1790226889,481476781,1790226889490344481,FR_hip,1.000000000,0.000000000,0.000000000,0.193400000,0.000000000,0.989931464,-0.141547507,-0.046500000,0.000000000,0.141547507,0.989931464,0.000000000,0.000000000,0.000000000,0.000000000,1.000000000
1790226889481476781,1790226889,481476781,1790226889490344481,FR_thigh,0.919789735,0.000000000,-0.392411573,0.193400000,-0.055544880,0.989931464,-0.130193944,-0.141038455,0.388460563,0.141547507,0.910528799,-0.013517787,0.000000000,0.000000000,0.000000000,1.000000000
1790226889481476781,1790226889,481476781,1790226889490344481,FR_calf,-0.430446562,0.000000000,-0.902616063,0.276983665,-0.127763054,0.989931464,0.060928638,-0.113307145,0.893528041,0.141547507,-0.426112595,-0.207460421,0.000000000,0.000000000,0.000000000,1.000000000
1790226889481476781,1790226889,481476781,1790226889490344481,FR_calflower,-0.384796614,0.000000000,-0.923001390,0.401961911,-0.130648546,0.989931464,0.054467001,-0.124879844,0.913708117,0.141547507,-0.380922276,-0.126525196,0.000000000,0.000000000,0.000000000,1.000000000
1790226889481476781,1790226889,481476781,1790226889490344481,FR_calflower1,0.084910178,0.000000000,-0.996388610,0.442729933,-0.141036324,0.989931464,-0.012018824,-0.125752039,0.986356435,0.141547507,0.084055256,-0.120425386,0.000000000,0.000000000,0.000000000,1.000000000
1790226889481476781,1790226889,481476781,1790226889490344481,FR_foot,-0.430446562,0.000000000,-0.902616063,0.469240887,-0.127763054,0.989931464,0.060928638,-0.126284945,0.893528041,0.141547507,-0.426112595,-0.116698438,0.000000000,0.000000000,0.000000000,1.000000000
1790226889481476781,1790226889,481476781,1790226889490344481,RL_hip,1.000000000,-0.000000000,0.000000000,-0.193400000,0.000000000,0.999552980,0.029897168,0.046500000,-0.000000000,-0.029897168,0.999552980,0.000000000,0.000000000,0.000000000,0.000000000,1.000000000
1790226889481476781,1790226889,481476781,1790226889490344481,RL_thigh,0.545908099,-0.000000000,0.837845062,-0.193400000,-0.025049195,0.999552980,0.016321106,0.141957310,-0.837470528,-0.029897168,0.545664067,-0.002855180,0.000000000,0.000000000,0.000000000,1.000000000
1790226889481476781,1790226889,481476781,1790226889490344481,RL_calf,0.846717133,0.000000000,-0.532043323,-0.371860998,0.015906589,0.999552980,0.025314444,0.138480914,0.531805488,-0.029897168,0.846338633,-0.119081626,0.000000000,0.000000000,0.000000000,1.000000000
1790226889481476781,1790226889,481476781,1790226889490344481,RL_calflower,0.872250040,-0.000000000,-0.489060188,-0.276184244,0.014621515,0.999552980,0.026077806,0.135052508,0.488841568,-0.029897168,0.871860127,-0.233703634,0.000000000,0.000000000,0.000000000,1.000000000
1790226889481476781,1790226889,481476781,1790226889490344481,RL_calflower1,0.999519167,-0.000000000,-0.031006999,-0.265344337,0.000927021,0.999552980,0.029882793,0.133863181,0.030993139,-0.029897168,0.999072362,-0.273466455,0.000000000,0.000000000,0.000000000,1.000000000
1790226889481476781,1790226889,481476781,1790226889490344481,RL_foot,0.846717133,0.000000000,-0.532043323,-0.258535770,0.015906589,0.999552980,0.025314444,0.133088937,0.531805488,-0.029897168,0.846338633,-0.299351755,0.000000000,0.000000000,0.000000000,1.000000000
1790226889481476781,1790226889,481476781,1790226889490344481,RR_hip,1.000000000,0.000000000,0.000000000,-0.193400000,0.000000000,0.997496399,-0.070717276,-0.046500000,0.000000000,0.070717276,0.997496399,0.000000000,0.000000000,0.000000000,0.000000000,1.000000000
1790226889481476781,1790226889,481476781,1790226889490344481,RR_thigh,0.632429275,-0.000000000,0.774618107,-0.193400000,0.054778882,0.997496399,-0.044723675,-0.141760906,-0.772678773,0.070717276,0.630845925,-0.006753500,0.000000000,0.000000000,0.000000000,1.000000000
1790226889481476781,1790226889,481476781,1790226889490344481,RR_calf,0.803417170,-0.000000000,-0.595416536,-0.358393657,-0.042106235,0.997496399,-0.056815474,-0.132234763,0.593925851,0.070717276,0.801405734,-0.141123682,0.000000000,0.000000000,0.000000000,1.000000000
1790226889481476781,1790226889,481476781,1790226889490344481,RR_calflower,0.832171532,0.000000000,-0.554518297,-0.254203666,-0.039214023,0.997496399,-0.058848904,-0.124668198,0.553130005,0.070717276,0.830088106,-0.247853213,0.000000000,0.000000000,0.000000000,1.000000000
1790226889481476781,1790226889,481476781,1790226889490344481,RR_calflower1,0.994196926,0.000000000,-0.107575431,-0.240344650,-0.007607441,0.997496399,-0.070306898,-0.121922102,0.107306105,0.070717276,0.991707854,-0.286588038,0.000000000,0.000000000,0.000000000,1.000000000
1790226889481476781,1790226889,481476781,1790226889490344481,RR_foot,0.803417170,-0.000000000,-0.595416536,-0.231569935,-0.042106235,0.997496399,-0.056815474,-0.120133067,0.593925851,0.070717276,0.801405734,-0.311823103,0.000000000,0.000000000,0.000000000,1.000000000
1790226889547609104,1790226889,547609104,1790226889556889243,FL_hip,1.000000000,-0.000000000,0.000000000,0.193400000,0.000000000,0.995121430,0.098657694,0.046500000,-0.000000000,-0.098657694,0.995121430,0.000000000,0.000000000,0.000000000,0.000000000,1.000000000
1790226889547609104,1790226889,547609104,1790226889556889243,FL_thigh,0.973699971,0.000000000,-0.227834077,0.193400000,0.022477585,0.995121430,0.096062994,0.141534097,0.226722572,-0.098657694,0.968949707,-0.009421810,0.000000000,0.000000000,0.000000000,1.000000000
1790226889547609104,1790226889,547609104,1790226889556889243,FL_calf,-0.273188806,-0.000000000,-0.961960434,0.241928658,0.094904798,0.995121430,-0.026952178,0.121072679,0.957267442,-0.098657694,-0.271856035,-0.215808097,0.000000000,0.000000000,0.000000000,1.000000000
1790226889547609104,1790226889,547609104,1790226889556889243,FL_calflower,-0.224769407,-0.000000000,-0.974411983,0.378835027,0.096133239,0.995121430,-0.022175231,0.126959697,0.969658246,-0.098657694,-0.223672854,-0.156428055,0.000000000,0.000000000,0.000000000,1.000000000
1790226889547609104,1790226889,547609104,1790226889556889243,FL_calflower1,0.250593839,-0.000000000,-0.968092314,0.420059200,0.095509755,0.995121430,0.024723010,0.126885374,0.963369407,-0.098657694,0.249371300,-0.157177724,0.000000000,0.000000000,0.000000000,1.000000000
1790226889547609104,1790226889,547609104,1790226889556889243,FL_foot,-0.273188806,-0.000000000,-0.961960434,0.446826231,0.094904798,0.995121430,-0.026952178,0.126813493,0.957267442,-0.098657694,-0.271856035,-0.157902762,0.000000000,0.000000000,0.000000000,1.000000000
1790226889547609104,1790226889,547609104,1790226889556889243,FR_hip,1.000000000,0.000000000,0.000000000,0.193400000,0.000000000,0.996203835,-0.087051250,-0.046500000,0.000000000,0.087051250,0.996203835,0.000000000,0.000000000,0.000000000,0.000000000,1.000000000
1790226889547609104,1790226889,547609104,1790226889556889243,FR_thigh,0.931059902,0.000000000,-0.364866357,0.193400000,-0.031762072,0.996203835,-0.081049928,-0.141637466,0.363481264,0.087051250,0.927525445,-0.008313394,0.000000000,0.000000000,0.000000000,1.000000000
1790226889547609104,1790226889,547609104,1790226889556889243,FR_calf,-0.450314650,0.000000000,-0.892869932,0.271116534,-0.077725443,0.996203835,0.039200453,-0.124373832,0.889480450,0.087051250,-0.448605181,-0.205876314,0.000000000,0.000000000,0.000000000,1.000000000
1790226889547609104,1790226889,547609104,1790226889556889243,FR_calflower,-0.405126977,0.000000000,-0.914260429,0.394254991,-0.079587513,0.996203835,0.035266810,-0.131730007,0.910789746,0.087051250,-0.403589048,-0.121693138,0.000000000,0.000000000,0.000000000,1.000000000
1790226889547609104,1790226889,547609104,1790226889556889243,FR_calflower1,0.062840856,0.000000000,-0.998023560,0.434876678,-0.086879198,0.996203835,-0.005470375,-0.132344805,0.994234898,0.087051250,0.062602302,-0.114657474,0.000000000,0.000000000,0.000000000,1.000000000
1790226889547609104,1790226889,547609104,1790226889556889243,FR_foot,-0.450314650,0.000000000,-0.892869932,0.461297830,-0.077725443,0.996203835,0.039200453,-0.132723528,0.889480450,0.087051250,-0.448605181,-0.110323410,0.000000000,0.000000000,0.000000000,1.000000000
1790226889547609104,1790226889,547609104,1790226889556889243,RL_hip,1.000000000,-0.000000000,0.000000000,-0.193400000,0.000000000,0.997248617,0.074129589,0.046500000,-0.000000000,-0.074129589,0.997248617,0.000000000,0.000000000,0.000000000,0.000000000,1.000000000
1790226889547609104,1790226889,547609104,1790226889556889243,RL_thigh,0.532137103,-0.000000000,0.846658198,-0.193400000,-0.062762424,0.997248617,0.039447105,0.141737243,-0.844328717,-0.074129589,0.530672990,-0.007079376,0.000000000,0.000000000,0.000000000,1.000000000
1790226889547609104,1790226889,547609104,1790226889556889243,RL_calf,0.826093649,-0.000000000,-0.563532859,-0.373738196,0.041774459,0.997248617,0.061237982,0.133335010,0.561982365,-0.074129589,0.823820749,-0.120112723,0.000000000,0.000000000,0.000000000,1.000000000
1790226889547609104,1790226889,547609104,1790226889556889243,RL_calflower,0.853226151,0.000000000,-0.521541116,-0.273813460,0.038661628,0.997248617,0.063249304,0.125107277,0.520106156,-0.074129589,0.850878599,-0.230798546,0.000000000,0.000000000,0.000000000,1.000000000
1790226889547609104,1790226889,547609104,1790226889556889243,RL_calflower1,0.997644090,0.000000000,-0.068602253,-0.261484077,0.005085457,0.997248617,0.073954946,0.122190689,0.068413502,-0.074129589,0.994899189,-0.270034752,0.000000000,0.000000000,0.000000000,1.000000000
1790226889547609104,1790226889,547609104,1790226889556889243,RL_foot,0.826093649,-0.000000000,-0.563532859,-0.253705697,0.041774459,0.997248617,0.061237982,0.120291319,0.561982365,-0.074129589,0.823820749,-0.295586542,0.000000000,0.000000000,0.000000000,1.000000000
1790226889547609104,1790226889,547609104,1790226889556889243,RR_hip,1.000000000,0.000000000,0.000000000,-0.193400000,0.000000000,0.999885600,-0.015125675,-0.046500000,0.000000000,0.015125675,0.999885600,0.000000000,0.000000000,0.000000000,0.000000000,1.000000000
1790226889547609104,1790226889,547609104,1790226889556889243,RR_thigh,0.618134654,0.000000000,0.786072229,-0.193400000,0.011889873,0.999885600,-0.009349704,-0.141989075,-0.785982303,0.015125675,0.618063940,-0.001444502,0.000000000,0.000000000,0.000000000,1.000000000
1790226889547609104,1790226889,547609104,1790226889556889243,RR_calf,0.859203774,0.000000000,-0.511633536,-0.360833385,-0.007738802,0.999885600,-0.012996037,-0.139997588,0.511575005,0.015125675,0.859105481,-0.133092121,0.000000000,0.000000000,0.000000000,1.000000000
1790226889547609104,1790226889,547609104,1790226889556889243,RR_calflower,0.883701012,0.000000000,-0.468051836,-0.267927546,-0.007079600,0.999885600,-0.013366574,-0.138228951,0.467998292,0.015125675,0.883599917,-0.250008232,0.000000000,0.000000000,0.000000000,1.000000000
1790226889547609104,1790226889,547609104,1790226889556889243,RR_calflower1,0.999974902,-0.000000000,-0.007084878,-0.258042483,-0.000107164,0.999885600,-0.015125295,-0.137623492,0.007084067,0.015125675,0.999860505,-0.290032212,0.000000000,0.000000000,0.000000000,1.000000000
1790226889547609104,1790226889,547609104,1790226889556889243,RR_foot,0.859203774,0.000000000,-0.511633536,-0.251855442,-0.007738802,0.999885600,-0.012996037,-0.137229432,0.511575005,0.015125675,0.859105481,-0.316081589,0.000000000,0.000000000,0.000000000,1.000000000
1790226889615134255,1790226889,615134255,1790226889623748730,FL_hip,1.000000000,-0.000000000,0.000000000,0.193400000,0.000000000,0.992879431,0.119123612,0.046500000,-0.000000000,-0.119123612,0.992879431,0.000000000,0.000000000,0.000000000,0.000000000,1.000000000
1790226889615134255,1790226889,615134255,1790226889623748730,FL_thigh,0.965919005,0.000000000,-0.258844500,0.193400000,0.030834492,0.992879431,0.115063761,0.141319986,0.257001380,-0.119123612,0.959041113,-0.011376305,0.000000000,0.000000000,0.000000000,1.000000000
1790226889615134255,1790226889,615134255,1790226889623748730,FL_calf,-0.295285420,0.000000000,-0.955409086,0.248533878,0.113811781,0.992879431,-0.035175466,0.116811405,0.948606030,-0.119123612,-0.293182820,-0.215652062,0.000000000,0.000000000,0.000000000,1.000000000
1790226889615134255,1790226889,615134255,1790226889623748730,FL_calflower,-0.247165838,0.000000000,-0.968973193,0.384028715,0.115427586,0.992879431,-0.029443287,0.124293609,0.962073553,-0.119123612,-0.245405876,-0.153288884,0.000000000,0.000000000,0.000000000,1.000000000
1790226889615134255,1790226889,615134255,1790226889623748730,FL_calflower1,0.228216799,-0.000000000,-0.973610339,0.425259301,0.115979980,0.992879431,0.027186009,0.124317065,0.966677680,-0.119123612,0.226591766,-0.153093384,0.000000000,0.000000000,0.000000000,1.000000000
1790226889615134255,1790226889,615134255,1790226889623748730,FL_foot,-0.295285420,0.000000000,-0.955409086,0.452036014,0.113811781,0.992879431,-0.035175466,0.124303779,0.948606030,-0.119123612,-0.293182820,-0.153204121,0.000000000,0.000000000,0.000000000,1.000000000
1790226889615134255,1790226889,615134255,1790226889623748730,FR_hip,1.000000000,0.000000000,0.000000000,0.193400000,0.000000000,0.997844857,-0.065617381,-0.046500000,0.000000000,0.065617381,0.997844857,0.000000000,0.000000000,0.000000000,0.000000000,1.000000000
1790226889615134255,1790226889,615134255,1790226889623748730,FR_thigh,0.937534266,0.000000000,-0.347892943,0.193400000,-0.022827824,0.997844857,-0.061518543,-0.141794184,0.347143184,0.065617381,0.935513746,-0.006266460,0.000000000,0.000000000,0.000000000,1.000000000
1790226889615134255,1790226889,615134255,1790226889623748730,FR_calf,-0.459893727,-0.000000000,-0.887973963,0.267501197,-0.058266526,0.997844857,0.030177022,-0.128690734,0.886060253,0.065617381,-0.458902591,-0.205530888,0.000000000,0.000000000,0.000000000,1.000000000
1790226889615134255,1790226889,615134255,1790226889623748730,FR_calflower,-0.414938779,-0.000000000,-0.909849334,0.389723469,-0.059701930,0.997844857,0.027227196,-0.134322264,0.907888478,0.065617381,-0.414044527,-0.119892099,0.000000000,0.000000000,0.000000000,1.000000000
1790226889615134255,1790226889,615134255,1790226889623748730,FR_calflower1,0.052100885,0.000000000,-0.998641827,0.430266830,-0.065528261,0.997844857,-0.003418724,-0.134814333,0.996489611,0.065617381,0.051988600,-0.112409203,0.000000000,0.000000000,0.000000000,1.000000000
1790226889615134255,1790226889,615134255,1790226889623748730,FR_foot,-0.459893727,-0.000000000,-0.887973963,0.456639651,-0.058266526,0.997844857,0.030177022,-0.135118440,0.886060253,0.065617381,-0.458902591,-0.107784636,0.000000000,0.000000000,0.000000000,1.000000000
1790226889615134255,1790226889,615134255,1790226889623748730,RL_hip,1.000000000,-0.000000000,0.000000000,-0.193400000,0.000000000,0.996363350,0.085206067,0.046500000,-0.000000000,-0.085206067,0.996363350,0.000000000,0.000000000,0.000000000,0.000000000,1.000000000
1790226889615134255,1790226889,615134255,1790226889623748730,RL_thigh,0.545476800,-0.000000000,0.838125922,-0.193400000,-0.071413413,0.996363350,0.046477933,0.141652700,-0.835077952,-0.085206067,0.543493092,-0.008137179,0.000000000,0.000000000,0.000000000,1.000000000
1790226889615134255,1790226889,615134255,1790226889623748730,RL_calf,0.858644946,-0.000000000,-0.512570830,-0.371920821,0.043674144,0.996363350,0.073161759,0.131752900,0.510706790,-0.085206067,0.855522356,-0.123901208,0.000000000,0.000000000,0.000000000,1.000000000
1790226889615134255,1790226889,615134255,1790226889623748730,RL_calflower,0.883189728,0.000000000,-0.469015889,-0.278887440,0.039962999,0.996363350,0.075253123,0.121798443,0.467310243,-0.085206067,0.879977877,-0.240304381,0.000000000,0.000000000,0.000000000,1.000000000
1790226889615134255,1790226889,615134255,1790226889623748730,RL_calflower1,0.999966575,0.000000000,-0.008176088,-0.268958701,0.000696652,0.996363350,0.085203219,0.118388688,0.008146354,-0.085206067,0.996330047,-0.280176598,0.000000000,0.000000000,0.000000000,1.000000000
1790226889615134255,1790226889,615134255,1790226889623748730,RL_foot,0.858644946,-0.000000000,-0.512570830,-0.262743235,0.043674144,0.996363350,0.073161759,0.116169446,0.510706790,-0.085206067,0.855522356,-0.306127470,0.000000000,0.000000000,0.000000000,1.000000000
1790226889615134255,1790226889,615134255,1790226889623748730,RR_hip,1.000000000,0.000000000,0.000000000,-0.193400000,0.000000000,0.997890642,-0.064917382,-0.046500000,0.000000000,0.064917382,0.997890642,0.000000000,0.000000000,0.000000000,0.000000000,1.000000000
1790226889615134255,1790226889,615134255,1790226889623748730,RR_thigh,0.618206056,-0.000000000,0.786016076,-0.193400000,0.051026106,0.997890642,-0.040132319,-0.141798556,-0.784358087,0.064917382,0.616902038,-0.006199610,0.000000000,0.000000000,0.000000000,1.000000000
1790226889615134255,1790226889,615134255,1790226889623748730,RR_calf,0.869616575,0.000000000,-0.493727671,-0.360821424,-0.032051508,0.997890642,-0.056453231,-0.133250372,0.492686223,0.064917382,0.867782242,-0.137599744,0.000000000,0.000000000,0.000000000,1.000000000
1790226889615134255,1790226889,615134255,1790226889623748730,RR_calflower,0.893205879,-0.000000000,-0.449647926,-0.270357397,-0.029189966,0.997890642,-0.057984587,-0.125536324,0.448699458,0.064917382,0.891321788,-0.256177792,0.000000000,0.000000000,0.000000000,1.000000000
1790226889615134255,1790226889,615134255,1790226889623748730,RR_calflower1,0.999907128,-0.000000000,0.013628447,-0.261303539,0.000884723,0.997890642,-0.064911353,-0.122925041,-0.013599700,0.064917382,0.997797966,-0.296317658,0.000000000,0.000000000,0.000000000,1.000000000
1790226889615134255,1790226889,615134255,1790226889623748730,RR_foot,0.869616575,0.000000000,-0.493727671,-0.255657430,-0.032051508,0.997890642,-0.056453231,-0.121225834,0.492686223,0.064917382,0.867782242,-0.322437362,0.000000000,0.000000000,0.000000000,1.000000000
1790226889683323005,1790226889,683323005,1790226889690328151,FL_hip,1.000000000,-0.000000000,0.000000000,0.193400000,0.000000000,0.992580617,0.121588320,0.046500000,-0.000000000,-0.121588320,0.992580617,0.000000000,0.000000000,0.000000000,0.000000000,1.000000000
1790226889683323005,1790226889,683323005,1790226889690328151,FL_thigh,0.959195492,-0.000000000,-0.282743713,0.193400000,0.034378333,0.992580617,0.116626969,0.141291449,0.280645929,-0.121588320,0.952078853,-0.011611685,0.000000000,0.000000000,0.000000000,1.000000000
1790226889683323005,1790226889,683323005,1790226889690328151,FL_calf,-0.296683603,0.000000000,-0.954975832,0.253624411,0.116113907,0.992580617,-0.036073261,0.116449905,0.947890500,-0.121588320,-0.294482394,-0.214404480,0.000000000,0.000000000,0.000000000,1.000000000
1790226889683323005,1790226889,683323005,1790226889690328151,FL_calflower,-0.248583927,0.000000000,-0.968610361,0.389027162,0.117771707,0.992580617,-0.030224902,0.124111025,0.961423869,-0.121588320,-0.246739588,-0.151863276,0.000000000,0.000000000,0.000000000,1.000000000
1790226889683323005,1790226889,683323005,1790226889690328151,FL_calflower1,0.226791413,-0.000000000,-0.973943353,0.430257416,0.118420136,0.992580617,0.027575187,0.124142304,0.966717294,-0.121588320,0.225108760,-0.151607931,0.000000000,0.000000000,0.000000000,1.000000000
1790226889683323005,1790226889,683323005,1790226889690328151,FL_foot,-0.296683603,0.000000000,-0.954975832,0.457034263,0.116113907,0.992580617,-0.036073261,0.124133509,0.947890500,-0.121588320,-0.294482394,-0.151679730,0.000000000,0.000000000,0.000000000,1.000000000
1790226889683323005,1790226889,683323005,1790226889690328151,FR_hip,1.000000000,0.000000000,0.000000000,0.193400000,0.000000000,0.974158593,-0.225865083,-0.046500000,0.000000000,0.225865083,0.974158593,0.000000000,0.000000000,0.000000000,0.000000000,1.000000000
1790226889683323005,1790226889,683323005,1790226889690328151,FR_thigh,0.984659726,0.000000000,-0.174485599,0.193400000,-0.039410204,0.974158593,-0.222400251,-0.139532146,0.169976646,0.225865083,0.959214733,-0.021570115,0.000000000,0.000000000,0.000000000,1.000000000
1790226889683323005,1790226889,683323005,1790226889690328151,FR_calf,-0.603615781,-0.000000000,-0.797275354,0.230565433,-0.180076664,0.974158593,0.136335729,-0.092160892,0.776672637,0.225865083,-0.588017500,-0.225882854,0.000000000,0.000000000,0.000000000,1.000000000
1790226889683323005,1790226889,683323005,1790226889690328151,FR_calflower,-0.563014258,0.000000000,-0.826447182,0.336489869,-0.186665562,0.974158593,0.127165262,-0.115940113,0.805090624,0.225865083,-0.548465178,-0.123322811,0.000000000,0.000000000,0.000000000,1.000000000
1790226889683323005,1790226889,683323005,1790226889690328151,FR_calflower1,-0.117754690,-0.000000000,-0.993042715,0.375177899,-0.224293676,0.974158593,0.026596673,-0.119160068,0.967381094,0.225865083,-0.114711743,-0.109435110,0.000000000,0.000000000,0.000000000,1.000000000
1790226889683323005,1790226889,683323005,1790226889690328151,FR_foot,-0.603615781,-0.000000000,-0.797275354,0.400385083,-0.180076664,0.974158593,0.136335729,-0.121200402,0.776672637,0.225865083,-0.588017500,-0.100635126,0.000000000,0.000000000,0.000000000,1.000000000
1790226889683323005,1790226889,683323005,1790226889690328151,RL_hip,1.000000000,-0.000000000,0.000000000,-0.193400000,0.000000000,0.996735161,0.080740445,0.046500000,-0.000000000,-0.080740445,0.996735161,0.000000000,0.000000000,0.000000000,0.000000000,1.000000000
1790226889683323005,1790226889,683323005,1790226889690328151,RL_thigh,0.642854769,-0.000000000,0.765988084,-0.193400000,-0.061846219,0.996735161,0.051904380,0.141688208,-0.763487256,-0.080740445,0.640755952,-0.007710713,0.000000000,0.000000000,0.000000000,1.000000000
1790226889683323005,1790226889,683323005,1790226889690328151,RL_calf,0.823927330,0.000000000,-0.566695469,-0.356555462,0.045755244,0.996735161,0.066524259,0.130632575,0.564845300,-0.080740445,0.821237340,-0.144191730,0.000000000,0.000000000,0.000000000,1.000000000
1790226889683323005,1790226889,683323005,1790226889690328151,RL_calflower,0.851220604,0.000000000,-0.524808044,-0.256205986,0.042373235,0.996735161,0.068727931,0.121702089,0.523094630,-0.080740445,0.848441506,-0.254437951,0.000000000,0.000000000,0.000000000,1.000000000
1790226889683323005,1790226889,683323005,1790226889690328151,RL_calflower1,0.997373780,0.000000000,-0.072426122,-0.243725870,0.005847717,0.996735161,0.080528403,0.118529240,0.072189662,-0.080740445,0.994117515,-0.293606557,0.000000000,0.000000000,0.000000000,1.000000000
1790226889683323005,1790226889,683323005,1790226889690328151,RL_foot,0.823927330,0.000000000,-0.566695469,-0.235849327,0.045755244,0.996735161,0.066524259,0.116462908,0.564845300,-0.080740445,0.821237340,-0.319115284,0.000000000,0.000000000,0.000000000,1.000000000
1790226889683323005,1790226889,683323005,1790226889690328151,RR_hip,1.000000000,0.000000000,0.000000000,-0.193400000,0.000000000,0.998577946,-0.053311209,-0.046500000,0.000000000,0.053311209,0.998577946,0.000000000,0.000000000,0.000000000,0.000000000,1.000000000
1790226889683323005,1790226889,683323005,1790226889690328151,RR_thigh,0.625674329,-0.000000000,0.780084377,-0.193400000,0.041587241,0.998577946,-0.033355455,-0.141864194,-0.778975055,0.053311209,0.624784586,-0.005091220,0.000000000,0.000000000,0.000000000,1.000000000
1790226889683323005,1790226889,683323005,1790226889690328151,RR_calf,0.862990714,0.000000000,-0.505219782,-0.359557972,-0.026933877,0.998577946,-0.046007078,-0.134759482,0.504501333,0.053311209,0.861763494,-0.138170337,0.000000000,0.000000000,0.000000000,1.000000000
1790226889683323005,1790226889,683323005,1790226889690328151,RR_calflower,0.887162665,0.000000000,-0.461456830,-0.267525630,-0.024600821,0.998577946,-0.047295714,-0.128489112,0.460800614,0.053311209,0.885901072,-0.255621308,0.000000000,0.000000000,0.000000000,1.000000000
1790226889683323005,1790226889,683323005,1790226889690328151,RR_calflower1,0.999999934,0.000000000,0.000363379,-0.257938984,0.000019372,0.998577946,-0.053311205,-0.126351275,-0.000362862,0.053311209,0.998577880,-0.295665357,0.000000000,0.000000000,0.000000000,1.000000000
1790226889683323005,1790226889,683323005,1790226889690328151,RR_foot,0.862990714,0.000000000,-0.505219782,-0.251946159,-0.026933877,0.998577946,-0.046007078,-0.124959974,0.504501333,0.053311209,0.861763494,-0.321725962,0.000000000,0.000000000,0.000000000,1.000000000
1790226889749550797,1790226889,749550797,1790226889756870915,FL_hip,1.000000000,-0.000000000,0.000000000,0.193400000,0.000000000,0.995587689,0.093835784,0.046500000,-0.000000000,-0.093835784,0.995587689,0.000000000,0.000000000,0.000000000,0.000000000,1.000000000
1790226889749550797,1790226889,749550797,1790226889756870915,FL_thigh,0.958499182,0.000000000,-0.285095280,0.193400000,0.026752139,0.995587689,0.089941522,0.141578624,0.283837351,-0.093835784,0.954269985,-0.008961317,0.000000000,0.000000000,0.000000000,1.000000000
1790226889749550797,1790226889,749550797,1790226889756870915,FL_calf,-0.305951096,0.000000000,-0.952047229,0.254125295,0.089336098,0.995587689,-0.028709161,0.122421080,0.947846501,-0.093835784,-0.304601144,-0.212220824,0.000000000,0.000000000,0.000000000,1.000000000
1790226889749550797,1790226889,749550797,1790226889756870915,FL_calflower,-0.257986207,-0.000000000,-0.966148600,0.388909263,0.090659311,0.995587689,-0.024208338,0.128456758,0.961885651,-0.093835784,-0.256847891,-0.148182925,0.000000000,0.000000000,0.000000000,1.000000000
1790226889749550797,1790226889,749550797,1790226889756870915,FL_calflower1,0.217314848,-0.000000000,-0.976101561,0.430135069,0.091593255,0.995587689,0.020391909,0.128518498,0.971794697,-0.093835784,0.216355988,-0.147527866,0.000000000,0.000000000,0.000000000,1.000000000
1790226889749550797,1790226889,749550797,1790226889756870915,FL_foot,-0.305951096,0.000000000,-0.952047229,0.456911355,0.089336098,0.995587689,-0.028709161,0.128536131,0.947846501,-0.093835784,-0.304601144,-0.147340780,0.000000000,0.000000000,0.000000000,1.000000000
1790226889749550797,1790226889,749550797,1790226889756870915,FR_hip,1.000000000,0.000000000,0.000000000,0.193400000,0.000000000,0.983866706,-0.178903060,-0.046500000,0.000000000,0.178903060,0.983866706,0.000000000,0.000000000,0.000000000,0.000000000,1.000000000
1790226889749550797,1790226889,749550797,1790226889756870915,FR_thigh,0.989455552,-0.000000000,-0.144836840,0.193400000,-0.025911754,0.983866706,-0.177016626,-0.140459270,0.142500145,0.178903060,0.973492375,-0.017085242,0.000000000,0.000000000,0.000000000,1.000000000
1790226889749550797,1790226889,749550797,1790226889756870915,FR_calf,-0.584372501,0.000000000,-0.811485539,0.224250247,-0.145177246,0.983866706,0.104546028,-0.102754729,0.798393604,0.178903060,-0.574944647,-0.224439118,0.000000000,0.000000000,0.000000000,1.000000000
1790226889749550797,1790226889,749550797,1790226889756870915,FR_calflower,-0.543084814,0.000000000,-0.839677846,0.332662657,-0.150220936,0.983866706,0.097159535,-0.121131086,0.826131076,0.178903060,-0.534323067,-0.123379438,0.000000000,0.000000000,0.000000000,1.000000000
1790226889749550797,1790226889,749550797,1790226889756870915,FR_calflower1,-0.093967730,0.000000000,-0.995575244,0.371680619,-0.178111457,0.983866706,0.016811114,-0.123515258,0.979513336,0.178903060,-0.092451721,-0.110267826,0.000000000,0.000000000,0.000000000,1.000000000
1790226889749550797,1790226889,749550797,1790226889756870915,FR_foot,-0.584372501,0.000000000,-0.811485539,0.397096667,-0.145177246,0.983866706,0.104546028,-0.125023033,0.798393604,0.178903060,-0.574944647,-0.101975908,0.000000000,0.000000000,0.000000000,1.000000000
1790226889749550797,1790226889,749550797,1790226889756870915,RL_hip,1.000000000,-0.000000000,0.000000000,-0.193400000,0.000000000,0.997355295,0.072680229,0.046500000,-0.000000000,-0.072680229,0.997355295,0.000000000,0.000000000,0.000000000,0.000000000,1.000000000
1790226889749550797,1790226889,749550797,1790226889756870915,RL_thigh,0.615155127,0.000000000,0.788406095,-0.193400000,-0.057301536,0.997355295,0.044709616,0.141747431,-0.786320993,-0.072680229,0.613528223,-0.006940962,0.000000000,0.000000000,0.000000000,1.000000000
1790226889749550797,1790226889,749550797,1790226889756870915,RL_calf,0.848446122,0.000000000,-0.529281756,-0.361330498,0.038468319,0.997355295,0.061665259,0.132224283,0.527881962,-0.072680229,0.846202233,-0.137622473,0.000000000,0.000000000,0.000000000,1.000000000
1790226889749550797,1790226889,749550797,1790226889756870915,RL_calflower,0.873838848,0.000000000,-0.486215659,-0.266027876,0.035338266,0.997355295,0.063510808,0.123867191,0.484929762,-0.072680229,0.871527802,-0.252302765,0.000000000,0.000000000,0.000000000,1.000000000
1790226889749550797,1790226889,749550797,1790226889756870915,RL_calflower1,0.999614888,-0.000000000,-0.027750238,-0.255317638,0.002016894,0.997355295,0.072652239,0.120973376,0.027676847,-0.072680229,0.996971201,-0.292013174,0.000000000,0.000000000,0.000000000,1.000000000
1790226889749550797,1790226889,749550797,1790226889756870915,RL_foot,0.848446122,0.000000000,-0.529281756,-0.248593484,0.038468319,0.997355295,0.061665259,0.119089582,0.527881962,-0.072680229,0.846202233,-0.317863549,0.000000000,0.000000000,0.000000000,1.000000000
1790226889749550797,1790226889,749550797,1790226889756870915,RR_hip,1.000000000,0.000000000,0.000000000,-0.193400000,0.000000000,0.998587615,-0.053129799,-0.046500000,0.000000000,0.053129799,0.998587615,0.000000000,0.000000000,0.000000000,0.000000000,1.000000000
1790226889749550797,1790226889,749550797,1790226889756870915,RR_thigh,0.585177668,0.000000000,0.810905110,-0.193400000,0.043083225,0.998587615,-0.031090372,-0.141865117,-0.809759800,0.053129799,0.584351171,-0.005073896,0.000000000,0.000000000,0.000000000,1.000000000
1790226889749550797,1790226889,749550797,1790226889756870915,RR_calf,0.881780531,0.000000000,-0.471659935,-0.366122788,-0.025059197,0.998587615,-0.046848822,-0.135242868,0.470993770,0.053129799,0.880535118,-0.129540695,0.000000000,0.000000000,0.000000000,1.000000000
1790226889749550797,1790226889,749550797,1790226889756870915,RR_calflower,0.904251707,-0.000000000,-0.426999825,-0.278681507,-0.022686415,0.998587615,-0.048042711,-0.128810426,0.426396737,0.053129799,0.902974555,-0.250440017,0.000000000,0.000000000,0.000000000,1.000000000
1790226889749550797,1790226889,749550797,1790226889756870915,RR_calflower1,0.999246300,0.000000000,0.038817931,-0.270644031,0.002062389,0.998587615,-0.053089755,-0.126661854,-0.038763105,0.053129799,0.997834979,-0.290822967,0.000000000,0.000000000,0.000000000,1.000000000
1790226889749550797,1790226889,749550797,1790226889756870915,RR_foot,0.881780531,0.000000000,-0.471659935,-0.265659222,-0.025059197,0.998587615,-0.046848822,-0.125264069,0.470993770,0.053129799,0.880535118,-0.317094675,0.000000000,0.000000000,0.000000000,1.000000000
1790226889783425841,1790226889,783425841,1790226889790411461,FL_hip,1.000000000,-0.000000000,0.000000000,0.193400000,0.000000000,0.998411669,0.056339502,0.046500000,-0.000000000,-0.056339502,0.998411669,0.000000000,0.000000000,0.000000000,0.000000000,1.000000000
1790226889783425841,1790226889,783425841,1790226889790411461,FL_thigh,0.961374887,0.000000000,-0.275242306,0.193400000,0.015507014,0.998411669,0.054163382,0.141848314,0.274805130,-0.056339502,0.959847905,-0.005380422,0.000000000,0.000000000,0.000000000,1.000000000
1790226889783425841,1790226889,783425841,1790226889790411461,FL_calf,-0.302343071,0.000000000,-0.953199175,0.252026611,0.053702767,0.998411669,-0.017033858,0.130311514,0.951685179,-0.056339502,-0.301862850,-0.209828026,0.000000000,0.000000000,0.000000000,1.000000000
1790226889783425841,1790226889,783425841,1790226889790411461,FL_calflower,-0.254325118,0.000000000,-0.967118780,0.387053228,0.054486990,0.998411669,-0.014328550,0.133906580,0.965582675,-0.056339502,-0.253921165,-0.146118621,0.000000000,0.000000000,0.000000000,1.000000000
1790226889783425841,1790226889,783425841,1790226889790411461,FL_calflower1,0.221010225,0.000000000,-0.975271491,0.428281230,0.054946310,0.998411669,0.012451606,0.133934852,0.973722437,-0.056339502,0.220659187,-0.145617601,0.000000000,0.000000000,0.000000000,1.000000000
1790226889783425841,1790226889,783425841,1790226889790411461,FL_foot,-0.302343071,0.000000000,-0.953199175,0.455058035,0.053702767,0.998411669,-0.017033858,0.133939726,0.951685179,-0.056339502,-0.301862850,-0.145531239,0.000000000,0.000000000,0.000000000,1.000000000
1790226889783425841,1790226889,783425841,1790226889790411461,FR_hip,1.000000000,0.000000000,0.000000000,0.193400000,0.000000000,0.994410274,-0.105585069,-0.046500000,0.000000000,0.105585069,0.994410274,0.000000000,0.000000000,0.000000000,0.000000000,1.000000000
1790226889783425841,1790226889,783425841,1790226889790411461,FR_thigh,0.976785121,-0.000000000,-0.214221443,0.193400000,-0.022618586,0.994410274,-0.103133925,-0.141466181,0.213024004,0.105585069,0.971325160,-0.010083374,0.000000000,0.000000000,0.000000000,1.000000000
1790226889783425841,1790226889,783425841,1790226889790411461,FR_calf,-0.471451200,0.000000000,-0.881892151,0.239029167,-0.093114644,0.994410274,0.049778208,-0.119498655,0.876962616,0.105585069,-0.468815917,-0.216975633,0.000000000,0.000000000,0.000000000,1.000000000
1790226889783425841,1790226889,783425841,1790226889790411461,FR_calflower,-0.426785771,-0.000000000,-0.904352755,0.360120182,-0.095486148,0.994410274,0.045062205,-0.128728123,0.899297671,0.105585069,-0.424400156,-0.130051625,0.000000000,0.000000000,0.000000000,1.000000000
1790226889783425841,1790226889,783425841,1790226889790411461,FR_calflower1,0.039054457,-0.000000000,-0.999237084,0.400562150,-0.105504517,0.994410274,-0.004123568,-0.129575750,0.993651622,0.105585069,0.038836154,-0.122068596,0.000000000,0.000000000,0.000000000,1.000000000
1790226889783425841,1790226889,783425841,1790226889790411461,FR_foot,-0.471451200,0.000000000,-0.881892151,0.426872196,-0.093114644,0.994410274,0.049778208,-0.130101413,0.876962616,0.105585069,-0.468815917,-0.117117843,0.000000000,0.000000000,0.000000000,1.000000000
1790226889783425841,1790226889,783425841,1790226889790411461,RL_hip,1.000000000,-0.000000000,0.000000000,-0.193400000,0.000000000,0.998315006,0.058027138,0.046500000,-0.000000000,-0.058027138,0.998315006,0.000000000,0.000000000,0.000000000,0.000000000,1.000000000
1790226889783425841,1790226889,783425841,1790226889790411461,RL_thigh,0.555612273,0.000000000,0.831441520,-0.193400000,-0.048246172,0.998315006,0.032240590,0.141839083,-0.830040546,-0.058027138,0.554676070,-0.005541592,0.000000000,0.000000000,0.000000000,1.000000000
1790226889783425841,1790226889,783425841,1790226889790411461,RL_calf,0.891966013,-0.000000000,-0.452102457,-0.370497044,0.026234212,0.998315006,0.051758235,0.134971837,0.451340667,-0.058027138,0.890463056,-0.123687595,0.000000000,0.000000000,0.000000000,1.000000000
1790226889783425841,1790226889,783425841,1790226889790411461,RL_calflower,0.913446993,0.000000000,-0.406957726,-0.285746560,0.023614592,0.998315006,0.053004715,0.127836303,0.406272005,-0.058027138,0.911907840,-0.246449313,0.000000000,0.000000000,0.000000000,1.000000000
1790226889783425841,1790226889,783425841,1790226889790411461,RL_calflower1,0.998147448,-0.000000000,0.060841363,-0.278602721,-0.003530450,0.998315006,0.057919640,0.125479968,-0.060738845,-0.058027138,0.996465576,-0.286988347,0.000000000,0.000000000,0.000000000,1.000000000
1790226889783425841,1790226889,783425841,1790226889790411461,RL_foot,0.891966013,-0.000000000,-0.452102457,-0.274199221,0.026234212,0.998315006,0.051758235,0.123947333,0.451340667,-0.058027138,0.890463056,-0.313356225,0.000000000,0.000000000,0.000000000,1.000000000
1790226889783425841,1790226889,783425841,1790226889790411461,RR_hip,1.000000000,0.000000000,0.000000000,-0.193400000,0.000000000,0.995773683,-0.091841020,-0.046500000,0.000000000,0.091841020,0.995773683,0.000000000,0.000000000,0.000000000,0.000000000,1.000000000
1790226889783425841,1790226889,783425841,1790226889790411461,RR_thigh,0.529185934,-0.000000000,0.848505891,-0.193400000,0.077927647,0.995773683,-0.048600976,-0.141596387,-0.844919836,0.091841020,0.526949426,-0.008770817,0.000000000,0.000000000,0.000000000,1.000000000
1790226889783425841,1790226889,783425841,1790226889790411461,RR_calf,0.894843119,-0.000000000,-0.446380770,-0.374131755,-0.040996065,0.995773683,-0.082183305,-0.131244379,0.444494224,0.091841020,0.891061228,-0.121011045,0.000000000,0.000000000,0.000000000,1.000000000
1790226889783425841,1790226889,783425841,1790226889790411461,RR_calflower,0.916034538,0.000000000,-0.401099395,-0.290170538,-0.036837378,0.995773683,-0.084129547,-0.119901171,0.399404222,0.091841020,0.912163086,-0.243998222,0.000000000,0.000000000,0.000000000,1.000000000
1790226889783425841,1790226889,783425841,1790226889790411461,RR_calflower1,0.997737332,0.000000000,0.067232547,-0.283286908,0.006174706,0.995773683,-0.091633215,-0.116167615,-0.066948401,0.091841020,0.993520578,-0.284478788,0.000000000,0.000000000,0.000000000,1.000000000
1790226889783425841,1790226889,783425841,1790226889790411461,RR_foot,0.894843119,-0.000000000,-0.446380770,-0.279052651,-0.040996065,0.995773683,-0.082183305,-0.113739335,0.444494224,0.091841020,0.891061228,-0.310807087,0.000000000,0.000000000,0.000000000,1.000000000
1790226889855259514,1790226889,855259514,1790226889856908062,FL_hip,1.000000000,0.000000000,0.000000000,0.193400000,0.000000000,0.999946937,-0.010301594,0.046500000,0.000000000,0.010301594,0.999946937,0.000000000,0.000000000,0.000000000,0.000000000,1.000000000
1790226889855259514,1790226889,855259514,1790226889856908062,FL_thigh,0.963552341,-0.000000000,-0.267519880,0.193400000,-0.002755881,0.999946937,-0.009926125,0.141994932,0.267505684,0.010301594,0.963501212,0.000983802,0.000000000,0.000000000,0.000000000,1.000000000
1790226889855259514,1790226889,855259514,1790226889856908062,FL_calf,-0.266804358,-0.000000000,-0.963750712,0.250381734,-0.009928169,0.999946937,0.002748510,0.144109197,0.963699573,0.010301594,-0.266790200,-0.204241956,0.000000000,0.000000000,0.000000000,1.000000000
1790226889855259514,1790226889,855259514,1790226889856908062,FL_calflower,-0.218303462,-0.000000000,-0.975880935,0.387680753,-0.010053129,0.999946937,0.002248874,0.143503854,0.975829152,0.010301594,-0.218291878,-0.145483015,0.000000000,0.000000000,0.000000000,1.000000000
1790226889855259514,1790226889,855259514,1790226889856908062,FL_calflower1,0.257007431,0.000000000,-0.966409427,0.428899025,-0.009955558,0.999946937,-0.002647586,0.143514431,0.966358146,0.010301594,0.256993794,-0.146509631,0.000000000,0.000000000,0.000000000,1.000000000
1790226889855259514,1790226889,855259514,1790226889856908062,FL_foot,-0.266804358,-0.000000000,-0.963750712,0.455660636,-0.009928169,0.999946937,0.002748510,0.143523764,0.963699573,0.010301594,-0.266790200,-0.147415643,0.000000000,0.000000000,0.000000000,1.000000000
1790226889855259514,1790226889,855259514,1790226889856908062,FR_hip,1.000000000,0.000000000,0.000000000,0.193400000,0.000000000,0.993406737,-0.114643167,-0.046500000,0.000000000,0.114643167,0.993406737,0.000000000,0.000000000,0.000000000,0.000000000,1.000000000
1790226889855259514,1790226889,855259514,1790226889856908062,FR_thigh,0.946986503,0.000000000,-0.321273348,0.193400000,-0.036831794,0.993406737,-0.108565532,-0.141370343,0.319155108,0.114643167,0.940742771,-0.010948422,0.000000000,0.000000000,0.000000000,1.000000000
1790226889855259514,1790226889,855259514,1790226889856908062,FR_calf,-0.322693968,-0.000000000,-0.946503356,0.261831223,-0.108510142,0.993406737,0.036994658,-0.118245885,0.940262810,0.114643167,-0.320566362,-0.211326633,0.000000000,0.000000000,0.000000000,1.000000000
1790226889855259514,1790226889,855259514,1790226889856908062,FR_calflower,-0.274985233,-0.000000000,-0.961448450,0.395459840,-0.110223495,0.993406737,0.031525178,-0.125891297,0.955109367,0.114643167,-0.273172183,-0.145077555,0.000000000,0.000000000,0.000000000,1.000000000
1790226889855259514,1790226889,855259514,1790226889856908062,FR_calflower1,0.200066367,0.000000000,-0.979782348,0.436667631,-0.112325351,0.993406737,-0.022936242,-0.126050070,0.973322385,0.114643167,0.198747276,-0.143701761,0.000000000,0.000000000,0.000000000,1.000000000
1790226889855259514,1790226889,855259514,1790226889856908062,FR_foot,-0.322693968,-0.000000000,-0.946503356,0.463436438,-0.108510142,0.993406737,0.036994658,-0.126125747,0.940262810,0.114643167,-0.320566362,-0.143045998,0.000000000,0.000000000,0.000000000,1.000000000
1790226889855259514,1790226889,855259514,1790226889856908062,RL_hip,1.000000000,-0.000000000,0.000000000,-0.193400000,0.000000000,0.999722868,0.023541183,0.046500000,-0.000000000,-0.023541183,0.999722868,0.000000000,0.000000000,0.000000000,0.000000000,1.000000000
1790226889855259514,1790226889,855259514,1790226889856908062,RL_thigh,0.484644833,0.000000000,0.874711030,-0.193400000,-0.020591732,0.999722868,0.011409113,0.141973534,-0.874468619,-0.023541183,0.484510523,-0.002248183,0.000000000,0.000000000,0.000000000,1.000000000
1790226889855259514,1790226889,855259514,1790226889856908062,RL_calf,0.923245971,-0.000000000,-0.384209418,-0.379713449,0.009044744,0.999722868,0.021734302,0.139543393,0.384102942,-0.023541183,0.922990110,-0.105448924,0.000000000,0.000000000,0.000000000,1.000000000
1790226889855259514,1790226889,855259514,1790226889856908062,RL_calflower,0.941294621,0.000000000,-0.337586190,-0.304385536,0.007947178,0.999722868,0.022159189,0.136507611,0.337492634,-0.023541183,0.941033759,-0.234369402,0.000000000,0.000000000,0.000000000,1.000000000
1790226889855259514,1790226889,855259514,1790226889856908062,RL_calflower1,0.990813823,-0.000000000,0.135233018,-0.300295035,-0.003183545,0.999722868,0.023324929,0.135541772,-0.135195540,-0.023541183,0.990539236,-0.275385678,0.000000000,0.000000000,0.000000000,1.000000000
1790226889855259514,1790226889,855259514,1790226889856908062,RL_foot,0.923245971,-0.000000000,-0.384209418,-0.297876843,0.009044744,0.999722868,0.021734302,0.134913987,0.384102942,-0.023541183,0.922990110,-0.302045818,0.000000000,0.000000000,0.000000000,1.000000000
1790226889855259514,1790226889,855259514,1790226889856908062,RR_hip,1.000000000,0.000000000,0.000000000,-0.193400000,0.000000000,0.996774153,-0.080257640,-0.046500000,0.000000000,0.080257640,0.996774153,0.000000000,0.000000000,0.000000000,0.000000000,1.000000000
1790226889855259514,1790226889,855259514,1790226889856908062,RR_thigh,0.525919342,0.000000000,0.850534447,-0.193400000,0.068261887,0.996774153,-0.042209045,-0.141691932,-0.847790753,0.080257640,0.524222806,-0.007664605,0.000000000,0.000000000,0.000000000,1.000000000
1790226889855259514,1790226889,855259514,1790226889856908062,RR_calf,0.876608087,0.000000000,-0.481205010,-0.374563837,-0.038620378,0.996774153,-0.070354496,-0.132701405,0.479652716,0.080257640,0.873780283,-0.119324062,0.000000000,0.000000000,0.000000000,1.000000000
1790226889855259514,1790226889,855259514,1790226889856908062,RR_calflower,0.899562782,0.000000000,-0.436791485,-0.285813334,-0.035055854,0.996774153,-0.072196786,-0.123061347,0.435382463,0.080257640,0.896660929,-0.239050490,0.000000000,0.000000000,0.000000000,1.000000000
1790226889855259514,1790226889,855259514,1790226889856908062,RR_calflower1,0.999608832,-0.000000000,0.027967530,-0.277337302,0.002244608,0.996774153,-0.080226246,-0.119822917,-0.027877311,0.080257640,0.996384247,-0.279270752,0.000000000,0.000000000,0.000000000,1.000000000
1790226889855259514,1790226889,855259514,1790226889856908062,RR_foot,0.876608087,0.000000000,-0.481205010,-0.272067170,-0.038620378,0.996774153,-0.070354496,-0.117715897,0.479652716,0.080257640,0.873780283,-0.305439263,0.000000000,0.000000000,0.000000000,1.000000000
1790226889921416816,1790226889,921416816,1790226889923682652,FL_hip,1.000000000,-0.000000000,0.000000000,0.193400000,0.000000000,0.998194930,0.060057323,0.046500000,-0.000000000,-0.060057323,0.998194930,0.000000000,0.000000000,0.000000000,0.000000000,1.000000000
1790226889921416816,1790226889,921416816,1790226889923682652,FL_thigh,0.993800658,0.000000000,-0.111176670,0.193400000,0.006676973,0.998194930,0.059685007,0.141827616,0.110975988,-0.060057323,0.992006778,-0.005735474,0.000000000,0.000000000,0.000000000,1.000000000
1790226889921416816,1790226889,921416816,1790226889923682652,FL_calf,-0.331301673,0.000000000,-0.943524881,0.217080631,0.056665578,0.998194930,-0.019897092,0.129114709,0.941821752,-0.060057323,-0.330703651,-0.217032918,0.000000000,0.000000000,0.000000000,1.000000000
1790226889921416816,1790226889,921416816,1790226889923682652,FL_calflower,-0.283731043,0.000000000,-0.958903903,0.350096280,0.057589201,0.998194930,-0.017040127,0.133192790,0.957173014,-0.060057323,-0.283218888,-0.149252343,0.000000000,0.000000000,0.000000000,1.000000000
1790226889921416816,1790226889,921416816,1790226889923682652,FL_calflower1,0.191133859,0.000000000,-0.981563981,0.391289746,0.058950105,0.998194930,0.011478988,0.133298504,0.979792189,-0.060057323,0.190788849,-0.147495317,0.000000000,0.000000000,0.000000000,1.000000000
1790226889921416816,1790226889,921416816,1790226889923682652,FL_foot,-0.331301673,0.000000000,-0.943524881,0.418051430,0.056665578,0.998194930,-0.019897092,0.133352790,0.941821752,-0.060057323,-0.330703651,-0.146593040,0.000000000,0.000000000,0.000000000,1.000000000
1790226889921416816,1790226889,921416816,1790226889923682652,FR_hip,1.000000000,0.000000000,0.000000000,0.193400000,0.000000000,0.992120920,-0.125283995,-0.046500000,0.000000000,0.125283995,0.992120920,0.000000000,0.000000000,0.000000000,0.000000000,1.000000000
1790226889921416816,1790226889,921416816,1790226889923682652,FR_thigh,0.934443498,0.000000000,-0.356111427,0.193400000,-0.044615062,0.992120920,-0.117070815,-0.141247548,0.353305597,0.125283995,0.927080944,-0.011964622,0.000000000,0.000000000,0.000000000,1.000000000
1790226889921416816,1790226889,921416816,1790226889923682652,FR_calf,-0.321154740,-0.000000000,-0.947026733,0.269251734,-0.118647293,0.992120920,0.040235549,-0.116311464,0.939565034,0.125283995,-0.318624336,-0.209432863,0.000000000,0.000000000,0.000000000,1.000000000
1790226889921416816,1790226889,921416816,1790226889923682652,FR_calflower,-0.273421770,-0.000000000,-0.961894243,0.402988596,-0.120509954,0.992120920,0.034255372,-0.124639271,0.954315402,0.125283995,-0.271267459,-0.143485160,0.000000000,0.000000000,0.000000000,1.000000000
1790226889921416816,1790226889,921416816,1790226889923682652,FR_calflower1,0.201659008,-0.000000000,-0.979455790,0.444198583,-0.122710135,0.992120920,-0.025264646,-0.124804387,0.971738580,0.125283995,0.200070121,-0.142177616,0.000000000,0.000000000,0.000000000,1.000000000
1790226889921416816,1790226889,921416816,1790226889923682652,FR_foot,-0.321154740,-0.000000000,-0.947026733,0.470968428,-0.118647293,0.992120920,0.040235549,-0.124881636,0.939565034,0.125283995,-0.318624336,-0.141565879,0.000000000,0.000000000,0.000000000,1.000000000
1790226889921416816,1790226889,921416816,1790226889923682652,RL_hip,1.000000000,-0.000000000,0.000000000,-0.193400000,0.000000000,0.999508473,0.031349826,0.046500000,-0.000000000,-0.031349826,0.999508473,0.000000000,0.000000000,0.000000000,0.000000000,1.000000000
1790226889921416816,1790226889,921416816,1790226889923682652,RL_thigh,0.517705894,0.000000000,0.855558652,-0.193400000,-0.026821615,0.999508473,0.016229990,0.141953059,-0.855138122,-0.031349826,0.517451428,-0.002993908,0.000000000,0.000000000,0.000000000,1.000000000
1790226889921416816,1790226889,921416816,1790226889923682652,RL_calf,0.891804083,0.000000000,-0.452421792,-0.375633993,0.014183345,0.999508473,0.027957903,0.138496071,0.452199414,-0.031349826,0.891365737,-0.113211063,0.000000000,0.000000000,0.000000000,1.000000000
1790226889921416816,1790226889,921416816,1790226889923682652,RL_calflower,0.913301225,0.000000000,-0.407284755,-0.290839486,0.012768306,0.999508473,0.028631835,0.134641969,0.407084564,-0.031349826,0.912852314,-0.236089203,0.000000000,0.000000000,0.000000000,1.000000000
1790226889921416816,1790226889,921416816,1790226889923682652,RL_calflower1,0.998169168,0.000000000,0.060483977,-0.283681108,-0.001896162,0.999508473,0.031292430,0.133369012,-0.060454247,-0.031349826,0.997678542,-0.276674142,0.000000000,0.000000000,0.000000000,1.000000000
1790226889921416816,1790226889,921416816,1790226889923682652,RL_foot,0.891804083,0.000000000,-0.452421792,-0.279268151,0.014183345,0.999508473,0.027957903,0.132541038,0.452199414,-0.031349826,0.891365737,-0.303071965,0.000000000,0.000000000,0.000000000,1.000000000
1790226889921416816,1790226889,921416816,1790226889923682652,RR_hip,1.000000000,0.000000000,0.000000000,-0.193400000,0.000000000,0.996868228,-0.079080566,-0.046500000,0.000000000,0.079080566,0.996868228,0.000000000,0.000000000,0.000000000,0.000000000,1.000000000
1790226889921416816,1790226889,921416816,1790226889923682652,RR_thigh,0.628056956,0.000000000,0.778167372,-0.193400000,0.061537916,0.996868228,-0.049667100,-0.141700916,-0.775730330,0.079080566,0.626090025,-0.007552194,0.000000000,0.000000000,0.000000000,1.000000000
1790226889921416816,1790226889,921416816,1790226889923682652,RR_calf,0.792376988,-0.000000000,-0.610031727,-0.359149650,-0.048241654,0.996868228,-0.062661621,-0.131121824,0.608121247,0.079080566,0.789895444,-0.140909369,0.000000000,0.000000000,0.000000000,1.000000000
1790226889921416816,1790226889,921416816,1790226889923682652,RR_calflower,0.821875603,0.000000000,-0.569667003,-0.253017415,-0.045049589,0.996868228,-0.064994388,-0.122812737,0.567882936,0.079080566,0.819301676,-0.245651470,0.000000000,0.000000000,0.000000000,1.000000000
1790226889921416816,1790226889,921416816,1790226889923682652,RR_calflower1,0.992059845,-0.000000000,-0.125766701,-0.238449491,-0.009945702,0.996868228,-0.078452654,-0.119762465,0.125372828,0.079080566,0.988952940,-0.284102367,0.000000000,0.000000000,0.000000000,1.000000000
1790226889921416816,1790226889,921416816,1790226889923682652,RR_foot,0.792376988,-0.000000000,-0.610031727,-0.229212892,-0.048241654,0.996868228,-0.062661621,-0.117774898,0.608121247,0.079080566,0.789895444,-0.309157099,0.000000000,0.000000000,0.000000000,1.000000000
1790226890453684215,1790226890,453684215,1790226890456960090,FL_hip,1.000000000,-0.000000000,0.000000000,0.193400000,0.000000000,0.997337287,0.072926917,0.046500000,-0.000000000,-0.072926917,0.997337287,0.000000000,0.000000000,0.000000000,0.000000000,1.000000000
1790226890453684215,1790226890,453684215,1790226890456960090,FL_thigh,0.988724163,0.000000000,-0.149748219,0.193400000,0.010920676,0.997337287,0.072104605,0.141745711,0.149349483,-0.072926917,0.986091475,-0.006964521,0.000000000,0.000000000,0.000000000,1.000000000
1790226890453684215,1790226890,453684215,1790226890456960090,FL_calf,-0.375640814,0.000000000,-0.926765331,0.225296371,0.067586138,0.997337287,-0.027394326,0.126387430,0.924297621,-0.072926917,-0.374640590,-0.217002005,0.000000000,0.000000000,0.000000000,1.000000000
1790226890453684215,1790226890,453684215,1790226890456960090,FL_calflower,-0.328852399,-0.000000000,-0.944381332,0.354944823,0.068870819,0.997337287,-0.023982192,0.131793513,0.941866715,-0.072926917,-0.327976760,-0.143069245,0.000000000,0.000000000,0.000000000,1.000000000
1790226890453684215,1790226890,453684215,1790226890456960090,FL_calflower1,0.144405224,0.000000000,-0.989518636,0.396008601,0.072162544,0.997337287,0.010531028,0.132064093,0.986883832,-0.072926917,0.144020715,-0.139368842,0.000000000,0.000000000,0.000000000,1.000000000
1790226890453684215,1790226890,453684215,1790226890456960090,FL_foot,-0.375640814,0.000000000,-0.926765331,0.422697386,0.067586138,0.997337287,-0.027394326,0.132222422,0.924297621,-0.072926917,-0.374640590,-0.137203559,0.000000000,0.000000000,0.000000000,1.000000000
1790226890453684215,1790226890,453684215,1790226890456960090,FR_hip,1.000000000,0.000000000,0.000000000,0.193400000,0.000000000,0.992756277,-0.120145635,-0.046500000,0.000000000,0.120145635,0.992756277,0.000000000,0.000000000,0.000000000,0.000000000,1.000000000
1790226890453684215,1790226890,453684215,1790226890456960090,FR_thigh,0.919706541,0.000000000,-0.392606518,0.193400000,-0.047169959,0.992756277,-0.110498727,-0.141308224,0.389762585,0.120145635,0.913044442,-0.011473908,0.000000000,0.000000000,0.000000000,1.000000000
1790226890453684215,1790226890,453684215,1790226890456960090,FR_calf,-0.391254852,0.000000000,-0.920282370,0.277025188,-0.110567910,0.992756277,0.047007563,-0.117771996,0.913616100,0.120145635,-0.388420710,-0.205952374,0.000000000,0.000000000,0.000000000,1.000000000
1790226890453684215,1790226890,453684215,1790226890456960090,FR_calflower,-0.344770937,-0.000000000,-0.938686849,0.405401882,-0.112779128,0.992756277,0.041422723,-0.126940473,0.931887262,0.120145635,-0.342273512,-0.130193787,0.000000000,0.000000000,0.000000000,1.000000000
1790226890453684215,1790226890,453684215,1790226890456960090,FR_calflower1,0.127655969,0.000000000,-0.991818508,0.446397065,-0.119162665,0.992756277,-0.015337307,-0.127469591,0.984634050,0.120145635,0.126731265,-0.125821719,0.000000000,0.000000000,0.000000000,1.000000000
1790226890453684215,1790226890,453684215,1790226890456960090,FR_foot,-0.391254852,0.000000000,-0.920282370,0.473045333,-0.110567910,0.992756277,0.047007563,-0.127784607,0.913616100,0.120145635,-0.388420710,-0.123218763,0.000000000,0.000000000,0.000000000,1.000000000
1790226890453684215,1790226890,453684215,1790226890456960090,RL_hip,1.000000000,-0.000000000,0.000000000,-0.193400000,0.000000000,0.999570900,0.029291910,0.046500000,-0.000000000,-0.029291910,0.999570900,0.000000000,0.000000000,0.000000000,0.000000000,1.000000000
1790226890453684215,1790226890,453684215,1790226890456960090,RL_thigh,0.501869278,0.000000000,0.864943482,-0.193400000,-0.025335846,0.999570900,0.014700710,0.141959021,-0.864572335,-0.029291910,0.501653926,-0.002797377,0.000000000,0.000000000,0.000000000,1.000000000
1790226890453684215,1790226890,453684215,1790226890456960090,RL_calf,0.898113539,0.000000000,-0.439763654,-0.377632962,0.012881517,0.999570900,0.026307461,0.138827770,0.439574951,-0.029291910,0.897728158,-0.109649664,0.000000000,0.000000000,0.000000000,1.000000000
1790226890453684215,1790226890,453684215,1790226890456960090,RL_calflower,0.918970153,0.000000000,-0.394327095,-0.294585670,0.011550594,0.999570900,0.026918391,0.135191896,0.394157889,-0.029291910,0.918575823,-0.233721932,0.000000000,0.000000000,0.000000000,1.000000000
1790226890453684215,1790226890,453684215,1790226890456960090,RL_calflower1,0.997213901,0.000000000,0.074595148,-0.288002288,-0.002185034,0.999570900,0.029210300,0.133999654,-0.074563140,-0.029291910,0.996785996,-0.274406544,0.000000000,0.000000000,0.000000000,1.000000000
1790226890453684215,1790226890,453684215,1790226890456960090,RL_foot,0.898113539,0.000000000,-0.439763654,-0.283963303,0.012881517,0.999570900,0.026307461,0.133224281,0.439574951,-0.029291910,0.897728158,-0.300865761,0.000000000,0.000000000,0.000000000,1.000000000
1790226890453684215,1790226890,453684215,1790226890456960090,RR_hip,1.000000000,0.000000000,0.000000000,-0.193400000,0.000000000,0.997093876,-0.076182696,-0.046500000,0.000000000,0.076182696,0.997093876,0.000000000,0.000000000,0.000000000,0.000000000,1.000000000
1790226890453684215,1790226890,453684215,1790226890456960090,RR_thigh,0.645379261,0.000000000,0.763862297,-0.193400000,0.058193089,0.997093876,-0.049166732,-0.141722465,-0.761642418,0.076182696,0.643503709,-0.007275447,0.000000000,0.000000000,0.000000000,1.000000000
1790226890453684215,1790226890,453684215,1790226890456960090,RR_calf,0.800296058,-0.000000000,-0.599605053,-0.356102669,-0.045679529,0.997093876,-0.060968711,-0.131249951,0.597862527,0.076182696,0.797970298,-0.144341737,0.000000000,0.000000000,0.000000000,1.000000000
1790226890453684215,1790226890,453684215,1790226890456960090,RR_calflower,0.829263658,0.000000000,-0.558857571,-0.251355200,-0.042575276,0.997093876,-0.063175541,-0.123140173,0.557233461,0.076182696,0.826853715,-0.250484091,0.000000000,0.000000000,0.000000000,1.000000000
1790226890453684215,1790226890,453684215,1790226890456960090,RR_calflower1,0.993621443,0.000000000,-0.112767140,-0.237293534,-0.008590905,0.997093876,-0.075696760,-0.120187398,0.112439424,0.076182696,0.990733856,-0.289130574,0.000000000,0.000000000,0.000000000,1.000000000
1790226890453684215,1790226890,453684215,1790226890456960090,RR_foot,0.800296058,-0.000000000,-0.599605053,-0.228386793,-0.045679529,0.997093876,-0.060968711,-0.118263616,0.597862527,0.076182696,0.797970298,-0.314309411,0.000000000,0.000000000,0.000000000,1.000000000
1790226890517573856,1790226890,517573856,1790226890523715770,FL_hip,1.000000000,-0.000000000,0.000000000,0.193400000,0.000000000,0.990038325,0.140798139,0.046500000,-0.000000000,-0.140798139,0.990038325,0.000000000,0.000000000,0.000000000,0.000000000,1.000000000
1790226890517573856,1790226890,517573856,1790226890523715770,FL_thigh,0.994654441,0.000000000,-0.103259592,0.193400000,0.014538758,0.990038325,0.140045494,0.141048660,0.102230954,-0.140798139,0.984746016,-0.013446222,0.000000000,0.000000000,0.000000000,1.000000000
1790226890517573856,1790226890,517573856,1790226890523715770,FL_calf,-0.528218369,0.000000000,-0.849108565,0.215394293,0.119552905,0.990038325,-0.074372163,0.111218970,0.840650021,-0.140798139,-0.522956429,-0.223197124,0.000000000,0.000000000,0.000000000,1.000000000
1790226890517573856,1790226890,517573856,1790226890523715770,FL_calflower,-0.485120493,0.000000000,-0.874447315,0.330497993,0.123120554,0.990038325,-0.068304062,0.124617108,0.865736355,-0.140798139,-0.480287880,-0.128986572,0.000000000,0.000000000,0.000000000,1.000000000
1790226890517573856,1790226890,517573856,1790226890523715770,FL_calflower1,-0.026497854,0.000000000,-0.999648870,0.370327091,0.140748700,0.990038325,-0.003730848,0.126118065,0.989690693,-0.140798139,-0.026233891,-0.118432420,0.000000000,0.000000000,0.000000000,1.000000000
1790226890517573856,1790226890,517573856,1790226890523715770,FL_foot,-0.528218369,0.000000000,-0.849108565,0.396254418,0.119552905,0.990038325,-0.074372163,0.127060241,0.840650021,-0.140798139,-0.522956429,-0.111807404,0.000000000,0.000000000,0.000000000,1.000000000
1790226890517573856,1790226890,517573856,1790226890523715770,FR_hip,1.000000000,0.000000000,0.000000000,0.193400000,0.000000000,0.992781720,-0.119935214,-0.046500000,0.000000000,0.119935214,0.992781720,0.000000000,0.000000000,0.000000000,0.000000000,1.000000000
1790226890517573856,1790226890,517573856,1790226890523715770,FR_thigh,0.929549593,0.000000000,-0.368697104,0.193400000,-0.044219766,0.992781720,-0.111485729,-0.141310654,0.366035745,0.119935214,0.922839844,-0.011453813,0.000000000,0.000000000,0.000000000,1.000000000
1790226890517573856,1790226890,517573856,1790226890523715770,FR_calf,-0.376232353,-0.000000000,-0.926525346,0.271932483,-0.111123015,0.992781720,0.045123508,-0.117564194,0.919837427,0.119935214,-0.373516602,-0.208018700,0.000000000,0.000000000,0.000000000,1.000000000
1790226890517573856,1790226890,517573856,1790226890523715770,FR_calflower,-0.329455193,0.000000000,-0.944171211,0.401533587,-0.113239376,0.992781720,0.039513279,-0.126464933,0.937355919,0.119935214,-0.327077093,-0.134341494,0.000000000,0.000000000,0.000000000,1.000000000
1790226890517573856,1790226890,517573856,1790226890523715770,FR_calflower1,0.143773520,-0.000000000,-0.989610618,0.442594988,-0.118689161,0.992781720,-0.017243508,-0.126913071,0.982467332,0.119935214,0.142735723,-0.130631969,0.000000000,0.000000000,0.000000000,1.000000000
1790226890517573856,1790226890,517573856,1790226890523715770,FR_foot,-0.376232353,-0.000000000,-0.926525346,0.469282382,-0.111123015,0.992781720,0.045123508,-0.127175501,0.919837427,0.119935214,-0.373516602,-0.128459663,0.000000000,0.000000000,0.000000000,1.000000000
1790226890517573856,1790226890,517573856,1790226890523715770,RL_hip,1.000000000,-0.000000000,0.000000000,-0.193400000,0.000000000,0.999576205,0.029110312,0.046500000,-0.000000000,-0.029110312,0.999576205,0.000000000,0.000000000,0.000000000,0.000000000,1.000000000
1790226890517573856,1790226890,517573856,1790226890523715770,RL_thigh,0.519233395,0.000000000,0.854632483,-0.193400000,-0.024878618,0.999576205,0.015115046,0.141959528,-0.854270294,-0.029110312,0.519013347,-0.002780035,0.000000000,0.000000000,0.000000000,1.000000000
1790226890517573856,1790226890,517573856,1790226890523715770,RL_calf,0.866190216,-0.000000000,-0.499714428,-0.375436719,0.014546843,0.999576205,0.025215068,0.138740023,0.499502652,-0.029110312,0.865823129,-0.113329878,0.000000000,0.000000000,0.000000000,1.000000000
1790226890517573856,1790226890,517573856,1790226890523715770,RL_calflower,0.890083016,0.000000000,-0.455798448,-0.284155179,0.013268435,0.999576205,0.025910594,0.135299130,0.455605283,-0.029110312,0.889705803,-0.231481648,0.000000000,0.000000000,0.000000000,1.000000000
1790226890517573856,1790226890,517573856,1790226890523715770,RL_calflower1,0.999977347,-0.000000000,0.006730892,-0.274824071,-0.000195938,0.999576205,0.029109653,0.134130021,-0.006728039,-0.029110312,0.999553562,-0.271625933,0.000000000,0.000000000,0.000000000,1.000000000
1790226890517573856,1790226890,517573856,1790226890523715770,RL_foot,0.866190216,-0.000000000,-0.499714428,-0.268997546,0.014546843,0.999576205,0.025215068,0.133369213,0.499502652,-0.029110312,0.865823129,-0.297750204,0.000000000,0.000000000,0.000000000,1.000000000
1790226890517573856,1790226890,517573856,1790226890523715770,RR_hip,1.000000000,0.000000000,0.000000000,-0.193400000,0.000000000,0.996209546,-0.086985866,-0.046500000,0.000000000,0.086985866,0.996209546,0.000000000,0.000000000,0.000000000,0.000000000,1.000000000
1790226890517573856,1790226890,517573856,1790226890523715770,RR_thigh,0.626831034,0.000000000,0.779155219,-0.193400000,0.067775492,0.996209546,-0.054525441,-0.141638012,-0.776201866,0.086985866,0.624455060,-0.008307150,0.000000000,0.000000000,0.000000000,1.000000000
1790226890517573856,1790226890,517573856,1790226890523715770,RR_calf,0.787267853,-0.000000000,-0.616611164,-0.359360062,-0.053636456,0.996209546,-0.068481176,-0.130024093,0.614273928,0.086985866,0.784283750,-0.141316078,0.000000000,0.000000000,0.000000000,1.000000000
1790226890517573856,1790226890,517573856,1790226890523715770,RR_calflower,0.817101687,0.000000000,-0.576493568,-0.252356252,-0.050146792,0.996209546,-0.071076298,-0.120961608,0.574308395,0.086985866,0.814004500,-0.245104594,0.000000000,0.000000000,0.000000000,1.000000000
1790226890517573856,1790226890,517573856,1790226890523715770,RR_calflower1,0.990977772,-0.000000000,-0.134026324,-0.237467526,-0.011658396,0.996209546,-0.086201060,-0.117617088,0.133518304,0.086985866,0.987221516,-0.283407858,0.000000000,0.000000000,0.000000000,1.000000000
1790226890517573856,1790226890,517573856,1790226890523715770,RR_foot,0.787267853,-0.000000000,-0.616611164,-0.228021884,-0.053636456,0.996209546,-0.068481176,-0.115437602,0.614273928,0.086985866,0.784283750,-0.308368517,0.000000000,0.000000000,0.000000000,1.000000000
1790226890587789891,1790226890,587789891,1790226890590406801,FL_hip,1.000000000,-0.000000000,0.000000000,0.193400000,0.000000000,0.996802839,0.079900559,0.046500000,-0.000000000,-0.079900559,0.996802839,0.000000000,0.000000000,0.000000000,0.000000000,1.000000000
1790226890587789891,1790226890,587789891,1790226890590406801,FL_thigh,0.960334750,-0.000000000,-0.278849721,0.193400000,0.022280249,0.996802839,0.076731283,0.141694671,0.277958194,-0.079900559,0.957264406,-0.007630503,0.000000000,0.000000000,0.000000000,1.000000000
1790226890587789891,1790226890,587789891,1790226890590406801,FL_calf,-0.477908453,0.000000000,-0.878409648,0.252794991,0.070185422,0.996802839,-0.038185153,0.125350908,0.875601232,-0.079900559,-0.476380503,-0.211527822,0.000000000,0.000000000,0.000000000,1.000000000
1790226890587789891,1790226890,587789891,1790226890590406801,FL_calflower,-0.433409008,0.000000000,-0.901197333,0.373241450,0.072006171,0.996802839,-0.034629622,0.132406019,0.898316060,-0.079900559,-0.432023329,-0.123511483,0.000000000,0.000000000,0.000000000,1.000000000
1790226890587789891,1790226890,587789891,1790226890590406801,FL_calflower1,0.031722572,0.000000000,-0.999496713,0.413623433,0.079860346,0.996802839,0.002534651,0.133071142,0.996301161,-0.079900559,0.031621150,-0.115213710,0.000000000,0.000000000,0.000000000,1.000000000
1790226890587789891,1790226890,587789891,1790226890590406801,FL_foot,-0.477908453,0.000000000,-0.878409648,0.439896246,0.070185422,0.996802839,-0.038185153,0.133484345,0.875601232,-0.079900559,-0.476380503,-0.110058775,0.000000000,0.000000000,0.000000000,1.000000000
1790226890587789891,1790226890,587789891,1790226890590406801,FR_hip,1.000000000,0.000000000,0.000000000,0.193400000,0.000000000,0.997061102,-0.076610439,-0.046500000,0.000000000,0.076610439,0.997061102,0.000000000,0.000000000,0.000000000,0.000000000,1.000000000
1790226890587789891,1790226890,587789891,1790226890590406801,FR_thigh,0.941709285,0.000000000,-0.336427737,0.193400000,-0.025773877,0.997061102,-0.072144762,-0.141719335,0.335439010,0.076610439,0.938941697,-0.007316297,0.000000000,0.000000000,0.000000000,1.000000000
1790226890587789891,1790226890,587789891,1790226890590406801,FR_calf,-0.368049587,-0.000000000,-0.929806164,0.265059108,-0.071232859,0.997061102,0.028196440,-0.126352501,0.927073558,0.076610439,-0.366967926,-0.207310878,0.000000000,0.000000000,0.000000000,1.000000000
1790226890587789891,1790226890,587789891,1790226890590406801,FR_calflower,-0.321118681,-0.000000000,-0.947038961,0.395309428,-0.072553071,0.997061102,0.024601043,-0.131950231,0.944255709,0.076610439,-0.320174946,-0.134458154,0.000000000,0.000000000,0.000000000,1.000000000
1790226890587789891,1790226890,587789891,1790226890590406801,FR_calflower1,0.152492231,-0.000000000,-0.988304669,0.436402174,-0.075714455,0.997061102,-0.011682497,-0.132208742,0.985400143,0.076610439,0.152044072,-0.131093713,0.000000000,0.000000000,0.000000000,1.000000000
1790226890587789891,1790226890,587789891,1790226890590406801,FR_foot,-0.368049587,-0.000000000,-0.929806164,0.463107821,-0.071232859,0.997061102,0.028196440,-0.132358343,0.927073558,0.076610439,-0.366967926,-0.129146710,0.000000000,0.000000000,0.000000000,1.000000000
1790226890587789891,1790226890,587789891,1790226890590406801,RL_hip,1.000000000,-0.000000000,0.000000000,-0.193400000,0.000000000,0.996803246,0.079895487,0.046500000,-0.000000000,-0.079895487,0.996803246,0.000000000,0.000000000,0.000000000,0.000000000,1.000000000
1790226890587789891,1790226890,587789891,1790226890590406801,RL_thigh,0.547834615,0.000000000,0.836586657,-0.193400000,-0.066839498,0.996803246,0.043769513,0.141694710,-0.833912295,-0.079895487,0.546083322,-0.007630019,0.000000000,0.000000000,0.000000000,1.000000000
1790226890587789891,1790226890,587789891,1790226890590406801,RL_calf,0.824169002,0.000000000,-0.566343938,-0.371592958,0.045248325,0.996803246,0.065847383,0.132371804,0.564533476,-0.079895487,0.821534336,-0.123945767,0.000000000,0.000000000,0.000000000,1.000000000
1790226890587789891,1790226890,587789891,1790226890590406801,RL_calflower,0.851444405,0.000000000,-0.524444874,-0.271290675,0.041900778,0.996803246,0.068026565,0.123531357,0.522768352,-0.079895487,0.848722546,-0.234242179,0.000000000,0.000000000,0.000000000,1.000000000
1790226890587789891,1790226890,587789891,1790226890590406801,RL_calflower1,0.997404585,0.000000000,-0.072000645,-0.258827324,0.005752527,0.996803246,0.079688125,0.120391287,0.071770477,-0.079895487,0.994216128,-0.273418764,0.000000000,0.000000000,0.000000000,1.000000000
1790226890587789891,1790226890,587789891,1790226890590406801,RL_foot,0.824169002,0.000000000,-0.566343938,-0.250961699,0.045248325,0.996803246,0.065847383,0.118346311,0.564533476,-0.079895487,0.821534336,-0.298932580,0.000000000,0.000000000,0.000000000,1.000000000
1790226890587789891,1790226890,587789891,1790226890590406801,RR_hip,1.000000000,0.000000000,0.000000000,-0.193400000,0.000000000,0.999973248,-0.007314583,-0.046500000,0.000000000,0.007314583,0.999973248,0.000000000,0.000000000,0.000000000,0.000000000,1.000000000
1790226890587789891,1790226890,587789891,1790226890590406801,RR_thigh,0.576205310,0.000000000,0.817304986,-0.193400000,0.005978245,0.999973248,-0.004214702,-0.141997445,-0.817283122,0.007314583,0.576189896,-0.000698543,0.000000000,0.000000000,0.000000000,1.000000000
1790226890587789891,1790226890,587789891,1790226890590406801,RR_calf,0.858476194,0.000000000,-0.512853414,-0.367485962,-0.003751309,0.999973248,-0.006279396,-0.141099714,0.512839694,0.007314583,0.858453228,-0.123426991,0.000000000,0.000000000,0.000000000,1.000000000
1790226890587789891,1790226890,587789891,1790226890590406801,RR_calflower,0.883035310,0.000000000,-0.469306554,-0.274414133,-0.003432782,0.999973248,-0.006459035,-0.140245389,0.469293999,0.007314583,0.883011687,-0.240221274,0.000000000,0.000000000,0.000000000,1.000000000
1790226890587789891,1790226890,587789891,1790226890590406801,RR_calflower1,0.999963830,0.000000000,-0.008505213,-0.264472224,-0.000062212,0.999973248,-0.007314319,-0.139952700,0.008504986,0.007314583,0.999937079,-0.280234682,0.000000000,0.000000000,0.000000000,1.000000000
1790226890587789891,1790226890,587789891,1790226890590406801,RR_foot,0.858476194,0.000000000,-0.512853414,-0.258248185,-0.003751309,0.999973248,-0.006279396,-0.139762202,0.512839694,0.007314583,0.858453228,-0.306277528,0.000000000,0.000000000,0.000000000,1.000000000
1790226890646006495,1790226890,646006495,1790226890656942431,FL_hip,1.000000000,-0.000000000,0.000000000,0.193400000,0.000000000,0.995010282,0.099772436,0.046500000,-0.000000000,-0.099772436,0.995010282,0.000000000,0.000000000,0.000000000,0.000000000,1.000000000
1790226890646006495,1790226890,646006495,1790226890656942431,FL_thigh,0.939021308,0.000000000,-0.343858959,0.193400000,0.034307646,0.995010282,0.093688443,0.141523482,0.342143200,-0.099772436,0.934335856,-0.009528268,0.000000000,0.000000000,0.000000000,1.000000000
1790226890646006495,1790226890,646006495,1790226890656942431,FL_calf,-0.391521476,-0.000000000,-0.920168970,0.266641958,0.091807499,0.995010282,-0.039063051,0.121567844,0.915577586,-0.099772436,-0.389567894,-0.208541805,0.000000000,0.000000000,0.000000000,1.000000000
1790226890646006495,1790226890,646006495,1790226890656942431,FL_calflower,-0.345042896,0.000000000,-0.938586917,0.394996536,0.093645103,0.995010282,-0.034425770,0.129185325,0.933903633,-0.099772436,-0.343321229,-0.132574205,0.000000000,0.000000000,0.000000000,1.000000000
1790226890646006495,1790226890,646006495,1790226890656942431,FL_calflower1,0.127368596,-0.000000000,-0.991855454,0.435990442,0.098959834,0.995010282,0.012707875,0.129625905,0.986906374,-0.099772436,0.126733063,-0.128180392,0.000000000,0.000000000,0.000000000,1.000000000
1790226890646006495,1790226890,646006495,1790226890656942431,FL_foot,-0.391521476,-0.000000000,-0.920168970,0.462637949,0.091807499,0.995010282,-0.039063051,0.129888273,0.915577586,-0.099772436,-0.389567894,-0.125563843,0.000000000,0.000000000,0.000000000,1.000000000
1790226890646006495,1790226890,646006495,1790226890656942431,FR_hip,1.000000000,0.000000000,0.000000000,0.193400000,0.000000000,0.999536381,-0.030447068,-0.046500000,0.000000000,0.030447068,0.999536381,0.000000000,0.000000000,0.000000000,0.000000000,1.000000000
1790226890646006495,1790226890,646006495,1790226890656942431,FR_thigh,0.949076884,0.000000000,-0.315044549,0.193400000,-0.009592183,0.999536381,-0.028896609,-0.141955724,0.314898488,0.030447068,0.948636874,-0.002907695,0.000000000,0.000000000,0.000000000,1.000000000
1790226890646006495,1790226890,646006495,1790226890656942431,FR_calf,-0.353541484,-0.000000000,-0.935418847,0.260504489,-0.028480762,0.999536381,0.010764302,-0.135800747,0.934985169,0.030447068,-0.353377575,-0.204967349,0.000000000,0.000000000,0.000000000,1.000000000
1790226890646006495,1790226890,646006495,1790226890656942431,FR_calflower,-0.306348192,0.000000000,-0.951919527,0.391875649,-0.028983159,0.999536381,0.009327404,-0.137963479,0.951478198,0.030447068,-0.306206163,-0.133967765,0.000000000,0.000000000,0.000000000,1.000000000
1790226890646006495,1790226890,646006495,1790226890656942431,FR_calflower1,0.167847323,-0.000000000,-0.985813003,0.433015912,-0.030015116,0.999536381,-0.005110459,-0.138046743,0.985355960,0.030447068,0.167769506,-0.131234300,0.000000000,0.000000000,0.000000000,1.000000000
1790226890646006495,1790226890,646006495,1790226890656942431,FR_foot,-0.353541484,-0.000000000,-0.935418847,0.459748703,-0.028480762,0.999536381,0.010764302,-0.138093543,0.934985169,0.030447068,-0.353377575,-0.129697926,0.000000000,0.000000000,0.000000000,1.000000000
1790226890646006495,1790226890,646006495,1790226890656942431,RL_hip,1.000000000,-0.000000000,0.000000000,-0.193400000,0.000000000,0.995776468,0.091810810,0.046500000,-0.000000000,-0.091810810,0.995776468,0.000000000,0.000000000,0.000000000,0.000000000,1.000000000
1790226890646006495,1790226890,646006495,1790226890656942431,RL_thigh,0.551300059,-0.000000000,0.834307045,-0.193400000,-0.076598405,0.995776468,0.050615305,0.141596653,-0.830783323,-0.091810810,0.548971626,-0.008767932,0.000000000,0.000000000,0.000000000,1.000000000
1790226890646006495,1790226890,646006495,1790226890656942431,RL_calf,0.837402888,-0.000000000,-0.546586135,-0.371107401,0.050182516,0.995776468,0.076882637,0.130815593,0.544277611,-0.091810810,0.833866091,-0.125698889,0.000000000,0.000000000,0.000000000,1.000000000
1790226890646006495,1790226890,646006495,1790226890656942431,RL_calflower,0.863674274,-0.000000000,-0.504050344,-0.273464595,0.046277270,0.995776468,0.079294634,0.120440613,0.501921471,-0.091810810,0.860026518,-0.238225518,0.000000000,0.000000000,0.000000000,1.000000000
1790226890646006495,1790226890,646006495,1790226890656942431,RL_calflower1,0.998834648,-0.000000000,-0.048263302,-0.261939324,0.004431093,0.995776468,0.091703818,0.116806055,0.048059460,-0.091810810,0.994616038,-0.277645793,0.000000000,0.000000000,0.000000000,1.000000000
1790226890646006495,1790226890,646006495,1790226890656942431,RL_foot,0.837402888,-0.000000000,-0.546586135,-0.254684554,0.050182516,0.995776468,0.076882637,0.114439591,0.544277611,-0.091810810,0.833866091,-0.303312366,0.000000000,0.000000000,0.000000000,1.000000000
1790226890646006495,1790226890,646006495,1790226890656942431,RR_hip,1.000000000,0.000000000,0.000000000,-0.193400000,0.000000000,0.999959409,-0.009010068,-0.046500000,0.000000000,0.009010068,0.999959409,0.000000000,0.000000000,0.000000000,0.000000000,1.000000000
1790226890646006495,1790226890,646006495,1790226890656942431,RR_thigh,0.555108714,0.000000000,0.831777804,-0.193400000,0.007494375,0.999959409,-0.005001567,-0.141996124,-0.831744041,0.009010068,0.555086181,-0.000860462,0.000000000,0.000000000,0.000000000,1.000000000
1790226890646006495,1790226890,646006495,1790226890656942431,RR_calf,0.898416650,-0.000000000,-0.439144080,-0.370568672,-0.003956718,0.999959409,-0.008094795,-0.140930790,0.439126254,0.009010068,0.898380182,-0.119093818,0.000000000,0.000000000,0.000000000,1.000000000
1790226890646006495,1790226890,646006495,1790226890656942431,RR_calflower,0.919241919,-0.000000000,-0.393693146,-0.287607015,-0.003547202,0.999959409,-0.008282432,-0.139811894,0.393677166,0.009010068,0.919204606,-0.243271560,0.000000000,0.000000000,0.000000000,1.000000000
1790226890646006495,1790226890,646006495,1790226890656942431,RR_calflower1,0.997162212,-0.000000000,0.075282954,-0.281051709,0.000678305,0.999959409,-0.008984500,-0.139445125,-0.075279898,0.009010068,0.997121736,-0.283976516,0.000000000,0.000000000,0.000000000,1.000000000
1790226890646006495,1790226890,646006495,1790226890656942431,RR_foot,0.898416650,-0.000000000,-0.439144080,-0.277030983,-0.003956718,0.999959409,-0.008094795,-0.139206598,0.439126254,0.009010068,0.898380182,-0.310448797,0.000000000,0.000000000,0.000000000,1.000000000
1790226890717434596,1790226890,717434596,1790226890723713631,FL_hip,1.000000000,-0.000000000,0.000000000,0.193400000,0.000000000,0.993340618,0.115214651,0.046500000,-0.000000000,-0.115214651,0.993340618,0.000000000,0.000000000,0.000000000,0.000000000,1.000000000
1790226890717434596,1790226890,717434596,1790226890723713631,FL_thigh,0.931578186,0.000000000,-0.363541033,0.193400000,0.041885253,0.993340618,0.107331456,0.141364029,0.361120075,-0.115214651,0.925374452,-0.011002999,0.000000000,0.000000000,0.000000000,1.000000000
1790226890717434596,1790226890,717434596,1790226890723713631,FL_calf,-0.374127469,-0.000000000,-0.927377289,0.270834240,0.106847451,0.993340618,-0.043104966,0.118502429,0.921201530,-0.115214651,-0.371636012,-0.208107757,0.000000000,0.000000000,0.000000000,1.000000000
1790226890717434596,1790226890,717434596,1790226890723713631,FL_calflower,-0.327310361,0.000000000,-0.944916889,0.400603530,0.108868270,0.993340618,-0.037710949,0.127018913,0.938624327,-0.115214651,-0.325130676,-0.134681597,0.000000000,0.000000000,0.000000000,1.000000000
1790226890717434596,1790226890,717434596,1790226890723713631,FL_calflower1,0.146020314,-0.000000000,-0.989281592,0.441673309,0.113979734,0.993340618,0.016823680,0.127438668,0.982693588,-0.115214651,0.145047909,-0.131062613,0.000000000,0.000000000,0.000000000,1.000000000
1790226890717434596,1790226890,717434596,1790226890723713631,FL_foot,-0.374127469,-0.000000000,-0.927377289,0.468365603,0.106847451,0.993340618,-0.043104966,0.127683787,0.921201530,-0.115214651,-0.371636012,-0.128949287,0.000000000,0.000000000,0.000000000,1.000000000
1790226890717434596,1790226890,717434596,1790226890723713631,FR_hip,1.000000000,0.000000000,0.000000000,0.193400000,0.000000000,0.988984588,-0.148018527,-0.046500000,0.000000000,0.148018527,0.988984588,0.000000000,0.000000000,0.000000000,0.000000000,1.000000000
1790226890717434596,1790226890,717434596,1790226890723713631,FR_thigh,0.972535513,0.000000000,-0.232754542,0.193400000,-0.034451984,0.988984588,-0.143953274,-0.140948028,0.230190655,0.148018527,0.961822633,-0.014135769,0.000000000,0.000000000,0.000000000,1.000000000
1790226890717434596,1790226890,717434596,1790226890723713631,FR_calf,-0.496040931,-0.000000000,-0.868299139,0.242976717,-0.128524360,0.988984588,0.073423248,-0.110285981,0.858734467,0.148018527,-0.490576835,-0.219003990,0.000000000,0.000000000,0.000000000,1.000000000
1790226890717434596,1790226890,717434596,1790226890723713631,FR_calflower,-0.452024139,0.000000000,-0.892005705,0.361564171,-0.132033371,0.988984588,0.066907947,-0.123723109,0.882179895,0.148018527,-0.447044907,-0.129223929,0.000000000,0.000000000,0.000000000,1.000000000
1790226890717434596,1790226890,717434596,1790226890723713631,FR_calflower1,0.010966543,0.000000000,-0.999939866,0.401764641,-0.148009626,0.988984588,-0.001623252,-0.125079093,0.988925116,0.148018527,0.010845742,-0.120163932,0.000000000,0.000000000,0.000000000,1.000000000
1790226890717434596,1790226890,717434596,1790226890723713631,FR_foot,-0.496040931,-0.000000000,-0.868299139,0.427924434,-0.128524360,0.988984588,0.073423248,-0.125925133,0.858734467,0.148018527,-0.490576835,-0.114511124,0.000000000,0.000000000,0.000000000,1.000000000
1790226890717434596,1790226890,717434596,1790226890723713631,RL_hip,1.000000000,-0.000000000,0.000000000,-0.193400000,0.000000000,0.997119195,0.075850582,0.046500000,-0.000000000,-0.075850582,0.997119195,0.000000000,0.000000000,0.000000000,0.000000000,1.000000000
1790226890717434596,1790226890,717434596,1790226890723713631,RL_thigh,0.629916437,-0.000000000,0.776662914,-0.193400000,-0.058910334,0.997119195,0.047779528,0.141724883,-0.774425500,-0.075850582,0.628101771,-0.007243731,0.000000000,0.000000000,0.000000000,1.000000000
1790226890717434596,1790226890,717434596,1790226890723713631,RL_calf,0.851242757,0.000000000,-0.524772112,-0.358829201,0.039804270,0.997119195,0.064567258,0.131547844,0.523260346,-0.075850582,0.848790492,-0.141029408,0.000000000,0.000000000,0.000000000,1.000000000
1790226890717434596,1790226890,717434596,1790226890723713631,RL_calflower,0.876406599,0.000000000,-0.481571877,-0.264138073,0.036527507,0.997119195,0.066475950,0.122787975,0.480184563,-0.075850582,0.873881843,-0.256185194,0.000000000,0.000000000,0.000000000,1.000000000
1790226890717434596,1790226890,717434596,1790226890723713631,RL_calflower1,0.999748068,0.000000000,-0.022445494,-0.253639264,0.001702504,0.997119195,0.075831472,0.119763662,0.022380832,-0.075850582,0.996867989,-0.295942313,0.000000000,0.000000000,0.000000000,1.000000000
1790226890717434596,1790226890,717434596,1790226890723713631,RL_foot,0.851242757,0.000000000,-0.524772112,-0.247052741,0.039804270,0.997119195,0.064567258,0.117795018,0.523260346,-0.075850582,0.848790492,-0.321821783,0.000000000,0.000000000,0.000000000,1.000000000
1790226890717434596,1790226890,717434596,1790226890723713631,RR_hip,1.000000000,0.000000000,0.000000000,-0.193400000,0.000000000,0.998439130,-0.055850732,-0.046500000,0.000000000,0.055850732,0.998439130,0.000000000,0.000000000,0.000000000,0.000000000,1.000000000
1790226890717434596,1790226890,717434596,1790226890723713631,RR_thigh,0.613147962,0.000000000,0.789968086,-0.193400000,0.044120296,0.998439130,-0.034244763,-0.141850937,-0.788735048,0.055850732,0.612190918,-0.005333745,0.000000000,0.000000000,0.000000000,1.000000000
1790226890717434596,1790226890,717434596,1790226890723713631,RR_calf,0.863230741,-0.000000000,-0.504809557,-0.361663202,-0.028193983,0.998439130,-0.048212069,-0.134556802,0.504021614,0.055850732,0.861883349,-0.135730410,0.000000000,0.000000000,0.000000000,1.000000000
1790226890717434596,1790226890,717434596,1790226890723713631,RR_calflower,0.887381889,0.000000000,-0.461035121,-0.269686773,-0.025749149,0.998439130,-0.049560928,-0.127985296,0.460315505,0.055850732,0.885996801,-0.253208714,0.000000000,0.000000000,0.000000000,1.000000000
1790226890717434596,1790226890,717434596,1790226890723713631,RR_calflower1,0.999999648,-0.000000000,0.000838666,-0.260119187,0.000046840,0.998439130,-0.055850713,-0.125745367,-0.000837357,0.055850732,0.998438779,-0.293251741,0.000000000,0.000000000,0.000000000,1.000000000
1790226890717434596,1790226890,717434596,1790226890723713631,RR_foot,0.863230741,-0.000000000,-0.504809557,-0.254138767,-0.028193983,0.998439130,-0.048212069,-0.124287632,0.504021614,0.055850732,0.861883349,-0.319311564,0.000000000,0.000000000,0.000000000,1.000000000
1790226890784502149,1790226890,784502149,1790226890790380047,FL_hip,1.000000000,-0.000000000,0.000000000,0.193400000,0.000000000,0.993833508,0.110882637,0.046500000,-0.000000000,-0.110882637,0.993833508,0.000000000,0.000000000,0.000000000,0.000000000,1.000000000
1790226890784502149,1790226890,784502149,1790226890790380047,FL_thigh,0.930794530,0.000000000,-0.365542806,0.193400000,0.040532350,0.993833508,0.103208952,0.141411100,0.363288689,-0.110882637,0.925054792,-0.010589292,0.000000000,0.000000000,0.000000000,1.000000000
1790226890784502149,1790226890,784502149,1790226890790380047,FL_calf,-0.373909008,-0.000000000,-0.927465392,0.271260618,0.102839808,0.993833508,-0.041460017,0.119427593,0.921746184,-0.110882637,-0.371603301,-0.207625963,0.000000000,0.000000000,0.000000000,1.000000000
1790226890784502149,1790226890,784502149,1790226890790380047,FL_calflower,-0.327087770,0.000000000,-0.944993963,0.401047316,0.104783422,0.993833508,-0.036268354,0.127620472,0.939166665,-0.110882637,-0.325070785,-0.134193750,0.000000000,0.000000000,0.000000000,1.000000000
1790226890784502149,1790226890,784502149,1790226890790380047,FL_calflower1,0.146253342,0.000000000,-0.989247168,0.442117952,0.109690334,0.993833508,0.016216956,0.128023372,0.983146983,-0.110882637,0.145351472,-0.130582586,0.000000000,0.000000000,0.000000000,1.000000000
1790226890784502149,1790226890,784502149,1790226890790380047,FL_foot,-0.373909008,-0.000000000,-0.927465392,0.468810746,0.102839808,0.993833508,-0.041460017,0.128258577,0.921746184,-0.110882637,-0.371603301,-0.128474459,0.000000000,0.000000000,0.000000000,1.000000000
1790226890784502149,1790226890,784502149,1790226890790380047,FR_hip,1.000000000,0.000000000,0.000000000,0.193400000,0.000000000,0.973324578,-0.229432487,-0.046500000,0.000000000,0.229432487,0.973324578,0.000000000,0.000000000,0.000000000,0.000000000,1.000000000
1790226890784502149,1790226890,784502149,1790226890790380047,FR_thigh,0.984078508,0.000000000,-0.177734325,0.193400000,-0.040778028,0.973324578,-0.225779579,-0.139452497,0.172993187,0.229432487,0.957827798,-0.021910802,0.000000000,0.000000000,0.000000000,1.000000000
1790226890784502149,1790226890,784502149,1790226890790380047,FR_calf,-0.642887252,0.000000000,-0.765960822,0.231257411,-0.175736296,0.973324578,0.147499221,-0.091361447,0.745528494,0.229432487,-0.625737963,-0.225928124,0.000000000,0.000000000,0.000000000,1.000000000
1790226890784502149,1790226890,784502149,1790226890790380047,FR_calflower,-0.603801725,-0.000000000,-0.797134542,0.331761868,-0.182888560,0.973324578,0.138531731,-0.116706057,0.775870641,0.229432487,-0.587695059,-0.118408335,0.000000000,0.000000000,0.000000000,1.000000000
1790226890784502149,1790226890,784502149,1790226890790380047,FR_calflower1,-0.167468933,0.000000000,-0.985877354,0.369685267,-0.226192293,0.973324578,0.038422814,-0.120418441,0.959578659,0.229432487,-0.163001628,-0.102659239,0.000000000,0.000000000,0.000000000,1.000000000
1790226890784502149,1790226890,784502149,1790226890790380047,FR_foot,-0.642887252,0.000000000,-0.765960822,0.394407066,-0.175736296,0.973324578,0.147499221,-0.122778781,0.745528494,0.229432487,-0.625737963,-0.092645937,0.000000000,0.000000000,0.000000000,1.000000000
1790226890784502149,1790226890,784502149,1790226890790380047,RL_hip,1.000000000,-0.000000000,0.000000000,-0.193400000,0.000000000,0.997304441,0.073374731,0.046500000,-0.000000000,-0.073374731,0.997304441,0.000000000,0.000000000,0.000000000,0.000000000,1.000000000
1790226890784502149,1790226890,784502149,1790226890790380047,RL_thigh,0.637085038,0.000000000,0.770793522,-0.193400000,-0.056556767,0.997304441,0.046745943,0.141742574,-0.768715803,-0.073374731,0.635367738,-0.007007287,0.000000000,0.000000000,0.000000000,1.000000000
1790226890784502149,1790226890,784502149,1790226890790380047,RL_calf,0.847637547,0.000000000,-0.530575715,-0.357579020,0.038930850,0.997304441,0.062195177,0.131785688,0.529145517,-0.073374731,0.845352690,-0.142340615,0.000000000,0.000000000,0.000000000,1.000000000
1790226890784502149,1790226890,784502149,1790226890790380047,RL_calflower,0.873095954,0.000000000,-0.487548413,-0.262101063,0.035773734,0.997304441,0.064063181,0.123359419,0.486234198,-0.073374731,0.870742473,-0.256869903,0.000000000,0.000000000,0.000000000,1.000000000
1790226890784502149,1790226890,784502149,1790226890790380047,RL_calflower1,0.999571383,0.000000000,-0.029275437,-0.251330086,0.002148077,0.997304441,0.073343281,0.120439155,0.029196524,-0.073374731,0.996876979,-0.296561944,0.000000000,0.000000000,0.000000000,1.000000000
1790226890784502149,1790226890,784502149,1790226890790380047,RL_foot,0.847637547,0.000000000,-0.530575715,-0.244566393,0.038930850,0.997304441,0.062195177,0.118538116,0.529145517,-0.073374731,0.845352690,-0.322400738,0.000000000,0.000000000,0.000000000,1.000000000
1790226890784502149,1790226890,784502149,1790226890790380047,RR_hip,1.000000000,0.000000000,0.000000000,-0.193400000,0.000000000,0.999446854,-0.033256358,-0.046500000,0.000000000,0.033256358,0.999446854,0.000000000,0.000000000,0.000000000,0.000000000,1.000000000
1790226890784502149,1790226890,784502149,1790226890790380047,RR_thigh,0.616729374,-0.000000000,0.787175254,-0.193400000,0.026178582,0.999446854,-0.020510173,-0.141947175,-0.786739831,0.033256358,0.616388232,-0.003175982,0.000000000,0.000000000,0.000000000,1.000000000
1790226890784502149,1790226890,784502149,1790226890790380047,RR_calf,0.865292823,-0.000000000,-0.501266727,-0.361068329,-0.016670306,0.999446854,-0.028776488,-0.137578508,0.500989453,0.033256358,0.864814190,-0.134466676,0.000000000,0.000000000,0.000000000,1.000000000
1790226890784502149,1790226890,784502149,1790226890790380047,RR_calflower,0.889264326,0.000000000,-0.457393657,-0.269574997,-0.015211247,0.999446854,-0.029573693,-0.133652994,0.457140652,0.033256358,0.888772434,-0.252439387,0.000000000,0.000000000,0.000000000,1.000000000
1790226890784502149,1790226890,784502149,1790226890790380047,RR_calflower1,0.999987809,0.000000000,0.004937896,-0.260171894,0.000164216,0.999446854,-0.033255953,-0.132317933,-0.004935164,0.033256358,0.999434670,-0.292561691,0.000000000,0.000000000,0.000000000,1.000000000
1790226890784502149,1790226890,784502149,1790226890790380047,RR_foot,0.865292823,-0.000000000,-0.501266727,-0.254298516,-0.016670306,0.999446854,-0.028776488,-0.131449116,0.500989453,0.033256358,0.864814190,-0.318672098,0.000000000,0.000000000,0.000000000,1.000000000
1790226890855548994,1790226890,855548994,1790226890857138084,FL_hip,1.000000000,-0.000000000,0.000000000,0.193400000,0.000000000,0.999199327,0.040008801,0.046500000,-0.000000000,-0.040008801,0.999199327,0.000000000,0.000000000,0.000000000,0.000000000,1.000000000
1790226890855548994,1790226890,855548994,1790226890857138084,FL_thigh,0.939665141,0.000000000,-0.342095634,0.193400000,0.013686836,0.999199327,0.037594876,0.141923536,0.341821728,-0.040008801,0.938912777,-0.003820840,0.000000000,0.000000000,0.000000000,1.000000000
1790226890855548994,1790226890,855548994,1790226890857138084,FL_calf,-0.365234027,0.000000000,-0.930915735,0.266266370,0.037244822,0.999199327,-0.014612575,0.133915827,0.930170376,-0.040008801,-0.364941594,-0.203809262,0.000000000,0.000000000,0.000000000,1.000000000
1790226890855548994,1790226890,855548994,1790226890857138084,FL_calflower,-0.318251185,-0.000000000,-0.948006426,0.396737218,0.037928600,0.999199327,-0.012732848,0.136823385,0.947247383,-0.040008801,-0.317996370,-0.131194498,0.000000000,0.000000000,0.000000000,1.000000000
1790226890855548994,1790226890,855548994,1790226890857138084,FL_calflower1,0.155482441,0.000000000,-0.987838656,0.437839987,0.039522240,0.999199327,0.006220666,0.136953413,0.987047721,-0.040008801,0.155357950,-0.127947118,0.000000000,0.000000000,0.000000000,1.000000000
1790226890855548994,1790226890,855548994,1790226890857138084,FL_foot,-0.365234027,0.000000000,-0.930915735,0.464551422,0.037244822,0.999199327,-0.014612575,0.137028306,0.930170376,-0.040008801,-0.364941594,-0.126076702,0.000000000,0.000000000,0.000000000,1.000000000
1790226890855548994,1790226890,855548994,1790226890857138084,FR_hip,1.000000000,0.000000000,0.000000000,0.193400000,0.000000000,0.993065750,-0.117560263,-0.046500000,0.000000000,0.117560263,0.993065750,0.000000000,0.000000000,0.000000000,0.000000000,1.000000000
1790226890855548994,1790226890,855548994,1790226890857138084,FR_thigh,0.941464595,-0.000000000,-0.337111876,0.193400000,-0.039630961,0.993065750,-0.110678826,-0.141337779,0.334774258,0.117560263,0.934936244,-0.011227005,0.000000000,0.000000000,0.000000000,1.000000000
1790226890855548994,1790226890,855548994,1790226890857138084,FR_calf,-0.498564869,0.000000000,-0.866852393,0.265204830,-0.101907396,0.993065750,0.058611417,-0.117763189,0.860841422,0.117560263,-0.495107696,-0.210368425,0.000000000,0.000000000,0.000000000,1.000000000
1790226890855548994,1790226890,855548994,1790226890857138084,FR_calflower,-0.454617231,-0.000000000,-0.890686911,0.383527686,-0.104709388,0.993065750,0.053444921,-0.128475827,0.884510666,0.117560263,-0.451464801,-0.119875658,0.000000000,0.000000000,0.000000000,1.000000000
1790226890855548994,1790226890,855548994,1790226890857138084,FR_calflower1,0.008057492,-0.000000000,-0.999967538,0.423701335,-0.117556447,0.993065750,-0.000947241,-0.129566530,0.993033513,0.117560263,0.008001619,-0.110662172,0.000000000,0.000000000,0.000000000,1.000000000
1790226890855548994,1790226890,855548994,1790226890857138084,FR_foot,-0.498564869,0.000000000,-0.866852393,0.449844389,-0.101907396,0.993065750,0.058611417,-0.130247421,0.860841422,0.117560263,-0.495107696,-0.104910486,0.000000000,0.000000000,0.000000000,1.000000000
1790226890855548994,1790226890,855548994,1790226890857138084,RL_hip,1.000000000,-0.000000000,0.000000000,-0.193400000,0.000000000,0.999141594,0.041425530,0.046500000,-0.000000000,-0.041425530,0.999141594,0.000000000,0.000000000,0.000000000,0.000000000,1.000000000
1790226890855548994,1790226890,855548994,1790226890857138084,RL_thigh,0.507906479,0.000000000,0.861412217,-0.193400000,-0.035684458,0.999141594,0.021040295,0.141918022,-0.860672776,-0.041425530,0.507470490,-0.003956138,0.000000000,0.000000000,0.000000000,1.000000000
1790226890855548994,1790226890,855548994,1790226890857138084,RL_calf,0.925803142,-0.000000000,-0.378006007,-0.376880802,0.015659099,0.999141594,0.038351886,0.137436439,0.377681525,-0.041425530,0.925008428,-0.112047352,0.000000000,0.000000000,0.000000000,1.000000000
1790226890855548994,1790226890,855548994,1790226890857138084,RL_calflower,0.943538556,0.000000000,-0.331262726,-0.302419850,0.013722734,0.999141594,0.039086585,0.132073542,0.330978368,-0.041425530,0.942728617,-0.241394969,0.000000000,0.000000000,0.000000000,1.000000000
1790226890855548994,1790226890,855548994,1790226890857138084,RL_calflower1,0.989884137,-0.000000000,0.141878100,-0.298604727,-0.005877376,0.999141594,0.041006475,0.130372852,-0.141756311,-0.041425530,0.989034415,-0.282413898,0.000000000,0.000000000,0.000000000,1.000000000
1790226890855548994,1790226890,855548994,1790226890857138084,RL_foot,0.925803142,-0.000000000,-0.378006007,-0.296365523,0.015659099,0.999141594,0.038351886,0.129267488,0.377681525,-0.041425530,0.925008428,-0.309074147,0.000000000,0.000000000,0.000000000,1.000000000
1790226890855548994,1790226890,855548994,1790226890857138084,RR_hip,1.000000000,0.000000000,0.000000000,-0.193400000,0.000000000,0.995331707,-0.096513174,-0.046500000,0.000000000,0.096513174,0.995331707,0.000000000,0.000000000,0.000000000,0.000000000,1.000000000
1790226890855548994,1790226890,855548994,1790226890857138084,RR_thigh,0.517524543,0.000000000,0.855668363,-0.193400000,0.082583270,0.995331707,-0.049947936,-0.141554178,-0.851673852,0.096513174,0.515108587,-0.009217008,0.000000000,0.000000000,0.000000000,1.000000000
1790226890855548994,1790226890,855548994,1790226890857138084,RR_calf,0.906235112,-0.000000000,-0.422774079,-0.375657361,-0.040803268,0.995331707,-0.087463627,-0.130915268,0.420800445,0.096513174,0.902004541,-0.118935137,0.000000000,0.000000000,0.000000000,1.000000000
1790226890855548994,1790226890,855548994,1790226890857138084,RR_calflower,0.926232451,0.000000000,-0.376952843,-0.294962095,-0.036380915,0.995331707,-0.089393634,-0.118786716,0.375193117,0.096513174,0.921908527,-0.244015800,0.000000000,0.000000000,0.000000000,1.000000000
1790226890855548994,1790226890,855548994,1790226890857138084,RR_calflower1,0.995632455,0.000000000,0.093359600,-0.289146306,0.009010431,0.995331707,-0.096091648,-0.114847162,-0.092923770,0.096513174,0.990984551,-0.284644073,0.000000000,0.000000000,0.000000000,1.000000000
1790226890855548994,1790226890,855548994,1790226890857138084,RR_foot,0.906235112,-0.000000000,-0.422774079,-0.285606483,-0.040803268,0.995331707,-0.087463627,-0.112285515,0.420800445,0.096513174,0.902004541,-0.311062104,0.000000000,0.000000000,0.000000000,1.000000000
1790226890915895582,1790226890,915895582,1790226890923726347,FL_hip,1.000000000,0.000000000,0.000000000,0.193400000,0.000000000,0.999996015,-0.002823222,0.046500000,0.000000000,0.002823222,0.999996015,0.000000000,0.000000000,0.000000000,0.000000000,1.000000000
1790226890915895582,1790226890,915895582,1790226890923726347,FL_thigh,0.946009413,-0.000000000,-0.324139153,0.193400000,-0.000915117,0.999996015,-0.002670795,0.141999619,0.324137862,0.002823222,0.946005643,0.000269618,0.000000000,0.000000000,0.000000000,1.000000000
1790226890915895582,1790226890,915895582,1790226890923726347,FL_calf,-0.348047212,0.000000000,-0.937477007,0.262441640,-0.002646706,0.999996015,0.000982615,0.142568499,0.937473271,0.002823222,-0.348045825,-0.201229584,0.000000000,0.000000000,0.000000000,1.000000000
1790226890915895582,1790226890,915895582,1790226890923726347,FL_calflower,-0.300757922,-0.000000000,-0.953700515,0.394227292,-0.002692509,0.999996015,0.000849107,0.142370138,0.953696714,0.002823222,-0.300756723,-0.130969337,0.000000000,0.000000000,0.000000000,1.000000000
1790226890915895582,1790226890,915895582,1790226890923726347,FL_calflower1,0.173628288,0.000000000,-0.984811260,0.435382892,-0.002780341,0.999996015,-0.000490191,0.142363098,0.984807335,0.002823222,0.173627596,-0.128476035,0.000000000,0.000000000,0.000000000,1.000000000
1790226890915895582,1790226890,915895582,1790226890923726347,FL_foot,-0.348047212,0.000000000,-0.937477007,0.462124242,-0.002646706,0.999996015,0.000982615,0.142359202,0.937473271,0.002823222,-0.348045825,-0.127095823,0.000000000,0.000000000,0.000000000,1.000000000
1790226890915895582,1790226890,915895582,1790226890923726347,FR_hip,1.000000000,0.000000000,0.000000000,0.193400000,0.000000000,0.992117126,-0.125314036,-0.046500000,0.000000000,0.125314036,0.992117126,0.000000000,0.000000000,0.000000000,0.000000000,1.000000000
1790226890915895582,1790226890,915895582,1790226890923726347,FR_thigh,0.920311629,0.000000000,-0.391186025,0.193400000,-0.049021100,0.992117126,-0.115327965,-0.141247186,0.388102355,0.125314036,0.913056929,-0.011967490,0.000000000,0.000000000,0.000000000,1.000000000
1790226890915895582,1790226890,915895582,1790226890923726347,FR_calf,-0.398949761,-0.000000000,-0.916972785,0.276722623,-0.114909561,0.992117126,0.049994005,-0.116682329,0.909744404,0.125314036,-0.395804891,-0.206448616,0.000000000,0.000000000,0.000000000,1.000000000
1790226890915895582,1790226890,915895582,1790226890923726347,FR_calflower,-0.352621640,-0.000000000,-0.935765985,0.404455600,-0.117264612,0.992117126,0.044188441,-0.126379633,0.928389460,0.125314036,-0.349841968,-0.129674604,0.000000000,0.000000000,0.000000000,1.000000000
1790226890915895582,1790226890,915895582,1790226890923726347,FR_calflower1,0.119343641,-0.000000000,-0.992853008,0.445412456,-0.124418418,0.992117126,-0.014955433,-0.126974525,0.985026473,0.125314036,0.118402870,-0.124964820,0.000000000,0.000000000,0.000000000,1.000000000
1790226890915895582,1790226890,915895582,1790226890923726347,FR_foot,-0.398949761,-0.000000000,-0.916972785,0.472037826,-0.114909561,0.992117126,0.049994005,-0.127331052,0.909744404,0.125314036,-0.395804891,-0.122142174,0.000000000,0.000000000,0.000000000,1.000000000
1790226890915895582,1790226890,915895582,1790226890923726347,RL_hip,1.000000000,-0.000000000,0.000000000,-0.193400000,0.000000000,0.999726421,0.023389829,0.046500000,-0.000000000,-0.023389829,0.999726421,0.000000000,0.000000000,0.000000000,0.000000000,1.000000000
1790226890915895582,1790226890,915895582,1790226890923726347,RL_thigh,0.454763609,-0.000000000,0.890612183,-0.193400000,-0.020831267,0.999726421,0.010636843,0.141973873,-0.890368530,-0.023389829,0.454639195,-0.002233729,0.000000000,0.000000000,0.000000000,1.000000000
1790226890915895582,1790226890,915895582,1790226890923726347,RL_calf,0.941516666,0.000000000,-0.336966420,-0.383100395,0.007881587,0.999726421,0.022021914,0.139708226,0.336874233,-0.023389829,0.941259086,-0.099071877,0.000000000,0.000000000,0.000000000,1.000000000
1790226890915895582,1790226890,915895582,1790226890923726347,RL_calflower,0.957181317,0.000000000,-0.289489079,-0.314399031,0.006771100,0.999726421,0.022388307,0.136606614,0.289409881,-0.023389829,0.956919452,-0.231640737,0.000000000,0.000000000,0.000000000,1.000000000
1790226890915895582,1790226890,915895582,1790226890923726347,RL_calflower1,0.982694996,0.000000000,0.185231056,-0.312391281,-0.004332523,0.999726421,0.022985068,0.135643371,-0.185180381,-0.023389829,0.982426151,-0.272811614,0.000000000,0.000000000,0.000000000,1.000000000
1790226890915895582,1790226890,915895582,1790226890923726347,RL_foot,0.941516666,0.000000000,-0.336966420,-0.311326547,0.007881587,0.999726421,0.022021914,0.135017558,0.336874233,-0.023389829,0.941259086,-0.299560062,0.000000000,0.000000000,0.000000000,1.000000000
1790226890915895582,1790226890,915895582,1790226890923726347,RR_hip,1.000000000,0.000000000,0.000000000,-0.193400000,0.000000000,0.996087429,-0.088373269,-0.046500000,0.000000000,0.088373269,0.996087429,0.000000000,0.000000000,0.000000000,0.000000000,1.000000000
1790226890915895582,1790226890,915895582,1790226890923726347,RR_thigh,0.530649490,0.000000000,0.847591363,-0.193400000,0.074904420,0.996087429,-0.046895230,-0.141626349,-0.844275101,0.088373269,0.528573286,-0.008439647,0.000000000,0.000000000,0.000000000,1.000000000
1790226890915895582,1790226890,915895582,1790226890923726347,RR_calf,0.891466701,0.000000000,-0.453086218,-0.373936960,-0.040040710,0.996087429,-0.078781827,-0.131637665,0.451313486,0.088373269,0.887978774,-0.121025757,0.000000000,0.000000000,0.000000000,1.000000000
1790226890915895582,1790226890,915895582,1790226890923726347,RR_calflower,0.912997472,0.000000000,-0.407965213,-0.289050866,-0.036053220,0.996087429,-0.080684571,-0.120778769,0.406369020,0.088373269,0.909425305,-0.243420346,0.000000000,0.000000000,0.000000000,1.000000000
1790226890915895582,1790226890,915895582,1790226890923726347,RR_calflower1,0.998213962,0.000000000,0.059740147,-0.281862232,0.005279432,0.996087429,-0.088215431,-0.117190854,-0.059506410,0.088373269,0.994308379,-0.283861048,0.000000000,0.000000000,0.000000000,1.000000000
1790226890915895582,1790226890,915895582,1790226890923726347,RR_foot,0.891466701,0.000000000,-0.453086218,-0.277429596,-0.040040710,0.996087429,-0.078781827,-0.114857136,0.451313486,0.088373269,0.887978774,-0.310165236,0.000000000,0.000000000,0.000000000,1.000000000
1790226891451251423,1790226891,451251423,1790226891456916315,FL_hip,1.000000000,-0.000000000,0.000000000,0.193400000,0.000000000,0.999978860,0.006502210,0.046500000,-0.000000000,-0.006502210,0.999978860,0.000000000,0.000000000,0.000000000,0.000000000,1.000000000
1790226891451251423,1790226891,451251423,1790226891456916315,FL_thigh,0.971057649,0.000000000,-0.238845227,0.193400000,0.001553022,0.999978860,0.006314021,0.141997981,0.238840178,-0.006502210,0.971037121,-0.000620961,0.000000000,0.000000000,0.000000000,1.000000000
1790226891451251423,1790226891,451251423,1790226891456916315,FL_calf,-0.240654863,0.000000000,-0.970610755,0.244274033,0.006311115,0.999978860,-0.001564788,0.140653095,0.970590236,-0.006502210,-0.240649775,-0.207451868,0.000000000,0.000000000,0.000000000,1.000000000
1790226891451251423,1790226891,451251423,1790226891456916315,FL_calflower,-0.191843788,0.000000000,-0.981425474,0.383111328,0.006381435,0.999978860,-0.001247409,0.141010906,0.981404727,-0.006502210,-0.191839732,-0.152423896,0.000000000,0.000000000,0.000000000,1.000000000
1790226891451251423,1790226891,451251423,1790226891456916315,FL_calflower1,0.283037381,0.000000000,-0.959108879,0.424286785,0.006236327,0.999978860,0.001840368,0.140996988,0.959088604,-0.006502210,0.283031397,-0.154564354,0.000000000,0.000000000,0.000000000,1.000000000
1790226891451251423,1790226891,451251423,1790226891456916315,FL_foot,-0.240654863,0.000000000,-0.970610755,0.451014124,0.006311115,0.999978860,-0.001564788,0.140986395,0.970590236,-0.006502210,-0.240649775,-0.156193466,0.000000000,0.000000000,0.000000000,1.000000000
1790226891451251423,1790226891,451251423,1790226891456916315,FR_hip,1.000000000,0.000000000,0.000000000,0.193400000,0.000000000,0.991643566,-0.129007900,-0.046500000,0.000000000,0.129007900,0.991643566,0.000000000,0.000000000,0.000000000,0.000000000,1.000000000
1790226891451251423,1790226891,451251423,1790226891456916315,FR_thigh,0.924324501,0.000000000,-0.381607412,0.193400000,-0.049230371,0.991643566,-0.119245163,-0.141201961,0.378418535,0.129007900,0.916600444,-0.012320254,0.000000000,0.000000000,0.000000000,1.000000000
1790226891451251423,1790226891,451251423,1790226891456916315,FR_calf,-0.390729076,0.000000000,-0.920505725,0.274682379,-0.118752511,0.991643566,0.050407138,-0.115802741,0.912813579,0.129007900,-0.387463974,-0.207556149,0.000000000,0.000000000,0.000000000,1.000000000
1790226891451251423,1790226891,451251423,1790226891456916315,FR_calflower,-0.344234655,-0.000000000,-0.938883647,0.403102644,-0.121123408,0.991643566,0.044408990,-0.125638047,0.931037928,0.129007900,-0.341358081,-0.131955209,0.000000000,0.000000000,0.000000000,1.000000000
1790226891451251423,1790226891,451251423,1790226891456916315,FR_calflower1,0.128222525,0.000000000,-0.991745423,0.444100337,-0.127942994,0.991643566,-0.016541719,-0.126203173,0.983457968,0.129007900,0.127151042,-0.127611265,0.000000000,0.000000000,0.000000000,1.000000000
1790226891451251423,1790226891,451251423,1790226891456916315,FR_foot,-0.390729076,0.000000000,-0.920505725,0.470750098,-0.118752511,0.991643566,0.050407138,-0.126539461,0.912813579,0.129007900,-0.387463974,-0.125026323,0.000000000,0.000000000,0.000000000,1.000000000
1790226891451251423,1790226891,451251423,1790226891456916315,RL_hip,1.000000000,-0.000000000,0.000000000,-0.193400000,0.000000000,0.999829120,0.018485983,0.046500000,-0.000000000,-0.018485983,0.999829120,0.000000000,0.000000000,0.000000000,0.000000000,1.000000000
1790226891451251423,1790226891,451251423,1790226891456916315,RL_thigh,0.486894390,-0.000000000,0.873460848,-0.193400000,-0.016146783,0.999829120,0.009000722,0.141983681,-0.873311591,-0.018485983,0.486811189,-0.001765411,0.000000000,0.000000000,0.000000000,1.000000000
1790226891451251423,1790226891,451251423,1790226891456916315,RL_calf,0.923258612,-0.000000000,-0.384179042,-0.379447161,0.007101927,0.999829120,0.017067343,0.140066527,0.384113393,-0.018485983,0.923100845,-0.105456195,0.000000000,0.000000000,0.000000000,1.000000000
1790226891451251423,1790226891,451251423,1790226891456916315,RL_calflower,0.941305728,-0.000000000,-0.337555220,-0.304123490,0.006240040,0.999829120,0.017400962,0.137682599,0.337497538,-0.018485983,0.941144877,-0.234392852,0.000000000,0.000000000,0.000000000,1.000000000
1790226891451251423,1790226891,451251423,1790226891456916315,RL_calflower1,0.990809373,-0.000000000,0.135265617,-0.300034339,-0.002500518,0.999829120,0.018316085,0.136924160,-0.135242503,-0.018485983,0.990640063,-0.275413622,0.000000000,0.000000000,0.000000000,1.000000000
1790226891451251423,1790226891,451251423,1790226891456916315,RL_foot,0.923258612,-0.000000000,-0.384179042,-0.297617025,0.007101927,0.999829120,0.017067343,0.136431183,0.384113393,-0.018485983,0.923100845,-0.302076675,0.000000000,0.000000000,0.000000000,1.000000000
1790226891451251423,1790226891,451251423,1790226891456916315,RR_hip,1.000000000,0.000000000,0.000000000,-0.193400000,0.000000000,0.995979669,-0.089579565,-0.046500000,0.000000000,0.089579565,0.995979669,0.000000000,0.000000000,0.000000000,0.000000000,1.000000000
1790226891451251423,1790226891,451251423,1790226891456916315,RR_thigh,0.536743473,0.000000000,0.843745485,-0.193400000,0.075582353,0.995979669,-0.048081247,-0.141616058,-0.840353350,0.089579565,0.534585587,-0.008554848,0.000000000,0.000000000,0.000000000,1.000000000
1790226891451251423,1790226891,451251423,1790226891456916315,RR_calf,0.875794735,0.000000000,-0.482683728,-0.373117788,-0.043238598,0.995979669,-0.078453311,-0.131374753,0.480743180,0.089579565,0.872273751,-0.122421578,0.000000000,0.000000000,0.000000000,1.000000000
1790226891451251423,1790226891,451251423,1790226891456916315,RR_calflower,0.898824352,0.000000000,-0.438309006,-0.284164702,-0.039263530,0.995979669,-0.080516294,-0.120628435,0.436546859,0.089579565,0.895210781,-0.241903230,0.000000000,0.000000000,0.000000000,1.000000000
1790226891451251423,1790226891,451251423,1790226891456916315,RR_calflower1,0.999654608,0.000000000,0.026280505,-0.275620585,0.002354196,0.995979669,-0.089548625,-0.117015148,-0.026174849,0.089579565,0.995635666,-0.282077130,0.000000000,0.000000000,0.000000000,1.000000000
1790226891451251423,1790226891,451251423,1790226891456916315,RR_foot,0.875794735,0.000000000,-0.482683728,-0.270306154,-0.043238598,0.995979669,-0.078453311,-0.114664198,0.480743180,0.089579565,0.872273751,-0.308215887,0.000000000,0.000000000,0.000000000,1.000000000
1790226891519950407,1790226891,519950407,1790226891523707072,FL_hip,1.000000000,-0.000000000,0.000000000,0.193400000,0.000000000,0.995567779,0.094046786,0.046500000,-0.000000000,-0.094046786,0.995567779,0.000000000,0.000000000,0.000000000,0.000000000,1.000000000
1790226891519950407,1790226891,519950407,1790226891523707072,FL_thigh,0.998930671,0.000000000,-0.046233261,0.193400000,0.004348090,0.995567779,0.093946219,0.141576723,0.046028345,-0.094046786,0.994503189,-0.008981468,0.000000000,0.000000000,0.000000000,1.000000000
1790226891519950407,1790226891,519950407,1790226891523707072,FL_calf,-0.323231109,0.000000000,-0.946320057,0.203247685,0.088998360,0.995567779,-0.030398847,0.121566178,0.942125757,-0.094046786,-0.321798477,-0.220810647,0.000000000,0.000000000,0.000000000,1.000000000
1790226891519950407,1790226891,519950407,1790226891523707072,FL_calflower,-0.275530864,-0.000000000,-0.961292226,0.336838431,0.090406444,0.995567779,-0.025912792,0.127845175,0.957031566,-0.094046786,-0.274309650,-0.154341958,0.000000000,0.000000000,0.000000000,1.000000000
1790226891519950407,1790226891,519950407,1790226891523707072,FL_calflower1,0.199510254,0.000000000,-0.979895739,0.378045428,0.092156045,0.995567779,0.018763298,0.127977622,0.975552624,-0.094046786,0.198625980,-0.152939887,0.000000000,0.000000000,0.000000000,1.000000000
1790226891519950407,1790226891,519950407,1790226891523707072,FL_foot,-0.323231109,0.000000000,-0.946320057,0.404813857,0.088998360,0.995567779,-0.030398847,0.128041133,0.942125757,-0.094046786,-0.321798477,-0.152267572,0.000000000,0.000000000,0.000000000,1.000000000
1790226891519950407,1790226891,519950407,1790226891523707072,FR_hip,1.000000000,0.000000000,0.000000000,0.193400000,0.000000000,0.992029622,-0.126004877,-0.046500000,0.000000000,0.126004877,0.992029622,0.000000000,0.000000000,0.000000000,0.000000000,1.000000000
1790226891519950407,1790226891,519950407,1790226891523707072,FR_thigh,0.927163813,-0.000000000,-0.374656193,0.193400000,-0.047208508,0.992029622,-0.116827163,-0.141238829,0.371670042,0.126004877,0.919773967,-0.012033466,0.000000000,0.000000000,0.000000000,1.000000000
1790226891519950407,1790226891,519950407,1790226891523707072,FR_calf,-0.353337188,0.000000000,-0.935496035,0.273201769,-0.117877063,0.992029622,0.044522209,-0.116354643,0.928039778,0.126004877,-0.350520957,-0.207945321,0.000000000,0.000000000,0.000000000,1.000000000
1790226891519950407,1790226891,519950407,1790226891523707072,FR_calflower,-0.306140293,0.000000000,-0.951986408,0.404588439,-0.119954931,0.992029622,0.038575170,-0.125301471,0.944398716,0.126004877,-0.303700240,-0.137507424,0.000000000,0.000000000,0.000000000,1.000000000
1790226891519950407,1790226891,519950407,1790226891523707072,FR_calflower1,0.168062613,0.000000000,-0.985776323,0.445729298,-0.124212625,0.992029622,-0.021176709,-0.125644929,0.977919313,0.126004877,0.166723090,-0.134803401,0.000000000,0.000000000,0.000000000,1.000000000
1790226891519950407,1790226891,519950407,1790226891523707072,FR_foot,-0.353337188,0.000000000,-0.935496035,0.472462425,-0.117877063,0.992029622,0.044522209,-0.125837874,0.928039778,0.126004877,-0.350520957,-0.133284357,0.000000000,0.000000000,0.000000000,1.000000000
1790226891519950407,1790226891,519950407,1790226891523707072,RL_hip,1.000000000,-0.000000000,0.000000000,-0.193400000,0.000000000,0.999651020,0.026416626,0.046500000,-0.000000000,-0.026416626,0.999651020,0.000000000,0.000000000,0.000000000,0.000000000,1.000000000
1790226891519950407,1790226891,519950407,1790226891523707072,RL_thigh,0.539830959,0.000000000,0.841773447,-0.193400000,-0.022236814,0.999651020,0.014260512,0.141966672,-0.841479685,-0.026416626,0.539642569,-0.002522788,0.000000000,0.000000000,0.000000000,1.000000000
1790226891519950407,1790226891,519950407,1790226891523707072,RL_calf,0.876237255,-0.000000000,-0.481879936,-0.372697744,0.012729642,0.999651020,0.023147232,0.138929183,0.481711770,-0.026416626,0.875931466,-0.117466655,0.000000000,0.000000000,0.000000000,1.000000000
1790226891519950407,1790226891,519950407,1790226891523707072,RL_calflower,0.899226145,-0.000000000,-0.437484102,-0.283854768,0.011556854,0.999651020,0.023754521,0.135757986,0.437331429,-0.026416626,0.898912334,-0.237470277,0.000000000,0.000000000,0.000000000,1.000000000
1790226891519950407,1790226891,519950407,1790226891523707072,RL_calflower1,0.999630073,0.000000000,0.027197731,-0.275347666,-0.000718472,0.999651020,0.026406854,0.134692236,-0.027188239,-0.026416626,0.999281222,-0.277800084,0.000000000,0.000000000,0.000000000,1.000000000
1790226891519950407,1790226891,519950407,1790226891523707072,RL_foot,0.876237255,-0.000000000,-0.481879936,-0.270057318,0.012729642,0.999651020,0.023147232,0.133998823,0.481711770,-0.026416626,0.875931466,-0.304040057,0.000000000,0.000000000,0.000000000,1.000000000
1790226891519950407,1790226891,519950407,1790226891523707072,RR_hip,1.000000000,0.000000000,0.000000000,-0.193400000,0.000000000,0.995971529,-0.089670029,-0.046500000,0.000000000,0.089670029,0.995971529,0.000000000,0.000000000,0.000000000,0.000000000,1.000000000
1790226891519950407,1790226891,519950407,1790226891523707072,RR_thigh,0.625036464,0.000000000,0.780595553,-0.193400000,0.069996026,0.995971529,-0.056047038,-0.141615281,-0.777450947,0.089670029,0.622518523,-0.008563488,0.000000000,0.000000000,0.000000000,1.000000000
1790226891519950407,1790226891,519950407,1790226891523707072,RR_calf,0.780279578,-0.000000000,-0.625430876,-0.359666853,-0.056082405,0.995971529,-0.069967693,-0.129677262,0.622911345,0.089670029,0.777136244,-0.141159933,0.000000000,0.000000000,0.000000000,1.000000000
1790226891519950407,1790226891,519950407,1790226891523707072,RR_calflower,0.810562947,0.000000000,-0.585651525,-0.251497492,-0.052515389,0.995971529,-0.072683203,-0.120443691,0.583292244,0.089670029,0.807297618,-0.243717870,0.000000000,0.000000000,0.000000000,1.000000000
1790226891519950407,1790226891,519950407,1790226891523707072,RR_calflower1,0.989406897,-0.000000000,-0.145168840,-0.236177060,-0.013017294,0.995971529,-0.088720146,-0.117011209,0.144584031,0.089670029,0.985421100,-0.281842698,0.000000000,0.000000000,0.000000000,1.000000000
1790226891519950407,1790226891,519950407,1790226891523707072,RR_foot,0.780279578,-0.000000000,-0.625430876,-0.226450076,-0.056082405,0.995971529,-0.069967693,-0.114774143,0.622911345,0.089670029,0.777136244,-0.306689953,0.000000000,0.000000000,0.000000000,1.000000000
1790226891581197345,1790226891,581197345,1790226891590639874,FL_hip,1.000000000,-0.000000000,0.000000000,0.193400000,0.000000000,0.991128098,0.132910096,0.046500000,-0.000000000,-0.132910096,0.991128098,0.000000000,0.000000000,0.000000000,0.000000000,1.000000000
1790226891581197345,1790226891,581197345,1790226891590639874,FL_thigh,0.999855503,0.000000000,0.016999201,0.193400000,-0.002259365,0.991128098,0.132890891,0.141152733,-0.016848385,-0.132910096,0.990984883,-0.012692914,0.000000000,0.000000000,0.000000000,1.000000000
1790226891581197345,1790226891,581197345,1790226891590639874,FL_calf,-0.415095707,0.000000000,-0.909777750,0.189779170,0.120918648,0.991128098,-0.055170410,0.112846974,0.901706291,-0.132910096,-0.411413019,-0.223772694,0.000000000,0.000000000,0.000000000,1.000000000
1790226891581197345,1790226891,581197345,1790226891590639874,FL_calflower,-0.369107009,0.000000000,-0.929386903,0.316124363,0.123524902,0.991128098,-0.049058048,0.123430567,0.921141473,-0.132910096,-0.365832328,-0.144849442,0.000000000,0.000000000,0.000000000,1.000000000
1790226891581197345,1790226891,581197345,1790226891590639874,FL_calflower1,0.101775475,-0.000000000,-0.994807395,0.356990909,0.132219946,0.991128098,0.013526988,0.124157640,0.985981561,-0.132910096,0.100872533,-0.139427563,0.000000000,0.000000000,0.000000000,1.000000000
1790226891581197345,1790226891,581197345,1790226891590639874,FL_foot,-0.415095707,0.000000000,-0.909777750,0.383561831,0.120918648,0.991128098,-0.055170410,0.124598271,0.901706291,-0.132910096,-0.411413019,-0.136141721,0.000000000,0.000000000,0.000000000,1.000000000
1790226891581197345,1790226891,581197345,1790226891590639874,FR_hip,1.000000000,0.000000000,0.000000000,0.193400000,0.000000000,0.993033684,-0.117830823,-0.046500000,0.000000000,0.117830823,0.993033684,0.000000000,0.000000000,0.000000000,0.000000000,1.000000000
1790226891581197345,1790226891,581197345,1790226891590639874,FR_thigh,0.938875479,-0.000000000,-0.344256931,0.193400000,-0.040564077,0.993033684,-0.110628470,-0.141334717,0.341858729,0.117830823,0.932334976,-0.011252844,0.000000000,0.000000000,0.000000000,1.000000000
1790226891581197345,1790226891,581197345,1790226891590639874,FR_calf,-0.327741850,-0.000000000,-0.944767315,0.266726726,-0.111322710,0.993033684,0.038618092,-0.117770853,0.938185767,0.117830823,-0.325458697,-0.209840193,0.000000000,0.000000000,0.000000000,1.000000000
1790226891581197345,1790226891,581197345,1790226891590639874,FR_calflower,-0.280113573,-0.000000000,-0.959966867,0.399997452,-0.113113686,0.993033684,0.033006013,-0.125712784,0.953279435,0.117830823,-0.278162213,-0.142908591,0.000000000,0.000000000,0.000000000,1.000000000
1790226891581197345,1790226891,581197345,1790226891590639874,FR_calflower1,0.194833392,0.000000000,-0.980836352,0.441197262,-0.115572754,0.993033684,-0.022957379,-0.125901888,0.974003536,0.117830823,0.193476121,-0.141314897,0.000000000,0.000000000,0.000000000,1.000000000
1790226891581197345,1790226891,581197345,1790226891590639874,FR_foot,-0.327741850,-0.000000000,-0.944767315,0.467962164,-0.111322710,0.993033684,0.038618092,-0.125996506,0.938185767,0.117830823,-0.325458697,-0.140517491,0.000000000,0.000000000,0.000000000,1.000000000
1790226891581197345,1790226891,581197345,1790226891590639874,RL_hip,1.000000000,-0.000000000,0.000000000,-0.193400000,0.000000000,0.999849201,0.017365894,0.046500000,-0.000000000,-0.017365894,0.999849201,0.000000000,0.000000000,0.000000000,0.000000000,1.000000000
1790226891581197345,1790226891,581197345,1790226891590639874,RL_thigh,0.553470630,-0.000000000,0.832868694,-0.193400000,-0.014463509,0.999849201,0.009611512,0.141985599,-0.832743099,-0.017365894,0.553387167,-0.001658443,0.000000000,0.000000000,0.000000000,1.000000000
1790226891581197345,1790226891,581197345,1790226891590639874,RL_calf,0.839461964,0.000000000,-0.543418449,-0.370801032,0.009436947,0.999849201,0.014578007,0.139938347,0.543336503,-0.017365894,0.839335374,-0.119529910,0.000000000,0.000000000,0.000000000,1.000000000
1790226891581197345,1790226891,581197345,1790226891590639874,RL_calflower,0.865572458,-0.000000000,-0.500783706,-0.273585862,0.008696557,0.999849201,0.015031440,0.137969540,0.500708189,-0.017365894,0.865441931,-0.232884815,0.000000000,0.000000000,0.000000000,1.000000000
1790226891581197345,1790226891,581197345,1790226891590639874,RL_calflower1,0.999009862,0.000000000,-0.044489269,-0.262210238,0.000772596,0.999849201,0.017348699,0.137281317,0.044482560,-0.017365894,0.998859213,-0.272509574,0.000000000,0.000000000,0.000000000,1.000000000
1790226891581197345,1790226891,581197345,1790226891590639874,RL_foot,0.839461964,0.000000000,-0.543418449,-0.255052902,0.009436947,0.999849201,0.014578007,0.136833231,0.543336503,-0.017365894,0.839335374,-0.298308344,0.000000000,0.000000000,0.000000000,1.000000000
1790226891581197345,1790226891,581197345,1790226891590639874,RR_hip,1.000000000,0.000000000,0.000000000,-0.193400000,0.000000000,0.995479552,-0.094976113,-0.046500000,0.000000000,0.094976113,0.995479552,0.000000000,0.000000000,0.000000000,0.000000000,1.000000000
1790226891581197345,1790226891,581197345,1790226891590639874,RR_thigh,0.628292550,0.000000000,0.777977166,-0.193400000,0.073889247,0.995479552,-0.059672784,-0.141568297,-0.774460361,0.094976113,0.625452386,-0.009070219,0.000000000,0.000000000,0.000000000,1.000000000
1790226891581197345,1790226891,581197345,1790226891590639874,RR_calf,0.754029232,0.000000000,-0.656840862,-0.359109136,-0.062384192,0.995479552,-0.071614765,-0.128857994,0.653871647,0.094976113,0.750620682,-0.142291577,0.000000000,0.000000000,0.000000000,1.000000000
1790226891581197345,1790226891,581197345,1790226891590639874,RR_calflower,0.785915252,-0.000000000,-0.618334227,-0.246816104,-0.058726981,0.995479552,-0.074643176,-0.119506693,0.615539079,0.094976113,0.782362563,-0.240306005,0.000000000,0.000000000,0.000000000,1.000000000
1790226891581197345,1790226891,581197345,1790226891590639874,RR_calflower1,0.982636708,-0.000000000,-0.185540023,-0.229941888,-0.017621870,0.995479552,-0.093327015,-0.115933696,0.184701299,0.094976113,0.978194750,-0.277755898,0.000000000,0.000000000,0.000000000,1.000000000
1790226891581197345,1790226891,581197345,1790226891590639874,RR_foot,0.754029232,0.000000000,-0.656840862,-0.219202033,-0.062384192,0.995479552,-0.071614765,-0.113604049,0.653871647,0.094976113,0.750620682,-0.302173782,0.000000000,0.000000000,0.000000000,1.000000000
1790226891653725754,1790226891,653725754,1790226891657331100,FL_hip,1.000000000,-0.000000000,0.000000000,0.193400000,0.000000000,0.998989707,0.044939577,0.046500000,-0.000000000,-0.044939577,0.998989707,0.000000000,0.000000000,0.000000000,0.000000000,1.000000000
1790226891653725754,1790226891,653725754,1790226891657331100,FL_thigh,0.992280299,0.000000000,-0.124015359,0.193400000,0.005573198,0.998989707,0.044592657,0.141903517,0.123890067,-0.044939577,0.991277805,-0.004291730,0.000000000,0.000000000,0.000000000,1.000000000
1790226891653725754,1790226891,653725754,1790226891657331100,FL_calf,-0.303340521,-0.000000000,-0.952882221,0.219815271,0.042822124,0.998989707,-0.013631995,0.132405281,0.951919531,-0.044939577,-0.303034059,-0.215433902,0.000000000,0.000000000,0.000000000,1.000000000
1790226891653725754,1790226891,653725754,1790226891657331100,FL_calflower,-0.255337163,-0.000000000,-0.966852074,0.354775030,0.043449923,0.998989707,-0.011474744,0.135279259,0.965875270,-0.044939577,-0.255079198,-0.151546471,0.000000000,0.000000000,0.000000000,1.000000000
1790226891653725754,1790226891,653725754,1790226891657331100,FL_calflower1,0.219989387,-0.000000000,-0.975502265,0.396002484,0.043838659,0.998989707,0.009886230,0.135303749,0.974516722,-0.044939577,0.219767133,-0.151002055,0.000000000,0.000000000,0.000000000,1.000000000
1790226891653725754,1790226891,653725754,1790226891657331100,FL_foot,-0.303340521,-0.000000000,-0.952882221,0.422779185,0.042822124,0.998989707,-0.013631995,0.135308896,0.951919531,-0.044939577,-0.303034059,-0.150887647,0.000000000,0.000000000,0.000000000,1.000000000
1790226891653725754,1790226891,653725754,1790226891657331100,FR_hip,1.000000000,0.000000000,0.000000000,0.193400000,0.000000000,0.997019204,-0.077153791,-0.046500000,0.000000000,0.077153791,0.997019204,0.000000000,0.000000000,0.000000000,0.000000000,1.000000000
1790226891653725754,1790226891,653725754,1790226891657331100,FR_thigh,0.955905672,-0.000000000,-0.293673877,0.193400000,-0.022658053,0.997019204,-0.073751747,-0.141715334,0.292798495,0.077153791,0.953056312,-0.007368187,0.000000000,0.000000000,0.000000000,1.000000000
1790226891653725754,1790226891,653725754,1790226891657331100,FR_calf,-0.295017360,-0.000000000,-0.955491893,0.255952536,-0.073719822,0.997019204,0.022761708,-0.126006212,0.952643766,0.077153791,-0.294137973,-0.210369182,0.000000000,0.000000000,0.000000000,1.000000000
1790226891653725754,1790226891,653725754,1790226891657331100,FR_calflower,-0.246893974,0.000000000,-0.969042499,0.391464989,-0.074765303,0.997019204,0.019048806,-0.130849341,0.966153981,0.077153791,-0.246158033,-0.147783886,0.000000000,0.000000000,0.000000000,1.000000000
1790226891653725754,1790226891,653725754,1790226891657331100,FR_calflower1,0.228489945,0.000000000,-0.973546273,0.432695628,-0.075112786,0.997019204,-0.017628866,-0.130863640,0.970644329,0.077153791,0.227808863,-0.147599105,0.000000000,0.000000000,0.000000000,1.000000000
1790226891653725754,1790226891,653725754,1790226891657331100,FR_foot,-0.295017360,-0.000000000,-0.955491893,0.459472309,-0.073719822,0.997019204,0.022761708,-0.130854456,0.952643766,0.077153791,-0.294137973,-0.147717793,0.000000000,0.000000000,0.000000000,1.000000000
1790226891653725754,1790226891,653725754,1790226891657331100,RL_hip,1.000000000,-0.000000000,0.000000000,-0.193400000,0.000000000,0.999412092,0.034285143,0.046500000,-0.000000000,-0.034285143,0.999412092,0.000000000,0.000000000,0.000000000,0.000000000,1.000000000
1790226891653725754,1790226891,653725754,1790226891657331100,RL_thigh,0.571394664,-0.000000000,0.820675416,-0.193400000,-0.028136974,0.999412092,0.019590348,0.141943855,-0.820192934,-0.034285143,0.571058736,-0.003274231,0.000000000,0.000000000,0.000000000,1.000000000
1790226891653725754,1790226891,653725754,1790226891657331100,RL_calf,0.801914441,-0.000000000,-0.597438892,-0.368203864,0.020483278,0.999412092,0.027493751,0.137771111,0.597087652,-0.034285143,0.801442989,-0.124909742,0.000000000,0.000000000,0.000000000,1.000000000
1790226891653725754,1790226891,653725754,1790226891657331100,RL_calflower,0.830771756,-0.000000000,-0.556613231,-0.263744619,0.019083564,0.999412092,0.028483128,0.134111701,0.556285994,-0.034285143,0.830283339,-0.231581551,0.000000000,0.000000000,0.000000000,1.000000000
1790226891653725754,1790226891,653725754,1790226891657331100,RL_calflower1,0.993922729,0.000000000,-0.110080013,-0.249787807,0.003774109,0.999412092,0.034076783,0.132781540,0.110015296,-0.034285143,0.993338393,-0.270355745,0.000000000,0.000000000,0.000000000,1.000000000
1790226891653725754,1790226891,653725754,1790226891657331100,RL_foot,0.801914441,-0.000000000,-0.597438892,-0.240949380,0.020483278,0.999412092,0.027493751,0.131914942,0.597087652,-0.034285143,0.801442989,-0.295617099,0.000000000,0.000000000,0.000000000,1.000000000
1790226891653725754,1790226891,653725754,1790226891657331100,RR_hip,1.000000000,0.000000000,0.000000000,-0.193400000,0.000000000,0.999187374,-0.040306234,-0.046500000,0.000000000,0.040306234,0.999187374,0.000000000,0.000000000,0.000000000,0.000000000,1.000000000
1790226891653725754,1790226891,653725754,1790226891657331100,RR_thigh,0.644962842,0.000000000,0.764213931,-0.193400000,0.030802585,0.999187374,-0.025996023,-0.141922394,-0.763592911,0.040306234,0.644438728,-0.003849245,0.000000000,0.000000000,0.000000000,1.000000000
1790226891653725754,1790226891,653725754,1790226891657331100,RR_calf,0.791125827,0.000000000,-0.611653436,-0.356177567,-0.024653446,0.999187374,-0.031887303,-0.136385241,0.611156390,0.040306234,0.790482938,-0.141114694,0.000000000,0.000000000,0.000000000,1.000000000
1790226891653725754,1790226891,653725754,1790226891657331100,RR_calflower,0.820707057,-0.000000000,-0.571349217,-0.249830342,-0.023028935,0.999187374,-0.033079611,-0.132158989,0.570884923,0.040306234,0.820040128,-0.245883041,0.000000000,0.000000000,0.000000000,1.000000000
1790226891653725754,1790226891,653725754,1790226891657331100,RR_calflower1,0.991800162,-0.000000000,-0.127798426,-0.235183444,-0.005151073,0.999187374,-0.039975729,-0.130605516,0.127694574,0.040306234,0.990994199,-0.284393496,0.000000000,0.000000000,0.000000000,1.000000000
1790226891653725754,1790226891,653725754,1790226891657331100,RR_foot,0.791125827,0.000000000,-0.611653436,-0.225895386,-0.024653446,0.999187374,-0.031887303,-0.129593246,0.611156390,0.040306234,0.790482938,-0.309487560,0.000000000,0.000000000,0.000000000,1.000000000
1790226891719634325,1790226891,719634325,1790226891723701581,FL_hip,1.000000000,-0.000000000,0.000000000,0.193400000,0.000000000,0.997742345,0.067158122,0.046500000,-0.000000000,-0.067158122,0.997742345,0.000000000,0.000000000,0.000000000,0.000000000,1.000000000
1790226891719634325,1790226891,719634325,1790226891723701581,FL_thigh,0.977256207,0.000000000,-0.212062031,0.193400000,0.014241688,0.997742345,0.065630691,0.141784394,0.211583268,-0.067158122,0.975049900,-0.006413601,0.000000000,0.000000000,0.000000000,1.000000000
1790226891719634325,1790226891,719634325,1790226891723701581,FL_calf,-0.198874750,-0.000000000,-0.980024915,0.238569213,0.065816632,0.997742345,-0.013356055,0.127805057,0.977812357,-0.067158122,-0.198425759,-0.214099229,0.000000000,0.000000000,0.000000000,1.000000000
1790226891719634325,1790226891,719634325,1790226891723701581,FL_calflower,-0.149645377,-0.000000000,-0.988739734,0.379635405,0.066401903,0.997742345,-0.010049902,0.131098085,0.986507500,-0.067158122,-0.149307530,-0.165175970,0.000000000,0.000000000,0.000000000,1.000000000
1790226891719634325,1790226891,719634325,1790226891723701581,FL_calflower1,0.323844729,0.000000000,-0.946110243,0.420681448,0.063538987,0.997742345,0.021748804,0.130836062,0.943974252,-0.067158122,0.323113599,-0.169068744,0.000000000,0.000000000,0.000000000,1.000000000
1790226891719634325,1790226891,719634325,1790226891723701581,FL_foot,-0.198874750,-0.000000000,-0.980024915,0.447314519,0.065816632,0.997742345,-0.013356055,0.130649896,0.977812357,-0.067158122,-0.198425759,-0.171834543,0.000000000,0.000000000,0.000000000,1.000000000
1790226891719634325,1790226891,719634325,1790226891723701581,FR_hip,1.000000000,0.000000000,0.000000000,0.193400000,0.000000000,0.999728421,-0.023304171,-0.046500000,0.000000000,0.023304171,0.999728421,0.000000000,0.000000000,0.000000000,0.000000000,1.000000000
1790226891719634325,1790226891,719634325,1790226891723701581,FR_thigh,0.969756337,-0.000000000,-0.244075086,0.193400000,-0.005687967,0.999728421,-0.022599367,-0.141974064,0.244008800,0.023304171,0.969492971,-0.002225548,0.000000000,0.000000000,0.000000000,1.000000000
1790226891719634325,1790226891,719634325,1790226891723701581,FR_calf,-0.255394204,0.000000000,-0.966837008,0.245387993,-0.022531334,0.999728421,0.005951750,-0.137160399,0.966574436,0.023304171,-0.255324844,-0.208727551,0.000000000,0.000000000,0.000000000,1.000000000
1790226891719634325,1790226891,719634325,1790226891723701581,FR_calflower,-0.206753317,0.000000000,-0.978393104,0.383371987,-0.022800640,0.999728421,0.004818215,-0.138491885,0.978127393,0.023304171,-0.206697167,-0.151607986,0.000000000,0.000000000,0.000000000,1.000000000
1790226891719634325,1790226891,719634325,1790226891723701581,FR_calflower1,0.268412419,-0.000000000,-0.963304092,0.424575244,-0.022449003,0.999728421,-0.006255129,-0.138456607,0.963042479,0.023304171,0.268339523,-0.153121373,0.000000000,0.000000000,0.000000000,1.000000000
1790226891719634325,1790226891,719634325,1790226891723701581,FR_foot,-0.255394204,0.000000000,-0.966837008,0.451324276,-0.022531334,0.999728421,0.005951750,-0.138428122,0.966574436,0.023304171,-0.255324844,-0.154343359,0.000000000,0.000000000,0.000000000,1.000000000
1790226891719634325,1790226891,719634325,1790226891723701581,RL_hip,1.000000000,-0.000000000,0.000000000,-0.193400000,0.000000000,0.996564307,0.082822590,0.046500000,-0.000000000,-0.082822590,0.996564307,0.000000000,0.000000000,0.000000000,0.000000000,1.000000000
1790226891719634325,1790226891,719634325,1790226891723701581,RL_thigh,0.568458994,-0.000000000,0.822711597,-0.193400000,-0.068139105,0.996564307,0.047081246,0.141671891,-0.819885013,-0.082822590,0.566505944,-0.007909557,0.000000000,0.000000000,0.000000000,1.000000000
1790226891719634325,1790226891,719634325,1790226891723701581,RL_calf,0.807076404,0.000000000,-0.590447016,-0.368637570,0.048902351,0.996564307,0.066844158,0.131643586,0.588418421,-0.082822590,0.804303537,-0.128575323,0.000000000,0.000000000,0.000000000,1.000000000
1790226891719634325,1790226891,719634325,1790226891723701581,RL_calflower,0.835577820,-0.000000000,-0.549372102,-0.265109884,0.045500420,0.996564307,0.069204719,0.122728698,0.547484629,-0.082822590,0.832707031,-0.235843878,0.000000000,0.000000000,0.000000000,1.000000000
1790226891719634325,1790226891,719634325,1790226891723701581,RL_calflower1,0.994841880,0.000000000,-0.101437829,-0.251490778,0.008401344,0.996564307,0.082395381,0.119505505,0.101089320,-0.082822590,0.991423909,-0.274627006,0.000000000,0.000000000,0.000000000,1.000000000
1790226891719634325,1790226891,719634325,1790226891723701581,RL_foot,0.807076404,0.000000000,-0.590447016,-0.242872356,0.048902351,0.996564307,0.066844158,0.117405780,0.588418421,-0.082822590,0.804303537,-0.299891977,0.000000000,0.000000000,0.000000000,1.000000000
1790226891719634325,1790226891,719634325,1790226891723701581,RR_hip,1.000000000,0.000000000,0.000000000,-0.193400000,0.000000000,0.998824489,-0.048473086,-0.046500000,0.000000000,0.048473086,0.998824489,0.000000000,0.000000000,0.000000000,0.000000000,1.000000000
1790226891719634325,1790226891,719634325,1790226891723701581,RR_thigh,0.662148972,-0.000000000,0.749372230,-0.193400000,0.036324385,0.998824489,-0.032096404,-0.141887739,-0.748491335,0.048473086,0.661370608,-0.004629180,0.000000000,0.000000000,0.000000000,1.000000000
1790226891719634325,1790226891,719634325,1790226891723701581,RR_calf,0.818456338,0.000000000,-0.574568728,-0.353016285,-0.027851120,0.998824489,-0.039673105,-0.135051205,0.573893316,0.048473086,0.817494233,-0.145501119,0.000000000,0.000000000,0.000000000,1.000000000
1790226891719634325,1790226891,719634325,1790226891723701581,RR_calflower,0.846149948,-0.000000000,-0.532944899,-0.251610987,-0.025833484,0.998824489,-0.041015500,-0.129736607,0.532318416,0.048473086,0.845155290,-0.255012400,0.000000000,0.000000000,0.000000000,1.000000000
1790226891719634325,1790226891,719634325,1790226891723701581,RR_calflower1,0.996633564,-0.000000000,-0.081984994,-0.238754690,-0.003974066,0.998824489,-0.048309905,-0.127837653,0.081888620,0.048473086,0.995462010,-0.294141795,0.000000000,0.000000000,0.000000000,1.000000000
1790226891719634325,1790226891,719634325,1790226891723701581,RR_foot,0.818456338,0.000000000,-0.574568728,-0.230633146,-0.027851120,0.998824489,-0.039673105,-0.126600833,0.573893316,0.048473086,0.817494233,-0.319627391,0.000000000,0.000000000,0.000000000,1.000000000
1790226891787266233,1790226891,787266233,1790226891790363141,FL_hip,1.000000000,-0.000000000,0.000000000,0.193400000,0.000000000,0.994161410,0.107903154,0.046500000,-0.000000000,-0.107903154,0.994161410,0.000000000,0.000000000,0.000000000,0.000000000,1.000000000
1790226891787266233,1790226891,787266233,1790226891790363141,FL_thigh,0.974112254,0.000000000,-0.226064849,0.193400000,0.024393110,0.994161410,0.105109785,0.141442415,0.224744949,-0.107903154,0.968424812,-0.010304751,0.000000000,0.000000000,0.000000000,1.000000000
1790226891787266233,1790226891,787266233,1790226891790363141,FL_calf,-0.194902201,0.000000000,-0.980822681,0.241551813,0.105833861,0.994161410,-0.021030562,0.119054031,0.975096060,-0.107903154,-0.193764247,-0.216579236,0.000000000,0.000000000,0.000000000,1.000000000
1790226891787266233,1790226891,787266233,1790226891790363141,FL_calflower,-0.145637921,0.000000000,-0.989337958,0.382815526,0.106752686,0.994161410,-0.015714791,0.124283231,0.983561620,-0.107903154,-0.144787601,-0.168400207,0.000000000,0.000000000,0.000000000,1.000000000
1790226891787266233,1790226891,787266233,1790226891790363141,FL_calflower1,0.327675570,0.000000000,-0.944790305,0.423845423,0.101945854,0.994161410,0.035357228,0.123844296,0.939274062,-0.107903154,0.325762407,-0.172444319,0.000000000,0.000000000,0.000000000,1.000000000
1790226891787266233,1790226891,787266233,1790226891790363141,FL_foot,-0.194902201,0.000000000,-0.980822681,0.450467044,0.105833861,0.994161410,-0.021030562,0.123533540,0.975096060,-0.107903154,-0.193764247,-0.175307452,0.000000000,0.000000000,0.000000000,1.000000000
1790226891787266233,1790226891,787266233,1790226891790363141,FR_hip,1.000000000,0.000000000,0.000000000,0.193400000,0.000000000,0.987953278,-0.154752451,-0.046500000,0.000000000,0.154752451,0.987953278,0.000000000,0.000000000,0.000000000,0.000000000,1.000000000
1790226891787266233,1790226891,787266233,1790226891790363141,FR_thigh,0.994471576,0.000000000,-0.105006117,0.193400000,-0.016249954,0.987953278,-0.153896914,-0.140849538,0.103741138,0.154752451,0.982491453,-0.014778859,0.000000000,0.000000000,0.000000000,1.000000000
1790226891787266233,1790226891,787266233,1790226891790363141,FR_calf,-0.454617167,0.000000000,-0.890686944,0.215766303,-0.137835988,0.987953278,0.070353121,-0.108069495,0.879957085,0.154752451,-0.449140520,-0.224049539,0.000000000,0.000000000,0.000000000,1.000000000
1790226891787266233,1790226891,787266233,1790226891790363141,FR_calflower,-0.409533220,0.000000000,-0.912295205,0.338495627,-0.141179919,0.987953278,0.063376270,-0.121238477,0.901305038,0.154752451,-0.404599687,-0.139977600,0.000000000,0.000000000,0.000000000,1.000000000
1790226891787266233,1790226891,787266233,1790226891790363141,FR_calflower1,0.058025040,-0.000000000,-0.998315128,0.379082768,-0.154491713,0.987953278,-0.008979517,-0.122361729,0.986288703,0.154752451,0.057326029,-0.132806663,0.000000000,0.000000000,0.000000000,1.000000000
1790226891787266233,1790226891,787266233,1790226891790363141,FR_foot,-0.454617167,0.000000000,-0.890686944,0.405482622,-0.137835988,0.987953278,0.070353121,-0.123054710,0.879957085,0.154752451,-0.449140520,-0.128382608,0.000000000,0.000000000,0.000000000,1.000000000
1790226891787266233,1790226891,787266233,1790226891790363141,RL_hip,1.000000000,-0.000000000,0.000000000,-0.193400000,0.000000000,0.996611791,0.082249248,0.046500000,-0.000000000,-0.082249248,0.996611791,0.000000000,0.000000000,0.000000000,0.000000000,1.000000000
1790226891787266233,1790226891,787266233,1790226891790363141,RL_thigh,0.641183404,0.000000000,0.767387674,-0.193400000,-0.063117059,0.996611791,0.052736853,0.141676426,-0.764787604,-0.082249248,0.639010941,-0.007854803,0.000000000,0.000000000,0.000000000,1.000000000
1790226891787266233,1790226891,787266233,1790226891790363141,RL_calf,0.805324779,0.000000000,-0.592833873,-0.356853575,0.048760140,0.996611791,0.066237358,0.130443476,0.590825228,-0.082249248,0.802596170,-0.143964134,0.000000000,0.000000000,0.000000000,1.000000000
1790226891787266233,1790226891,787266233,1790226891790363141,RL_calflower,0.833947677,0.000000000,-0.551843521,-0.253007666,0.045388715,0.996611791,0.068591570,0.121615550,0.549973760,-0.082249248,0.831122088,-0.250931862,0.000000000,0.000000000,0.000000000,1.000000000
1790226891787266233,1790226891,787266233,1790226891790363141,RL_calflower1,0.994537202,0.000000000,-0.104382731,-0.239273402,0.008585401,0.996611791,0.081799937,0.118418000,0.104029060,-0.082249248,0.991167501,-0.289676483,0.000000000,0.000000000,0.000000000,1.000000000
1790226891787266233,1790226891,787266233,1790226891790363141,RL_foot,0.805324779,0.000000000,-0.592833873,-0.230579960,0.048760140,0.996611791,0.066237358,0.116334919,0.590825228,-0.082249248,0.802596170,-0.314917118,0.000000000,0.000000000,0.000000000,1.000000000
1790226891787266233,1790226891,787266233,1790226891790363141,RR_hip,1.000000000,0.000000000,0.000000000,-0.193400000,0.000000000,0.996169937,-0.087438301,-0.046500000,0.000000000,0.087438301,0.996169937,0.000000000,0.000000000,0.000000000,0.000000000,1.000000000
1790226891787266233,1790226891,787266233,1790226891790363141,RR_thigh,0.644638827,-0.000000000,0.764487268,-0.193400000,0.066845468,0.996169937,-0.056366124,-0.141634229,-0.761559233,0.087438301,0.642169820,-0.008350358,0.000000000,0.000000000,0.000000000,1.000000000
1790226891787266233,1790226891,787266233,1790226891790363141,RR_calf,0.819854742,-0.000000000,-0.572571570,-0.356235788,-0.050064685,0.996169937,-0.071686706,-0.129628245,0.570378585,0.087438301,0.816714647,-0.145132529,0.000000000,0.000000000,0.000000000,1.000000000
1790226891787266233,1790226891,787266233,1790226891790363141,RR_calflower,0.847446788,0.000000000,-0.530880345,-0.255098101,-0.046419275,0.996169937,-0.074099307,-0.120019906,0.528847040,0.087438301,0.844201014,-0.254598725,0.000000000,0.000000000,0.000000000,1.000000000
1790226891787266233,1790226891,787266233,1790226891790363141,RR_calflower1,0.996830487,-0.000000000,-0.079554892,-0.242337355,-0.006956145,0.996169937,-0.087161164,-0.116591741,0.079250192,0.087438301,0.993012563,-0.293655236,0.000000000,0.000000000,0.000000000,1.000000000
1790226891787266233,1790226891,787266233,1790226891790363141,RR_foot,0.819854742,-0.000000000,-0.572571570,-0.234278044,-0.050064685,0.996169937,-0.071686706,-0.114358976,0.570378585,0.087438301,0.816714647,-0.319092749,0.000000000,0.000000000,0.000000000,1.000000000
1790226891845541185,1790226891,845541185,1790226891857182593,FL_hip,1.000000000,-0.000000000,0.000000000,0.193400000,0.000000000,0.993115495,0.117139291,0.046500000,-0.000000000,-0.117139291,0.993115495,0.000000000,0.000000000,0.000000000,0.000000000,1.000000000
1790226891845541185,1790226891,845541185,1790226891857182593,FL_thigh,0.975888116,0.000000000,-0.218271357,0.193400000,0.025568152,0.993115495,0.114314842,0.141342530,0.216768667,-0.117139291,0.969169609,-0.011186802,0.000000000,0.000000000,0.000000000,1.000000000
1790226891845541185,1790226891,845541185,1790226891857182593,FL_calf,-0.189677850,0.000000000,-0.981846380,0.239891799,0.115012789,0.993115495,-0.022218729,0.116993468,0.975086853,-0.117139291,-0.188372012,-0.217619929,0.000000000,0.000000000,0.000000000,1.000000000
1790226891845541185,1790226891,845541185,1790226891857182593,FL_calflower,-0.140368935,-0.000000000,-0.990099269,0.381411506,0.115979527,0.993115495,-0.016442718,0.122582096,0.983282925,-0.117139291,-0.139402565,-0.170239134,0.000000000,0.000000000,0.000000000,1.000000000
1790226891845541185,1790226891,845541185,1790226891857182593,FL_calflower1,0.332700691,0.000000000,-0.943032476,0.422419166,0.110466156,0.993115495,0.038972323,0.122080009,0.936540164,-0.117139291,0.330410211,-0.174495861,0.000000000,0.000000000,0.000000000,1.000000000
1790226891845541185,1790226891,845541185,1790226891857182593,FL_foot,-0.189677850,0.000000000,-0.981846380,0.449025078,0.115012789,0.993115495,-0.022218729,0.121726058,0.975086853,-0.117139291,-0.188372012,-0.177496691,0.000000000,0.000000000,0.000000000,1.000000000
1790226891845541185,1790226891,845541185,1790226891857182593,FR_hip,1.000000000,0.000000000,0.000000000,0.193400000,0.000000000,0.976229060,-0.216741373,-0.046500000,0.000000000,0.216741373,0.976229060,0.000000000,0.000000000,0.000000000,0.000000000,1.000000000
1790226891845541185,1790226891,845541185,1790226891857182593,FR_thigh,0.994272708,0.000000000,-0.106872742,0.193400000,-0.023163745,0.976229060,-0.215500031,-0.139729875,0.104332276,0.216741373,0.970637911,-0.020698801,0.000000000,0.000000000,0.000000000,1.000000000
1790226891845541185,1790226891,845541185,1790226891857182593,FR_calf,-0.628192266,0.000000000,-0.778058145,0.216163894,-0.168637390,0.976229060,0.136155254,-0.093828369,0.759562971,0.216741373,-0.613259545,-0.227444676,0.000000000,0.000000000,0.000000000,1.000000000
1790226891845541185,1790226891,845541185,1790226891857182593,FR_calflower,-0.588520490,0.000000000,-0.808482302,0.318752654,-0.175231564,0.976229060,0.127556739,-0.117352094,0.789263918,0.216741373,-0.574530804,-0.121491004,0.000000000,0.000000000,0.000000000,1.000000000
1790226891845541185,1790226891,845541185,1790226891857182593,FR_calflower1,-0.148674395,0.000000000,-0.988886204,0.356977151,-0.214332553,0.976229060,0.032223892,-0.120702048,0.965379449,0.216741373,-0.145140265,-0.106402411,0.000000000,0.000000000,0.000000000,1.000000000
1790226891845541185,1790226891,845541185,1790226891857182593,FR_foot,-0.628192266,0.000000000,-0.778058145,0.381890279,-0.168637390,0.976229060,0.136155254,-0.122829438,0.759562971,0.216741373,-0.613259545,-0.096820393,0.000000000,0.000000000,0.000000000,1.000000000
1790226891845541185,1790226891,845541185,1790226891857182593,RL_hip,1.000000000,-0.000000000,0.000000000,-0.193400000,0.000000000,0.997137539,0.075609044,0.046500000,-0.000000000,-0.075609044,0.997137539,0.000000000,0.000000000,0.000000000,0.000000000,1.000000000
1790226891845541185,1790226891,845541185,1790226891857182593,RL_thigh,0.634561165,0.000000000,0.772872647,-0.193400000,-0.058436162,0.997137539,0.047978563,0.141726635,-0.770660329,-0.075609044,0.632744758,-0.007220664,0.000000000,0.000000000,0.000000000,1.000000000
1790226891845541185,1790226891,845541185,1790226891857182593,RL_calf,0.816228831,-0.000000000,-0.577728738,-0.358021874,0.043681517,0.997137539,0.061714281,0.131507201,0.576075012,-0.075609044,0.813892408,-0.141995297,0.000000000,0.000000000,0.000000000,1.000000000
1790226891845541185,1790226891,845541185,1790226891857182593,RL_calflower,0.844083160,0.000000000,-0.536212289,-0.256193444,0.040542498,0.997137539,0.063820321,0.123247118,0.534677402,-0.075609044,0.841667005,-0.250929873,0.000000000,0.000000000,0.000000000,1.000000000
1790226891845541185,1790226891,845541185,1790226891857182593,RL_calflower1,0.996309146,0.000000000,-0.085837552,-0.243185784,0.006490095,0.997137539,0.075329982,0.120288880,0.085591845,-0.075609044,0.993457250,-0.289943328,0.000000000,0.000000000,0.000000000,1.000000000
1790226891845541185,1790226891,845541185,1790226891857182593,RL_foot,0.816228831,-0.000000000,-0.577728738,-0.234965653,0.043681517,0.997137539,0.061714281,0.118362059,0.576075012,-0.075609044,0.813892408,-0.315354380,0.000000000,0.000000000,0.000000000,1.000000000
1790226891845541185,1790226891,845541185,1790226891857182593,RR_hip,1.000000000,0.000000000,0.000000000,-0.193400000,0.000000000,0.998121775,-0.061261098,-0.046500000,0.000000000,0.061261098,0.998121775,0.000000000,0.000000000,0.000000000,0.000000000,1.000000000
1790226891845541185,1790226891,845541185,1790226891857182593,RR_thigh,0.605079868,0.000000000,0.796164778,-0.193400000,0.048773928,0.998121775,-0.037067857,-0.141820630,-0.794669401,0.061261098,0.603943392,-0.005850435,0.000000000,0.000000000,0.000000000,1.000000000
1790226891845541185,1790226891,845541185,1790226891857182593,RR_calf,0.854049654,0.000000000,-0.520191492,-0.362983098,-0.031867502,0.998121775,-0.052320019,-0.133925176,0.519214456,0.061261098,0.852445556,-0.134490377,0.000000000,0.000000000,0.000000000,1.000000000
1790226891845541185,1790226891,845541185,1790226891857182593,RR_calflower,0.878981053,-0.000000000,-0.476856696,-0.268913764,-0.029212765,0.998121775,-0.053847344,-0.126819163,0.475961052,0.061261098,0.877330129,-0.250268031,0.000000000,0.000000000,0.000000000,1.000000000
1790226891845541185,1790226891,845541185,1790226891857182593,RR_calflower1,0.999854223,-0.000000000,-0.017074323,-0.258629306,-0.001045992,0.998121775,-0.061252167,-0.124373142,0.017042253,0.061261098,0.997976272,-0.290120846,0.000000000,0.000000000,0.000000000,1.000000000
1790226891845541185,1790226891,845541185,1790226891857182593,RR_foot,0.854049654,0.000000000,-0.520191492,-0.252182310,-0.031867502,0.998121775,-0.052320019,-0.122781012,0.519214456,0.061261098,0.852445556,-0.316061281,0.000000000,0.000000000,0.000000000,1.000000000
1790226891915649600,1790226891,915649600,1790226891923719478,FL_hip,1.000000000,-0.000000000,0.000000000,0.193400000,0.000000000,0.997848830,0.065556945,0.046500000,-0.000000000,-0.065556945,0.997848830,0.000000000,0.000000000,0.000000000,0.000000000,1.000000000
1790226891915649600,1790226891,915649600,1790226891923719478,FL_thigh,0.983497540,0.000000000,-0.180921497,0.193400000,0.011860661,0.997848830,0.064475094,0.141794563,0.180532304,-0.065556945,0.981381870,-0.006260688,0.000000000,0.000000000,0.000000000,1.000000000
1790226891915649600,1790226891,915649600,1790226891923719478,FL_calf,-0.154400902,0.000000000,-0.988008280,0.231936279,0.064770805,0.997848830,-0.010122052,0.128061368,0.985882906,-0.065556945,-0.154068760,-0.215295027,0.000000000,0.000000000,0.000000000,1.000000000
1790226891915649600,1790226891,915649600,1790226891923719478,FL_calflower,-0.104828108,-0.000000000,-0.994490356,0.375073486,0.065195750,0.997848830,-0.006872211,0.130854848,0.992351038,-0.065556945,-0.104602605,-0.172775192,0.000000000,0.000000000,0.000000000,1.000000000
1790226891915649600,1790226891,915649600,1790226891923719478,FL_calflower1,0.366252937,0.000000000,-0.930515334,0.415901382,0.061001743,0.997848830,0.024010424,0.130477779,0.928513637,-0.065556945,0.365465064,-0.178514598,0.000000000,0.000000000,0.000000000,1.000000000
1790226891915649600,1790226891,915649600,1790226891923719478,FL_foot,-0.154400902,0.000000000,-0.988008280,0.442382043,0.064770805,0.997848830,-0.010122052,0.130217365,0.985882906,-0.065556945,-0.154068760,-0.182478381,0.000000000,0.000000000,0.000000000,1.000000000
1790226891915649600,1790226891,915649600,1790226891923719478,FR_hip,1.000000000,0.000000000,0.000000000,0.193400000,0.000000000,0.992075340,-0.125644415,-0.046500000,0.000000000,0.125644415,0.992075340,0.000000000,0.000000000,0.000000000,0.000000000,1.000000000
1790226891915649600,1790226891,915649600,1790226891923719478,FR_thigh,0.931148258,-0.000000000,-0.364640813,0.193400000,-0.045815082,0.992075340,-0.116993578,-0.141243195,0.361751158,0.125644415,0.923769225,-0.011999042,0.000000000,0.000000000,0.000000000,1.000000000
1790226891915649600,1790226891,915649600,1790226891923719478,FR_calf,-0.517802856,0.000000000,-0.855499972,0.271068493,-0.107488794,0.992075340,0.065059037,-0.116323563,0.848720426,0.125644415,-0.513699445,-0.208761886,0.000000000,0.000000000,0.000000000,1.000000000
1790226891915649600,1790226891,915649600,1790226891923719478,FR_calflower,-0.474398560,-0.000000000,-0.880310176,0.387326432,-0.110606057,0.992075340,0.059605530,-0.128102076,0.873334018,0.125644415,-0.470639113,-0.115759960,0.000000000,0.000000000,0.000000000,1.000000000
1790226891915649600,1790226891,915649600,1790226891923719478,FR_calflower1,-0.014280207,0.000000000,-0.999898033,0.427282824,-0.125631603,0.992075340,0.001794228,-0.129380237,0.991974181,0.125644415,-0.014167041,-0.105667736,0.000000000,0.000000000,0.000000000,1.000000000
1790226891915649600,1790226891,915649600,1790226891923719478,FR_foot,-0.517802856,0.000000000,-0.855499972,0.453289987,-0.107488794,0.992075340,0.065059037,-0.130181138,0.848720426,0.125644415,-0.513699445,-0.099343905,0.000000000,0.000000000,0.000000000,1.000000000
1790226891915649600,1790226891,915649600,1790226891923719478,RL_hip,1.000000000,-0.000000000,0.000000000,-0.193400000,0.000000000,0.999404802,0.034496972,0.046500000,-0.000000000,-0.034496972,0.999404802,0.000000000,0.000000000,0.000000000,0.000000000,1.000000000
1790226891915649600,1790226891,915649600,1790226891923719478,RL_thigh,0.500428249,-0.000000000,0.865778013,-0.193400000,-0.029866720,0.999404802,0.017263259,0.141943159,-0.865262704,-0.034496972,0.500130395,-0.003294461,0.000000000,0.000000000,0.000000000,1.000000000
1790226891915649600,1790226891,915649600,1790226891923719478,RL_calf,0.915638119,0.000000000,-0.402003527,-0.377810717,0.013867904,0.999404802,0.031586742,0.138266084,0.401764255,-0.034496972,0.915093133,-0.109822235,0.000000000,0.000000000,0.000000000,1.000000000
1790226891915649600,1790226891,915649600,1790226891923719478,RL_calflower,0.934585612,0.000000000,-0.355738294,-0.300001432,0.012271894,0.999404802,0.032240373,0.133868605,0.355526560,-0.034496972,0.934029349,-0.237220734,0.000000000,0.000000000,0.000000000,1.000000000
1790226891915649600,1790226891,915649600,1790226891923719478,RL_calflower1,0.993245229,-0.000000000,0.116034112,-0.295117757,-0.004002825,0.999404802,0.034263953,0.132456271,-0.115965049,-0.034496972,0.992654052,-0.278137173,0.000000000,0.000000000,0.000000000,1.000000000
1790226891915649600,1790226891,915649600,1790226891923719478,RL_foot,0.915638119,0.000000000,-0.402003527,-0.292183966,0.013867904,0.999404802,0.031586742,0.131538108,0.401764255,-0.034496972,0.915093133,-0.304737072,0.000000000,0.000000000,0.000000000,1.000000000
1790226891915649600,1790226891,915649600,1790226891923719478,RR_hip,1.000000000,0.000000000,0.000000000,-0.193400000,0.000000000,0.991112673,-0.133025071,-0.046500000,0.000000000,0.133025071,0.991112673,0.000000000,0.000000000,0.000000000,0.000000000,1.000000000
1790226891915649600,1790226891,915649600,1790226891923719478,RR_thigh,0.496543620,0.000000000,0.868011770,-0.193400000,0.115467328,0.991112673,-0.066052750,-0.141151260,-0.860297466,0.133025071,0.492130674,-0.012703894,0.000000000,0.000000000,0.000000000,1.000000000
1790226891915649600,1790226891,915649600,1790226891923719478,RR_calf,0.900984615,0.000000000,-0.433851038,-0.378286507,-0.057713065,0.991112673,-0.119853543,-0.127082024,0.429995262,0.133025071,0.892977270,-0.117527728,0.000000000,0.000000000,0.000000000,1.000000000
1790226891915649600,1790226891,915649600,1790226891923719478,RR_calflower,0.921542134,0.000000000,-0.388278375,-0.296056861,-0.051650758,0.991112673,-0.122588208,-0.110497961,0.384827618,0.133025071,0.913352087,-0.241088459,0.000000000,0.000000000,0.000000000,1.000000000
1790226891915649600,1790226891,915649600,1790226891923719478,RR_calflower1,0.996702061,0.000000000,0.081148020,-0.289741148,0.010794721,0.991112673,-0.132586363,-0.105077925,-0.080426831,0.133025071,0.987844044,-0.281470818,0.000000000,0.000000000,0.000000000,1.000000000
1790226891915649600,1790226891,915649600,1790226891923719478,RR_foot,0.900984615,0.000000000,-0.433851038,-0.285876236,-0.057713065,0.991112673,-0.119853543,-0.101553220,0.429995262,0.133025071,0.892977270,-0.307731886,0.000000000,0.000000000,0.000000000,1.000000000
1790226892443689287,1790226892,443689287,1790226892457277639,FL_hip,1.000000000,-0.000000000,0.000000000,0.193400000,0.000000000,0.999694994,0.024696540,0.046500000,-0.000000000,-0.024696540,0.999694994,0.000000000,0.000000000,0.000000000,0.000000000,1.000000000
1790226892443689287,1790226892,443689287,1790226892457277639,FL_thigh,0.911814700,0.000000000,-0.410601941,0.193400000,0.010140447,0.999694994,0.022518668,0.141970872,0.410476705,-0.024696540,0.911536591,-0.002358520,0.000000000,0.000000000,0.000000000,1.000000000
1790226892443689287,1790226892,443689287,1790226892457277639,FL_calf,-0.404730973,-0.000000000,-0.914435804,0.280858213,0.022583400,0.999694994,-0.009995455,0.137174396,0.914156895,-0.024696540,-0.404607528,-0.196515813,0.000000000,0.000000000,0.000000000,1.000000000
1790226892443689287,1790226892,443689287,1790226892457277639,FL_calflower,-0.358522423,0.000000000,-0.933521115,0.408100093,0.023054741,0.999694994,-0.008854263,0.139105391,0.933236385,-0.024696540,-0.358413071,-0.118350761,0.000000000,0.000000000,0.000000000,1.000000000
1790226892443689287,1790226892,443689287,1790226892457277639,FL_calflower1,0.113073042,0.000000000,-0.993586678,0.449026162,0.024538153,0.999694994,0.002792513,0.139229014,0.993283628,-0.024696540,0.113038554,-0.113346602,0.000000000,0.000000000,0.000000000,1.000000000
1790226892443689287,1790226892,443689287,1790226892457277639,FL_foot,-0.404730973,-0.000000000,-0.914435804,0.475633040,0.022583400,0.999694994,-0.009995455,0.139303427,0.914156895,-0.024696540,-0.404607528,-0.110334410,0.000000000,0.000000000,0.000000000,1.000000000
1790226892443689287,1790226892,443689287,1790226892457277639,FR_hip,1.000000000,0.000000000,0.000000000,0.193400000,0.000000000,0.990950158,-0.134230337,-0.046500000,0.000000000,0.134230337,0.990950158,0.000000000,0.000000000,0.000000000,0.000000000,1.000000000
1790226892443689287,1790226892,443689287,1790226892457277639,FR_thigh,0.899827006,0.000000000,-0.436246903,0.193400000,-0.058557569,0.990950158,-0.120784083,-0.141135740,0.432298937,0.134230337,0.891683714,-0.012818997,0.000000000,0.000000000,0.000000000,1.000000000
1790226892443689287,1790226892,443689287,1790226892457277639,FR_calf,-0.587094368,0.000000000,-0.809518501,0.286320590,-0.108661941,0.990950158,0.078805875,-0.115408731,0.802192487,0.134230337,-0.581781257,-0.202747628,0.000000000,0.000000000,0.000000000,1.000000000
1790226892443689287,1790226892,443689287,1790226892457277639,FR_calflower,-0.545901590,0.000000000,-0.837849302,0.394387441,-0.112464795,0.990950158,0.073276555,-0.129245239,0.830266899,0.134230337,-0.540961267,-0.100600153,0.000000000,0.000000000,0.000000000,1.000000000
1790226892443689287,1790226892,443689287,1790226892457277639,FR_calflower1,-0.097310579,0.000000000,-0.995254064,0.433360429,-0.133593289,0.990950158,0.013062032,-0.131051653,0.986247172,0.134230337,-0.096429934,-0.087264371,0.000000000,0.000000000,0.000000000,1.000000000
1790226892443689287,1790226892,443689287,1790226892457277639,FR_foot,-0.587094368,0.000000000,-0.809518501,0.458748031,-0.108661941,0.990950158,0.078805875,-0.132194382,0.802192487,0.134230337,-0.581781257,-0.078828221,0.000000000,0.000000000,0.000000000,1.000000000
1790226892443689287,1790226892,443689287,1790226892457277639,RL_hip,1.000000000,-0.000000000,0.000000000,-0.193400000,0.000000000,0.998886752,0.047172617,0.046500000,-0.000000000,-0.047172617,0.998886752,0.000000000,0.000000000,0.000000000,0.000000000,1.000000000
1790226892443689287,1790226892,443689287,1790226892457277639,RL_thigh,0.500349602,0.000000000,0.865823467,-0.193400000,-0.040843159,0.998886752,0.023602800,0.141893685,-0.864859591,-0.047172617,0.499792589,-0.004504985,0.000000000,0.000000000,0.000000000,1.000000000
1790226892443689287,1790226892,443689287,1790226892457277639,RL_calf,0.938503492,0.000000000,-0.345269743,-0.377820398,0.016287277,0.998886752,0.044271666,0.136866288,0.344885372,-0.047172617,0.937458705,-0.110960806,0.000000000,0.000000000,0.000000000,1.000000000
1790226892443689287,1790226892,443689287,1790226892457277639,RL_calflower,0.954586902,0.000000000,-0.297932621,-0.307950407,0.014054261,0.998886752,0.045030362,0.130639827,0.297600948,-0.047172617,0.953524211,-0.242806987,0.000000000,0.000000000,0.000000000,1.000000000
1790226892443689287,1790226892,443689287,1790226892457277639,RL_calflower1,0.984292815,0.000000000,0.176543631,-0.305578971,-0.008328025,0.998886752,0.046431668,0.128698070,-0.176347094,-0.047172617,0.983197054,-0.283923965,0.000000000,0.000000000,0.000000000,1.000000000
1790226892443689287,1790226892,443689287,1790226892457277639,RL_foot,0.938503492,0.000000000,-0.345269743,-0.304277943,0.016287277,0.998886752,0.044271666,0.127436424,0.344885372,-0.047172617,0.937458705,-0.310639511,0.000000000,0.000000000,0.000000000,1.000000000
1790226892443689287,1790226892,443689287,1790226892457277639,RR_hip,1.000000000,0.000000000,0.000000000,-0.193400000,0.000000000,0.995804216,-0.091509367,-0.046500000,0.000000000,0.091509367,0.995804216,0.000000000,0.000000000,0.000000000,0.000000000,1.000000000
1790226892443689287,1790226892,443689287,1790226892457277639,RR_thigh,0.529417142,-0.000000000,0.848361650,-0.193400000,0.077633038,0.995804216,-0.048446628,-0.141599303,-0.844802107,0.091509367,0.527195822,-0.008739145,0.000000000,0.000000000,0.000000000,1.000000000
1790226892443689287,1790226892,443689287,1790226892457277639,RR_calf,0.907535864,0.000000000,-0.419974589,-0.374101031,-0.038431609,0.995804216,-0.083048032,-0.131280171,0.418212466,0.091509367,0.903728039,-0.121031855,0.000000000,0.000000000,0.000000000,1.000000000
1790226892443689287,1790226892,443689287,1790226892457277639,RR_calflower,0.927391662,-0.000000000,-0.374091842,-0.293794075,-0.034232908,0.995804216,-0.084865024,-0.119757694,0.372522233,0.091509367,0.923500526,-0.246419355,0.000000000,0.000000000,0.000000000,1.000000000
1790226892443689287,1790226892,443689287,1790226892457277639,RR_calflower1,0.995339518,0.000000000,0.096432592,-0.288104318,0.008824485,0.995804216,-0.091082889,-0.116020764,-0.096027982,0.091509367,0.991163287,-0.287084599,0.000000000,0.000000000,0.000000000,1.000000000
1790226892443689287,1790226892,443689287,1790226892457277639,RR_foot,0.907535864,0.000000000,-0.419974589,-0.284646444,-0.038431609,0.995804216,-0.083048032,-0.113590940,0.418212466,0.091509367,0.903728039,-0.313525927,0.000000000,0.000000000,0.000000000,1.000000000
1790226892519617580,1790226892,519617580,1790226892523700999,FL_hip,1.000000000,-0.000000000,0.000000000,0.193400000,0.000000000,0.999855872,0.016977463,0.046500000,-0.000000000,-0.016977463,0.999855872,0.000000000,0.000000000,0.000000000,0.000000000,1.000000000
1790226892519617580,1790226892,519617580,1790226892523700999,FL_thigh,0.937849876,0.000000000,-0.347041223,0.193400000,0.005891880,0.999855872,0.015922312,0.141986236,0.346991205,-0.016977463,0.937714706,-0.001621348,0.000000000,0.000000000,0.000000000,1.000000000
1790226892519617580,1790226892,519617580,1790226892523700999,FL_calf,-0.370191894,0.000000000,-0.928955306,0.267319781,0.015771304,0.999855872,-0.006284919,0.138594783,0.928821418,-0.016977463,-0.370138539,-0.201354580,0.000000000,0.000000000,0.000000000,1.000000000
1790226892519617580,1790226892,519617580,1790226892523700999,FL_calflower,-0.323300836,-0.000000000,-0.946296238,0.397401328,0.016065709,0.999855872,-0.005488828,0.139840378,0.946159850,-0.016977463,-0.323254240,-0.127997648,0.000000000,0.000000000,0.000000000,1.000000000
1790226892519617580,1790226892,519617580,1790226892523700999,FL_calflower1,0.150213696,0.000000000,-0.988653552,0.438486186,0.016784829,0.999855872,0.002550247,0.139899274,0.988511060,-0.016977463,0.150192046,-0.124529077,0.000000000,0.000000000,0.000000000,1.000000000
1790226892519617580,1790226892,519617580,1790226892523700999,FL_foot,-0.370191894,0.000000000,-0.928955306,0.465187261,0.015771304,0.999855872,-0.006284919,0.139933471,0.928821418,-0.016977463,-0.370138539,-0.122515071,0.000000000,0.000000000,0.000000000,1.000000000
1790226892519617580,1790226892,519617580,1790226892523700999,FR_hip,1.000000000,0.000000000,0.000000000,0.193400000,0.000000000,0.992113339,-0.125344017,-0.046500000,0.000000000,0.125344017,0.992113339,0.000000000,0.000000000,0.000000000,0.000000000,1.000000000
1790226892519617580,1790226892,519617580,1790226892523700999,FR_thigh,0.883386435,-0.000000000,-0.468645289,0.193400000,-0.058741883,0.992113339,-0.110727205,-0.141246824,0.464949242,0.125344017,0.876419465,-0.011970354,0.000000000,0.000000000,0.000000000,1.000000000
1790226892519617580,1790226892,519617580,1790226892523700999,FR_calf,-0.464928993,-0.000000000,-0.885347972,0.293221447,-0.110973072,0.992113339,0.058276068,-0.117661929,0.878365533,0.125344017,-0.461262255,-0.198647700,0.000000000,0.000000000,0.000000000,1.000000000
1790226892519617580,1790226892,519617580,1790226892523700999,FR_calflower,-0.420098996,-0.000000000,-0.907478282,0.414954367,-0.113746974,0.992113339,0.052656896,-0.128506249,0.900321309,0.125344017,-0.416785818,-0.112813575,0.000000000,0.000000000,0.000000000,1.000000000
1790226892519617580,1790226892,519617580,1790226892523700999,FR_calflower1,0.046428896,-0.000000000,-0.998921597,0.455454488,-0.125208846,0.992113339,-0.005819584,-0.129475055,0.991043441,0.125344017,0.046062727,-0.105145356,0.000000000,0.000000000,0.000000000,1.000000000
1790226892519617580,1790226892,519617580,1790226892523700999,FR_foot,-0.464928993,-0.000000000,-0.885347972,0.481800565,-0.110973072,0.992113339,0.058276068,-0.130074732,0.878365533,0.125344017,-0.461262255,-0.100398839,0.000000000,0.000000000,0.000000000,1.000000000
1790226892519617580,1790226892,519617580,1790226892523700999,RL_hip,1.000000000,-0.000000000,0.000000000,-0.193400000,0.000000000,0.999557495,0.029745840,0.046500000,-0.000000000,-0.029745840,0.999557495,0.000000000,0.000000000,0.000000000,0.000000000,1.000000000
1790226892519617580,1790226892,519617580,1790226892523700999,RL_thigh,0.449172866,0.000000000,0.893444871,-0.193400000,-0.026576268,0.999557495,0.013361024,0.141957741,-0.893049516,-0.029745840,0.448974104,-0.002840728,0.000000000,0.000000000,0.000000000,1.000000000
1790226892519617580,1790226892,519617580,1790226892523700999,RL_calf,0.938432102,0.000000000,-0.345463732,-0.383703757,0.010276109,0.999557495,0.027914451,0.139111843,0.345310863,-0.029745840,0.938016840,-0.098472212,0.000000000,0.000000000,0.000000000,1.000000000
1790226892519617580,1790226892,519617580,1790226892523700999,RL_calflower,0.954525296,0.000000000,-0.298129936,-0.313806483,0.008868125,0.999557495,0.028393156,0.135186026,0.297998012,-0.029745840,0.954102914,-0.230392487,0.000000000,0.000000000,0.000000000,1.000000000
1790226892519617580,1790226892,519617580,1790226892523700999,RL_calflower1,0.984329288,0.000000000,0.176340165,-0.311426539,-0.005245386,0.999557495,0.029279701,0.133961619,-0.176262133,-0.029745840,0.983893716,-0.271536584,0.000000000,0.000000000,0.000000000,1.000000000
1790226892519617580,1790226892,519617580,1790226892523700999,RL_foot,0.938432102,0.000000000,-0.345463732,-0.310119982,0.010276109,0.999557495,0.027914451,0.133166065,0.345310863,-0.029745840,0.938016840,-0.298269799,0.000000000,0.000000000,0.000000000,1.000000000
1790226892519617580,1790226892,519617580,1790226892523700999,RR_hip,1.000000000,0.000000000,0.000000000,-0.193400000,0.000000000,0.997530540,-0.070234044,-0.046500000,0.000000000,0.070234044,0.997530540,0.000000000,0.000000000,0.000000000,0.000000000,1.000000000
1790226892519617580,1790226892,519617580,1790226892523700999,RR_thigh,0.580971481,0.000000000,0.813923915,-0.193400000,0.057165168,0.997530540,-0.040803976,-0.141764167,-0.811913962,0.070234044,0.579536795,-0.006707351,0.000000000,0.000000000,0.000000000,1.000000000
1790226892519617580,1790226892,519617580,1790226892523700999,RR_calf,0.886260717,-0.000000000,-0.463186723,-0.366765794,-0.032531476,0.997530540,-0.062245674,-0.133072920,0.462042902,0.070234044,0.884072132,-0.130148689,0.000000000,0.000000000,0.000000000,1.000000000
1790226892519617580,1790226892,519617580,1790226892523700999,RR_calflower,0.908302810,-0.000000000,-0.418313286,-0.280488944,-0.029379834,0.997530540,-0.063793779,-0.124511189,0.417280278,0.070234044,0.906059793,-0.251750506,0.000000000,0.000000000,0.000000000,1.000000000
1790226892519617580,1790226892,519617580,1790226892523700999,RR_calflower1,0.998828345,0.000000000,0.048393562,-0.272839441,0.003398876,0.997530540,-0.070151753,-0.121665640,-0.048274056,0.070234044,0.996361779,-0.292165701,0.000000000,0.000000000,0.000000000,1.000000000
1790226892519617580,1790226892,519617580,1790226892523700999,RR_foot,0.886260717,-0.000000000,-0.463186723,-0.268107022,-0.032531476,0.997530540,-0.062245674,-0.119814591,0.462042902,0.070234044,0.884072132,-0.318456053,0.000000000,0.000000000,0.000000000,1.000000000
1790226892585217143,1790226892,585217143,1790226892590377283,FL_hip,1.000000000,-0.000000000,0.000000000,0.193400000,0.000000000,0.995345815,0.096367571,0.046500000,-0.000000000,-0.096367571,0.995345815,0.000000000,0.000000000,0.000000000,0.000000000,1.000000000
1790226892585217143,1790226892,585217143,1790226892590377283,FL_thigh,0.986690803,-0.000000000,-0.162607684,0.193400000,0.015670108,0.995345815,0.095084996,0.141555525,0.161850878,-0.096367571,0.982098562,-0.009203103,0.000000000,0.000000000,0.000000000,1.000000000
1790226892585217143,1790226892,585217143,1790226892590377283,FL_calf,-0.430209073,0.000000000,-0.902729280,0.228035437,0.086993828,0.995345815,-0.041458203,0.121302421,0.898527811,-0.096367571,-0.428206800,-0.218390097,0.000000000,0.000000000,0.000000000,1.000000000
1790226892585217143,1790226892,585217143,1790226892590377283,FL_calflower,-0.384553764,-0.000000000,-0.923102596,0.353035189,0.088957155,0.995345815,-0.037058512,0.129178112,0.918806306,-0.096367571,-0.382763980,-0.137044934,0.000000000,0.000000000,0.000000000,1.000000000
1790226892585217143,1790226892,585217143,1790226892590377283,FL_calflower1,0.085172319,0.000000000,-0.996366236,0.393804830,0.096017394,0.995345815,0.008207850,0.129770881,0.991728963,-0.096367571,0.084775912,-0.130922438,0.000000000,0.000000000,0.000000000,1.000000000
1790226892585217143,1790226892,585217143,1790226892590377283,FL_foot,-0.430209073,0.000000000,-0.902729280,0.420316773,0.086993828,0.995345815,-0.041458203,0.130133018,0.898527811,-0.096367571,-0.428206800,-0.127182048,0.000000000,0.000000000,0.000000000,1.000000000
1790226892585217143,1790226892,585217143,1790226892590377283,FR_hip,1.000000000,0.000000000,0.000000000,0.193400000,0.000000000,0.993413677,-0.114583008,-0.046500000,0.000000000,0.114583008,0.993413677,0.000000000,0.000000000,0.000000000,0.000000000,1.000000000
1790226892585217143,1790226892,585217143,1790226892590377283,FR_thigh,0.893514503,-0.000000000,-0.449034334,0.193400000,-0.051451705,0.993413677,-0.102381579,-0.141371006,0.446076849,0.114583008,0.887629528,-0.010942677,0.000000000,0.000000000,0.000000000,1.000000000
1790226892585217143,1790226892,585217143,1790226892590377283,FR_calf,-0.446929881,0.000000000,-0.894568992,0.289044313,-0.102502406,0.993413677,0.051210570,-0.119563730,0.888677072,0.114583008,-0.443986257,-0.200007767,0.000000000,0.000000000,0.000000000,1.000000000
1790226892585217143,1790226892,585217143,1790226892590377283,FR_calflower,-0.401661520,-0.000000000,-0.915788198,0.412501926,-0.104933766,0.993413677,0.046023585,-0.129192942,0.909756521,0.114583008,-0.399016048,-0.116524259,0.000000000,0.000000000,0.000000000,1.000000000
1790226892585217143,1790226892,585217143,1790226892590377283,FR_calflower1,0.066620190,0.000000000,-0.997778407,0.453150069,-0.114328451,0.993413677,-0.007633542,-0.129984548,0.991206717,0.114583008,0.066181408,-0.109661183,0.000000000,0.000000000,0.000000000,1.000000000
1790226892585217143,1790226892,585217143,1790226892590377283,FR_foot,-0.446929881,0.000000000,-0.894568992,0.479587508,-0.102502406,0.993413677,0.051210570,-0.130471581,0.888677072,0.114583008,-0.443986257,-0.105438694,0.000000000,0.000000000,0.000000000,1.000000000
1790226892585217143,1790226892,585217143,1790226892590377283,RL_hip,1.000000000,-0.000000000,0.000000000,-0.193400000,0.000000000,0.999570013,0.029322176,0.046500000,-0.000000000,-0.029322176,0.999570013,0.000000000,0.000000000,0.000000000,0.000000000,1.000000000
1790226892585217143,1790226892,585217143,1790226892590377283,RL_thigh,0.479923604,0.000000000,0.877310284,-0.193400000,-0.025724646,0.999570013,0.014072404,0.141958936,-0.876933051,-0.029322176,0.479717243,-0.002800268,0.000000000,0.000000000,0.000000000,1.000000000
1790226892585217143,1790226892,585217143,1790226892590377283,RL_calf,0.907337907,-0.000000000,-0.420402097,-0.380267090,0.012327104,0.999570013,0.026605122,0.138961514,0.420221329,-0.029322176,0.906947763,-0.104980041,0.000000000,0.000000000,0.000000000,1.000000000
1790226892585217143,1790226892,585217143,1790226892590377283,RL_calflower,0.927215318,0.000000000,-0.374528709,-0.299900822,0.010981997,0.999570013,0.027187971,0.135270498,0.374367666,-0.029322176,0.926816627,-0.230803883,0.000000000,0.000000000,0.000000000,1.000000000
1790226892585217143,1790226892,585217143,1790226892590377283,RL_calflower1,0.995384838,-0.000000000,0.095963662,-0.294191827,-0.002813863,0.999570013,0.029186849,0.134073159,-0.095922399,-0.029322176,0.994956835,-0.271620225,0.000000000,0.000000000,0.000000000,1.000000000
1790226892585217143,1790226892,585217143,1790226892590377283,RL_foot,0.907337907,-0.000000000,-0.420402097,-0.290721444,0.012327104,0.999570013,0.026605122,0.133294623,0.420221329,-0.029322176,0.906947763,-0.298159914,0.000000000,0.000000000,0.000000000,1.000000000
1790226892585217143,1790226892,585217143,1790226892590377283,RR_hip,1.000000000,0.000000000,0.000000000,-0.193400000,0.000000000,0.996052567,-0.088765329,-0.046500000,0.000000000,0.088765329,0.996052567,0.000000000,0.000000000,0.000000000,0.000000000,1.000000000
1790226892585217143,1790226892,585217143,1790226892590377283,RR_thigh,0.656937272,0.000000000,0.753945237,-0.193400000,0.066924197,0.996052567,-0.058313253,-0.141623020,-0.750969089,0.088765329,0.654344057,-0.008477089,0.000000000,0.000000000,0.000000000,1.000000000
1790226892585217143,1790226892,585217143,1790226892590377283,RR_calf,0.798786694,0.000000000,-0.601614343,-0.353990335,-0.053402495,0.996052567,-0.070904564,-0.129202297,0.599239510,0.088765329,0.795633537,-0.147852373,0.000000000,0.000000000,0.000000000,1.000000000
1790226892585217143,1790226892,585217143,1790226892590377283,RR_calflower,0.827856604,0.000000000,-0.560939786,-0.248975679,-0.049792005,0.996052567,-0.073484964,-0.119776472,0.558725514,0.088765329,0.824588695,-0.253621346,0.000000000,0.000000000,0.000000000,1.000000000
1790226892585217143,1790226892,585217143,1790226892590377283,RR_calflower1,0.993334916,-0.000000000,-0.115263802,-0.234816653,-0.010231429,0.996052567,-0.088173701,-0.116339153,0.114808806,0.088765329,0.989413793,-0.292192149,0.000000000,0.000000000,0.000000000,1.000000000
1790226892585217143,1790226892,585217143,1790226892590377283,RR_foot,0.798786694,0.000000000,-0.601614343,-0.225846480,-0.053402495,0.996052567,-0.070904564,-0.114099625,0.599239510,0.088765329,0.795633537,-0.317322316,0.000000000,0.000000000,0.000000000,1.000000000
1790226892653706874,1790226892,653706874,1790226892656996245,FL_hip,1.000000000,-0.000000000,0.000000000,0.193400000,0.000000000,0.999114837,0.042065937,0.046500000,-0.000000000,-0.042065937,0.999114837,0.000000000,0.000000000,0.000000000,0.000000000,1.000000000
1790226892653706874,1790226892,653706874,1790226892656996245,FL_thigh,0.986833198,0.000000000,-0.161741271,0.193400000,0.006803798,0.999114837,0.041512063,0.141915467,0.161598104,-0.042065937,0.985959690,-0.004017297,0.000000000,0.000000000,0.000000000,1.000000000
1790226892653706874,1790226892,653706874,1790226892656996245,FL_calf,-0.552008565,-0.000000000,-0.833838440,0.227850891,0.035076196,0.999114837,-0.023220758,0.133073397,0.833100357,-0.042065937,-0.551519947,-0.214026711,0.000000000,0.000000000,0.000000000,1.000000000
1790226892653706874,1790226892,653706874,1790226892656996245,FL_calflower,-0.509644145,0.000000000,-0.860385289,0.340218809,0.036192914,0.999114837,-0.021438659,0.137211593,0.859623707,-0.042065937,-0.509193027,-0.115739752,0.000000000,0.000000000,0.000000000,1.000000000
1790226892653706874,1790226892,653706874,1790226892656996245,FL_calflower1,-0.054743760,0.000000000,-0.998500436,0.379730662,0.042002857,0.999114837,-0.002302848,0.137707211,0.997616600,-0.042065937,-0.054695303,-0.103968268,0.000000000,0.000000000,0.000000000,1.000000000
1790226892653706874,1790226892,653706874,1790226892656996245,FL_foot,-0.552008565,-0.000000000,-0.833838440,0.405458479,0.035076196,0.999114837,-0.023220758,0.138019419,0.833100357,-0.042065937,-0.551519947,-0.096552962,0.000000000,0.000000000,0.000000000,1.000000000
1790226892653706874,1790226892,653706874,1790226892656996245,FR_hip,1.000000000,0.000000000,0.000000000,0.193400000,0.000000000,0.995919321,-0.090248024,-0.046500000,0.000000000,0.090248024,0.995919321,0.000000000,0.000000000,0.000000000,0.000000000,1.000000000
1790226892653706874,1790226892,653706874,1790226892656996245,FR_thigh,0.917022636,0.000000000,-0.398835160,0.193400000,-0.035994085,0.995919321,-0.082759481,-0.141610295,0.397207641,0.090248024,0.913280561,-0.008618686,0.000000000,0.000000000,0.000000000,1.000000000
1790226892653706874,1790226892,653706874,1790226892656996245,FR_calf,-0.428260265,-0.000000000,-0.903655435,0.278351889,-0.081553118,0.995919321,0.038649643,-0.123982526,0.899967908,0.090248024,-0.426512672,-0.203147446,0.000000000,0.000000000,0.000000000,1.000000000
1790226892653706874,1790226892,653706874,1790226892656996245,FR_calflower,-0.382561103,-0.000000000,-0.923930194,0.403527688,-0.083382875,0.995919321,0.034525384,-0.131333735,0.920159931,0.090248024,-0.380999994,-0.122024212,0.000000000,0.000000000,0.000000000,1.000000000
1790226892653706874,1790226892,653706874,1790226892656996245,FR_calflower1,0.087321967,-0.000000000,-0.996180141,0.444310507,-0.089903290,0.995919321,-0.007880635,-0.131880922,0.992115050,0.090248024,0.086965634,-0.115985812,0.000000000,0.000000000,0.000000000,1.000000000
1790226892653706874,1790226892,653706874,1790226892656996245,FR_foot,-0.428260265,-0.000000000,-0.903655435,0.470830497,-0.081553118,0.995919321,0.038649643,-0.132214900,0.899967908,0.090248024,-0.426512672,-0.112300247,0.000000000,0.000000000,0.000000000,1.000000000
1790226892653706874,1790226892,653706874,1790226892656996245,RL_hip,1.000000000,-0.000000000,0.000000000,-0.193400000,0.000000000,0.999599668,0.028293171,0.046500000,-0.000000000,-0.028293171,0.999599668,0.000000000,0.000000000,0.000000000,0.000000000,1.000000000
1790226892653706874,1790226892,653706874,1790226892656996245,RL_thigh,0.523805939,-0.000000000,0.851837625,-0.193400000,-0.024101188,0.999599668,0.014820131,0.141961768,-0.851496607,-0.028293171,0.523596243,-0.002701998,0.000000000,0.000000000,0.000000000,1.000000000
1790226892653706874,1790226892,653706874,1790226892656996245,RL_calf,0.861172211,0.000000000,-0.508313312,-0.374841414,0.014381796,0.999599668,0.024365293,0.138805080,0.508109817,-0.028293171,0.860827456,-0.114227998,0.000000000,0.000000000,0.000000000,1.000000000
1790226892653706874,1790226892,653706874,1790226892656996245,RL_calflower,0.885501047,-0.000000000,-0.464637381,-0.282387600,0.013146065,0.999599668,0.025053633,0.135486653,0.464451371,-0.028293171,0.885146553,-0.231468265,0.000000000,0.000000000,0.000000000,1.000000000
1790226892653706874,1790226892,653706874,1790226892656996245,RL_calflower1,0.999994800,-0.000000000,-0.003225054,-0.272657115,0.000091247,0.999599668,0.028293024,0.134353047,0.003223763,-0.028293171,0.999594470,-0.271518641,0.000000000,0.000000000,0.000000000,1.000000000
1790226892653706874,1790226892,653706874,1790226892656996245,RL_foot,0.861172211,0.000000000,-0.508313312,-0.266570679,0.014381796,0.999599668,0.024365293,0.133615273,0.508109817,-0.028293171,0.860827456,-0.297584246,0.000000000,0.000000000,0.000000000,1.000000000
1790226892653706874,1790226892,653706874,1790226892656996245,RR_hip,1.000000000,0.000000000,0.000000000,-0.193400000,0.000000000,0.998870985,-0.047505322,-0.046500000,0.000000000,0.047505322,0.998870985,0.000000000,0.000000000,0.000000000,0.000000000,1.000000000
1790226892653706874,1790226892,653706874,1790226892656996245,RR_thigh,0.605682375,0.000000000,0.795706517,-0.193400000,0.037800294,0.998870985,-0.028773136,-0.141892179,-0.794808152,0.047505322,0.604998550,-0.004536758,0.000000000,0.000000000,0.000000000,1.000000000
1790226892653706874,1790226892,653706874,1790226892656996245,RR_calf,0.845861491,-0.000000000,-0.533402604,-0.362885488,-0.025339462,0.998870985,-0.040182922,-0.135763501,0.532800385,0.047505322,0.844906500,-0.133401449,0.000000000,0.000000000,0.000000000,1.000000000
1790226892653706874,1790226892,653706874,1790226892656996245,RR_calflower,0.871463403,0.000000000,-0.490460535,-0.267024673,-0.023299486,0.998870985,-0.041399149,-0.130323218,0.489906798,0.047505322,0.870479508,-0.247791604,0.000000000,0.000000000,0.000000000,1.000000000
1790226892653706874,1790226892,653706874,1790226892656996245,RR_calflower1,0.999468076,0.000000000,-0.032612353,-0.256120885,-0.001549260,0.998870985,-0.047480053,-0.128434257,0.032575533,0.047505322,0.998339661,-0.287509852,0.000000000,0.000000000,0.000000000,1.000000000
1790226892653706874,1790226892,653706874,1790226892656996245,RR_foot,0.845861491,-0.000000000,-0.533402604,-0.249270733,-0.025339462,0.998870985,-0.040182922,-0.127204539,0.532800385,0.047505322,0.844906500,-0.313366534,0.000000000,0.000000000,0.000000000,1.000000000
1790226892713728037,1790226892,713728037,1790226892723709095,FL_hip,1.000000000,0.000000000,0.000000000,0.193400000,0.000000000,0.999391506,-0.034880051,0.046500000,0.000000000,0.034880051,0.999391506,0.000000000,0.000000000,0.000000000,0.000000000,1.000000000
1790226892713728037,1790226892,713728037,1790226892723709095,FL_thigh,0.960654945,0.000000000,-0.277744625,0.193400000,-0.009687747,0.999391506,-0.033507694,0.141941889,0.277575619,0.034880051,0.960070392,0.003331045,0.000000000,0.000000000,0.000000000,1.000000000
1790226892713728037,1790226892,713728037,1790226892723709095,FL_calf,-0.364576971,-0.000000000,-0.931173256,0.252559605,-0.032479371,0.999391506,0.012716463,0.149079028,0.930606642,0.034880051,-0.364355128,-0.201163949,0.000000000,0.000000000,0.000000000,1.000000000
1790226892713728037,1790226892,713728037,1790226892723709095,FL_calflower,-0.317582079,-0.000000000,-0.948230786,0.383081708,-0.033074338,0.999391506,0.011077279,0.146547404,0.947653793,0.034880051,-0.317388832,-0.128627257,0.000000000,0.000000000,0.000000000,1.000000000
1790226892713728037,1790226892,713728037,1790226892723709095,FL_calflower1,0.156179539,-0.000000000,-0.987728683,0.424186760,-0.034452027,0.999391506,-0.005447550,0.146435056,0.987127656,0.034880051,0.156084504,-0.125408241,0.000000000,0.000000000,0.000000000,1.000000000
1790226892713728037,1790226892,713728037,1790226892723709095,FL_foot,-0.364576971,-0.000000000,-0.931173256,0.450899509,-0.032479371,0.999391506,0.012716463,0.146370421,0.930606642,0.034880051,-0.364355128,-0.123556306,0.000000000,0.000000000,0.000000000,1.000000000
1790226892713728037,1790226892,713728037,1790226892723709095,FR_hip,1.000000000,0.000000000,0.000000000,0.193400000,0.000000000,0.999857411,-0.016886624,-0.046500000,0.000000000,0.016886624,0.999857411,0.000000000,0.000000000,0.000000000,0.000000000,1.000000000
1790226892713728037,1790226892,713728037,1790226892723709095,FR_thigh,0.938979674,0.000000000,-0.343972632,0.193400000,-0.005808536,0.999857411,-0.015856196,-0.141986383,0.343923585,0.016886624,0.938845786,-0.001612673,0.000000000,0.000000000,0.000000000,1.000000000
1790226892713728037,1790226892,713728037,1790226892723709095,FR_calf,-0.427670061,-0.000000000,-0.903934909,0.266666171,-0.015264409,0.999857411,0.007221903,-0.138609013,0.903806017,0.016886624,-0.427609080,-0.201586825,0.000000000,0.000000000,0.000000000,1.000000000
1790226892713728037,1790226892,713728037,1790226892723709095,FR_calflower,-0.381957669,-0.000000000,-0.924179820,0.391895136,-0.015606277,0.999857411,0.006449975,-0.139983143,0.924048042,0.016886624,-0.381903206,-0.120224561,0.000000000,0.000000000,0.000000000,1.000000000
1790226892713728037,1790226892,713728037,1790226892723709095,FR_calflower1,0.087972482,-0.000000000,-0.996122905,0.432681905,-0.016821153,0.999857411,-0.001485558,-0.140085079,0.995980869,0.016886624,0.087959938,-0.114188913,0.000000000,0.000000000,0.000000000,1.000000000
1790226892713728037,1790226892,713728037,1790226892723709095,FR_foot,-0.427670061,-0.000000000,-0.903934909,0.459204306,-0.015264409,0.999857411,0.007221903,-0.140147278,0.903806017,0.016886624,-0.427609080,-0.110506091,0.000000000,0.000000000,0.000000000,1.000000000
1790226892713728037,1790226892,713728037,1790226892723709095,RL_hip,1.000000000,-0.000000000,0.000000000,-0.193400000,0.000000000,0.997217103,0.074552324,0.046500000,-0.000000000,-0.074552324,0.997217103,0.000000000,0.000000000,0.000000000,0.000000000,1.000000000
1790226892713728037,1790226892,713728037,1790226892723709095,RL_thigh,0.531470399,-0.000000000,0.847076865,-0.193400000,-0.063151549,0.997217103,0.039622353,0.141734233,-0.844719537,-0.074552324,0.529991372,-0.007119747,0.000000000,0.000000000,0.000000000,1.000000000
1790226892713728037,1790226892,713728037,1790226892723709095,RL_calf,0.811392555,0.000000000,-0.584501601,-0.373827372,0.043575953,0.997217103,0.060491201,0.133294672,0.582874994,-0.074552324,0.809134533,-0.120007909,0.000000000,0.000000000,0.000000000,1.000000000
1790226892713728037,1790226892,713728037,1790226892723709095,RL_calflower,0.839591430,0.000000000,-0.543218401,-0.271093284,0.040498194,0.997217103,0.062593492,0.125213493,0.541706680,-0.074552324,0.837254934,-0.228102320,0.000000000,0.000000000,0.000000000,1.000000000
1790226892713728037,1790226892,713728037,1790226892723709095,RL_calflower1,0.995560281,-0.000000000,-0.094126125,-0.257760462,0.007017321,0.997217103,0.074221333,0.122304772,0.093864182,-0.074552324,0.992789739,-0.267009584,0.000000000,0.000000000,0.000000000,1.000000000
1790226892713728037,1790226892,713728037,1790226892723709095,RL_foot,0.811392555,0.000000000,-0.584501601,-0.249328531,0.043575953,0.997217103,0.060491201,0.120410046,0.582874994,-0.074552324,0.809134533,-0.292353565,0.000000000,0.000000000,0.000000000,1.000000000
1790226892713728037,1790226892,713728037,1790226892723709095,RR_hip,1.000000000,0.000000000,0.000000000,-0.193400000,0.000000000,0.999997844,-0.002076634,-0.046500000,0.000000000,0.002076634,0.999997844,0.000000000,0.000000000,0.000000000,0.000000000,1.000000000
1790226892713728037,1790226892,713728037,1790226892723709095,RR_thigh,0.587360707,0.000000000,0.809325274,-0.193400000,0.001680672,0.999997844,-0.001219733,-0.141999794,-0.809323529,0.002076634,0.587359441,-0.000198319,0.000000000,0.000000000,0.000000000,1.000000000
1790226892713728037,1790226892,713728037,1790226892723709095,RR_calf,0.892654156,0.000000000,-0.450742229,-0.365786283,-0.000936026,0.999997844,-0.001853716,-0.141739991,0.450741257,0.002076634,0.892652232,-0.125305879,0.000000000,0.000000000,0.000000000,1.000000000
1790226892713728037,1790226892,713728037,1790226892723709095,RR_calflower,0.914066293,0.000000000,-0.405564805,-0.281223350,-0.000842210,0.999997844,-0.001898181,-0.141484362,0.405563931,0.002076634,0.914064322,-0.248403585,0.000000000,0.000000000,0.000000000,1.000000000
1790226892713728037,1790226892,713728037,1790226892723709095,RR_calflower1,0.998053543,0.000000000,0.062362856,-0.274141421,0.000129505,0.999997844,-0.002072592,-0.141400012,-0.062362722,0.002076634,0.998051391,-0.289021797,0.000000000,0.000000000,0.000000000,1.000000000
1790226892713728037,1790226892,713728037,1790226892723709095,RR_foot,0.892654156,0.000000000,-0.450742229,-0.269778189,-0.000936026,0.999997844,-0.001853716,-0.141345150,0.450741257,0.002076634,0.892652232,-0.315440805,0.000000000,0.000000000,0.000000000,1.000000000
1790226892779822126,1790226892,779822126,1790226892790354508,FL_hip,1.000000000,0.000000000,0.000000000,0.193400000,0.000000000,0.999962967,-0.008606126,0.046500000,0.000000000,0.008606126,0.999962967,0.000000000,0.000000000,0.000000000,0.000000000,1.000000000
1790226892779822126,1790226892,779822126,1790226892790354508,FL_thigh,0.952130984,0.000000000,-0.305690349,0.193400000,-0.002630810,0.999962967,-0.008194160,0.141996463,0.305679029,0.008606126,0.952095723,0.000821885,0.000000000,0.000000000,0.000000000,1.000000000
1790226892779822126,1790226892,779822126,1790226892790354508,FL_calf,-0.377523759,-0.000000000,-0.925999898,0.258512044,-0.007969272,0.999962967,0.003249017,0.143741819,0.925965605,0.008606126,-0.377509778,-0.201974504,0.000000000,0.000000000,0.000000000,1.000000000
1790226892779822126,1790226892,779822126,1790226892790354508,FL_calflower,-0.330771247,0.000000000,-0.943710963,0.388009554,-0.008121696,0.999962967,0.002846659,0.143101579,0.943676014,0.008606126,-0.330758998,-0.127583745,0.000000000,0.000000000,0.000000000,1.000000000
1790226892779822126,1790226892,779822126,1790226892790354508,FL_calflower1,0.142393653,0.000000000,-0.989810107,0.429065705,-0.008518431,0.999962967,-0.001225458,0.143068930,0.989773451,0.008606126,0.142388380,-0.123790145,0.000000000,0.000000000,0.000000000,1.000000000
1790226892779822126,1790226892,779822126,1790226892790354508,FL_foot,-0.377523759,-0.000000000,-0.925999898,0.455750023,-0.007969272,0.999962967,0.003249017,0.143049779,0.925965605,0.008606126,-0.377509778,-0.121564921,0.000000000,0.000000000,0.000000000,1.000000000
1790226892779822126,1790226892,779822126,1790226892790354508,FR_hip,1.000000000,-0.000000000,0.000000000,0.193400000,0.000000000,0.999739254,0.022834700,-0.046500000,-0.000000000,-0.022834700,0.999739254,0.000000000,0.000000000,0.000000000,0.000000000,1.000000000
1790226892779822126,1790226892,779822126,1790226892790354508,FR_thigh,0.941178447,-0.000000000,-0.337909944,0.193400000,0.007716072,0.999739254,0.021491528,-0.141975099,0.337821835,-0.022834700,0.940933039,0.002180714,0.000000000,0.000000000,0.000000000,1.000000000
1790226892779822126,1790226892,779822126,1790226892790354508,FR_calf,-0.407168340,0.000000000,-0.913353131,0.265374818,0.020856145,0.999739254,-0.009297567,-0.146552794,0.913114979,-0.022834700,-0.407062173,-0.198238023,0.000000000,0.000000000,0.000000000,1.000000000
1790226892779822126,1790226892,779822126,1790226892790354508,FR_calflower,-0.361010855,0.000000000,-0.932561613,0.392407715,0.021294765,0.999739254,-0.008243575,-0.144759631,0.932318452,-0.022834700,-0.360916723,-0.119730522,0.000000000,0.000000000,0.000000000,1.000000000
1790226892779822126,1790226892,779822126,1790226892790354508,FR_calflower1,0.110422738,0.000000000,-0.993884711,0.433320288,0.022695060,0.999739254,0.002521470,-0.144642836,0.993625560,-0.022834700,0.110393945,-0.114617038,0.000000000,0.000000000,0.000000000,1.000000000
1790226892779822126,1790226892,779822126,1790226892790354508,FR_foot,-0.407168340,0.000000000,-0.913353131,0.459919035,0.020856145,0.999739254,-0.009297567,-0.144572412,0.913114979,-0.022834700,-0.407062173,-0.111533781,0.000000000,0.000000000,0.000000000,1.000000000
1790226892779822126,1790226892,779822126,1790226892790354508,RL_hip,1.000000000,-0.000000000,0.000000000,-0.193400000,0.000000000,0.997123787,0.075790198,0.046500000,-0.000000000,-0.075790198,0.997123787,0.000000000,0.000000000,0.000000000,0.000000000,1.000000000
1790226892779822126,1790226892,779822126,1790226892790354508,RL_thigh,0.559006096,0.000000000,0.829163545,-0.193400000,-0.062842469,0.997123787,0.042367182,0.141725322,-0.826778694,-0.075790198,0.557398276,-0.007237964,0.000000000,0.000000000,0.000000000,1.000000000
1790226892779822126,1790226892,779822126,1790226892790354508,RL_calf,0.858366831,-0.000000000,-0.513036435,-0.370011835,0.038883133,0.997123787,0.065055792,0.132701112,0.511560832,-0.075790198,0.855897985,-0.125963797,0.000000000,0.000000000,0.000000000,1.000000000
1790226892779822126,1790226892,779822126,1790226892790354508,RL_calflower,0.882935231,0.000000000,-0.469494812,-0.276915106,0.035583104,0.997123787,0.066917836,0.123850517,0.468144444,-0.075790198,0.880395721,-0.242405482,0.000000000,0.000000000,0.000000000,1.000000000
1790226892779822126,1790226892,779822126,1790226892790354508,RL_calflower1,0.999961994,0.000000000,-0.008718411,-0.266964666,0.000660770,0.997123787,0.075787317,0.120817973,0.008693335,-0.075790198,0.997085890,-0.282302755,0.000000000,0.000000000,0.000000000,1.000000000
1790226892779822126,1790226892,779822126,1790226892790354508,RL_foot,0.858366831,-0.000000000,-0.513036435,-0.260735074,0.038883133,0.997123787,0.065055792,0.118844228,0.511560832,-0.075790198,0.855897985,-0.308270067,0.000000000,0.000000000,0.000000000,1.000000000
1790226892779822126,1790226892,779822126,1790226892790354508,RR_hip,1.000000000,0.000000000,0.000000000,-0.193400000,0.000000000,0.997650266,-0.068512379,-0.046500000,0.000000000,0.068512379,0.997650266,0.000000000,0.000000000,0.000000000,0.000000000,1.000000000
1790226892779822126,1790226892,779822126,1790226892790354508,RR_thigh,0.632499637,0.000000000,0.774560656,-0.193400000,0.053066993,0.997650266,-0.043334055,-0.141775600,-0.772740645,0.068512379,0.631013431,-0.006542932,0.000000000,0.000000000,0.000000000,1.000000000
1790226892779822126,1790226892,779822126,1790226892790354508,RR_calf,0.863382892,-0.000000000,-0.504549287,-0.358381420,-0.034567872,0.997650266,-0.059152416,-0.132545447,0.503363730,0.068512379,0.861354172,-0.140948793,0.000000000,0.000000000,0.000000000,1.000000000
1790226892779822126,1790226892,779822126,1790226892790354508,RR_calflower,0.887520842,-0.000000000,-0.460767572,-0.266440467,-0.031568282,0.997650266,-0.060806164,-0.124482247,0.459684891,0.068512379,0.885435404,-0.258361936,0.000000000,0.000000000,0.000000000,1.000000000
1790226892779822126,1790226892,779822126,1790226892790354508,RR_calflower1,0.999999350,0.000000000,0.001140146,-0.256884973,0.000078114,0.997650266,-0.068512334,-0.121734317,-0.001137467,0.068512379,0.997649618,-0.298376201,0.000000000,0.000000000,0.000000000,1.000000000
1790226892779822126,1790226892,779822126,1790226892790354508,RR_foot,0.863382892,-0.000000000,-0.504549287,-0.250912422,-0.034567872,0.997650266,-0.059152416,-0.119945982,0.503363730,0.068512379,0.861354172,-0.324417232,0.000000000,0.000000000,0.000000000,1.000000000
1790226892851399407,1790226892,851399407,1790226892856936857,FL_hip,1.000000000,-0.000000000,0.000000000,0.193400000,0.000000000,0.999611428,0.027874580,0.046500000,-0.000000000,-0.027874580,0.999611428,0.000000000,0.000000000,0.000000000,0.000000000,1.000000000
1790226892851399407,1790226892,851399407,1790226892856936857,FL_thigh,0.935773865,0.000000000,-0.352600728,0.193400000,0.009828597,0.999611428,0.026084304,0.141962891,0.352463717,-0.027874580,0.935410250,-0.002662022,0.000000000,0.000000000,0.000000000,1.000000000
1790226892851399407,1790226892,851399407,1790226892856936857,FL_calf,-0.379106720,-0.000000000,-0.925352957,0.268503955,0.025793825,0.999611428,-0.010567441,0.136406935,0.924993391,-0.027874580,-0.378959409,-0.201904406,0.000000000,0.000000000,0.000000000,1.000000000
1790226892851399407,1790226892,851399407,1790226892856936857,FL_calflower,-0.332384563,0.000000000,-0.943143946,0.397874058,0.026289742,0.999611428,-0.009265080,0.138486792,0.942777467,-0.027874580,-0.332255408,-0.127318545,0.000000000,0.000000000,0.000000000,1.000000000
1790226892851399407,1790226892,851399407,1790226892856936857,FL_calflower1,0.140700814,0.000000000,-0.990052161,0.438923662,0.027597288,0.999611428,0.003921976,0.138594498,0.989667455,-0.027874580,0.140646142,-0.123456104,0.000000000,0.000000000,0.000000000,1.000000000
1790226892851399407,1790226892,851399407,1790226892856936857,FL_foot,-0.379106720,-0.000000000,-0.925352957,0.465604135,0.025793825,0.999611428,-0.010567441,0.138657800,0.924993391,-0.027874580,-0.378959409,-0.121186051,0.000000000,0.000000000,0.000000000,1.000000000
1790226892851399407,1790226892,851399407,1790226892856936857,FR_hip,1.000000000,0.000000000,0.000000000,0.193400000,0.000000000,0.981500599,-0.191459068,-0.046500000,0.000000000,0.191459068,0.981500599,0.000000000,0.000000000,0.000000000,0.000000000,1.000000000
1790226892851399407,1790226892,851399407,1790226892856936857,FR_thigh,0.983792035,0.000000000,-0.179313223,0.193400000,-0.034331142,0.981500599,-0.188355906,-0.140233307,0.175996035,0.191459068,0.965592471,-0.018284341,0.000000000,0.000000000,0.000000000,1.000000000
1790226892851399407,1790226892,851399407,1790226892856936857,FR_calf,-0.585702810,-0.000000000,-0.810525890,0.231593716,-0.155182531,0.981500599,0.112138114,-0.100113499,0.795531646,0.191459068,-0.574867659,-0.223955537,0.000000000,0.000000000,0.000000000,1.000000000
1790226892851399407,1790226892,851399407,1790226892856936857,FR_calflower,-0.544461423,0.000000000,-0.838785884,0.339837492,-0.160593164,0.981500599,0.104242077,-0.119813591,0.823268847,0.191459068,-0.534389213,-0.122964491,0.000000000,0.000000000,0.000000000,1.000000000
1790226892851399407,1790226892,851399407,1790226892856936857,FR_calflower1,-0.095600664,0.000000000,-0.995419767,0.378833542,-0.190582141,0.981500599,0.018303614,-0.122377342,0.977005098,0.191459068,-0.093832109,-0.109821611,0.000000000,0.000000000,0.000000000,1.000000000
1790226892851399407,1790226892,851399407,1790226892856936857,FR_foot,-0.585702810,-0.000000000,-0.810525890,0.404235731,-0.155182531,0.981500599,0.112138114,-0.123998917,0.795531646,0.191459068,-0.574867659,-0.101508726,0.000000000,0.000000000,0.000000000,1.000000000
1790226892851399407,1790226892,851399407,1790226892856936857,RL_hip,1.000000000,-0.000000000,0.000000000,-0.193400000,0.000000000,0.998069484,0.062107203,0.046500000,-0.000000000,-0.062107203,0.998069484,0.000000000,0.000000000,0.000000000,0.000000000,1.000000000
1790226892851399407,1790226892,851399407,1790226892856936857,RL_thigh,0.630151575,-0.000000000,0.776472145,-0.193400000,-0.048224513,0.998069484,0.039136952,0.141815636,-0.774973154,-0.062107203,0.628935058,-0.005931238,0.000000000,0.000000000,0.000000000,1.000000000
1790226892851399407,1790226892,851399407,1790226892856936857,RL_calf,0.834727058,-0.000000000,-0.550663907,-0.358788567,0.034200195,0.998069484,0.051842563,0.133479465,0.549600841,-0.062107203,0.833115605,-0.139894405,0.000000000,0.000000000,0.000000000,1.000000000
1790226892851399407,1790226892,851399407,1790226892856936857,RL_calflower,0.861205592,-0.000000000,-0.508256755,-0.260595768,0.031566405,0.998069484,0.053487070,0.126490770,0.507275557,-0.062107203,0.859543021,-0.252203498,0.000000000,0.000000000,0.000000000,1.000000000
1790226892851399407,1790226892,851399407,1790226892856936857,RL_calflower1,0.998587372,-0.000000000,-0.053134353,-0.248877553,0.003300026,0.998069484,0.062019469,0.124035623,0.053031777,-0.062107203,0.996659584,-0.291657974,0.000000000,0.000000000,0.000000000,1.000000000
1790226892851399407,1790226892,851399407,1790226892856936857,RL_foot,0.834727058,-0.000000000,-0.550663907,-0.241497155,0.034200195,0.998069484,0.051842563,0.122436999,0.549600841,-0.062107203,0.833115605,-0.317348029,0.000000000,0.000000000,0.000000000,1.000000000
1790226892851399407,1790226892,851399407,1790226892856936857,RR_hip,1.000000000,0.000000000,0.000000000,-0.193400000,0.000000000,0.998571483,-0.053432145,-0.046500000,0.000000000,0.053432145,0.998571483,0.000000000,0.000000000,0.000000000,0.000000000,1.000000000
1790226892851399407,1790226892,851399407,1790226892856936857,RR_thigh,0.638227901,-0.000000000,0.769847483,-0.193400000,0.041134603,0.998571483,-0.034101886,-0.141863577,-0.768747742,0.053432145,0.637316181,-0.005102770,0.000000000,0.000000000,0.000000000,1.000000000
1790226892851399407,1790226892,851399407,1790226892856936857,RR_calf,0.853230975,-0.000000000,-0.521533223,-0.357377514,-0.027866639,0.998571483,-0.045589962,-0.134599875,0.520788204,0.053432145,0.852012120,-0.140851116,0.000000000,0.000000000,0.000000000,1.000000000
1790226892851399407,1790226892,851399407,1790226892856936857,RR_calflower,0.878230456,0.000000000,-0.478237667,-0.263125977,-0.025553265,0.998571483,-0.046925737,-0.128409893,0.477554496,0.053432145,0.876975889,-0.256533146,0.000000000,0.000000000,0.000000000,1.000000000
1790226892851399407,1790226892,851399407,1790226892856936857,RR_calflower1,0.999826151,0.000000000,-0.018645846,-0.252778775,-0.000996288,0.998571483,-0.053422856,-0.126277331,0.018619210,0.053432145,0.998397882,-0.296387727,0.000000000,0.000000000,0.000000000,1.000000000
1790226892851399407,1790226892,851399407,1790226892856936857,RR_foot,0.853230975,-0.000000000,-0.521533223,-0.246290937,-0.027866639,0.998571483,-0.045589962,-0.124889213,0.520788204,0.053432145,0.852012120,-0.322329698,0.000000000,0.000000000,0.000000000,1.000000000
1790226892917539034,1790226892,917539034,1790226892923756603,FL_hip,1.000000000,-0.000000000,0.000000000,0.193400000,0.000000000,0.999894502,0.014525290,0.046500000,-0.000000000,-0.014525290,0.999894502,0.000000000,0.000000000,0.000000000,0.000000000,1.000000000
1790226892917539034,1790226892,917539034,1790226892923756603,FL_thigh,0.926720807,-0.000000000,-0.375750642,0.193400000,0.005457887,0.999894502,0.013460889,0.141989925,0.375711001,-0.014525290,0.926623041,-0.001387165,0.000000000,0.000000000,0.000000000,1.000000000
1790226892917539034,1790226892,917539034,1790226892923756603,FL_calf,-0.405905649,-0.000000000,-0.913914987,0.273434887,0.013274880,0.999894502,-0.005895897,0.139122756,0.913818571,-0.014525290,-0.405862827,-0.198757873,0.000000000,0.000000000,0.000000000,1.000000000
1790226892917539034,1790226892,917539034,1790226892923756603,FL_calflower,-0.359721661,-0.000000000,-0.933059659,0.400576192,0.013552962,0.999894502,-0.005225061,0.140260846,0.932961223,-0.014525290,-0.359683711,-0.120413803,0.000000000,0.000000000,0.000000000,1.000000000
1790226892917539034,1790226892,917539034,1790226892923756603,FL_calflower1,0.111796233,0.000000000,-0.993731152,0.441495795,0.014434233,0.999894502,0.001623873,0.140334319,0.993626316,-0.014525290,0.111784439,-0.115356067,0.000000000,0.000000000,0.000000000,1.000000000
1790226892917539034,1790226892,917539034,1790226892923756603,FL_foot,-0.405905649,-0.000000000,-0.913914987,0.468098779,0.013274880,0.999894502,-0.005895897,0.140378582,0.913818571,-0.014525290,-0.405862827,-0.112309091,0.000000000,0.000000000,0.000000000,1.000000000
1790226892917539034,1790226892,917539034,1790226892923756603,FR_hip,1.000000000,0.000000000,0.000000000,0.193400000,0.000000000,0.977765556,-0.209701019,-0.046500000,0.000000000,0.209701019,0.977765556,0.000000000,0.000000000,0.000000000,0.000000000,1.000000000
1790226892917539034,1790226892,917539034,1790226892923756603,FR_thigh,0.994506495,-0.000000000,-0.104674882,0.193400000,-0.021950429,0.977765556,-0.208549026,-0.139876611,0.102347494,0.209701019,0.972394196,-0.020026447,0.000000000,0.000000000,0.000000000,1.000000000
1790226892917539034,1790226892,917539034,1790226892923756603,FR_calf,-0.561985706,0.000000000,-0.827146944,0.215695750,-0.173453557,0.977765556,0.117848975,-0.095455668,0.808755791,0.209701019,-0.549490266,-0.227146411,0.000000000,0.000000000,0.000000000,1.000000000
1790226892917539034,1790226892,917539034,1790226892923756603,FR_calflower,-0.519943253,0.000000000,-0.854200804,0.326873783,-0.179126779,0.977765556,0.109032630,-0.116366388,0.835208124,0.209701019,-0.508382604,-0.129646736,0.000000000,0.000000000,0.000000000,1.000000000
1790226892917539034,1790226892,917539034,1790226892923756603,FR_calflower1,-0.066734882,-0.000000000,-0.997770743,0.366241248,-0.209233542,0.977765556,0.013994373,-0.118936425,0.975585865,0.209701019,-0.065251069,-0.117663513,0.000000000,0.000000000,0.000000000,1.000000000
1790226892917539034,1790226892,917539034,1790226892923756603,FR_foot,-0.561985706,0.000000000,-0.827146944,0.391878049,-0.173453557,0.977765556,0.117848975,-0.120557500,0.808755791,0.209701019,-0.549490266,-0.110104984,0.000000000,0.000000000,0.000000000,1.000000000
1790226892917539034,1790226892,917539034,1790226892923756603,RL_hip,1.000000000,-0.000000000,0.000000000,-0.193400000,0.000000000,0.997583423,0.069478877,0.046500000,-0.000000000,-0.069478877,0.997583423,0.000000000,0.000000000,0.000000000,0.000000000,1.000000000
1790226892917539034,1790226892,917539034,1790226892923756603,RL_thigh,0.631725417,0.000000000,0.775192233,-0.193400000,-0.053859486,0.997583423,0.043891572,0.141769217,-0.773318921,-0.069478877,0.630198804,-0.006635233,0.000000000,0.000000000,0.000000000,1.000000000
1790226892917539034,1790226892,917539034,1790226892923756603,RL_calf,0.836934877,0.000000000,-0.547302487,-0.358515946,0.038025962,0.997583423,0.058149295,0.132420312,0.545979888,-0.069478877,0.834912359,-0.140867578,0.000000000,0.000000000,0.000000000,1.000000000
1790226892917539034,1790226892,917539034,1790226892923756603,RL_calflower,0.863242650,-0.000000000,-0.504789192,-0.260776480,0.035072186,0.997583423,0.059977130,0.124574736,0.503569330,-0.069478877,0.861156557,-0.253515009,0.000000000,0.000000000,0.000000000,1.000000000
1790226892917539034,1790226892,917539034,1790226892923756603,RL_calflower1,0.998792984,0.000000000,-0.049117971,-0.249217339,0.003412661,0.997583423,0.069395015,0.121824929,0.048999274,-0.069478877,0.996379324,-0.292996965,0.000000000,0.000000000,0.000000000,1.000000000
1790226892917539034,1790226892,917539034,1790226892923756603,RL_foot,0.836934877,0.000000000,-0.547302487,-0.241940516,0.038025962,0.997583423,0.058149295,0.120034512,0.545979888,-0.069478877,0.834912359,-0.318703910,0.000000000,0.000000000,0.000000000,1.000000000
1790226892917539034,1790226892,917539034,1790226892923756603,RR_hip,1.000000000,0.000000000,0.000000000,-0.193400000,0.000000000,0.999166495,-0.040820526,-0.046500000,0.000000000,0.040820526,0.999166495,0.000000000,0.000000000,0.000000000,0.000000000,1.000000000
1790226892917539034,1790226892,917539034,1790226892923756603,RR_thigh,0.606910317,0.000000000,0.794770324,-0.193400000,0.032442943,0.999166495,-0.024774398,-0.141920400,-0.794107879,0.040820526,0.606404454,-0.003898360,0.000000000,0.000000000,0.000000000,1.000000000
1790226892917539034,1790226892,917539034,1790226892923756603,RR_calf,0.872137328,0.000000000,-0.489261159,-0.362686079,-0.019971898,0.999166495,-0.035601105,-0.136643453,0.488853357,0.040820526,0.871410397,-0.133062509,0.000000000,0.000000000,0.000000000,1.000000000
1790226892917539034,1790226892,917539034,1790226892923756603,RR_calflower,0.895500250,-0.000000000,-0.445061010,-0.272832681,-0.018167625,0.999166495,-0.036554791,-0.131773928,0.444690050,0.040820526,0.894753846,-0.252254181,0.000000000,0.000000000,0.000000000,1.000000000
1790226892917539034,1790226892,917539034,1790226892923756603,RR_calflower1,0.999824081,0.000000000,0.018756510,-0.263985243,0.000765651,0.999166495,-0.040813345,-0.130130060,-0.018740877,0.040820526,0.998990723,-0.292491235,0.000000000,0.000000000,0.000000000,1.000000000
1790226892917539034,1790226892,917539034,1790226892923756603,RR_foot,0.872137328,0.000000000,-0.489261159,-0.258473452,-0.019971898,0.999166495,-0.035601105,-0.129060418,0.488853357,0.040820526,0.871410397,-0.318672924,0.000000000,0.000000000,0.000000000,1.000000000
1790226893447634421,1790226893,447634421,1790226893456934919,FL_hip,1.000000000,0.000000000,0.000000000,0.193400000,0.000000000,0.999481869,-0.032186864,0.046500000,0.000000000,0.032186864,0.999481869,0.000000000,0.000000000,0.000000000,0.000000000,1.000000000
1790226893447634421,1790226893,447634421,1790226893456934919,FL_thigh,0.991992300,0.000000000,-0.126298361,0.193400000,-0.004065148,0.999481869,-0.031929121,0.141950518,0.126232922,0.032186864,0.991478318,0.003073845,0.000000000,0.000000000,0.000000000,1.000000000
1790226893447634421,1790226893,447634421,1790226893456934919,FL_calf,-0.030696679,0.000000000,-0.999528746,0.220301551,-0.032171696,0.999481869,0.000988030,0.148751421,0.999010859,0.032186864,-0.030680774,-0.208111036,0.000000000,0.000000000,0.000000000,1.000000000
1790226893447634421,1790226893,447634421,1790226893456934919,FL_calflower,0.019297300,0.000000000,-0.999813790,0.367617872,-0.032180870,0.999481869,-0.000621120,0.147961759,0.999295755,0.032186864,0.019287301,-0.183590064,0.000000000,0.000000000,0.000000000,1.000000000
1790226893447634421,1790226893,447634421,1790226893456934919,FL_calflower1,0.478809795,0.000000000,-0.877918664,0.407417450,-0.028257448,0.999481869,-0.015411386,0.148308412,0.877463787,0.032186864,0.478561708,-0.194354514,0.000000000,0.000000000,0.000000000,1.000000000
1790226893447634421,1790226893,447634421,1790226893456934919,FL_foot,-0.030696679,0.000000000,-0.999528746,0.433201174,-0.032171696,0.999481869,0.000988030,0.148540971,0.999010859,0.032186864,-0.030680774,-0.201576031,0.000000000,0.000000000,0.000000000,1.000000000
1790226893447634421,1790226893,447634421,1790226893456934919,FR_hip,1.000000000,0.000000000,0.000000000,0.193400000,0.000000000,0.989304915,-0.145862210,-0.046500000,0.000000000,0.145862210,0.989304915,0.000000000,0.000000000,0.000000000,0.000000000,1.000000000
1790226893447634421,1790226893,447634421,1790226893456934919,FR_thigh,0.950854809,-0.000000000,-0.309637097,0.193400000,-0.045164351,0.989304915,-0.138693784,-0.140978619,0.306325502,0.145862210,0.940685337,-0.013929841,0.000000000,0.000000000,0.000000000,1.000000000
1790226893447634421,1790226893,447634421,1790226893456934919,FR_calf,-0.496974401,0.000000000,-0.867765201,0.259352702,-0.126574150,0.989304915,0.072489785,-0.111436843,0.858484379,0.145862210,-0.491659218,-0.214295818,0.000000000,0.000000000,0.000000000,1.000000000
1790226893447634421,1790226893,447634421,1790226893456934919,FR_calflower,-0.452983129,0.000000000,-0.891519088,0.377842463,-0.130038945,0.989304915,0.066073120,-0.124696815,0.881984216,0.145862210,-0.448138436,-0.124360566,0.000000000,0.000000000,0.000000000,1.000000000
1790226893447634421,1790226893,447634421,1790226893456934919,FR_calflower1,0.009891214,0.000000000,-0.999951081,0.418033058,-0.145855075,0.989304915,-0.001442754,-0.126039350,0.989256519,0.145862210,0.009785427,-0.115254871,0.000000000,0.000000000,0.000000000,1.000000000
1790226893447634421,1790226893,447634421,1790226893456934919,FR_foot,-0.496974401,0.000000000,-0.867765201,0.444186690,-0.126574150,0.989304915,0.072489785,-0.126877168,0.858484379,0.145862210,-0.491659218,-0.109572404,0.000000000,0.000000000,0.000000000,1.000000000
1790226893447634421,1790226893,447634421,1790226893456934919,RL_hip,1.000000000,0.000000000,0.000000000,-0.193400000,0.000000000,0.989950055,-0.141417430,0.046500000,0.000000000,0.141417430,0.989950055,0.000000000,0.000000000,0.000000000,0.000000000,1.000000000
1790226893447634421,1790226893,447634421,1790226893456934919,RL_thigh,0.336801721,0.000000000,0.941575595,-0.193400000,0.133155201,0.989950055,-0.047629634,0.141040230,-0.932112811,0.141417430,0.333416882,0.013505365,0.000000000,0.000000000,0.000000000,1.000000000
1790226893447634421,1790226893,447634421,1790226893456934919,RL_calf,0.994547124,0.000000000,-0.104288150,-0.393955602,-0.014748162,0.989950055,-0.140646299,0.151185342,0.103240059,0.141417430,0.984551980,-0.057512431,0.000000000,0.000000000,0.000000000,1.000000000
1790226893447634421,1790226893,447634421,1790226893456934919,RL_calflower,0.998516434,0.000000000,-0.054451178,-0.358630013,-0.007700346,0.989950055,-0.141207628,0.171706031,0.053903946,0.141417430,0.988481398,-0.201161323,0.000000000,0.000000000,0.000000000,1.000000000
1790226893447634421,1790226893,447634421,1790226893456934919,RL_calflower1,0.910823427,-0.000000000,0.412796178,-0.366437130,0.058376575,0.989950055,-0.128806309,0.177431340,-0.408647599,0.141417430,0.901669701,-0.241239619,0.000000000,0.000000000,0.000000000,1.000000000
1790226893447634421,1790226893,447634421,1790226893456934919,RL_foot,0.994547124,0.000000000,-0.104288150,-0.371742226,-0.014748162,0.989950055,-0.140646299,0.181143004,0.103240059,0.141417430,0.984551980,-0.267222003,0.000000000,0.000000000,0.000000000,1.000000000
1790226893447634421,1790226893,447634421,1790226893456934919,RR_hip,1.000000000,0.000000000,0.000000000,-0.193400000,0.000000000,0.990200376,-0.139653912,-0.046500000,0.000000000,0.139653912,0.990200376,0.000000000,0.000000000,0.000000000,0.000000000,1.000000000
1790226893447634421,1790226893,447634421,1790226893456934919,RR_thigh,0.389405214,-0.000000000,0.921066544,-0.193400000,0.128630547,0.990200376,-0.054381962,-0.141064136,-0.912040439,0.139653912,0.385589189,-0.013336949,0.000000000,0.000000000,0.000000000,1.000000000
1790226893447634421,1790226893,447634421,1790226893456934919,RR_calf,0.957479579,0.000000000,-0.288501050,-0.389587174,-0.040290300,0.990200376,-0.133715769,-0.129480778,0.285673849,0.139653912,0.948096639,-0.095467446,0.000000000,0.000000000,0.000000000,1.000000000
1790226893447634421,1790226893,447634421,1790226893456934919,RR_calflower,0.970702022,-0.000000000,-0.240286465,-0.327739427,-0.033556945,0.990200376,-0.135562335,-0.110496650,0.237931748,0.139653912,0.961189507,-0.230072272,0.000000000,0.000000000,0.000000000,1.000000000
1790226893447634421,1790226893,447634421,1790226893456934919,RR_calflower1,0.971967050,0.000000000,0.235117105,-0.327834989,0.032835024,0.990200376,-0.135739001,-0.104738587,-0.232813045,0.139653912,0.962442139,-0.270899169,0.000000000,0.000000000,0.000000000,1.000000000
1790226893447634421,1790226893,447634421,1790226893456934919,RR_foot,0.957479579,0.000000000,-0.288501050,-0.328136450,-0.040290300,0.990200376,-0.133715769,-0.100999319,0.285673849,0.139653912,0.948096639,-0.297412030,0.000000000,0.000000000,0.000000000,1.000000000
1790226893521749864,1790226893,521749864,1790226893523554325,FL_hip,1.000000000,0.000000000,0.000000000,0.193400000,0.000000000,0.990328256,-0.138744170,0.046500000,0.000000000,0.138744170,0.990328256,0.000000000,0.000000000,0.000000000,0.000000000,1.000000000
1790226893521749864,1790226893,521749864,1790226893523554325,FL_thigh,0.994651480,0.000000000,0.103288109,0.193400000,0.014330623,0.990328256,-0.138002094,0.141076348,-0.102289133,0.138744170,0.985031466,0.013250068,0.000000000,0.000000000,0.000000000,1.000000000
1790226893521749864,1790226893,521749864,1790226893523554325,FL_calf,0.103743844,-0.000000000,-0.994604049,0.171399633,-0.137995513,0.990328256,-0.014393854,0.170470795,0.984984494,0.138744170,0.102740460,-0.196561634,0.000000000,0.000000000,0.000000000,1.000000000
1790226893521749864,1790226893,521749864,1790226893523554325,FL_calflower,0.153323676,0.000000000,-0.988176022,0.320675909,-0.137103662,0.990328256,-0.021272766,0.169841175,0.978618637,0.138744170,0.151840768,-0.192067532,0.000000000,0.000000000,0.000000000,1.000000000
1790226893521749864,1790226893,521749864,1790226893523554325,FL_calflower1,0.592316431,0.000000000,-0.805705434,0.358669713,-0.111786932,0.990328256,-0.082180452,0.172063122,0.797912857,0.138744170,0.586587698,-0.207927349,0.000000000,0.000000000,0.000000000,1.000000000
1790226893521749864,1790226893,521749864,1790226893523554325,FL_foot,0.103743844,-0.000000000,-0.994604049,0.383250295,-0.137995513,0.990328256,-0.014393854,0.173536685,0.984984494,0.138744170,0.102740460,-0.218445352,0.000000000,0.000000000,0.000000000,1.000000000
1790226893521749864,1790226893,521749864,1790226893523554325,FR_hip,1.000000000,-0.000000000,0.000000000,0.193400000,0.000000000,0.998490016,0.054933479,-0.046500000,-0.000000000,-0.054933479,0.998490016,0.000000000,0.000000000,0.000000000,0.000000000,1.000000000
1790226893521749864,1790226893,521749864,1790226893523554325,FR_thigh,0.995628172,0.000000000,0.093405266,0.193400000,-0.005131076,0.998490016,0.054693319,-0.141855797,-0.093264226,-0.054933479,0.994124789,0.005246147,0.000000000,0.000000000,0.000000000,1.000000000
1790226893521749864,1790226893,521749864,1790226893523554325,FR_calf,0.295256350,-0.000000000,-0.955418069,0.173504678,0.052484438,0.998490016,0.016219458,-0.153505474,0.953975404,-0.054933479,0.294810518,-0.206502433,0.000000000,0.000000000,0.000000000,1.000000000
1790226893521749864,1790226893,521749864,1790226893523554325,FR_calflower,0.342638358,0.000000000,-0.939467379,0.320811680,0.051608211,0.998490016,0.018822317,-0.154856265,0.938048798,-0.054933479,0.342120980,-0.231054882,0.000000000,0.000000000,0.000000000,1.000000000
1790226893521749864,1790226893,521749864,1790226893523554325,FR_calflower1,0.737744956,0.000000000,-0.675079536,0.354963991,0.037084467,0.998490016,0.040526897,-0.156125239,0.674060177,-0.054933479,0.736630973,-0.254120209,0.000000000,0.000000000,0.000000000,1.000000000
1790226893521749864,1790226893,521749864,1790226893523554325,FR_foot,0.295256350,-0.000000000,-0.955418069,0.377008727,0.052484438,0.998490016,0.016219458,-0.156960218,0.953975404,-0.054933479,0.294810518,-0.269297073,0.000000000,0.000000000,0.000000000,1.000000000
1790226893521749864,1790226893,521749864,1790226893523554325,RL_hip,1.000000000,0.000000000,0.000000000,-0.193400000,0.000000000,0.988108996,-0.153755040,0.046500000,0.000000000,0.153755040,0.988108996,0.000000000,0.000000000,0.000000000,0.000000000,1.000000000
1790226893521749864,1790226893,521749864,1790226893523554325,RL_thigh,0.030292482,-0.000000000,0.999541077,-0.193400000,0.153684478,0.988108996,-0.004657622,0.140864409,-0.987655530,0.153755040,0.029932274,0.014683606,0.000000000,0.000000000,0.000000000,1.000000000
1790226893521749864,1790226893,521749864,1790226893523554325,RL_calf,0.981984902,-0.000000000,0.188959391,-0.406302250,0.029053459,0.988108996,-0.150985128,0.141856483,-0.186712474,0.153755040,0.970308116,0.008308032,0.000000000,0.000000000,0.000000000,1.000000000
1790226893521749864,1790226893,521749864,1790226893523554325,RL_calflower,0.971313644,0.000000000,0.237802031,-0.414628541,0.036563261,0.988108996,-0.149344368,0.164783351,-0.234974326,0.153755040,0.959763749,-0.139031819,0.000000000,0.000000000,0.000000000,1.000000000
1790226893521749864,1790226893,521749864,1790226893523554325,RL_calflower1,0.751738245,0.000000000,0.659461607,-0.433853759,0.101395546,0.988108996,-0.115583544,0.170391493,-0.651619947,0.153755040,0.742799322,-0.175072625,0.000000000,0.000000000,0.000000000,1.000000000
1790226893521749864,1790226893,521749864,1790226893523554325,RL_foot,0.981984902,-0.000000000,0.188959391,-0.446550600,0.029053459,0.988108996,-0.150985128,0.174016315,-0.186712474,0.153755040,0.970308116,-0.198367597,0.000000000,0.000000000,0.000000000,1.000000000
1790226893521749864,1790226893,521749864,1790226893523554325,RR_hip,1.000000000,-0.000000000,0.000000000,-0.193400000,0.000000000,0.983672986,0.179965156,-0.046500000,-0.000000000,-0.179965156,0.983672986,0.000000000,0.000000000,0.000000000,0.000000000,1.000000000
1790226893521749864,1790226893,521749864,1790226893523554325,RR_thigh,0.646765851,0.000000000,0.762688622,-0.193400000,-0.137257377,0.983672986,0.116395317,-0.140440770,-0.750236194,-0.179965156,0.636206096,0.017186672,0.000000000,0.000000000,0.000000000,1.000000000
1790226893521749864,1790226893,521749864,1790226893523554325,RR_calf,0.957888359,0.000000000,-0.287140890,-0.355852676,0.051675355,0.983672986,0.172386528,-0.165232973,0.282452737,-0.179965156,0.942248902,-0.118325226,0.000000000,0.000000000,0.000000000,1.000000000
1790226893521749864,1790226893,521749864,1790226893523554325,RR_calflower,0.971042312,0.000000000,-0.238907575,-0.294198057,0.042995039,0.983672986,0.174753781,-0.189712672,0.235006927,-0.179965156,0.955188090,-0.252129009,0.000000000,0.000000000,0.000000000,1.000000000
1790226893521749864,1790226893,521749864,1790226893523554325,RR_calflower1,0.971632143,-0.000000000,0.236497312,-0.294352178,-0.042561276,0.983672986,0.174859930,-0.197132773,-0.232636017,-0.179965156,0.955768291,-0.292686602,0.000000000,0.000000000,0.000000000,1.000000000
1790226893521749864,1790226893,521749864,1790226893523554325,RR_foot,0.957888359,0.000000000,-0.287140890,-0.294691667,0.051675355,0.983672986,0.172386528,-0.201951303,0.282452737,-0.179965156,0.942248902,-0.319024242,0.000000000,0.000000000,0.000000000,1.000000000
1790226893588152431,1790226893,588152431,1790226893590365544,FL_hip,1.000000000,0.000000000,0.000000000,0.193400000,0.000000000,0.981195079,-0.193018693,0.046500000,0.000000000,0.193018693,0.981195079,0.000000000,0.000000000,0.000000000,0.000000000,1.000000000
1790226893588152431,1790226893,588152431,1790226893590365544,FL_thigh,0.997982128,-0.000000000,-0.063495451,0.193400000,-0.012255809,0.981195079,-0.192629206,0.140204130,0.062301424,0.193018693,0.979215153,0.018433285,0.000000000,0.000000000,0.000000000,1.000000000
1790226893588152431,1790226893,588152431,1790226893590365544,FL_calf,0.044514203,0.000000000,-0.999008752,0.206924531,-0.192827364,0.981195079,-0.008592073,0.181234151,0.980222471,0.193018693,0.043677117,-0.190139542,0.000000000,0.000000000,0.000000000,1.000000000
1790226893588152431,1790226893,588152431,1790226893590365544,FL_calflower,0.094388200,-0.000000000,-0.995535468,0.355668110,-0.192156955,0.981195079,-0.018218687,0.178649231,0.976814502,0.193018693,0.092613237,-0.176999306,0.000000000,0.000000000,0.000000000,1.000000000
1790226893588152431,1790226893,588152431,1790226893590365544,FL_calflower1,0.543439402,-0.000000000,-0.839448400,0.394545647,-0.162029233,0.981195079,-0.104893963,0.181299548,0.823662640,0.193018693,0.533220067,-0.190471981,0.000000000,0.000000000,0.000000000,1.000000000
1790226893588152431,1790226893,588152431,1790226893590365544,FL_foot,0.044514203,0.000000000,-0.999008752,0.419713395,-0.192827364,0.981195079,-0.008592073,0.183064263,0.980222471,0.193018693,0.043677117,-0.199442768,0.000000000,0.000000000,0.000000000,1.000000000
1790226893588152431,1790226893,588152431,1790226893590365544,FR_hip,1.000000000,-0.000000000,0.000000000,0.193400000,0.000000000,0.962576308,0.271010796,-0.046500000,-0.000000000,-0.271010796,0.962576308,0.000000000,0.000000000,0.000000000,0.000000000,1.000000000
1790226893588152431,1790226893,588152431,1790226893590365544,FR_thigh,0.999178947,-0.000000000,0.040514583,0.193400000,-0.010979889,0.962576308,0.270788282,-0.138426037,-0.038998378,-0.271010796,0.961785982,0.025881531,0.000000000,0.000000000,0.000000000,1.000000000
1790226893588152431,1790226893,588152431,1790226893590365544,FR_calf,-0.443000565,0.000000000,-0.896521332,0.184770394,0.242966960,0.962576308,-0.120057936,-0.196103941,0.862970194,-0.271010796,-0.426421849,-0.178978883,0.000000000,0.000000000,0.000000000,1.000000000
1790226893588152431,1790226893,588152431,1790226893590365544,FR_calflower,-0.397639539,-0.000000000,-0.917541714,0.308595540,0.248663710,0.962576308,-0.107764608,-0.173476028,0.883203916,-0.271010796,-0.382758399,-0.098609046,0.000000000,0.000000000,0.000000000,1.000000000
1790226893588152431,1790226893,588152431,1790226893590365544,FR_calflower1,0.070997404,0.000000000,-0.997476500,0.349273604,0.270326900,0.962576308,0.019241063,-0.171652080,0.960147247,-0.271010796,0.068340419,-0.092130749,0.000000000,0.000000000,0.000000000,1.000000000
1790226893588152431,1790226893,588152431,1790226893590365544,FR_foot,-0.443000565,0.000000000,-0.896521332,0.375729438,0.242966960,0.962576308,-0.120057936,-0.170531601,0.862970194,-0.271010796,-0.426421849,-0.088151029,0.000000000,0.000000000,0.000000000,1.000000000
1790226893588152431,1790226893,588152431,1790226893590365544,RL_hip,1.000000000,0.000000000,0.000000000,-0.193400000,0.000000000,0.978310409,-0.207144260,0.046500000,0.000000000,0.207144260,0.978310409,0.000000000,0.000000000,0.000000000,0.000000000,1.000000000
1790226893588152431,1790226893,588152431,1790226893590365544,RL_thigh,-0.158328981,0.000000000,0.987386416,-0.193400000,0.204531428,0.978310409,0.032796940,0.139928644,-0.965970408,0.207144260,-0.154894890,0.019782277,0.000000000,0.000000000,0.000000000,1.000000000
1790226893588152431,1790226893,588152431,1790226893590365544,RL_calf,0.998056725,-0.000000000,0.062311905,-0.403713307,0.012907553,0.978310409,-0.206741722,0.132942896,-0.060960385,0.207144260,0.976409283,0.052774888,0.000000000,0.000000000,0.000000000,1.000000000
1790226893588152431,1790226893,588152431,1790226893590365544,RL_calflower,0.993695117,-0.000000000,0.112116078,-0.392974334,0.023224202,0.978310409,-0.205838239,0.163798822,-0.109684326,0.207144260,0.972142276,-0.092952893,0.000000000,0.000000000,0.000000000,1.000000000
1790226893588152431,1790226893,588152431,1790226893590365544,RL_calflower1,0.829629654,0.000000000,0.558314103,-0.407395928,0.115651562,0.978310409,-0.171853021,0.171800109,-0.546204499,0.207144260,0.811635325,-0.130741741,0.000000000,0.000000000,0.000000000,1.000000000
1790226893588152431,1790226893,588152431,1790226893590365544,RL_foot,0.998056725,-0.000000000,0.062311905,-0.416985742,0.012907553,0.978310409,-0.206741722,0.176978883,-0.060960385,0.207144260,0.976409283,-0.155200289,0.000000000,0.000000000,0.000000000,1.000000000
1790226893588152431,1790226893,588152431,1790226893590365544,RR_hip,1.000000000,-0.000000000,0.000000000,-0.193400000,0.000000000,0.976178780,0.216967717,-0.046500000,-0.000000000,-0.216967717,0.976178780,0.000000000,0.000000000,0.000000000,0.000000000,1.000000000
1790226893588152431,1790226893,588152431,1790226893590365544,RR_thigh,0.516176638,0.000000000,0.856482153,-0.193400000,-0.185828978,0.976178780,0.111993667,-0.139725073,-0.836079703,-0.216967717,0.503880681,0.020720417,0.000000000,0.000000000,0.000000000,1.000000000
1790226893588152431,1790226893,588152431,1790226893590365544,RR_calf,0.960711725,0.000000000,-0.277548162,-0.375830699,0.060218991,0.976178780,0.208443430,-0.163579725,0.270936626,-0.216967717,0.937826399,-0.086606168,0.000000000,0.000000000,0.000000000,1.000000000
1790226893588152431,1790226893,588152431,1790226893590365544,RR_calflower,0.973382712,0.000000000,-0.229185725,-0.315539336,0.049725904,0.976178780,0.211192625,-0.193224972,0.223726242,-0.216967717,0.950195547,-0.219985743,0.000000000,0.000000000,0.000000000,1.000000000
1790226893588152431,1790226893,588152431,1790226893590365544,RR_calflower1,0.969218718,0.000000000,0.246201291,-0.316105734,-0.053417732,0.976178780,0.210289173,-0.202169936,-0.240336476,-0.216967717,0.946130746,-0.260230827,0.000000000,0.000000000,0.000000000,1.000000000
1790226893588152431,1790226893,588152431,1790226893590365544,RR_foot,0.960711725,0.000000000,-0.277548162,-0.316712940,0.060218991,0.976178780,0.208443430,-0.207978175,0.270936626,-0.216967717,0.937826399,-0.286363191,0.000000000,0.000000000,0.000000000,1.000000000
1790226893647888566,1790226893,647888566,1790226893656913232,FL_hip,1.000000000,0.000000000,0.000000000,0.193400000,0.000000000,0.993710395,-0.111980580,0.046500000,0.000000000,0.111980580,0.993710395,0.000000000,0.000000000,0.000000000,0.000000000,1.000000000
1790226893647888566,1790226893,647888566,1790226893656913232,FL_thigh,0.994679590,0.000000000,0.103017050,0.193400000,0.011535909,0.993710395,-0.111384798,0.141399343,-0.102369114,0.111980580,0.988423449,0.010694145,0.000000000,0.000000000,0.000000000,1.000000000
1790226893647888566,1790226893,647888566,1790226893656913232,FL_calf,0.206794508,0.000000000,-0.978384399,0.171457368,-0.109560053,0.993710395,-0.023156969,0.165124305,0.972230748,0.111980580,0.205493852,-0.199840049,0.000000000,0.000000000,0.000000000,1.000000000
1790226893647888566,1790226893,647888566,1790226893656913232,FL_calflower,0.255434908,0.000000000,-0.966826255,0.320394149,-0.108265765,0.993710395,-0.028603749,0.166360335,0.960745300,0.111980580,0.253828323,-0.210808524,0.000000000,0.000000000,0.000000000,1.000000000
1790226893647888566,1790226893,647888566,1790226893656913232,FL_calflower1,0.673029697,-0.000000000,-0.739615458,0.356512851,-0.082822568,0.993710395,-0.075366256,0.168587143,0.734963570,0.111980580,0.668796607,-0.230569110,0.000000000,0.000000000,0.000000000,1.000000000
1790226893647888566,1790226893,647888566,1790226893656913232,FL_foot,0.206794508,0.000000000,-0.978384399,0.379853245,-0.109560053,0.993710395,-0.023156969,0.170056739,0.972230748,0.111980580,0.205493852,-0.243610240,0.000000000,0.000000000,0.000000000,1.000000000
1790226893647888566,1790226893,647888566,1790226893656913232,FR_hip,1.000000000,0.000000000,0.000000000,0.193400000,0.000000000,0.995922053,-0.090217869,-0.046500000,0.000000000,0.090217869,0.995922053,0.000000000,0.000000000,0.000000000,0.000000000,1.000000000
1790226893647888566,1790226893,647888566,1790226893656913232,FR_thigh,0.998882551,0.000000000,-0.047261508,0.193400000,-0.004263832,0.995922053,-0.090117055,-0.141610556,0.047068778,0.090217869,0.994809161,-0.008615806,0.000000000,0.000000000,0.000000000,1.000000000
1790226893647888566,1790226893,647888566,1790226893656913232,FR_calf,0.057738794,0.000000000,-0.998331724,0.203466701,-0.090067360,0.995922053,-0.005209071,-0.122415623,0.994260581,0.090217869,0.057503339,-0.220510158,0.000000000,0.000000000,0.000000000,1.000000000
1790226893647888566,1790226893,647888566,1790226893656913232,FR_calflower,0.107562426,-0.000000000,-0.994198333,0.352374572,-0.089694455,0.995922053,-0.009704053,-0.123446028,0.990144045,0.090217869,0.107123792,-0.209135440,0.000000000,0.000000000,0.000000000,1.000000000
1790226893647888566,1790226893,647888566,1790226893656913232,FR_calflower1,0.554507412,0.000000000,-0.832178785,0.391066881,-0.075077396,0.995922053,-0.050026477,-0.122160921,0.828785204,0.090217869,0.552246160,-0.223321832,0.000000000,0.000000000,0.000000000,1.000000000
1790226893647888566,1790226893,647888566,1790226893656913232,FR_foot,0.057738794,0.000000000,-0.998331724,0.416111358,-0.090067360,0.995922053,-0.005209071,-0.121306091,0.994260581,0.090217869,0.057503339,-0.232758369,0.000000000,0.000000000,0.000000000,1.000000000
1790226893647888566,1790226893,647888566,1790226893656913232,RL_hip,1.000000000,0.000000000,0.000000000,-0.193400000,0.000000000,0.993425259,-0.114482554,0.046500000,0.000000000,0.114482554,0.993425259,0.000000000,0.000000000,0.000000000,0.000000000,1.000000000
1790226893647888566,1790226893,647888566,1790226893656913232,RL_thigh,0.468702010,-0.000000000,0.883356341,-0.193400000,0.101128890,0.993425259,-0.053658203,0.141372112,-0.877548502,0.114482554,0.465620416,0.010933084,0.000000000,0.000000000,0.000000000,1.000000000
1790226893647888566,1790226893,647888566,1790226893656913232,RL_calf,0.883763306,0.000000000,-0.467934204,-0.381554901,-0.053570303,0.993425259,-0.101175480,0.152801309,0.464857657,0.114482554,0.877952791,-0.088244065,0.000000000,0.000000000,0.000000000,1.000000000
1790226893647888566,1790226893,647888566,1790226893656913232,RL_calflower,0.906045795,-0.000000000,-0.423179652,-0.294625372,-0.048446687,0.993425259,-0.103726436,0.166703874,0.420397355,0.114482554,0.900088778,-0.208883925,0.000000000,0.000000000,0.000000000,1.000000000
1790226893647888566,1790226893,647888566,1790226893656913232,RL_calflower1,0.999073571,0.000000000,0.043034877,-0.286758644,0.004926743,0.993425259,-0.114376494,0.171337399,-0.042751934,0.114482554,0.992504920,-0.249091449,0.000000000,0.000000000,0.000000000,1.000000000
1790226893647888566,1790226893,647888566,1790226893656913232,RL_foot,0.883763306,0.000000000,-0.467934204,-0.281884915,-0.053570303,0.993425259,-0.101175480,0.174351687,0.464857657,0.114482554,0.877952791,-0.275248009,0.000000000,0.000000000,0.000000000,1.000000000
1790226893647888566,1790226893,647888566,1790226893656913232,RR_hip,1.000000000,0.000000000,0.000000000,-0.193400000,0.000000000,0.986423325,-0.164222484,-0.046500000,0.000000000,0.164222484,0.986423325,0.000000000,0.000000000,0.000000000,0.000000000,1.000000000
1790226893647888566,1790226893,647888566,1790226893656913232,RR_thigh,0.617325072,0.000000000,0.786708177,-0.193400000,0.129195171,0.986423325,-0.101378657,-0.140703428,-0.776027295,0.164222484,0.608943850,-0.015683247,0.000000000,0.000000000,0.000000000,1.000000000
1790226893647888566,1790226893,647888566,1790226893656913232,RR_calf,0.846950929,-0.000000000,-0.531671068,-0.360968842,-0.087312343,0.986423325,-0.139088385,-0.119109774,0.524452742,0.164222484,0.835452151,-0.145388287,0.000000000,0.000000000,0.000000000,1.000000000
1790226893647888566,1790226893,647888566,1790226893656913232,RR_calflower,0.872464939,0.000000000,-0.488676713,-0.265342505,-0.080251704,0.986423325,-0.143278360,-0.100270939,0.482042108,0.164222484,0.860619766,-0.258546151,0.000000000,0.000000000,0.000000000,1.000000000
1790226893647888566,1790226893,647888566,1790226893656913232,RR_calflower1,0.999532701,-0.000000000,-0.030567623,-0.254520086,-0.005019891,0.986423325,-0.164145743,-0.093737288,0.030152617,0.164222484,0.985962370,-0.297791363,0.000000000,0.000000000,0.000000000,1.000000000
1790226893647888566,1790226893,647888566,1790226893656913232,RR_foot,0.846950929,-0.000000000,-0.531671068,-0.247722904,-0.087312343,0.986423325,-0.139088385,-0.089483947,0.524452742,0.164222484,0.835452151,-0.323339595,0.000000000,0.000000000,0.000000000,1.000000000
1790226893713906885,1790226893,713906885,1790226893723622393,FL_hip,1.000000000,0.000000000,0.000000000,0.193400000,0.000000000,0.979645218,-0.200736762,0.046500000,0.000000000,0.200736762,0.979645218,0.000000000,0.000000000,0.000000000,0.000000000,1.000000000
1790226893713906885,1790226893,713906885,1790226893723622393,FL_thigh,0.954282407,0.000000000,0.298906488,0.193400000,0.060001520,0.979645218,-0.191559560,0.140056118,-0.292822311,0.200736762,0.934858196,0.019170361,0.000000000,0.000000000,0.000000000,1.000000000
1790226893713906885,1790226893,713906885,1790226893723622393,FL_calf,0.174083631,0.000000000,-0.984730872,0.129732918,-0.197671686,0.979645218,-0.034944984,0.180858305,0.964686889,0.200736762,0.170540196,-0.179954435,0.000000000,0.000000000,0.000000000,1.000000000
1790226893713906885,1790226893,713906885,1790226893723622393,FL_calflower,0.223082102,0.000000000,-0.974799659,0.278954760,-0.195678127,0.979645218,-0.044780779,0.182076729,0.954957824,0.200736762,0.218541315,-0.185900646,0.000000000,0.000000000,0.000000000,1.000000000
1790226893713906885,1790226893,713906885,1790226893723622393,FL_calflower1,0.648014875,0.000000000,-0.761627679,0.315715925,-0.152886674,0.979645218,-0.130080408,0.185824741,0.746124913,0.200736762,0.634824673,-0.204191877,0.000000000,0.000000000,0.000000000,1.000000000
1790226893713906885,1790226893,713906885,1790226893723622393,FL_foot,0.174083631,0.000000000,-0.984730872,0.339480594,-0.197671686,0.979645218,-0.034944984,0.188301586,0.964686889,0.200736762,0.170540196,-0.216279497,0.000000000,0.000000000,0.000000000,1.000000000
1790226893713906885,1790226893,713906885,1790226893723622393,FR_hip,1.000000000,0.000000000,0.000000000,0.193400000,0.000000000,0.998455711,-0.055553521,-0.046500000,0.000000000,0.055553521,0.998455711,0.000000000,0.000000000,0.000000000,0.000000000,1.000000000
1790226893713906885,1790226893,713906885,1790226893723622393,FR_thigh,0.987120808,0.000000000,0.159976595,0.193400000,0.008887263,0.998455711,-0.054838037,-0.141852520,-0.159729545,0.055553521,0.985596408,-0.005305361,0.000000000,0.000000000,0.000000000,1.000000000
1790226893713906885,1790226893,713906885,1790226893723622393,FR_calf,0.338258027,0.000000000,-0.941053403,0.159324985,-0.052278830,0.998455711,-0.018791425,-0.130172019,0.939600144,0.055553521,0.337735659,-0.215237396,0.000000000,0.000000000,0.000000000,1.000000000
1790226893713906885,1790226893,713906885,1790226893723622393,FR_calflower,0.384868360,-0.000000000,-0.922971476,0.305366049,-0.051274316,0.998455711,-0.021380793,-0.128436464,0.921546141,0.055553521,0.384274012,-0.246430271,0.000000000,0.000000000,0.000000000,1.000000000
1790226893713906885,1790226893,713906885,1790226893723622393,FR_calflower1,0.767585289,0.000000000,-0.640946819,0.338436225,-0.035606853,0.998455711,-0.042642066,-0.127068489,0.639957012,0.055553521,0.766399915,-0.271016693,0.000000000,0.000000000,0.000000000,1.000000000
1790226893713906885,1790226893,713906885,1790226893723622393,FR_foot,0.338258027,0.000000000,-0.941053403,0.359769360,-0.052278830,0.998455711,-0.018791425,-0.126169445,0.939600144,0.055553521,0.337735659,-0.287175092,0.000000000,0.000000000,0.000000000,1.000000000
1790226893713906885,1790226893,713906885,1790226893723622393,RL_hip,1.000000000,-0.000000000,0.000000000,-0.193400000,0.000000000,0.999629089,0.027233869,0.046500000,-0.000000000,-0.027233869,0.999629089,0.000000000,0.000000000,0.000000000,0.000000000,1.000000000
1790226893713906885,1790226893,713906885,1790226893723622393,RL_thigh,0.599084565,-0.000000000,0.800685758,-0.193400000,-0.021805771,0.999629089,0.016315391,0.141964578,-0.800388776,-0.027233869,0.598862358,-0.002600834,0.000000000,0.000000000,0.000000000,1.000000000
1790226893713906885,1790226893,713906885,1790226893723622393,RL_calf,0.955990843,0.000000000,-0.293396503,-0.363946067,0.007990322,0.999629089,0.026035329,0.138489400,0.293287679,-0.027233869,0.955636256,-0.130158517,0.000000000,0.000000000,0.000000000,1.000000000
1790226893713906885,1790226893,713906885,1790226893723622393,RL_calflower,0.969459817,0.000000000,-0.245250206,-0.301403567,0.006679112,0.999629089,0.026402142,0.134795978,0.245159240,-0.027233869,0.969100234,-0.265726929,0.000000000,0.000000000,0.000000000,1.000000000
1790226893713906885,1790226893,713906885,1790226893723622393,RL_calflower1,0.973157373,0.000000000,0.230140668,-0.301288157,-0.006267621,0.999629089,0.026502840,0.133673101,-0.230055306,-0.027233869,0.972796419,-0.306942531,0.000000000,0.000000000,0.000000000,1.000000000
1790226893713906885,1790226893,713906885,1790226893723622393,RL_foot,0.955990843,0.000000000,-0.293396503,-0.301452611,0.007990322,0.999629089,0.026035329,0.132943875,0.293287679,-0.027233869,0.955636256,-0.333709039,0.000000000,0.000000000,0.000000000,1.000000000
1790226893713906885,1790226893,713906885,1790226893723622393,RR_hip,1.000000000,0.000000000,0.000000000,-0.193400000,0.000000000,0.999405845,-0.034466763,-0.046500000,0.000000000,0.034466763,0.999405845,0.000000000,0.000000000,0.000000000,0.000000000,1.000000000
1790226893713906885,1790226893,713906885,1790226893723622393,RR_thigh,0.711219833,-0.000000000,0.702969665,-0.193400000,0.024229089,0.999405845,-0.024513445,-0.141943258,-0.702551992,0.034466763,0.710797258,-0.003291576,0.000000000,0.000000000,0.000000000,1.000000000
1790226893713906885,1790226893,713906885,1790226893723622393,RR_calf,0.831620054,0.000000000,-0.555345016,-0.343132539,-0.019140945,0.999405845,-0.028663251,-0.136721894,0.555015055,0.034466763,0.831125942,-0.154691392,0.000000000,0.000000000,0.000000000,1.000000000
1790226893713906885,1790226893,713906885,1790226893723622393,RR_calflower,0.858336428,-0.000000000,-0.513087300,-0.244309075,-0.017684458,0.999405845,-0.029584078,-0.132862552,0.512782446,0.034466763,0.857826442,-0.266597730,0.000000000,0.000000000,0.000000000,1.000000000
1790226893713906885,1790226893,713906885,1790226893723622393,RR_calflower1,0.998273084,0.000000000,-0.058743942,-0.232368947,-0.002024714,0.999405845,-0.034407242,-0.131502344,0.058709039,0.034466763,0.997679954,-0.306038612,0.000000000,0.000000000,0.000000000,1.000000000
1790226893713906885,1790226893,713906885,1790226893723622393,RR_foot,0.831620054,0.000000000,-0.555345016,-0.224844050,-0.019140945,0.999405845,-0.028663251,-0.130616622,0.555015055,0.034466763,0.831125942,-0.331721217,0.000000000,0.000000000,0.000000000,1.000000000
1790226893855278161,1790226893,855278161,1790226893857060152,FL_hip,1.000000000,-0.000000000,0.000000000,0.193400000,0.000000000,0.998870743,0.047510416,0.046500000,-0.000000000,-0.047510416,0.998870743,0.000000000,0.000000000,0.000000000,0.000000000,1.000000000
1790226893855278161,1790226893,855278161,1790226893857060152,FL_thigh,0.747468061,0.000000000,0.664297747,0.193400000,-0.031561062,0.998870743,0.035512519,0.141892156,-0.663547584,-0.047510416,0.746623977,-0.004537245,0.000000000,0.000000000,0.000000000,1.000000000
1790226893855278161,1790226893,855278161,1790226893857060152,FL_calf,0.686429951,0.000000000,-0.727195931,0.051904580,0.034549381,0.998870743,0.032612573,0.134327989,0.726374740,-0.047510416,0.685654795,-0.163568152,0.000000000,0.000000000,0.000000000,1.000000000
1790226893855278161,1790226893,855278161,1790226893857060152,FL_calflower,0.721916741,-0.000000000,-0.691979927,0.173258177,0.032876254,0.998870743,0.034298565,0.130192316,0.691198503,-0.047510416,0.721101511,-0.250517567,0.000000000,0.000000000,0.000000000,1.000000000
1790226893855278161,1790226893,855278161,1790226893857060152,FL_calflower1,0.959878404,0.000000000,-0.280416564,0.193718206,0.013322708,0.998870743,0.045604222,0.128491611,0.280099902,-0.047510416,0.958794454,-0.286273612,0.000000000,0.000000000,0.000000000,1.000000000
1790226893855278161,1790226893,855278161,1790226893857060152,FL_foot,0.686429951,0.000000000,-0.727195931,0.206797313,0.034549381,0.998870743,0.032612573,0.127381512,0.726374740,-0.047510416,0.685654795,-0.309612623,0.000000000,0.000000000,0.000000000,1.000000000
1790226893855278161,1790226893,855278161,1790226893857060152,FR_hip,1.000000000,0.000000000,0.000000000,0.193400000,0.000000000,0.969990671,-0.243142136,-0.046500000,0.000000000,0.243142136,0.969990671,0.000000000,0.000000000,0.000000000,0.000000000,1.000000000
1790226893855278161,1790226893,855278161,1790226893857060152,FR_thigh,0.956287680,0.000000000,0.292427553,0.193400000,0.071101460,0.969990671,-0.232513829,-0.139134109,-0.283651999,0.243142136,0.927590128,-0.023220074,0.000000000,0.000000000,0.000000000,1.000000000
1790226893855278161,1790226893,855278161,1790226893857060152,FR_calf,0.544229590,-0.000000000,-0.838936323,0.131112931,-0.203980769,0.969990671,-0.132325145,-0.089608663,0.813760407,0.243142136,0.527897625,-0.220796771,0.000000000,0.000000000,0.000000000,1.000000000
1790226893855278161,1790226893,855278161,1790226893857060152,FR_calflower,0.585478785,-0.000000000,-0.810687728,0.266160099,-0.197112346,0.969990671,-0.142354562,-0.074104157,0.786359533,0.243142136,0.567908959,-0.282650412,0.000000000,0.000000000,0.000000000,1.000000000
1790226893855278161,1790226893,855278161,1790226893857060152,FR_calflower1,0.893675420,-0.000000000,-0.448713988,0.292732820,-0.109101278,0.969990671,-0.217290151,-0.066438851,0.435248382,0.243142136,0.866856821,-0.313230365,0.000000000,0.000000000,0.000000000,1.000000000
1790226893855278161,1790226893,855278161,1790226893857060152,FR_foot,0.544229590,-0.000000000,-0.838936323,0.309806368,-0.203980769,0.969990671,-0.132325145,-0.061423408,0.813760407,0.243142136,0.527897625,-0.333238965,0.000000000,0.000000000,0.000000000,1.000000000
1790226893855278161,1790226893,855278161,1790226893857060152,RL_hip,1.000000000,0.000000000,0.000000000,-0.193400000,0.000000000,0.999980281,-0.006279964,0.046500000,0.000000000,0.006279964,0.999980281,0.000000000,0.000000000,0.000000000,0.000000000,1.000000000
1790226893855278161,1790226893,855278161,1790226893857060152,RL_thigh,0.673394790,0.000000000,0.739283069,-0.193400000,0.004642671,0.999980281,-0.004228895,0.141998117,-0.739268491,0.006279964,0.673381512,0.000599737,0.000000000,0.000000000,0.000000000,1.000000000
1790226893855278161,1790226893,855278161,1790226893857060152,RL_calf,0.790952659,-0.000000000,-0.611877349,-0.350867294,-0.003842568,0.999980281,-0.004967154,0.142898871,0.611865284,0.006279964,0.790937063,-0.142830525,0.000000000,0.000000000,0.000000000,1.000000000
1790226893855278161,1790226893,855278161,1790226893857060152,RL_calflower,0.820545296,-0.000000000,-0.571581505,-0.244490393,-0.003589511,0.999980281,-0.005152995,0.143557159,0.571570234,0.006279964,0.820529116,-0.247651905,0.000000000,0.000000000,0.000000000,1.000000000
1790226893855278161,1790226893,855278161,1790226893857060152,RL_calflower1,0.991763948,-0.000000000,-0.128079163,-0.229832586,-0.000804332,0.999980281,-0.006228242,0.143799174,0.128076637,0.006279964,0.991744391,-0.286188772,0.000000000,0.000000000,0.000000000,1.000000000
1790226893855278161,1790226893,855278161,1790226893857060152,RL_foot,0.790952659,-0.000000000,-0.611877349,-0.220537418,-0.003842568,0.999980281,-0.004967154,0.143956875,0.611865284,0.006279964,0.790937063,-0.311300120,0.000000000,0.000000000,0.000000000,1.000000000
1790226893855278161,1790226893,855278161,1790226893857060152,RR_hip,1.000000000,-0.000000000,0.000000000,-0.193400000,0.000000000,0.997791570,0.066422756,-0.046500000,-0.000000000,-0.066422756,0.997791570,0.000000000,0.000000000,0.000000000,0.000000000,1.000000000
1790226893855278161,1790226893,855278161,1790226893857060152,RR_thigh,0.653506365,0.000000000,0.756921021,-0.193400000,-0.050276780,0.997791570,0.043407694,-0.141789095,-0.755249414,-0.066422756,0.652063142,0.006343373,0.000000000,0.000000000,0.000000000,1.000000000
1790226893855278161,1790226893,855278161,1790226893857060152,RR_calf,0.855276463,0.000000000,-0.518171951,-0.354624177,0.034418409,0.997791570,0.056809820,-0.151034934,0.517027605,-0.066422756,0.853387645,-0.132546076,0.000000000,0.000000000,0.000000000,1.000000000
1790226893855278161,1790226893,855278161,1790226893857060152,RR_calflower,0.880105394,0.000000000,-0.474778364,-0.260829199,0.031536087,0.997791570,0.058459026,-0.158754419,0.473729849,-0.066422756,0.878161743,-0.248506895,0.000000000,0.000000000,0.000000000,1.000000000
1790226893855278161,1790226893,855278161,1790226893857060152,RR_calflower1,0.999891778,0.000000000,-0.014711655,-0.250639119,0.000977189,0.997791570,0.066415568,-0.161408141,0.014679165,-0.066422756,0.997683587,-0.288370664,0.000000000,0.000000000,0.000000000,1.000000000
1790226893855278161,1790226893,855278161,1790226893857060152,RR_foot,0.855276463,0.000000000,-0.518171951,-0.244253552,0.034418409,0.997791570,0.056809820,-0.163135425,0.517027605,-0.066422756,0.853387645,-0.314317644,0.000000000,0.000000000,0.000000000,1.000000000
1790226893921253932,1790226893,921253932,1790226893923844928,FL_hip,1.000000000,-0.000000000,0.000000000,0.193400000,0.000000000,0.987124293,0.159955090,0.046500000,-0.000000000,-0.159955090,0.987124293,0.000000000,0.000000000,0.000000000,0.000000000,1.000000000
1790226893921253932,1790226893,921253932,1790226893923844928,FL_thigh,0.799471943,0.000000000,0.600703432,0.193400000,-0.096085572,0.987124293,0.127879607,0.140770370,-0.592968950,-0.159955090,0.789178176,-0.015275711,0.000000000,0.000000000,0.000000000,1.000000000
1790226893921253932,1790226893,921253932,1790226893923844928,FL_calf,0.417976191,-0.000000000,-0.908457981,0.065450169,0.145312478,0.987124293,0.066857419,0.113532014,0.896760942,-0.159955090,0.412594452,-0.183370663,0.000000000,0.000000000,0.000000000,1.000000000
1790226893921253932,1790226893,921253932,1790226893923844928,FL_calflower,0.462857805,-0.000000000,-0.886432542,0.208261474,0.141789397,0.987124293,0.074036462,0.106543365,0.875019096,-0.159955090,0.456898183,-0.226499423,0.000000000,0.000000000,0.000000000,1.000000000
1790226893921253932,1790226893,921253932,1790226893923844928,FL_calflower1,0.819888612,-0.000000000,-0.572523069,0.239090198,0.091577979,0.987124293,0.131145357,0.102164013,0.565151430,-0.159955090,0.809331966,-0.253525541,0.000000000,0.000000000,0.000000000,1.000000000
1790226893921253932,1790226893,921253932,1790226893923844928,FL_foot,0.417976191,-0.000000000,-0.908457981,0.258951719,0.145312478,0.987124293,0.066857419,0.099291383,0.896760942,-0.159955090,0.412594452,-0.271253281,0.000000000,0.000000000,0.000000000,1.000000000
1790226893921253932,1790226893,921253932,1790226893923844928,FR_hip,1.000000000,0.000000000,0.000000000,0.193400000,0.000000000,0.984494292,-0.175416613,-0.046500000,0.000000000,0.175416613,0.984494292,0.000000000,0.000000000,0.000000000,0.000000000,1.000000000
1790226893921253932,1790226893,921253932,1790226893923844928,FR_thigh,0.955585477,0.000000000,0.294714092,0.193400000,0.051697748,0.984494292,-0.167625568,-0.140519205,-0.290144341,0.175416613,0.940768448,-0.016752287,0.000000000,0.000000000,0.000000000,1.000000000
1790226893921253932,1790226893,921253932,1790226893923844928,FR_calf,0.485913438,0.000000000,-0.874006940,0.130625898,-0.153315338,0.984494292,-0.085237290,-0.104814959,0.860454844,0.175416613,0.478379006,-0.217135966,0.000000000,0.000000000,0.000000000,1.000000000
1790226893921253932,1790226893,921253932,1790226893923844928,FR_calflower,0.528988313,0.000000000,-0.848629109,0.269697194,-0.148863644,0.984494292,-0.092793338,-0.095266147,0.835470514,0.175416613,0.520785975,-0.270726962,0.000000000,0.000000000,0.000000000,1.000000000
1790226893921253932,1790226893,921253932,1790226893923844928,FR_calflower1,0.861089198,-0.000000000,-0.508453924,0.298352476,-0.089191265,0.984494292,-0.151049351,-0.090065777,0.500569986,0.175416613,0.847737401,-0.299913106,0.000000000,0.000000000,0.000000000,1.000000000
1790226893921253932,1790226893,921253932,1790226893923844928,FR_foot,0.485913438,0.000000000,-0.874006940,0.316789377,-0.153315338,0.984494292,-0.085237290,-0.086659416,0.860454844,0.175416613,0.478379006,-0.319030694,0.000000000,0.000000000,0.000000000,1.000000000
1790226893921253932,1790226893,921253932,1790226893923844928,RL_hip,1.000000000,-0.000000000,0.000000000,-0.193400000,0.000000000,0.999480562,0.032227419,0.046500000,-0.000000000,-0.032227419,0.999480562,0.000000000,0.000000000,0.000000000,0.000000000,1.000000000
1790226893921253932,1790226893,921253932,1790226893923844928,RL_thigh,0.660422797,0.000000000,0.750893953,-0.193400000,-0.024199374,0.999480562,0.021283722,0.141950394,-0.750503910,-0.032227419,0.660079749,-0.003077718,0.000000000,0.000000000,0.000000000,1.000000000
1790226893921253932,1790226893,921253932,1790226893923844928,RL_calf,0.758542136,-0.000000000,-0.651623993,-0.353340412,0.021000159,0.999480562,0.024445855,0.137416961,0.651285515,-0.032227419,0.758148120,-0.143674705,0.000000000,0.000000000,0.000000000,1.000000000
1790226893921253932,1790226893,921253932,1790226893923844928,RL_calflower,0.790161781,-0.000000000,-0.612898327,-0.241729218,0.019752131,0.999480562,0.025464874,0.134218978,0.612579964,-0.032227419,0.789751341,-0.242854916,0.000000000,0.000000000,0.000000000,1.000000000
1790226893921253932,1790226893,921253932,1790226893923844928,RL_calflower1,0.983893172,-0.000000000,-0.178757448,-0.225114903,0.005760891,0.999480562,0.031708337,0.133002861,0.178664595,-0.032227419,0.983382101,-0.280570770,0.000000000,0.000000000,0.000000000,1.000000000
1790226893921253932,1790226893,921253932,1790226893923844928,RL_foot,0.758542136,-0.000000000,-0.651623993,-0.214544501,0.021000159,0.999480562,0.024445855,0.132209994,0.651285515,-0.032227419,0.758148120,-0.305160254,0.000000000,0.000000000,0.000000000,1.000000000
1790226893921253932,1790226893,921253932,1790226893923844928,RR_hip,1.000000000,-0.000000000,0.000000000,-0.193400000,0.000000000,0.997442960,0.071467063,-0.046500000,-0.000000000,-0.071467063,0.997442960,0.000000000,0.000000000,0.000000000,0.000000000,1.000000000
1790226893921253932,1790226893,921253932,1790226893923844928,RR_thigh,0.677658796,-0.000000000,0.735376472,-0.193400000,-0.052555197,0.997442960,0.048430284,-0.141755803,-0.733496085,-0.071467063,0.675925996,0.006825104,0.000000000,0.000000000,0.000000000,1.000000000
1790226893921253932,1790226893,921253932,1790226893923844928,RR_calf,0.760051545,-0.000000000,-0.649862792,-0.350035189,0.046443785,0.997442960,0.054318652,-0.152071453,0.648201067,-0.071467063,0.758108063,-0.137147133,0.000000000,0.000000000,0.000000000,1.000000000
1790226893921253932,1790226893,921253932,1790226893923844928,RR_calflower,0.791581281,0.000000000,-0.611063888,-0.238654464,0.043670941,0.997442960,0.056571989,-0.159181738,0.609501373,-0.071467063,0.789557176,-0.236383105,0.000000000,0.000000000,0.000000000,1.000000000
1790226893921253932,1790226893,921253932,1790226893923844928,RR_calflower1,0.984305156,0.000000000,-0.176474815,-0.222127722,0.012612137,0.997442960,0.070345398,-0.161881327,0.176023562,-0.071467063,0.981788248,-0.274060405,0.000000000,0.000000000,0.000000000,1.000000000
1790226893921253932,1790226893,921253932,1790226893923844928,RR_foot,0.760051545,-0.000000000,-0.649862792,-0.211614414,0.046443785,0.997442960,0.054318652,-0.163641326,0.648201067,-0.071467063,0.758108063,-0.298624150,0.000000000,0.000000000,0.000000000,1.000000000
1790226893943418173,1790226893,943418173,1790226893957132812,FL_hip,1.000000000,-0.000000000,0.000000000,0.193400000,0.000000000,0.988531892,0.151012244,0.046500000,-0.000000000,-0.151012244,0.988531892,0.000000000,0.000000000,0.000000000,0.000000000,1.000000000
1790226893943418173,1790226893,943418173,1790226893957132812,FL_thigh,0.782977651,0.000000000,0.622049836,0.193400000,-0.093937142,0.988531892,0.118239212,0.140904796,-0.614916101,-0.151012244,0.773998379,-0.014421669,0.000000000,0.000000000,0.000000000,1.000000000
1790226893943418173,1790226893,943418173,1790226893957132812,FL_calf,0.543341305,0.000000000,-0.839511898,0.060903385,0.126776576,0.988531892,0.082051190,0.115719844,0.829884285,-0.151012244,0.537110209,-0.179283324,0.000000000,0.000000000,0.000000000,1.000000000
1790226893943418173,1790226893,943418173,1790226893957132812,FL_calflower,0.584620377,0.000000000,-0.811306979,0.196017972,0.122517288,0.988531892,0.088284835,0.106111799,0.802002823,-0.151012244,0.577915888,-0.242177949,0.000000000,0.000000000,0.000000000,1.000000000
1790226893943418173,1790226893,943418173,1790226893957132812,FL_calflower1,0.893199974,-0.000000000,-0.449659656,0.222624047,0.067904114,0.988531892,0.134884133,0.101355233,0.444502910,-0.151012244,0.882956661,-0.273314613,0.000000000,0.000000000,0.000000000,1.000000000
1790226893943418173,1790226893,943418173,1790226893957132812,FL_foot,0.543341305,0.000000000,-0.839511898,0.239719419,0.126776576,0.988531892,0.082051190,0.098242940,0.829884285,-0.151012244,0.537110209,-0.293687798,0.000000000,0.000000000,0.000000000,1.000000000
1790226893943418173,1790226893,943418173,1790226893957132812,FR_hip,1.000000000,0.000000000,0.000000000,0.193400000,0.000000000,0.980839804,-0.194816014,-0.046500000,0.000000000,0.194816014,0.980839804,0.000000000,0.000000000,0.000000000,0.000000000,1.000000000
1790226893943418173,1790226893,943418173,1790226893957132812,FR_thigh,0.934390126,-0.000000000,0.356251446,0.193400000,0.069403487,0.980839804,-0.182034160,-0.140170201,-0.349425598,0.194816014,0.916487028,-0.018604929,0.000000000,0.000000000,0.000000000,1.000000000
1790226893943418173,1790226893,943418173,1790226893957132812,FR_calf,0.425810586,-0.000000000,-0.904812326,0.117518442,-0.176271931,0.980839804,-0.082954721,-0.101396925,0.887475944,0.194816014,0.417651972,-0.213816666,0.000000000,0.000000000,0.000000000,1.000000000
1790226893943418173,1790226893,943418173,1790226893957132812,FR_calflower,0.470500203,0.000000000,-0.882399886,0.259946878,-0.171905628,0.980839804,-0.091660974,-0.092645065,0.865492931,0.194816014,0.461485326,-0.257879639,0.000000000,0.000000000,0.000000000,1.000000000
1790226893943418173,1790226893,943418173,1790226893957132812,FR_calflower1,0.824805183,-0.000000000,-0.565417023,0.290537871,-0.110152291,0.980839804,-0.160685258,-0.087259570,0.554583522,0.194816014,0.809001754,-0.284993982,0.000000000,0.000000000,0.000000000,1.000000000
1790226893943418173,1790226893,943418173,1790226893957132812,FR_foot,0.425810586,-0.000000000,-0.904812326,0.310243467,-0.176271931,0.980839804,-0.082954721,-0.083727570,0.887475944,0.194816014,0.417651972,-0.302776536,0.000000000,0.000000000,0.000000000,1.000000000
1790226893943418173,1790226893,943418173,1790226893957132812,RL_hip,1.000000000,-0.000000000,0.000000000,-0.193400000,0.000000000,0.999576205,0.029110312,0.046500000,-0.000000000,-0.029110312,0.999576205,0.000000000,0.000000000,0.000000000,0.000000000,1.000000000
1790226893943418173,1790226893,943418173,1790226893957132812,RL_thigh,0.662557255,-0.000000000,0.749011271,-0.193400000,-0.021803952,0.999576205,0.019287249,0.141959528,-0.748693843,-0.029110312,0.662276467,-0.002780035,0.000000000,0.000000000,0.000000000,1.000000000
1790226893943418173,1790226893,943418173,1790226893957132812,RL_calf,0.750015280,-0.000000000,-0.661420501,-0.352939401,0.019254157,0.999576205,0.021833179,0.137851344,0.661140194,-0.029110312,0.749697428,-0.143844922,0.000000000,0.000000000,0.000000000,1.000000000
1790226893943418173,1790226893,943418173,1790226893957132812,RL_calflower,0.782135204,0.000000000,-0.623108757,-0.240048861,0.018138890,0.999576205,0.022768200,0.135005116,0.622844687,-0.029110312,0.781803739,-0.241577338,0.000000000,0.000000000,0.000000000,1.000000000
1790226893943418173,1790226893,943418173,1790226893957132812,RL_calflower1,0.981488603,0.000000000,-0.191520554,-0.222945863,0.005575223,0.999576205,0.028571440,0.133912999,0.191439389,-0.029110312,0.981072653,-0.279077934,0.000000000,0.000000000,0.000000000,1.000000000
1790226893943418173,1790226893,943418173,1790226893957132812,RL_foot,0.750015280,-0.000000000,-0.661420501,-0.212056834,0.019254157,0.999576205,0.021833179,0.133200877,0.661140194,-0.029110312,0.749697428,-0.303530474,0.000000000,0.000000000,0.000000000,1.000000000
1790226893943418173,1790226893,943418173,1790226893957132812,RR_hip,1.000000000,-0.000000000,0.000000000,-0.193400000,0.000000000,0.999042529,0.043749580,-0.046500000,-0.000000000,-0.043749580,0.999042529,0.000000000,0.000000000,0.000000000,0.000000000,1.000000000
1790226893943418173,1790226893,943418173,1790226893957132812,RR_thigh,0.683470994,0.000000000,0.729977671,-0.193400000,-0.031936216,0.999042529,0.029901569,-0.141908561,-0.729278738,-0.043749580,0.682816590,0.004178085,0.000000000,0.000000000,0.000000000,1.000000000
1790226893943418173,1790226893,943418173,1790226893957132812,RR_calf,0.736690047,0.000000000,-0.676230564,-0.348885244,0.029584803,0.999042529,0.032229880,-0.148277596,0.675583092,-0.043749580,0.735984687,-0.141261849,0.000000000,0.000000000,0.000000000,1.000000000
1790226893943418173,1790226893,943418173,1790226893957132812,RR_calflower,0.769566818,0.000000000,-0.638566295,-0.234069320,0.027937007,0.999042529,0.033668225,-0.152455922,0.637954886,-0.043749580,0.768829980,-0.236675921,0.000000000,0.000000000,0.000000000,1.000000000
1790226893943418173,1790226893,943418173,1790226893957132812,RR_calflower1,0.977478477,0.000000000,-0.211035131,-0.216222336,0.009232698,0.999042529,0.042764273,-0.154082021,0.210833071,-0.043749580,0.976542570,-0.273808669,0.000000000,0.000000000,0.000000000,1.000000000
1790226893943418173,1790226893,943418173,1790226893957132812,RR_foot,0.736690047,0.000000000,-0.676230564,-0.204848134,0.029584803,0.999042529,0.032229880,-0.155142560,0.675583092,-0.043749580,0.735984687,-0.298026587,0.000000000,0.000000000,0.000000000,1.000000000
1790226894443369909,1790226894,443369909,1790226894456933914,FL_hip,1.000000000,-0.000000000,0.000000000,0.193400000,0.000000000,0.995401088,0.095794958,0.046500000,-0.000000000,-0.095794958,0.995401088,0.000000000,0.000000000,0.000000000,0.000000000,1.000000000
1790226894443369909,1790226894,443369909,1790226894456933914,FL_thigh,0.761574674,-0.000000000,0.648077169,0.193400000,-0.062082525,0.995401088,0.072955014,0.141560804,-0.645096719,-0.095794958,0.758072259,-0.009148419,0.000000000,0.000000000,0.000000000,1.000000000
1790226894443369909,1790226894,443369909,1790226894456933914,FL_calf,0.629409351,0.000000000,-0.777073914,0.055359563,0.074439763,0.995401088,0.060294243,0.126021386,0.773500220,-0.095794958,0.626514753,-0.170617810,0.000000000,0.000000000,0.000000000,1.000000000
1790226894443369909,1790226894,443369909,1790226894456933914,FL_calflower,0.667460262,-0.000000000,-0.744645418,0.182954689,0.071333277,0.995401088,0.063939328,0.118586633,0.741220859,-0.095794958,0.664390671,-0.247871989,0.000000000,0.000000000,0.000000000,1.000000000
1790226894443369909,1790226894,443369909,1790226894456933914,FL_calflower1,0.935895611,0.000000000,-0.352277455,0.206065904,0.033746404,0.995401088,0.089654081,0.115315727,0.350657362,-0.095794958,0.931591509,-0.281859824,0.000000000,0.000000000,0.000000000,1.000000000
1790226894443369909,1790226894,443369909,1790226894456933914,FL_foot,0.629409351,0.000000000,-0.777073914,0.220876307,0.074439763,0.995401088,0.060294243,0.113178712,0.773500220,-0.095794958,0.626514753,-0.304065452,0.000000000,0.000000000,0.000000000,1.000000000
1790226894443369909,1790226894,443369909,1790226894456933914,FR_hip,1.000000000,0.000000000,0.000000000,0.193400000,0.000000000,0.983265409,-0.182178858,-0.046500000,0.000000000,0.182178858,0.983265409,0.000000000,0.000000000,0.000000000,0.000000000,1.000000000
1790226894443369909,1790226894,443369909,1790226894456933914,FR_thigh,0.856093861,-0.000000000,0.516820377,0.193400000,0.094153746,0.983265409,-0.155962202,-0.140401847,-0.508171599,0.182178858,0.841767480,-0.017398081,0.000000000,0.000000000,0.000000000,1.000000000
1790226894443369909,1790226894,443369909,1790226894456933914,FR_calf,0.524897950,-0.000000000,-0.851165167,0.083317260,-0.155064298,0.983265409,-0.095625309,-0.107181898,0.836921266,0.182178858,0.516113997,-0.196694554,0.000000000,0.000000000,0.000000000,1.000000000
1790226894443369909,1790226894,443369909,1790226894456933914,FR_calflower,0.566782492,0.000000000,-0.823867469,0.219787664,-0.150091234,0.983265409,-0.103255787,-0.096130638,0.810080384,0.182178858,0.557297619,-0.256341000,0.000000000,0.000000000,0.000000000,1.000000000
1790226894443369909,1790226894,443369909,1790226894456933914,FR_calflower1,0.883178033,0.000000000,-0.469037910,0.247074537,-0.085448791,0.983265409,-0.160896365,-0.090499494,0.461188752,0.182178858,0.868398410,-0.286733709,0.000000000,0.000000000,0.000000000,1.000000000
1790226894443369909,1790226894,443369909,1790226894456933914,FR_foot,0.524897950,-0.000000000,-0.851165167,0.264615440,-0.155064298,0.983265409,-0.095625309,-0.086813707,0.836921266,0.182178858,0.516113997,-0.306626836,0.000000000,0.000000000,0.000000000,1.000000000
1790226894443369909,1790226894,443369909,1790226894456933914,RL_hip,1.000000000,0.000000000,0.000000000,-0.193400000,0.000000000,0.999741896,-0.022718740,0.046500000,0.000000000,0.022718740,0.999741896,0.000000000,0.000000000,0.000000000,0.000000000,1.000000000
1790226894443369909,1790226894,443369909,1790226894456933914,RL_thigh,0.691999121,-0.000000000,0.721898343,-0.193400000,0.016400621,0.999741896,-0.015721348,0.141975351,-0.721712018,0.022718740,0.691820513,0.002169640,0.000000000,0.000000000,0.000000000,1.000000000
1790226894443369909,1790226894,443369909,1790226894456933914,RL_calf,0.732696394,0.000000000,-0.680555651,-0.347164347,-0.015461367,0.999741896,-0.016645939,0.145323998,0.680379997,0.022718740,0.732507283,-0.145188130,0.000000000,0.000000000,0.000000000,1.000000000
1790226894443369909,1790226894,443369909,1790226894456933914,RL_calflower,0.765794321,0.000000000,-0.643085576,-0.231788183,-0.014610094,0.999741896,-0.017397882,0.147478370,0.642919593,0.022718740,0.765596666,-0.239991608,0.000000000,0.000000000,0.000000000,1.000000000
1790226894443369909,1790226894,443369909,1790226894456933914,RL_calflower1,0.976219202,-0.000000000,-0.216785771,-0.213722703,-0.004925100,0.999741896,-0.022178470,0.148320386,0.216729818,0.022718740,0.975967236,-0.277044670,0.000000000,0.000000000,0.000000000,1.000000000
1790226894443369909,1790226894,443369909,1790226894456933914,RL_foot,0.732696394,0.000000000,-0.680555651,-0.202205993,-0.015461367,0.999741896,-0.016645939,0.148869583,0.680379997,0.022718740,0.732507283,-0.301212181,0.000000000,0.000000000,0.000000000,1.000000000
1790226894443369909,1790226894,443369909,1790226894456933914,RR_hip,1.000000000,0.000000000,0.000000000,-0.193400000,0.000000000,0.999974344,-0.007163200,-0.046500000,0.000000000,0.007163200,0.999974344,0.000000000,0.000000000,0.000000000,0.000000000,1.000000000
1790226894443369909,1790226894,443369909,1790226894456933914,RR_thigh,0.712368206,-0.000000000,0.701805913,-0.193400000,0.005027176,0.999974344,-0.005102836,-0.141997550,-0.701787907,0.007163200,0.712349929,-0.000684086,0.000000000,0.000000000,0.000000000,1.000000000
1790226894443369909,1790226894,443369909,1790226894456933914,RR_calf,0.732919459,0.000000000,-0.680315417,-0.342884659,-0.004873235,0.999974344,-0.005250049,-0.140910646,0.680297963,0.007163200,0.732900655,-0.152414620,0.000000000,0.000000000,0.000000000,1.000000000
1790226894443369909,1790226894,443369909,1790226894456933914,RR_calflower,0.766005099,0.000000000,-0.642834495,-0.227539589,-0.004604752,0.999974344,-0.005487048,-0.140231103,0.642818002,0.007163200,0.765985447,-0.247277958,0.000000000,0.000000000,0.000000000,1.000000000
1790226894443369909,1790226894,443369909,1790226894456933914,RR_calflower1,0.976290217,0.000000000,-0.216465730,-0.209486260,-0.001550587,0.999974344,-0.006993362,-0.139965574,0.216460176,0.007163200,0.976265169,-0.284345556,0.000000000,0.000000000,0.000000000,1.000000000
1790226894443369909,1790226894,443369909,1790226894456933914,RR_foot,0.732919459,0.000000000,-0.680315417,-0.197977476,-0.004873235,0.999974344,-0.005250049,-0.139792385,0.680297963,0.007163200,0.732900655,-0.308522460,0.000000000,0.000000000,0.000000000,1.000000000
1790226894517729084,1790226894,517729084,1790226894523738259,FL_hip,1.000000000,-0.000000000,0.000000000,0.193400000,0.000000000,0.995456032,0.095222314,0.046500000,-0.000000000,-0.095222314,0.995456032,0.000000000,0.000000000,0.000000000,0.000000000,1.000000000
1790226894517729084,1790226894,517729084,1790226894523738259,FL_thigh,0.760710653,0.000000000,0.649091135,0.193400000,-0.061807960,0.995456032,0.072436629,0.141566051,-0.646141686,-0.095222314,0.757254008,-0.009093731,0.000000000,0.000000000,0.000000000,1.000000000
1790226894517729084,1790226894,517729084,1790226894523738259,FL_calf,0.630407153,0.000000000,-0.776264660,0.055143588,0.073917717,0.995456032,0.060028828,0.126137049,0.772737337,-0.095222314,0.627542603,-0.170388835,0.000000000,0.000000000,0.000000000,1.000000000
1790226894517729084,1790226894,517729084,1790226894523738259,FL_calflower,0.668416371,0.000000000,-0.743787305,0.182638901,0.070825148,0.995456032,0.063648154,0.118731137,0.740407559,-0.095222314,0.665379108,-0.247810393,0.000000000,0.000000000,0.000000000,1.000000000
1790226894517729084,1790226894,517729084,1790226894523738259,FL_calflower1,0.936347416,0.000000000,-0.351074803,0.205706229,0.033430155,0.995456032,0.089161168,0.115476959,0.349479530,-0.095222314,0.932092683,-0.281829633,0.000000000,0.000000000,0.000000000,1.000000000
1790226894517729084,1790226894,517729084,1790226894523738259,FL_foot,0.630407153,0.000000000,-0.776264660,0.220487961,0.073917717,0.995456032,0.060028828,0.113350909,0.772737337,-0.095222314,0.627542603,-0.304055409,0.000000000,0.000000000,0.000000000,1.000000000
1790226894517729084,1790226894,517729084,1790226894523738259,FR_hip,1.000000000,0.000000000,0.000000000,0.193400000,0.000000000,0.983265409,-0.182178858,-0.046500000,0.000000000,0.182178858,0.983265409,0.000000000,0.000000000,0.000000000,0.000000000,1.000000000
1790226894517729084,1790226894,517729084,1790226894523738259,FR_thigh,0.855326185,0.000000000,0.518089874,0.193400000,0.094385021,0.983265409,-0.155822347,-0.140401847,-0.509419851,0.182178858,0.841012651,-0.017398081,0.000000000,0.000000000,0.000000000,1.000000000
1790226894517729084,1790226894,517729084,1790226894523738259,FR_calf,0.526912215,-0.000000000,-0.849919712,0.083046857,-0.154837402,0.983265409,-0.095992265,-0.107211687,0.835696653,0.182178858,0.518094555,-0.196533776,0.000000000,0.000000000,0.000000000,1.000000000
1790226894517729084,1790226894,517729084,1790226894523738259,FR_calflower,0.568731994,-0.000000000,-0.822522899,0.219373219,-0.149846282,0.983265409,-0.103610945,-0.096101579,0.808758315,0.182178858,0.559214496,-0.256497837,0.000000000,0.000000000,0.000000000,1.000000000
1790226894517729084,1790226894,517729084,1790226894523738259,FR_calflower1,0.884286337,0.000000000,-0.466945044,0.246586815,-0.085067515,0.983265409,-0.161098275,-0.090458679,0.459130910,0.182178858,0.869488166,-0.286954000,0.000000000,0.000000000,0.000000000,1.000000000
1790226894517729084,1790226894,517729084,1790226894523738259,FR_foot,0.526912215,-0.000000000,-0.849919712,0.264079756,-0.154837402,0.983265409,-0.095992265,-0.086765334,0.835696653,0.182178858,0.518094555,-0.306887916,0.000000000,0.000000000,0.000000000,1.000000000
1790226894517729084,1790226894,517729084,1790226894523738259,RL_hip,1.000000000,0.000000000,0.000000000,-0.193400000,0.000000000,0.999697486,-0.024595462,0.046500000,0.000000000,0.024595462,0.999697486,0.000000000,0.000000000,0.000000000,0.000000000,1.000000000
1790226894517729084,1790226894,517729084,1790226894523738259,RL_thigh,0.691430629,0.000000000,0.722442860,-0.193400000,0.017768816,0.999697486,-0.017006056,0.141971110,-0.722224310,0.024595462,0.691221461,0.002348867,0.000000000,0.000000000,0.000000000,1.000000000
1790226894517729084,1790226894,517729084,1790226894523738259,RL_calf,0.733253380,0.000000000,-0.679955499,-0.347280329,-0.016723820,0.999697486,-0.018034706,0.145593400,0.679749803,0.024595462,0.733031561,-0.144881305,0.000000000,0.000000000,0.000000000,1.000000000
1790226894517729084,1790226894,517729084,1790226894523738259,RL_calflower,0.766320615,0.000000000,-0.642458337,-0.231981848,-0.015801560,0.999697486,-0.018848010,0.147928060,0.642263984,0.024595462,0.766088793,-0.239774980,0.000000000,0.000000000,0.000000000,1.000000000
1790226894517729084,1790226894,517729084,1790226894523738259,RL_calflower1,0.976396376,0.000000000,-0.215986381,-0.213946720,-0.005312285,0.999697486,-0.024014920,0.148839996,0.215921042,0.024595462,0.976101002,-0.276841171,0.000000000,0.000000000,0.000000000,1.000000000
1790226894517729084,1790226894,517729084,1790226894523738259,RL_foot,0.733253380,0.000000000,-0.679955499,-0.202449808,-0.016723820,0.999697486,-0.018034706,0.149434792,0.679749803,0.024595462,0.733031561,-0.301017027,0.000000000,0.000000000,0.000000000,1.000000000
1790226894517729084,1790226894,517729084,1790226894523738259,RR_hip,1.000000000,0.000000000,0.000000000,-0.193400000,0.000000000,0.999960761,-0.008858687,-0.046500000,0.000000000,0.008858687,0.999960761,0.000000000,0.000000000,0.000000000,0.000000000,1.000000000
1790226894517729084,1790226894,517729084,1790226894523738259,RR_thigh,0.709536342,0.000000000,0.704668843,-0.193400000,0.006242441,0.999960761,-0.006285560,-0.141996253,-0.704641193,0.008858687,0.709508501,-0.000846005,0.000000000,0.000000000,0.000000000,1.000000000
1790226894517729084,1790226894,517729084,1790226894523738259,RR_calf,0.735653064,-0.000000000,-0.677358524,-0.343494464,-0.006000507,0.999960761,-0.006516920,-0.140657428,0.677331945,0.008858687,0.735624198,-0.151971315,0.000000000,0.000000000,0.000000000,1.000000000
1790226894517729084,1790226894,517729084,1790226894523738259,RR_calflower,0.768587505,0.000000000,-0.639744673,-0.228532341,-0.005667298,0.999960761,-0.006808676,-0.139812934,0.639719570,0.008858687,0.768557347,-0.247297058,0.000000000,0.000000000,0.000000000,1.000000000
1790226894517729084,1790226894,517729084,1790226894523738259,RR_calflower1,0.977153983,-0.000000000,-0.212532572,-0.210628429,-0.001882760,0.999960761,-0.008656301,-0.139483914,0.212524233,0.008858687,0.977115640,-0.284436547,0.000000000,0.000000000,0.000000000,1.000000000
1790226894517729084,1790226894,517729084,1790226894523738259,RR_foot,0.735653064,-0.000000000,-0.677358524,-0.199217098,-0.006000507,0.999960761,-0.006516920,-0.139269324,0.677331945,0.008858687,0.735624198,-0.308659269,0.000000000,0.000000000,0.000000000,1.000000000
1790226894585530128,1790226894,585530128,1790226894590366127,FL_hip,1.000000000,-0.000000000,0.000000000,0.193400000,0.000000000,0.995450263,0.095282597,0.046500000,-0.000000000,-0.095282597,0.995450263,0.000000000,0.000000000,0.000000000,0.000000000,1.000000000
1790226894585530128,1790226894,585530128,1790226894590366127,FL_thigh,0.760573059,0.000000000,0.649252357,0.193400000,-0.061862451,0.995450263,0.072469376,0.141565500,-0.646298429,-0.095282597,0.757112651,-0.009099488,0.000000000,0.000000000,0.000000000,1.000000000
1790226894585530128,1790226894,585530128,1790226894590366127,FL_calf,0.630522633,0.000000000,-0.776170863,0.055109248,0.073955576,0.995450263,0.060077834,0.126129523,0.772639490,-0.095282597,0.627653921,-0.170364483,0.000000000,0.000000000,0.000000000,1.000000000
1790226894585530128,1790226894,585530128,1790226894590366127,FL_calflower,0.668527019,0.000000000,-0.743687854,0.182592988,0.070860510,0.995450263,0.063698991,0.118717115,0.740304270,-0.095282597,0.665485397,-0.247804473,0.000000000,0.000000000,0.000000000,1.000000000
1790226894585530128,1790226894,585530128,1790226894590366127,FL_calflower1,0.936399636,0.000000000,-0.350935495,0.205655232,0.033438045,0.995450263,0.089222589,0.115460550,0.349338831,-0.095282597,0.932139264,-0.281826932,0.000000000,0.000000000,0.000000000,1.000000000
1790226894585530128,1790226894,585530128,1790226894590366127,FL_foot,0.630522633,0.000000000,-0.776170863,0.220433642,0.073955576,0.995450263,0.060077834,0.113332944,0.772639490,-0.095282597,0.627653921,-0.304054768,0.000000000,0.000000000,0.000000000,1.000000000
1790226894585530128,1790226894,585530128,1790226894590366127,FR_hip,1.000000000,0.000000000,0.000000000,0.193400000,0.000000000,0.983315018,-0.181910899,-0.046500000,0.000000000,0.181910899,0.983315018,0.000000000,0.000000000,0.000000000,0.000000000,1.000000000
1790226894585530128,1790226894,585530128,1790226894590366127,FR_thigh,0.855169273,0.000000000,0.518348835,0.193400000,0.094293303,0.983315018,-0.155564611,-0.140406584,-0.509700195,0.181910899,0.840900789,-0.017372491,0.000000000,0.000000000,0.000000000,1.000000000
1790226894585530128,1790226894,585530128,1790226894590366127,FR_calf,0.527437957,0.000000000,-0.849593551,0.082991698,-0.154550327,0.983315018,-0.095946713,-0.107271322,0.835418098,0.181910899,0.518637664,-0.196484359,0.000000000,0.000000000,0.000000000,1.000000000
1790226894585530128,1790226894,585530128,1790226894590366127,FR_calflower,0.569240776,-0.000000000,-0.822170869,0.219280303,-0.149561842,0.983315018,-0.103551101,-0.096162215,0.808452963,0.181910899,0.559743004,-0.256534371,0.000000000,0.000000000,0.000000000,1.000000000
1790226894585530128,1790226894,585530128,1790226894590366127,FR_calflower1,0.884575065,0.000000000,-0.466397850,0.246474730,-0.084842852,0.983315018,-0.160913845,-0.090524553,0.458616011,0.181910899,0.869815946,-0.287008621,0.000000000,0.000000000,0.000000000,1.000000000
1790226894585530128,1790226894,585530128,1790226894590366127,FR_foot,0.527437957,0.000000000,-0.849593551,0.263955124,-0.154550327,0.983315018,-0.095946713,-0.086834672,0.835418098,0.181910899,0.518637664,-0.306954181,0.000000000,0.000000000,0.000000000,1.000000000
1790226894585530128,1790226894,585530128,1790226894590366127,RL_hip,1.000000000,0.000000000,0.000000000,-0.193400000,0.000000000,0.999691500,-0.024837562,0.046500000,0.000000000,0.024837562,0.999691500,0.000000000,0.000000000,0.000000000,0.000000000,1.000000000
1790226894585530128,1790226894,585530128,1790226894590366127,RL_thigh,0.691211848,0.000000000,0.722652186,-0.193400000,0.017948919,0.999691500,-0.017168017,0.141970538,-0.722429248,0.024837562,0.690998609,0.002371987,0.000000000,0.000000000,0.000000000,1.000000000
1790226894585530128,1790226894,585530128,1790226894590366127,RL_calf,0.733448535,0.000000000,-0.679744986,-0.347324916,-0.016883208,0.999691500,-0.018217074,0.145627326,0.679535285,0.024837562,0.733222267,-0.144810717,0.000000000,0.000000000,0.000000000,1.000000000
1790226894585530128,1790226894,585530128,1790226894590366127,RL_calflower,0.766505005,0.000000000,-0.642238333,-0.232053687,-0.015951634,0.999691500,-0.019038116,0.147985789,0.642040203,0.024837562,0.766268539,-0.239736906,0.000000000,0.000000000,0.000000000,1.000000000
1790226894585530128,1790226894,585530128,1790226894590366127,RL_calflower1,0.976458336,-0.000000000,-0.215706091,-0.214029204,-0.005357613,0.999691500,-0.024252845,0.148906830,0.215639546,0.024837562,0.976157099,-0.276808050,0.000000000,0.000000000,0.000000000,1.000000000
1790226894585530128,1790226894,585530128,1790226894590366127,RL_foot,0.733448535,0.000000000,-0.679744986,-0.202539234,-0.016883208,0.999691500,-0.018217074,0.149507563,0.679535285,0.024837562,0.733222267,-0.300987059,0.000000000,0.000000000,0.000000000,1.000000000
1790226894585530128,1790226894,585530128,1790226894590366127,RR_hip,1.000000000,0.000000000,0.000000000,-0.193400000,0.000000000,0.999958586,-0.009100897,-0.046500000,0.000000000,0.009100897,0.999958586,0.000000000,0.000000000,0.000000000,0.000000000,1.000000000
1790226894585530128,1790226894,585530128,1790226894590366127,RR_thigh,0.708938742,0.000000000,0.705270062,-0.193400000,0.006418590,0.999958586,-0.006451979,-0.141996045,-0.705240854,0.009100897,0.708909382,-0.000869136,0.000000000,0.000000000,0.000000000,1.000000000
1790226894585530128,1790226894,585530128,1790226894590366127,RR_calf,0.736248372,0.000000000,-0.676711411,-0.343622523,-0.006158681,0.999958586,-0.006700521,-0.140621773,0.676683386,0.009100897,0.736217881,-0.151866834,0.000000000,0.000000000,0.000000000,1.000000000
1790226894585530128,1790226894,585530128,1790226894590366127,RR_calflower,0.769149728,0.000000000,-0.639068616,-0.228744267,-0.005816098,0.999958586,-0.006999953,-0.139753270,0.639042150,0.009100897,0.769117874,-0.247293413,0.000000000,0.000000000,0.000000000,1.000000000
1790226894585530128,1790226894,585530128,1790226894590366127,RR_calflower1,0.977340482,-0.000000000,-0.211673291,-0.210873020,-0.001926417,0.999958586,-0.008894675,-0.139415111,0.211664524,0.009100897,0.977300007,-0.284448549,0.000000000,0.000000000,0.000000000,1.000000000
1790226894585530128,1790226894,585530128,1790226894590366127,RR_foot,0.736248372,0.000000000,-0.676711411,-0.199482993,-0.006158681,0.999958586,-0.006700521,-0.139194563,0.676683386,0.009100897,0.736217881,-0.308681243,0.000000000,0.000000000,0.000000000,1.000000000
1790226894653588036,1790226894,653588036,1790226894656964521,FL_hip,1.000000000,-0.000000000,0.000000000,0.193400000,0.000000000,0.995421369,0.095583984,0.046500000,-0.000000000,-0.095583984,0.995421369,0.000000000,0.000000000,0.000000000,0.000000000,1.000000000
1790226894653588036,1790226894,653588036,1790226894656964521,FL_thigh,0.760553399,-0.000000000,0.649275386,0.193400000,-0.062060328,0.995421369,0.072696724,0.141562741,-0.646302593,-0.095583984,0.757071106,-0.009128271,0.000000000,0.000000000,0.000000000,1.000000000
1790226894653588036,1790226894,653588036,1790226894656964521,FL_calf,0.630570653,0.000000000,-0.776131852,0.055104343,0.074185775,0.995421369,0.060272455,0.126078338,0.772578230,-0.095583984,0.627683503,-0.170384416,0.000000000,0.000000000,0.000000000,1.000000000
1790226894653588036,1790226894,653588036,1790226894656964521,FL_calflower,0.668573029,0.000000000,-0.743646491,0.182583270,0.071080695,0.995421369,0.063904874,0.118641731,0.740241609,-0.095583984,0.665511880,-0.247830010,0.000000000,0.000000000,0.000000000,1.000000000
1790226894653588036,1790226894,653588036,1790226894656964521,FL_calflower1,0.936421346,0.000000000,-0.350877560,0.205643399,0.033538275,0.995421369,0.089506883,0.115374729,0.349271021,-0.095583984,0.932133819,-0.281852901,0.000000000,0.000000000,0.000000000,1.000000000
1790226894653588036,1790226894,653588036,1790226894656964521,FL_foot,0.630570653,0.000000000,-0.776131852,0.220420427,0.074185775,0.995421369,0.060272455,0.113240305,0.772578230,-0.095583984,0.627683503,-0.304081002,0.000000000,0.000000000,0.000000000,1.000000000
1790226894653588036,1790226894,653588036,1790226894656964521,FR_hip,1.000000000,0.000000000,0.000000000,0.193400000,0.000000000,0.983430490,-0.181285609,-0.046500000,0.000000000,0.181285609,0.983430490,0.000000000,0.000000000,0.000000000,0.000000000,1.000000000
1790226894653588036,1790226894,653588036,1790226894656964521,FR_thigh,0.855027984,0.000000000,0.518581860,0.193400000,0.094011428,0.983430490,-0.155004269,-0.140417612,-0.509989213,0.181285609,0.840860589,-0.017312776,0.000000000,0.000000000,0.000000000,1.000000000
1790226894653588036,1790226894,653588036,1790226894656964521,FR_calf,0.528085384,-0.000000000,-0.849191278,0.082942064,-0.153946158,0.983430490,-0.095734281,-0.107401702,0.835120595,0.181285609,0.519335268,-0.196416081,0.000000000,0.000000000,0.000000000,1.000000000
1790226894653588036,1790226894,653588036,1790226894656964521,FR_calflower,0.569867290,0.000000000,-0.821736741,0.219184081,-0.148969046,0.983430490,-0.103308739,-0.096311952,0.808120966,0.181285609,0.560424868,-0.256575289,0.000000000,0.000000000,0.000000000,1.000000000
1790226894653588036,1790226894,653588036,1790226894656964521,FR_calflower1,0.884930307,-0.000000000,-0.465723470,0.246354877,-0.084428963,0.983430490,-0.160425130,-0.090689912,0.458006661,0.181285609,0.870267446,-0.287073493,0.000000000,0.000000000,0.000000000,1.000000000
1790226894653588036,1790226894,653588036,1790226894656964521,FR_foot,0.528085384,-0.000000000,-0.849191278,0.263819806,-0.153946158,0.983430490,-0.095734281,-0.087010301,0.835120595,0.181285609,0.519335268,-0.307034493,0.000000000,0.000000000,0.000000000,1.000000000
1790226894653588036,1790226894,653588036,1790226894656964521,RL_hip,1.000000000,0.000000000,0.000000000,-0.193400000,0.000000000,0.999686213,-0.025049450,0.046500000,0.000000000,0.025049450,0.999686213,0.000000000,0.000000000,0.000000000,0.000000000,1.000000000
1790226894653588036,1790226894,653588036,1790226894656964521,RL_thigh,0.690817925,0.000000000,0.723028765,-0.193400000,0.018111473,0.999686213,-0.017304609,0.141970033,-0.722801888,0.025049450,0.690601155,0.002392222,0.000000000,0.000000000,0.000000000,1.000000000
1790226894653588036,1790226894,653588036,1790226894656964521,RL_calf,0.733840324,-0.000000000,-0.679321999,-0.347405127,-0.017016643,0.999686213,-0.018382297,0.145655915,0.679108837,0.025049450,0.733610055,-0.144705824,0.000000000,0.000000000,0.000000000,1.000000000
1790226894653588036,1790226894,653588036,1790226894656964521,RL_calflower,0.766875164,0.000000000,-0.641796294,-0.232188665,-0.016076644,0.999686213,-0.019209801,0.148036162,0.641594907,0.025049450,0.766634529,-0.239697935,0.000000000,0.000000000,0.000000000,1.000000000
1790226894653588036,1790226894,653588036,1790226894656964521,RL_calflower1,0.976582540,0.000000000,-0.215143073,-0.214185564,-0.005389216,0.999686213,-0.024462856,0.148965321,0.215075564,0.025049450,0.976276102,-0.276779265,0.000000000,0.000000000,0.000000000,1.000000000
1790226894653588036,1790226894,653588036,1790226894656964521,RL_foot,0.733840324,-0.000000000,-0.679321999,-0.202709541,-0.017016643,0.999686213,-0.018382297,0.149571344,0.679108837,0.025049450,0.733610055,-0.300964765,0.000000000,0.000000000,0.000000000,1.000000000
1790226894653588036,1790226894,653588036,1790226894656964521,RR_hip,1.000000000,0.000000000,0.000000000,-0.193400000,0.000000000,0.999954638,-0.009524764,-0.046500000,0.000000000,0.009524764,0.999954638,0.000000000,0.000000000,0.000000000,0.000000000,1.000000000
1790226894653588036,1790226894,653588036,1790226894656964521,RR_thigh,0.708511512,-0.000000000,0.705699254,-0.193400000,0.006721619,0.999954638,-0.006748405,-0.141995668,-0.705667243,0.009524764,0.708479373,-0.000909615,0.000000000,0.000000000,0.000000000,1.000000000
1790226894653588036,1790226894,653588036,1790226894656964521,RR_calf,0.736668684,0.000000000,-0.676253836,-0.343713941,-0.006441158,0.999954638,-0.007016595,-0.140558258,0.676223160,0.009524764,0.736635267,-0.151815721,0.000000000,0.000000000,0.000000000,1.000000000
1790226894653588036,1790226894,653588036,1790226894656964521,RR_calflower,0.769546645,-0.000000000,-0.638590606,-0.228895000,-0.006082425,0.999954638,-0.007329750,-0.139648625,0.638561638,0.009524764,0.769511737,-0.247313278,0.000000000,0.000000000,0.000000000,1.000000000
1790226894653588036,1790226894,653588036,1790226894656964521,RR_calflower1,0.977471810,0.000000000,-0.211066010,-0.211046842,-0.002010354,0.999954638,-0.009310188,-0.139294611,0.211056435,0.009524764,0.977427470,-0.284479364,0.000000000,0.000000000,0.000000000,1.000000000
1790226894653588036,1790226894,653588036,1790226894656964521,RR_foot,0.736668684,0.000000000,-0.676253836,-0.199671874,-0.006441158,0.999954638,-0.007016595,-0.139063723,0.676223160,0.009524764,0.736635267,-0.308719033,0.000000000,0.000000000,0.000000000,1.000000000
1790226894714543793,1790226894,714543793,1790226894723705220,FL_hip,1.000000000,-0.000000000,0.000000000,0.193400000,0.000000000,0.995424262,0.095553851,0.046500000,-0.000000000,-0.095553851,0.995424262,0.000000000,0.000000000,0.000000000,0.000000000,1.000000000
1790226894714543793,1790226894,714543793,1790226894723705220,FL_thigh,0.760415766,0.000000000,0.649436574,0.193400000,-0.062056166,0.995424262,0.072660655,0.141563017,-0.646464922,-0.095553851,0.756936302,-0.009125393,0.000000000,0.000000000,0.000000000,1.000000000
1790226894714543793,1790226894,714543793,1790226894723705220,FL_calf,0.630686114,0.000000000,-0.776038031,0.055070010,0.074153423,0.995424262,0.060264487,0.126086298,0.772487084,-0.095553851,0.627800260,-0.170352825,0.000000000,0.000000000,0.000000000,1.000000000
1790226894714543793,1790226894,714543793,1790226894723705220,FL_calflower,0.668683657,0.000000000,-0.743547017,0.182537361,0.071048781,0.995424262,0.063895299,0.118650222,0.740144741,-0.095553851,0.665623936,-0.247817522,0.000000000,0.000000000,0.000000000,1.000000000
1790226894714543793,1790226894,714543793,1790226894723705220,FL_calflower1,0.936473537,0.000000000,-0.350738242,0.205592405,0.033514390,0.995424262,0.089483653,0.115383922,0.349133355,-0.095553851,0.932188480,-0.281843927,0.000000000,0.000000000,0.000000000,1.000000000
1790226894714543793,1790226894,714543793,1790226894723705220,FL_foot,0.630686114,0.000000000,-0.776038031,0.220366110,0.074153423,0.995424262,0.060264487,0.113249962,0.772487084,-0.095553851,0.627800260,-0.304074281,0.000000000,0.000000000,0.000000000,1.000000000
1790226894714543793,1790226894,714543793,1790226894723705220,FR_hip,1.000000000,0.000000000,0.000000000,0.193400000,0.000000000,0.983452439,-0.181166498,-0.046500000,0.000000000,0.181166498,0.983452439,0.000000000,0.000000000,0.000000000,0.000000000,1.000000000
1790226894714543793,1790226894,714543793,1790226894723705220,FR_thigh,0.854949463,0.000000000,0.518711302,0.193400000,0.093973110,0.983452439,-0.154888200,-0.140419708,-0.510127895,0.181166498,0.840802135,-0.017301401,0.000000000,0.000000000,0.000000000,1.000000000
1790226894714543793,1790226894,714543793,1790226894723705220,FR_calf,0.528522432,-0.000000000,-0.848919336,0.082914493,-0.153795743,0.983452439,-0.095750558,-0.107428521,0.834871792,0.181166498,0.519776675,-0.196392255,0.000000000,0.000000000,0.000000000,1.000000000
1790226894714543793,1790226894,714543793,1790226894723705220,FR_calflower,0.570290199,0.000000000,-0.821443296,0.219125003,-0.148818005,0.983452439,-0.103317478,-0.096333354,0.807850413,0.181166498,0.560853288,-0.256621767,0.000000000,0.000000000,0.000000000,1.000000000
1790226894714543793,1790226894,714543793,1790226894723705220,FR_calflower1,0.885169919,0.000000000,-0.465267895,0.246279833,-0.084290955,0.983452439,-0.160363134,-0.090712474,0.457568846,0.181166498,0.870522516,-0.287134403,0.000000000,0.000000000,0.000000000,1.000000000
1790226894714543793,1790226894,714543793,1790226894723705220,FR_foot,0.528522432,-0.000000000,-0.848919336,0.263734311,-0.153795743,0.983452439,-0.095750558,-0.087033652,0.834871792,0.181166498,0.519776675,-0.307104687,0.000000000,0.000000000,0.000000000,1.000000000
1790226894714543793,1790226894,714543793,1790226894723705220,RL_hip,1.000000000,0.000000000,0.000000000,-0.193400000,0.000000000,0.999677046,-0.025412684,0.046500000,0.000000000,0.025412684,0.999677046,0.000000000,0.000000000,0.000000000,0.000000000,1.000000000
1790226894714543793,1790226894,714543793,1790226894723705220,RL_thigh,0.690577067,-0.000000000,0.723258816,-0.193400000,0.018379948,0.999677046,-0.017549417,0.141969158,-0.723025236,0.025412684,0.690354042,0.002426911,0.000000000,0.000000000,0.000000000,1.000000000
1790226894714543793,1790226894,714543793,1790226894723705220,RL_calf,0.734055779,-0.000000000,-0.679089179,-0.347454128,-0.017257479,0.999677046,-0.018654328,0.145707184,0.678869864,0.025412684,0.733818713,-0.144618500,0.000000000,0.000000000,0.000000000,1.000000000
1790226894714543793,1790226894,714543793,1790226894723705220,RL_calflower,0.767078714,-0.000000000,-0.641552996,-0.232267814,-0.016303584,0.999677046,-0.019493529,0.148122875,0.641345804,0.025412684,0.766830982,-0.239646272,0.000000000,0.000000000,0.000000000,1.000000000
1790226894714543793,1790226894,714543793,1790226894723705220,RL_calflower1,0.976650738,-0.000000000,-0.214833275,-0.214276481,-0.005459490,0.999677046,-0.024819317,0.149065652,0.214763893,0.025412684,0.976335324,-0.276732969,0.000000000,0.000000000,0.000000000,1.000000000
1790226894714543793,1790226894,714543793,1790226894723705220,RL_foot,0.734055779,-0.000000000,-0.679089179,-0.202808133,-0.017257479,0.999677046,-0.018654328,0.149680556,0.678869864,0.025412684,0.733818713,-0.300921885,0.000000000,0.000000000,0.000000000,1.000000000
1790226894714543793,1790226894,714543793,1790226894723705220,RR_hip,1.000000000,0.000000000,0.000000000,-0.193400000,0.000000000,0.999950812,-0.009918354,-0.046500000,0.000000000,0.009918354,0.999950812,0.000000000,0.000000000,0.000000000,0.000000000,1.000000000
1790226894714543793,1790226894,714543793,1790226894723705220,RR_thigh,0.707549380,-0.000000000,0.706663905,-0.193400000,0.007008943,0.999950812,-0.007017725,-0.141995303,-0.706629146,0.009918354,0.707514577,-0.000947203,0.000000000,0.000000000,0.000000000,1.000000000
1790226894714543793,1790226894,714543793,1790226894723705220,RR_calf,0.737578732,0.000000000,-0.675261146,-0.343919412,-0.006697479,0.999950812,-0.007315567,-0.140500527,0.675227931,0.009918354,0.737542452,-0.151647808,0.000000000,0.000000000,0.000000000,1.000000000
1790226894714543793,1790226894,714543793,1790226894723705220,RR_calflower,0.770405941,-0.000000000,-0.637553673,-0.229229188,-0.006323483,0.999950812,-0.007641159,-0.139551773,0.637522313,0.009918354,0.770368047,-0.247299532,0.000000000,0.000000000,0.000000000,1.000000000
1790226894714543793,1790226894,714543793,1790226894723705220,RR_calflower1,0.977755168,0.000000000,-0.209749450,-0.211431100,-0.002080369,0.999950812,-0.009697722,-0.139182892,0.209739133,0.009918354,0.977707074,-0.284489477,0.000000000,0.000000000,0.000000000,1.000000000
1790226894714543793,1790226894,714543793,1790226894723705220,RR_foot,0.737578732,0.000000000,-0.675261146,-0.200088788,-0.006697479,0.999950812,-0.007315567,-0.138942311,0.675227931,0.009918354,0.737542452,-0.308744350,0.000000000,0.000000000,0.000000000,1.000000000
1790226894776192744,1790226894,776192744,1790226894790409345,FL_hip,1.000000000,-0.000000000,0.000000000,0.193400000,0.000000000,0.995435828,0.095433288,0.046500000,-0.000000000,-0.095433288,0.995435828,0.000000000,0.000000000,0.000000000,0.000000000,1.000000000
1790226894776192744,1790226894,776192744,1790226894790409345,FL_thigh,0.760101046,0.000000000,0.649804893,0.193400000,-0.062013018,0.995435828,0.072538942,0.141564122,-0.646839072,-0.095433288,0.756631814,-0.009113879,0.000000000,0.000000000,0.000000000,1.000000000
1790226894776192744,1790226894,776192744,1790226894790409345,FL_calf,0.631049705,0.000000000,-0.775742399,0.054991558,0.074031648,0.995435828,0.060223148,0.126113327,0.772201777,-0.095433288,0.628169486,-0.170276455,0.000000000,0.000000000,0.000000000,1.000000000
1790226894776192744,1790226894,776192744,1790226894790409345,FL_calflower,0.669032018,0.000000000,-0.743233583,0.182422427,0.070929225,0.995435828,0.063847925,0.118680934,0.739841337,-0.095433288,0.665978441,-0.247801504,0.000000000,0.000000000,0.000000000,1.000000000
1790226894776192744,1790226894,776192744,1790226894790409345,FL_calflower1,0.936637794,0.000000000,-0.350299361,0.205461450,0.033430220,0.995435828,0.089386424,0.115417725,0.348700534,-0.095433288,0.932362818,-0.281839055,0.000000000,0.000000000,0.000000000,1.000000000
1790226894776192744,1790226894,776192744,1790226894790409345,FL_foot,0.631049705,0.000000000,-0.775742399,0.220224689,0.074031648,0.995435828,0.060223148,0.113285796,0.772201777,-0.095433288,0.628169486,-0.304076556,0.000000000,0.000000000,0.000000000,1.000000000
1790226894776192744,1790226894,776192744,1790226894790409345,FR_hip,1.000000000,0.000000000,0.000000000,0.193400000,0.000000000,0.983457924,-0.181136720,-0.046500000,0.000000000,0.181136720,0.983457924,0.000000000,0.000000000,0.000000000,0.000000000,1.000000000
1790226894776192744,1790226894,776192744,1790226894790409345,FR_thigh,0.854603739,0.000000000,0.519280704,0.193400000,0.094060803,0.983457924,-0.154800118,-0.140420232,-0.510690724,0.181136720,0.840466819,-0.017298557,0.000000000,0.000000000,0.000000000,1.000000000
1790226894776192744,1790226894,776192744,1790226894790409345,FR_calf,0.529476506,-0.000000000,-0.848324602,0.082793210,-0.153662736,0.983457924,-0.095907637,-0.107447807,0.834291552,0.181136720,0.520717865,-0.196317989,0.000000000,0.000000000,0.000000000,1.000000000
1790226894776192744,1790226894,776192744,1790226894790409345,FR_calflower,0.571213357,-0.000000000,-0.820801621,0.218934781,-0.148677313,0.983457924,-0.103467714,-0.096326731,0.807223858,0.181136720,0.561764302,-0.256698402,0.000000000,0.000000000,0.000000000,1.000000000
1790226894776192744,1790226894,776192744,1790226894790409345,FR_calflower1,0.885692443,0.000000000,-0.464272437,0.246054712,-0.084096786,0.983457924,-0.160431424,-0.090701249,0.456592407,0.181136720,0.871041252,-0.287241213,0.000000000,0.000000000,0.000000000,1.000000000
1790226894776192744,1790226894,776192744,1790226894790409345,FR_foot,0.529476506,-0.000000000,-0.848324602,0.263486350,-0.153662736,0.983457924,-0.095907637,-0.087019480,0.834291552,0.181136720,0.520717865,-0.307230894,0.000000000,0.000000000,0.000000000,1.000000000
1790226894776192744,1790226894,776192744,1790226894790409345,RL_hip,1.000000000,0.000000000,0.000000000,-0.193400000,0.000000000,0.999666185,-0.025836394,0.046500000,0.000000000,0.025836394,0.999666185,0.000000000,0.000000000,0.000000000,0.000000000,1.000000000
1790226894776192744,1790226894,776192744,1790226894790409345,RL_thigh,0.690445657,0.000000000,0.723384265,-0.193400000,0.018689641,0.999666185,-0.017838626,0.141968121,-0.723142788,0.025836394,0.690215176,0.002467376,0.000000000,0.000000000,0.000000000,1.000000000
1790226894776192744,1790226894,776192744,1790226894790409345,RL_calf,0.734179140,0.000000000,-0.678955808,-0.347480848,-0.017541770,0.999666185,-0.018968541,0.145767748,0.678729163,0.025836394,0.733934060,-0.144548457,0.000000000,0.000000000,0.000000000,1.000000000
1790226894776192744,1790226894,776192744,1790226894790409345,RL_calflower,0.767195255,0.000000000,-0.641413627,-0.232311806,-0.016571815,0.999666185,-0.019821559,0.148224257,0.641199513,0.025836394,0.766939153,-0.239596115,0.000000000,0.000000000,0.000000000,1.000000000
1790226894776192744,1790226894,776192744,1790226894790409345,RL_calflower1,0.976689752,0.000000000,-0.214655838,-0.214327213,-0.005545933,0.999666185,-0.025234141,0.149182837,0.214584183,0.025836394,0.976363718,-0.276685676,0.000000000,0.000000000,0.000000000,1.000000000
1790226894776192744,1790226894,776192744,1790226894790409345,RL_foot,0.734179140,0.000000000,-0.678955808,-0.202863261,-0.017541770,0.999666185,-0.018968541,0.149808047,0.678729163,0.025836394,0.733934060,-0.300876412,0.000000000,0.000000000,0.000000000,1.000000000
1790226894776192744,1790226894,776192744,1790226894790409345,RR_hip,1.000000000,0.000000000,0.000000000,-0.193400000,0.000000000,0.999946204,-0.010372494,-0.046500000,0.000000000,0.010372494,0.999946204,0.000000000,0.000000000,0.000000000,0.000000000,1.000000000
1790226894776192744,1790226894,776192744,1790226894790409345,RR_thigh,0.706435849,-0.000000000,0.707777077,-0.193400000,0.007341413,0.999946204,-0.007327501,-0.141994863,-0.707739002,0.010372494,0.706397846,-0.000990573,0.000000000,0.000000000,0.000000000,1.000000000
1790226894776192744,1790226894,776192744,1790226894790409345,RR_calf,0.738641027,0.000000000,-0.674098979,-0.344156517,-0.006992087,0.999946204,-0.007661549,-0.140434105,0.674062716,0.010372494,0.738601291,-0.151453314,0.000000000,0.000000000,0.000000000,1.000000000
1790226894776192744,1790226894,776192744,1790226894790409345,RR_calflower,0.771408825,-0.000000000,-0.636339866,-0.229617048,-0.006600431,0.999946204,-0.008001433,-0.139440037,0.636305634,0.010372494,0.771367326,-0.247285051,0.000000000,0.000000000,0.000000000,1.000000000
1790226894776192744,1790226894,776192744,1790226894790409345,RR_calflower1,0.978084210,0.000000000,-0.208209699,-0.211877542,-0.002159654,0.999946204,-0.010145172,-0.139053976,0.208198499,0.010372494,0.978031593,-0.284502800,0.000000000,0.000000000,0.000000000,1.000000000
1790226894776192744,1790226894,776192744,1790226894790409345,RR_foot,0.738641027,0.000000000,-0.674098979,-0.200573435,-0.006992087,0.999946204,-0.007661549,-0.138802195,0.674062716,0.010372494,0.738601291,-0.308775389,0.000000000,0.000000000,0.000000000,1.000000000
1790226894848116127,1790226894,848116127,1790226894856933947,FL_hip,1.000000000,-0.000000000,0.000000000,0.193400000,0.000000000,0.995427155,0.095523711,0.046500000,-0.000000000,-0.095523711,0.995427155,0.000000000,0.000000000,0.000000000,0.000000000,1.000000000
1790226894848116127,1790226894,848116127,1790226894856933947,FL_thigh,0.759727124,-0.000000000,0.650242030,0.193400000,-0.062113531,0.995427155,0.072571954,0.141563293,-0.647268574,-0.095523711,0.756253009,-0.009122514,0.000000000,0.000000000,0.000000000,1.000000000
1790226894848116127,1790226894,848116127,1790226894856933947,FL_calf,0.631508136,0.000000000,-0.775369250,0.054898448,0.074066148,0.995427155,0.060324000,0.126105467,0.771823607,-0.095523711,0.628620347,-0.170204405,0.000000000,0.000000000,0.000000000,1.000000000
1790226894848116127,1790226894,848116127,1790226894856933947,FL_calflower,0.669471226,-0.000000000,-0.742837989,0.182283259,0.070958641,0.995427155,0.063950376,0.118658838,0.739441106,-0.095523711,0.666409838,-0.247803745,0.000000000,0.000000000,0.000000000,1.000000000
1790226894848116127,1790226894,848116127,1790226894856933947,FL_calflower1,0.936844692,0.000000000,-0.349745654,0.205302067,0.033409003,0.995427155,0.089490881,0.115391237,0.348146321,-0.095523711,0.932560647,-0.281854549,0.000000000,0.000000000,0.000000000,1.000000000
1790226894848116127,1790226894,848116127,1790226894856933947,FL_foot,0.631508136,0.000000000,-0.775369250,0.220052098,0.074066148,0.995427155,0.060324000,0.113256455,0.771823607,-0.095523711,0.628620347,-0.304100539,0.000000000,0.000000000,0.000000000,1.000000000
1790226894848116127,1790226894,848116127,1790226894856933947,FR_hip,1.000000000,0.000000000,0.000000000,0.193400000,0.000000000,0.983501762,-0.180898547,-0.046500000,0.000000000,0.180898547,0.983501762,0.000000000,0.000000000,0.000000000,0.000000000,1.000000000
1790226894848116127,1790226894,848116127,1790226894856933947,FR_thigh,0.854210471,0.000000000,0.519927371,0.193400000,0.094054106,0.983501762,-0.154525433,-0.140424418,-0.511349485,0.180898547,0.840117504,-0.017275811,0.000000000,0.000000000,0.000000000,1.000000000
1790226894848116127,1790226894,848116127,1790226894856933947,FR_calf,0.530212115,0.000000000,-0.847865032,0.082655470,-0.153377552,0.983501762,-0.095914601,-0.107510501,0.833876753,0.180898547,0.521464550,-0.196220839,0.000000000,0.000000000,0.000000000,1.000000000
1790226894848116127,1790226894,848116127,1790226894856933947,FR_calflower,0.571925078,-0.000000000,-0.820305861,0.218743737,-0.148392138,0.983501762,-0.103460416,-0.096382691,0.806772259,0.180898547,0.562489322,-0.256720058,0.000000000,0.000000000,0.000000000,1.000000000
1790226894848116127,1790226894,848116127,1790226894856933947,FR_calflower1,0.886094805,0.000000000,-0.463504042,0.245836721,-0.083847208,0.983501762,-0.160293263,-0.090760353,0.455857042,0.180898547,0.871475802,-0.287287353,0.000000000,0.000000000,0.000000000,1.000000000
1790226894848116127,1790226894,848116127,1790226894856933947,FR_foot,0.530212115,0.000000000,-0.847865032,0.263250722,-0.153377552,0.983501762,-0.095914601,-0.087080691,0.833876753,0.180898547,0.521464550,-0.307292789,0.000000000,0.000000000,0.000000000,1.000000000
1790226894848116127,1790226894,848116127,1790226894856933947,RL_hip,1.000000000,0.000000000,0.000000000,-0.193400000,0.000000000,0.999659897,-0.026078546,0.046500000,0.000000000,0.026078546,0.999659897,0.000000000,0.000000000,0.000000000,0.000000000,1.000000000
1790226894848116127,1790226894,848116127,1790226894856933947,RL_thigh,0.690073250,0.000000000,0.723739532,-0.193400000,0.018874074,0.999659897,-0.017996107,0.141967520,-0.723493386,0.026078546,0.689838554,0.002490501,0.000000000,0.000000000,0.000000000,1.000000000
1790226894848116127,1790226894,848116127,1790226894856933947,RL_calf,0.734507055,0.000000000,-0.678601050,-0.347556520,-0.017696928,0.999659897,-0.019154876,0.145800691,0.678370256,0.026078546,0.734257247,-0.144445111,0.000000000,0.000000000,0.000000000,1.000000000
1790226894848116127,1790226894,848116127,1790226894856933947,RL_calflower,0.767505030,0.000000000,-0.641042923,-0.232433424,-0.016717467,0.999659897,-0.020015415,0.148281674,0.640824903,0.026078546,0.767243999,-0.239547778,0.000000000,0.000000000,0.000000000,1.000000000
1790226894848116127,1790226894,848116127,1790226894856933947,RL_calflower1,0.976793337,0.000000000,-0.214183979,-0.214466757,-0.005585607,0.999659897,-0.025473350,0.149249465,0.214111134,0.026078546,0.976461127,-0.276645787,0.000000000,0.000000000,0.000000000,1.000000000
1790226894848116127,1790226894,848116127,1790226894856933947,RL_foot,0.734507055,0.000000000,-0.678601050,-0.203014497,-0.017696928,0.999659897,-0.019154876,0.149880679,0.678370256,0.026078546,0.734257247,-0.300841905,0.000000000,0.000000000,0.000000000,1.000000000
1790226894848116127,1790226894,848116127,1790226894856933947,RR_hip,1.000000000,0.000000000,0.000000000,-0.193400000,0.000000000,0.999942370,-0.010735803,-0.046500000,0.000000000,0.010735803,0.999942370,0.000000000,0.000000000,0.000000000,0.000000000,1.000000000
1790226894848116127,1790226894,848116127,1790226894856933947,RR_thigh,0.705899959,-0.000000000,0.708311547,-0.193400000,0.007604293,0.999942370,-0.007578403,-0.141994496,-0.708270727,0.010735803,0.705859278,-0.001025269,0.000000000,0.000000000,0.000000000,1.000000000
1790226894848116127,1790226894,848116127,1790226894856933947,RR_calf,0.739151013,0.000000000,-0.673539739,-0.344270360,-0.007230990,0.999942370,-0.007935380,-0.140380297,0.673500922,0.010735803,0.739108416,-0.151373295,0.000000000,0.000000000,0.000000000,1.000000000
1790226894848116127,1790226894,848116127,1790226894856933947,RR_calflower,0.771890224,-0.000000000,-0.635755836,-0.229803458,-0.006825349,0.999942370,-0.008286861,-0.139350480,0.635719197,0.010735803,0.771845739,-0.247291322,0.000000000,0.000000000,0.000000000,1.000000000
1790226894848116127,1790226894,848116127,1790226894856933947,RR_calflower1,0.978241515,0.000000000,-0.207469367,-0.212092127,-0.002227350,0.999942370,-0.010502208,-0.138950752,0.207457411,0.010735803,0.978185139,-0.284522344,0.000000000,0.000000000,0.000000000,1.000000000
1790226894848116127,1790226894,848116127,1790226894856933947,RR_foot,0.739151013,0.000000000,-0.673539739,-0.200806395,-0.007230990,0.999942370,-0.007935380,-0.138690061,0.673500922,0.010735803,0.739108416,-0.308803388,0.000000000,0.000000000,0.000000000,1.000000000
1790226894913732386,1790226894,913732386,1790226894923700861,FL_hip,1.000000000,-0.000000000,0.000000000,0.193400000,0.000000000,0.995409786,0.095704538,0.046500000,-0.000000000,-0.095704538,0.995409786,0.000000000,0.000000000,0.000000000,0.000000000,1.000000000
1790226894913732386,1790226894,913732386,1790226894923700861,FL_thigh,0.759313545,0.000000000,0.650724935,0.193400000,-0.062277329,0.995409786,0.072669752,0.141561635,-0.647737968,-0.095704538,0.755828133,-0.009139783,0.000000000,0.000000000,0.000000000,1.000000000
1790226894913732386,1790226894,913732386,1790226894923700861,FL_calf,0.631988703,0.000000000,-0.774977599,0.054795589,0.074168873,0.995409786,0.060484187,0.126082977,0.771420286,-0.095704538,0.629087739,-0.170131176,0.000000000,0.000000000,0.000000000,1.000000000
1790226894913732386,1790226894,913732386,1790226894923700861,FL_calflower,0.669931618,0.000000000,-0.742422809,0.182132048,0.071053232,0.995409786,0.064115496,0.118614695,0.739014929,-0.095704538,0.666856489,-0.247807755,0.000000000,0.000000000,0.000000000,1.000000000
1790226894913732386,1790226894,913732386,1790226894923700861,FL_calflower1,0.937061337,0.000000000,-0.349164791,0.205129644,0.033416655,0.995409786,0.089681023,0.115339543,0.347562050,-0.095704538,0.932760024,-0.281872164,0.000000000,0.000000000,0.000000000,1.000000000
1790226894913732386,1790226894,913732386,1790226894923700861,FL_foot,0.631988703,0.000000000,-0.774977599,0.219865818,0.074168873,0.995409786,0.060484187,0.113199845,0.771420286,-0.095704538,0.629087739,-0.304126864,0.000000000,0.000000000,0.000000000,1.000000000
1790226894913732386,1790226894,913732386,1790226894923700861,FR_hip,1.000000000,0.000000000,0.000000000,0.193400000,0.000000000,0.983589286,-0.180422052,-0.046500000,0.000000000,0.180422052,0.983589286,0.000000000,0.000000000,0.000000000,0.000000000,1.000000000
1790226894913732386,1790226894,913732386,1790226894923700861,FR_thigh,0.853785126,0.000000000,0.520625546,0.193400000,0.093932329,0.983589286,-0.154041664,-0.140432777,-0.512081709,0.180422052,0.839773902,-0.017230306,0.000000000,0.000000000,0.000000000,1.000000000
1790226894913732386,1790226894,913732386,1790226894923700861,FR_calf,0.531025613,0.000000000,-0.847355769,0.082506759,-0.152881667,0.983589286,-0.095808731,-0.107621902,0.833450055,0.180422052,0.522311103,-0.196102147,0.000000000,0.000000000,0.000000000,1.000000000
1790226894913732386,1790226894,913732386,1790226894923700861,FR_calflower,0.572712106,0.000000000,-0.819756576,0.218535925,-0.147902163,0.983589286,-0.103329893,-0.096499843,0.806303785,0.180422052,0.563313492,-0.256735189,0.000000000,0.000000000,0.000000000,1.000000000
1790226894913732386,1790226894,913732386,1790226894923700861,FR_calflower1,0.886539246,-0.000000000,-0.462653396,0.245599067,-0.083472875,0.983589286,-0.159951230,-0.090887626,0.455060923,0.180422052,0.871990504,-0.287330767,0.000000000,0.000000000,0.000000000,1.000000000
1790226894913732386,1790226894,913732386,1790226894923700861,FR_foot,0.531025613,0.000000000,-0.847355769,0.262993537,-0.152881667,0.983589286,-0.095808731,-0.087214643,0.833450055,0.180422052,0.522311103,-0.307354412,0.000000000,0.000000000,0.000000000,1.000000000
1790226894913732386,1790226894,913732386,1790226894923700861,RL_hip,1.000000000,0.000000000,0.000000000,-0.193400000,0.000000000,0.999650355,-0.026441770,0.046500000,0.000000000,0.026441770,0.999650355,0.000000000,0.000000000,0.000000000,0.000000000,1.000000000
1790226894913732386,1790226894,913732386,1790226894923700861,RL_thigh,0.689766389,-0.000000000,0.724031994,-0.193400000,0.019144688,0.999650355,-0.018238644,0.141966609,-0.723778840,0.026441770,0.689525216,0.002525189,0.000000000,0.000000000,0.000000000,1.000000000
1790226894913732386,1790226894,913732386,1790226894923700861,RL_calf,0.734805408,0.000000000,-0.678277976,-0.347618815,-0.017934870,0.999650355,-0.019429556,0.145851440,0.678040819,0.026441770,0.734548487,-0.144343682,0.000000000,0.000000000,0.000000000,1.000000000
1790226894913732386,1790226894,913732386,1790226894923700861,RL_calflower,0.767786862,0.000000000,-0.640705341,-0.232537566,-0.016941383,0.999650355,-0.020301644,0.148368317,0.640481322,0.026441770,0.767518410,-0.239496042,0.000000000,0.000000000,0.000000000,1.000000000
1790226894913732386,1790226894,913732386,1790226894923700861,RL_calflower1,0.976887433,-0.000000000,-0.213754400,-0.214587221,-0.005652045,0.999650355,-0.025830633,0.149349797,0.213679662,0.026441770,0.976545869,-0.276601591,0.000000000,0.000000000,0.000000000,1.000000000
1790226894913732386,1790226894,913732386,1790226894923700861,RL_foot,0.734805408,0.000000000,-0.678277976,-0.203145606,-0.017934870,0.999650355,-0.019429556,0.149989936,0.678040819,0.026441770,0.734548487,-0.300802510,0.000000000,0.000000000,0.000000000,1.000000000
1790226894913732386,1790226894,913732386,1790226894923700861,RR_hip,1.000000000,0.000000000,0.000000000,-0.193400000,0.000000000,0.999938739,-0.011068836,-0.046500000,0.000000000,0.011068836,0.999938739,0.000000000,0.000000000,0.000000000,0.000000000,1.000000000
1790226894913732386,1790226894,913732386,1790226894923700861,RR_thigh,0.705706909,0.000000000,0.708503887,-0.193400000,0.007842313,0.999938739,-0.007811354,-0.141994150,-0.708460483,0.011068836,0.705663676,-0.001057074,0.000000000,0.000000000,0.000000000,1.000000000
1790226894913732386,1790226894,913732386,1790226894923700861,RR_calf,0.739345129,0.000000000,-0.673326652,-0.344311328,-0.007452942,0.999938739,-0.008183690,-0.140330331,0.673285403,0.011068836,0.739299836,-0.151363437,0.000000000,0.000000000,0.000000000,1.000000000
1790226894913732386,1790226894,913732386,1790226894923700861,RR_calflower,0.772073447,-0.000000000,-0.635533313,-0.229872081,-0.007034614,0.999938739,-0.008545954,-0.139268204,0.635494380,0.011068836,0.772026149,-0.247314105,0.000000000,0.000000000,0.000000000,1.000000000
1790226894913732386,1790226894,913732386,1790226894923700861,RR_calflower1,0.978301277,0.000000000,-0.207187382,-0.212171483,-0.002293323,0.999938739,-0.010828657,-0.138856019,0.207174690,0.011068836,0.978241345,-0.284550094,0.000000000,0.000000000,0.000000000,1.000000000
1790226894913732386,1790226894,913732386,1790226894923700861,RR_foot,0.739345129,0.000000000,-0.673326652,-0.200892751,-0.007452942,0.999938739,-0.008183690,-0.138587205,0.673285403,0.011068836,0.739299836,-0.308834302,0.000000000,0.000000000,0.000000000,1.000000000
1790226895483836971,1790226895,483836971,1790226895490316094,FL_hip,1.000000000,-0.000000000,0.000000000,0.193400000,0.000000000,0.995392383,0.095885370,0.046500000,-0.000000000,-0.095885370,0.995392383,0.000000000,0.000000000,0.000000000,0.000000000,1.000000000
1790226895483836971,1790226895,483836971,1790226895490316094,FL_thigh,0.755617051,0.000000000,0.655013643,0.193400000,-0.062806226,0.995392383,0.072452621,0.141559973,-0.651995591,-0.095885370,0.752135457,-0.009157053,0.000000000,0.000000000,0.000000000,1.000000000
1790226895483836971,1790226895,483836971,1790226895490316094,FL_calf,0.636366399,0.000000000,-0.771386937,0.053882094,0.073964722,0.995392383,0.061018228,0.126127564,0.767832681,-0.095885370,0.633434266,-0.169361905,0.000000000,0.000000000,0.000000000,1.000000000
1790226895483836971,1790226895,483836971,1790226895490316094,FL_calflower,0.674124385,0.000000000,-0.738617840,0.180774689,0.070822645,0.995392383,0.064638666,0.118576161,0.735214572,-0.095885370,0.671018278,-0.247753523,0.000000000,0.000000000,0.000000000,1.000000000
1790226895483836971,1790226895,483836971,1790226895490316094,FL_calflower1,0.939023244,0.000000000,-0.343853671,0.203578158,0.032970537,0.995392383,0.090038592,0.115282388,0.342269325,-0.095885370,0.934696584,-0.281946400,0.000000000,0.000000000,0.000000000,1.000000000
1790226895483836971,1790226895,483836971,1790226895490316094,FL_foot,0.636366399,0.000000000,-0.771386937,0.218187512,0.073964722,0.995392383,0.061018228,0.113130682,0.767832681,-0.095885370,0.633434266,-0.304283404,0.000000000,0.000000000,0.000000000,1.000000000
1790226895483836971,1790226895,483836971,1790226895490316094,FR_hip,1.000000000,0.000000000,0.000000000,0.193400000,0.000000000,0.983801647,-0.179260477,-0.046500000,0.000000000,0.179260477,0.983801647,0.000000000,0.000000000,0.000000000,0.000000000,1.000000000
1790226895483836971,1790226895,483836971,1790226895490316094,FR_thigh,0.850346098,0.000000000,0.526223825,0.193400000,0.094331134,0.983801647,-0.152433447,-0.140453057,-0.517699865,0.179260477,0.836571892,-0.017119376,0.000000000,0.000000000,0.000000000,1.000000000
1790226895483836971,1790226895,483836971,1790226895490316094,FR_calf,0.536741361,-0.000000000,-0.843746829,0.081314325,-0.151250459,0.983801647,-0.096216512,-0.107984733,0.830079520,0.179260477,0.528047035,-0.195309189,0.000000000,0.000000000,0.000000000,1.000000000
1790226895483836971,1790226895,483836971,1790226895490316094,FR_calflower,0.578240339,0.000000000,-0.815866478,0.216923683,-0.146252614,0.983801647,-0.103655639,-0.096769698,0.802650785,0.179260477,0.568873798,-0.256858559,0.000000000,0.000000000,0.000000000,1.000000000
1790226895483836971,1790226895,483836971,1790226895490316094,FR_calflower1,0.889646395,-0.000000000,-0.456650076,0.243775939,-0.081859311,0.983801647,-0.159478437,-0.091160947,0.449253097,0.179260477,0.875235589,-0.287640019,0.000000000,0.000000000,0.000000000,1.000000000
1790226895483836971,1790226895,483836971,1790226895490316094,FR_foot,0.536741361,-0.000000000,-0.843746829,0.261032400,-0.151250459,0.983801647,-0.096216512,-0.087490616,0.830079520,0.179260477,0.528047035,-0.307783207,0.000000000,0.000000000,0.000000000,1.000000000
1790226895483836971,1790226895,483836971,1790226895490316094,RL_hip,1.000000000,0.000000000,0.000000000,-0.193400000,0.000000000,0.999599815,-0.028287988,0.046500000,0.000000000,0.028287988,0.999599815,0.000000000,0.000000000,0.000000000,0.000000000,1.000000000
1790226895483836971,1790226895,483836971,1790226895490316094,RL_thigh,0.686977238,0.000000000,0.726678935,-0.193400000,0.020556285,0.999599815,-0.019433204,0.141961782,-0.726388129,0.028287988,0.686702320,0.002701503,0.000000000,0.000000000,0.000000000,1.000000000
1790226895483836971,1790226895,483836971,1790226895490316094,RL_calf,0.737408094,0.000000000,-0.675447484,-0.348182613,-0.019107050,0.999599815,-0.020859791,0.146101055,0.675177180,0.028287988,0.737112994,-0.143566091,0.000000000,0.000000000,0.000000000,1.000000000
1790226895483836971,1790226895,483836971,1790226895490316094,RL_calflower,0.770244830,0.000000000,-0.637748306,-0.233468224,-0.018040616,0.999599815,-0.021788676,0.148806163,0.637493089,0.028287988,0.769936589,-0.239155271,0.000000000,0.000000000,0.000000000,1.000000000
1790226895483836971,1790226895,483836971,1790226895490316094,RL_calflower1,0.977702140,-0.000000000,-0.209996487,-0.215660740,-0.005940378,0.999599815,-0.027657226,0.149858116,0.209912450,0.028287988,0.977310878,-0.276327665,0.000000000,0.000000000,0.000000000,1.000000000
1790226895483836971,1790226895,483836971,1790226895490316094,RL_foot,0.737408094,0.000000000,-0.675447484,-0.204312299,-0.019107050,0.999599815,-0.020859791,0.150544190,0.675177180,0.028287988,0.737112994,-0.300571159,0.000000000,0.000000000,0.000000000,1.000000000
1790226895483836971,1790226895,483836971,1790226895490316094,RR_hip,1.000000000,0.000000000,0.000000000,-0.193400000,0.000000000,0.999918147,-0.012794533,-0.046500000,0.000000000,0.012794533,0.999918147,0.000000000,0.000000000,0.000000000,0.000000000,1.000000000
1790226895483836971,1790226895,483836971,1790226895490316094,RR_thigh,0.699675146,-0.000000000,0.714461118,-0.193400000,0.009141196,0.999918147,-0.008952017,-0.141992183,-0.714402637,0.012794533,0.699617876,-0.001221878,0.000000000,0.000000000,0.000000000,1.000000000
1790226895483836971,1790226895,483836971,1790226895490316094,RR_calf,0.745016249,0.000000000,-0.667046317,-0.345580218,-0.008534546,0.999918147,-0.009532135,-0.140085403,0.666991717,0.012794533,0.744955267,-0.150240485,0.000000000,0.000000000,0.000000000,1.000000000
1790226895483836971,1790226895,483836971,1790226895490316094,RR_calflower,0.777423593,0.000000000,-0.628977389,-0.231957038,-0.008047472,0.999918147,-0.009946772,-0.138845338,0.628925905,0.012794533,0.777359959,-0.247154031,0.000000000,0.000000000,0.000000000,1.000000000
1790226895483836971,1790226895,483836971,1790226895490316094,RR_calflower1,0.980019441,0.000000000,-0.198901725,-0.214572179,-0.002544855,0.999918147,-0.012538891,-0.138366993,0.198885444,0.012794533,0.979939223,-0.284537688,0.000000000,0.000000000,0.000000000,1.000000000
1790226895483836971,1790226895,483836971,1790226895490316094,RR_foot,0.745016249,0.000000000,-0.667046317,-0.203499353,-0.008534546,0.999918147,-0.009532135,-0.138055059,0.666991717,0.012794533,0.744955267,-0.308915957,0.000000000,0.000000000,0.000000000,1.000000000
1790226895549957650,1790226895,549957650,1790226895556898724,FL_hip,1.000000000,-0.000000000,0.000000000,0.193400000,0.000000000,0.995392383,0.095885370,0.046500000,-0.000000000,-0.095885370,0.995392383,0.000000000,0.000000000,0.000000000,0.000000000,1.000000000
1790226895549957650,1790226895,549957650,1790226895556898724,FL_thigh,0.755160703,0.000000000,0.655539711,0.193400000,-0.062856668,0.995392383,0.072408864,0.141559973,-0.652519235,-0.095885370,0.751681211,-0.009157053,0.000000000,0.000000000,0.000000000,1.000000000
1790226895549957650,1790226895,549957650,1790226895556898724,FL_calf,0.636903455,0.000000000,-0.770943571,0.053770042,0.073922210,0.995392383,0.061069724,0.126136885,0.767391358,-0.095885370,0.633968847,-0.169265151,0.000000000,0.000000000,0.000000000,1.000000000
1790226895549957650,1790226895,549957650,1790226895556898724,FL_calflower,0.674638610,0.000000000,-0.738148187,0.180607759,0.070777612,0.995392383,0.064687973,0.118577010,0.734747082,-0.095885370,0.671530134,-0.247744713,0.000000000,0.000000000,0.000000000,1.000000000
1790226895549957650,1790226895,549957650,1790226895556898724,FL_calflower1,0.939262483,-0.000000000,-0.343199633,0.203387300,0.032907824,0.995392383,0.090061531,0.115281715,0.341618300,-0.095885370,0.934934721,-0.281953389,0.000000000,0.000000000,0.000000000,1.000000000
1790226895549957650,1790226895,549957650,1790226895556898724,FL_foot,0.636903455,0.000000000,-0.770943571,0.217981022,0.073922210,0.995392383,0.061069724,0.113129033,0.767391358,-0.095885370,0.633968847,-0.304300515,0.000000000,0.000000000,0.000000000,1.000000000
1790226895549957650,1790226895,549957650,1790226895556898724,FR_hip,1.000000000,0.000000000,0.000000000,0.193400000,0.000000000,0.983823352,-0.179141321,-0.046500000,0.000000000,0.179141321,0.983823352,0.000000000,0.000000000,0.000000000,0.000000000,1.000000000
1790226895549957650,1790226895,549957650,1790226895556898724,FR_thigh,0.849787944,-0.000000000,0.527124701,0.193400000,0.094429815,0.983823352,-0.152232135,-0.140455130,-0.518597590,0.179141321,0.836041223,-0.017107996,0.000000000,0.000000000,0.000000000,1.000000000
1790226895549957650,1790226895,549957650,1790226895556898724,FR_calf,0.537635237,-0.000000000,-0.843177533,0.081122439,-0.151047937,0.983823352,-0.096312687,-0.108029685,0.829537746,0.179141321,0.528938101,-0.195184777,0.000000000,0.000000000,0.000000000,1.000000000
1790226895549957650,1790226895,549957650,1790226895556898724,FR_calflower,0.579104646,-0.000000000,-0.815253218,0.216665418,-0.146045538,0.983823352,-0.103741571,-0.096796366,0.802065153,0.179141321,0.569736674,-0.256876861,0.000000000,0.000000000,0.000000000,1.000000000
1790226895549957650,1790226895,549957650,1790226895556898724,FR_calflower1,0.890129839,-0.000000000,-0.455706999,0.243484501,-0.081635954,0.983823352,-0.159459035,-0.091186248,0.448335187,0.179141321,0.875730522,-0.287686979,0.000000000,0.000000000,0.000000000,1.000000000
1790226895549957650,1790226895,549957650,1790226895556898724,FR_foot,0.537635237,-0.000000000,-0.843177533,0.260719253,-0.151047937,0.983823352,-0.096312687,-0.087515083,0.829537746,0.179141321,0.528938101,-0.307848592,0.000000000,0.000000000,0.000000000,1.000000000
1790226895549957650,1790226895,549957650,1790226895556898724,RL_hip,1.000000000,0.000000000,0.000000000,-0.193400000,0.000000000,0.999591204,-0.028590657,0.046500000,0.000000000,0.028590657,0.999591204,0.000000000,0.000000000,0.000000000,0.000000000,1.000000000
1790226895549957650,1790226895,549957650,1790226895556898724,RL_thigh,0.686933230,0.000000000,0.726720536,-0.193400000,0.020777418,0.999591204,-0.019639872,0.141960960,-0.726423455,0.028590657,0.686652414,0.002730408,0.000000000,0.000000000,0.000000000,1.000000000
1790226895549957650,1790226895,549957650,1790226895556898724,RL_calf,0.737459624,0.000000000,-0.675391222,-0.348191474,-0.019309879,0.999591204,-0.021084455,0.146144253,0.675115124,0.028590657,0.737158153,-0.143526557,0.000000000,0.000000000,0.000000000,1.000000000
1790226895549957650,1790226895,549957650,1790226895556898724,RL_calflower,0.770293484,0.000000000,-0.637689539,-0.233484381,-0.018231963,0.999591204,-0.022023197,0.148878555,0.637428854,0.028590657,0.769978591,-0.239123661,0.000000000,0.000000000,0.000000000,1.000000000
1790226895549957650,1790226895,549957650,1790226895556898724,RL_calflower1,0.977718159,-0.000000000,-0.209921894,-0.215679734,-0.006001805,0.999591204,-0.027953604,0.149941802,0.209836078,0.028590657,0.977318471,-0.276297093,0.000000000,0.000000000,0.000000000,1.000000000
1790226895549957650,1790226895,549957650,1790226895556898724,RL_foot,0.737459624,0.000000000,-0.675391222,-0.204333144,-0.019309879,0.999591204,-0.021084455,0.150635242,0.675115124,0.028590657,0.737158153,-0.300541243,0.000000000,0.000000000,0.000000000,1.000000000
1790226895549957650,1790226895,549957650,1790226895556898724,RR_hip,1.000000000,0.000000000,0.000000000,-0.193400000,0.000000000,0.999913432,-0.013157832,-0.046500000,0.000000000,0.013157832,0.999913432,0.000000000,0.000000000,0.000000000,0.000000000,1.000000000
1790226895549957650,1790226895,549957650,1790226895556898724,RR_thigh,0.698441008,0.000000000,0.715667631,-0.193400000,0.009416634,0.999913432,-0.009189969,-0.141991733,-0.715605677,0.013157832,0.698380545,-0.001256573,0.000000000,0.000000000,0.000000000,1.000000000
1790226895549957650,1790226895,549957650,1790226895556898724,RR_calf,0.746176878,-0.000000000,-0.665747750,-0.345837205,-0.008759797,0.999913432,-0.009818070,-0.140034269,0.665690117,0.013157832,0.746112283,-0.150011629,0.000000000,0.000000000,0.000000000,1.000000000
1790226895549957650,1790226895,549957650,1790226895556898724,RR_calflower,0.778517871,-0.000000000,-0.627622438,-0.232383001,-0.008258150,0.999913432,-0.010243607,-0.138756391,0.627568106,0.013157832,0.778450476,-0.247122445,0.000000000,0.000000000,0.000000000,1.000000000
1790226895549957650,1790226895,549957650,1790226895556898724,RR_calflower1,0.980364371,-0.000000000,-0.197194575,-0.215063282,-0.002594653,0.999913432,-0.012899469,-0.138264065,0.197177505,0.013157832,0.980279503,-0.284536145,0.000000000,0.000000000,0.000000000,1.000000000
1790226895549957650,1790226895,549957650,1790226895556898724,RR_foot,0.746176878,-0.000000000,-0.665747750,-0.204032935,-0.008759797,0.999913432,-0.009818070,-0.137943020,0.665690117,0.013157832,0.746112283,-0.308933545,0.000000000,0.000000000,0.000000000,1.000000000
1790226895600497932,1790226895,600497932,1790226895623653374,FL_hip,1.000000000,-0.000000000,0.000000000,0.193400000,0.000000000,0.995389479,0.095915510,0.046500000,-0.000000000,-0.095915510,0.995389479,0.000000000,0.000000000,0.000000000,0.000000000,1.000000000
1790226895600497932,1790226895,600497932,1790226895623653374,FL_thigh,0.755001926,-0.000000000,0.655722572,0.193400000,-0.062893965,0.995389479,0.072416395,0.141559695,-0.652699349,-0.095915510,0.751520974,-0.009159931,0.000000000,0.000000000,0.000000000,1.000000000
1790226895600497932,1790226895,600497932,1790226895623653374,FL_calf,0.637102359,0.000000000,-0.770779206,0.053731092,0.073929681,0.995389479,0.061107998,0.126135003,0.767225512,-0.095915510,0.634164985,-0.169233899,0.000000000,0.000000000,0.000000000,1.000000000
1790226895600497932,1790226895,600497932,1790226895623653374,FL_calflower,0.674829051,0.000000000,-0.737974086,0.180548462,0.070783161,0.995389479,0.064726573,0.118569613,0.734571641,-0.095915510,0.671717738,-0.247745806,0.000000000,0.000000000,0.000000000,1.000000000
1790226895600497932,1790226895,600497932,1790226895623653374,FL_calflower1,0.939351007,0.000000000,-0.342957265,0.203319135,0.032894921,0.995389479,0.090098331,0.115272719,0.341376053,-0.095915510,0.935020110,-0.281960232,0.000000000,0.000000000,0.000000000,1.000000000
1790226895600497932,1790226895,600497932,1790226895623653374,FL_foot,0.637102359,0.000000000,-0.770779206,0.217907063,0.073929681,0.995389479,0.061107998,0.113119000,0.767225512,-0.095915510,0.634164985,-0.304311040,0.000000000,0.000000000,0.000000000,1.000000000
1790226895600497932,1790226895,600497932,1790226895623653374,FR_hip,1.000000000,0.000000000,0.000000000,0.193400000,0.000000000,0.983834198,-0.179081742,-0.046500000,0.000000000,0.179081742,0.983834198,0.000000000,0.000000000,0.000000000,0.000000000,1.000000000
1790226895600497932,1790226895,600497932,1790226895623653374,FR_thigh,0.849612327,-0.000000000,0.527407711,0.193400000,0.094449092,0.983834198,-0.152150056,-0.140456166,-0.518881742,0.179081742,0.835877663,-0.017102306,0.000000000,0.000000000,0.000000000,1.000000000
1790226895600497932,1790226895,600497932,1790226895623653374,FR_calf,0.537916045,-0.000000000,-0.842998415,0.081062158,-0.150965625,0.983834198,-0.096330942,-0.108048204,0.829370670,0.179081742,0.529220201,-0.195144249,0.000000000,0.000000000,0.000000000,1.000000000
1790226895600497932,1790226895,600497932,1790226895623653374,FR_calflower,0.579376151,0.000000000,-0.815060290,0.216584244,-0.145962417,0.983834198,-0.103755690,-0.096810537,0.801884187,0.179081742,0.570010071,-0.256881425,0.000000000,0.000000000,0.000000000,1.000000000
1790226895600497932,1790226895,600497932,1790226895623653374,FR_calflower1,0.890281573,0.000000000,-0.455410498,0.243392894,-0.081555705,0.983834198,-0.159433175,-0.091200685,0.448048422,0.179081742,0.875889457,-0.287700670,0.000000000,0.000000000,0.000000000,1.000000000
1790226895600497932,1790226895,600497932,1790226895623653374,FR_foot,0.537916045,-0.000000000,-0.842998415,0.260620820,-0.150965625,0.983834198,-0.096330942,-0.087529713,0.829370670,0.179081742,0.529220201,-0.307868151,0.000000000,0.000000000,0.000000000,1.000000000
1790226895600497932,1790226895,600497932,1790226895623653374,RL_hip,1.000000000,0.000000000,0.000000000,-0.193400000,0.000000000,0.999589470,-0.028651190,0.046500000,0.000000000,0.028651190,0.999589470,0.000000000,0.000000000,0.000000000,0.000000000,1.000000000
1790226895600497932,1790226895,600497932,1790226895623653374,RL_thigh,0.686933230,0.000000000,0.726720536,-0.193400000,0.020821408,0.999589470,-0.019681455,0.141960794,-0.726422196,0.028651190,0.686651224,0.002736189,0.000000000,0.000000000,0.000000000,1.000000000
1790226895600497932,1790226895,600497932,1790226895623653374,RL_calf,0.737448996,0.000000000,-0.675402826,-0.348191474,-0.019351095,0.999589470,-0.021128792,0.146152944,0.675125553,0.028651190,0.737146252,-0.143520522,0.000000000,0.000000000,0.000000000,1.000000000
1790226895600497932,1790226895,600497932,1790226895623653374,RL_calflower,0.770283449,0.000000000,-0.637701660,-0.233482876,-0.018270912,0.999589470,-0.022069538,0.148892984,0.637439865,0.028651190,0.769967225,-0.239115656,0.000000000,0.000000000,0.000000000,1.000000000
1790226895600497932,1790226895,600497932,1790226895623653374,RL_calflower1,0.977714856,0.000000000,-0.209937279,-0.215677644,-0.006014953,0.999589470,-0.028012695,0.149958474,0.209851093,0.028651190,0.977313475,-0.276288744,0.000000000,0.000000000,0.000000000,1.000000000
1790226895600497932,1790226895,600497932,1790226895623653374,RL_foot,0.737448996,0.000000000,-0.675402826,-0.204330672,-0.019351095,0.999589470,-0.021128792,0.150653377,0.675125553,0.028651190,0.737146252,-0.300532674,0.000000000,0.000000000,0.000000000,1.000000000
1790226895600497932,1790226895,600497932,1790226895623653374,RR_hip,1.000000000,0.000000000,0.000000000,-0.193400000,0.000000000,0.999912233,-0.013248657,-0.046500000,0.000000000,0.013248657,0.999912233,0.000000000,0.000000000,0.000000000,0.000000000,1.000000000
1790226895600497932,1790226895,600497932,1790226895623653374,RR_thigh,0.698181009,0.000000000,0.715921279,-0.193400000,0.009484995,0.999912233,-0.009249961,-0.141991618,-0.715858445,0.013248657,0.698119732,-0.001265247,0.000000000,0.000000000,0.000000000,1.000000000
1790226895600497932,1790226895,600497932,1790226895623653374,RR_calf,0.746408177,0.000000000,-0.665488417,-0.345891232,-0.008816828,0.999912233,-0.009888906,-0.140021377,0.665430009,0.013248657,0.746342667,-0.149964750,0.000000000,0.000000000,0.000000000,1.000000000
1790226895600497932,1790226895,600497932,1790226895623653374,RR_calflower,0.778735920,0.000000000,-0.627351869,-0.232470783,-0.008311570,0.999912233,-0.010317205,-0.138734155,0.627296808,0.013248657,0.778667572,-0.247114864,0.000000000,0.000000000,0.000000000,1.000000000
1790226895600497932,1790226895,600497932,1790226895623653374,RR_calflower1,0.980432836,-0.000000000,-0.196853892,-0.215164068,-0.002608050,0.999912233,-0.012989418,-0.138238351,0.196836614,0.013248657,0.980346786,-0.284534535,0.000000000,0.000000000,0.000000000,1.000000000
1790226895600497932,1790226895,600497932,1790226895623653374,RR_foot,0.746408177,0.000000000,-0.665488417,-0.204142200,-0.008816828,0.999912233,-0.009888906,-0.137915040,0.665430009,0.013248657,0.746342667,-0.308935738,0.000000000,0.000000000,0.000000000,1.000000000
1790226895680577676,1790226895,680577676,1790226895690357430,FL_hip,1.000000000,-0.000000000,0.000000000,0.193400000,0.000000000,0.995386574,0.095945650,0.046500000,-0.000000000,-0.095945650,0.995386574,0.000000000,0.000000000,0.000000000,0.000000000,1.000000000
1790226895680577676,1790226895,680577676,1790226895690357430,FL_thigh,0.754425848,0.000000000,0.656385283,0.193400000,-0.062977312,0.995386574,0.072383878,0.141559418,-0.653357098,-0.095945650,0.750945360,-0.009162810,0.000000000,0.000000000,0.000000000,1.000000000
1790226895680577676,1790226895,680577676,1790226895690357430,FL_calf,0.637791142,-0.000000000,-0.770209360,0.053589935,0.073898237,0.995386574,0.061193285,0.126141652,0.766656057,-0.095945650,0.634848740,-0.169114171,0.000000000,0.000000000,0.000000000,1.000000000
1790226895680577676,1790226895,680577676,1790226895690357430,FL_calflower,0.675488494,0.000000000,-0.737370528,0.180336743,0.070747494,0.995386574,0.064810182,0.118563010,0.733968723,-0.095945650,0.672372178,-0.247738664,0.000000000,0.000000000,0.000000000,1.000000000
1790226895680577676,1790226895,680577676,1790226895690357430,FL_calflower1,0.939657219,-0.000000000,-0.342117395,0.203076679,0.032824676,0.995386574,0.090156022,0.115263128,0.340539061,-0.095945650,0.935322180,-0.281973238,0.000000000,0.000000000,0.000000000,1.000000000
1790226895680577676,1790226895,680577676,1790226895690357430,FL_foot,0.637791142,-0.000000000,-0.770209360,0.217644528,0.073898237,0.995386574,0.061193285,0.113107482,0.766656057,-0.095945650,0.634848740,-0.304336953,0.000000000,0.000000000,0.000000000,1.000000000
1790226895680577676,1790226895,680577676,1790226895690357430,FR_hip,1.000000000,0.000000000,0.000000000,0.193400000,0.000000000,0.983872123,-0.178873269,-0.046500000,0.000000000,0.178873269,0.983872123,0.000000000,0.000000000,0.000000000,0.000000000,1.000000000
1790226895680577676,1790226895,680577676,1790226895690357430,FR_thigh,0.849036985,0.000000000,0.528333416,0.193400000,0.094504725,0.983872123,-0.151870021,-0.140459788,-0.519812519,0.178873269,0.835343820,-0.017082397,0.000000000,0.000000000,0.000000000,1.000000000
1790226895680577676,1790226895,680577676,1790226895690357430,FR_calf,0.538834535,0.000000000,-0.842411624,0.080864982,-0.150684921,0.983872123,-0.096383095,-0.108111473,0.828825312,0.178873269,0.530144278,-0.195010631,0.000000000,0.000000000,0.000000000,1.000000000
1790226895680577676,1790226895,680577676,1790226895690357430,FR_calflower,0.580264165,0.000000000,-0.814428326,0.216318593,-0.145679457,0.983872123,-0.103793748,-0.096860474,0.801293326,0.178873269,0.570905736,-0.256895478,0.000000000,0.000000000,0.000000000,1.000000000
1790226895680577676,1790226895,680577676,1790226895690357430,FR_calflower1,0.890777410,0.000000000,-0.454439882,0.243093085,-0.081287147,0.983872123,-0.159336267,-0.091251929,0.447110732,0.178873269,0.876411061,-0.287744641,0.000000000,0.000000000,0.000000000,1.000000000
1790226895680577676,1790226895,680577676,1790226895690357430,FR_foot,0.538834535,0.000000000,-0.842411624,0.260298658,-0.150684921,0.983872123,-0.096383095,-0.087581874,0.828825312,0.178873269,0.530144278,-0.307931362,0.000000000,0.000000000,0.000000000,1.000000000
1790226895680577676,1790226895,680577676,1790226895690357430,RL_hip,1.000000000,0.000000000,0.000000000,-0.193400000,0.000000000,0.999580749,-0.028953856,0.046500000,0.000000000,0.028953856,0.999580749,0.000000000,0.000000000,0.000000000,0.000000000,1.000000000
1790226895680577676,1790226895,680577676,1790226895690357430,RL_thigh,0.686999241,-0.000000000,0.726658134,-0.193400000,0.021039555,0.999580749,-0.019891277,0.141959962,-0.726353482,0.028953856,0.686711216,0.002765093,0.000000000,0.000000000,0.000000000,1.000000000
1790226895680577676,1790226895,680577676,1790226895690357430,RL_calf,0.737387642,0.000000000,-0.675469811,-0.348178182,-0.019557456,0.999580749,-0.021350216,0.146196804,0.675186620,0.028953856,0.737078491,-0.143504396,0.000000000,0.000000000,0.000000000,1.000000000
1790226895680577676,1790226895,680577676,1790226895690357430,RL_calflower,0.770225519,0.000000000,-0.637771628,-0.233460898,-0.018465948,0.999580749,-0.022300999,0.148965486,0.637504242,0.028953856,0.769902601,-0.239088280,0.000000000,0.000000000,0.000000000,1.000000000
1790226895680577676,1790226895,680577676,1790226895690357430,RL_calflower1,0.977695781,0.000000000,-0.210026091,-0.215652288,-0.006081065,0.999580749,-0.028308063,0.150042186,0.209938037,0.028953856,0.977285882,-0.276259426,0.000000000,0.000000000,0.000000000,1.000000000
1790226895680577676,1790226895,680577676,1790226895690357430,RL_foot,0.737387642,0.000000000,-0.675469811,-0.204303113,-0.019557456,0.999580749,-0.021350216,0.150744400,0.675186620,0.028953856,0.737078491,-0.300502114,0.000000000,0.000000000,0.000000000,1.000000000
1790226895680577676,1790226895,680577676,1790226895690357430,RR_hip,1.000000000,0.000000000,0.000000000,-0.193400000,0.000000000,0.999908585,-0.013521131,-0.046500000,0.000000000,0.013521131,0.999908585,0.000000000,0.000000000,0.000000000,0.000000000,1.000000000
1790226895680577676,1790226895,680577676,1790226895690357430,RR_thigh,0.697769021,0.000000000,0.716322827,-0.193400000,0.009685495,0.999908585,-0.009434626,-0.141991270,-0.716257345,0.013521131,0.697705235,-0.001291268,0.000000000,0.000000000,0.000000000,1.000000000
1790226895680577676,1790226895,680577676,1790226895690357430,RR_calf,0.746801377,0.000000000,-0.665047144,-0.345976762,-0.008992189,0.999908585,-0.010097599,-0.139981695,0.664986349,0.013521131,0.746733108,-0.149902483,0.000000000,0.000000000,0.000000000,1.000000000
1790226895680577676,1790226895,680577676,1790226895690357430,RR_calflower,0.779106573,0.000000000,-0.626891496,-0.232613757,-0.008476282,0.999908585,-0.010534402,-0.138667094,0.626834189,0.013521131,0.779035352,-0.247119256,0.000000000,0.000000000,0.000000000,1.000000000
1790226895680577676,1790226895,680577676,1790226895690357430,RR_calflower1,0.980549013,0.000000000,-0.196274383,-0.215329163,-0.002653852,0.999908585,-0.013258131,-0.138160955,0.196256440,0.013521131,0.980459376,-0.284549012,0.000000000,0.000000000,0.000000000,1.000000000
1790226895680577676,1790226895,680577676,1790226895690357430,RR_foot,0.746801377,0.000000000,-0.665047144,-0.204321721,-0.008992189,0.999908585,-0.010097599,-0.137830906,0.664986349,0.013521131,0.746733108,-0.308956635,0.000000000,0.000000000,0.000000000,1.000000000
1790226895703597281,1790226895,703597281,1790226895723680679,FL_hip,1.000000000,-0.000000000,0.000000000,0.193400000,0.000000000,0.995380763,0.096005921,0.046500000,-0.000000000,-0.096005921,0.995380763,0.000000000,0.000000000,0.000000000,0.000000000,1.000000000
1790226895703597281,1790226895,703597281,1790226895723680679,FL_thigh,0.753889016,-0.000000000,0.657001790,0.193400000,-0.063076062,0.995380763,0.072377809,0.141558863,-0.653966943,-0.096005921,0.750406624,-0.009168565,0.000000000,0.000000000,0.000000000,1.000000000
1790226895703597281,1790226895,703597281,1790226895723680679,FL_calf,0.638408355,-0.000000000,-0.769697845,0.053458619,0.073895550,0.995380763,0.061290982,0.126142390,0.766142428,-0.096005921,0.635459395,-0.169005176,0.000000000,0.000000000,0.000000000,1.000000000
1790226895703597281,1790226895,703597281,1790226895723680679,FL_calflower,0.676079370,0.000000000,-0.736828804,0.180142067,0.070739928,0.995380763,0.064907622,0.118549235,0.733425217,-0.096005921,0.672956399,-0.247730318,0.000000000,0.000000000,0.000000000,1.000000000
1790226895703597281,1790226895,703597281,1790226895723680679,FL_calflower1,0.939931166,0.000000000,-0.341364034,0.202854425,0.032772968,0.995380763,0.090238957,0.115245531,0.339787193,-0.096005921,0.935589401,-0.281982826,0.000000000,0.000000000,0.000000000,1.000000000
1790226895703597281,1790226895,703597281,1790226895723680679,FL_foot,0.638408355,-0.000000000,-0.769697845,0.217404260,0.073895550,0.995380763,0.061290982,0.113087410,0.766142428,-0.096005921,0.635459395,-0.304358027,0.000000000,0.000000000,0.000000000,1.000000000
1790226895703597281,1790226895,703597281,1790226895723680679,FR_hip,1.000000000,0.000000000,0.000000000,0.193400000,0.000000000,0.983899192,-0.178724313,-0.046500000,0.000000000,0.178724313,0.983899192,0.000000000,0.000000000,0.000000000,0.000000000,1.000000000
1790226895703597281,1790226895,703597281,1790226895723680679,FR_thigh,0.848556710,0.000000000,0.529104442,0.193400000,0.094563828,0.983899192,-0.151657715,-0.140462373,-0.520585433,0.178724313,0.834894261,-0.017068172,0.000000000,0.000000000,0.000000000,1.000000000
1790226895703597281,1790226895,703597281,1790226895723680679,FR_calf,0.539612887,-0.000000000,-0.841913257,0.080700754,-0.150470368,0.983899192,-0.096441942,-0.108159280,0.828357773,0.178724313,0.530924683,-0.194900650,0.000000000,0.000000000,0.000000000,1.000000000
1790226895703597281,1790226895,703597281,1790226895723680679,FR_calflower,0.581016636,-0.000000000,-0.813891681,0.216096174,-0.145462231,0.983899192,-0.103841799,-0.096895279,0.800787367,0.178724313,0.571661799,-0.256910347,0.000000000,0.000000000,0.000000000,1.000000000
1790226895703597281,1790226895,703597281,1790226895723680679,FR_calflower1,0.891197036,-0.000000000,-0.453616405,0.242841675,-0.081072280,0.983899192,-0.159278578,-0.091286985,0.446312815,0.178724313,0.876848044,-0.287784693,0.000000000,0.000000000,0.000000000,1.000000000
1790226895703597281,1790226895,703597281,1790226895723680679,FR_foot,0.539612887,-0.000000000,-0.841913257,0.260028278,-0.150470368,0.983899192,-0.096441942,-0.087617146,0.828357773,0.178724313,0.530924683,-0.307987607,0.000000000,0.000000000,0.000000000,1.000000000
1790226895703597281,1790226895,703597281,1790226895723680679,RL_hip,1.000000000,0.000000000,0.000000000,-0.193400000,0.000000000,0.999571052,-0.029286726,0.046500000,0.000000000,0.029286726,0.999571052,0.000000000,0.000000000,0.000000000,0.000000000,1.000000000
1790226895703597281,1790226895,703597281,1790226895723680679,RL_thigh,0.686867214,-0.000000000,0.726782932,-0.193400000,0.021285093,0.999571052,-0.020116092,0.141959035,-0.726471180,0.029286726,0.686572583,0.002796882,0.000000000,0.000000000,0.000000000,1.000000000
1790226895703597281,1790226895,703597281,1790226895723680679,RL_calf,0.737499638,0.000000000,-0.675347528,-0.348204765,-0.019778718,0.999571052,-0.021598950,0.146243763,0.675057839,0.029286726,0.737183289,-0.143443078,0.000000000,0.000000000,0.000000000,1.000000000
1790226895703597281,1790226895,703597281,1790226895723680679,RL_calflower,0.770331264,0.000000000,-0.637643901,-0.233503338,-0.018674502,0.999571052,-0.022560481,0.149044833,0.637370384,0.029286726,0.770000832,-0.239045048,0.000000000,0.000000000,0.000000000,1.000000000
1790226895703597281,1790226895,703597281,1790226895723680679,RL_calflower1,0.977730595,-0.000000000,-0.209863967,-0.215700894,-0.006146229,0.999571052,-0.028634528,0.150133998,0.209773946,0.029286726,0.977311199,-0.276218785,0.000000000,0.000000000,0.000000000,1.000000000
1790226895703597281,1790226895,703597281,1790226895723680679,RL_foot,0.737499638,0.000000000,-0.675347528,-0.204355741,-0.019778718,0.999571052,-0.021598950,0.150844339,0.675057839,0.029286726,0.737183289,-0.300463118,0.000000000,0.000000000,0.000000000,1.000000000
1790226895703597281,1790226895,703597281,1790226895723680679,RR_hip,1.000000000,0.000000000,0.000000000,-0.193400000,0.000000000,0.999904446,-0.013823877,-0.046500000,0.000000000,0.013823877,0.999904446,0.000000000,0.000000000,0.000000000,0.000000000,1.000000000
1790226895703597281,1790226895,703597281,1790226895723680679,RR_thigh,0.697530397,0.000000000,0.716555194,-0.193400000,0.009905571,0.999904446,-0.009642575,-0.141990875,-0.716486724,0.013823877,0.697463744,-0.001320180,0.000000000,0.000000000,0.000000000,1.000000000
1790226895703597281,1790226895,703597281,1790226895723680679,RR_calf,0.746991380,0.000000000,-0.664833722,-0.346026256,-0.009190580,0.999904446,-0.010326317,-0.139937006,0.664770194,0.013823877,0.746920002,-0.149879958,0.000000000,0.000000000,0.000000000,1.000000000
1790226895703597281,1790226895,703597281,1790226895723680679,RR_calflower,0.779285672,-0.000000000,-0.626668845,-0.232691038,-0.008662993,0.999904446,-0.010772749,-0.138592523,0.626608964,0.013823877,0.779211208,-0.247128714,0.000000000,0.000000000,0.000000000,1.000000000
1790226895703597281,1790226895,703597281,1790226895723680679,RR_calflower1,0.980605057,0.000000000,-0.195994188,-0.215417141,-0.002709400,0.999904446,-0.013555764,-0.138074983,0.195975460,0.013823877,0.980511356,-0.284563252,0.000000000,0.000000000,0.000000000,1.000000000
1790226895703597281,1790226895,703597281,1790226895723680679,RR_foot,0.746991380,0.000000000,-0.664833722,-0.204416673,-0.009190580,0.999904446,-0.010326317,-0.137737501,0.664770194,0.013823877,0.746920002,-0.308973918,0.000000000,0.000000000,0.000000000,1.000000000
1790226895767665453,1790226895,767665453,1790226895790388601,FL_hip,1.000000000,-0.000000000,0.000000000,0.193400000,0.000000000,0.995374947,0.096066199,0.046500000,-0.000000000,-0.096066199,0.995374947,0.000000000,0.000000000,0.000000000,0.000000000,1.000000000
1790226895767665453,1790226895,767665453,1790226895790388601,FL_thigh,0.753371591,-0.000000000,0.657595047,0.193400000,-0.063172657,0.995374947,0.072373545,0.141558307,-0.654553635,-0.096066199,0.749887208,-0.009174322,0.000000000,0.000000000,0.000000000,1.000000000
1790226895767665453,1790226895,767665453,1790226895790388601,FL_calf,0.639014062,0.000000000,-0.769195052,0.053332255,0.073893645,0.995374947,0.061387652,0.126142742,0.765637484,-0.096066199,0.636058588,-0.168900297,0.000000000,0.000000000,0.000000000,1.000000000
1790226895767665453,1790226895,767665453,1790226895790388601,FL_calflower,0.676659191,0.000000000,-0.736296367,0.179953404,0.070733193,0.995374947,0.065004077,0.118535243,0.732890957,-0.096066199,0.673529606,-0.247724219,0.000000000,0.000000000,0.000000000,1.000000000
1790226895767665453,1790226895,767665453,1790226895790388601,FL_calflower1,0.940199596,0.000000000,-0.340624016,0.202638667,0.032722455,0.995374947,0.090321402,0.115227748,0.339048612,-0.096066199,0.935851123,-0.281994312,0.000000000,0.000000000,0.000000000,1.000000000
1790226895767665453,1790226895,767665453,1790226895790388601,FL_foot,0.639014062,0.000000000,-0.769195052,0.217170801,0.073893645,0.995374947,0.061387652,0.113067172,0.765637484,-0.096066199,0.636058588,-0.304380777,0.000000000,0.000000000,0.000000000,1.000000000
1790226895767665453,1790226895,767665453,1790226895790388601,FR_hip,1.000000000,0.000000000,0.000000000,0.193400000,0.000000000,0.983942456,-0.178485974,-0.046500000,0.000000000,0.178485974,0.983942456,0.000000000,0.000000000,0.000000000,0.000000000,1.000000000
1790226895767665453,1790226895,767665453,1790226895790388601,FR_thigh,0.848027662,-0.000000000,0.529951964,0.193400000,0.094588993,0.983942456,-0.151361044,-0.140466505,-0.521442238,0.178485974,0.834410421,-0.017045411,0.000000000,0.000000000,0.000000000,1.000000000
1790226895767665453,1790226895,767665453,1790226895790388601,FR_calf,0.540440427,0.000000000,-0.841382282,0.080520232,-0.150174936,0.983942456,-0.096461036,-0.108226602,0.827871749,0.178485974,0.531762281,-0.194774830,0.000000000,0.000000000,0.000000000,1.000000000
1790226895767665453,1790226895,767665453,1790226895790388601,FR_calflower,0.581816605,0.000000000,-0.813320010,0.215853618,-0.145166214,0.983942456,-0.103846104,-0.096953868,0.800260088,0.178485974,0.572474059,-0.256918213,0.000000000,0.000000000,0.000000000,1.000000000
1790226895767665453,1790226895,767665453,1790226895790388601,FR_calflower1,0.891642618,0.000000000,-0.452739927,0.242568252,-0.080807727,0.983942456,-0.159145701,-0.091348361,0.445470036,0.178485974,0.877325028,-0.287819776,0.000000000,0.000000000,0.000000000,1.000000000
1790226895767665453,1790226895,767665453,1790226895790388601,FR_foot,0.540440427,0.000000000,-0.841382282,0.259734658,-0.150174936,0.983942456,-0.096461036,-0.087680402,0.827871749,0.178485974,0.531762281,-0.308040196,0.000000000,0.000000000,0.000000000,1.000000000
1790226895767665453,1790226895,767665453,1790226895790388601,RL_hip,1.000000000,0.000000000,0.000000000,-0.193400000,0.000000000,0.999566606,-0.029438057,0.046500000,0.000000000,0.029438057,0.999566606,0.000000000,0.000000000,0.000000000,0.000000000,1.000000000
1790226895767665453,1790226895,767665453,1790226895790388601,RL_thigh,0.686515031,0.000000000,0.727115611,-0.193400000,0.021404871,0.999566606,-0.020209669,0.141958611,-0.726800484,0.029438057,0.686217500,0.002811334,0.000000000,0.000000000,0.000000000,1.000000000
1790226895767665453,1790226895,767665453,1790226895790388601,RL_calf,0.737826735,-0.000000000,-0.674990155,-0.348275625,-0.019870399,0.999566606,-0.021720185,0.146263270,0.674697619,0.029438057,0.737506965,-0.143352993,0.000000000,0.000000000,0.000000000,1.000000000
1790226895767665453,1790226895,767665453,1790226895790388601,RL_calflower,0.770640091,-0.000000000,-0.637270626,-0.233620547,-0.018760009,0.999566606,-0.022686147,0.149080450,0.636994437,0.029438057,0.770306100,-0.239010072,0.000000000,0.000000000,0.000000000,1.000000000
1790226895767665453,1790226895,767665453,1790226895790388601,RL_calflower1,0.977832152,-0.000000000,-0.209390264,-0.215836123,-0.006164042,0.999566606,-0.028785478,0.150175496,0.209299516,0.029438057,0.977408366,-0.276192260,0.000000000,0.000000000,0.000000000,1.000000000
1790226895767665453,1790226895,767665453,1790226895790388601,RL_foot,0.737826735,-0.000000000,-0.674990155,-0.204502722,-0.019870399,0.999566606,-0.021720185,0.150889670,0.674697619,0.029438057,0.737506965,-0.300441977,0.000000000,0.000000000,0.000000000,1.000000000
1790226895767665453,1790226895,767665453,1790226895790388601,RR_hip,1.000000000,0.000000000,0.000000000,-0.193400000,0.000000000,0.999901068,-0.014066074,-0.046500000,0.000000000,0.014066074,0.999901068,0.000000000,0.000000000,0.000000000,0.000000000,1.000000000
1790226895767665453,1790226895,767665453,1790226895790388601,RR_thigh,0.697118044,-0.000000000,0.716956367,-0.193400000,0.010084761,0.999901068,-0.009805714,-0.141990552,-0.716885437,0.014066074,0.697049077,-0.001343310,0.000000000,0.000000000,0.000000000,1.000000000
1790226895767665453,1790226895,767665453,1790226895790388601,RR_calf,0.747384193,0.000000000,-0.664392105,-0.346111706,-0.009345388,0.999901068,-0.010512761,-0.139901935,0.664326375,0.014066074,0.747310252,-0.149814763,0.000000000,0.000000000,0.000000000,1.000000000
1790226895767665453,1790226895,767665453,1790226895790388601,RR_calflower,0.779655922,0.000000000,-0.626208146,-0.232833991,-0.008808290,0.999901068,-0.010966698,-0.138532954,0.626146194,0.014066074,0.779578789,-0.247130153,0.000000000,0.000000000,0.000000000,1.000000000
1790226895767665453,1790226895,767665453,1790226895790388601,RR_calflower1,0.980720726,-0.000000000,-0.195414577,-0.215582224,-0.002748716,0.999901068,-0.013794890,-0.138006203,0.195395245,0.014066074,0.980623702,-0.284574767,0.000000000,0.000000000,0.000000000,1.000000000
1790226895767665453,1790226895,767665453,1790226895790388601,RR_foot,0.747384193,0.000000000,-0.664392105,-0.204596188,-0.009345388,0.999901068,-0.010512761,-0.137662717,0.664326375,0.014066074,0.747310252,-0.308991847,0.000000000,0.000000000,0.000000000,1.000000000
1790226895839527059,1790226895,839527059,1790226895856921186,FL_hip,1.000000000,-0.000000000,0.000000000,0.193400000,0.000000000,0.995357479,0.096247018,0.046500000,-0.000000000,-0.096247018,0.995357479,0.000000000,0.000000000,0.000000000,0.000000000,1.000000000
1790226895839527059,1790226895,839527059,1790226895856921186,FL_thigh,0.752953299,0.000000000,0.658073954,0.193400000,-0.063337655,0.995357479,0.072469509,0.141556639,-0.655018832,-0.096247018,0.749457698,-0.009191590,0.000000000,0.000000000,0.000000000,1.000000000
1790226895839527059,1790226895,839527059,1790226895856921186,FL_calf,0.639515224,0.000000000,-0.768778433,0.053230248,0.073992631,0.995357479,0.061551433,0.126120634,0.765209363,-0.096247018,0.636546261,-0.168826080,0.000000000,0.000000000,0.000000000,1.000000000
1790226895839527059,1790226895,839527059,1790226895856921186,FL_calflower,0.677138904,-0.000000000,-0.735855220,0.179799760,0.070823870,0.995357479,0.065172600,0.118490874,0.732438997,-0.096247018,0.673995273,-0.247730739,0.000000000,0.000000000,0.000000000,1.000000000
1790226895839527059,1790226895,839527059,1790226895856921186,FL_calflower1,0.940421387,0.000000000,-0.340011199,0.202462580,0.032725064,0.995357479,0.090512754,0.115175732,0.338432690,-0.096247018,0.936055461,-0.282014940,0.000000000,0.000000000,0.000000000,1.000000000
1790226895839527059,1790226895,839527059,1790226895856921186,FL_foot,0.639515224,0.000000000,-0.768778433,0.216980054,0.073992631,0.995357479,0.061551433,0.113010179,0.765209363,-0.096247018,0.636546261,-0.304410433,0.000000000,0.000000000,0.000000000,1.000000000
1790226895839527059,1790226895,839527059,1790226895856921186,FR_hip,1.000000000,0.000000000,0.000000000,0.193400000,0.000000000,0.983996455,-0.178188037,-0.046500000,0.000000000,0.178188037,0.983996455,0.000000000,0.000000000,0.000000000,0.000000000,1.000000000
1790226895839527059,1790226895,839527059,1790226895856921186,FR_thigh,0.847481632,0.000000000,0.530824721,0.193400000,0.094586615,0.983996455,-0.151011088,-0.140471661,-0.522329643,0.178188037,0.833918921,-0.017016958,0.000000000,0.000000000,0.000000000,1.000000000
1790226895839527059,1790226895,839527059,1790226895856921186,FR_calf,0.541306336,0.000000000,-0.840825458,0.080334334,-0.149825037,0.983996455,-0.096454313,-0.108306300,0.827369270,0.178188037,0.532643516,-0.194641688,0.000000000,0.000000000,0.000000000,1.000000000
1790226895839527059,1790226895,839527059,1790226895856921186,FR_calflower,0.582653602,-0.000000000,-0.812720604,0.215602629,-0.144817089,0.983996455,-0.103821901,-0.097027562,0.799714193,0.178188037,0.573329079,-0.256925543,0.000000000,0.000000000,0.000000000,1.000000000
1790226895839527059,1790226895,839527059,1790226895856921186,FR_calflower1,0.892108237,0.000000000,-0.451821749,0.242284917,-0.080509230,0.983996455,-0.158963015,-0.091426515,0.444590999,0.178188037,0.877831343,-0.287855848,0.000000000,0.000000000,0.000000000,1.000000000
1790226895839527059,1790226895,839527059,1790226895856921186,FR_foot,0.541306336,0.000000000,-0.840825458,0.259430157,-0.149825037,0.983996455,-0.096454313,-0.087761531,0.827369270,0.178188037,0.532643516,-0.308094757,0.000000000,0.000000000,0.000000000,1.000000000
1790226895839527059,1790226895,839527059,1790226895856921186,RL_hip,1.000000000,0.000000000,0.000000000,-0.193400000,0.000000000,0.999560345,-0.029649918,0.046500000,0.000000000,0.029649918,0.999560345,0.000000000,0.000000000,0.000000000,0.000000000,1.000000000
1790226895839527059,1790226895,839527059,1790226895856921186,RL_thigh,0.686184757,0.000000000,0.727427302,-0.193400000,0.021568160,0.999560345,-0.020345322,0.141958013,-0.727107484,0.029649918,0.685883072,0.002831567,0.000000000,0.000000000,0.000000000,1.000000000
1790226895839527059,1790226895,839527059,1790226895856921186,RL_calf,0.738154503,-0.000000000,-0.674631700,-0.348342015,-0.020002775,0.999560345,-0.021886221,0.146291567,0.674335094,0.029649918,0.737829969,-0.143261527,0.000000000,0.000000000,0.000000000,1.000000000
1790226895839527059,1790226895,839527059,1790226895856921186,RL_calflower,0.770949534,-0.000000000,-0.636896237,-0.233733434,-0.018883921,0.999560345,-0.022858591,0.149130672,0.636616222,0.029649918,0.770610581,-0.238973661,0.000000000,0.000000000,0.000000000,1.000000000
1790226895839527059,1790226895,839527059,1790226895856921186,RL_calflower1,0.977933741,0.000000000,-0.208915289,-0.215967080,-0.006194321,0.999560345,-0.028995656,0.150233855,0.208823438,0.029649918,0.977503787,-0.276164246,0.000000000,0.000000000,0.000000000,1.000000000
1790226895839527059,1790226895,839527059,1790226895856921186,RL_foot,0.738154503,-0.000000000,-0.674631700,-0.204645463,-0.020002775,0.999560345,-0.021886221,0.150953332,0.674335094,0.029649918,0.737829969,-0.300419311,0.000000000,0.000000000,0.000000000,1.000000000
1790226895839527059,1790226895,839527059,1790226895856921186,RR_hip,1.000000000,0.000000000,0.000000000,-0.193400000,0.000000000,0.999894576,-0.014520191,-0.046500000,0.000000000,0.014520191,0.999894576,0.000000000,0.000000000,0.000000000,0.000000000,1.000000000
1790226895839527059,1790226895,839527059,1790226895856921186,RR_thigh,0.695488171,-0.000000000,0.718537545,-0.193400000,0.010433302,0.999894576,-0.010098621,-0.141989932,-0.718461795,0.014520191,0.695414850,-0.001386678,0.000000000,0.000000000,0.000000000,1.000000000
1790226895839527059,1790226895,839527059,1790226895856921186,RR_calf,0.748870043,0.000000000,-0.662716877,-0.346448497,-0.009622775,0.999894576,-0.010873736,-0.139838926,0.662647011,0.014520191,0.748791094,-0.149510041,0.000000000,0.000000000,0.000000000,1.000000000
1790226895839527059,1790226895,839527059,1790226895856921186,RR_calflower,0.781056189,0.000000000,-0.624460751,-0.233388999,-0.009067289,0.999894576,-0.011341085,-0.138422068,0.624394918,0.014520191,0.780973847,-0.247078183,0.000000000,0.000000000,0.000000000,1.000000000
1790226895839527059,1790226895,839527059,1790226895856921186,RR_calflower1,0.981155845,0.000000000,-0.193218033,-0.216221130,-0.002805563,0.999894576,-0.014246570,-0.137877752,0.193197663,0.014520191,0.981052408,-0.284561086,0.000000000,0.000000000,0.000000000,1.000000000
1790226895839527059,1790226895,839527059,1790226895856921186,RR_foot,0.748870043,0.000000000,-0.662716877,-0.205289802,-0.009622775,0.999894576,-0.010873736,-0.137522820,0.662647011,0.014520191,0.748791094,-0.309002544,0.000000000,0.000000000,0.000000000,1.000000000
1790226895899671362,1790226895,899671362,1790226895923727692,FL_hip,1.000000000,-0.000000000,0.000000000,0.193400000,0.000000000,0.995331215,0.096518246,0.046500000,-0.000000000,-0.096518246,0.995331215,0.000000000,0.000000000,0.000000000,0.000000000,1.000000000
1790226895899671362,1790226895,899671362,1790226895923727692,FL_thigh,0.752754045,-0.000000000,0.658301867,0.193400000,-0.063538142,0.995331215,0.072654500,0.141554131,-0.655228398,-0.096518246,0.749239598,-0.009217493,0.000000000,0.000000000,0.000000000,1.000000000
1790226895899671362,1790226895,899671362,1790226895923727692,FL_calf,0.639735743,0.000000000,-0.768594939,0.053181702,0.074183436,0.995331215,0.061746172,0.126078722,0.765006534,-0.096518246,0.636748954,-0.168805527,0.000000000,0.000000000,0.000000000,1.000000000
1790226895899671362,1790226895,899671362,1790226895923727692,FL_calflower,0.677349976,0.000000000,-0.735660934,0.179728468,0.071004703,0.995331215,0.065376632,0.118423958,0.732226292,-0.096518246,0.674187575,-0.247744241,0.000000000,0.000000000,0.000000000,1.000000000
1790226895899671362,1790226895,899671362,1790226895923727692,FL_calflower1,0.940518889,0.000000000,-0.339741400,0.202381406,0.032791244,0.995331215,0.090777234,0.115098845,0.338155220,-0.096518246,0.936127809,-0.282034007,0.000000000,0.000000000,0.000000000,1.000000000
1790226895899671362,1790226895,899671362,1790226895923727692,FL_foot,0.639735743,0.000000000,-0.768594939,0.216892424,0.074183436,0.995331215,0.061746172,0.112926788,0.765006534,-0.096518246,0.636748954,-0.304433054,0.000000000,0.000000000,0.000000000,1.000000000
1790226895899671362,1790226895,899671362,1790226895923727692,FR_hip,1.000000000,0.000000000,0.000000000,0.193400000,0.000000000,0.984093415,-0.177651766,-0.046500000,0.000000000,0.177651766,0.984093415,0.000000000,0.000000000,0.000000000,0.000000000,1.000000000
1790226895899671362,1790226895,899671362,1790226895923727692,FR_thigh,0.847208343,0.000000000,0.531260787,0.193400000,0.094379417,0.984093415,-0.150508059,-0.140480921,-0.522810242,0.177651766,0.833732152,-0.016965744,0.000000000,0.000000000,0.000000000,1.000000000
1790226895899671362,1790226895,899671362,1790226895923727692,FR_calf,0.541738976,0.000000000,-0.840546776,0.080241452,-0.149324619,0.984093415,-0.096240886,-0.108422705,0.827176547,0.177651766,0.533121759,-0.194550692,0.000000000,0.000000000,0.000000000,1.000000000
1790226895899671362,1790226895,899671362,1790226895923727692,FR_calflower,0.583071773,0.000000000,-0.812420647,0.215477155,-0.144327963,0.984093415,-0.103583730,-0.097165546,0.799497809,0.177651766,0.573797092,-0.256909181,0.000000000,0.000000000,0.000000000,1.000000000
1790226895899671362,1790226895,899671362,1790226895923727692,FR_calflower1,0.892340639,-0.000000000,-0.451362587,0.242143263,-0.080185361,0.984093415,-0.158525891,-0.091578917,0.444182949,0.177651766,0.878146547,-0.287856043,0.000000000,0.000000000,0.000000000,1.000000000
1790226895899671362,1790226895,899671362,1790226895923727692,FR_foot,0.541738976,0.000000000,-0.840546776,0.259277916,-0.149324619,0.984093415,-0.096240886,-0.087923396,0.827176547,0.177651766,0.533121759,-0.308105627,0.000000000,0.000000000,0.000000000,1.000000000
1790226895899671362,1790226895,899671362,1790226895923727692,RL_hip,1.000000000,0.000000000,0.000000000,-0.193400000,0.000000000,0.999552227,-0.029922310,0.046500000,0.000000000,0.029922310,0.999552227,0.000000000,0.000000000,0.000000000,0.000000000,1.000000000
1790226895899671362,1790226895,899671362,1790226895923727692,RL_thigh,0.685920401,-0.000000000,0.727676579,-0.193400000,0.021773764,0.999552227,-0.020524323,0.141957238,-0.727350745,0.029922310,0.685613265,0.002857581,0.000000000,0.000000000,0.000000000,1.000000000
1790226895899671362,1790226895,899671362,1790226895923727692,RL_calf,0.738410273,-0.000000000,-0.674351740,-0.348395111,-0.020178162,0.999552227,-0.022094941,0.146328918,0.674049783,0.029922310,0.738079633,-0.143178045,0.000000000,0.000000000,0.000000000,1.000000000
1790226895899671362,1790226895,899671362,1790226895923727692,RL_calflower,0.771190992,0.000000000,-0.636603843,-0.233822848,-0.019048658,0.999552227,-0.023075816,0.149195407,0.636318790,0.029922310,0.770845674,-0.238932835,0.000000000,0.000000000,0.000000000,1.000000000
1790226895899671362,1790226895,899671362,1790226895923727692,RL_calflower1,0.978012893,-0.000000000,-0.208544436,-0.216070605,-0.006240131,0.999552227,-0.029264405,0.150308926,0.208451056,0.029922310,0.977574965,-0.276129850,0.000000000,0.000000000,0.000000000,1.000000000
1790226895899671362,1790226895,899671362,1790226895923727692,RL_foot,0.738410273,-0.000000000,-0.674351740,-0.204758191,-0.020178162,0.999552227,-0.022094941,0.151035141,0.674049783,0.029922310,0.738079633,-0.300389007,0.000000000,0.000000000,0.000000000,1.000000000
1790226895899671362,1790226895,899671362,1790226895923727692,RR_hip,1.000000000,0.000000000,0.000000000,-0.193400000,0.000000000,0.999890134,-0.014822933,-0.046500000,0.000000000,0.014822933,0.999890134,0.000000000,0.000000000,0.000000000,0.000000000,1.000000000
1790226895899671362,1790226895,899671362,1790226895923727692,RR_thigh,0.695009455,0.000000000,0.719000597,-0.193400000,0.010657698,0.999890134,-0.010302079,-0.141989508,-0.718921603,0.014822933,0.694933097,-0.001415590,0.000000000,0.000000000,0.000000000,1.000000000
1790226895899671362,1790226895,899671362,1790226895923727692,RR_calf,0.749332180,0.000000000,-0.662194295,-0.346547127,-0.009815662,0.999890134,-0.011107301,-0.139795165,0.662121542,0.014822933,0.749249854,-0.149436340,0.000000000,0.000000000,0.000000000,1.000000000
1790226895899671362,1790226895,899671362,1790226895923727692,RR_calflower,0.781491631,0.000000000,-0.623915724,-0.233555728,-0.009248261,0.999890134,-0.011583998,-0.138347598,0.623847177,0.014822933,0.781405772,-0.247082887,0.000000000,0.000000000,0.000000000,1.000000000
1790226895899671362,1790226895,899671362,1790226895923727692,RR_calflower1,0.981290397,0.000000000,-0.192533519,-0.216414015,-0.002853911,0.999890134,-0.014545602,-0.137791755,0.192512366,0.014822933,0.981182587,-0.284577590,0.000000000,0.000000000,0.000000000,1.000000000
1790226895899671362,1790226895,899671362,1790226895923727692,RR_foot,0.749332180,0.000000000,-0.662194295,-0.205499742,-0.009815662,0.999890134,-0.011107301,-0.137429310,0.662121542,0.014822933,0.749249854,-0.309026559,0.000000000,0.000000000,0.000000000,1.000000000
