leg_time_ns,leg_ros_sec,leg_ros_nanosec,collection_wall_time_ns,frame_name,B_T00,B_T01,B_T02,B_T03,B_T10,B_T11,B_T12,B_T13,B_T20,B_T21,B_T22,B_T23,B_T30,B_T31,B_T32,B_T33
1790743597457534138,1790743597,457534138,1790743597466814441,FL_hip,1.000000000,-0.000000000,0.000000000,0.193400000,0.000000000,0.998791729,0.049143494,0.046500000,-0.000000000,-0.049143494,0.998791729,0.000000000,0.000000000,0.000000000,0.000000000,1.000000000
1790743597457534138,1790743597,457534138,1790743597466814441,FL_thigh,0.723241498,0.000000000,0.690595204,0.193400000,-0.033938262,0.998791729,0.035542614,0.141884610,-0.689760778,-0.049143494,0.722367626,-0.004693204,0.000000000,0.000000000,0.000000000,1.000000000
1790743597457534138,1790743597,457534138,1790743597466814441,FL_calf,0.759304313,0.000000000,-0.650735706,0.046303222,0.031979427,0.998791729,0.037314867,0.134314033,0.649949441,-0.049143494,0.758386868,-0.158557508,0.000000000,0.000000000,0.000000000,1.000000000
1790743597457534138,1790743597,457534138,1790743597466814441,FL_calflower,0.790878611,-0.000000000,-0.611973057,0.157798192,0.030074494,0.998791729,0.038866539,0.129431021,0.611233628,-0.049143494,0.789923015,-0.257799776,0.000000000,0.000000000,0.000000000,1.000000000
1790743597457534138,1790743597,457534138,1790743597466814441,FL_calflower1,0.984101726,-0.000000000,-0.177605722,0.174368329,0.008728166,0.998791729,0.048362198,0.127575615,0.177391126,-0.049143494,0.982912664,-0.295509032,0.000000000,0.000000000,0.000000000,1.000000000
1790743597457534138,1790743597,457534138,1790743597466814441,FL_foot,0.759304313,0.000000000,-0.650735706,0.184909927,0.031979427,0.998791729,0.037314867,0.126365966,0.649949441,-0.049143494,0.758386868,-0.320093911,0.000000000,0.000000000,0.000000000,1.000000000
1790743597457534138,1790743597,457534138,1790743597466814441,FR_hip,1.000000000,0.000000000,0.000000000,0.193400000,0.000000000,0.998023767,-0.062837569,-0.046500000,0.000000000,0.062837569,0.998023767,0.000000000,0.000000000,0.000000000,0.000000000,1.000000000
1790743597457534138,1790743597,457534138,1790743597466814441,FR_thigh,0.712831662,-0.000000000,0.701335171,0.193400000,0.044070198,0.998023767,-0.044792609,-0.141811270,-0.699949169,0.062837569,0.711422941,-0.006000988,0.000000000,0.000000000,0.000000000,1.000000000
1790743597457534138,1790743597,457534138,1790743597466814441,FR_calf,0.777546403,0.000000000,-0.628825565,0.044015609,-0.039513870,0.998023767,-0.048859126,-0.132270444,0.627582859,0.062837569,0.776009791,-0.157534074,0.000000000,0.000000000,0.000000000,1.000000000
1790743597457534138,1790743597,457534138,1790743597466814441,FR_calflower,0.808002852,-0.000000000,-0.589178573,0.152632720,-0.037022550,0.998023767,-0.050772935,-0.125829571,0.588014219,0.062837569,0.806406050,-0.259831866,0.000000000,0.000000000,0.000000000,1.000000000
1790743597457534138,1790743597,457534138,1790743597466814441,FR_calflower1,0.988764823,0.000000000,-0.149479512,0.168119835,-0.009392929,0.998023767,-0.062131578,-0.123428428,0.149184106,0.062837569,0.986810794,-0.297968250,0.000000000,0.000000000,0.000000000,1.000000000
1790743597457534138,1790743597,457534138,1790743597466814441,FR_foot,0.777546403,0.000000000,-0.628825565,0.177955454,-0.039513870,0.998023767,-0.048859126,-0.121863450,0.627582859,0.062837569,0.776009791,-0.322824160,0.000000000,0.000000000,0.000000000,1.000000000
1790743597457534138,1790743597,457534138,1790743597466814441,RL_hip,1.000000000,-0.000000000,0.000000000,-0.193400000,0.000000000,0.993987542,0.109493226,0.046500000,-0.000000000,-0.109493226,0.993987542,0.000000000,0.000000000,0.000000000,0.000000000,1.000000000
1790743597457534138,1790743597,457534138,1790743597466814441,RL_thigh,0.686096648,0.000000000,0.727510405,-0.193400000,-0.079657462,0.993987542,0.075122936,0.141425810,-0.723136279,-0.109493226,0.681971521,-0.010456603,0.000000000,0.000000000,0.000000000,1.000000000
1790743597457534138,1790743597,457534138,1790743597466814441,RL_calf,0.783409114,0.000000000,-0.621506364,-0.348359716,0.068050737,0.993987542,0.085777992,0.125424625,0.617769583,-0.109493226,0.778698899,-0.155716537,0.000000000,0.000000000,0.000000000,1.000000000
1790743597457534138,1790743597,457534138,1790743597466814441,RL_calflower,0.813492428,0.000000000,-0.581575506,-0.240708592,0.063678579,0.993987542,0.089071911,0.114090497,0.578078808,-0.109493226,0.808601339,-0.258608583,0.000000000,0.000000000,0.000000000,1.000000000
1790743597457534138,1790743597,457534138,1790743597466814441,RL_calflower1,0.990123111,0.000000000,-0.140200659,-0.225580496,0.015351022,0.993987542,0.108411774,0.109890835,0.139357708,-0.109493226,0.984170037,-0.296733424,0.000000000,0.000000000,0.000000000,1.000000000
1790743597457534138,1790743597,457534138,1790743597466814441,RL_foot,0.783409114,0.000000000,-0.621506364,-0.215978861,0.068050737,0.993987542,0.085777992,0.107153913,0.617769583,-0.109493226,0.778698899,-0.321579403,0.000000000,0.000000000,0.000000000,1.000000000
1790743597457534138,1790743597,457534138,1790743597466814441,RR_hip,1.000000000,0.000000000,0.000000000,-0.193400000,0.000000000,0.992436976,-0.122755237,-0.046500000,0.000000000,0.122755237,0.992436976,0.000000000,0.000000000,0.000000000,0.000000000,1.000000000
1790743597457534138,1790743597,457534138,1790743597466814441,RR_thigh,0.725541344,0.000000000,0.688178580,-0.193400000,0.084477525,0.992436976,-0.089064000,-0.141277731,-0.682973869,0.122755237,0.720054058,-0.011723125,0.000000000,0.000000000,0.000000000,1.000000000
1790743597457534138,1790743597,457534138,1790743597466814441,RR_calf,0.773527222,-0.000000000,-0.633763076,-0.339982038,-0.077797736,0.992436976,-0.094954517,-0.122307099,0.628969911,0.122755237,0.767677018,-0.165094639,0.000000000,0.000000000,0.000000000,1.000000000
1790743597457534138,1790743597,457534138,1790743597466814441,RR_calflower,0.804235467,0.000000000,-0.594310789,-0.230714558,-0.072954762,0.992436976,-0.098724115,-0.109809785,0.589816002,0.122755237,0.798153015,-0.266131440,0.000000000,0.000000000,0.000000000,1.000000000
1790743597457534138,1790743597,457534138,1790743597466814441,RR_calflower1,0.987793122,0.000000000,-0.155771462,-0.214984481,-0.019121763,0.992436976,-0.121256779,-0.105131273,0.154593358,0.122755237,0.980322419,-0.303955720,0.000000000,0.000000000,0.000000000,1.000000000
1790743597457534138,1790743597,457534138,1790743597466814441,RR_foot,0.773527222,-0.000000000,-0.633763076,-0.204990502,-0.077797736,0.992436976,-0.094954517,-0.102081787,0.628969911,0.122755237,0.767677018,-0.328609844,0.000000000,0.000000000,0.000000000,1.000000000
1790743597510043650,1790743597,510043650,1790743597533467371,FL_hip,1.000000000,-0.000000000,0.000000000,0.193400000,0.000000000,0.998791729,0.049143494,0.046500000,-0.000000000,-0.049143494,0.998791729,0.000000000,0.000000000,0.000000000,0.000000000,1.000000000
1790743597510043650,1790743597,510043650,1790743597533467371,FL_thigh,0.723283318,-0.000000000,0.690551405,0.193400000,-0.033936109,0.998791729,0.035544670,0.141884610,-0.689717031,-0.049143494,0.722409395,-0.004693204,0.000000000,0.000000000,0.000000000,1.000000000
1790743597510043650,1790743597,510043650,1790743597533467371,FL_calf,0.759275223,0.000000000,-0.650769649,0.046312551,0.031981095,0.998791729,0.037313438,0.134313595,0.649983343,-0.049143494,0.758357812,-0.158566405,0.000000000,0.000000000,0.000000000,1.000000000
1790743597510043650,1790743597,510043650,1790743597533467371,FL_calflower,0.790851253,0.000000000,-0.612008412,0.157811963,0.030076232,0.998791729,0.038865194,0.129430829,0.611268940,-0.049143494,0.789895690,-0.257803694,0.000000000,0.000000000,0.000000000,1.000000000
1790743597510043650,1790743597,510043650,1790743597533467371,FL_calflower1,0.984093786,0.000000000,-0.177649715,0.174383787,0.008730328,0.998791729,0.048361807,0.127575458,0.177435065,-0.049143494,0.982904733,-0.295512211,0.000000000,0.000000000,0.000000000,1.000000000
1790743597510043650,1790743597,510043650,1790743597533467371,FL_foot,0.759275223,0.000000000,-0.650769649,0.184926486,0.031981095,0.998791729,0.037313438,0.126365833,0.649983343,-0.049143494,0.758357812,-0.320096619,0.000000000,0.000000000,0.000000000,1.000000000
1790743597510043650,1790743597,510043650,1790743597533467371,FR_hip,1.000000000,0.000000000,0.000000000,0.193400000,0.000000000,0.998021864,-0.062867789,-0.046500000,0.000000000,0.062867789,0.998021864,0.000000000,0.000000000,0.000000000,0.000000000,1.000000000
1790743597510043650,1790743597,510043650,1790743597533467371,FR_thigh,0.712852897,0.000000000,0.701313586,0.193400000,0.044090034,0.998021864,-0.044815485,-0.141811088,-0.699926293,0.062867789,0.711442778,-0.006003874,0.000000000,0.000000000,0.000000000,1.000000000
1790743597510043650,1790743597,510043650,1790743597533467371,FR_calf,0.777527363,0.000000000,-0.628849108,0.044020206,-0.039534353,0.998021864,-0.048881426,-0.132265390,0.627605159,0.062867789,0.775989308,-0.157541185,0.000000000,0.000000000,0.000000000,1.000000000
1790743597510043650,1790743597,510043650,1790743597533467371,FR_calflower,0.807985012,0.000000000,-0.589203038,0.152640421,-0.037041892,0.998021864,-0.050796231,-0.125821626,0.588037515,0.062867789,0.806386708,-0.259835500,0.000000000,0.000000000,0.000000000,1.000000000
1790743597510043650,1790743597,510043650,1790743597533467371,FR_calflower1,0.988760297,0.000000000,-0.149509451,0.168128693,-0.009399329,0.998021864,-0.062161173,-0.123419357,0.149213701,0.062867789,0.986804394,-0.297971343,0.000000000,0.000000000,0.000000000,1.000000000
1790743597510043650,1790743597,510043650,1790743597533467371,FR_foot,0.777527363,0.000000000,-0.628849108,0.177965066,-0.039534353,0.998021864,-0.048881426,-0.121853646,0.627605159,0.062867789,0.775989308,-0.322826908,0.000000000,0.000000000,0.000000000,1.000000000
1790743597510043650,1790743597,510043650,1790743597533467371,RL_hip,1.000000000,-0.000000000,0.000000000,-0.193400000,0.000000000,0.993987542,0.109493226,0.046500000,-0.000000000,-0.109493226,0.993987542,0.000000000,0.000000000,0.000000000,0.000000000,1.000000000
1790743597510043650,1790743597,510043650,1790743597533467371,RL_thigh,0.686140704,0.000000000,0.727468855,-0.193400000,-0.079652912,0.993987542,0.075127760,0.141425810,-0.723094979,-0.109493226,0.682015312,-0.010456603,0.000000000,0.000000000,0.000000000,1.000000000
1790743597510043650,1790743597,510043650,1790743597533467371,RL_calf,0.783381329,0.000000000,-0.621541385,-0.348350866,0.068054572,0.993987542,0.085774949,0.125423597,0.617804393,-0.109493226,0.778671282,-0.155725865,0.000000000,0.000000000,0.000000000,1.000000000
1790743597510043650,1790743597,510043650,1790743597533467371,RL_calflower,0.813466429,0.000000000,-0.581611872,-0.240695115,0.063682560,0.993987542,0.089069064,0.114089996,0.578114955,-0.109493226,0.808575496,-0.258613126,0.000000000,0.000000000,0.000000000,1.000000000
1790743597510043650,1790743597,510043650,1790743597533467371,RL_calflower1,0.990116843,0.000000000,-0.140244920,-0.225565304,0.015355869,0.993987542,0.108411088,0.109890408,0.139401704,-0.109493226,0.984163807,-0.296737296,0.000000000,0.000000000,0.000000000,1.000000000
1790743597510043650,1790743597,510043650,1790743597533467371,RL_foot,0.783381329,0.000000000,-0.621541385,-0.215962551,0.068054572,0.993987542,0.085774949,0.107153533,0.617804393,-0.109493226,0.778671282,-0.321582848,0.000000000,0.000000000,0.000000000,1.000000000
1790743597510043650,1790743597,510043650,1790743597533467371,RR_hip,1.000000000,0.000000000,0.000000000,-0.193400000,0.000000000,0.992436976,-0.122755237,-0.046500000,0.000000000,0.122755237,0.992436976,0.000000000,0.000000000,0.000000000,0.000000000,1.000000000
1790743597510043650,1790743597,510043650,1790743597533467371,RR_thigh,0.725541344,0.000000000,0.688178580,-0.193400000,0.084477525,0.992436976,-0.089064000,-0.141277731,-0.682973869,0.122755237,0.720054058,-0.011723125,0.000000000,0.000000000,0.000000000,1.000000000
1790743597510043650,1790743597,510043650,1790743597533467371,RR_calf,0.773527222,-0.000000000,-0.633763076,-0.339982038,-0.077797736,0.992436976,-0.094954517,-0.122307099,0.628969911,0.122755237,0.767677018,-0.165094639,0.000000000,0.000000000,0.000000000,1.000000000
1790743597510043650,1790743597,510043650,1790743597533467371,RR_calflower,0.804235467,0.000000000,-0.594310789,-0.230714558,-0.072954762,0.992436976,-0.098724115,-0.109809785,0.589816002,0.122755237,0.798153015,-0.266131440,0.000000000,0.000000000,0.000000000,1.000000000
1790743597510043650,1790743597,510043650,1790743597533467371,RR_calflower1,0.987793122,0.000000000,-0.155771462,-0.214984481,-0.019121763,0.992436976,-0.121256779,-0.105131273,0.154593358,0.122755237,0.980322419,-0.303955720,0.000000000,0.000000000,0.000000000,1.000000000
1790743597510043650,1790743597,510043650,1790743597533467371,RR_foot,0.773527222,-0.000000000,-0.633763076,-0.204990502,-0.077797736,0.992436976,-0.094954517,-0.102081787,0.628969911,0.122755237,0.767677018,-0.328609844,0.000000000,0.000000000,0.000000000,1.000000000
1790743597594714080,1790743597,594714080,1790743597599659844,FL_hip,1.000000000,-0.000000000,0.000000000,0.193400000,0.000000000,0.998791729,0.049143494,0.046500000,-0.000000000,-0.049143494,0.998791729,0.000000000,0.000000000,0.000000000,0.000000000,1.000000000
1790743597594714080,1790743597,594714080,1790743597599659844,FL_thigh,0.723241498,0.000000000,0.690595204,0.193400000,-0.033938262,0.998791729,0.035542614,0.141884610,-0.689760778,-0.049143494,0.722367626,-0.004693204,0.000000000,0.000000000,0.000000000,1.000000000
1790743597594714080,1790743597,594714080,1790743597599659844,FL_calf,0.759293996,-0.000000000,-0.650747745,0.046303222,0.031980018,0.998791729,0.037314360,0.134314033,0.649961465,-0.049143494,0.758376563,-0.158557508,0.000000000,0.000000000,0.000000000,1.000000000
1790743597594714080,1790743597,594714080,1790743597599659844,FL_calflower,0.790868908,0.000000000,-0.611985597,0.157799768,0.030075111,0.998791729,0.038866062,0.129431108,0.611246152,-0.049143494,0.789913324,-0.257798010,0.000000000,0.000000000,0.000000000,1.000000000
1790743597594714080,1790743597,594714080,1790743597599659844,FL_calflower1,0.984098910,0.000000000,-0.177621325,0.174370502,0.008728933,0.998791729,0.048362059,0.127575715,0.177406710,-0.049143494,0.982909852,-0.295507004,0.000000000,0.000000000,0.000000000,1.000000000
1790743597594714080,1790743597,594714080,1790743597599659844,FL_foot,0.759293996,-0.000000000,-0.650747745,0.184912491,0.031980018,0.998791729,0.037314360,0.126366074,0.649961465,-0.049143494,0.758376563,-0.320091716,0.000000000,0.000000000,0.000000000,1.000000000
1790743597594714080,1790743597,594714080,1790743597599659844,FR_hip,1.000000000,0.000000000,0.000000000,0.193400000,0.000000000,0.998023767,-0.062837569,-0.046500000,0.000000000,0.062837569,0.998023767,0.000000000,0.000000000,0.000000000,0.000000000,1.000000000
1790743597594714080,1790743597,594714080,1790743597599659844,FR_thigh,0.712789189,-0.000000000,0.701378337,0.193400000,0.044072910,0.998023767,-0.044789940,-0.141811270,-0.699992250,0.062837569,0.711380552,-0.006000988,0.000000000,0.000000000,0.000000000,1.000000000
1790743597594714080,1790743597,594714080,1790743597599659844,FR_calf,0.777564544,-0.000000000,-0.628803133,0.044006414,-0.039512461,0.998023767,-0.048860266,-0.132271013,0.627560472,0.062837569,0.776027895,-0.157525045,0.000000000,0.000000000,0.000000000,1.000000000
1790743597594714080,1790743597,594714080,1790743597599659844,FR_calflower,0.808019849,0.000000000,-0.589155263,0.152620569,-0.037021085,0.998023767,-0.050774003,-0.125829942,0.587990955,0.062837569,0.806423013,-0.259825964,0.000000000,0.000000000,0.000000000,1.000000000
1790743597594714080,1790743597,594714080,1790743597599659844,FR_calflower1,0.988769135,-0.000000000,-0.149450987,0.168106581,-0.009391137,0.998023767,-0.062131849,-0.123428771,0.149155637,0.062837569,0.986815097,-0.297962795,0.000000000,0.000000000,0.000000000,1.000000000
1790743597594714080,1790743597,594714080,1790743597599659844,FR_foot,0.777564544,-0.000000000,-0.628803133,0.177941482,-0.039512461,0.998023767,-0.048860266,-0.121863776,0.627560472,0.062837569,0.776027895,-0.322818987,0.000000000,0.000000000,0.000000000,1.000000000
1790743597594714080,1790743597,594714080,1790743597599659844,RL_hip,1.000000000,-0.000000000,0.000000000,-0.193400000,0.000000000,0.993987542,0.109493226,0.046500000,-0.000000000,-0.109493226,0.993987542,0.000000000,0.000000000,0.000000000,0.000000000,1.000000000
1790743597594714080,1790743597,594714080,1790743597599659844,RL_thigh,0.686030560,0.000000000,0.727572725,-0.193400000,-0.079664285,0.993987542,0.075115700,0.141425810,-0.723198224,-0.109493226,0.681905830,-0.010456603,0.000000000,0.000000000,0.000000000,1.000000000
1790743597594714080,1790743597,594714080,1790743597599659844,RL_calf,0.783465566,0.000000000,-0.621435199,-0.348372990,0.068042945,0.993987542,0.085784173,0.125426166,0.617698846,-0.109493226,0.778755013,-0.155702545,0.000000000,0.000000000,0.000000000,1.000000000
1790743597594714080,1790743597,594714080,1790743597599659844,RL_calflower,0.813545254,0.000000000,-0.581501608,-0.240731270,0.063670487,0.993987542,0.089077695,0.114090968,0.578005354,-0.109493226,0.808653847,-0.258604310,0.000000000,0.000000000,0.000000000,1.000000000
1790743597594714080,1790743597,594714080,1790743597599659844,RL_calflower1,0.990135843,-0.000000000,-0.140110718,-0.225606658,0.015341175,0.993987542,0.108413168,0.109891155,0.139268308,-0.109493226,0.984182692,-0.296730517,0.000000000,0.000000000,0.000000000,1.000000000
1790743597594714080,1790743597,594714080,1790743597599659844,RL_foot,0.783465566,0.000000000,-0.621435199,-0.216007293,0.068042945,0.993987542,0.085784173,0.107154137,0.617698846,-0.109493226,0.778755013,-0.321577363,0.000000000,0.000000000,0.000000000,1.000000000
1790743597594714080,1790743597,594714080,1790743597599659844,RR_hip,1.000000000,0.000000000,0.000000000,-0.193400000,0.000000000,0.992436976,-0.122755237,-0.046500000,0.000000000,0.122755237,0.992436976,0.000000000,0.000000000,0.000000000,0.000000000,1.000000000
1790743597594714080,1790743597,594714080,1790743597599659844,RR_thigh,0.725520506,-0.000000000,0.688200548,-0.193400000,0.084480221,0.992436976,-0.089061442,-0.141277731,-0.682995671,0.122755237,0.720033378,-0.011723125,0.000000000,0.000000000,0.000000000,1.000000000
1790743597594714080,1790743597,594714080,1790743597599659844,RR_calf,0.773556384,-0.000000000,-0.633727482,-0.339986717,-0.077793367,0.992436976,-0.094958097,-0.122307644,0.628934586,0.122755237,0.767705959,-0.165090235,0.000000000,0.000000000,0.000000000,1.000000000
1790743597594714080,1790743597,594714080,1790743597599659844,RR_calflower,0.804262813,0.000000000,-0.594273782,-0.230723922,-0.072950219,0.992436976,-0.098727472,-0.109809713,0.589779275,0.122755237,0.798180154,-0.266132025,0.000000000,0.000000000,0.000000000,1.000000000
1790743597594714080,1790743597,594714080,1790743597599659844,RR_calflower1,0.987800289,0.000000000,-0.155726008,-0.214995599,-0.019116183,0.992436976,-0.121257658,-0.105131112,0.154548249,0.122755237,0.980329532,-0.303957024,0.000000000,0.000000000,0.000000000,1.000000000
1790743597594714080,1790743597,594714080,1790743597599659844,RR_foot,0.773556384,-0.000000000,-0.633727482,-0.205002763,-0.077793367,0.992436976,-0.094958097,-0.102081569,0.628934586,0.122755237,0.767705959,-0.328611604,0.000000000,0.000000000,0.000000000,1.000000000
1790743597659158623,1790743597,659158623,1790743597666327584,FL_hip,1.000000000,-0.000000000,0.000000000,0.193400000,0.000000000,0.998794703,0.049083009,0.046500000,-0.000000000,-0.049083009,0.998794703,0.000000000,0.000000000,0.000000000,0.000000000,1.000000000
1790743597659158623,1790743597,659158623,1790743597666327584,FL_thigh,0.723199675,0.000000000,0.690639001,0.193400000,-0.033898640,0.998794703,0.035496816,0.141884894,-0.689806576,-0.049083009,0.722328005,-0.004687427,0.000000000,0.000000000,0.000000000,1.000000000
1790743597659158623,1790743597,659158623,1790743597666327584,FL_calf,0.759343720,-0.000000000,-0.650689723,0.046293893,0.031937810,0.998794703,0.037270875,0.134324072,0.649905448,-0.049083009,0.758428485,-0.158543292,0.000000000,0.000000000,0.000000000,1.000000000
1790743597659158623,1790743597,659158623,1790743597666327584,FL_calflower,0.790915669,-0.000000000,-0.611925162,0.157782846,0.030035128,0.998794703,0.038820521,0.129446739,0.611187610,-0.049083009,0.789962381,-0.257792599,0.000000000,0.000000000,0.000000000,1.000000000
1790743597659158623,1790743597,659158623,1790743597666327584,FL_calflower1,0.984112480,-0.000000000,-0.177546126,0.174350696,0.008714498,0.998794703,0.048303202,0.127593567,0.177332130,-0.049083009,0.982926332,-0.295502970,0.000000000,0.000000000,0.000000000,1.000000000
1790743597659158623,1790743597,659158623,1790743597666327584,FL_foot,0.759343720,-0.000000000,-0.650689723,0.184890804,0.031937810,0.998794703,0.037270875,0.126385376,0.649905448,-0.049083009,0.758428485,-0.320088560,0.000000000,0.000000000,0.000000000,1.000000000
1790743597659158623,1790743597,659158623,1790743597666327584,FR_hip,1.000000000,0.000000000,0.000000000,0.193400000,0.000000000,0.998019960,-0.062898008,-0.046500000,0.000000000,0.062898008,0.998019960,0.000000000,0.000000000,0.000000000,0.000000000,1.000000000
1790743597659158623,1790743597,659158623,1790743597666327584,FR_thigh,0.712789189,0.000000000,0.701378337,0.193400000,0.044115300,0.998019960,-0.044833020,-0.141810906,-0.699989580,0.062898008,0.711377838,-0.006006760,0.000000000,0.000000000,0.000000000,1.000000000
1790743597659158623,1790743597,659158623,1790743597666327584,FR_calf,0.777564544,0.000000000,-0.628803133,0.044006414,-0.039550465,0.998019960,-0.048907261,-0.132261473,0.627558078,0.062898008,0.776024935,-0.157530239,0.000000000,0.000000000,0.000000000,1.000000000
1790743597659158623,1790743597,659158623,1790743597666327584,FR_calflower,0.808019849,0.000000000,-0.589155263,0.152620569,-0.037056692,0.998019960,-0.050822839,-0.125814208,0.587988712,0.062898008,0.806419937,-0.259830768,0.000000000,0.000000000,0.000000000,1.000000000
1790743597659158623,1790743597,659158623,1790743597666327584,FR_calflower1,0.988769135,0.000000000,-0.149450987,0.168106581,-0.009400169,0.998019960,-0.062191609,-0.123410727,0.149155069,0.062898008,0.986811333,-0.297967453,0.000000000,0.000000000,0.000000000,1.000000000
1790743597659158623,1790743597,659158623,1790743597666327584,FR_foot,0.777564544,0.000000000,-0.628803133,0.177941482,-0.039550465,0.998019960,-0.048907261,-0.121844226,0.627558078,0.062898008,0.776024935,-0.322823550,0.000000000,0.000000000,0.000000000,1.000000000
1790743597659158623,1790743597,659158623,1790743597666327584,RL_hip,1.000000000,-0.000000000,0.000000000,-0.193400000,0.000000000,0.993987542,0.109493226,0.046500000,-0.000000000,-0.109493226,0.993987542,0.000000000,0.000000000,0.000000000,0.000000000,1.000000000
1790743597659158623,1790743597,659158623,1790743597666327584,RL_thigh,0.686030560,0.000000000,0.727572725,-0.193400000,-0.079664285,0.993987542,0.075115700,0.141425810,-0.723198224,-0.109493226,0.681905830,-0.010456603,0.000000000,0.000000000,0.000000000,1.000000000
1790743597659158623,1790743597,659158623,1790743597666327584,RL_calf,0.783455788,0.000000000,-0.621447527,-0.348372990,0.068044295,0.993987542,0.085783102,0.125426166,0.617711100,-0.109493226,0.778745293,-0.155702545,0.000000000,0.000000000,0.000000000,1.000000000
1790743597659158623,1790743597,659158623,1790743597666327584,RL_calflower,0.813536103,0.000000000,-0.581514410,-0.240729641,0.063671889,0.993987542,0.089076693,0.114091153,0.578018079,-0.109493226,0.808644751,-0.258602626,0.000000000,0.000000000,0.000000000,1.000000000
1790743597659158623,1790743597,659158623,1790743597666327584,RL_calflower1,0.990133638,-0.000000000,-0.140126298,-0.225604425,0.015342880,0.993987542,0.108412927,0.109891366,0.139283795,-0.109493226,0.984180501,-0.296728597,0.000000000,0.000000000,0.000000000,1.000000000
1790743597659158623,1790743597,659158623,1790743597666327584,RL_foot,0.783455788,0.000000000,-0.621447527,-0.216004667,0.068044295,0.993987542,0.085783102,0.107154366,0.617711100,-0.109493226,0.778745293,-0.321575292,0.000000000,0.000000000,0.000000000,1.000000000
1790743597659158623,1790743597,659158623,1790743597666327584,RR_hip,1.000000000,0.000000000,0.000000000,-0.193400000,0.000000000,0.992440693,-0.122725187,-0.046500000,0.000000000,0.122725187,0.992440693,0.000000000,0.000000000,0.000000000,0.000000000,1.000000000
1790743597659158623,1790743597,659158623,1790743597666327584,RR_thigh,0.725520506,0.000000000,0.688200548,-0.193400000,0.084459541,0.992440693,-0.089039640,-0.141278086,-0.682998229,0.122725187,0.720036074,-0.011720255,0.000000000,0.000000000,0.000000000,1.000000000
1790743597659158623,1790743597,659158623,1790743597666327584,RR_calf,0.773556384,0.000000000,-0.633727482,-0.339986717,-0.077774323,0.992440693,-0.094934852,-0.122312643,0.628936941,0.122725187,0.767708834,-0.165087939,0.000000000,0.000000000,0.000000000,1.000000000
1790743597659158623,1790743597,659158623,1790743597666327584,RR_calflower,0.804262813,-0.000000000,-0.594273782,-0.230723922,-0.072932361,0.992440693,-0.098703304,-0.109817771,0.589781484,0.122725187,0.798183143,-0.266130108,0.000000000,0.000000000,0.000000000,1.000000000
1790743597659158623,1790743597,659158623,1790743597666327584,RR_calflower1,0.987800289,0.000000000,-0.155726008,-0.214995599,-0.019111503,0.992440693,-0.121227975,-0.105140316,0.154548828,0.122725187,0.980333203,-0.303955248,0.000000000,0.000000000,0.000000000,1.000000000
1790743597659158623,1790743597,659158623,1790743597666327584,RR_foot,0.773556384,0.000000000,-0.633727482,-0.205002763,-0.077774323,0.992440693,-0.094934852,-0.102091520,0.628936941,0.122725187,0.767708834,-0.328609921,0.000000000,0.000000000,0.000000000,1.000000000
1790743597697431652,1790743597,697431652,1790743597699657817,FL_hip,1.000000000,-0.000000000,0.000000000,0.193400000,0.000000000,0.998790240,0.049173733,0.046500000,-0.000000000,-0.049173733,0.998790240,0.000000000,0.000000000,0.000000000,0.000000000,1.000000000
1790743597697431652,1790743597,697431652,1790743597699657817,FL_thigh,0.723241498,0.000000000,0.690595204,0.193400000,-0.033959144,0.998790240,0.035564484,0.141884468,-0.689759750,-0.049173733,0.722366549,-0.004696092,0.000000000,0.000000000,0.000000000,1.000000000
1790743597697431652,1790743597,697431652,1790743597699657817,FL_calf,0.759283756,0.000000000,-0.650759693,0.046303222,0.032000284,0.998790240,0.037336817,0.134309233,0.649972430,-0.049173733,0.758365205,-0.158560167,0.000000000,0.000000000,0.000000000,1.000000000
1790743597697431652,1790743597,697431652,1790743597699657817,FL_calflower,0.790859278,0.000000000,-0.611998041,0.157801331,0.030094228,0.998790240,0.038889503,0.129423390,0.611257671,-0.049173733,0.789902528,-0.257798768,0.000000000,0.000000000,0.000000000,1.000000000
1790743597697431652,1790743597,697431652,1790743597699657817,FL_calflower1,0.984096115,0.000000000,-0.177636810,0.174372660,0.008735065,0.998790240,0.048391680,0.127566867,0.177421912,-0.049173733,0.982905595,-0.295507446,0.000000000,0.000000000,0.000000000,1.000000000
1790743597697431652,1790743597,697431652,1790743597699657817,FL_foot,0.759283756,0.000000000,-0.650759693,0.184915036,0.032000284,0.998790240,0.037336817,0.126356491,0.649972430,-0.049173733,0.758365205,-0.320091955,0.000000000,0.000000000,0.000000000,1.000000000
1790743597697431652,1790743597,697431652,1790743597699657817,FR_hip,1.000000000,0.000000000,0.000000000,0.193400000,0.000000000,0.998021864,-0.062867789,-0.046500000,0.000000000,0.062867789,0.998021864,0.000000000,0.000000000,0.000000000,0.000000000,1.000000000
1790743597697431652,1790743597,697431652,1790743597699657817,FR_thigh,0.712789189,-0.000000000,0.701378337,0.193400000,0.044094105,0.998021864,-0.044811480,-0.141811088,-0.699990916,0.062867789,0.711379195,-0.006003874,0.000000000,0.000000000,0.000000000,1.000000000
1790743597697431652,1790743597,697431652,1790743597699657817,FR_calf,0.777574513,0.000000000,-0.628790805,0.044006414,-0.039530688,0.998021864,-0.048884390,-0.132266243,0.627546971,0.062867789,0.776036365,-0.157527642,0.000000000,0.000000000,0.000000000,1.000000000
1790743597697431652,1790743597,697431652,1790743597699657817,FR_calflower,0.808029190,0.000000000,-0.589142452,0.152618944,-0.037038083,0.998021864,-0.050799008,-0.125821967,0.587977048,0.062867789,0.806430798,-0.259830085,0.000000000,0.000000000,0.000000000,1.000000000
1790743597697431652,1790743597,697431652,1790743597699657817,FR_calflower1,0.988771504,-0.000000000,-0.149435311,0.168104350,-0.009394668,0.998021864,-0.062161878,-0.123419626,0.149139707,0.062867789,0.986815580,-0.297967087,0.000000000,0.000000000,0.000000000,1.000000000
1790743597697431652,1790743597,697431652,1790743597699657817,FR_foot,0.777574513,0.000000000,-0.628790805,0.177938856,-0.039530688,0.998021864,-0.048884390,-0.121853868,0.627546971,0.062867789,0.776036365,-0.322823388,0.000000000,0.000000000,0.000000000,1.000000000
1790743597697431652,1790743597,697431652,1790743597699657817,RL_hip,1.000000000,-0.000000000,0.000000000,-0.193400000,0.000000000,0.993987542,0.109493226,0.046500000,-0.000000000,-0.109493226,0.993987542,0.000000000,0.000000000,0.000000000,0.000000000,1.000000000
1790743597697431652,1790743597,697431652,1790743597699657817,RL_thigh,0.686052590,0.000000000,0.727551952,-0.193400000,-0.079662011,0.993987542,0.075118112,0.141425810,-0.723177577,-0.109493226,0.681927728,-0.010456603,0.000000000,0.000000000,0.000000000,1.000000000
1790743597697431652,1790743597,697431652,1790743597699657817,RL_calf,0.783436970,0.000000000,-0.621471249,-0.348368566,0.068046892,0.993987542,0.085781042,0.125425652,0.617734679,-0.109493226,0.778726588,-0.155707209,0.000000000,0.000000000,0.000000000,1.000000000
1790743597697431652,1790743597,697431652,1790743597699657817,RL_calflower,0.813518495,0.000000000,-0.581539043,-0.240722082,0.063674586,0.993987542,0.089074765,0.114090996,0.578042564,-0.109493226,0.808627249,-0.258604051,0.000000000,0.000000000,0.000000000,1.000000000
1790743597697431652,1790743597,697431652,1790743597699657817,RL_calflower1,0.990129394,-0.000000000,-0.140156278,-0.225595705,0.015346163,0.993987542,0.108412462,0.109891260,0.139313595,-0.109493226,0.984176283,-0.296729566,0.000000000,0.000000000,0.000000000,1.000000000
1790743597697431652,1790743597,697431652,1790743597699657817,RL_foot,0.783436970,0.000000000,-0.621471249,-0.215995190,0.068046892,0.993987542,0.085781042,0.107154291,0.617734679,-0.109493226,0.778726588,-0.321575973,0.000000000,0.000000000,0.000000000,1.000000000
1790743597697431652,1790743597,697431652,1790743597699657817,RR_hip,1.000000000,0.000000000,0.000000000,-0.193400000,0.000000000,0.992433259,-0.122785287,-0.046500000,0.000000000,0.122785287,0.992433259,0.000000000,0.000000000,0.000000000,0.000000000,1.000000000
1790743597697431652,1790743597,697431652,1790743597699657817,RR_thigh,0.725520506,0.000000000,0.688200548,-0.193400000,0.084500902,0.992433259,-0.089083244,-0.141277376,-0.682993113,0.122785287,0.720030681,-0.011725995,0.000000000,0.000000000,0.000000000,1.000000000
1790743597697431652,1790743597,697431652,1790743597699657817,RR_calf,0.773576403,-0.000000000,-0.633703044,-0.339986717,-0.077809410,0.992433259,-0.094983801,-0.122302645,0.628907977,0.122785287,0.767722951,-0.165092530,0.000000000,0.000000000,0.000000000,1.000000000
1790743597697431652,1790743597,697431652,1790743597699657817,RR_calflower,0.804281586,-0.000000000,-0.594248374,-0.230727138,-0.072964957,0.992433259,-0.098753945,-0.109801231,0.589751851,0.122785287,0.798195795,-0.266137367,0.000000000,0.000000000,0.000000000,1.000000000
1790743597697431652,1790743597,697431652,1790743597699657817,RR_calflower1,0.987805208,0.000000000,-0.155694803,-0.215000019,-0.019117031,0.992433259,-0.121287946,-0.105121424,0.154516701,0.122785287,0.980330741,-0.303962717,0.000000000,0.000000000,0.000000000,1.000000000
1790743597697431652,1790743597,697431652,1790743597699657817,RR_foot,0.773576403,-0.000000000,-0.633703044,-0.205007968,-0.077809410,0.992433259,-0.094983801,-0.102071096,0.628907977,0.122785287,0.767722951,-0.328617518,0.000000000,0.000000000,0.000000000,1.000000000
1790743597760653740,1790743597,760653740,1790743597766288566,FL_hip,1.000000000,-0.000000000,0.000000000,0.193400000,0.000000000,0.998793216,0.049113252,0.046500000,-0.000000000,-0.049113252,0.998793216,0.000000000,0.000000000,0.000000000,0.000000000,1.000000000
1790743597760653740,1790743597,760653740,1790743597766288566,FL_thigh,0.723241498,0.000000000,0.690595204,0.193400000,-0.033917376,0.998793216,0.035520742,0.141884752,-0.689761805,-0.049113252,0.722368702,-0.004690316,0.000000000,0.000000000,0.000000000,1.000000000
1790743597760653740,1790743597,760653740,1790743597766288566,FL_calf,0.759293996,0.000000000,-0.650747745,0.046303222,0.031960338,0.998793216,0.037291397,0.134318834,0.649962433,-0.049113252,0.758377692,-0.158554849,0.000000000,0.000000000,0.000000000,1.000000000
1790743597760653740,1790743597,760653740,1790743597766288566,FL_calflower,0.790868908,0.000000000,-0.611985597,0.157799768,0.030056603,0.998793216,0.038842144,0.129438914,0.611247062,-0.049113252,0.789914500,-0.257795499,0.000000000,0.000000000,0.000000000,1.000000000
1790743597760653740,1790743597,760653740,1790743597766288566,FL_calflower1,0.984098910,0.000000000,-0.177621325,0.174370502,0.008723561,0.998793216,0.048332298,0.127584662,0.177406974,-0.049113252,0.982911315,-0.295504549,0.000000000,0.000000000,0.000000000,1.000000000
1790743597760653740,1790743597,760653740,1790743597766288566,FL_foot,0.759293996,0.000000000,-0.650747745,0.184912491,0.031960338,0.998793216,0.037291397,0.126375767,0.649962433,-0.049113252,0.758377692,-0.320089297,0.000000000,0.000000000,0.000000000,1.000000000
1790743597760653740,1790743597,760653740,1790743597766288566,FR_hip,1.000000000,0.000000000,0.000000000,0.193400000,0.000000000,0.998019960,-0.062898008,-0.046500000,0.000000000,0.062898008,0.998019960,0.000000000,0.000000000,0.000000000,0.000000000,1.000000000
1790743597760653740,1790743597,760653740,1790743597766288566,FR_thigh,0.712831662,0.000000000,0.701335171,0.193400000,0.044112585,0.998019960,-0.044835692,-0.141810906,-0.699946499,0.062898008,0.711420227,-0.006006760,0.000000000,0.000000000,0.000000000,1.000000000
1790743597760653740,1790743597,760653740,1790743597766288566,FR_calf,0.777536433,-0.000000000,-0.628837892,0.044015609,-0.039552651,0.998019960,-0.048905493,-0.132260904,0.627592768,0.062898008,0.775996880,-0.157539268,0.000000000,0.000000000,0.000000000,1.000000000
1790743597760653740,1790743597,760653740,1790743597766288566,FR_calflower,0.807993511,-0.000000000,-0.589191384,0.152634345,-0.037058964,0.998019960,-0.050821182,-0.125813944,0.588024761,0.062898008,0.806393651,-0.259834951,0.000000000,0.000000000,0.000000000,1.000000000
1790743597760653740,1790743597,760653740,1790743597766288566,FR_calflower1,0.988762453,-0.000000000,-0.149495189,0.168122066,-0.009402950,0.998019960,-0.062191189,-0.123410507,0.149199182,0.062898008,0.986804664,-0.297970945,0.000000000,0.000000000,0.000000000,1.000000000
1790743597760653740,1790743597,760653740,1790743597766288566,FR_foot,0.777536433,-0.000000000,-0.628837892,0.177958080,-0.039552651,0.998019960,-0.048905493,-0.121844034,0.627592768,0.062898008,0.775996880,-0.322826604,0.000000000,0.000000000,0.000000000,1.000000000
1790743597760653740,1790743597,760653740,1790743597766288566,RL_hip,1.000000000,-0.000000000,0.000000000,-0.193400000,0.000000000,0.993990857,0.109463129,0.046500000,-0.000000000,-0.109463129,0.993990857,0.000000000,0.000000000,0.000000000,0.000000000,1.000000000
1790743597760653740,1790743597,760653740,1790743597766288566,RL_thigh,0.686030560,-0.000000000,0.727572725,-0.193400000,-0.079642387,0.993990857,0.075095052,0.141426127,-0.723200636,-0.109463129,0.681908104,-0.010453729,0.000000000,0.000000000,0.000000000,1.000000000
1790743597760653740,1790743597,760653740,1790743597766288566,RL_calf,0.783475419,0.000000000,-0.621422777,-0.348372990,0.068022882,0.993990857,0.085761671,0.125430881,0.617688558,-0.109463129,0.778767403,-0.155700155,0.000000000,0.000000000,0.000000000,1.000000000
1790743597760653740,1790743597,760653740,1790743597766288566,RL_calflower,0.813554473,-0.000000000,-0.581488710,-0.240732911,0.063651574,0.993990857,0.089054219,0.114098611,0.577994461,-0.109463129,0.808665708,-0.258603960,0.000000000,0.000000000,0.000000000,1.000000000
1790743597760653740,1790743597,760653740,1790743597766288566,RL_calflower1,0.990138064,0.000000000,-0.140095019,-0.225608907,0.015335239,0.993990857,0.108383611,0.109899927,0.139253168,-0.109463129,0.984188182,-0.296730533,0.000000000,0.000000000,0.000000000,1.000000000
1790743597760653740,1790743597,760653740,1790743597766288566,RL_foot,0.783475419,0.000000000,-0.621422777,-0.216009939,0.068022882,0.993990857,0.085761671,0.107163645,0.617688558,-0.109463129,0.778767403,-0.321577612,0.000000000,0.000000000,0.000000000,1.000000000
1790743597760653740,1790743597,760653740,1790743597766288566,RR_hip,1.000000000,0.000000000,0.000000000,-0.193400000,0.000000000,0.992440693,-0.122725187,-0.046500000,0.000000000,0.122725187,0.992440693,0.000000000,0.000000000,0.000000000,0.000000000,1.000000000
1790743597760653740,1790743597,760653740,1790743597766288566,RR_thigh,0.725562181,-0.000000000,0.688156611,-0.193400000,0.084454148,0.992440693,-0.089044754,-0.141278086,-0.682954624,0.122725187,0.720077434,-0.011720255,0.000000000,0.000000000,0.000000000,1.000000000
1790743597760653740,1790743597,760653740,1790743597766288566,RR_calf,0.773528053,-0.000000000,-0.633762062,-0.339977358,-0.077778567,0.992440693,-0.094931375,-0.122311554,0.628971259,0.122725187,0.767680717,-0.165096749,0.000000000,0.000000000,0.000000000,1.000000000
1790743597760653740,1790743597,760653740,1790743597766288566,RR_calflower,0.804236246,-0.000000000,-0.594309734,-0.230710012,-0.072936773,0.992440693,-0.098700043,-0.109817281,0.589817165,0.122725187,0.798156777,-0.266134070,0.000000000,0.000000000,0.000000000,1.000000000
1790743597760653740,1790743597,760653740,1790743597766288566,RR_calflower1,0.987793326,0.000000000,-0.155770166,-0.214979985,-0.019116923,0.992440693,-0.121227120,-0.105139912,0.154592652,0.122725187,0.980326293,-0.303958512,0.000000000,0.000000000,0.000000000,1.000000000
1790743597760653740,1790743597,760653740,1790743597766288566,RR_foot,0.773528053,-0.000000000,-0.633762062,-0.204986039,-0.077778567,0.992440693,-0.094931375,-0.102091171,0.628971259,0.122725187,0.767680717,-0.328612741,0.000000000,0.000000000,0.000000000,1.000000000
1790743597826641476,1790743597,826641476,1790743597833140107,FL_hip,1.000000000,-0.000000000,0.000000000,0.193400000,0.000000000,0.998794703,0.049083009,0.046500000,-0.000000000,-0.049083009,0.998794703,0.000000000,0.000000000,0.000000000,0.000000000,1.000000000
1790743597826641476,1790743597,826641476,1790743597833140107,FL_thigh,0.723241498,-0.000000000,0.690595204,0.193400000,-0.033896491,0.998794703,0.035498869,0.141884894,-0.689762832,-0.049083009,0.722369777,-0.004687427,0.000000000,0.000000000,0.000000000,1.000000000
1790743597826641476,1790743597,826641476,1790743597833140107,FL_calf,0.759283756,-0.000000000,-0.650759693,0.046303222,0.031941244,0.998794703,0.037267932,0.134323635,0.649975334,-0.049083009,0.758368593,-0.158552190,0.000000000,0.000000000,0.000000000,1.000000000
1790743597826641476,1790743597,826641476,1790743597833140107,FL_calflower,0.790859278,0.000000000,-0.611998041,0.157801331,0.030038705,0.998794703,0.038817753,0.129446806,0.611260402,-0.049083009,0.789906057,-0.257791235,0.000000000,0.000000000,0.000000000,1.000000000
1790743597826641476,1790743597,826641476,1790743597833140107,FL_calflower1,0.984096115,0.000000000,-0.177636810,0.174372660,0.008718949,0.998794703,0.048302399,0.127593709,0.177422705,-0.049083009,0.982909987,-0.295500081,0.000000000,0.000000000,0.000000000,1.000000000
1790743597826641476,1790743597,826641476,1790743597833140107,FL_foot,0.759283756,-0.000000000,-0.650759693,0.184915036,0.031941244,0.998794703,0.037267932,0.126385566,0.649975334,-0.049083009,0.758368593,-0.320084700,0.000000000,0.000000000,0.000000000,1.000000000
1790743597826641476,1790743597,826641476,1790743597833140107,FR_hip,1.000000000,0.000000000,0.000000000,0.193400000,0.000000000,0.998019960,-0.062898008,-0.046500000,0.000000000,0.062898008,0.998019960,0.000000000,0.000000000,0.000000000,0.000000000,1.000000000
1790743597826641476,1790743597,826641476,1790743597833140107,FR_thigh,0.712831662,0.000000000,0.701335171,0.193400000,0.044112585,0.998019960,-0.044835692,-0.141810906,-0.699946499,0.062898008,0.711420227,-0.006006760,0.000000000,0.000000000,0.000000000,1.000000000
1790743597826641476,1790743597,826641476,1790743597833140107,FR_calf,0.777526463,0.000000000,-0.628850220,0.044015609,-0.039553426,0.998019960,-0.048904866,-0.132260904,0.627605071,0.062898008,0.775986930,-0.157539268,0.000000000,0.000000000,0.000000000,1.000000000
1790743597826641476,1790743597,826641476,1790743597833140107,FR_calflower,0.807984169,-0.000000000,-0.589204194,0.152635970,-0.037059770,0.998019960,-0.050820595,-0.125814052,0.588037546,0.062898008,0.806384328,-0.259833232,0.000000000,0.000000000,0.000000000,1.000000000
1790743597826641476,1790743597,826641476,1790743597833140107,FR_calflower1,0.988760083,-0.000000000,-0.149510865,0.168124297,-0.009403936,0.998019960,-0.062191040,-0.123410631,0.149214828,0.062898008,0.986802298,-0.297968981,0.000000000,0.000000000,0.000000000,1.000000000
1790743597826641476,1790743597,826641476,1790743597833140107,FR_foot,0.777526463,0.000000000,-0.628850220,0.177960705,-0.039553426,0.998019960,-0.048904866,-0.121844167,0.627605071,0.062898008,0.775986930,-0.322824484,0.000000000,0.000000000,0.000000000,1.000000000
1790743597826641476,1790743597,826641476,1790743597833140107,RL_hip,1.000000000,-0.000000000,0.000000000,-0.193400000,0.000000000,0.993990857,0.109463129,0.046500000,-0.000000000,-0.109463129,0.993990857,0.000000000,0.000000000,0.000000000,0.000000000,1.000000000
1790743597826641476,1790743597,826641476,1790743597833140107,RL_thigh,0.686074620,-0.000000000,0.727531179,-0.193400000,-0.079637840,0.993990857,0.075099875,0.141426127,-0.723159340,-0.109463129,0.681951899,-0.010453729,0.000000000,0.000000000,0.000000000,1.000000000
1790743597826641476,1790743597,826641476,1790743597833140107,RL_calf,0.783427932,-0.000000000,-0.621482643,-0.348364141,0.068029435,0.993990857,0.085756473,0.125429853,0.617748065,-0.109463129,0.778720201,-0.155709483,0.000000000,0.000000000,0.000000000,1.000000000
1790743597826641476,1790743597,826641476,1790743597833140107,RL_calflower,0.813510037,0.000000000,-0.581550874,-0.240716151,0.063658379,0.993990857,0.089049354,0.114098484,0.578056252,-0.109463129,0.808621539,-0.258605112,0.000000000,0.000000000,0.000000000,1.000000000
1790743597826641476,1790743597,826641476,1790743597833140107,RL_calflower1,0.990127356,0.000000000,-0.140170678,-0.225589217,0.015343521,0.993990857,0.108382439,0.109899926,0.139328373,-0.109463129,0.984177539,-0.296730536,0.000000000,0.000000000,0.000000000,1.000000000
1790743597826641476,1790743597,826641476,1790743597833140107,RL_foot,0.783427932,-0.000000000,-0.621482643,-0.215988338,0.068029435,0.993990857,0.085756473,0.107163725,0.617748065,-0.109463129,0.778720201,-0.321576886,0.000000000,0.000000000,0.000000000,1.000000000
1790743597826641476,1790743597,826641476,1790743597833140107,RR_hip,1.000000000,0.000000000,0.000000000,-0.193400000,0.000000000,0.992436976,-0.122755237,-0.046500000,0.000000000,0.122755237,0.992436976,0.000000000,0.000000000,0.000000000,0.000000000,1.000000000
1790743597826641476,1790743597,826641476,1790743597833140107,RR_thigh,0.725541344,0.000000000,0.688178580,-0.193400000,0.084477525,0.992436976,-0.089064000,-0.141277731,-0.682973869,0.122755237,0.720054058,-0.011723125,0.000000000,0.000000000,0.000000000,1.000000000
1790743597826641476,1790743597,826641476,1790743597833140107,RR_calf,0.773547243,-0.000000000,-0.633738639,-0.339982038,-0.077794737,0.992436976,-0.094956975,-0.122307099,0.628945659,0.122755237,0.767696887,-0.165094639,0.000000000,0.000000000,0.000000000,1.000000000
1790743597826641476,1790743597,826641476,1790743597833140107,RR_calflower,0.804254241,-0.000000000,-0.594285383,-0.230717774,-0.072951643,0.992436976,-0.098726420,-0.109809362,0.589790788,0.122755237,0.798171647,-0.266134865,0.000000000,0.000000000,0.000000000,1.000000000
1790743597826641476,1790743597,826641476,1790743597833140107,RR_calflower1,0.987798042,-0.000000000,-0.155740257,-0.214988901,-0.019117932,0.992436976,-0.121257383,-0.105130789,0.154562390,0.122755237,0.980327302,-0.303959639,0.000000000,0.000000000,0.000000000,1.000000000
1790743597826641476,1790743597,826641476,1790743597833140107,RR_foot,0.773547243,-0.000000000,-0.633738639,-0.204995707,-0.077794737,0.992436976,-0.094956975,-0.102081264,0.628945659,0.122755237,0.767696887,-0.328614076,0.000000000,0.000000000,0.000000000,1.000000000
1790743598127446080,1790743598,127446080,1790743598133248865,FL_hip,1.000000000,-0.000000000,0.000000000,0.193400000,0.000000000,0.998794703,0.049083009,0.046500000,-0.000000000,-0.049083009,0.998794703,0.000000000,0.000000000,0.000000000,0.000000000,1.000000000
1790743598127446080,1790743598,127446080,1790743598133248865,FL_thigh,0.723304227,0.000000000,0.690529504,0.193400000,-0.033893266,0.998794703,0.035501948,0.141884894,-0.689697210,-0.049083009,0.722432430,-0.004687427,0.000000000,0.000000000,0.000000000,1.000000000
1790743598127446080,1790743598,127446080,1790743598133248865,FL_calf,0.759224640,0.000000000,-0.650828662,0.046317216,0.031944629,0.998794703,0.037265030,0.134322979,0.650044220,-0.049083009,0.758309548,-0.158565535,0.000000000,0.000000000,0.000000000,1.000000000
1790743598127446080,1790743598,127446080,1790743598133248865,FL_calflower,0.790803682,0.000000000,-0.612069878,0.157824350,0.030042231,0.998794703,0.038815024,0.129446647,0.611332152,-0.049083009,0.789850529,-0.257794464,0.000000000,0.000000000,0.000000000,1.000000000
1790743598127446080,1790743598,127446080,1790743598133248865,FL_calflower1,0.984079975,0.000000000,-0.177726202,0.174399109,0.008723337,0.998794703,0.048301606,0.127593624,0.177511989,-0.049083009,0.982893866,-0.295501806,0.000000000,0.000000000,0.000000000,1.000000000
1790743598127446080,1790743598,127446080,1790743598133248865,FL_foot,0.759224640,0.000000000,-0.650828662,0.184943721,0.031944629,0.998794703,0.037265030,0.126385528,0.650044220,-0.049083009,0.758309548,-0.320085469,0.000000000,0.000000000,0.000000000,1.000000000
1790743598127446080,1790743598,127446080,1790743598133248865,FR_hip,1.000000000,0.000000000,0.000000000,0.193400000,0.000000000,0.998018055,-0.062928227,-0.046500000,0.000000000,0.062928227,0.998018055,0.000000000,0.000000000,0.000000000,0.000000000,1.000000000
1790743598127446080,1790743598,127446080,1790743598133248865,FR_thigh,0.712810426,0.000000000,0.701356754,0.193400000,0.044135137,0.998018055,-0.044855896,-0.141810724,-0.699966704,0.062928227,0.711397675,-0.006009646,0.000000000,0.000000000,0.000000000,1.000000000
1790743598127446080,1790743598,127446080,1790743598133248865,FR_calf,0.777545504,0.000000000,-0.628826677,0.044011011,-0.039570948,0.998018055,-0.048929560,-0.132256418,0.627580377,0.062928227,0.776004451,-0.157537350,0.000000000,0.000000000,0.000000000,1.000000000
1790743598127446080,1790743598,127446080,1790743598133248865,FR_calflower,0.808002009,0.000000000,-0.589179729,0.152628270,-0.037076036,0.998018055,-0.050846134,-0.125806262,0.588012007,0.062928227,0.806400594,-0.259834402,0.000000000,0.000000000,0.000000000,1.000000000
1790743598127446080,1790743598,127446080,1790743598133248865,FR_calflower1,0.988764609,0.000000000,-0.149480926,0.168115439,-0.009406570,0.998018055,-0.062221204,-0.123401657,0.149184664,0.062928227,0.986804932,-0.297970546,0.000000000,0.000000000,0.000000000,1.000000000
1790743598127446080,1790743598,127446080,1790743598133248865,FR_foot,0.777545504,0.000000000,-0.628826677,0.177951093,-0.039570948,0.998018055,-0.048929560,-0.121834422,0.627580377,0.062928227,0.776004451,-0.322826299,0.000000000,0.000000000,0.000000000,1.000000000
1790743598127446080,1790743598,127446080,1790743598133248865,RL_hip,1.000000000,-0.000000000,0.000000000,-0.193400000,0.000000000,0.993980909,0.109553421,0.046500000,-0.000000000,-0.109553421,0.993980909,0.000000000,0.000000000,0.000000000,0.000000000,1.000000000
1790743598127446080,1790743598,127446080,1790743598133248865,RL_thigh,0.686074620,0.000000000,0.727531179,-0.193400000,-0.079703529,0.993980909,0.075161821,0.141425177,-0.723152103,-0.109553421,0.681945074,-0.010462352,0.000000000,0.000000000,0.000000000,1.000000000
1790743598127446080,1790743598,127446080,1790743598133248865,RL_calf,0.783418152,0.000000000,-0.621494971,-0.348364141,0.068086900,0.993980909,0.085826138,0.125415709,0.617754136,-0.109553421,0.778702688,-0.155716652,0.000000000,0.000000000,0.000000000,1.000000000
1790743598127446080,1790743598,127446080,1790743598133248865,RL_calflower,0.813500886,0.000000000,-0.581563675,-0.240714522,0.063712290,0.993980909,0.089121805,0.114075178,0.578063191,-0.109553421,0.808604350,-0.258609568,0.000000000,0.000000000,0.000000000,1.000000000
1790743598127446080,1790743598,127446080,1790743598133248865,RL_calflower1,0.990125150,-0.000000000,-0.140186259,-0.225586984,0.015357884,0.993980909,0.108471597,0.109873183,0.139342465,-0.109553421,0.984165497,-0.296734373,0.000000000,0.000000000,0.000000000,1.000000000
1790743598127446080,1790743598,127446080,1790743598133248865,RL_foot,0.783418152,0.000000000,-0.621494971,-0.215985712,0.068086900,0.993980909,0.085826138,0.107134741,0.617754136,-0.109553421,0.778702688,-0.321580325,0.000000000,0.000000000,0.000000000,1.000000000
1790743598127446080,1790743598,127446080,1790743598133248865,RR_hip,1.000000000,0.000000000,0.000000000,-0.193400000,0.000000000,0.992436976,-0.122755237,-0.046500000,0.000000000,0.122755237,0.992436976,0.000000000,0.000000000,0.000000000,0.000000000,1.000000000
1790743598127446080,1790743598,127446080,1790743598133248865,RR_thigh,0.725624689,0.000000000,0.688090700,-0.193400000,0.084466737,0.992436976,-0.089074231,-0.141277731,-0.682886653,0.122755237,0.720136772,-0.011723125,0.000000000,0.000000000,0.000000000,1.000000000
1790743598127446080,1790743598,127446080,1790743598133248865,RR_calf,0.773450457,-0.000000000,-0.633856758,-0.339963319,-0.077809236,0.992436976,-0.094945094,-0.122304920,0.629062885,0.122755237,0.767600833,-0.165112258,0.000000000,0.000000000,0.000000000,1.000000000
1790743598127446080,1790743598,127446080,1790743598133248865,RR_calflower,0.804163480,0.000000000,-0.594408191,-0.230683510,-0.072966718,0.992436976,-0.098715278,-0.109809231,0.589912668,0.122755237,0.798081572,-0.266135923,0.000000000,0.000000000,0.000000000,1.000000000
1790743598127446080,1790743598,127446080,1790743598133248865,RR_calflower1,0.987774248,0.000000000,-0.155891099,-0.214948817,-0.019136449,0.992436976,-0.121254462,-0.105130953,0.154712091,0.122755237,0.980303688,-0.303958313,0.000000000,0.000000000,0.000000000,1.000000000
1790743598127446080,1790743598,127446080,1790743598133248865,RR_foot,0.773450457,-0.000000000,-0.633856758,-0.204951830,-0.077809236,0.992436976,-0.094945094,-0.102081615,0.629062885,0.122755237,0.767600833,-0.328611235,0.000000000,0.000000000,0.000000000,1.000000000
1790743598187231165,1790743598,187231165,1790743598199692384,FL_hip,1.000000000,-0.000000000,0.000000000,0.193400000,0.000000000,0.998794703,0.049083009,0.046500000,-0.000000000,-0.049083009,0.998794703,0.000000000,0.000000000,0.000000000,0.000000000,1.000000000
1790743598187231165,1790743598,187231165,1790743598199692384,FL_thigh,0.723346043,0.000000000,0.690485700,0.193400000,-0.033891116,0.998794703,0.035504000,0.141884894,-0.689653460,-0.049083009,0.722474196,-0.004687427,0.000000000,0.000000000,0.000000000,1.000000000
1790743598187231165,1790743598,187231165,1790743598199692384,FL_calf,0.759195467,0.000000000,-0.650862691,0.046326546,0.031946299,0.998794703,0.037263598,0.134322542,0.650078208,-0.049083009,0.758280411,-0.158574431,0.000000000,0.000000000,0.000000000,1.000000000
1790743598187231165,1790743598,187231165,1790743598199692384,FL_calflower,0.790776247,0.000000000,-0.612105324,0.157838133,0.030043971,0.998794703,0.038813678,0.129446456,0.611367555,-0.049083009,0.789823126,-0.257798368,0.000000000,0.000000000,0.000000000,1.000000000
1790743598187231165,1790743598,187231165,1790743598199692384,FL_calflower1,0.984072008,0.000000000,-0.177770311,0.174414584,0.008725502,0.998794703,0.048301215,0.127593469,0.177556045,-0.049083009,0.982885908,-0.295504968,0.000000000,0.000000000,0.000000000,1.000000000
1790743598187231165,1790743598,187231165,1790743598199692384,FL_foot,0.759195467,0.000000000,-0.650862691,0.184960299,0.031946299,0.998794703,0.037263598,0.126385396,0.650078208,-0.049083009,0.758280411,-0.320088159,0.000000000,0.000000000,0.000000000,1.000000000
1790743598187231165,1790743598,187231165,1790743598199692384,FR_hip,1.000000000,0.000000000,0.000000000,0.193400000,0.000000000,0.998019960,-0.062898008,-0.046500000,0.000000000,0.062898008,0.998019960,0.000000000,0.000000000,0.000000000,0.000000000,1.000000000
1790743598187231165,1790743598,187231165,1790743598199692384,FR_thigh,0.712831662,0.000000000,0.701335171,0.193400000,0.044112585,0.998019960,-0.044835692,-0.141810906,-0.699946499,0.062898008,0.711420227,-0.006006760,0.000000000,0.000000000,0.000000000,1.000000000
1790743598187231165,1790743598,187231165,1790743598199692384,FR_calf,0.777526463,0.000000000,-0.628850220,0.044015609,-0.039553426,0.998019960,-0.048904866,-0.132260904,0.627605071,0.062898008,0.775986930,-0.157539268,0.000000000,0.000000000,0.000000000,1.000000000
1790743598187231165,1790743598,187231165,1790743598199692384,FR_calflower,0.807984169,-0.000000000,-0.589204194,0.152635970,-0.037059770,0.998019960,-0.050820595,-0.125814052,0.588037546,0.062898008,0.806384328,-0.259833232,0.000000000,0.000000000,0.000000000,1.000000000
1790743598187231165,1790743598,187231165,1790743598199692384,FR_calflower1,0.988760083,-0.000000000,-0.149510865,0.168124297,-0.009403936,0.998019960,-0.062191040,-0.123410631,0.149214828,0.062898008,0.986802298,-0.297968981,0.000000000,0.000000000,0.000000000,1.000000000
1790743598187231165,1790743598,187231165,1790743598199692384,FR_foot,0.777526463,0.000000000,-0.628850220,0.177960705,-0.039553426,0.998019960,-0.048904866,-0.121844167,0.627605071,0.062898008,0.775986930,-0.322824484,0.000000000,0.000000000,0.000000000,1.000000000
1790743598187231165,1790743598,187231165,1790743598199692384,RL_hip,1.000000000,-0.000000000,0.000000000,-0.193400000,0.000000000,0.993997484,0.109402935,0.046500000,-0.000000000,-0.109402935,0.993997484,0.000000000,0.000000000,0.000000000,0.000000000,1.000000000
1790743598187231165,1790743598,187231165,1790743598199692384,RL_thigh,0.686074620,-0.000000000,0.727531179,-0.193400000,-0.079594046,0.993997484,0.075058577,0.141426760,-0.723164161,-0.109402935,0.681956446,-0.010447980,0.000000000,0.000000000,0.000000000,1.000000000
1790743598187231165,1790743598,187231165,1790743598199692384,RL_calf,0.783427932,0.000000000,-0.621482643,-0.348364141,0.067992025,0.993997484,0.085709315,0.125439283,0.617752183,-0.109402935,0.778725393,-0.155704703,0.000000000,0.000000000,0.000000000,1.000000000
1790743598187231165,1790743598,187231165,1790743598199692384,RL_calflower,0.813510037,-0.000000000,-0.581550874,-0.240716151,0.063623372,0.993997484,0.089000386,0.114114145,0.578060106,-0.109402935,0.808626930,-0.258601018,0.000000000,0.000000000,0.000000000,1.000000000
1790743598187231165,1790743598,187231165,1790743598199692384,RL_calflower1,0.990127356,0.000000000,-0.140170678,-0.225589217,0.015335084,0.993997484,0.108322838,0.109917896,0.139329302,-0.109402935,0.984184100,-0.296726696,0.000000000,0.000000000,0.000000000,1.000000000
1790743598187231165,1790743598,187231165,1790743598199692384,RL_foot,0.783427932,0.000000000,-0.621482643,-0.215988338,0.067992025,0.993997484,0.085709315,0.107183199,0.617752183,-0.109402935,0.778725393,-0.321573212,0.000000000,0.000000000,0.000000000,1.000000000
1790743598187231165,1790743598,187231165,1790743598199692384,RR_hip,1.000000000,0.000000000,0.000000000,-0.193400000,0.000000000,0.992433259,-0.122785287,-0.046500000,0.000000000,0.122785287,0.992433259,0.000000000,0.000000000,0.000000000,0.000000000,1.000000000
1790743598187231165,1790743598,187231165,1790743598199692384,RR_thigh,0.725603854,0.000000000,0.688112671,-0.193400000,0.084490112,0.992433259,-0.089093477,-0.141277376,-0.682905900,0.122785287,0.720113397,-0.011725995,0.000000000,0.000000000,0.000000000,1.000000000
1790743598187231165,1790743598,187231165,1790743598199692384,RR_calf,0.773479623,-0.000000000,-0.633821167,-0.339967999,-0.077823914,0.992433259,-0.094971917,-0.122300466,0.629025207,0.122785287,0.767626903,-0.165110148,0.000000000,0.000000000,0.000000000,1.000000000
1790743598187231165,1790743598,187231165,1790743598199692384,RR_calflower,0.804190831,0.000000000,-0.594371187,-0.230692874,-0.072980037,0.992433259,-0.098742802,-0.109801100,0.589873734,0.122785287,0.798105727,-0.266138426,0.000000000,0.000000000,0.000000000,1.000000000
1790743598187231165,1790743598,187231165,1790743598199692384,RR_calflower1,0.987781420,0.000000000,-0.155845646,-0.214959934,-0.019135552,0.992433259,-0.121285025,-0.105121588,0.154666403,0.122785287,0.980307134,-0.303961392,0.000000000,0.000000000,0.000000000,1.000000000
1790743598187231165,1790743598,187231165,1790743598199692384,RR_foot,0.773479623,-0.000000000,-0.633821167,-0.204964090,-0.077823914,0.992433259,-0.094971917,-0.102071447,0.629025207,0.122785287,0.767626903,-0.328614679,0.000000000,0.000000000,0.000000000,1.000000000
1790743598221188239,1790743598,221188239,1790743598233190658,FL_hip,1.000000000,-0.000000000,0.000000000,0.193400000,0.000000000,0.998791729,0.049143494,0.046500000,-0.000000000,-0.049143494,0.998791729,0.000000000,0.000000000,0.000000000,0.000000000,1.000000000
1790743598221188239,1790743598,221188239,1790743598233190658,FL_thigh,0.723304227,-0.000000000,0.690529504,0.193400000,-0.033935033,0.998791729,0.035545697,0.141884610,-0.689695157,-0.049143494,0.722430279,-0.004693204,0.000000000,0.000000000,0.000000000,1.000000000
1790743598221188239,1790743598,221188239,1790743598233190658,FL_calf,0.759245199,0.000000000,-0.650804677,0.046317216,0.031982816,0.998791729,0.037311962,0.134313377,0.650018328,-0.049143494,0.758327825,-0.158570853,0.000000000,0.000000000,0.000000000,1.000000000
1790743598221188239,1790743598,221188239,1790743598233190658,FL_calflower,0.790823017,0.000000000,-0.612044896,0.157821212,0.030078025,0.998791729,0.038863806,0.129430862,0.611305380,-0.049143494,0.789867489,-0.257803005,0.000000000,0.000000000,0.000000000,1.000000000
1790743598221188239,1790743598,221188239,1790743598233190658,FL_calflower1,0.984085589,0.000000000,-0.177695115,0.174394778,0.008732559,0.998791729,0.048361405,0.127575530,0.177480411,-0.049143494,0.982896546,-0.295510758,0.000000000,0.000000000,0.000000000,1.000000000
1790743598221188239,1790743598,221188239,1790743598233190658,FL_foot,0.759245199,0.000000000,-0.650804677,0.184938612,0.031982816,0.998791729,0.037311962,0.126365929,0.650018328,-0.049143494,0.758327825,-0.320094680,0.000000000,0.000000000,0.000000000,1.000000000
1790743598221188239,1790743598,221188239,1790743598233190658,FR_hip,1.000000000,0.000000000,0.000000000,0.193400000,0.000000000,0.998019960,-0.062898008,-0.046500000,0.000000000,0.062898008,0.998019960,0.000000000,0.000000000,0.000000000,0.000000000,1.000000000
1790743598221188239,1790743598,221188239,1790743598233190658,FR_thigh,0.712852897,0.000000000,0.701313586,0.193400000,0.044111228,0.998019960,-0.044837027,-0.141810906,-0.699924958,0.062898008,0.711441420,-0.006006760,0.000000000,0.000000000,0.000000000,1.000000000
1790743598221188239,1790743598,221188239,1790743598233190658,FR_calf,0.777517392,-0.000000000,-0.628861435,0.044020206,-0.039554132,0.998019960,-0.048904295,-0.132260619,0.627616264,0.062898008,0.775977877,-0.157543782,0.000000000,0.000000000,0.000000000,1.000000000
1790743598221188239,1790743598,221188239,1790743598233190658,FR_calflower,0.807975670,0.000000000,-0.589215849,0.152642046,-0.037060503,0.998019960,-0.050820060,-0.125813866,0.588049178,0.062898008,0.806375846,-0.259836183,0.000000000,0.000000000,0.000000000,1.000000000
1790743598221188239,1790743598,221188239,1790743598233190658,FR_calflower1,0.988757926,0.000000000,-0.149525128,0.168130924,-0.009404833,0.998019960,-0.062190904,-0.123410459,0.149229062,0.062898008,0.986800146,-0.297971708,0.000000000,0.000000000,0.000000000,1.000000000
1790743598221188239,1790743598,221188239,1790743598233190658,FR_foot,0.777517392,-0.000000000,-0.628861435,0.177967692,-0.039554132,0.998019960,-0.048904295,-0.121844005,0.627616264,0.062898008,0.775977877,-0.322827070,0.000000000,0.000000000,0.000000000,1.000000000
1790743598221188239,1790743598,221188239,1790743598233190658,RL_hip,1.000000000,-0.000000000,0.000000000,-0.193400000,0.000000000,0.993990857,0.109463129,0.046500000,-0.000000000,-0.109463129,0.993990857,0.000000000,0.000000000,0.000000000,0.000000000,1.000000000
1790743598221188239,1790743598,221188239,1790743598233190658,RL_thigh,0.686118677,-0.000000000,0.727489630,-0.193400000,-0.079633291,0.993990857,0.075104697,0.141426127,-0.723118041,-0.109463129,0.681995691,-0.010453729,0.000000000,0.000000000,0.000000000,1.000000000
1790743598221188239,1790743598,221188239,1790743598233190658,RL_calf,0.783380514,0.000000000,-0.621542412,-0.348355291,0.068035977,0.993990857,0.085751283,0.125428826,0.617807474,-0.109463129,0.778673069,-0.155718811,0.000000000,0.000000000,0.000000000,1.000000000
1790743598221188239,1790743598,221188239,1790743598233190658,RL_calflower,0.813465666,0.000000000,-0.581612938,-0.240699404,0.063665172,0.993990857,0.089044497,0.114098356,0.578117943,-0.109463129,0.808577434,-0.258606276,0.000000000,0.000000000,0.000000000,1.000000000
1790743598221188239,1790743598,221188239,1790743598233190658,RL_calflower1,0.990116659,-0.000000000,-0.140246219,-0.225569543,0.015351790,0.993990857,0.108381268,0.109899924,0.139403459,-0.109463129,0.984166906,-0.296730553,0.000000000,0.000000000,0.000000000,1.000000000
1790743598221188239,1790743598,221188239,1790743598233190658,RL_foot,0.783380514,0.000000000,-0.621542412,-0.215966757,0.068035977,0.993990857,0.085751283,0.107163803,0.617807474,-0.109463129,0.778673069,-0.321576175,0.000000000,0.000000000,0.000000000,1.000000000
1790743598221188239,1790743598,221188239,1790743598233190658,RR_hip,1.000000000,0.000000000,0.000000000,-0.193400000,0.000000000,0.992440693,-0.122725187,-0.046500000,0.000000000,0.122725187,0.992440693,0.000000000,0.000000000,0.000000000,0.000000000,1.000000000
1790743598221188239,1790743598,221188239,1790743598233190658,RR_thigh,0.725645523,0.000000000,0.688068728,-0.193400000,0.084443363,0.992440693,-0.089054982,-0.141278086,-0.682867405,0.122725187,0.720160146,-0.011720255,0.000000000,0.000000000,0.000000000,1.000000000
1790743598221188239,1790743598,221188239,1790743598233190658,RR_calf,0.773431264,-0.000000000,-0.633880177,-0.339958639,-0.077793063,0.992440693,-0.094919496,-0.122309375,0.629088482,0.122725187,0.767584660,-0.165114366,0.000000000,0.000000000,0.000000000,1.000000000
1790743598221188239,1790743598,221188239,1790743598233190658,RR_calflower,0.804145481,-0.000000000,-0.594432540,-0.230675748,-0.072951844,0.992440693,-0.098688904,-0.109817151,0.589939042,0.122725187,0.798066699,-0.266135126,0.000000000,0.000000000,0.000000000,1.000000000
1790743598221188239,1790743598,221188239,1790743598233190658,RR_calflower1,0.987769527,0.000000000,-0.155921008,-0.214939901,-0.019135435,0.992440693,-0.121224200,-0.105140076,0.154742353,0.122725187,0.980302674,-0.303957185,0.000000000,0.000000000,0.000000000,1.000000000
1790743598221188239,1790743598,221188239,1790743598233190658,RR_foot,0.773431264,-0.000000000,-0.633880177,-0.204942161,-0.077793063,0.992440693,-0.094919496,-0.102091522,0.629088482,0.122725187,0.767584660,-0.328609899,0.000000000,0.000000000,0.000000000,1.000000000
1790743598290486698,1790743598,290486698,1790743598299659753,FL_hip,1.000000000,-0.000000000,0.000000000,0.193400000,0.000000000,0.998793216,0.049113252,0.046500000,-0.000000000,-0.049113252,0.998793216,0.000000000,0.000000000,0.000000000,0.000000000,1.000000000
1790743598290486698,1790743598,290486698,1790743598299659753,FL_thigh,0.723346043,0.000000000,0.690485700,0.193400000,-0.033911998,0.998793216,0.035525876,0.141884752,-0.689652433,-0.049113252,0.722473120,-0.004690316,0.000000000,0.000000000,0.000000000,1.000000000
1790743598290486698,1790743598,290486698,1790743598299659753,FL_calf,0.759195467,0.000000000,-0.650862691,0.046326546,0.031965983,0.998793216,0.037286558,0.134317740,0.650077241,-0.049113252,0.758279282,-0.158577090,0.000000000,0.000000000,0.000000000,1.000000000
1790743598290486698,1790743598,290486698,1790743598299659753,FL_calflower,0.790776247,-0.000000000,-0.612105324,0.157838133,0.030062483,0.998793216,0.038837593,0.129438650,0.611366645,-0.049113252,0.789821951,-0.257800879,0.000000000,0.000000000,0.000000000,1.000000000
1790743598290486698,1790743598,290486698,1790743598299659753,FL_calflower1,0.984072008,-0.000000000,-0.177770311,0.174414584,0.008730878,0.998793216,0.048330976,0.127584521,0.177555781,-0.049113252,0.982884446,-0.295507424,0.000000000,0.000000000,0.000000000,1.000000000
1790743598290486698,1790743598,290486698,1790743598299659753,FL_foot,0.759195467,0.000000000,-0.650862691,0.184960299,0.031965983,0.998793216,0.037286558,0.126375704,0.650077241,-0.049113252,0.758279282,-0.320090577,0.000000000,0.000000000,0.000000000,1.000000000
1790743598290486698,1790743598,290486698,1790743598299659753,FR_hip,1.000000000,0.000000000,0.000000000,0.193400000,0.000000000,0.998016149,-0.062958446,-0.046500000,0.000000000,0.062958446,0.998016149,0.000000000,0.000000000,0.000000000,0.000000000,1.000000000
1790743598290486698,1790743598,290486698,1790743598299659753,FR_thigh,0.712852897,-0.000000000,0.701313586,0.193400000,0.044153614,0.998016149,-0.044880111,-0.141810542,-0.699922285,0.062958446,0.711438704,-0.006012532,0.000000000,0.000000000,0.000000000,1.000000000
1790743598290486698,1790743598,290486698,1790743598299659753,FR_calf,0.777517392,-0.000000000,-0.628861435,0.044020206,-0.039592139,0.998016149,-0.048951287,-0.132251079,0.627613868,0.062958446,0.775974914,-0.157548976,0.000000000,0.000000000,0.000000000,1.000000000
1790743598290486698,1790743598,290486698,1790743598299659753,FR_calflower,0.807975670,-0.000000000,-0.589215849,0.152642046,-0.037096114,0.998016149,-0.050868893,-0.125798131,0.588046932,0.062958446,0.806372767,-0.259840985,0.000000000,0.000000000,0.000000000,1.000000000
1790743598290486698,1790743598,290486698,1790743598299659753,FR_calflower1,0.988757926,0.000000000,-0.149525128,0.168130924,-0.009413870,0.998016149,-0.062250663,-0.123392414,0.149228492,0.062958446,0.986796378,-0.297976365,0.000000000,0.000000000,0.000000000,1.000000000
1790743598290486698,1790743598,290486698,1790743598299659753,FR_foot,0.777517392,-0.000000000,-0.628861435,0.177967692,-0.039592139,0.998016149,-0.048951287,-0.121824454,0.627613868,0.062958446,0.775974914,-0.322831632,0.000000000,0.000000000,0.000000000,1.000000000
1790743598290486698,1790743598,290486698,1790743598299659753,RL_hip,1.000000000,-0.000000000,0.000000000,-0.193400000,0.000000000,0.993990857,0.109463129,0.046500000,-0.000000000,-0.109463129,0.993990857,0.000000000,0.000000000,0.000000000,0.000000000,1.000000000
1790743598290486698,1790743598,290486698,1790743598299659753,RL_thigh,0.686118677,-0.000000000,0.727489630,-0.193400000,-0.079633291,0.993990857,0.075104697,0.141426127,-0.723118041,-0.109463129,0.681995691,-0.010453729,0.000000000,0.000000000,0.000000000,1.000000000
1790743598290486698,1790743598,290486698,1790743598299659753,RL_calf,0.783380514,0.000000000,-0.621542412,-0.348355291,0.068035977,0.993990857,0.085751283,0.125428826,0.617807474,-0.109463129,0.778673069,-0.155718811,0.000000000,0.000000000,0.000000000,1.000000000
1790743598290486698,1790743598,290486698,1790743598299659753,RL_calflower,0.813465666,0.000000000,-0.581612938,-0.240699404,0.063665172,0.993990857,0.089044497,0.114098356,0.578117943,-0.109463129,0.808577434,-0.258606276,0.000000000,0.000000000,0.000000000,1.000000000
1790743598290486698,1790743598,290486698,1790743598299659753,RL_calflower1,0.990116659,-0.000000000,-0.140246219,-0.225569543,0.015351790,0.993990857,0.108381268,0.109899924,0.139403459,-0.109463129,0.984166906,-0.296730553,0.000000000,0.000000000,0.000000000,1.000000000
1790743598290486698,1790743598,290486698,1790743598299659753,RL_foot,0.783380514,0.000000000,-0.621542412,-0.215966757,0.068035977,0.993990857,0.085751283,0.107163803,0.617807474,-0.109463129,0.778673069,-0.321576175,0.000000000,0.000000000,0.000000000,1.000000000
1790743598290486698,1790743598,290486698,1790743598299659753,RR_hip,1.000000000,0.000000000,0.000000000,-0.193400000,0.000000000,0.992433259,-0.122785287,-0.046500000,0.000000000,0.122785287,0.992433259,0.000000000,0.000000000,0.000000000,0.000000000,1.000000000
1790743598290486698,1790743598,290486698,1790743598299659753,RR_thigh,0.725624689,0.000000000,0.688090700,-0.193400000,0.084487414,0.992433259,-0.089096036,-0.141277376,-0.682884096,0.122785287,0.720134075,-0.011725995,0.000000000,0.000000000,0.000000000,1.000000000
1790743598290486698,1790743598,290486698,1790743598299659753,RR_calf,0.773450457,-0.000000000,-0.633856758,-0.339963319,-0.077828284,0.992433259,-0.094968336,-0.122299921,0.629060528,0.122785287,0.767597958,-0.165114553,0.000000000,0.000000000,0.000000000,1.000000000
1790743598290486698,1790743598,290486698,1790743598299659753,RR_calflower,0.804163480,-0.000000000,-0.594408191,-0.230683510,-0.072984580,0.992433259,-0.098739444,-0.109801173,0.589910458,0.122785287,0.798078583,-0.266137840,0.000000000,0.000000000,0.000000000,1.000000000
1790743598290486698,1790743598,290486698,1790743598299659753,RR_calflower1,0.987774248,0.000000000,-0.155891099,-0.214948817,-0.019141133,0.992433259,-0.121284144,-0.105121749,0.154711511,0.122785287,0.980300016,-0.303960088,0.000000000,0.000000000,0.000000000,1.000000000
1790743598290486698,1790743598,290486698,1790743598299659753,RR_foot,0.773450457,-0.000000000,-0.633856758,-0.204951830,-0.077828284,0.992433259,-0.094968336,-0.102071665,0.629060528,0.122785287,0.767597958,-0.328612918,0.000000000,0.000000000,0.000000000,1.000000000
1790743598360797840,1790743598,360797840,1790743598366337879,FL_hip,1.000000000,-0.000000000,0.000000000,0.193400000,0.000000000,0.998794703,0.049083009,0.046500000,-0.000000000,-0.049083009,0.998794703,0.000000000,0.000000000,0.000000000,0.000000000,1.000000000
1790743598360797840,1790743598,360797840,1790743598366337879,FL_thigh,0.723346043,0.000000000,0.690485700,0.193400000,-0.033891116,0.998794703,0.035504000,0.141884894,-0.689653460,-0.049083009,0.722474196,-0.004687427,0.000000000,0.000000000,0.000000000,1.000000000
1790743598360797840,1790743598,360797840,1790743598366337879,FL_calf,0.759205786,0.000000000,-0.650850654,0.046326546,0.031945709,0.998794703,0.037264105,0.134322542,0.650066186,-0.049083009,0.758290717,-0.158574431,0.000000000,0.000000000,0.000000000,1.000000000
1790743598360797840,1790743598,360797840,1790743598366337879,FL_calflower,0.790785952,0.000000000,-0.612092786,0.157836558,0.030043356,0.998794703,0.038814154,0.129446369,0.611355032,-0.049083009,0.789832819,-0.257800134,0.000000000,0.000000000,0.000000000,1.000000000
1790743598360797840,1790743598,360797840,1790743598366337879,FL_calflower1,0.984074826,0.000000000,-0.177754709,0.174412410,0.008724736,0.998794703,0.048301354,0.127593369,0.177540462,-0.049083009,0.982888723,-0.295506997,0.000000000,0.000000000,0.000000000,1.000000000
1790743598360797840,1790743598,360797840,1790743598366337879,FL_foot,0.759205786,0.000000000,-0.650850654,0.184957735,0.031945709,0.998794703,0.037264105,0.126385288,0.650066186,-0.049083009,0.758290717,-0.320090354,0.000000000,0.000000000,0.000000000,1.000000000
1790743598360797840,1790743598,360797840,1790743598366337879,FR_hip,1.000000000,0.000000000,0.000000000,0.193400000,0.000000000,0.998014242,-0.062988665,-0.046500000,0.000000000,0.062988665,0.998014242,0.000000000,0.000000000,0.000000000,0.000000000,1.000000000
1790743598360797840,1790743598,360797840,1790743598366337879,FR_thigh,0.712852897,0.000000000,0.701313586,0.193400000,0.044174807,0.998014242,-0.044901653,-0.141810360,-0.699920948,0.062988665,0.711437344,-0.006015418,0.000000000,0.000000000,0.000000000,1.000000000
1790743598360797840,1790743598,360797840,1790743598366337879,FR_calf,0.777507422,-0.000000000,-0.628873763,0.044020206,-0.039611919,0.998014242,-0.048974155,-0.132246308,0.627624972,0.062988665,0.775963480,-0.157551572,0.000000000,0.000000000,0.000000000,1.000000000
1790743598360797840,1790743598,360797840,1790743598366337879,FR_calflower,0.807966328,0.000000000,-0.589228659,0.152643671,-0.037114727,0.998014242,-0.050892721,-0.125790372,0.588058594,0.062988665,0.806361903,-0.259841668,0.000000000,0.000000000,0.000000000,1.000000000
1790743598360797840,1790743598,360797840,1790743598366337879,FR_calflower1,0.988755555,0.000000000,-0.149540804,0.168133154,-0.009419376,0.998014242,-0.062280393,-0.123383516,0.149243852,0.062988665,0.986792126,-0.297976730,0.000000000,0.000000000,0.000000000,1.000000000
1790743598360797840,1790743598,360797840,1790743598366337879,FR_foot,0.777507422,-0.000000000,-0.628873763,0.177970318,-0.039611919,0.998014242,-0.048974155,-0.121814813,0.627624972,0.062988665,0.775963480,-0.322831793,0.000000000,0.000000000,0.000000000,1.000000000
1790743598360797840,1790743598,360797840,1790743598366337879,RL_hip,1.000000000,-0.000000000,0.000000000,-0.193400000,0.000000000,0.993990857,0.109463129,0.046500000,-0.000000000,-0.109463129,0.993990857,0.000000000,0.000000000,0.000000000,0.000000000,1.000000000
1790743598360797840,1790743598,360797840,1790743598366337879,RL_thigh,0.686118677,-0.000000000,0.727489630,-0.193400000,-0.079633291,0.993990857,0.075104697,0.141426127,-0.723118041,-0.109463129,0.681995691,-0.010453729,0.000000000,0.000000000,0.000000000,1.000000000
1790743598360797840,1790743598,360797840,1790743598366337879,RL_calf,0.783390295,0.000000000,-0.621530085,-0.348355291,0.068034628,0.993990857,0.085752353,0.125428826,0.617795221,-0.109463129,0.778682790,-0.155718811,0.000000000,0.000000000,0.000000000,1.000000000
1790743598360797840,1790743598,360797840,1790743598366337879,RL_calflower,0.813474818,0.000000000,-0.581600138,-0.240701033,0.063663771,0.993990857,0.089045499,0.114098171,0.578105219,-0.109463129,0.808586531,-0.258607960,0.000000000,0.000000000,0.000000000,1.000000000
1790743598360797840,1790743598,360797840,1790743598366337879,RL_calflower1,0.990118866,0.000000000,-0.140230639,-0.225571775,0.015350085,0.993990857,0.108381509,0.109899713,0.139387973,-0.109463129,0.984169099,-0.296732473,0.000000000,0.000000000,0.000000000,1.000000000
1790743598360797840,1790743598,360797840,1790743598366337879,RL_foot,0.783390295,0.000000000,-0.621530085,-0.215969383,0.068034628,0.993990857,0.085752353,0.107163575,0.617795221,-0.109463129,0.778682790,-0.321578245,0.000000000,0.000000000,0.000000000,1.000000000
1790743598360797840,1790743598,360797840,1790743598366337879,RR_hip,1.000000000,0.000000000,0.000000000,-0.193400000,0.000000000,0.992433259,-0.122785287,-0.046500000,0.000000000,0.122785287,0.992433259,0.000000000,0.000000000,0.000000000,0.000000000,1.000000000
1790743598360797840,1790743598,360797840,1790743598366337879,RR_thigh,0.725583018,0.000000000,0.688134641,-0.193400000,0.084492809,0.992433259,-0.089090919,-0.141277376,-0.682927704,0.122785287,0.720092719,-0.011725995,0.000000000,0.000000000,0.000000000,1.000000000
1790743598360797840,1790743598,360797840,1790743598366337879,RR_calf,0.773478792,0.000000000,-0.633822182,-0.339972679,-0.077824038,0.992433259,-0.094971815,-0.122301010,0.629026213,0.122785287,0.767626078,-0.165105744,0.000000000,0.000000000,0.000000000,1.000000000
1790743598360797840,1790743598,360797840,1790743598366337879,RR_calflower,0.804190051,0.000000000,-0.594372242,-0.230697420,-0.072980166,0.992433259,-0.098742706,-0.109801663,0.589874781,0.122785287,0.798104953,-0.266133879,0.000000000,0.000000000,0.000000000,1.000000000
1790743598360797840,1790743598,360797840,1790743598366337879,RR_calflower1,0.987781216,-0.000000000,-0.155846942,-0.214964431,-0.019135711,0.992433259,-0.121285000,-0.105122153,0.154667688,0.122785287,0.980306931,-0.303956825,0.000000000,0.000000000,0.000000000,1.000000000
1790743598360797840,1790743598,360797840,1790743598366337879,RR_foot,0.773478792,0.000000000,-0.633822182,-0.204968554,-0.077824038,0.992433259,-0.094971815,-0.102072014,0.629026213,0.122785287,0.767626078,-0.328610099,0.000000000,0.000000000,0.000000000,1.000000000
1790743598426035075,1790743598,426035075,1790743598433155327,FL_hip,1.000000000,-0.000000000,0.000000000,0.193400000,0.000000000,0.998793216,0.049113252,0.046500000,-0.000000000,-0.049113252,0.998793216,0.000000000,0.000000000,0.000000000,0.000000000,1.000000000
1790743598426035075,1790743598,426035075,1790743598433155327,FL_thigh,0.723325135,0.000000000,0.690507602,0.193400000,-0.033913074,0.998793216,0.035524849,0.141884752,-0.689674309,-0.049113252,0.722452238,-0.004690316,0.000000000,0.000000000,0.000000000,1.000000000
1790743598426035075,1790743598,426035075,1790743598433155327,FL_calf,0.759215174,0.000000000,-0.650839703,0.046321881,0.031964854,0.998793216,0.037287526,0.134317959,0.650054280,-0.049113252,0.758298965,-0.158572642,0.000000000,0.000000000,0.000000000,1.000000000
1790743598426035075,1790743598,426035075,1790743598433155327,FL_calflower,0.790794781,-0.000000000,-0.612081379,0.157830460,0.030061307,0.998793216,0.038838503,0.129438702,0.611342730,-0.049113252,0.789840462,-0.257799803,0.000000000,0.000000000,0.000000000,1.000000000
1790743598426035075,1790743598,426035075,1790743598433155327,FL_calflower1,0.984077390,0.000000000,-0.177740514,0.174405768,0.008729415,0.998793216,0.048331241,0.127584549,0.177526020,-0.049113252,0.982889821,-0.295506849,0.000000000,0.000000000,0.000000000,1.000000000
1790743598426035075,1790743598,426035075,1790743598433155327,FL_foot,0.759215174,0.000000000,-0.650839703,0.184950737,0.031964854,0.998793216,0.037287526,0.126375716,0.650054280,-0.049113252,0.758298965,-0.320090322,0.000000000,0.000000000,0.000000000,1.000000000
1790743598426035075,1790743598,426035075,1790743598433155327,FR_hip,1.000000000,0.000000000,0.000000000,0.193400000,0.000000000,0.998014242,-0.062988665,-0.046500000,0.000000000,0.062988665,0.998014242,0.000000000,0.000000000,0.000000000,0.000000000,1.000000000
1790743598426035075,1790743598,426035075,1790743598433155327,FR_thigh,0.712874132,0.000000000,0.701292002,0.193400000,0.044173447,0.998014242,-0.044902990,-0.141810360,-0.699899406,0.062988665,0.711458537,-0.006015418,0.000000000,0.000000000,0.000000000,1.000000000
1790743598426035075,1790743598,426035075,1790743598433155327,FR_calf,0.777488380,-0.000000000,-0.628897305,0.044024804,-0.039613402,0.998014242,-0.048972955,-0.132246023,0.627648467,0.062988665,0.775944476,-0.157556086,0.000000000,0.000000000,0.000000000,1.000000000
1790743598426035075,1790743598,426035075,1790743598433155327,FR_calflower,0.807948486,0.000000000,-0.589253123,0.152651372,-0.037116268,0.998014242,-0.050891597,-0.125790294,0.588083009,0.062988665,0.806344097,-0.259842899,0.000000000,0.000000000,0.000000000,1.000000000
1790743598426035075,1790743598,426035075,1790743598433155327,FR_calflower1,0.988751027,0.000000000,-0.149570743,0.168142012,-0.009421261,0.998014242,-0.062280108,-0.123383467,0.149273731,0.062988665,0.986787607,-0.297977493,0.000000000,0.000000000,0.000000000,1.000000000
1790743598426035075,1790743598,426035075,1790743598433155327,FR_foot,0.777488380,-0.000000000,-0.628897305,0.177979930,-0.039613402,0.998014242,-0.048972955,-0.121814784,0.627648467,0.062988665,0.775944476,-0.322832259,0.000000000,0.000000000,0.000000000,1.000000000
1790743598426035075,1790743598,426035075,1790743598433155327,RL_hip,1.000000000,-0.000000000,0.000000000,-0.193400000,0.000000000,0.993987542,0.109493226,0.046500000,-0.000000000,-0.109493226,0.993987542,0.000000000,0.000000000,0.000000000,0.000000000,1.000000000
1790743598426035075,1790743598,426035075,1790743598433155327,RL_thigh,0.686118677,0.000000000,0.727489630,-0.193400000,-0.079655187,0.993987542,0.075125348,0.141425810,-0.723115629,-0.109493226,0.681993417,-0.010456603,0.000000000,0.000000000,0.000000000,1.000000000
1790743598426035075,1790743598,426035075,1790743598433155327,RL_calf,0.783390295,0.000000000,-0.621530085,-0.348355291,0.068053334,0.993987542,0.085775931,0.125424111,0.617793161,-0.109493226,0.778680193,-0.155721201,0.000000000,0.000000000,0.000000000,1.000000000
1790743598426035075,1790743598,426035075,1790743598433155327,RL_calflower,0.813474818,0.000000000,-0.581600138,-0.240701033,0.063681276,0.993987542,0.089069982,0.114090340,0.578103291,-0.109493226,0.808583835,-0.258610006,0.000000000,0.000000000,0.000000000,1.000000000
1790743598426035075,1790743598,426035075,1790743598433155327,RL_calflower1,0.990118866,0.000000000,-0.140230639,-0.225571775,0.015354305,0.993987542,0.108411309,0.109890728,0.139387508,-0.109493226,0.984165817,-0.296734393,0.000000000,0.000000000,0.000000000,1.000000000
1790743598426035075,1790743598,426035075,1790743598433155327,RL_foot,0.783390295,0.000000000,-0.621530085,-0.215969383,0.068053334,0.993987542,0.085775931,0.107153838,0.617793161,-0.109493226,0.778680193,-0.321580082,0.000000000,0.000000000,0.000000000,1.000000000
1790743598426035075,1790743598,426035075,1790743598433155327,RR_hip,1.000000000,0.000000000,0.000000000,-0.193400000,0.000000000,0.992433259,-0.122785287,-0.046500000,0.000000000,0.122785287,0.992433259,0.000000000,0.000000000,0.000000000,0.000000000,1.000000000
1790743598426035075,1790743598,426035075,1790743598433155327,RR_thigh,0.725645523,0.000000000,0.688068728,-0.193400000,0.084484716,0.992433259,-0.089098594,-0.141277376,-0.682862290,0.122785287,0.720154751,-0.011725995,0.000000000,0.000000000,0.000000000,1.000000000
1790743598426035075,1790743598,426035075,1790743598433155327,RR_calf,0.773431264,0.000000000,-0.633880177,-0.339958639,-0.077831159,0.992433259,-0.094965980,-0.122299376,0.629083770,0.122785287,0.767578910,-0.165118957,0.000000000,0.000000000,0.000000000,1.000000000
1790743598426035075,1790743598,426035075,1790743598433155327,RR_calflower,0.804145481,0.000000000,-0.594432540,-0.230675748,-0.072987570,0.992433259,-0.098737234,-0.109801034,0.589934623,0.122785287,0.798060721,-0.266138960,0.000000000,0.000000000,0.000000000,1.000000000
1790743598426035075,1790743598,426035075,1790743598433155327,RR_calflower1,0.987769527,-0.000000000,-0.155921008,-0.214939901,-0.019144806,0.992433259,-0.121283565,-0.105121669,0.154741194,0.122785287,0.980295331,-0.303960735,0.000000000,0.000000000,0.000000000,1.000000000
1790743598426035075,1790743598,426035075,1790743598433155327,RR_foot,0.773431264,0.000000000,-0.633880177,-0.204942161,-0.077831159,0.992433259,-0.094965980,-0.102071622,0.629083770,0.122785287,0.767578910,-0.328613265,0.000000000,0.000000000,0.000000000,1.000000000
1790743598457751457,1790743598,457751457,1790743598466390177,FL_hip,1.000000000,-0.000000000,0.000000000,0.193400000,0.000000000,0.998794703,0.049083009,0.046500000,-0.000000000,-0.049083009,0.998794703,0.000000000,0.000000000,0.000000000,0.000000000,1.000000000
1790743598457751457,1790743598,457751457,1790743598466390177,FL_thigh,0.723346043,0.000000000,0.690485700,0.193400000,-0.033891116,0.998794703,0.035504000,0.141884894,-0.689653460,-0.049083009,0.722474196,-0.004687427,0.000000000,0.000000000,0.000000000,1.000000000
1790743598457751457,1790743598,457751457,1790743598466390177,FL_calf,0.759195467,0.000000000,-0.650862691,0.046326546,0.031946299,0.998794703,0.037263598,0.134322542,0.650078208,-0.049083009,0.758280411,-0.158574431,0.000000000,0.000000000,0.000000000,1.000000000
1790743598457751457,1790743598,457751457,1790743598466390177,FL_calflower,0.790776247,0.000000000,-0.612105324,0.157838133,0.030043971,0.998794703,0.038813678,0.129446456,0.611367555,-0.049083009,0.789823126,-0.257798368,0.000000000,0.000000000,0.000000000,1.000000000
1790743598457751457,1790743598,457751457,1790743598466390177,FL_calflower1,0.984072008,0.000000000,-0.177770311,0.174414584,0.008725502,0.998794703,0.048301215,0.127593469,0.177556045,-0.049083009,0.982885908,-0.295504968,0.000000000,0.000000000,0.000000000,1.000000000
1790743598457751457,1790743598,457751457,1790743598466390177,FL_foot,0.759195467,0.000000000,-0.650862691,0.184960299,0.031946299,0.998794703,0.037263598,0.126385396,0.650078208,-0.049083009,0.758280411,-0.320088159,0.000000000,0.000000000,0.000000000,1.000000000
1790743598457751457,1790743598,457751457,1790743598466390177,FR_hip,1.000000000,0.000000000,0.000000000,0.193400000,0.000000000,0.998016149,-0.062958446,-0.046500000,0.000000000,0.062958446,0.998016149,0.000000000,0.000000000,0.000000000,0.000000000,1.000000000
1790743598457751457,1790743598,457751457,1790743598466390177,FR_thigh,0.712831662,0.000000000,0.701335171,0.193400000,0.044154973,0.998016149,-0.044878774,-0.141810542,-0.699943826,0.062958446,0.711417510,-0.006012532,0.000000000,0.000000000,0.000000000,1.000000000
1790743598457751457,1790743598,457751457,1790743598466390177,FR_calf,0.777536433,0.000000000,-0.628837892,0.044015609,-0.039590657,0.998016149,-0.048952486,-0.132251363,0.627590372,0.062958446,0.775993917,-0.157544461,0.000000000,0.000000000,0.000000000,1.000000000
1790743598457751457,1790743598,457751457,1790743598466390177,FR_calflower,0.807993511,0.000000000,-0.589191384,0.152634345,-0.037094574,0.998016149,-0.050870016,-0.125798209,0.588022516,0.062958446,0.806390572,-0.259839754,0.000000000,0.000000000,0.000000000,1.000000000
1790743598457751457,1790743598,457751457,1790743598466390177,FR_calflower1,0.988762453,0.000000000,-0.149495189,0.168122066,-0.009411985,0.998016149,-0.062250948,-0.123392462,0.149198613,0.062958446,0.986800896,-0.297975602,0.000000000,0.000000000,0.000000000,1.000000000
1790743598457751457,1790743598,457751457,1790743598466390177,FR_foot,0.777536433,0.000000000,-0.628837892,0.177958080,-0.039590657,0.998016149,-0.048952486,-0.121824484,0.627590372,0.062958446,0.775993917,-0.322831166,0.000000000,0.000000000,0.000000000,1.000000000
1790743598457751457,1790743598,457751457,1790743598466390177,RL_hip,1.000000000,-0.000000000,0.000000000,-0.193400000,0.000000000,0.993994171,0.109433032,0.046500000,-0.000000000,-0.109433032,0.993994171,0.000000000,0.000000000,0.000000000,0.000000000,1.000000000
1790743598457751457,1790743598,457751457,1790743598466390177,RL_thigh,0.686118677,0.000000000,0.727489630,-0.193400000,-0.079611396,0.993994171,0.075084047,0.141426443,-0.723120452,-0.109433032,0.681997965,-0.010450855,0.000000000,0.000000000,0.000000000,1.000000000
1790743598457751457,1790743598,457751457,1790743598466390177,RL_calf,0.783380514,0.000000000,-0.621542412,-0.348355291,0.068017271,0.993994171,0.085727705,0.125433541,0.617809534,-0.109433032,0.778675665,-0.155716421,0.000000000,0.000000000,0.000000000,1.000000000
1790743598457751457,1790743598,457751457,1790743598466390177,RL_calflower,0.813465666,0.000000000,-0.581612938,-0.240699404,0.063647667,0.993994171,0.089020014,0.114106186,0.578119870,-0.109433032,0.808580130,-0.258604229,0.000000000,0.000000000,0.000000000,1.000000000
1790743598457751457,1790743598,457751457,1790743598466390177,RL_calflower1,0.990116659,0.000000000,-0.140246219,-0.225569543,0.015347569,0.993994171,0.108351468,0.109908909,0.139403924,-0.109433032,0.984170187,-0.296728633,0.000000000,0.000000000,0.000000000,1.000000000
1790743598457751457,1790743598,457751457,1790743598466390177,RL_foot,0.783380514,0.000000000,-0.621542412,-0.215966757,0.068017271,0.993994171,0.085727705,0.107173540,0.617809534,-0.109433032,0.778675665,-0.321574338,0.000000000,0.000000000,0.000000000,1.000000000
1790743598457751457,1790743598,457751457,1790743598466390177,RR_hip,1.000000000,0.000000000,0.000000000,-0.193400000,0.000000000,0.992433259,-0.122785287,-0.046500000,0.000000000,0.122785287,0.992433259,0.000000000,0.000000000,0.000000000,0.000000000,1.000000000
1790743598457751457,1790743598,457751457,1790743598466390177,RR_thigh,0.725603854,0.000000000,0.688112671,-0.193400000,0.084490112,0.992433259,-0.089093477,-0.141277376,-0.682905900,0.122785287,0.720113397,-0.011725995,0.000000000,0.000000000,0.000000000,1.000000000
1790743598457751457,1790743598,457751457,1790743598466390177,RR_calf,0.773469650,-0.000000000,-0.633833339,-0.339967999,-0.077825408,0.992433259,-0.094970693,-0.122300466,0.629037286,0.122785287,0.767617005,-0.165110148,0.000000000,0.000000000,0.000000000,1.000000000
1790743598457751457,1790743598,457751457,1790743598466390177,RR_calflower,0.804181478,0.000000000,-0.594383841,-0.230691272,-0.072981591,0.992433259,-0.098741653,-0.109801311,0.589886293,0.122785287,0.798096445,-0.266136720,0.000000000,0.000000000,0.000000000,1.000000000
1790743598457751457,1790743598,457751457,1790743598466390177,RR_calflower1,0.987778968,-0.000000000,-0.155861190,-0.214957733,-0.019137461,0.992433259,-0.121284724,-0.105121829,0.154681828,0.122785287,0.980304700,-0.303959440,0.000000000,0.000000000,0.000000000,1.000000000
1790743598457751457,1790743598,457751457,1790743598466390177,RR_foot,0.773469650,-0.000000000,-0.633833339,-0.204961498,-0.077825408,0.992433259,-0.094970693,-0.102071708,0.629037286,0.122785287,0.767617005,-0.328612571,0.000000000,0.000000000,0.000000000,1.000000000
1790743598525786354,1790743598,525786354,1790743598533302357,FL_hip,1.000000000,-0.000000000,0.000000000,0.193400000,0.000000000,0.998791729,0.049143494,0.046500000,-0.000000000,-0.049143494,0.998791729,0.000000000,0.000000000,0.000000000,0.000000000,1.000000000
1790743598525786354,1790743598,525786354,1790743598533302357,FL_thigh,0.723408762,0.000000000,0.690419991,0.193400000,-0.033929651,0.998791729,0.035550834,0.141884610,-0.689585776,-0.049143494,0.722534688,-0.004693204,0.000000000,0.000000000,0.000000000,1.000000000
1790743598525786354,1790743598,525786354,1790743598533302357,FL_calf,0.759136341,0.000000000,-0.650931652,0.046340542,0.031989056,0.998791729,0.037306612,0.134312282,0.650145150,-0.049143494,0.758219098,-0.158593092,0.000000000,0.000000000,0.000000000,1.000000000
1790743598525786354,1790743598,525786354,1790743598533302357,FL_calflower,0.790720641,-0.000000000,-0.612177153,0.157861153,0.030084524,0.998791729,0.038858775,0.129430685,0.611437477,-0.049143494,0.789765236,-0.257806616,0.000000000,0.000000000,0.000000000,1.000000000
1790743598525786354,1790743598,525786354,1790743598533302357,FL_calflower1,0.984055856,-0.000000000,-0.177859701,0.174441033,0.008740647,0.998791729,0.048359943,0.127575489,0.177644798,-0.049143494,0.982866849,-0.295511600,0.000000000,0.000000000,0.000000000,1.000000000
1790743598525786354,1790743598,525786354,1790743598533302357,FL_foot,0.759136341,0.000000000,-0.650931652,0.184988984,0.031989056,0.998791729,0.037306612,0.126365974,0.650145150,-0.049143494,0.758219098,-0.320093760,0.000000000,0.000000000,0.000000000,1.000000000
1790743598525786354,1790743598,525786354,1790743598533302357,FR_hip,1.000000000,0.000000000,0.000000000,0.193400000,0.000000000,0.998014242,-0.062988665,-0.046500000,0.000000000,0.062988665,0.998014242,0.000000000,0.000000000,0.000000000,0.000000000,1.000000000
1790743598525786354,1790743598,525786354,1790743598533302357,FR_thigh,0.712874132,0.000000000,0.701292002,0.193400000,0.044173447,0.998014242,-0.044902990,-0.141810360,-0.699899406,0.062988665,0.711458537,-0.006015418,0.000000000,0.000000000,0.000000000,1.000000000
1790743598525786354,1790743598,525786354,1790743598533302357,FR_calf,0.777468512,-0.000000000,-0.628921865,0.044024804,-0.039614949,0.998014242,-0.048971704,-0.132246023,0.627672979,0.062988665,0.775924648,-0.157556086,0.000000000,0.000000000,0.000000000,1.000000000
1790743598525786354,1790743598,525786354,1790743598533302357,FR_calflower,0.807929871,-0.000000000,-0.589278647,0.152654610,-0.037117875,0.998014242,-0.050890424,-0.125790510,0.588108482,0.062988665,0.806325518,-0.259839474,0.000000000,0.000000000,0.000000000,1.000000000
1790743598525786354,1790743598,525786354,1790743598533302357,FR_calflower1,0.988746301,0.000000000,-0.149601978,0.168146457,-0.009423229,0.998014242,-0.062279810,-0.123383714,0.149304904,0.062988665,0.986782891,-0.297973580,0.000000000,0.000000000,0.000000000,1.000000000
1790743598525786354,1790743598,525786354,1790743598533302357,FR_foot,0.777468512,-0.000000000,-0.628921865,0.177985161,-0.039614949,0.998014242,-0.048971704,-0.121815050,0.627672979,0.062988665,0.775924648,-0.322828036,0.000000000,0.000000000,0.000000000,1.000000000
1790743598525786354,1790743598,525786354,1790743598533302357,RL_hip,1.000000000,-0.000000000,0.000000000,-0.193400000,0.000000000,0.993990857,0.109463129,0.046500000,-0.000000000,-0.109463129,0.993990857,0.000000000,0.000000000,0.000000000,0.000000000,1.000000000
1790743598525786354,1790743598,525786354,1790743598533302357,RL_thigh,0.686140704,0.000000000,0.727468855,-0.193400000,-0.079631017,0.993990857,0.075107109,0.141426127,-0.723097390,-0.109463129,0.682017586,-0.010453729,0.000000000,0.000000000,0.000000000,1.000000000
1790743598525786354,1790743598,525786354,1790743598533302357,RL_calf,0.783371475,0.000000000,-0.621553805,-0.348350866,0.068037225,0.993990857,0.085750293,0.125428313,0.617818799,-0.109463129,0.778664083,-0.155723475,0.000000000,0.000000000,0.000000000,1.000000000
1790743598525786354,1790743598,525786354,1790743598533302357,RL_calflower,0.813457207,0.000000000,-0.581624769,-0.240693473,0.063666467,0.993990857,0.089043571,0.114098014,0.578129702,-0.109463129,0.808569026,-0.258609383,0.000000000,0.000000000,0.000000000,1.000000000
1790743598525786354,1790743598,525786354,1790743598533302357,RL_calflower1,0.990114619,0.000000000,-0.140260619,-0.225563055,0.015353366,0.993990857,0.108381045,0.109899606,0.139417772,-0.109463129,0.984164878,-0.296733441,0.000000000,0.000000000,0.000000000,1.000000000
1790743598525786354,1790743598,525786354,1790743598533302357,RL_foot,0.783371475,0.000000000,-0.621553805,-0.215959906,0.068037225,0.993990857,0.085750293,0.107163500,0.617818799,-0.109463129,0.778664083,-0.321578924,0.000000000,0.000000000,0.000000000,1.000000000
1790743598525786354,1790743598,525786354,1790743598533302357,RR_hip,1.000000000,0.000000000,0.000000000,-0.193400000,0.000000000,0.992433259,-0.122785287,-0.046500000,0.000000000,0.122785287,0.992433259,0.000000000,0.000000000,0.000000000,0.000000000,1.000000000
1790743598525786354,1790743598,525786354,1790743598533302357,RR_thigh,0.725624689,0.000000000,0.688090700,-0.193400000,0.084487414,0.992433259,-0.089096036,-0.141277376,-0.682884096,0.122785287,0.720134075,-0.011725995,0.000000000,0.000000000,0.000000000,1.000000000
1790743598525786354,1790743598,525786354,1790743598533302357,RR_calf,0.773440408,0.000000000,-0.633869021,-0.339963319,-0.077829790,0.992433259,-0.094967102,-0.122299921,0.629072698,0.122785287,0.767587984,-0.165114553,0.000000000,0.000000000,0.000000000,1.000000000
1790743598525786354,1790743598,525786354,1790743598533302357,RR_calflower,0.804154056,-0.000000000,-0.594420941,-0.230681896,-0.072986146,0.992433259,-0.098738286,-0.109801385,0.589923111,0.122785287,0.798069230,-0.266136120,0.000000000,0.000000000,0.000000000,1.000000000
1790743598525786354,1790743598,525786354,1790743598533302357,RR_calflower1,0.987771776,0.000000000,-0.155906760,-0.214946599,-0.019143056,0.992433259,-0.121283841,-0.105121992,0.154727054,0.122785287,0.980297563,-0.303958121,0.000000000,0.000000000,0.000000000,1.000000000
1790743598525786354,1790743598,525786354,1790743598533302357,RR_foot,0.773440408,0.000000000,-0.633869021,-0.204949218,-0.077829790,0.992433259,-0.094967102,-0.102071928,0.629072698,0.122785287,0.767587984,-0.328610793,0.000000000,0.000000000,0.000000000,1.000000000
1790743599054277569,1790743599,54277569,1790743599066419874,FL_hip,1.000000000,-0.000000000,0.000000000,0.193400000,0.000000000,0.998794703,0.049083009,0.046500000,-0.000000000,-0.049083009,0.998794703,0.000000000,0.000000000,0.000000000,0.000000000,1.000000000
1790743599054277569,1790743599,54277569,1790743599066419874,FL_thigh,0.723408762,0.000000000,0.690419991,0.193400000,-0.033887891,0.998794703,0.035507079,0.141884894,-0.689587829,-0.049083009,0.722536839,-0.004687427,0.000000000,0.000000000,0.000000000,1.000000000
1790743599054277569,1790743599,54277569,1790743599066419874,FL_calf,0.759136341,0.000000000,-0.650931652,0.046340542,0.031949684,0.998794703,0.037260696,0.134321886,0.650147086,-0.049083009,0.758221356,-0.158587774,0.000000000,0.000000000,0.000000000,1.000000000
1790743599054277569,1790743599,54277569,1790743599066419874,FL_calflower,0.790720641,0.000000000,-0.612177153,0.157861153,0.030047497,0.998794703,0.038810948,0.129446297,0.611439298,-0.049083009,0.789767588,-0.257801593,0.000000000,0.000000000,0.000000000,1.000000000
1790743599054277569,1790743599,54277569,1790743599066419874,FL_calflower1,0.984055856,0.000000000,-0.177859701,0.174441033,0.008729889,0.998794703,0.048300423,0.127593384,0.177645327,-0.049083009,0.982869776,-0.295506690,0.000000000,0.000000000,0.000000000,1.000000000
1790743599054277569,1790743599,54277569,1790743599066419874,FL_foot,0.759136341,0.000000000,-0.650931652,0.184988984,0.031949684,0.998794703,0.037260696,0.126385358,0.650147086,-0.049083009,0.758221356,-0.320088923,0.000000000,0.000000000,0.000000000,1.000000000
1790743599054277569,1790743599,54277569,1790743599066419874,FR_hip,1.000000000,0.000000000,0.000000000,0.193400000,0.000000000,0.998014242,-0.062988665,-0.046500000,0.000000000,0.062988665,0.998014242,0.000000000,0.000000000,0.000000000,0.000000000,1.000000000
1790743599054277569,1790743599,54277569,1790743599066419874,FR_thigh,0.712959065,0.000000000,0.701205656,0.193400000,0.044168008,0.998014242,-0.044908340,-0.141810360,-0.699813231,0.062988665,0.711543301,-0.006015418,0.000000000,0.000000000,0.000000000,1.000000000
1790743599054277569,1790743599,54277569,1790743599066419874,FR_calf,0.777412204,-0.000000000,-0.628991467,0.044043195,-0.039619333,0.998014242,-0.048968157,-0.132244884,0.627742442,0.062988665,0.775868452,-0.157574141,0.000000000,0.000000000,0.000000000,1.000000000
1790743599054277569,1790743599,54277569,1790743599066419874,FR_calflower,0.807877112,0.000000000,-0.589350975,0.152682177,-0.037122431,0.998014242,-0.050887101,-0.125789983,0.588180667,0.062988665,0.806272864,-0.259847823,0.000000000,0.000000000,0.000000000,1.000000000
1790743599054277569,1790743599,54277569,1790743599066419874,FR_calflower1,0.988732904,-0.000000000,-0.149690496,0.168177444,-0.009428805,0.998014242,-0.062278966,-0.123383275,0.149393247,0.062988665,0.986769520,-0.297980544,0.000000000,0.000000000,0.000000000,1.000000000
1790743599054277569,1790743599,54277569,1790743599066419874,FR_foot,0.777412204,-0.000000000,-0.628991467,0.178018378,-0.039619333,0.998014242,-0.048968157,-0.121814666,0.627742442,0.062988665,0.775868452,-0.322834121,0.000000000,0.000000000,0.000000000,1.000000000
1790743599054277569,1790743599,54277569,1790743599066419874,RL_hip,1.000000000,-0.000000000,0.000000000,-0.193400000,0.000000000,0.993990857,0.109463129,0.046500000,-0.000000000,-0.109463129,0.993990857,0.000000000,0.000000000,0.000000000,0.000000000,1.000000000
1790743599054277569,1790743599,54277569,1790743599066419874,RL_thigh,0.686206783,-0.000000000,0.727406524,-0.193400000,-0.079624194,0.993990857,0.075114342,0.141426127,-0.723035434,-0.109463129,0.682083268,-0.010453729,0.000000000,0.000000000,0.000000000,1.000000000
1790743599054277569,1790743599,54277569,1790743599066419874,RL_calf,0.783305229,-0.000000000,-0.621637288,-0.348337590,0.068046363,0.993990857,0.085743042,0.125426772,0.617901780,-0.109463129,0.778598236,-0.155737465,0.000000000,0.000000000,0.000000000,1.000000000
1790743599054277569,1790743599,54277569,1790743599066419874,RL_calflower,0.813395217,0.000000000,-0.581711458,-0.240669166,0.063675957,0.993990857,0.089036786,0.114097729,0.578215871,-0.109463129,0.808507409,-0.258611968,0.000000000,0.000000000,0.000000000,1.000000000
1790743599054277569,1790743599,54277569,1790743599066419874,RL_calflower1,0.990099665,0.000000000,-0.140366137,-0.225534660,0.015364917,0.993990857,0.108379408,0.109899498,0.139522657,-0.109463129,0.984150015,-0.296734423,0.000000000,0.000000000,0.000000000,1.000000000
1790743599054277569,1790743599,54277569,1790743599066419874,RL_foot,0.783305229,-0.000000000,-0.621637288,-0.215928847,0.068046363,0.993990857,0.085743042,0.107163504,0.617901780,-0.109463129,0.778598236,-0.321578889,0.000000000,0.000000000,0.000000000,1.000000000
1790743599054277569,1790743599,54277569,1790743599066419874,RR_hip,1.000000000,0.000000000,0.000000000,-0.193400000,0.000000000,0.992440693,-0.122725187,-0.046500000,0.000000000,0.122725187,0.992440693,0.000000000,0.000000000,0.000000000,0.000000000,1.000000000
1790743599054277569,1790743599,54277569,1790743599066419874,RR_thigh,0.725728854,0.000000000,0.687980835,-0.193400000,0.084432576,0.992440693,-0.089065209,-0.141278086,-0.682780177,0.122725187,0.720242847,-0.011720255,0.000000000,0.000000000,0.000000000,1.000000000
1790743599054277569,1790743599,54277569,1790743599066419874,RR_calf,0.773364461,-0.000000000,-0.633961679,-0.339939918,-0.077803065,0.992440693,-0.094911298,-0.122307197,0.629169368,0.122725187,0.767518362,-0.165131982,0.000000000,0.000000000,0.000000000,1.000000000
1790743599054277569,1790743599,54277569,1790743599066419874,RR_calflower,0.804082835,0.000000000,-0.594517279,-0.230646300,-0.072962244,0.992440693,-0.098681216,-0.109816386,0.590023140,0.122725187,0.798004526,-0.266141312,0.000000000,0.000000000,0.000000000,1.000000000
1790743599054277569,1790743599,54277569,1790743599066419874,RR_calflower1,0.987753091,0.000000000,-0.156025099,-0.214906437,-0.019148209,0.992440693,-0.121222182,-0.105139515,0.154845657,0.122725187,0.980286362,-0.303961724,0.000000000,0.000000000,0.000000000,1.000000000
1790743599054277569,1790743599,54277569,1790743599066419874,RR_foot,0.773364461,-0.000000000,-0.633961679,-0.204906080,-0.077803065,0.992440693,-0.094911298,-0.102091090,0.629169368,0.122725187,0.767518362,-0.328613393,0.000000000,0.000000000,0.000000000,1.000000000
1790743599126647057,1790743599,126647057,1790743599133255637,FL_hip,1.000000000,-0.000000000,0.000000000,0.193400000,0.000000000,0.998794703,0.049083009,0.046500000,-0.000000000,-0.049083009,0.998794703,0.000000000,0.000000000,0.000000000,0.000000000,1.000000000
1790743599126647057,1790743599,126647057,1790743599133255637,FL_thigh,0.723429667,0.000000000,0.690398086,0.193400000,-0.033886816,0.998794703,0.035508105,0.141884894,-0.689565951,-0.049083009,0.722557719,-0.004687427,0.000000000,0.000000000,0.000000000,1.000000000
1790743599126647057,1790743599,126647057,1790743599133255637,FL_calf,0.759126952,0.000000000,-0.650942602,0.046345208,0.031950222,0.998794703,0.037260235,0.134321668,0.650158023,-0.049083009,0.758211978,-0.158592221,0.000000000,0.000000000,0.000000000,1.000000000
1790743599126647057,1790743599,126647057,1790743599133255637,FL_calflower,0.790711811,0.000000000,-0.612188559,0.157867252,0.030048057,0.998794703,0.038810515,0.129446157,0.611450690,-0.049083009,0.789758768,-0.257804434,0.000000000,0.000000000,0.000000000,1.000000000
1790743599126647057,1790743599,126647057,1790743599133255637,FL_calflower1,0.984053290,0.000000000,-0.177873895,0.174447676,0.008730586,0.998794703,0.048300297,0.127593256,0.177659504,-0.049083009,0.982867213,-0.295509291,0.000000000,0.000000000,0.000000000,1.000000000
1790743599126647057,1790743599,126647057,1790743599133255637,FL_foot,0.759126952,0.000000000,-0.650942602,0.184995982,0.031950222,0.998794703,0.037260235,0.126385238,0.650158023,-0.049083009,0.758211978,-0.320091373,0.000000000,0.000000000,0.000000000,1.000000000
1790743599126647057,1790743599,126647057,1790743599133255637,FR_hip,1.000000000,0.000000000,0.000000000,0.193400000,0.000000000,0.998016149,-0.062958446,-0.046500000,0.000000000,0.062958446,0.998016149,0.000000000,0.000000000,0.000000000,0.000000000,1.000000000
1790743599126647057,1790743599,126647057,1790743599133255637,FR_thigh,0.712937833,-0.000000000,0.701227243,0.193400000,0.044148178,0.998016149,-0.044885458,-0.141810542,-0.699836113,0.062958446,0.711523471,-0.006012532,0.000000000,0.000000000,0.000000000,1.000000000
1790743599126647057,1790743599,126647057,1790743599133255637,FR_calf,0.777431249,0.000000000,-0.628967927,0.044038597,-0.039598843,0.998016149,-0.048945864,-0.132249940,0.627720149,0.062958446,0.775888941,-0.157567031,0.000000000,0.000000000,0.000000000,1.000000000
1790743599126647057,1790743599,126647057,1790743599133255637,FR_calflower,0.807894957,0.000000000,-0.589326513,0.152674475,-0.037103082,0.998016149,-0.050863811,-0.125797929,0.588157377,0.062958446,0.806292214,-0.259844191,0.000000000,0.000000000,0.000000000,1.000000000
1790743599126647057,1790743599,126647057,1790743599133255637,FR_calflower1,0.988737436,0.000000000,-0.149660558,0.168168586,-0.009422396,0.998016149,-0.062249373,-0.123392345,0.149363654,0.062958446,0.986775928,-0.297977454,0.000000000,0.000000000,0.000000000,1.000000000
1790743599126647057,1790743599,126647057,1790743599133255637,FR_foot,0.777431249,0.000000000,-0.628967927,0.178008766,-0.039598843,0.998016149,-0.048945864,-0.121824471,0.627720149,0.062958446,0.775888941,-0.322831375,0.000000000,0.000000000,0.000000000,1.000000000
1790743599126647057,1790743599,126647057,1790743599133255637,RL_hip,1.000000000,-0.000000000,0.000000000,-0.193400000,0.000000000,0.993994171,0.109433032,0.046500000,-0.000000000,-0.109433032,0.993994171,0.000000000,0.000000000,0.000000000,0.000000000,1.000000000
1790743599126647057,1790743599,126647057,1790743599133255637,RL_thigh,0.686206783,0.000000000,0.727406524,-0.193400000,-0.079602302,0.993994171,0.075093689,0.141426443,-0.723037845,-0.109433032,0.682085542,-0.010450855,0.000000000,0.000000000,0.000000000,1.000000000
1790743599126647057,1790743599,126647057,1790743599133255637,RL_calf,0.783315011,0.000000000,-0.621624962,-0.348337590,0.068026304,0.993994171,0.085720537,0.125431488,0.617891588,-0.109433032,0.778610555,-0.155735075,0.000000000,0.000000000,0.000000000,1.000000000
1790743599126647057,1790743599,126647057,1790743599133255637,RL_calflower,0.813404371,0.000000000,-0.581698659,-0.240670795,0.063657048,0.993994171,0.089013307,0.114105374,0.578205076,-0.109433032,0.808519203,-0.258611605,0.000000000,0.000000000,0.000000000,1.000000000
1790743599126647057,1790743599,126647057,1790743599133255637,RL_calflower1,0.990101874,0.000000000,-0.140350557,-0.225536892,0.015358987,0.993994171,0.108349850,0.109908271,0.139507636,-0.109433032,0.984155491,-0.296734424,0.000000000,0.000000000,0.000000000,1.000000000
1790743599126647057,1790743599,126647057,1790743599133255637,RL_foot,0.783315011,0.000000000,-0.621624962,-0.215931473,0.068026304,0.993994171,0.085720537,0.107173013,0.617891588,-0.109433032,0.778610555,-0.321579123,0.000000000,0.000000000,0.000000000,1.000000000
1790743599126647057,1790743599,126647057,1790743599133255637,RR_hip,1.000000000,0.000000000,0.000000000,-0.193400000,0.000000000,0.992436976,-0.122755237,-0.046500000,0.000000000,0.122755237,0.992436976,0.000000000,0.000000000,0.000000000,0.000000000,1.000000000
1790743599126647057,1790743599,126647057,1790743599133255637,RR_thigh,0.725708023,0.000000000,0.688002809,-0.193400000,0.084455948,0.992436976,-0.089084460,-0.141277731,-0.682799428,0.122755237,0.720219476,-0.011723125,0.000000000,0.000000000,0.000000000,1.000000000
1790743599126647057,1790743599,126647057,1790743599133255637,RR_calf,0.773373681,-0.000000000,-0.633950431,-0.339944598,-0.077820735,0.992436976,-0.094935669,-0.122302741,0.629155849,0.122755237,0.767524638,-0.165129873,0.000000000,0.000000000,0.000000000,1.000000000
1790743599126647057,1790743599,126647057,1790743599133255637,RR_calflower,0.804091481,-0.000000000,-0.594505584,-0.230652461,-0.072978674,0.992436976,-0.098706440,-0.109808677,0.590009324,0.122755237,0.798010118,-0.266140403,0.000000000,0.000000000,0.000000000,1.000000000
1790743599126647057,1790743599,126647057,1790743599133255637,RR_calflower1,0.987755360,-0.000000000,-0.156010733,-0.214913152,-0.019151135,0.992436976,-0.121252143,-0.105130632,0.154830821,0.122755237,0.980284943,-0.303960901,0.000000000,0.000000000,0.000000000,1.000000000
1790743599126647057,1790743599,126647057,1790743599133255637,RR_foot,0.773373681,-0.000000000,-0.633950431,-0.204913157,-0.077820735,0.992436976,-0.094935669,-0.102081444,0.629155849,0.122755237,0.767524638,-0.328612621,0.000000000,0.000000000,0.000000000,1.000000000
1790743599190350703,1790743599,190350703,1790743599199744016,FL_hip,1.000000000,-0.000000000,0.000000000,0.193400000,0.000000000,0.998790240,0.049173733,0.046500000,-0.000000000,-0.049173733,0.998790240,0.000000000,0.000000000,0.000000000,0.000000000,1.000000000
1790743599190350703,1790743599,190350703,1790743599199744016,FL_thigh,0.723471475,0.000000000,0.690354275,0.193400000,-0.033947297,0.998790240,0.035575793,0.141884468,-0.689519112,-0.049173733,0.722596248,-0.004696092,0.000000000,0.000000000,0.000000000,1.000000000
1790743599190350703,1790743599,190350703,1790743599199744016,FL_calf,0.759097852,0.000000000,-0.650976537,0.046354539,0.032010947,0.998790240,0.037327675,0.134306824,0.650189012,-0.049173733,0.758179525,-0.158609092,0.000000000,0.000000000,0.000000000,1.000000000
1790743599190350703,1790743599,190350703,1790743599199744016,FL_calflower,0.790684443,0.000000000,-0.612223906,0.157881024,0.030105335,0.998790240,0.038880906,0.129422547,0.611483262,-0.049173733,0.789727905,-0.257815882,0.000000000,0.000000000,0.000000000,1.000000000
1790743599190350703,1790743599,190350703,1790743599199744016,FL_calflower1,0.984045337,0.000000000,-0.177917886,0.174463136,0.008748887,0.998790240,0.048389183,0.127566257,0.177702648,-0.049173733,0.982854879,-0.295519831,0.000000000,0.000000000,0.000000000,1.000000000
1790743599190350703,1790743599,190350703,1790743599199744016,FL_foot,0.759097852,0.000000000,-0.650976537,0.185012542,0.032010947,0.998790240,0.037327675,0.126356029,0.650189012,-0.049173733,0.758179525,-0.320101331,0.000000000,0.000000000,0.000000000,1.000000000
1790743599190350703,1790743599,190350703,1790743599199744016,FR_hip,1.000000000,0.000000000,0.000000000,0.193400000,0.000000000,0.998014242,-0.062988665,-0.046500000,0.000000000,0.062988665,0.998014242,0.000000000,0.000000000,0.000000000,0.000000000,1.000000000
1790743599190350703,1790743599,190350703,1790743599199744016,FR_thigh,0.712959065,0.000000000,0.701205656,0.193400000,0.044168008,0.998014242,-0.044908340,-0.141810360,-0.699813231,0.062988665,0.711543301,-0.006015418,0.000000000,0.000000000,0.000000000,1.000000000
1790743599190350703,1790743599,190350703,1790743599199744016,FR_calf,0.777392333,0.000000000,-0.629016025,0.044043195,-0.039620880,0.998014242,-0.048966906,-0.132244884,0.627766952,0.062988665,0.775848621,-0.157574141,0.000000000,0.000000000,0.000000000,1.000000000
1790743599190350703,1790743599,190350703,1790743599199744016,FR_calflower,0.807858494,-0.000000000,-0.589376496,0.152685414,-0.037124039,0.998014242,-0.050885928,-0.125790199,0.588206137,0.062988665,0.806254283,-0.259844398,0.000000000,0.000000000,0.000000000,1.000000000
1790743599190350703,1790743599,190350703,1790743599199744016,FR_calflower1,0.988728175,0.000000000,-0.149721730,0.168181889,-0.009430772,0.998014242,-0.062278668,-0.123383522,0.149424419,0.062988665,0.986764800,-0.297976630,0.000000000,0.000000000,0.000000000,1.000000000
1790743599190350703,1790743599,190350703,1790743599199744016,FR_foot,0.777392333,0.000000000,-0.629016025,0.178023609,-0.039620880,0.998014242,-0.048966906,-0.121814933,0.627766952,0.062988665,0.775848621,-0.322829897,0.000000000,0.000000000,0.000000000,1.000000000
1790743599190350703,1790743599,190350703,1790743599199744016,RL_hip,1.000000000,-0.000000000,0.000000000,-0.193400000,0.000000000,0.993994171,0.109433032,0.046500000,-0.000000000,-0.109433032,0.993994171,0.000000000,0.000000000,0.000000000,0.000000000,1.000000000
1790743599190350703,1790743599,190350703,1790743599199744016,RL_thigh,0.686206783,0.000000000,0.727406524,-0.193400000,-0.079602302,0.993994171,0.075093689,0.141426443,-0.723037845,-0.109433032,0.682085542,-0.010450855,0.000000000,0.000000000,0.000000000,1.000000000
1790743599190350703,1790743599,190350703,1790743599199744016,RL_calf,0.783305229,-0.000000000,-0.621637288,-0.348337590,0.068027653,0.993994171,0.085719466,0.125431488,0.617903840,-0.109433032,0.778600832,-0.155735075,0.000000000,0.000000000,0.000000000,1.000000000
1790743599190350703,1790743599,190350703,1790743599199744016,RL_calflower,0.813395217,0.000000000,-0.581711458,-0.240669166,0.063658449,0.993994171,0.089012305,0.114105560,0.578217799,-0.109433032,0.808510104,-0.258609921,0.000000000,0.000000000,0.000000000,1.000000000
1790743599190350703,1790743599,190350703,1790743599199744016,RL_calflower1,0.990099665,0.000000000,-0.140366137,-0.225534660,0.015360692,0.993994171,0.108349608,0.109908483,0.139523122,-0.109433032,0.984153296,-0.296732503,0.000000000,0.000000000,0.000000000,1.000000000
1790743599190350703,1790743599,190350703,1790743599199744016,RL_foot,0.783305229,-0.000000000,-0.621637288,-0.215928847,0.068027653,0.993994171,0.085719466,0.107173241,0.617903840,-0.109433032,0.778600832,-0.321577052,0.000000000,0.000000000,0.000000000,1.000000000
1790743599190350703,1790743599,190350703,1790743599199744016,RR_hip,1.000000000,0.000000000,0.000000000,-0.193400000,0.000000000,0.992440693,-0.122725187,-0.046500000,0.000000000,0.122725187,0.992440693,0.000000000,0.000000000,0.000000000,0.000000000,1.000000000
1790743599190350703,1790743599,190350703,1790743599199744016,RR_thigh,0.725708023,0.000000000,0.688002809,-0.193400000,0.084435273,0.992440693,-0.089062653,-0.141278086,-0.682801985,0.122725187,0.720222173,-0.011720255,0.000000000,0.000000000,0.000000000,1.000000000
1790743599190350703,1790743599,190350703,1790743599199744016,RR_calf,0.773363630,0.000000000,-0.633962693,-0.339944598,-0.077803190,0.992440693,-0.094911196,-0.122307741,0.629170374,0.122725187,0.767517537,-0.165127578,0.000000000,0.000000000,0.000000000,1.000000000
1790743599190350703,1790743599,190350703,1790743599199744016,RR_calflower,0.804082055,-0.000000000,-0.594518333,-0.230650847,-0.072962373,0.992440693,-0.098681120,-0.109816948,0.590024186,0.122725187,0.798003752,-0.266136766,0.000000000,0.000000000,0.000000000,1.000000000
1790743599190350703,1790743599,190350703,1790743599199744016,RR_calflower1,0.987752886,-0.000000000,-0.156026394,-0.214910935,-0.019148368,0.992440693,-0.121222157,-0.105140079,0.154846943,0.122725187,0.980286159,-0.303957158,0.000000000,0.000000000,0.000000000,1.000000000
1790743599190350703,1790743599,190350703,1790743599199744016,RR_foot,0.773363630,0.000000000,-0.633962693,-0.204910545,-0.077803190,0.992440693,-0.094911196,-0.102091656,0.629170374,0.122725187,0.767517537,-0.328608813,0.000000000,0.000000000,0.000000000,1.000000000
1790743599262810774,1790743599,262810774,1790743599266389783,FL_hip,1.000000000,-0.000000000,0.000000000,0.193400000,0.000000000,0.998794703,0.049083009,0.046500000,-0.000000000,-0.049083009,0.998794703,0.000000000,0.000000000,0.000000000,0.000000000,1.000000000
1790743599262810774,1790743599,262810774,1790743599266389783,FL_thigh,0.723429667,0.000000000,0.690398086,0.193400000,-0.033886816,0.998794703,0.035508105,0.141884894,-0.689565951,-0.049083009,0.722557719,-0.004687427,0.000000000,0.000000000,0.000000000,1.000000000
1790743599262810774,1790743599,262810774,1790743599266389783,FL_calf,0.759147515,0.000000000,-0.650918621,0.046345208,0.031949045,0.998794703,0.037261244,0.134321668,0.650134070,-0.049083009,0.758232516,-0.158592221,0.000000000,0.000000000,0.000000000,1.000000000
1790743599262810774,1790743599,262810774,1790743599266389783,FL_calflower,0.790731150,-0.000000000,-0.612163580,0.157864114,0.030046831,0.998794703,0.038811464,0.129445984,0.611425741,-0.049083009,0.789778084,-0.257807953,0.000000000,0.000000000,0.000000000,1.000000000
1790743599262810774,1790743599,262810774,1790743599266389783,FL_calflower1,0.984058909,0.000000000,-0.177842809,0.174443345,0.008729060,0.998794703,0.048300572,0.127593058,0.177628455,-0.049083009,0.982872825,-0.295513333,0.000000000,0.000000000,0.000000000,1.000000000
1790743599262810774,1790743599,262810774,1790743599266389783,FL_foot,0.759147515,0.000000000,-0.650918621,0.184990874,0.031949045,0.998794703,0.037261244,0.126385023,0.650134070,-0.049083009,0.758232516,-0.320095748,0.000000000,0.000000000,0.000000000,1.000000000
1790743599262810774,1790743599,262810774,1790743599266389783,FR_hip,1.000000000,0.000000000,0.000000000,0.193400000,0.000000000,0.998012335,-0.063018884,-0.046500000,0.000000000,0.063018884,0.998012335,0.000000000,0.000000000,0.000000000,0.000000000,1.000000000
1790743599262810774,1790743599,262810774,1790743599266389783,FR_thigh,0.712959065,0.000000000,0.701205656,0.193400000,0.044189198,0.998012335,-0.044929885,-0.141810178,-0.699811893,0.063018884,0.711541941,-0.006018303,0.000000000,0.000000000,0.000000000,1.000000000
1790743599262810774,1790743599,262810774,1790743599266389783,FR_calf,0.777412204,0.000000000,-0.628991467,0.044043195,-0.039638341,0.998012335,-0.048991650,-0.132240112,0.627741242,0.063018884,0.775866969,-0.157576737,0.000000000,0.000000000,0.000000000,1.000000000
1790743599262810774,1790743599,262810774,1790743599266389783,FR_calflower,0.807877112,0.000000000,-0.589350975,0.152682177,-0.037140241,0.998012335,-0.050911514,-0.125782115,0.588179543,0.063018884,0.806271323,-0.259850223,0.000000000,0.000000000,0.000000000,1.000000000
1790743599262810774,1790743599,262810774,1790743599266389783,FR_calflower1,0.988732904,0.000000000,-0.149690496,0.168177444,-0.009433328,0.998012335,-0.062308845,-0.123374252,0.149392961,0.063018884,0.986767634,-0.297982872,0.000000000,0.000000000,0.000000000,1.000000000
1790743599262810774,1790743599,262810774,1790743599266389783,FR_foot,0.777412204,0.000000000,-0.628991467,0.178018378,-0.039638341,0.998012335,-0.048991650,-0.121804891,0.627741242,0.063018884,0.775866969,-0.322836401,0.000000000,0.000000000,0.000000000,1.000000000
1790743599262810774,1790743599,262810774,1790743599266389783,RL_hip,1.000000000,-0.000000000,0.000000000,-0.193400000,0.000000000,0.993994171,0.109433032,0.046500000,-0.000000000,-0.109433032,0.993994171,0.000000000,0.000000000,0.000000000,0.000000000,1.000000000
1790743599262810774,1790743599,262810774,1790743599266389783,RL_thigh,0.686228808,0.000000000,0.727385746,-0.193400000,-0.079600028,0.993994171,0.075096099,0.141426443,-0.723017192,-0.109433032,0.682107434,-0.010450855,0.000000000,0.000000000,0.000000000,1.000000000
1790743599262810774,1790743599,262810774,1790743599266389783,RL_calf,0.783286406,0.000000000,-0.621661005,-0.348333164,0.068030249,0.993994171,0.085717406,0.125430974,0.617927415,-0.109433032,0.778582122,-0.155739738,0.000000000,0.000000000,0.000000000,1.000000000
1790743599262810774,1790743599,262810774,1790743599266389783,RL_calflower,0.813377603,-0.000000000,-0.581736087,-0.240661607,0.063661144,0.993994171,0.089010377,0.114105403,0.578242279,-0.109433032,0.808492596,-0.258611344,0.000000000,0.000000000,0.000000000,1.000000000
1790743599262810774,1790743599,262810774,1790743599266389783,RL_calflower1,0.990095415,0.000000000,-0.140396117,-0.225525940,0.015363973,0.993994171,0.108349143,0.109908376,0.139552922,-0.109433032,0.984149071,-0.296733470,0.000000000,0.000000000,0.000000000,1.000000000
1790743599262810774,1790743599,262810774,1790743599266389783,RL_foot,0.783286406,0.000000000,-0.621661005,-0.215919370,0.068030249,0.993994171,0.085717406,0.107173167,0.617927415,-0.109433032,0.778582122,-0.321577730,0.000000000,0.000000000,0.000000000,1.000000000
1790743599262810774,1790743599,262810774,1790743599266389783,RR_hip,1.000000000,0.000000000,0.000000000,-0.193400000,0.000000000,0.992436976,-0.122755237,-0.046500000,0.000000000,0.122755237,0.992436976,0.000000000,0.000000000,0.000000000,0.000000000,1.000000000
1790743599262810774,1790743599,262810774,1790743599266389783,RR_thigh,0.725666357,-0.000000000,0.688046756,-0.193400000,0.084461342,0.992436976,-0.089079346,-0.141277731,-0.682843042,0.122755237,0.720178125,-0.011723125,0.000000000,0.000000000,0.000000000,1.000000000
1790743599262810774,1790743599,262810774,1790743599266389783,RR_calf,0.773402020,0.000000000,-0.633915858,-0.339953959,-0.077816491,0.992436976,-0.094939148,-0.122303831,0.629121537,0.122755237,0.767552762,-0.165121066,0.000000000,0.000000000,0.000000000,1.000000000
1790743599262810774,1790743599,262810774,1790743599266389783,RR_calflower,0.804118057,-0.000000000,-0.594469638,-0.230666372,-0.072974261,0.992436976,-0.098709703,-0.109809167,0.589973650,0.122755237,0.798036493,-0.266136444,0.000000000,0.000000000,0.000000000,1.000000000
1790743599262810774,1790743599,262810774,1790743599266389783,RR_calflower1,0.987762333,-0.000000000,-0.155966577,-0.214928767,-0.019145714,0.992436976,-0.121252999,-0.105131036,0.154786998,0.122755237,0.980291863,-0.303957640,0.000000000,0.000000000,0.000000000,1.000000000
1790743599262810774,1790743599,262810774,1790743599266389783,RR_foot,0.773402020,0.000000000,-0.633915858,-0.204929881,-0.077816491,0.992436976,-0.094939148,-0.102081792,0.629121537,0.122755237,0.767552762,-0.328609804,0.000000000,0.000000000,0.000000000,1.000000000
1790743599328303636,1790743599,328303636,1790743599333294380,FL_hip,1.000000000,-0.000000000,0.000000000,0.193400000,0.000000000,0.998793216,0.049113252,0.046500000,-0.000000000,-0.049113252,0.998793216,0.000000000,0.000000000,0.000000000,0.000000000,1.000000000
1790743599328303636,1790743599,328303636,1790743599333294380,FL_thigh,0.723408762,0.000000000,0.690419991,0.193400000,-0.033908771,0.998793216,0.035528957,0.141884752,-0.689586803,-0.049113252,0.722535764,-0.004690316,0.000000000,0.000000000,0.000000000,1.000000000
1790743599328303636,1790743599,328303636,1790743599333294380,FL_calf,0.759146661,0.000000000,-0.650919616,0.046340542,0.031968779,0.998793216,0.037284161,0.134317084,0.650134097,-0.049113252,0.758230535,-0.158590433,0.000000000,0.000000000,0.000000000,1.000000000
1790743599328303636,1790743599,328303636,1790743599333294380,FL_calflower,0.790730347,0.000000000,-0.612164617,0.157859578,0.030065395,0.998793216,0.038835339,0.129438404,0.611425866,-0.049113252,0.789776107,-0.257805870,0.000000000,0.000000000,0.000000000,1.000000000
1790743599328303636,1790743599,328303636,1790743599333294380,FL_calflower1,0.984058675,-0.000000000,-0.177844099,0.174438860,0.008734502,0.998793216,0.048330321,0.127584337,0.177629480,-0.049113252,0.982871129,-0.295511173,0.000000000,0.000000000,0.000000000,1.000000000
1790743599328303636,1790743599,328303636,1790743599333294380,FL_foot,0.759146661,0.000000000,-0.650919616,0.184986420,0.031968779,0.998793216,0.037284161,0.126375558,0.650134097,-0.049113252,0.758230535,-0.320093537,0.000000000,0.000000000,0.000000000,1.000000000
1790743599328303636,1790743599,328303636,1790743599333294380,FR_hip,1.000000000,0.000000000,0.000000000,0.193400000,0.000000000,0.998012335,-0.063018884,-0.046500000,0.000000000,0.063018884,0.998012335,0.000000000,0.000000000,0.000000000,0.000000000,1.000000000
1790743599328303636,1790743599,328303636,1790743599333294380,FR_thigh,0.712937833,0.000000000,0.701227243,0.193400000,0.044190559,0.998012335,-0.044928547,-0.141810178,-0.699833438,0.063018884,0.711520751,-0.006018303,0.000000000,0.000000000,0.000000000,1.000000000
1790743599328303636,1790743599,328303636,1790743599333294380,FR_calf,0.777431249,-0.000000000,-0.628967927,0.044038597,-0.039636857,0.998012335,-0.048992850,-0.132240397,0.627717749,0.063018884,0.775885976,-0.157572223,0.000000000,0.000000000,0.000000000,1.000000000
1790743599328303636,1790743599,328303636,1790743599333294380,FR_calflower,0.807894957,0.000000000,-0.589326513,0.152674475,-0.037138699,0.998012335,-0.050912639,-0.125782193,0.588155129,0.063018884,0.806289132,-0.259848993,0.000000000,0.000000000,0.000000000,1.000000000
1790743599328303636,1790743599,328303636,1790743599333294380,FR_calflower1,0.988737436,0.000000000,-0.149660558,0.168168586,-0.009431441,0.998012335,-0.062309130,-0.123374300,0.149363083,0.063018884,0.986772157,-0.297982109,0.000000000,0.000000000,0.000000000,1.000000000
1790743599328303636,1790743599,328303636,1790743599333294380,FR_foot,0.777431249,-0.000000000,-0.628967927,0.178008766,-0.039636857,0.998012335,-0.048992850,-0.121804920,0.627717749,0.063018884,0.775885976,-0.322835936,0.000000000,0.000000000,0.000000000,1.000000000
1790743599328303636,1790743599,328303636,1790743599333294380,RL_hip,1.000000000,-0.000000000,0.000000000,-0.193400000,0.000000000,0.993990857,0.109463129,0.046500000,-0.000000000,-0.109463129,0.993990857,0.000000000,0.000000000,0.000000000,0.000000000,1.000000000
1790743599328303636,1790743599,328303636,1790743599333294380,RL_thigh,0.686206783,-0.000000000,0.727406524,-0.193400000,-0.079624194,0.993990857,0.075114342,0.141426127,-0.723035434,-0.109463129,0.682083268,-0.010453729,0.000000000,0.000000000,0.000000000,1.000000000
1790743599328303636,1790743599,328303636,1790743599333294380,RL_calf,0.783305229,-0.000000000,-0.621637288,-0.348337590,0.068046363,0.993990857,0.085743042,0.125426772,0.617901780,-0.109463129,0.778598236,-0.155737465,0.000000000,0.000000000,0.000000000,1.000000000
1790743599328303636,1790743599,328303636,1790743599333294380,RL_calflower,0.813395217,0.000000000,-0.581711458,-0.240669166,0.063675957,0.993990857,0.089036786,0.114097729,0.578215871,-0.109463129,0.808507409,-0.258611968,0.000000000,0.000000000,0.000000000,1.000000000
1790743599328303636,1790743599,328303636,1790743599333294380,RL_calflower1,0.990099665,0.000000000,-0.140366137,-0.225534660,0.015364917,0.993990857,0.108379408,0.109899498,0.139522657,-0.109463129,0.984150015,-0.296734423,0.000000000,0.000000000,0.000000000,1.000000000
1790743599328303636,1790743599,328303636,1790743599333294380,RL_foot,0.783305229,-0.000000000,-0.621637288,-0.215928847,0.068046363,0.993990857,0.085743042,0.107163504,0.617901780,-0.109463129,0.778598236,-0.321578889,0.000000000,0.000000000,0.000000000,1.000000000
1790743599328303636,1790743599,328303636,1790743599333294380,RR_hip,1.000000000,0.000000000,0.000000000,-0.193400000,0.000000000,0.992436976,-0.122755237,-0.046500000,0.000000000,0.122755237,0.992436976,0.000000000,0.000000000,0.000000000,0.000000000,1.000000000
1790743599328303636,1790743599,328303636,1790743599333294380,RR_thigh,0.725728854,0.000000000,0.687980835,-0.193400000,0.084453250,0.992436976,-0.089087017,-0.141277731,-0.682777620,0.122755237,0.720240150,-0.011723125,0.000000000,0.000000000,0.000000000,1.000000000
1790743599328303636,1790743599,328303636,1790743599333294380,RR_calf,0.773354485,0.000000000,-0.633973848,-0.339939918,-0.077823610,0.992436976,-0.094933313,-0.122302197,0.629179089,0.122755237,0.767505587,-0.165134277,0.000000000,0.000000000,0.000000000,1.000000000
1790743599328303636,1790743599,328303636,1790743599333294380,RR_calflower,0.804073480,0.000000000,-0.594529931,-0.230644699,-0.072981663,0.992436976,-0.098704230,-0.109808538,0.590033487,0.122755237,0.797992253,-0.266141522,0.000000000,0.000000000,0.000000000,1.000000000
1790743599328303636,1790743599,328303636,1790743599333294380,RR_calflower1,0.987750636,0.000000000,-0.156040642,-0.214904236,-0.019154806,0.992436976,-0.121251563,-0.105130553,0.154860503,0.122755237,0.980280254,-0.303961547,0.000000000,0.000000000,0.000000000,1.000000000
1790743599328303636,1790743599,328303636,1790743599333294380,RR_foot,0.773354485,0.000000000,-0.633973848,-0.204903488,-0.077823610,0.992436976,-0.094933313,-0.102081401,0.629179089,0.122755237,0.767505587,-0.328612967,0.000000000,0.000000000,0.000000000,1.000000000
1790743599396626441,1790743599,396626441,1790743599399675862,FL_hip,1.000000000,-0.000000000,0.000000000,0.193400000,0.000000000,0.998794703,0.049083009,0.046500000,-0.000000000,-0.049083009,0.998794703,0.000000000,0.000000000,0.000000000,0.000000000,1.000000000
1790743599396626441,1790743599,396626441,1790743599399675862,FL_thigh,0.723450571,0.000000000,0.690376181,0.193400000,-0.033885740,0.998794703,0.035509131,0.141884894,-0.689544072,-0.049083009,0.722578598,-0.004687427,0.000000000,0.000000000,0.000000000,1.000000000
1790743599396626441,1790743599,396626441,1790743599399675862,FL_calf,0.759107241,0.000000000,-0.650965588,0.046349873,0.031951350,0.998794703,0.037259268,0.134321449,0.650180980,-0.049083009,0.758192291,-0.158596669,0.000000000,0.000000000,0.000000000,1.000000000
1790743599396626441,1790743599,396626441,1790743599399675862,FL_calflower,0.790693274,0.000000000,-0.612212501,0.157874925,0.030049232,0.998794703,0.038809605,0.129446105,0.611474603,-0.049083009,0.789740254,-0.257805508,0.000000000,0.000000000,0.000000000,1.000000000
1790743599396626441,1790743599,396626441,1790743599399675862,FL_calflower1,0.984047904,-0.000000000,-0.177903692,0.174456493,0.008732049,0.998794703,0.048300032,0.127593228,0.177689265,-0.049083009,0.982861833,-0.295509864,0.000000000,0.000000000,0.000000000,1.000000000
1790743599396626441,1790743599,396626441,1790743599399675862,FL_foot,0.759107241,0.000000000,-0.650965588,0.185005544,0.031951350,0.998794703,0.037259268,0.126385225,0.650180980,-0.049083009,0.758192291,-0.320091627,0.000000000,0.000000000,0.000000000,1.000000000
1790743599396626441,1790743599,396626441,1790743599399675862,FR_hip,1.000000000,0.000000000,0.000000000,0.193400000,0.000000000,0.998012335,-0.063018884,-0.046500000,0.000000000,0.063018884,0.998012335,0.000000000,0.000000000,0.000000000,0.000000000,1.000000000
1790743599396626441,1790743599,396626441,1790743599399675862,FR_thigh,0.712959065,0.000000000,0.701205656,0.193400000,0.044189198,0.998012335,-0.044929885,-0.141810178,-0.699811893,0.063018884,0.711541941,-0.006018303,0.000000000,0.000000000,0.000000000,1.000000000
1790743599396626441,1790743599,396626441,1790743599399675862,FR_calf,0.777392333,-0.000000000,-0.629016025,0.044043195,-0.039639888,0.998012335,-0.048990398,-0.132240112,0.627765752,0.063018884,0.775847138,-0.157576737,0.000000000,0.000000000,0.000000000,1.000000000
1790743599396626441,1790743599,396626441,1790743599399675862,FR_calflower,0.807858494,0.000000000,-0.589376496,0.152685414,-0.037141849,0.998012335,-0.050910341,-0.125782331,0.588205013,0.063018884,0.806252742,-0.259846798,0.000000000,0.000000000,0.000000000,1.000000000
1790743599396626441,1790743599,396626441,1790743599399675862,FR_calflower1,0.988728175,-0.000000000,-0.149721730,0.168181889,-0.009435296,0.998012335,-0.062308547,-0.123374499,0.149424134,0.063018884,0.986762914,-0.297978958,0.000000000,0.000000000,0.000000000,1.000000000
1790743599396626441,1790743599,396626441,1790743599399675862,FR_foot,0.777392333,-0.000000000,-0.629016025,0.178023609,-0.039639888,0.998012335,-0.048990398,-0.121805158,0.627765752,0.063018884,0.775847138,-0.322832177,0.000000000,0.000000000,0.000000000,1.000000000
1790743599396626441,1790743599,396626441,1790743599399675862,RL_hip,1.000000000,-0.000000000,0.000000000,-0.193400000,0.000000000,0.994000796,0.109372837,0.046500000,-0.000000000,-0.109372837,0.994000796,0.000000000,0.000000000,0.000000000,0.000000000,1.000000000
1790743599396626441,1790743599,396626441,1790743599399675862,RL_thigh,0.686250832,-0.000000000,0.727364967,-0.193400000,-0.079553970,0.994000796,0.075057201,0.141427076,-0.723001357,-0.109372837,0.682133873,-0.010445106,0.000000000,0.000000000,0.000000000,1.000000000
1790743599396626441,1790743599,396626441,1790743599399675862,RL_calf,0.783267583,-0.000000000,-0.621684722,-0.348328738,0.067995422,0.994000796,0.085668198,0.125439892,0.617955109,-0.109372837,0.778568601,-0.155739621,0.000000000,0.000000000,0.000000000,1.000000000
1790743599396626441,1790743599,396626441,1790743599399675862,RL_calflower,0.813359988,0.000000000,-0.581760715,-0.240654048,0.063628820,0.994000796,0.088959490,0.114120907,0.578270614,-0.109372837,0.808480476,-0.258608672,0.000000000,0.000000000,0.000000000,1.000000000
1790743599396626441,1790743599,396626441,1790743599399675862,RL_calflower1,0.990091163,0.000000000,-0.140426096,-0.225517219,0.015358801,0.994000796,0.108289080,0.109926240,0.139583651,-0.109372837,0.984151404,-0.296730597,0.000000000,0.000000000,0.000000000,1.000000000
1790743599396626441,1790743599,396626441,1790743599399675862,RL_foot,0.783267583,-0.000000000,-0.621684722,-0.215909892,0.067995422,0.994000796,0.085668198,0.107192566,0.617955109,-0.109372837,0.778568601,-0.321574733,0.000000000,0.000000000,0.000000000,1.000000000
1790743599396626441,1790743599,396626441,1790743599399675862,RR_hip,1.000000000,0.000000000,0.000000000,-0.193400000,0.000000000,0.992436976,-0.122755237,-0.046500000,0.000000000,0.122755237,0.992436976,0.000000000,0.000000000,0.000000000,0.000000000,1.000000000
1790743599396626441,1790743599,396626441,1790743599399675862,RR_thigh,0.725708023,0.000000000,0.688002809,-0.193400000,0.084455948,0.992436976,-0.089084460,-0.141277731,-0.682799428,0.122755237,0.720219476,-0.011723125,0.000000000,0.000000000,0.000000000,1.000000000
1790743599396626441,1790743599,396626441,1790743599399675862,RR_calf,0.773383657,0.000000000,-0.633938262,-0.339944598,-0.077819241,0.992436976,-0.094936894,-0.122302741,0.629143772,0.122755237,0.767534538,-0.165129873,0.000000000,0.000000000,0.000000000,1.000000000
1790743599396626441,1790743599,396626441,1790743599399675862,RR_calflower,0.804100836,-0.000000000,-0.594492931,-0.230654063,-0.072977121,0.992436976,-0.098707589,-0.109808466,0.589996767,0.122755237,0.798019402,-0.266142110,0.000000000,0.000000000,0.000000000,1.000000000
1790743599396626441,1790743599,396626441,1790743599399675862,RR_calflower1,0.987757815,0.000000000,-0.155995191,-0.214915354,-0.019149227,0.992436976,-0.121252444,-0.105130391,0.154815395,0.122755237,0.980287379,-0.303962853,0.000000000,0.000000000,0.000000000,1.000000000
1790743599396626441,1790743599,396626441,1790743599399675862,RR_foot,0.773383657,0.000000000,-0.633938262,-0.204915749,-0.077819241,0.992436976,-0.094936894,-0.102081183,0.629143772,0.122755237,0.767534538,-0.328614730,0.000000000,0.000000000,0.000000000,1.000000000
1790743599457087427,1790743599,457087427,1790743599466369008,FL_hip,1.000000000,-0.000000000,0.000000000,0.193400000,0.000000000,0.998794703,0.049083009,0.046500000,-0.000000000,-0.049083009,0.998794703,0.000000000,0.000000000,0.000000000,0.000000000,1.000000000
1790743599457087427,1790743599,457087427,1790743599466369008,FL_thigh,0.723471475,-0.000000000,0.690354275,0.193400000,-0.033884665,0.998794703,0.035510157,0.141884894,-0.689522193,-0.049083009,0.722599477,-0.004687427,0.000000000,0.000000000,0.000000000,1.000000000
1790743599457087427,1790743599,457087427,1790743599466369008,FL_calf,0.759087530,0.000000000,-0.650988572,0.046354539,0.031952478,0.998794703,0.037258300,0.134321231,0.650203938,-0.049083009,0.758172604,-0.158601116,0.000000000,0.000000000,0.000000000,1.000000000
1790743599457087427,1790743599,457087427,1790743599466369008,FL_calflower,0.790674737,0.000000000,-0.612236442,0.157882599,0.030050407,0.998794703,0.038808695,0.129446052,0.611498515,-0.049083009,0.789721739,-0.257806583,0.000000000,0.000000000,0.000000000,1.000000000
1790743599457087427,1790743599,457087427,1790743599466369008,FL_calflower1,0.984042516,0.000000000,-0.177933488,0.174465309,0.008733511,0.998794703,0.048299768,0.127593200,0.177719025,-0.049083009,0.982856453,-0.295510437,0.000000000,0.000000000,0.000000000,1.000000000
1790743599457087427,1790743599,457087427,1790743599466369008,FL_foot,0.759087530,0.000000000,-0.650988572,0.185015105,0.031952478,0.998794703,0.037258300,0.126385213,0.650203938,-0.049083009,0.758172604,-0.320091881,0.000000000,0.000000000,0.000000000,1.000000000
1790743599457087427,1790743599,457087427,1790743599466369008,FR_hip,1.000000000,0.000000000,0.000000000,0.193400000,0.000000000,0.998014242,-0.062988665,-0.046500000,0.000000000,0.062988665,0.998014242,0.000000000,0.000000000,0.000000000,0.000000000,1.000000000
1790743599457087427,1790743599,457087427,1790743599466369008,FR_thigh,0.712959065,0.000000000,0.701205656,0.193400000,0.044168008,0.998014242,-0.044908340,-0.141810360,-0.699813231,0.062988665,0.711543301,-0.006015418,0.000000000,0.000000000,0.000000000,1.000000000
1790743599457087427,1790743599,457087427,1790743599466369008,FR_calf,0.777402306,-0.000000000,-0.629003700,0.044043195,-0.039620104,0.998014242,-0.048967534,-0.132244884,0.627754651,0.062988665,0.775858574,-0.157574141,0.000000000,0.000000000,0.000000000,1.000000000
1790743599457087427,1790743599,457087427,1790743599466369008,FR_calflower,0.807867838,-0.000000000,-0.589363687,0.152683789,-0.037123232,0.998014242,-0.050886517,-0.125790091,0.588193354,0.062988665,0.806263608,-0.259846117,0.000000000,0.000000000,0.000000000,1.000000000
1790743599457087427,1790743599,457087427,1790743599466369008,FR_calflower1,0.988730548,0.000000000,-0.149706054,0.168179658,-0.009429785,0.998014242,-0.062278818,-0.123383398,0.149408774,0.062988665,0.986767169,-0.297978595,0.000000000,0.000000000,0.000000000,1.000000000
1790743599457087427,1790743599,457087427,1790743599466369008,FR_foot,0.777402306,-0.000000000,-0.629003700,0.178020983,-0.039620104,0.998014242,-0.048967534,-0.121814799,0.627754651,0.062988665,0.775858574,-0.322832017,0.000000000,0.000000000,0.000000000,1.000000000
1790743599457087427,1790743599,457087427,1790743599466369008,RL_hip,1.000000000,-0.000000000,0.000000000,-0.193400000,0.000000000,0.994004107,0.109342740,0.046500000,-0.000000000,-0.109342740,0.994004107,0.000000000,0.000000000,0.000000000,0.000000000,1.000000000
1790743599457087427,1790743599,457087427,1790743599466369008,RL_thigh,0.686250832,0.000000000,0.727364967,-0.193400000,-0.079532078,0.994004107,0.075036546,0.141427392,-0.723003765,-0.109342740,0.682136145,-0.010442232,0.000000000,0.000000000,0.000000000,1.000000000
1790743599457087427,1790743599,457087427,1790743599466369008,RL_calf,0.783267583,0.000000000,-0.621684722,-0.348328738,0.067976711,0.994004107,0.085644623,0.125444608,0.617957167,-0.109342740,0.778571194,-0.155737231,0.000000000,0.000000000,0.000000000,1.000000000
1790743599457087427,1790743599,457087427,1790743599466369008,RL_calflower,0.813359988,0.000000000,-0.581760715,-0.240654048,0.063611310,0.994004107,0.088935009,0.114128738,0.578272540,-0.109342740,0.808483169,-0.258606624,0.000000000,0.000000000,0.000000000,1.000000000
1790743599457087427,1790743599,457087427,1790743599466369008,RL_calflower1,0.990091163,0.000000000,-0.140426096,-0.225517219,0.015354574,0.994004107,0.108259280,0.109935224,0.139584116,-0.109342740,0.984154683,-0.296728676,0.000000000,0.000000000,0.000000000,1.000000000
1790743599457087427,1790743599,457087427,1790743599466369008,RL_foot,0.783267583,0.000000000,-0.621684722,-0.215909892,0.067976711,0.994004107,0.085644623,0.107202303,0.617957167,-0.109342740,0.778571194,-0.321572895,0.000000000,0.000000000,0.000000000,1.000000000
1790743599457087427,1790743599,457087427,1790743599466369008,RR_hip,1.000000000,0.000000000,0.000000000,-0.193400000,0.000000000,0.992433259,-0.122785287,-0.046500000,0.000000000,0.122785287,0.992433259,0.000000000,0.000000000,0.000000000,0.000000000,1.000000000
1790743599457087427,1790743599,457087427,1790743599466369008,RR_thigh,0.725708023,-0.000000000,0.688002809,-0.193400000,0.084476622,0.992433259,-0.089106268,-0.141277376,-0.682796870,0.122785287,0.720216778,-0.011725995,0.000000000,0.000000000,0.000000000,1.000000000
1790743599457087427,1790743599,457087427,1790743599466369008,RR_calf,0.773363630,0.000000000,-0.633962693,-0.339944598,-0.077841291,0.992433259,-0.094957675,-0.122297741,0.629165661,0.122785287,0.767511787,-0.165132169,0.000000000,0.000000000,0.000000000,1.000000000
1790743599457087427,1790743599,457087427,1790743599466369008,RR_calflower,0.804082055,-0.000000000,-0.594518333,-0.230650847,-0.072998104,0.992433259,-0.098729446,-0.109800831,0.590019767,0.122785287,0.797997775,-0.266140600,0.000000000,0.000000000,0.000000000,1.000000000
1790743599457087427,1790743599,457087427,1790743599466369008,RR_calflower1,0.987752886,0.000000000,-0.156026394,-0.214910935,-0.019157746,0.992433259,-0.121281522,-0.105121672,0.154845783,0.122785287,0.980278816,-0.303960709,0.000000000,0.000000000,0.000000000,1.000000000
1790743599457087427,1790743599,457087427,1790743599466369008,RR_foot,0.773363630,0.000000000,-0.633962693,-0.204910545,-0.077841291,0.992433259,-0.094957675,-0.102071756,0.629165661,0.122785287,0.767511787,-0.328612179,0.000000000,0.000000000,0.000000000,1.000000000
1790743599528232395,1790743599,528232395,1790743599533386937,FL_hip,1.000000000,-0.000000000,0.000000000,0.193400000,0.000000000,0.998793216,0.049113252,0.046500000,-0.000000000,-0.049113252,0.998793216,0.000000000,0.000000000,0.000000000,0.000000000,1.000000000
1790743599528232395,1790743599,528232395,1790743599533386937,FL_thigh,0.723450571,-0.000000000,0.690376181,0.193400000,-0.033906619,0.998793216,0.035531010,0.141884752,-0.689543046,-0.049113252,0.722577523,-0.004690316,0.000000000,0.000000000,0.000000000,1.000000000
1790743599528232395,1790743599,528232395,1790743599533386937,FL_calf,0.759127805,-0.000000000,-0.650941607,0.046349873,0.031969859,0.998793216,0.037283235,0.134316647,0.650156061,-0.049113252,0.758211702,-0.158599328,0.000000000,0.000000000,0.000000000,1.000000000
1790743599528232395,1790743599,528232395,1790743599533386937,FL_calflower,0.790712614,0.000000000,-0.612187522,0.157871787,0.030066520,0.998793216,0.038834468,0.129438125,0.611448744,-0.049113252,0.789758395,-0.257811539,0.000000000,0.000000000,0.000000000,1.000000000
1790743599528232395,1790743599,528232395,1790743599533386937,FL_calflower1,0.984053523,0.000000000,-0.177872605,0.174452162,0.008735902,0.998793216,0.048330068,0.127584081,0.177657951,-0.049113252,0.982865983,-0.295516362,0.000000000,0.000000000,0.000000000,1.000000000
1790743599528232395,1790743599,528232395,1790743599533386937,FL_foot,0.759127805,-0.000000000,-0.650941607,0.185000436,0.031969859,0.998793216,0.037283235,0.126375318,0.650156061,-0.049113252,0.758211702,-0.320098420,0.000000000,0.000000000,0.000000000,1.000000000
1790743599528232395,1790743599,528232395,1790743599533386937,FR_hip,1.000000000,0.000000000,0.000000000,0.193400000,0.000000000,0.998012335,-0.063018884,-0.046500000,0.000000000,0.063018884,0.998012335,0.000000000,0.000000000,0.000000000,0.000000000,1.000000000
1790743599528232395,1790743599,528232395,1790743599533386937,FR_thigh,0.712959065,0.000000000,0.701205656,0.193400000,0.044189198,0.998012335,-0.044929885,-0.141810178,-0.699811893,0.063018884,0.711541941,-0.006018303,0.000000000,0.000000000,0.000000000,1.000000000
1790743599528232395,1790743599,528232395,1790743599533386937,FR_calf,0.777422176,-0.000000000,-0.628979141,0.044043195,-0.039637564,0.998012335,-0.048992278,-0.132240112,0.627728941,0.063018884,0.775876921,-0.157576737,0.000000000,0.000000000,0.000000000,1.000000000
1790743599528232395,1790743599,528232395,1790743599533386937,FR_calflower,0.807886456,0.000000000,-0.589338166,0.152680552,-0.037139434,0.998012335,-0.050912103,-0.125782007,0.588166759,0.063018884,0.806280648,-0.259851942,0.000000000,0.000000000,0.000000000,1.000000000
1790743599528232395,1790743599,528232395,1790743599533386937,FR_calflower1,0.988735277,-0.000000000,-0.149674820,0.168175214,-0.009432340,0.998012335,-0.062308994,-0.123374128,0.149377316,0.063018884,0.986770002,-0.297984836,0.000000000,0.000000000,0.000000000,1.000000000
1790743599528232395,1790743599,528232395,1790743599533386937,FR_foot,0.777422176,-0.000000000,-0.628979141,0.178015752,-0.039637564,0.998012335,-0.048992278,-0.121804757,0.627728941,0.063018884,0.775876921,-0.322838521,0.000000000,0.000000000,0.000000000,1.000000000
1790743599528232395,1790743599,528232395,1790743599533386937,RL_hip,1.000000000,-0.000000000,0.000000000,-0.193400000,0.000000000,0.993997484,0.109402935,0.046500000,-0.000000000,-0.109402935,0.993997484,0.000000000,0.000000000,0.000000000,0.000000000,1.000000000
1790743599528232395,1790743599,528232395,1790743599533386937,RL_thigh,0.686250832,0.000000000,0.727364967,-0.193400000,-0.079575862,0.993997484,0.075077855,0.141426760,-0.722998947,-0.109402935,0.682131600,-0.010447980,0.000000000,0.000000000,0.000000000,1.000000000
1790743599528232395,1790743599,528232395,1790743599533386937,RL_calf,0.783267583,0.000000000,-0.621684722,-0.348328738,0.068014133,0.993997484,0.085691772,0.125435177,0.617953050,-0.109402935,0.778566006,-0.155742011,0.000000000,0.000000000,0.000000000,1.000000000
1790743599528232395,1790743599,528232395,1790743599533386937,RL_calflower,0.813359988,0.000000000,-0.581760715,-0.240654048,0.063646330,0.993997484,0.088983970,0.114113077,0.578268687,-0.109402935,0.808477782,-0.258610719,0.000000000,0.000000000,0.000000000,1.000000000
1790743599528232395,1790743599,528232395,1790743599533386937,RL_calflower1,0.990091163,0.000000000,-0.140426096,-0.225517219,0.015363027,0.993997484,0.108318879,0.109917255,0.139583186,-0.109402935,0.984148125,-0.296732517,0.000000000,0.000000000,0.000000000,1.000000000
1790743599528232395,1790743599,528232395,1790743599533386937,RL_foot,0.783267583,0.000000000,-0.621684722,-0.215909892,0.068014133,0.993997484,0.085691772,0.107182829,0.617953050,-0.109402935,0.778566006,-0.321576570,0.000000000,0.000000000,0.000000000,1.000000000
1790743599528232395,1790743599,528232395,1790743599533386937,RR_hip,1.000000000,0.000000000,0.000000000,-0.193400000,0.000000000,0.992429541,-0.122815337,-0.046500000,0.000000000,0.122815337,0.992429541,0.000000000,0.000000000,0.000000000,0.000000000,1.000000000
1790743599528232395,1790743599,528232395,1790743599533386937,RR_thigh,0.725728854,0.000000000,0.687980835,-0.193400000,0.084494598,0.992429541,-0.089130634,-0.141277021,-0.682772504,0.122815337,0.720234754,-0.011728865,0.000000000,0.000000000,0.000000000,1.000000000
1790743599528232395,1790743599,528232395,1790743599533386937,RR_calf,0.773334457,0.000000000,-0.633998278,-0.339939918,-0.077864712,0.992429541,-0.094977332,-0.122292196,0.629198620,0.122815337,0.767479960,-0.165138867,0.000000000,0.000000000,0.000000000,1.000000000
1790743599528232395,1790743599,528232395,1790743599533386937,RR_calflower,0.804054698,-0.000000000,-0.594555332,-0.230641484,-0.073020513,0.992429541,-0.098750249,-0.109792845,0.590054275,0.122815337,0.797967634,-0.266141929,0.000000000,0.000000000,0.000000000,1.000000000
1790743599528232395,1790743599,528232395,1790743599533386937,RR_calflower1,0.987745706,-0.000000000,-0.156071845,-0.214899817,-0.019168016,0.992429541,-0.121310322,-0.105112630,0.154890310,0.122815337,0.980268017,-0.303961177,0.000000000,0.000000000,0.000000000,1.000000000
1790743599528232395,1790743599,528232395,1790743599533386937,RR_foot,0.773334457,0.000000000,-0.633998278,-0.204898285,-0.077864712,0.992429541,-0.094977332,-0.102062024,0.629198620,0.122815337,0.767479960,-0.328612099,0.000000000,0.000000000,0.000000000,1.000000000
1790743600070708992,1790743600,70708992,1790743600099733226,FL_hip,1.000000000,-0.000000000,0.000000000,0.193400000,0.000000000,0.998794703,0.049083009,0.046500000,-0.000000000,-0.049083009,0.998794703,0.000000000,0.000000000,0.000000000,0.000000000,1.000000000
1790743600070708992,1790743600,70708992,1790743600099733226,FL_thigh,0.723513280,0.000000000,0.690310462,0.193400000,-0.033882515,0.998794703,0.035512209,0.141884894,-0.689478432,-0.049083009,0.722641232,-0.004687427,0.000000000,0.000000000,0.000000000,1.000000000
1790743600070708992,1790743600,70708992,1790743600099733226,FL_calf,0.759048106,0.000000000,-0.651034540,0.046363872,0.031954734,0.998794703,0.037256365,0.134320794,0.650249850,-0.049083009,0.758133228,-0.158610010,0.000000000,0.000000000,0.000000000,1.000000000
1790743600070708992,1790743600,70708992,1790743600099733226,FL_calflower,0.790637659,0.000000000,-0.612284323,0.157897946,0.030052757,0.998794703,0.038806875,0.129445946,0.611546338,-0.049083009,0.789684706,-0.257808730,0.000000000,0.000000000,0.000000000,1.000000000
1790743600070708992,1790743600,70708992,1790743600099733226,FL_calflower1,0.984031739,0.000000000,-0.177993079,0.174482942,0.008736436,0.998794703,0.048299239,0.127593144,0.177778545,-0.049083009,0.982845688,-0.295511582,0.000000000,0.000000000,0.000000000,1.000000000
1790743600070708992,1790743600,70708992,1790743600099733226,FL_foot,0.759048106,0.000000000,-0.651034540,0.185034229,0.031954734,0.998794703,0.037256365,0.126385188,0.650249850,-0.049083009,0.758133228,-0.320092387,0.000000000,0.000000000,0.000000000,1.000000000
1790743600070708992,1790743600,70708992,1790743600099733226,FR_hip,1.000000000,0.000000000,0.000000000,0.193400000,0.000000000,0.998014242,-0.062988665,-0.046500000,0.000000000,0.062988665,0.998014242,0.000000000,0.000000000,0.000000000,0.000000000,1.000000000
1790743600070708992,1790743600,70708992,1790743600099733226,FR_thigh,0.713001528,0.000000000,0.701162479,0.193400000,0.044165289,0.998014242,-0.044911015,-0.141810360,-0.699770140,0.062988665,0.711585680,-0.006015418,0.000000000,0.000000000,0.000000000,1.000000000
1790743600070708992,1790743600,70708992,1790743600099733226,FR_calf,0.777364213,-0.000000000,-0.629050777,0.044052392,-0.039623069,0.998014242,-0.048965134,-0.132244314,0.627801634,0.062988665,0.775820557,-0.157583167,0.000000000,0.000000000,0.000000000,1.000000000
1790743600070708992,1790743600,70708992,1790743600099733226,FR_calflower,0.807832146,-0.000000000,-0.589412609,0.152699191,-0.037126314,0.998014242,-0.050884269,-0.125789936,0.588242179,0.062988665,0.806227987,-0.259848577,0.000000000,0.000000000,0.000000000,1.000000000
1790743600070708992,1790743600,70708992,1790743600099733226,FR_calflower1,0.988721481,-0.000000000,-0.149765930,0.168197374,-0.009433556,0.998014242,-0.062278246,-0.123383302,0.149468531,0.062988665,0.986758119,-0.297980118,0.000000000,0.000000000,0.000000000,1.000000000
1790743600070708992,1790743600,70708992,1790743600099733226,FR_foot,0.777364213,-0.000000000,-0.629050777,0.178040207,-0.039623069,0.998014242,-0.048965134,-0.121814740,0.627801634,0.062988665,0.775820557,-0.322832946,0.000000000,0.000000000,0.000000000,1.000000000
1790743600070708992,1790743600,70708992,1790743600099733226,RL_hip,1.000000000,-0.000000000,0.000000000,-0.193400000,0.000000000,0.994010727,0.109282544,0.046500000,-0.000000000,-0.109282544,0.994010727,0.000000000,0.000000000,0.000000000,0.000000000,1.000000000
1790743600070708992,1790743600,70708992,1790743600099733226,RL_thigh,0.686272856,-0.000000000,0.727344188,-0.193400000,-0.079486023,0.994010727,0.074997644,0.141428024,-0.722987925,-0.109282544,0.682162580,-0.010436483,0.000000000,0.000000000,0.000000000,1.000000000
1790743600070708992,1790743600,70708992,1790743600099733226,RL_calf,0.783268398,-0.000000000,-0.621683695,-0.348324312,0.067939176,0.994010727,0.085597563,0.125453526,0.617960262,-0.109282544,0.778577190,-0.155737113,0.000000000,0.000000000,0.000000000,1.000000000
1790743600070708992,1790743600,70708992,1790743600099733226,RL_calflower,0.813360751,0.000000000,-0.581759649,-0.240649757,0.063576175,0.994010727,0.088886132,0.114143870,0.578275331,-0.109282544,0.808489311,-0.258607331,0.000000000,0.000000000,0.000000000,1.000000000
1790743600070708992,1790743600,70708992,1790743600099733226,RL_calflower1,0.990091347,0.000000000,-0.140424798,-0.225512979,0.015345979,0.994010727,0.108199702,0.109952663,0.139583755,-0.109282544,0.984161420,-0.296729657,0.000000000,0.000000000,0.000000000,1.000000000
1790743600070708992,1790743600,70708992,1790743600099733226,RL_foot,0.783268398,-0.000000000,-0.621683695,-0.215905685,0.067939176,0.994010727,0.085597563,0.107221245,0.617960262,-0.109282544,0.778577190,-0.321574054,0.000000000,0.000000000,0.000000000,1.000000000
1790743600070708992,1790743600,70708992,1790743600099733226,RR_hip,1.000000000,0.000000000,0.000000000,-0.193400000,0.000000000,0.992429541,-0.122815337,-0.046500000,0.000000000,0.122815337,0.992429541,0.000000000,0.000000000,0.000000000,0.000000000,1.000000000
1790743600070708992,1790743600,70708992,1790743600099733226,RR_thigh,0.725728854,0.000000000,0.687980835,-0.193400000,0.084494598,0.992429541,-0.089130634,-0.141277021,-0.682772504,0.122815337,0.720234754,-0.011728865,0.000000000,0.000000000,0.000000000,1.000000000
1790743600070708992,1790743600,70708992,1790743600099733226,RR_calf,0.773344434,0.000000000,-0.633986109,-0.339939918,-0.077863218,0.992429541,-0.094978557,-0.122292196,0.629186543,0.122815337,0.767489861,-0.165138867,0.000000000,0.000000000,0.000000000,1.000000000
1790743600070708992,1790743600,70708992,1790743600099733226,RR_calflower,0.804064054,0.000000000,-0.594542680,-0.230643085,-0.073018960,0.992429541,-0.098751398,-0.109792634,0.590041718,0.122815337,0.797976919,-0.266143636,0.000000000,0.000000000,0.000000000,1.000000000
1790743600070708992,1790743600,70708992,1790743600099733226,RR_calflower1,0.987748161,0.000000000,-0.156056302,-0.214902018,-0.019166107,0.992429541,-0.121310623,-0.105112389,0.154874885,0.122815337,0.980270454,-0.303963130,0.000000000,0.000000000,0.000000000,1.000000000
1790743600070708992,1790743600,70708992,1790743600099733226,RR_foot,0.773344434,0.000000000,-0.633986109,-0.204900877,-0.077863218,0.992429541,-0.094978557,-0.102061763,0.629186543,0.122815337,0.767489861,-0.328614208,0.000000000,0.000000000,0.000000000,1.000000000
1790743600146946079,1790743600,146946079,1790743600166222637,FL_hip,1.000000000,-0.000000000,0.000000000,0.193400000,0.000000000,0.998794703,0.049083009,0.046500000,-0.000000000,-0.049083009,0.998794703,0.000000000,0.000000000,0.000000000,0.000000000,1.000000000
1790743600146946079,1790743600,146946079,1790743600166222637,FL_thigh,0.723492378,0.000000000,0.690332369,0.193400000,-0.033883590,0.998794703,0.035511183,0.141884894,-0.689500313,-0.049083009,0.722620354,-0.004687427,0.000000000,0.000000000,0.000000000,1.000000000
1790743600146946079,1790743600,146946079,1790743600166222637,FL_calf,0.759067819,-0.000000000,-0.651011557,0.046359205,0.031953606,0.998794703,0.037257333,0.134321012,0.650226894,-0.049083009,0.758152916,-0.158605563,0.000000000,0.000000000,0.000000000,1.000000000
1790743600146946079,1790743600,146946079,1790743600166222637,FL_calflower,0.790656198,0.000000000,-0.612260383,0.157890272,0.030051582,0.998794703,0.038807785,0.129445999,0.611522427,-0.049083009,0.789703222,-0.257807657,0.000000000,0.000000000,0.000000000,1.000000000
1790743600146946079,1790743600,146946079,1790743600166222637,FL_calflower1,0.984037128,-0.000000000,-0.177963283,0.174474126,0.008734973,0.998794703,0.048299503,0.127593172,0.177748785,-0.049083009,0.982851071,-0.295511010,0.000000000,0.000000000,0.000000000,1.000000000
1790743600146946079,1790743600,146946079,1790743600166222637,FL_foot,0.759067819,-0.000000000,-0.651011557,0.185024667,0.031953606,0.998794703,0.037257333,0.126385200,0.650226894,-0.049083009,0.758152916,-0.320092134,0.000000000,0.000000000,0.000000000,1.000000000
1790743600146946079,1790743600,146946079,1790743600166222637,FR_hip,1.000000000,0.000000000,0.000000000,0.193400000,0.000000000,0.998010426,-0.063049103,-0.046500000,0.000000000,0.063049103,0.998010426,0.000000000,0.000000000,0.000000000,0.000000000,1.000000000
1790743600146946079,1790743600,146946079,1790743600166222637,FR_thigh,0.712959065,0.000000000,0.701205656,0.193400000,0.044210388,0.998010426,-0.044951430,-0.141809996,-0.699810555,0.063049103,0.711540580,-0.006021189,0.000000000,0.000000000,0.000000000,1.000000000
1790743600146946079,1790743600,146946079,1790743600166222637,FR_calf,0.777402306,0.000000000,-0.629003700,0.044043195,-0.039658119,0.998010426,-0.049014518,-0.132235341,0.627752250,0.063049103,0.775855607,-0.157579333,0.000000000,0.000000000,0.000000000,1.000000000
1790743600146946079,1790743600,146946079,1790743600166222637,FR_calflower,0.807867838,0.000000000,-0.589363687,0.152683789,-0.037158852,0.998010426,-0.050935343,-0.125774355,0.588191105,0.063049103,0.806260525,-0.259850918,0.000000000,0.000000000,0.000000000,1.000000000
1790743600146946079,1790743600,146946079,1790743600166222637,FR_calflower1,0.988730548,0.000000000,-0.149706054,0.168179658,-0.009438832,0.998010426,-0.062338575,-0.123365353,0.149408203,0.063049103,0.986763396,-0.297983250,0.000000000,0.000000000,0.000000000,1.000000000
1790743600146946079,1790743600,146946079,1790743600166222637,FR_foot,0.777402306,0.000000000,-0.629003700,0.178020983,-0.039658119,0.998010426,-0.049014518,-0.121795249,0.627752250,0.063049103,0.775855607,-0.322836577,0.000000000,0.000000000,0.000000000,1.000000000
1790743600146946079,1790743600,146946079,1790743600166222637,RL_hip,1.000000000,-0.000000000,0.000000000,-0.193400000,0.000000000,0.994010727,0.109282544,0.046500000,-0.000000000,-0.109282544,0.994010727,0.000000000,0.000000000,0.000000000,0.000000000,1.000000000
1790743600146946079,1790743600,146946079,1790743600166222637,RL_thigh,0.686272856,-0.000000000,0.727344188,-0.193400000,-0.079486023,0.994010727,0.074997644,0.141428024,-0.722987925,-0.109282544,0.682162580,-0.010436483,0.000000000,0.000000000,0.000000000,1.000000000
1790743600146946079,1790743600,146946079,1790743600166222637,RL_calf,0.783258541,0.000000000,-0.621696114,-0.348324312,0.067940533,0.994010727,0.085596486,0.125453526,0.617972606,-0.109282544,0.778567392,-0.155737113,0.000000000,0.000000000,0.000000000,1.000000000
1790743600146946079,1790743600,146946079,1790743600166222637,RL_calflower,0.813351527,0.000000000,-0.581772544,-0.240648116,0.063577584,0.994010727,0.088885124,0.114144057,0.578288150,-0.109282544,0.808480143,-0.258605634,0.000000000,0.000000000,0.000000000,1.000000000
1790743600146946079,1790743600,146946079,1790743600166222637,RL_calflower1,0.990089121,0.000000000,-0.140440495,-0.225510730,0.015347695,0.994010727,0.108199458,0.109952876,0.139599359,-0.109282544,0.984159207,-0.296727722,0.000000000,0.000000000,0.000000000,1.000000000
1790743600146946079,1790743600,146946079,1790743600166222637,RL_foot,0.783258541,0.000000000,-0.621696114,-0.215903040,0.067940533,0.994010727,0.085596486,0.107221475,0.617972606,-0.109282544,0.778567392,-0.321571967,0.000000000,0.000000000,0.000000000,1.000000000
1790743600146946079,1790743600,146946079,1790743600166222637,RR_hip,1.000000000,0.000000000,0.000000000,-0.193400000,0.000000000,0.992422102,-0.122875429,-0.046500000,0.000000000,0.122875429,0.992422102,0.000000000,0.000000000,0.000000000,0.000000000,1.000000000
1790743600146946079,1790743600,146946079,1790743600166222637,RR_thigh,0.725728854,0.000000000,0.687980835,-0.193400000,0.084535940,0.992422102,-0.089174244,-0.141276311,-0.682767387,0.122875429,0.720229355,-0.011734603,0.000000000,0.000000000,0.000000000,1.000000000
1790743600146946079,1790743600,146946079,1790743600166222637,RR_calf,0.773354485,0.000000000,-0.633973848,-0.339939918,-0.077899809,0.992422102,-0.095026264,-0.122282197,0.629169659,0.122875429,0.767494084,-0.165143456,0.000000000,0.000000000,0.000000000,1.000000000
1790743600146946079,1790743600,146946079,1790743600166222637,RR_calflower,0.804073480,0.000000000,-0.594529931,-0.230644699,-0.073053120,0.992422102,-0.098800874,-0.109776306,0.590024644,0.122875429,0.797980293,-0.266149187,0.000000000,0.000000000,0.000000000,1.000000000
1790743600146946079,1790743600,146946079,1790743600166222637,RR_calflower1,0.987750636,0.000000000,-0.156040642,-0.214904236,-0.019173561,0.992422102,-0.121370283,-0.105093740,0.154858182,0.122875429,0.980265562,-0.303968646,0.000000000,0.000000000,0.000000000,1.000000000
1790743600146946079,1790743600,146946079,1790743600166222637,RR_foot,0.773354485,0.000000000,-0.633973848,-0.204903488,-0.077899809,0.992422102,-0.095026264,-0.102041602,0.629169659,0.122875429,0.767494084,-0.328619696,0.000000000,0.000000000,0.000000000,1.000000000
1790743600257486657,1790743600,257486657,1790743600266332036,FL_hip,1.000000000,-0.000000000,0.000000000,0.193400000,0.000000000,0.998797673,0.049022527,0.046500000,-0.000000000,-0.049022527,0.998797673,0.000000000,0.000000000,0.000000000,0.000000000,1.000000000
1790743600257486657,1790743600,257486657,1790743600266332036,FL_thigh,0.723429667,0.000000000,0.690398086,0.193400000,-0.033845059,0.998797673,0.035464351,0.141885178,-0.689568002,-0.049022527,0.722559868,-0.004681651,0.000000000,0.000000000,0.000000000,1.000000000
1790743600257486657,1790743600,257486657,1790743600266332036,FL_calf,0.759137272,0.000000000,-0.650930566,0.046345208,0.031910262,0.998797673,0.037214828,0.134331271,0.650147935,-0.049022527,0.758224541,-0.158586903,0.000000000,0.000000000,0.000000000,1.000000000
1790743600257486657,1790743600,257486657,1790743600266332036,FL_calflower,0.790721517,-0.000000000,-0.612176022,0.157865677,0.030010416,0.998797673,0.038763167,0.129461682,0.611439987,-0.049022527,0.789770811,-0.257801177,0.000000000,0.000000000,0.000000000,1.000000000
1790743600257486657,1790743600,257486657,1790743600266332036,FL_calflower1,0.984056110,0.000000000,-0.177858293,0.174445503,0.008719063,0.998797673,0.048240918,0.127611051,0.177644449,-0.049022527,0.982872953,-0.295506409,0.000000000,0.000000000,0.000000000,1.000000000
1790743600257486657,1790743600,257486657,1790743600266332036,FL_foot,0.759137272,0.000000000,-0.650930566,0.184993418,0.031910262,0.998797673,0.037214828,0.126404513,0.650147935,-0.049022527,0.758224541,-0.320088730,0.000000000,0.000000000,0.000000000,1.000000000
1790743600257486657,1790743600,257486657,1790743600266332036,FR_hip,1.000000000,0.000000000,0.000000000,0.193400000,0.000000000,0.998008517,-0.063079322,-0.046500000,0.000000000,0.063079322,0.998008517,0.000000000,0.000000000,0.000000000,0.000000000,1.000000000
1790743600257486657,1790743600,257486657,1790743600266332036,FR_thigh,0.712916600,0.000000000,0.701248830,0.193400000,0.044234301,0.998008517,-0.044970296,-0.141809813,-0.699852304,0.063079322,0.711496838,-0.006024075,0.000000000,0.000000000,0.000000000,1.000000000
1790743600257486657,1790743600,257486657,1790743600266332036,FR_calf,0.777450293,0.000000000,-0.628944387,0.044033999,-0.039673386,0.998008517,-0.049041038,-0.132231140,0.627691854,0.063079322,0.775902014,-0.157572902,0.000000000,0.000000000,0.000000000,1.000000000
1790743600257486657,1790743600,257486657,1790743600266332036,FR_calflower,0.807912801,0.000000000,-0.589302050,0.152666774,-0.037172774,0.998008517,-0.050962592,-0.125766534,0.588128465,0.063079322,0.806303856,-0.259852563,0.000000000,0.000000000,0.000000000,1.000000000
1790743600257486657,1790743600,257486657,1790743600266332036,FR_calflower1,0.988741967,0.000000000,-0.149630620,0.168159728,-0.009438598,0.998008517,-0.062369173,-0.123356303,0.149332633,0.063079322,0.986772904,-0.297986002,0.000000000,0.000000000,0.000000000,1.000000000
1790743600257486657,1790743600,257486657,1790743600266332036,FR_foot,0.777450293,0.000000000,-0.628944387,0.177999154,-0.039673386,0.998008517,-0.049041038,-0.121785399,0.627691854,0.063079322,0.775902014,-0.322840031,0.000000000,0.000000000,0.000000000,1.000000000
1790743600257486657,1790743600,257486657,1790743600266332036,RL_hip,1.000000000,-0.000000000,0.000000000,-0.193400000,0.000000000,0.994014036,0.109252446,0.046500000,-0.000000000,-0.109252446,0.994014036,0.000000000,0.000000000,0.000000000,0.000000000,1.000000000
1790743600257486657,1790743600,257486657,1790743600266332036,RL_thigh,0.686250832,-0.000000000,0.727364967,-0.193400000,-0.079466402,0.994014036,0.074974582,0.141428340,-0.723010987,-0.109252446,0.682142959,-0.010433609,0.000000000,0.000000000,0.000000000,1.000000000
1790743600257486657,1790743600,257486657,1790743600266332036,RL_calf,0.783267583,0.000000000,-0.621684722,-0.348328738,0.067920577,0.994014036,0.085573900,0.125458754,0.617963340,-0.109252446,0.778578971,-0.155730059,0.000000000,0.000000000,0.000000000,1.000000000
1790743600257486657,1790743600,257486657,1790743600266332036,RL_calflower,0.813359988,-0.000000000,-0.581760715,-0.240654048,0.063558781,0.994014036,0.088861569,0.114152229,0.578278316,-0.109252446,0.808491244,-0.258600480,0.000000000,0.000000000,0.000000000,1.000000000
1790743600257486657,1790743600,257486657,1790743600266332036,RL_calflower1,0.990091163,0.000000000,-0.140426096,-0.225517219,0.015341895,0.994014036,0.108169882,0.109962178,0.139585510,-0.109252446,0.984164513,-0.296722913,0.000000000,0.000000000,0.000000000,1.000000000
1790743600257486657,1790743600,257486657,1790743600266332036,RL_foot,0.783267583,0.000000000,-0.621684722,-0.215909892,0.067920577,0.994014036,0.085573900,0.107231514,0.617963340,-0.109252446,0.778578971,-0.321567380,0.000000000,0.000000000,0.000000000,1.000000000
1790743600257486657,1790743600,257486657,1790743600266332036,RR_hip,1.000000000,0.000000000,0.000000000,-0.193400000,0.000000000,0.992414659,-0.122935528,-0.046500000,0.000000000,0.122935528,0.992414659,0.000000000,0.000000000,0.000000000,0.000000000,1.000000000
1790743600257486657,1790743600,257486657,1790743600266332036,RR_thigh,0.725708023,0.000000000,0.688002809,-0.193400000,0.084579989,0.992414659,-0.089215299,-0.141275600,-0.682784074,0.122935528,0.720203280,-0.011740343,0.000000000,0.000000000,0.000000000,1.000000000
1790743600257486657,1790743600,257486657,1790743600266332036,RR_calf,0.773363630,-0.000000000,-0.633962693,-0.339944598,-0.077936539,0.992414659,-0.095073866,-0.122272741,0.629153870,0.122935528,0.767497403,-0.165143642,0.000000000,0.000000000,0.000000000,1.000000000
1790743600257486657,1790743600,257486657,1790743600266332036,RR_calflower,0.804082055,0.000000000,-0.594518333,-0.230650847,-0.073087425,0.992414659,-0.098850252,-0.109760540,0.590008709,0.122935528,0.797982819,-0.266150180,0.000000000,0.000000000,0.000000000,1.000000000
1790743600257486657,1790743600,257486657,1790743600266332036,RR_calflower1,0.987752886,0.000000000,-0.156026394,-0.214910935,-0.019181187,0.992414659,-0.121429923,-0.105075655,0.154842881,0.122935528,0.980260444,-0.303969580,0.000000000,0.000000000,0.000000000,1.000000000
1790743600257486657,1790743600,257486657,1790743600266332036,RR_foot,0.773363630,-0.000000000,-0.633962693,-0.204910545,-0.077936539,0.992414659,-0.095073866,-0.102022008,0.629153870,0.122935528,0.767497403,-0.328620588,0.000000000,0.000000000,0.000000000,1.000000000
1790743600326399029,1790743600,326399029,1790743600333185709,FL_hip,1.000000000,-0.000000000,0.000000000,0.193400000,0.000000000,0.998775306,0.049476141,0.046500000,-0.000000000,-0.049476141,0.998775306,0.000000000,0.000000000,0.000000000,0.000000000,1.000000000
1790743600326399029,1790743600,326399029,1790743600333185709,FL_thigh,0.721440815,0.000000000,0.692476101,0.193400000,-0.034261045,0.998775306,0.035694108,0.141883042,-0.691628030,-0.049476141,0.720557271,-0.004724971,0.000000000,0.000000000,0.000000000,1.000000000
1790743600326399029,1790743600,326399029,1790743600333185709,FL_calf,0.760760482,0.000000000,-0.649032733,0.045902590,0.032111635,0.998775306,0.037639493,0.134280197,0.648237867,-0.049476141,0.759828783,-0.158203670,0.000000000,0.000000000,0.000000000,1.000000000
1790743600326399029,1790743600,326399029,1790743600333185709,FL_calflower,0.792247847,-0.000000000,-0.610199434,0.157174645,0.030190313,0.998775306,0.039197366,0.129351784,0.609452127,-0.049476141,0.791277585,-0.257693573,0.000000000,0.000000000,0.000000000,1.000000000
1790743600326399029,1790743600,326399029,1790743600333185709,FL_calflower1,0.984497209,-0.000000000,-0.175400243,0.173660144,0.008678127,0.998775306,0.048709123,0.127481987,0.175185431,-0.049476141,0.983291501,-0.295439197,0.000000000,0.000000000,0.000000000,1.000000000
1790743600326399029,1790743600,326399029,1790743600333185709,FL_foot,0.760760482,0.000000000,-0.649032733,0.184146563,0.032111635,0.998775306,0.037639493,0.126262985,0.648237867,-0.049476141,0.759828783,-0.320047201,0.000000000,0.000000000,0.000000000,1.000000000
1790743600326399029,1790743600,326399029,1790743600333185709,FR_hip,1.000000000,0.000000000,0.000000000,0.193400000,0.000000000,0.998038959,-0.062595813,-0.046500000,0.000000000,0.062595813,0.998038959,0.000000000,0.000000000,0.000000000,0.000000000,1.000000000
1790743600326399029,1790743600,326399029,1790743600333185709,FR_thigh,0.714401240,0.000000000,0.699736285,0.193400000,0.043800562,0.998038959,-0.044718526,-0.141812721,-0.698364074,0.062595813,0.713000270,-0.005977900,0.000000000,0.000000000,0.000000000,1.000000000
1790743600326399029,1790743600,326399029,1790743600333185709,FR_calf,0.776195301,0.000000000,-0.630492549,0.044356171,-0.039466194,0.998038959,-0.048586576,-0.132287674,0.629256128,0.062595813,0.774673150,-0.157846958,0.000000000,0.000000000,0.000000000,1.000000000
1790743600326399029,1790743600,326399029,1790743600333185709,FR_calflower,0.806736753,-0.000000000,-0.590911001,0.153192975,-0.036988555,0.998038959,-0.050498343,-0.125886185,0.589752201,0.062595813,0.805154709,-0.259913461,0.000000000,0.000000000,0.000000000,1.000000000
1790743600326399029,1790743600,326399029,1790743600333185709,FR_calflower1,0.988441799,0.000000000,-0.151600825,0.168762047,-0.009489577,0.998038959,-0.061872318,-0.123496366,0.151303530,0.062595813,0.986503424,-0.298017172,0.000000000,0.000000000,0.000000000,1.000000000
1790743600326399029,1790743600,326399029,1790743600333185709,FR_foot,0.776195301,0.000000000,-0.630492549,0.178651084,-0.039466194,0.998038959,-0.048586576,-0.121938734,0.629256128,0.062595813,0.774673150,-0.322852339,0.000000000,0.000000000,0.000000000,1.000000000
1790743600326399029,1790743600,326399029,1790743600333185709,RL_hip,1.000000000,-0.000000000,0.000000000,-0.193400000,0.000000000,0.993365601,0.114999051,0.046500000,-0.000000000,-0.114999051,0.993365601,0.000000000,0.000000000,0.000000000,0.000000000,1.000000000
1790743600326399029,1790743600,326399029,1790743600333185709,RL_thigh,0.684155803,-0.000000000,0.729335888,-0.193400000,-0.083872935,0.993365601,0.078677268,0.141366415,-0.724497183,-0.114999051,0.679616840,-0.010982409,0.000000000,0.000000000,0.000000000,1.000000000
1790743600326399029,1790743600,326399029,1790743600333185709,RL_calf,0.784984025,0.000000000,-0.619516006,-0.348748544,0.071243753,0.993365601,0.090272418,0.124608157,0.615405889,-0.114999051,0.779776128,-0.155740796,0.000000000,0.000000000,0.000000000,1.000000000
1790743600326399029,1790743600,326399029,1790743600333185709,RL_calflower,0.814965894,0.000000000,-0.579508922,-0.241360495,0.066642976,0.993365601,0.093720305,0.112672714,0.575664229,-0.114999051,0.809559086,-0.258839545,0.000000000,0.000000000,0.000000000,1.000000000
1790743600326399029,1790743600,326399029,1790743600333185709,RL_calflower1,0.990475763,-0.000000000,-0.137687193,-0.226329797,0.015833897,0.993365601,0.113903773,0.108257472,0.136773721,-0.114999051,0.983904552,-0.296978551,0.000000000,0.000000000,0.000000000,1.000000000
1790743600326399029,1790743600,326399029,1790743600333185709,RL_foot,0.784984025,0.000000000,-0.619516006,-0.216791635,0.071243753,0.993365601,0.090272418,0.105380132,0.615405889,-0.114999051,0.779776128,-0.321833112,0.000000000,0.000000000,0.000000000,1.000000000
1790743600326399029,1790743600,326399029,1790743600333185709,RR_hip,1.000000000,0.000000000,0.000000000,-0.193400000,0.000000000,0.993020005,-0.117946049,-0.046500000,0.000000000,0.117946049,0.993020005,0.000000000,0.000000000,0.000000000,0.000000000,1.000000000
1790743600326399029,1790743600,326399029,1790743600333185709,RR_thigh,0.725916311,0.000000000,0.687783040,-0.193400000,0.081121292,0.993020005,-0.085618961,-0.141333410,-0.682982317,0.117946049,0.720849418,-0.011263848,0.000000000,0.000000000,0.000000000,1.000000000
1790743600326399029,1790743600,326399029,1790743600333185709,RR_calf,0.773271875,0.000000000,-0.634074608,-0.339897787,-0.074786595,0.993020005,-0.091204362,-0.123096572,0.629648770,0.117946049,0.767874440,-0.164804774,0.000000000,0.000000000,0.000000000,1.000000000
1790743600326399029,1790743600,326399029,1790743600333185709,RR_calflower,0.803996008,0.000000000,-0.594634693,-0.230589308,-0.070134813,0.993020005,-0.094828152,-0.111094058,0.590484146,0.117946049,0.798384120,-0.265857216,0.000000000,0.000000000,0.000000000,1.000000000
1790743600326399029,1790743600,326399029,1790743600333185709,RR_calflower1,0.987730296,0.000000000,-0.156169340,-0.214843880,-0.018419557,0.993020005,-0.116498886,-0.106599584,0.155079279,0.117946049,0.980835943,-0.303697422,0.000000000,0.000000000,0.000000000,1.000000000
1790743600326399029,1790743600,326399029,1790743600333185709,RR_foot,0.773271875,0.000000000,-0.634074608,-0.204839896,-0.074786595,0.993020005,-0.091204362,-0.103670043,0.629648770,0.117946049,0.767874440,-0.328362030,0.000000000,0.000000000,0.000000000,1.000000000
1790743600397184197,1790743600,397184197,1790743600399657286,FL_hip,1.000000000,-0.000000000,0.000000000,0.193400000,0.000000000,0.998755754,0.049869262,0.046500000,-0.000000000,-0.049869262,0.998755754,0.000000000,0.000000000,0.000000000,0.000000000,1.000000000
1790743600397184197,1790743600,397184197,1790743600399657286,FL_thigh,0.720538680,-0.000000000,0.693414747,0.193400000,-0.034580082,0.998755754,0.035932732,0.141881175,-0.692551968,-0.049869262,0.719642153,-0.004762515,0.000000000,0.000000000,0.000000000,1.000000000
1790743600397184197,1790743600,397184197,1790743600399657286,FL_calf,0.761604803,0.000000000,-0.648041761,0.045702659,0.032317364,0.998755754,0.037980670,0.134227503,0.647235438,-0.049869262,0.760657179,-0.158046293,0.000000000,0.000000000,0.000000000,1.000000000
1790743600397184197,1790743600,397184197,1790743600399657286,FL_calflower,0.793041584,0.000000000,-0.609167502,0.156844936,0.030378734,0.998755754,0.039548399,0.129252711,0.608409548,-0.049869262,0.792054846,-0.257678847,0.000000000,0.000000000,0.000000000,1.000000000
1790743600397184197,1790743600,397184197,1790743600399657286,FL_calflower1,0.984724726,-0.000000000,-0.174118393,0.173281220,0.008683156,0.998755754,0.049107496,0.127366987,0.173901747,-0.049869262,0.983499486,-0.295445136,0.000000000,0.000000000,0.000000000,1.000000000
1790743600397184197,1790743600,397184197,1790743600399657286,FL_foot,0.761604803,0.000000000,-0.648041761,0.183735554,0.032317364,0.998755754,0.037980670,0.126137620,0.647235438,-0.049869262,0.760657179,-0.320066272,0.000000000,0.000000000,0.000000000,1.000000000
1790743600397184197,1790743600,397184197,1790743600399657286,FR_hip,1.000000000,0.000000000,0.000000000,0.193400000,0.000000000,0.998065401,-0.062172790,-0.046500000,0.000000000,0.062172790,0.998065401,0.000000000,0.000000000,0.000000000,0.000000000,1.000000000
1790743600397184197,1790743600,397184197,1790743600399657286,FR_thigh,0.714401240,0.000000000,0.699736285,0.193400000,0.043504557,0.998065401,-0.044416318,-0.141815246,-0.698382576,0.062172790,0.713019160,-0.005937501,0.000000000,0.000000000,0.000000000,1.000000000
1790743600397184197,1790743600,397184197,1790743600399657286,FR_calf,0.776195301,-0.000000000,-0.630492549,0.044356171,-0.039199481,0.998065401,-0.048258227,-0.132354570,0.629272799,0.062172790,0.774693674,-0.157810582,0.000000000,0.000000000,0.000000000,1.000000000
1790743600397184197,1790743600,397184197,1790743600399657286,FR_calflower,0.806736753,0.000000000,-0.590911001,0.153192975,-0.036738586,0.998065401,-0.050157075,-0.125996342,0.589767825,0.062172790,0.805176041,-0.259879790,0.000000000,0.000000000,0.000000000,1.000000000
1790743600397184197,1790743600,397184197,1790743600399657286,FR_calflower1,0.988441799,0.000000000,-0.151600825,0.168762047,-0.009425446,0.998065401,-0.061454184,-0.123622673,0.151307539,0.062172790,0.986529560,-0.297984510,0.000000000,0.000000000,0.000000000,1.000000000
1790743600397184197,1790743600,397184197,1790743600399657286,FR_foot,0.776195301,-0.000000000,-0.630492549,0.178651084,-0.039199481,0.998065401,-0.048258227,-0.122075568,0.629272799,0.062172790,0.774693674,-0.322820335,0.000000000,0.000000000,0.000000000,1.000000000
1790743600397184197,1790743600,397184197,1790743600399657286,RL_hip,1.000000000,-0.000000000,0.000000000,-0.193400000,0.000000000,0.993250211,0.115991458,0.046500000,-0.000000000,-0.115991458,0.993250211,0.000000000,0.000000000,0.000000000,0.000000000,1.000000000
1790743600397184197,1790743600,397184197,1790743600399657286,RL_thigh,0.683227779,0.000000000,0.730205315,-0.193400000,-0.084697579,0.993250211,0.079248586,0.141355395,-0.725276584,-0.115991458,0.678616135,-0.011077184,0.000000000,0.000000000,0.000000000,1.000000000
1790743600397184197,1790743600,397184197,1790743600399657286,RL_calf,0.785751667,-0.000000000,-0.618542091,-0.348933732,0.071745599,0.993250211,0.091140482,0.124475446,0.614367062,-0.115991458,0.780448009,-0.155622421,0.000000000,0.000000000,0.000000000,1.000000000
1790743600397184197,1790743600,397184197,1790743600399657286,RL_calflower,0.815683902,-0.000000000,-0.578497859,-0.241674469,0.067100810,0.993250211,0.094612365,0.112421567,0.574593120,-0.115991458,0.810178208,-0.258841385,0.000000000,0.000000000,0.000000000,1.000000000
1790743600397184197,1790743600,397184197,1790743600399657286,RL_calflower1,0.990645744,0.000000000,-0.136458824,-0.226691394,0.015828058,0.993250211,0.114906444,0.107966064,0.135537755,-0.115991458,0.983959094,-0.296994445,0.000000000,0.000000000,0.000000000,1.000000000
1790743600397184197,1790743600,397184197,1790743600399657286,RL_foot,0.785751667,-0.000000000,-0.618542091,-0.217184267,0.071745599,0.993250211,0.091140482,0.105062524,0.614367062,-0.115991458,0.780448009,-0.321857847,0.000000000,0.000000000,0.000000000,1.000000000
1790743600397184197,1790743600,397184197,1790743600399657286,RR_hip,1.000000000,0.000000000,0.000000000,-0.193400000,0.000000000,0.993116093,-0.117134223,-0.046500000,0.000000000,0.117134223,0.993116093,0.000000000,0.000000000,0.000000000,0.000000000,1.000000000
1790743600397184197,1790743600,397184197,1790743600399657286,RR_thigh,0.725541344,0.000000000,0.688178580,-0.193400000,0.080609263,0.993116093,-0.084985722,-0.141342587,-0.683441222,0.117134223,0.720546785,-0.011186318,0.000000000,0.000000000,0.000000000,1.000000000
1790743600397184197,1790743600,397184197,1790743600399657286,RR_calf,0.773627317,0.000000000,-0.633640888,-0.339982038,-0.074221033,0.993116093,-0.090618235,-0.123240628,0.629278962,0.117134223,0.768301738,-0.164662783,0.000000000,0.000000000,0.000000000,1.000000000
1790743600397184197,1790743600,397184197,1790743600399657286,RR_calflower,0.804329329,-0.000000000,-0.594183751,-0.230730640,-0.069599252,0.993116093,-0.094214491,-0.111313550,0.590093445,0.117134223,0.798792401,-0.265785862,0.000000000,0.000000000,0.000000000,1.000000000
1790743600397184197,1790743600,397184197,1790743600399657286,RR_calflower1,0.987817714,0.000000000,-0.155615436,-0.215006583,-0.018227893,0.993116093,-0.115707260,-0.106848978,0.154544193,0.117134223,0.981017669,-0.303638492,0.000000000,0.000000000,0.000000000,1.000000000
1790743600397184197,1790743600,397184197,1790743600399657286,RR_foot,0.773627317,0.000000000,-0.633640888,-0.205016528,-0.074221033,0.993116093,-0.090618235,-0.103938944,0.629278962,0.117134223,0.768301738,-0.328311054,0.000000000,0.000000000,0.000000000,1.000000000
1790743600407295834,1790743600,407295834,1790743600433266538,FL_hip,1.000000000,-0.000000000,0.000000000,0.193400000,0.000000000,0.998754244,0.049899504,0.046500000,-0.000000000,-0.049899504,0.998754244,0.000000000,0.000000000,0.000000000,0.000000000,1.000000000
1790743600407295834,1790743600,407295834,1790743600433266538,FL_thigh,0.720496687,0.000000000,0.693458380,0.193400000,-0.034603229,0.998754244,0.035952427,0.141881030,-0.692594500,-0.049899504,0.719599123,-0.004765403,0.000000000,0.000000000,0.000000000,1.000000000
1790743600407295834,1790743600,407295834,1790743600433266538,FL_calf,0.761633772,0.000000000,-0.648007714,0.045693365,0.032335263,0.998754244,0.038005147,0.134223163,0.647200454,-0.049899504,0.760684962,-0.158040016,0.000000000,0.000000000,0.000000000,1.000000000
1790743600407295834,1790743600,407295834,1790743600433266538,FL_calflower,0.793068815,0.000000000,-0.609132050,0.156831182,0.030395387,0.998754244,0.039573740,0.129245107,0.608373220,-0.049899504,0.792080845,-0.257677381,0.000000000,0.000000000,0.000000000,1.000000000
1790743600407295834,1790743600,407295834,1790743600433266538,FL_calflower1,0.984732508,-0.000000000,-0.174074372,0.173265776,0.008686225,0.998754244,0.049137663,0.127358203,0.173857518,-0.049899504,0.983505772,-0.295444347,0.000000000,0.000000000,0.000000000,1.000000000
1790743600407295834,1790743600,407295834,1790743600433266538,FL_foot,0.761633772,0.000000000,-0.648007714,0.183719008,0.032335263,0.998754244,0.038005147,0.126128067,0.647200454,-0.049899504,0.760684962,-0.320065913,0.000000000,0.000000000,0.000000000,1.000000000
1790743600407295834,1790743600,407295834,1790743600433266538,FR_hip,1.000000000,0.000000000,0.000000000,0.193400000,0.000000000,0.998065401,-0.062172790,-0.046500000,0.000000000,0.062172790,0.998065401,0.000000000,0.000000000,0.000000000,0.000000000,1.000000000
1790743600407295834,1790743600,407295834,1790743600433266538,FR_thigh,0.714358864,-0.000000000,0.699779547,0.193400000,0.043507247,0.998065401,-0.044413684,-0.141815246,-0.698425754,0.062172790,0.712976866,-0.005937501,0.000000000,0.000000000,0.000000000,1.000000000
1790743600407295834,1790743600,407295834,1790743600433266538,FR_calf,0.776223485,0.000000000,-0.630457850,0.044346957,-0.039197324,0.998065401,-0.048259980,-0.132355131,0.629238167,0.062172790,0.774721804,-0.157801574,0.000000000,0.000000000,0.000000000,1.000000000
1790743600407295834,1790743600,407295834,1790743600433266538,FR_calflower,0.806763168,-0.000000000,-0.590874937,0.153179188,-0.036736343,0.998065401,-0.050158717,-0.125996601,0.589731831,0.062172790,0.805202404,-0.259875638,0.000000000,0.000000000,0.000000000,1.000000000
1790743600407295834,1790743600,407295834,1790743600433266538,FR_calflower1,0.988448575,0.000000000,-0.151556638,0.168746554,-0.009422699,0.998065401,-0.061454606,-0.123622889,0.151263437,0.062172790,0.986536323,-0.297981052,0.000000000,0.000000000,0.000000000,1.000000000
1790743600407295834,1790743600,407295834,1790743600433266538,FR_foot,0.776223485,0.000000000,-0.630457850,0.178634479,-0.039197324,0.998065401,-0.048259980,-0.122075755,0.629238167,0.062172790,0.774721804,-0.322817318,0.000000000,0.000000000,0.000000000,1.000000000
1790743600407295834,1790743600,407295834,1790743600433266538,RL_hip,1.000000000,-0.000000000,0.000000000,-0.193400000,0.000000000,0.993257233,0.115931309,0.046500000,-0.000000000,-0.115931309,0.993257233,0.000000000,0.000000000,0.000000000,0.000000000,1.000000000
1790743600407295834,1790743600,407295834,1790743600433266538,RL_thigh,0.683205668,-0.000000000,0.730226003,-0.193400000,-0.084656056,0.993257233,0.079204927,0.141356066,-0.725302259,-0.115931309,0.678598972,-0.011071440,0.000000000,0.000000000,0.000000000,1.000000000
1790743600407295834,1790743600,407295834,1790743600433266538,RL_calf,0.785760589,0.000000000,-0.618530757,-0.348938139,0.071707080,0.993257233,0.091094253,0.124485416,0.614360148,-0.115931309,0.780462389,-0.155613021,0.000000000,0.000000000,0.000000000,1.000000000
1790743600407295834,1790743600,407295834,1790743600433266538,RL_calflower,0.815692246,0.000000000,-0.578486093,-0.241680375,0.067064650,0.993257233,0.094564269,0.112437608,0.574585496,-0.115931309,0.810192224,-0.258834252,0.000000000,0.000000000,0.000000000,1.000000000
1790743600407295834,1790743600,407295834,1790743600433266538,RL_calflower1,0.990647712,0.000000000,-0.136444534,-0.226697854,0.015818193,0.993257233,0.114847086,0.107984391,0.135524521,-0.115931309,0.983968006,-0.296987795,0.000000000,0.000000000,0.000000000,1.000000000
1790743600407295834,1790743600,407295834,1790743600433266538,RL_foot,0.785760589,0.000000000,-0.618530757,-0.217191087,0.071707080,0.993257233,0.091094253,0.105082340,0.614360148,-0.115931309,0.780462389,-0.321851510,0.000000000,0.000000000,0.000000000,1.000000000
1790743600407295834,1790743600,407295834,1790743600433266538,RR_hip,1.000000000,0.000000000,0.000000000,-0.193400000,0.000000000,0.993112546,-0.117164294,-0.046500000,0.000000000,0.117164294,0.993112546,0.000000000,0.000000000,0.000000000,0.000000000,1.000000000
1790743600407295834,1790743600,407295834,1790743600433266538,RR_thigh,0.725541344,0.000000000,0.688178580,-0.193400000,0.080629957,0.993112546,-0.085007539,-0.141342248,-0.683438781,0.117164294,0.720544211,-0.011189190,0.000000000,0.000000000,0.000000000,1.000000000
1790743600407295834,1790743600,407295834,1790743600433266538,RR_calf,0.773627317,-0.000000000,-0.633640888,-0.339982038,-0.074240087,0.993112546,-0.090641498,-0.123235642,0.629276715,0.117164294,0.768298994,-0.164665107,0.000000000,0.000000000,0.000000000,1.000000000
1790743600407295834,1790743600,407295834,1790743600433266538,RR_calflower,0.804329329,0.000000000,-0.594183751,-0.230730640,-0.069617119,0.993112546,-0.094238678,-0.111305502,0.590091337,0.117164294,0.798789548,-0.265787824,0.000000000,0.000000000,0.000000000,1.000000000
1790743600407295834,1790743600,407295834,1790743600433266538,RR_calflower1,0.987817714,-0.000000000,-0.155615436,-0.215006583,-0.018232573,0.993112546,-0.115736965,-0.106839784,0.154543641,0.117164294,0.981014165,-0.303640319,0.000000000,0.000000000,0.000000000,1.000000000
1790743600407295834,1790743600,407295834,1790743600433266538,RR_foot,0.773627317,-0.000000000,-0.633640888,-0.205016528,-0.074240087,0.993112546,-0.090641498,-0.103929003,0.629276715,0.117164294,0.768298994,-0.328312793,0.000000000,0.000000000,0.000000000,1.000000000
1790743600479412709,1790743600,479412709,1790743600499670574,FL_hip,1.000000000,-0.000000000,0.000000000,0.193400000,0.000000000,0.998761787,0.049748303,0.046500000,-0.000000000,-0.049748303,0.998761787,0.000000000,0.000000000,0.000000000,0.000000000,1.000000000
1790743600479412709,1790743600,479412709,1790743600499670574,FL_thigh,0.720454691,-0.000000000,0.693502011,0.193400000,-0.034500548,0.998761787,0.035841398,0.141881751,-0.692643307,-0.049748303,0.719562614,-0.004750963,0.000000000,0.000000000,0.000000000,1.000000000
1790743600479412709,1790743600,479412709,1790743600499670574,FL_calf,0.761683286,0.000000000,-0.647949513,0.045684072,0.032234389,0.998761787,0.037892451,0.134247533,0.647147213,-0.049748303,0.760740160,-0.158017800,0.000000000,0.000000000,0.000000000,1.000000000
1790743600479412709,1790743600,479412709,1790743600499670574,FL_calflower,0.793115359,-0.000000000,-0.609071447,0.156814265,0.030300271,0.998761787,0.039456143,0.129284138,0.608317287,-0.049748303,0.792133313,-0.257664399,0.000000000,0.000000000,0.000000000,1.000000000
1790743600479412709,1790743600,479412709,1790743600499670574,FL_calflower1,0.984745807,-0.000000000,-0.173999125,0.173245970,0.008656161,0.998761787,0.048989433,0.127402889,0.173783677,-0.049748303,0.983526482,-0.295432904,0.000000000,0.000000000,0.000000000,1.000000000
1790743600479412709,1790743600,479412709,1790743600499670574,FL_foot,0.761683286,0.000000000,-0.647949513,0.183697318,0.032234389,0.998761787,0.037892451,0.126176441,0.647147213,-0.049748303,0.760740160,-0.320055454,0.000000000,0.000000000,0.000000000,1.000000000
1790743600479412709,1790743600,479412709,1790743600499670574,FR_hip,1.000000000,0.000000000,0.000000000,0.193400000,0.000000000,0.998061634,-0.062233231,-0.046500000,0.000000000,0.062233231,0.998061634,0.000000000,0.000000000,0.000000000,0.000000000,1.000000000
1790743600479412709,1790743600,479412709,1790743600499670574,FR_thigh,0.714337675,0.000000000,0.699801176,0.193400000,0.043550888,0.998061634,-0.044455542,-0.141814886,-0.698444705,0.062233231,0.712953027,-0.005943274,0.000000000,0.000000000,0.000000000,1.000000000
1790743600479412709,1790743600,479412709,1790743600499670574,FR_calf,0.776282405,0.000000000,-0.630385301,0.044342349,-0.039230914,0.998061634,-0.048310562,-0.132345856,0.629163384,0.062233231,0.774777685,-0.157802268,0.000000000,0.000000000,0.000000000,1.000000000
1790743600479412709,1790743600,479412709,1790743600499670574,FR_calflower,0.806818388,-0.000000000,-0.590799534,0.153165022,-0.036767364,0.998061634,-0.050210915,-0.125980511,0.589654348,0.062233231,0.805254478,-0.259886098,0.000000000,0.000000000,0.000000000,1.000000000
1790743600479412709,1790743600,479412709,1790743600499670574,FR_calflower1,0.988462735,-0.000000000,-0.151464257,0.168728820,-0.009426110,0.998061634,-0.061515230,-0.123604400,0.151170664,0.062233231,0.986546732,-0.297992821,0.000000000,0.000000000,0.000000000,1.000000000
1790743600479412709,1790743600,479412709,1790743600499670574,FR_foot,0.776282405,0.000000000,-0.630385301,0.178614419,-0.039230914,0.998061634,-0.048310562,-0.122055706,0.629163384,0.062233231,0.774777685,-0.322829915,0.000000000,0.000000000,0.000000000,1.000000000
1790743600479412709,1790743600,479412709,1790743600499670574,RL_hip,1.000000000,-0.000000000,0.000000000,-0.193400000,0.000000000,0.993264252,0.115871158,0.046500000,-0.000000000,-0.115871158,0.993264252,0.000000000,0.000000000,0.000000000,0.000000000,1.000000000
1790743600479412709,1790743600,479412709,1790743600499670574,RL_thigh,0.683073037,-0.000000000,0.730350071,-0.193400000,-0.084626509,0.993264252,0.079148464,0.141356736,-0.725430617,-0.115871158,0.678472029,-0.011065696,0.000000000,0.000000000,0.000000000,1.000000000
1790743600479412709,1790743600,479412709,1790743600499670574,RL_calf,0.785882715,0.000000000,-0.618375580,-0.348964565,0.071651895,0.993264252,0.091061141,0.124498113,0.614210358,-0.115871158,0.780589207,-0.155580238,0.000000000,0.000000000,0.000000000,1.000000000
1790743600479412709,1790743600,479412709,1790743600499670574,RL_calflower,0.815806464,-0.000000000,-0.578325007,-0.241727325,0.067011188,0.993264252,0.094528440,0.112454102,0.574429555,-0.115871158,0.810311397,-0.258823233,0.000000000,0.000000000,0.000000000,1.000000000
1790743600479412709,1790743600,479412709,1790743600499670574,RL_calflower1,0.990674636,0.000000000,-0.136248908,-0.226752389,0.015787319,0.993264252,0.114790618,0.108002853,0.135331170,-0.115871158,0.984001702,-0.296979985,0.000000000,0.000000000,0.000000000,1.000000000
1790743600479412709,1790743600,479412709,1790743600499670574,RL_foot,0.785882715,0.000000000,-0.618375580,-0.217250567,0.071651895,0.993264252,0.091061141,0.105102090,0.614210358,-0.115871158,0.780589207,-0.321845739,0.000000000,0.000000000,0.000000000,1.000000000
1790743600479412709,1790743600,479412709,1790743600499670574,RR_hip,1.000000000,0.000000000,0.000000000,-0.193400000,0.000000000,0.993101900,-0.117254498,-0.046500000,0.000000000,0.117254498,0.993101900,0.000000000,0.000000000,0.000000000,0.000000000,1.000000000
1790743600479412709,1790743600,479412709,1790743600499670574,RR_thigh,0.725437149,0.000000000,0.688288416,-0.193400000,0.080704912,0.993101900,-0.085060768,-0.141341231,-0.683540533,0.117254498,0.720433010,-0.011197805,0.000000000,0.000000000,0.000000000,1.000000000
1790743600479412709,1790743600,479412709,1790743600499670574,RR_calf,0.773723239,0.000000000,-0.633523756,-0.340005433,-0.074283510,0.993101900,-0.090722530,-0.123223288,0.629153646,0.117254498,0.768386018,-0.164650036,0.000000000,0.000000000,0.000000000,1.000000000
1790743600479412709,1790743600,479412709,1790743600499670574,RR_calflower,0.804419277,0.000000000,-0.594061972,-0.230769452,-0.069656438,0.993101900,-0.094321778,-0.111282024,0.589964073,0.117254498,0.798870312,-0.265788093,0.000000000,0.000000000,0.000000000,1.000000000
1790743600479412709,1790743600,479412709,1790743600499670574,RR_calflower1,0.987841262,0.000000000,-0.155465882,-0.215051166,-0.018229074,0.993101900,-0.115828831,-0.106812588,0.154393463,0.117254498,0.981027034,-0.303642547,0.000000000,0.000000000,0.000000000,1.000000000
1790743600479412709,1790743600,479412709,1790743600499670574,RR_foot,0.773723239,0.000000000,-0.633523756,-0.205064872,-0.074283510,0.993101900,-0.090722530,-0.103899389,0.629153646,0.117254498,0.768386018,-0.328316258,0.000000000,0.000000000,0.000000000,1.000000000
1790743600545557793,1790743600,545557793,1790743600566248202,FL_hip,1.000000000,-0.000000000,0.000000000,0.193400000,0.000000000,0.998760280,0.049778541,0.046500000,-0.000000000,-0.049778541,0.998760280,0.000000000,0.000000000,0.000000000,0.000000000,1.000000000
1790743600545557793,1790743600,545557793,1790743600566248202,FL_thigh,0.720643652,0.000000000,0.693305652,0.193400000,-0.034511744,0.998760280,0.035872590,0.141881607,-0.692446147,-0.049778541,0.719750255,-0.004753851,0.000000000,0.000000000,0.000000000,1.000000000
1790743600545557793,1790743600,545557793,1790743600566248202,FL_calf,0.761527081,-0.000000000,-0.648133091,0.045725896,0.032263120,0.998760280,0.037907707,0.134240745,0.647329588,-0.049778541,0.760583001,-0.158060655,0.000000000,0.000000000,0.000000000,1.000000000
1790743600545557793,1790743600,545557793,1790743600566248202,FL_calflower,0.792968524,0.000000000,-0.609262603,0.156880135,0.030328204,0.998760280,0.039472816,0.129275667,0.608507288,-0.049778541,0.791985465,-0.257680347,0.000000000,0.000000000,0.000000000,1.000000000
1790743600545557793,1790743600,545557793,1790743600566248202,FL_calflower1,0.984703838,0.000000000,-0.174236484,0.173320954,0.008673238,0.998760280,0.049017121,0.127393472,0.174020480,-0.049778541,0.983483080,-0.295444839,0.000000000,0.000000000,0.000000000,1.000000000
1790743600545557793,1790743600,545557793,1790743600566248202,FL_foot,0.761527081,-0.000000000,-0.648133091,0.183778245,0.032263120,0.998760280,0.037907707,0.126166403,0.647329588,-0.049778541,0.760583001,-0.320064834,0.000000000,0.000000000,0.000000000,1.000000000
1790743600545557793,1790743600,545557793,1790743600566248202,FR_hip,1.000000000,0.000000000,0.000000000,0.193400000,0.000000000,0.998057863,-0.062293672,-0.046500000,0.000000000,0.062293672,0.998057863,0.000000000,0.000000000,0.000000000,0.000000000,1.000000000
1790743600545557793,1790743600,545557793,1790743600566248202,FR_thigh,0.714422427,-0.000000000,0.699714653,0.193400000,0.043587795,0.998057863,-0.044503996,-0.141814526,-0.698355712,0.062293672,0.713034921,-0.005949046,0.000000000,0.000000000,0.000000000,1.000000000
1790743600545557793,1790743600,545557793,1790743600566248202,FR_calf,0.776196128,-0.000000000,-0.630491531,0.044360779,-0.039275633,0.998057863,-0.048352107,-0.132335175,0.629267031,0.062293672,0.774688649,-0.157825484,0.000000000,0.000000000,0.000000000,1.000000000
1790743600545557793,1790743600,545557793,1790743600566248202,FR_calflower,0.806737528,0.000000000,-0.590909944,0.153197448,-0.036809950,0.998057863,-0.050254643,-0.125964576,0.589762316,0.062293672,0.805170733,-0.259894063,0.000000000,0.000000000,0.000000000,1.000000000
1790743600545557793,1790743600,545557793,1790743600566248202,FR_calflower1,0.988441998,-0.000000000,-0.151599529,0.168766471,-0.009443691,0.998057863,-0.061573681,-0.123586290,0.151305102,0.062293672,0.986522308,-0.297998516,0.000000000,0.000000000,0.000000000,1.000000000
1790743600545557793,1790743600,545557793,1790743600566248202,FR_foot,0.776196128,-0.000000000,-0.630491531,0.178655475,-0.039275633,0.998057863,-0.048352107,-0.122036176,0.629267031,0.062293672,0.774688649,-0.322834166,0.000000000,0.000000000,0.000000000,1.000000000
1790743600545557793,1790743600,545557793,1790743600566248202,RL_hip,1.000000000,-0.000000000,0.000000000,-0.193400000,0.000000000,0.993278279,0.115750857,0.046500000,-0.000000000,-0.115750857,0.993278279,0.000000000,0.000000000,0.000000000,0.000000000,1.000000000
1790743600545557793,1790743600,545557793,1790743600566248202,RL_thigh,0.683249888,0.000000000,0.730184627,-0.193400000,-0.084519496,0.993278279,0.079086760,0.141358076,-0.725276530,-0.115750857,0.678657273,-0.011054207,0.000000000,0.000000000,0.000000000,1.000000000
1790743600545557793,1790743600,545557793,1790743600566248202,RL_calf,0.785732938,0.000000000,-0.618565882,-0.348929326,0.071599531,0.993278279,0.090949261,0.124512596,0.614408055,-0.115750857,0.780451460,-0.155608206,0.000000000,0.000000000,0.000000000,1.000000000
1790743600545557793,1790743600,545557793,1790743600566248202,RL_calflower,0.815666385,-0.000000000,-0.578522556,-0.241666916,0.066964482,0.993278279,0.094414083,0.112484096,0.574633889,-0.115750857,0.810183703,-0.258826861,0.000000000,0.000000000,0.000000000,1.000000000
1790743600545557793,1790743600,545557793,1790743600566248202,RL_calflower1,0.990641611,-0.000000000,-0.136488820,-0.226682678,0.015798698,0.993278279,0.114667615,0.108037888,0.135571380,-0.115750857,0.983982795,-0.296980548,0.000000000,0.000000000,0.000000000,1.000000000
1790743600545557793,1790743600,545557793,1790743600566248202,RL_foot,0.785732938,0.000000000,-0.618565882,-0.217174793,0.071599531,0.993278279,0.090949261,0.105140403,0.614408055,-0.115750857,0.780451460,-0.321844367,0.000000000,0.000000000,0.000000000,1.000000000
1790743600545557793,1790743600,545557793,1790743600566248202,RR_hip,1.000000000,0.000000000,0.000000000,-0.193400000,0.000000000,0.993098349,-0.117284568,-0.046500000,0.000000000,0.117284568,0.993098349,0.000000000,0.000000000,0.000000000,0.000000000,1.000000000
1790743600545557793,1790743600,545557793,1790743600566248202,RR_thigh,0.725520506,-0.000000000,0.688200548,-0.193400000,0.080715304,0.993098349,-0.085092359,-0.141340892,-0.683450828,0.117284568,0.720513217,-0.011200676,0.000000000,0.000000000,0.000000000,1.000000000
1790743600545557793,1790743600,545557793,1790743600566248202,RR_calf,0.773626486,-0.000000000,-0.633641902,-0.339986717,-0.074316417,0.993098349,-0.090734448,-0.123216220,0.629268727,0.117284568,0.768287186,-0.164669991,0.000000000,0.000000000,0.000000000,1.000000000
1790743600545557793,1790743600,545557793,1790743600566248202,RR_calflower,0.804328550,0.000000000,-0.594184806,-0.230735186,-0.069688708,0.993098349,-0.094335326,-0.111273850,0.590083949,0.117284568,0.798777355,-0.265791120,0.000000000,0.000000000,0.000000000,1.000000000
1790743600545557793,1790743600,545557793,1790743600566248202,RR_calflower1,0.987817510,-0.000000000,-0.155616731,-0.215011079,-0.018251441,0.993098349,-0.115855750,-0.106803550,0.154542718,0.117284568,0.980999938,-0.303643054,0.000000000,0.000000000,0.000000000,1.000000000
1790743600545557793,1790743600,545557793,1790743600566248202,RR_foot,0.773626486,-0.000000000,-0.633641902,-0.205020992,-0.074316417,0.993098349,-0.090734448,-0.103889782,0.629268727,0.117284568,0.768287186,-0.328315162,0.000000000,0.000000000,0.000000000,1.000000000
1790743601059597536,1790743601,59597536,1790743601066341063,FL_hip,1.000000000,-0.000000000,0.000000000,0.193400000,0.000000000,0.983850456,0.178992402,0.046500000,-0.000000000,-0.178992402,0.983850456,0.000000000,0.000000000,0.000000000,0.000000000,1.000000000
1790743601059597536,1790743601,59597536,1790743601066341063,FL_thigh,0.673883013,0.000000000,0.738838064,0.193400000,-0.132246399,0.983850456,0.120619939,0.140457719,-0.726906167,-0.178992402,0.663000109,-0.017093774,0.000000000,0.000000000,0.000000000,1.000000000
1790743601059597536,1790743601,59597536,1790743601066341063,FL_calf,0.710978361,0.000000000,-0.703213886,0.036027492,0.125869942,0.983850456,0.127259724,0.114765672,0.691857303,-0.178992402,0.699496385,-0.158312798,0.000000000,0.000000000,0.000000000,1.000000000
1790743601059597536,1790743601,59597536,1790743601066341063,FL_calflower,0.745235869,0.000000000,-0.666800944,0.154322715,0.119352302,0.983850456,0.133391558,0.098448631,0.656032413,-0.178992402,0.733200650,-0.248001117,0.000000000,0.000000000,0.000000000,1.000000000
1790743601059597536,1790743601,59597536,1790743601066341063,FL_calflower1,0.968935223,-0.000000000,-0.247314646,0.173542394,0.044267442,0.983850456,0.173432042,0.091919446,0.243320628,-0.178992402,0.953287361,-0.283889467,0.000000000,0.000000000,0.000000000,1.000000000
1790743601059597536,1790743601,59597536,1790743601066341063,FL_foot,0.710978361,0.000000000,-0.703213886,0.185812050,0.125869942,0.983850456,0.127259724,0.087659350,0.691857303,-0.178992402,0.699496385,-0.307305528,0.000000000,0.000000000,0.000000000,1.000000000
1790743601059597536,1790743601,59597536,1790743601066341063,FR_hip,1.000000000,-0.000000000,0.000000000,0.193400000,0.000000000,0.987141286,0.159850182,-0.046500000,-0.000000000,-0.159850182,0.987141286,0.000000000,0.000000000,0.000000000,0.000000000,1.000000000
1790743601059597536,1790743601,59597536,1790743601066341063,FR_thigh,0.777161816,-0.000000000,0.629300812,0.193400000,-0.100593850,0.987141286,0.124229458,-0.140771993,-0.621208813,-0.159850182,0.767168515,0.015265692,0.000000000,0.000000000,0.000000000,1.000000000
1790743601059597536,1790743601,59597536,1790743601066341063,FR_calf,0.721185853,0.000000000,-0.692741630,0.059358927,0.110734876,0.987141286,0.115281690,-0.167232867,0.683833863,-0.159850182,0.711912331,-0.148141201,0.000000000,0.000000000,0.000000000,1.000000000
1790743601059597536,1790743601,59597536,1790743601066341063,FR_calflower,0.754907210,0.000000000,-0.655831613,0.176308405,0.104834803,0.987141286,0.120672055,-0.182079860,0.647398462,-0.159850182,0.745200074,-0.239827549,0.000000000,0.000000000,0.000000000,1.000000000
1790743601059597536,1790743601,59597536,1790743601066341063,FR_calflower1,0.972448244,0.000000000,-0.233118882,0.194992598,0.037264096,0.987141286,0.155446029,-0.187955090,0.230121273,-0.159850182,0.959943810,-0.276109536,0.000000000,0.000000000,0.000000000,1.000000000
1790743601059597536,1790743601,59597536,1790743601066341063,FR_foot,0.721185853,0.000000000,-0.692741630,0.206912894,0.110734876,0.987141286,0.115281690,-0.191787867,0.683833863,-0.159850182,0.711912331,-0.299778528,0.000000000,0.000000000,0.000000000,1.000000000
1790743601059597536,1790743601,59597536,1790743601066341063,RL_hip,1.000000000,-0.000000000,0.000000000,-0.193400000,0.000000000,0.895759252,0.444539494,0.046500000,-0.000000000,-0.444539494,0.895759252,0.000000000,0.000000000,0.000000000,0.000000000,1.000000000
1790743601059597536,1790743601,59597536,1790743601066341063,RL_thigh,0.687373151,0.000000000,0.726304448,-0.193400000,-0.322871012,0.895759252,0.305564513,0.132045009,-0.650593930,-0.444539494,0.615720859,-0.042453522,0.000000000,0.000000000,0.000000000,1.000000000
1790743601059597536,1790743601,59597536,1790743601066341063,RL_calf,0.764016195,0.000000000,-0.645197066,-0.348102848,0.286815578,0.895759252,0.339635373,0.066959767,0.577941242,-0.444539494,0.684374575,-0.173602065,0.000000000,0.000000000,0.000000000,1.000000000
1790743601059597536,1790743601,59597536,1790743601066341063,RL_calflower,0.795307787,0.000000000,-0.606205843,-0.237333358,0.269482439,0.895759252,0.353545721,0.022430044,0.543014493,-0.444539494,0.712404308,-0.263330677,0.000000000,0.000000000,0.000000000,1.000000000
1790743601059597536,1790743601,59597536,1790743601066341063,RL_calflower1,0.985367203,0.000000000,-0.170444931,-0.221038202,0.075769504,0.895759252,0.438034638,0.005593390,0.152677624,-0.444539494,0.882651789,-0.297256994,0.000000000,0.000000000,0.000000000,1.000000000
1790743601059597536,1790743601,59597536,1790743601066341063,RL_foot,0.764016195,0.000000000,-0.645197066,-0.210675872,0.286815578,0.895759252,0.339635373,-0.005382567,0.577941242,-0.444539494,0.684374575,-0.319373849,0.000000000,0.000000000,0.000000000,1.000000000
1790743601059597536,1790743601,59597536,1790743601066341063,RR_hip,1.000000000,0.000000000,0.000000000,-0.193400000,0.000000000,0.999765297,-0.021664502,-0.046500000,0.000000000,0.021664502,0.999765297,0.000000000,0.000000000,0.000000000,0.000000000,1.000000000
1790743601059597536,1790743601,59597536,1790743601066341063,RR_thigh,0.658647649,-0.000000000,0.752451509,-0.193400000,0.016301487,0.999765297,-0.014269273,-0.141977586,-0.752274907,0.021664502,0.658493063,-0.002068960,0.000000000,0.000000000,0.000000000,1.000000000
1790743601059597536,1790743601,59597536,1790743601066341063,RR_calf,0.763354106,0.000000000,-0.645980269,-0.353672171,-0.013994841,0.999765297,-0.016537687,-0.138938231,0.645828656,0.021664502,0.763174945,-0.142327982,0.000000000,0.000000000,0.000000000,1.000000000
1790743601059597536,1790743601,59597536,1790743601066341063,RR_calflower,0.794685670,-0.000000000,-0.607021158,-0.242800009,-0.013150811,0.999765297,-0.017216469,-0.136770550,0.606878689,0.021664502,0.794499155,-0.242361301,0.000000000,0.000000000,0.000000000,1.000000000
1790743601059597536,1790743601,59597536,1790743601066341063,RR_calflower1,0.985191884,0.000000000,-0.171455392,-0.226466020,-0.003714496,0.999765297,-0.021343692,-0.135950383,0.171415151,0.021664502,0.984960657,-0.280210054,0.000000000,0.000000000,0.000000000,1.000000000
1790743601059597536,1790743601,59597536,1790743601066341063,RR_foot,0.763354106,0.000000000,-0.645980269,-0.216078374,-0.013994841,0.999765297,-0.016537687,-0.135415703,0.645828656,0.021664502,0.763174945,-0.304884246,0.000000000,0.000000000,0.000000000,1.000000000
1790743601126214960,1790743601,126214960,1790743601133247004,FL_hip,1.000000000,-0.000000000,0.000000000,0.193400000,0.000000000,0.970240455,0.242143468,0.046500000,-0.000000000,-0.242143468,0.970240455,0.000000000,0.000000000,0.000000000,0.000000000,1.000000000
1790743601126214960,1790743601,126214960,1790743601133247004,FL_thigh,0.705917437,0.000000000,0.708294128,0.193400000,-0.171508797,0.970240455,0.170933296,0.139157963,-0.687215617,-0.242143468,0.684909656,-0.023124701,0.000000000,0.000000000,0.000000000,1.000000000
1790743601126214960,1790743601,126214960,1790743601133247004,FL_calf,0.763256453,0.000000000,-0.646095649,0.042533351,0.156447841,0.970240455,0.184817565,0.102749171,0.626868136,-0.242143468,0.740542288,-0.169010458,0.000000000,0.000000000,0.000000000,1.000000000
1790743601126214960,1790743601,126214960,1790743601133247004,FL_calflower,0.794593905,-0.000000000,-0.607141274,0.153420636,0.147015294,0.970240455,0.192405724,0.078525129,0.589073026,-0.242143468,0.770947152,-0.266073354,0.000000000,0.000000000,0.000000000,1.000000000
1790743601126214960,1790743601,126214960,1790743601133247004,FL_calflower1,0.985165956,0.000000000,-0.171604309,0.169760348,0.041552863,0.970240455,0.238551501,0.069358747,0.166497443,-0.242143468,0.955847866,-0.302801970,0.000000000,0.000000000,0.000000000,1.000000000
1790743601126214960,1790743601,126214960,1790743601133247004,FL_foot,0.763256453,0.000000000,-0.646095649,0.180151724,0.156447841,0.970240455,0.184817565,0.063383030,0.626868136,-0.242143468,0.740542288,-0.326745965,0.000000000,0.000000000,0.000000000,1.000000000
1790743601126214960,1790743601,126214960,1790743601133247004,FR_hip,1.000000000,-0.000000000,0.000000000,0.193400000,0.000000000,0.990265138,0.139193950,-0.046500000,-0.000000000,-0.139193950,0.990265138,0.000000000,0.000000000,0.000000000,0.000000000,1.000000000
1790743601126214960,1790743601,126214960,1790743601133247004,FR_thigh,0.741159434,0.000000000,0.671329050,0.193400000,-0.093444942,0.990265138,0.103164909,-0.141070321,-0.664793754,-0.139193950,0.733944350,0.013293022,0.000000000,0.000000000,0.000000000,1.000000000
1790743601126214960,1790743601,126214960,1790743601133247004,FR_calf,0.635964325,0.000000000,-0.771718457,0.050406912,0.107418541,0.990265138,0.088522387,-0.163044446,0.764205885,-0.139193950,0.629773300,-0.143037124,0.000000000,0.000000000,0.000000000,1.000000000
1790743601126214960,1790743601,126214960,1790743601133247004,FR_calflower,0.673739382,0.000000000,-0.738969042,0.177340531,0.102860020,0.990265138,0.093780446,-0.173997389,0.731775280,-0.139193950,0.667180623,-0.220959455,0.000000000,0.000000000,0.000000000,1.000000000
1790743601126214960,1790743601,126214960,1790743601133247004,FR_calflower1,0.938843926,-0.000000000,-0.344342971,0.200161898,0.047930458,0.990265138,0.130681395,-0.178777207,0.340990840,-0.139193950,0.929704411,-0.254964433,0.000000000,0.000000000,0.000000000,1.000000000
1790743601126214960,1790743601,126214960,1790743601133247004,FR_foot,0.635964325,0.000000000,-0.771718457,0.214782944,0.107418541,0.990265138,0.088522387,-0.181899715,0.764205885,-0.139193950,0.629773300,-0.277178837,0.000000000,0.000000000,0.000000000,1.000000000
1790743601126214960,1790743601,126214960,1790743601133247004,RL_hip,1.000000000,-0.000000000,0.000000000,-0.193400000,0.000000000,0.883044798,0.469288701,0.046500000,-0.000000000,-0.469288701,0.883044798,0.000000000,0.000000000,0.000000000,0.000000000,1.000000000
1790743601126214960,1790743601,126214960,1790743601133247004,RL_thigh,0.639462435,0.000000000,0.768822343,-0.193400000,-0.360799638,0.883044798,0.300092495,0.130830778,-0.678904570,-0.469288701,0.564673976,-0.044817071,0.000000000,0.000000000,0.000000000,1.000000000
1790743601126214960,1790743601,126214960,1790743601133247004,RL_calf,0.702563319,-0.000000000,-0.711621236,-0.357159159,0.333955805,0.883044798,0.329705027,0.066911077,0.628393430,-0.469288701,0.620394884,-0.165092628,0.000000000,0.000000000,0.000000000,1.000000000
1790743601126214960,1790743601,126214960,1790743601133247004,RL_calflower,0.737251536,0.000000000,-0.675618363,-0.237787950,0.317060064,0.883044798,0.345983815,0.024793849,0.596601281,-0.469288701,0.651026134,-0.244343202,0.000000000,0.000000000,0.000000000,1.000000000
1790743601126214960,1790743601,126214960,1790743601133247004,RL_calflower1,0.965924860,0.000000000,-0.258822652,-0.218135731,0.121462546,0.883044798,0.453297623,0.007783896,0.228551996,-0.469288701,0.852954923,-0.276350260,0.000000000,0.000000000,0.000000000,1.000000000
1790743601126214960,1790743601,126214960,1790743601133247004,RL_foot,0.702563319,-0.000000000,-0.711621236,-0.205583836,0.333955805,0.883044798,0.329705027,-0.003316094,0.628393430,-0.469288701,0.620394884,-0.297236738,0.000000000,0.000000000,0.000000000,1.000000000
1790743601126214960,1790743601,126214960,1790743601133247004,RR_hip,1.000000000,-0.000000000,0.000000000,-0.193400000,0.000000000,0.997320351,0.073158167,-0.046500000,-0.000000000,-0.073158167,0.997320351,0.000000000,0.000000000,0.000000000,0.000000000,1.000000000
1790743601126214960,1790743601,126214960,1790743601133247004,RR_thigh,0.717744359,0.000000000,0.696306711,-0.193400000,-0.050940523,0.997320351,0.052508862,-0.141744094,-0.694440853,-0.073158167,0.715821056,0.006986605,0.000000000,0.000000000,0.000000000,1.000000000
1790743601126214960,1790743601,126214960,1790743601133247004,RR_calf,0.771651710,0.000000000,-0.636045312,-0.341713329,0.046531909,0.997320351,0.056452625,-0.152928481,0.634340933,-0.073158167,0.769583954,-0.145483280,0.000000000,0.000000000,0.000000000,1.000000000
1790743601126214960,1790743601,126214960,1790743601133247004,RR_calflower,0.802476363,-0.000000000,-0.596683909,-0.232145589,0.043652301,0.997320351,0.058707700,-0.160352831,0.595085006,-0.073158167,0.800326008,-0.246694887,0.000000000,0.000000000,0.000000000,1.000000000
1790743601126214960,1790743601,126214960,1790743601133247004,RR_calflower1,0.987328663,0.000000000,-0.158688725,-0.216302996,0.011609376,0.997320351,0.072231155,-0.163137662,0.158263495,-0.073158167,0.984682969,-0.284658777,0.000000000,0.000000000,0.000000000,1.000000000
1790743601126214960,1790743601,126214960,1790743601133247004,RR_foot,0.771651710,0.000000000,-0.636045312,-0.206235678,0.046531909,0.997320351,0.056452625,-0.164952890,0.634340933,-0.073158167,0.769583954,-0.309404662,0.000000000,0.000000000,0.000000000,1.000000000
1790743601194574917,1790743601,194574917,1790743601199707956,FL_hip,1.000000000,-0.000000000,0.000000000,0.193400000,0.000000000,0.958583493,0.284811670,0.046500000,-0.000000000,-0.284811670,0.958583493,0.000000000,0.000000000,0.000000000,0.000000000,1.000000000
1790743601194574917,1790743601,194574917,1790743601199707956,FL_thigh,0.688950871,0.000000000,0.724808042,0.193400000,-0.206433789,0.958583493,0.196221248,0.138044724,-0.694789024,-0.284811670,0.660416932,-0.027199514,0.000000000,0.000000000,0.000000000,1.000000000
1790743601194574917,1790743601,194574917,1790743601199707956,FL_calf,0.767676492,0.000000000,-0.640837579,0.039015887,0.182518021,0.958583493,0.218643224,0.096249598,0.614296325,-0.284811670,0.735882013,-0.167868321,0.000000000,0.000000000,0.000000000,1.000000000
1790743601194574917,1790743601,194574917,1790743601199707956,FL_calflower,0.798745626,0.000000000,-0.601668866,0.149213379,0.171362314,0.958583493,0.227492076,0.067540761,0.576749843,-0.284811670,0.765664373,-0.264492932,0.000000000,0.000000000,0.000000000,1.000000000
1790743601194574917,1790743601,194574917,1790743601199707956,FL_calflower1,0.986321468,-0.000000000,-0.164833132,0.165292677,0.046946400,0.958583493,0.280915864,0.056727455,0.158006320,-0.284811670,0.945471478,-0.300887006,0.000000000,0.000000000,0.000000000,1.000000000
1790743601194574917,1790743601,194574917,1790743601199707956,FL_foot,0.767676492,0.000000000,-0.640837579,0.175514291,0.182518021,0.958583493,0.218643224,0.049678591,0.614296325,-0.284811670,0.735882013,-0.324611190,0.000000000,0.000000000,0.000000000,1.000000000
1790743601194574917,1790743601,194574917,1790743601199707956,FR_hip,1.000000000,0.000000000,0.000000000,0.193400000,0.000000000,0.999984523,-0.005563618,-0.046500000,0.000000000,0.005563618,0.999984523,0.000000000,0.000000000,0.000000000,0.000000000,1.000000000
1790743601194574917,1790743601,194574917,1790743601199707956,FR_thigh,0.543872458,0.000000000,0.839167891,0.193400000,0.004668809,0.999984523,-0.003025899,-0.141998522,-0.839154903,0.005563618,0.543864041,-0.000531326,0.000000000,0.000000000,0.000000000,1.000000000
1790743601194574917,1790743601,194574917,1790743601199707956,FR_calf,0.518513479,0.000000000,-0.855069454,0.014657239,-0.004757280,0.999984523,-0.002884811,-0.141354006,0.855056220,0.005563618,0.518505454,-0.116374366,0.000000000,0.000000000,0.000000000,1.000000000
1790743601194574917,1790743601,194574917,1790743601199707956,FR_calflower,0.560601133,-0.000000000,-0.828085967,0.151577788,-0.004607154,0.999984523,-0.003118970,-0.141022199,0.828073151,0.005563618,0.560592457,-0.176012049,0.000000000,0.000000000,0.000000000,1.000000000
1790743601194574917,1790743601,194574917,1790743601199707956,FR_calflower1,0.879643214,-0.000000000,-0.475634119,0.179095215,-0.002646246,0.999984523,-0.004893999,-0.140851369,0.475626758,0.005563618,0.879629600,-0.206716479,0.000000000,0.000000000,0.000000000,1.000000000
1790743601194574917,1790743601,194574917,1790743601199707956,FR_foot,0.518513479,0.000000000,-0.855069454,0.196787033,-0.004757280,0.999984523,-0.002884811,-0.140739541,0.855056220,0.005563618,0.518505454,-0.226816028,0.000000000,0.000000000,0.000000000,1.000000000
1790743601194574917,1790743601,194574917,1790743601199707956,RL_hip,1.000000000,-0.000000000,0.000000000,-0.193400000,0.000000000,0.959040758,0.283268114,0.046500000,-0.000000000,-0.283268114,0.959040758,0.000000000,0.000000000,0.000000000,0.000000000,1.000000000
1790743601194574917,1790743601,194574917,1790743601199707956,RL_thigh,0.492464560,0.000000000,0.870332498,-0.193400000,-0.246537445,0.959040758,0.139499507,0.138088392,-0.834684338,-0.283268114,0.472293585,-0.027052105,0.000000000,0.000000000,0.000000000,1.000000000
1790743601194574917,1790743601,194574917,1790743601199707956,RL_calf,0.567162966,-0.000000000,-0.823605591,-0.378780822,0.233301203,0.959040758,0.160659184,0.108374997,0.789871330,-0.283268114,0.543932401,-0.127650639,0.000000000,0.000000000,0.000000000,1.000000000
1790743601194574917,1790743601,194574917,1790743601199707956,RL_calflower,0.607617284,0.000000000,-0.794229965,-0.245543935,0.224980024,0.959040758,0.172118602,0.089263462,0.761698907,-0.283268114,0.582729740,-0.192355207,0.000000000,0.000000000,0.000000000,1.000000000
1790743601194574917,1790743601,194574917,1790743601199707956,RL_calflower1,0.905712304,-0.000000000,-0.423892938,-0.219850910,0.120075353,0.959040758,0.256559416,0.080128918,0.406530604,-0.283268114,0.868615014,-0.223281386,0.000000000,0.000000000,0.000000000,1.000000000
1790743601194574917,1790743601,194574917,1790743601199707956,RL_foot,0.567162966,-0.000000000,-0.823605591,-0.203352831,0.233301203,0.959040758,0.160659184,0.074154591,0.789871330,-0.283268114,0.543932401,-0.243508240,0.000000000,0.000000000,0.000000000,1.000000000
1790743601194574917,1790743601,194574917,1790743601199707956,RR_hip,1.000000000,-0.000000000,0.000000000,-0.193400000,0.000000000,0.987596190,0.157015173,-0.046500000,-0.000000000,-0.157015173,0.987596190,0.000000000,0.000000000,0.000000000,0.000000000,1.000000000
1790743601194574917,1790743601,194574917,1790743601199707956,RR_thigh,0.726145351,0.000000000,0.687541220,-0.193400000,-0.107954404,0.987596190,0.114015838,-0.140815436,-0.679013090,-0.157015173,0.717138382,0.014994949,0.000000000,0.000000000,0.000000000,1.000000000
1790743601194574917,1790743601,194574917,1790743601199707956,RR_calf,0.776754979,-0.000000000,-0.629802908,-0.339846280,0.098888613,0.987596190,0.121962318,-0.165100810,0.621990953,-0.157015173,0.767120258,-0.137755526,0.000000000,0.000000000,0.000000000,1.000000000
1790743601194574917,1790743601,194574917,1790743601199707956,RR_calflower,0.807261263,0.000000000,-0.590194250,-0.231100350,0.092669453,0.987596190,0.126752267,-0.181173460,0.582873593,-0.157015173,0.797248148,-0.238849505,0.000000000,0.000000000,0.000000000,1.000000000
1790743601194574917,1790743601,194574917,1790743601199707956,RR_calflower1,0.988576056,0.000000000,-0.150722863,-0.215565193,0.023665776,0.987596190,0.155221441,-0.187170246,0.148853325,-0.157015173,0.976313947,-0.276568167,0.000000000,0.000000000,0.000000000,1.000000000
1790743601194574917,1790743601,194574917,1790743601199707956,RR_foot,0.776754979,-0.000000000,-0.629802908,-0.205698260,0.098888613,0.987596190,0.121962318,-0.191078783,0.621990953,-0.157015173,0.767120258,-0.301152141,0.000000000,0.000000000,0.000000000,1.000000000
1790743601258508203,1790743601,258508203,1790743601266332333,FL_hip,1.000000000,-0.000000000,0.000000000,0.193400000,0.000000000,0.940097065,0.340906891,0.046500000,-0.000000000,-0.340906891,0.940097065,0.000000000,0.000000000,0.000000000,0.000000000,1.000000000
1790743601258508203,1790743601,258508203,1790743601266332333,FL_thigh,0.668473922,0.000000000,0.743735582,0.193400000,-0.253544584,0.940097065,0.227887366,0.136279270,-0.699183638,-0.340906891,0.628430372,-0.032556608,0.000000000,0.000000000,0.000000000,1.000000000
1790743601258508203,1790743601,258508203,1790743601266332333,FL_calf,0.759724798,0.000000000,-0.650244747,0.034984321,0.221672915,0.940097065,0.258995419,0.087739261,0.611293178,-0.340906891,0.714215053,-0.166412277,0.000000000,0.000000000,0.000000000,1.000000000
1790743601258508203,1790743601,258508203,1790743601266332333,FL_calflower,0.791274032,0.000000000,-0.611461696,0.146415040,0.208451505,0.940097065,0.269750770,0.053841397,0.574833346,-0.340906891,0.743874396,-0.259890242,0.000000000,0.000000000,0.000000000,1.000000000
1790743601258508203,1790743601,258508203,1790743601266332333,FL_calflower1,0.984216327,0.000000000,-0.176969549,0.162960767,0.060330139,0.940097065,0.335526128,0.040966851,0.166368554,-0.340906891,0.925258881,-0.295393551,0.000000000,0.000000000,0.000000000,1.000000000
1790743601258508203,1790743601,258508203,1790743601266332333,FL_foot,0.759724798,0.000000000,-0.650244747,0.173486452,0.221672915,0.940097065,0.258995419,0.032573237,0.611293178,-0.340906891,0.714215053,-0.318540084,0.000000000,0.000000000,0.000000000,1.000000000
1790743601258508203,1790743601,258508203,1790743601266332333,FR_hip,1.000000000,0.000000000,0.000000000,0.193400000,0.000000000,0.975853556,-0.218425818,-0.046500000,0.000000000,0.218425818,0.975853556,0.000000000,0.000000000,0.000000000,0.000000000,1.000000000
1790743601258508203,1790743601,258508203,1790743601266332333,FR_thigh,0.420541799,-0.000000000,0.907273165,0.193400000,0.198171883,0.975853556,-0.091857186,-0.139694015,-0.885365744,0.218425818,0.410387209,-0.020859666,0.000000000,0.000000000,0.000000000,1.000000000
1790743601258508203,1790743601,258508203,1790743601266332333,FR_calf,0.593046174,-0.000000000,-0.805168452,0.000150816,-0.175869578,0.975853556,-0.129536596,-0.120128434,0.785726496,0.218425818,0.578726217,-0.108272141,0.000000000,0.000000000,0.000000000,1.000000000
1790743601258508203,1790743601,258508203,1790743601266332333,FR_calflower,0.632546671,0.000000000,-0.774522246,0.131176670,-0.169175655,0.975853556,-0.138164524,-0.104474409,0.755820287,0.218425818,0.617272918,-0.178209092,0.000000000,0.000000000,0.000000000,1.000000000
1790743601258508203,1790743601,258508203,1790743601266332333,FR_calflower1,0.918723930,-0.000000000,-0.394900419,0.155832093,-0.086256447,0.975853556,-0.200673026,-0.097256072,0.385364978,0.218425818,0.896540013,-0.210458211,0.000000000,0.000000000,0.000000000,1.000000000
1790743601258508203,1790743601,258508203,1790743601266332333,FR_foot,0.593046174,-0.000000000,-0.805168452,0.171651696,-0.175869578,0.975853556,-0.129536596,-0.092537139,0.785726496,0.218425818,0.578726217,-0.231540826,0.000000000,0.000000000,0.000000000,1.000000000
1790743601258508203,1790743601,258508203,1790743601266332333,RL_hip,1.000000000,0.000000000,0.000000000,-0.193400000,0.000000000,0.994604651,-0.103738078,0.046500000,0.000000000,0.103738078,0.994604651,0.000000000,0.000000000,0.000000000,0.000000000,1.000000000
1790743601258508203,1790743601,258508203,1790743601266332333,RL_thigh,0.560085147,0.000000000,0.828435048,-0.193400000,0.085940260,0.994604651,-0.058102157,0.141484744,-0.823965351,0.103738078,0.557063292,0.009906986,0.000000000,0.000000000,0.000000000,1.000000000
1790743601258508203,1790743601,258508203,1790743601266332333,RL_calf,0.630367176,0.000000000,-0.776297123,-0.369856665,-0.080531572,0.994604651,-0.065393079,0.153860504,0.772108729,0.103738078,0.626966125,-0.108747495,0.000000000,0.000000000,0.000000000,1.000000000
1790743601258508203,1790743601,258508203,1790743601266332333,RL_calflower,0.668378066,-0.000000000,-0.743821726,-0.242357347,-0.077162636,0.994604651,-0.069336256,0.161928048,0.739808548,0.103738078,0.664771933,-0.186096307,0.000000000,0.000000000,0.000000000,1.000000000
1790743601258508203,1790743601,258508203,1790743601266332333,RL_calflower1,0.936329335,-0.000000000,-0.351123022,-0.219288259,-0.036424827,0.994604651,-0.097133006,0.165473124,0.349228591,0.103738078,0.931277511,-0.220085269,0.000000000,0.000000000,0.000000000,1.000000000
1790743601258508203,1790743601,258508203,1790743601266332333,RL_foot,0.630367176,0.000000000,-0.776297123,-0.204505378,-0.080531572,0.994604651,-0.065393079,0.167789229,0.772108729,0.103738078,0.626966125,-0.242291279,0.000000000,0.000000000,0.000000000,1.000000000
1790743601258508203,1790743601,258508203,1790743601266332333,RR_hip,1.000000000,-0.000000000,0.000000000,-0.193400000,0.000000000,0.966853968,0.255329992,-0.046500000,-0.000000000,-0.255329992,0.966853968,0.000000000,0.000000000,0.000000000,0.000000000,1.000000000
1790743601258508203,1790743601,258508203,1790743601266332333,RR_thigh,0.755382634,0.000000000,0.655283966,-0.193400000,-0.167313650,0.966853968,0.192871842,-0.138834554,-0.633563902,-0.255329992,0.730344697,0.024384014,0.000000000,0.000000000,0.000000000,1.000000000
1790743601258508203,1790743601,258508203,1790743601266332333,RR_calf,0.785071236,0.000000000,-0.619405484,-0.332975485,0.158152797,0.966853968,0.200452232,-0.179916256,0.598874650,-0.255329992,0.759049240,-0.131179406,0.000000000,0.000000000,0.000000000,1.000000000
1790743601258508203,1790743601,258508203,1790743601266332333,RR_calflower,0.815047473,0.000000000,-0.579394181,-0.225602048,0.147936712,0.966853968,0.208106065,-0.206420131,0.560189563,-0.255329992,0.788031883,-0.231541201,0.000000000,0.000000000,0.000000000,1.000000000
1790743601258508203,1790743601,258508203,1790743601266332333,RR_calflower1,0.990495138,-0.000000000,-0.137547746,-0.210576756,0.035120065,0.966853968,0.252903116,-0.216223740,0.132988584,-0.255329992,0.957664154,-0.268664372,0.000000000,0.000000000,0.000000000,1.000000000
1790743601258508203,1790743601,258508203,1790743601266332333,RR_foot,0.785071236,0.000000000,-0.619405484,-0.201042116,0.158152797,0.966853968,0.200452232,-0.222612582,0.598874650,-0.255329992,0.759049240,-0.292856894,0.000000000,0.000000000,0.000000000,1.000000000
1790743601330605841,1790743601,330605841,1790743601333197626,FL_hip,1.000000000,-0.000000000,0.000000000,0.193400000,0.000000000,0.895555001,0.444950828,0.046500000,-0.000000000,-0.444950828,0.895555001,0.000000000,0.000000000,0.000000000,0.000000000,1.000000000
1790743601330605841,1790743601,330605841,1790743601333197626,FL_thigh,0.660304989,-0.000000000,0.750997551,0.193400000,-0.334156982,0.895555001,0.293803252,0.132025503,-0.672559612,-0.444950828,0.591339436,-0.042492804,0.000000000,0.000000000,0.000000000,1.000000000
1790743601330605841,1790743601,330605841,1790743601333197626,FL_calf,0.738719171,-0.000000000,-0.674013343,0.033437522,0.299902795,0.895555001,0.328693707,0.069445410,0.603616021,-0.444950828,0.661563648,-0.168448104,0.000000000,0.000000000,0.000000000,1.000000000
1790743601330605841,1790743601,330605841,1790743601333197626,FL_calflower,0.771482591,0.000000000,-0.636250432,0.147965880,0.283100157,0.895555001,0.343271818,0.026796797,0.569797256,-0.444950828,0.690905093,-0.254287203,0.000000000,0.000000000,0.000000000,1.000000000
1790743601330605841,1790743601,330605841,1790743601333197626,FL_calflower1,0.978108341,0.000000000,-0.208096308,0.165701071,0.092592624,0.895555001,0.435210117,0.010234923,0.186361689,-0.444950828,0.875949817,-0.287621380,0.000000000,0.000000000,0.000000000,1.000000000
1790743601330605841,1790743601,330605841,1790743601333197626,FL_foot,0.738719171,-0.000000000,-0.674013343,0.177002364,0.299902795,0.895555001,0.328693707,-0.000566350,0.603616021,-0.444950828,0.661563648,-0.309361161,0.000000000,0.000000000,0.000000000,1.000000000
1790743601330605841,1790743601,330605841,1790743601333197626,FR_hip,1.000000000,0.000000000,0.000000000,0.193400000,0.000000000,0.973643183,-0.228076636,-0.046500000,0.000000000,0.228076636,0.973643183,0.000000000,0.000000000,0.000000000,0.000000000,1.000000000
1790743601330605841,1790743601,330605841,1790743601333197626,FR_thigh,0.560832807,0.000000000,0.827929081,0.193400000,0.188831279,0.973643183,-0.127912860,-0.139482924,-0.806107506,0.228076636,0.546051039,-0.021781319,0.000000000,0.000000000,0.000000000,1.000000000
1790743601330605841,1790743601,330605841,1790743601333197626,FR_calf,0.760654552,-0.000000000,-0.649156879,0.017051106,-0.148057517,0.973643183,-0.173487531,-0.112237485,0.632047170,0.228076636,0.740606119,-0.138090190,0.000000000,0.000000000,0.000000000,1.000000000
1790743601330605841,1790743601,330605841,1790743601333197626,FR_calflower,0.792148253,-0.000000000,-0.610328719,0.128339415,-0.139201721,0.973643183,-0.180670509,-0.089522481,0.594242397,0.228076636,0.771269747,-0.235058952,0.000000000,0.000000000,0.000000000,1.000000000
1790743601330605841,1790743601,330605841,1790743601333197626,FR_calflower1,0.984468571,-0.000000000,-0.175560908,0.144831081,-0.040041341,0.973643183,-0.224534280,-0.080903643,0.170933681,0.228076636,0.958521113,-0.271852166,0.000000000,0.000000000,0.000000000,1.000000000
1790743601330605841,1790743601,330605841,1790743601333197626,FR_foot,0.760654552,-0.000000000,-0.649156879,0.155321521,-0.148057517,0.973643183,-0.173487531,-0.075284641,0.632047170,0.228076636,0.740606119,-0.295839293,0.000000000,0.000000000,0.000000000,1.000000000
1790743601330605841,1790743601,330605841,1790743601333197626,RL_hip,1.000000000,0.000000000,0.000000000,-0.193400000,0.000000000,0.979632030,-0.200801109,0.046500000,0.000000000,0.200801109,0.979632030,0.000000000,0.000000000,0.000000000,0.000000000,1.000000000
1790743601330605841,1790743601,330605841,1790743601333197626,RL_thigh,0.703666051,-0.000000000,0.710530850,-0.193400000,0.142675382,0.979632030,-0.141296923,0.140054859,-0.696058779,0.200801109,0.689333802,0.019176506,0.000000000,0.000000000,0.000000000,1.000000000
1790743601330605841,1790743601,330605841,1790743601333197626,RL_calf,0.764458498,0.000000000,-0.644672944,-0.344743071,-0.129451042,0.979632030,-0.153504114,0.170151104,0.631542265,0.200801109,0.748888031,-0.127651594,0.000000000,0.000000000,0.000000000,1.000000000
1790743601330605841,1790743601,330605841,1790743601333197626,RL_calflower,0.795723342,-0.000000000,-0.605660270,-0.234042305,-0.121617254,0.979632030,-0.159782129,0.190280692,0.593324200,0.200801109,0.779516073,-0.225856177,0.000000000,0.000000000,0.000000000,1.000000000
1790743601330605841,1790743601,330605841,1790743601333197626,RL_calflower1,0.985483865,0.000000000,-0.169769115,-0.217773128,-0.034089827,0.979632030,-0.197886253,0.197888149,0.166311263,0.200801109,0.965411559,-0.262970062,0.000000000,0.000000000,0.000000000,1.000000000
1790743601330605841,1790743601,330605841,1790743601333197626,RL_foot,0.764458498,0.000000000,-0.644672944,-0.207427734,-0.129451042,0.979632030,-0.153504114,0.202847480,0.631542265,0.200801109,0.748888031,-0.287164745,0.000000000,0.000000000,0.000000000,1.000000000
1790743601330605841,1790743601,330605841,1790743601333197626,RR_hip,1.000000000,-0.000000000,0.000000000,-0.193400000,0.000000000,0.928114997,0.372293637,-0.046500000,-0.000000000,-0.372293637,0.928114997,0.000000000,0.000000000,0.000000000,0.000000000,1.000000000
1790743601330605841,1790743601,330605841,1790743601333197626,RR_thigh,0.840928278,-0.000000000,0.541146590,-0.193400000,-0.201465432,0.928114997,0.313072247,-0.135134982,-0.502246266,-0.372293637,0.780478146,0.035554042,0.000000000,0.000000000,0.000000000,1.000000000
1790743601330605841,1790743601,330605841,1790743601333197626,RR_calf,0.814779715,0.000000000,-0.579770658,-0.308664224,0.215844927,0.928114997,0.303337303,-0.201819371,0.538093842,-0.372293637,0.756209273,-0.130687803,0.000000000,0.000000000,0.000000000,1.000000000
1790743601330605841,1790743601,330605841,1790743601333197626,RR_calflower,0.842737909,0.000000000,-0.538324082,-0.206562572,0.200414630,0.928114997,0.313745961,-0.242396393,0.499626654,-0.372293637,0.782157692,-0.231844898,0.000000000,0.000000000,0.000000000,1.000000000
1790743601330605841,1790743601,330605841,1790743601333197626,RR_calflower1,0.996091097,-0.000000000,-0.088331911,-0.193456988,0.032885408,0.928114997,0.370838377,-0.256950378,0.081982171,-0.372293637,0.924487086,-0.268127473,0.000000000,0.000000000,0.000000000,1.000000000
1790743601330605841,1790743601,330605841,1790743601333197626,RR_foot,0.814779715,0.000000000,-0.579770658,-0.185173074,0.215844927,0.928114997,0.303337303,-0.266430216,0.538093842,-0.372293637,0.756209273,-0.291760378,0.000000000,0.000000000,0.000000000,1.000000000
1790743601394551170,1790743601,394551170,1790743601399801905,FL_hip,1.000000000,-0.000000000,0.000000000,0.193400000,0.000000000,0.872084772,0.489354830,0.046500000,-0.000000000,-0.489354830,0.872084772,0.000000000,0.000000000,0.000000000,0.000000000,1.000000000
1790743601394551170,1790743601,394551170,1790743601399801905,FL_thigh,0.616057499,-0.000000000,0.787701185,0.193400000,-0.385465380,0.872084772,0.301470713,0.129784096,-0.686942209,-0.489354830,0.537254364,-0.046733386,0.000000000,0.000000000,0.000000000,1.000000000
1790743601394551170,1790743601,394551170,1790743601399801905,FL_calf,0.629777456,0.000000000,-0.776775615,0.025619648,0.380118899,0.872084772,0.308184640,0.065570834,0.677414185,-0.489354830,0.549219330,-0.161168566,0.000000000,0.000000000,0.000000000,1.000000000
1790743601394551170,1790743601,394551170,1790743601399801905,FL_calflower,0.667812998,0.000000000,-0.744329093,0.153177988,0.364241037,0.872084772,0.326797516,0.027561885,0.649118068,-0.489354830,0.582389547,-0.228904743,0.000000000,0.000000000,0.000000000,1.000000000
1790743601394551170,1790743601,394551170,1790743601399801905,FL_calflower1,0.936062414,0.000000000,-0.351833991,0.176273021,0.172171663,0.872084772,0.458066663,0.010847574,0.306829066,-0.489354830,0.816325777,-0.258691505,0.000000000,0.000000000,0.000000000,1.000000000
1790743601394551170,1790743601,394551170,1790743601399801905,FL_foot,0.629777456,0.000000000,-0.776775615,0.191072853,0.380118899,0.872084772,0.308184640,-0.000072494,0.677414185,-0.489354830,0.549219330,-0.278152283,0.000000000,0.000000000,0.000000000,1.000000000
1790743601394551170,1790743601,394551170,1790743601399801905,FR_hip,1.000000000,0.000000000,0.000000000,0.193400000,0.000000000,0.993119042,-0.117109213,-0.046500000,0.000000000,0.117109213,0.993119042,0.000000000,0.000000000,0.000000000,0.000000000,1.000000000
1790743601394551170,1790743601,394551170,1790743601399801905,FR_thigh,0.627369092,-0.000000000,0.778722044,0.193400000,0.091195526,0.993119042,-0.073470701,-0.141342869,-0.773363691,0.117109213,0.623052192,-0.011183930,0.000000000,0.000000000,0.000000000,1.000000000
1790743601394551170,1790743601,394551170,1790743601399801905,FR_calf,0.782424931,0.000000000,-0.622744913,0.027532205,-0.072929167,0.993119042,-0.091629168,-0.125693609,0.618459832,0.117109213,0.777041098,-0.143894047,0.000000000,0.000000000,0.000000000,1.000000000
1790743601394551170,1790743601,394551170,1790743601399801905,FR_calflower,0.812571377,-0.000000000,-0.582861696,0.135346950,-0.068258475,0.993119042,-0.095159595,-0.113591076,0.578851049,0.117109213,0.806980108,-0.246526933,0.000000000,0.000000000,0.000000000,1.000000000
1790743601394551170,1790743601,394551170,1790743601399801905,FR_calflower1,0.989900080,-0.000000000,-0.141766824,0.150535704,-0.016602201,0.993119042,-0.115926420,-0.109102107,0.140791333,0.117109213,0.983088619,-0.284594648,0.000000000,0.000000000,0.000000000,1.000000000
1790743601394551170,1790743601,394551170,1790743601399801905,FR_foot,0.782424931,0.000000000,-0.622744913,0.160176871,-0.072929167,0.993119042,-0.091629168,-0.106176596,0.618459832,0.117109213,0.777041098,-0.309403801,0.000000000,0.000000000,0.000000000,1.000000000
1790743601394551170,1790743601,394551170,1790743601399801905,RL_hip,1.000000000,0.000000000,0.000000000,-0.193400000,0.000000000,0.999881522,-0.015392947,0.046500000,0.000000000,0.015392947,0.999881522,0.000000000,0.000000000,0.000000000,0.000000000,1.000000000
1790743601394551170,1790743601,394551170,1790743601399801905,RL_thigh,0.677458372,0.000000000,0.735561115,-0.193400000,0.011322453,0.999881522,-0.010428081,0.141988685,-0.735473967,0.015392947,0.677378108,0.001470026,0.000000000,0.000000000,0.000000000,1.000000000
1790743601394551170,1790743601,394551170,1790743601399801905,RL_calf,0.724931358,-0.000000000,-0.688821113,-0.350074518,-0.010602987,0.999881522,-0.011158830,0.144209867,0.688739502,0.015392947,0.724845470,-0.142811510,0.000000000,0.000000000,0.000000000,1.000000000
1790743601394551170,1790743601,394551170,1790743601399801905,RL_calflower,0.758452090,0.000000000,-0.651728799,-0.233630366,-0.010032027,0.999881522,-0.011674813,0.145649314,0.651651583,0.015392947,0.758362230,-0.236313850,0.000000000,0.000000000,0.000000000,1.000000000
1790743601394551170,1790743601,394551170,1790743601399801905,RL_calflower1,0.973697940,-0.000000000,-0.227842755,-0.215145735,-0.003507171,0.999881522,-0.014988081,0.146216626,0.227815760,0.015392947,0.973582578,-0.273164855,0.000000000,0.000000000,0.000000000,1.000000000
1790743601394551170,1790743601,394551170,1790743601399801905,RL_foot,0.724931358,-0.000000000,-0.688821113,-0.203355621,-0.010602987,0.999881522,-0.011158830,0.146586697,0.688739502,0.015392947,0.724845470,-0.297203596,0.000000000,0.000000000,0.000000000,1.000000000
1790743601394551170,1790743601,394551170,1790743601399801905,RR_hip,1.000000000,-0.000000000,0.000000000,-0.193400000,0.000000000,0.916140278,0.400857820,-0.046500000,-0.000000000,-0.400857820,0.916140278,0.000000000,0.000000000,0.000000000,0.000000000,1.000000000
1790743601394551170,1790743601,394551170,1790743601399801905,RR_thigh,0.836227428,-0.000000000,0.548382793,-0.193400000,-0.219823531,0.916140278,0.335208304,-0.133991397,-0.502395564,-0.400857820,0.766101628,0.038281922,0.000000000,0.000000000,0.000000000,1.000000000
1790743601394551170,1790743601,394551170,1790743601399801905,RR_calf,0.759029169,0.000000000,-0.651056618,-0.310205535,0.260981137,0.916140278,0.304262778,-0.205390765,0.596459191,-0.400857820,0.695377194,-0.124897725,0.000000000,0.000000000,0.000000000,1.000000000
1790743601394551170,1790743601,394551170,1790743601399801905,RR_calflower,0.790619849,0.000000000,-0.612307320,-0.198668572,0.245448177,0.916140278,0.316926149,-0.245202034,0.560959398,-0.400857820,0.724318688,-0.215884366,0.000000000,0.000000000,0.000000000,1.000000000
1790743601394551170,1790743601,394551170,1790743601399801905,RR_calflower1,0.984026561,-0.000000000,-0.178021702,-0.182082478,0.071361391,0.916140278,0.394454742,-0.260333561,0.163092851,-0.400857820,0.901506367,-0.250466707,0.000000000,0.000000000,0.000000000,1.000000000
1790743601394551170,1790743601,394551170,1790743601399801905,RR_foot,0.759029169,0.000000000,-0.651056618,-0.171530475,0.260981137,0.916140278,0.304262778,-0.270198737,0.596459191,-0.400857820,0.695377194,-0.273013067,0.000000000,0.000000000,0.000000000,1.000000000
1790743601457471389,1790743601,457471389,1790743601466366845,FL_hip,1.000000000,-0.000000000,0.000000000,0.193400000,0.000000000,0.941421406,0.337232466,0.046500000,-0.000000000,-0.337232466,0.941421406,0.000000000,0.000000000,0.000000000,0.000000000,1.000000000
1790743601457471389,1790743601,457471389,1790743601466366845,FL_thigh,0.494934766,0.000000000,0.868930134,0.193400000,-0.293031451,0.941421406,0.166908072,0.136405744,-0.818029428,-0.337232466,0.465942184,-0.032205700,0.000000000,0.000000000,0.000000000,1.000000000
1790743601457471389,1790743601,457471389,1790743601466366845,FL_calf,0.486425238,-0.000000000,-0.873722203,0.008317882,0.294647493,0.941421406,0.164038382,0.100854325,0.822540785,-0.337232466,0.457931132,-0.131451386,0.000000000,0.000000000,0.000000000,1.000000000
1790743601457471389,1790743601,457471389,1790743601466366845,FL_calflower,0.529485243,0.000000000,-0.848319148,0.147357272,0.286080758,0.941421406,0.178559614,0.082469594,0.798625805,-0.337232466,0.498468742,-0.182774377,0.000000000,0.000000000,0.000000000,1.000000000
1790743601457471389,1790743601,457471389,1790743601466366845,FL_calflower1,0.861386839,0.000000000,-0.507949518,0.175995186,0.171297068,0.941421406,0.290487608,0.072466402,0.478194550,-0.337232466,0.810928010,-0.210699385,0.000000000,0.000000000,0.000000000,1.000000000
1790743601457471389,1790743601,457471389,1790743601466366845,FL_foot,0.486425238,-0.000000000,-0.873722203,0.194420711,0.294647493,0.941421406,0.164038382,0.065914150,0.822540785,-0.337232466,0.457931132,-0.228990717,0.000000000,0.000000000,0.000000000,1.000000000
1790743601457471389,1790743601,457471389,1790743601466366845,FR_hip,1.000000000,-0.000000000,0.000000000,0.193400000,0.000000000,0.999957012,0.009272204,-0.046500000,-0.000000000,-0.009272204,0.999957012,0.000000000,0.000000000,0.000000000,0.000000000,1.000000000
1790743601457471389,1790743601,457471389,1790743601466366845,FR_thigh,0.659759065,0.000000000,0.751477196,0.193400000,-0.006967850,0.999957012,0.006117421,-0.141995895,-0.751444891,-0.009272204,0.659730704,0.000885495,0.000000000,0.000000000,0.000000000,1.000000000
1790743601457471389,1790743601,457471389,1790743601466366845,FR_calf,0.768891641,0.000000000,-0.639379108,0.033335357,0.005928454,0.999957012,0.007129320,-0.143298905,0.639351623,-0.009272204,0.768858588,-0.139637144,0.000000000,0.000000000,0.000000000,1.000000000
1790743601457471389,1790743601,457471389,1790743601466366845,FR_calflower,0.799886364,0.000000000,-0.600151485,0.143341298,0.005564727,0.999957012,0.007416710,-0.144235476,0.600125686,-0.009272204,0.799851978,-0.240641183,0.000000000,0.000000000,0.000000000,1.000000000
1790743601457471389,1790743601,457471389,1790743601466366845,FR_calflower1,0.986632601,-0.000000000,-0.162960455,0.159348494,0.001511003,0.999957012,0.009148259,-0.144587791,0.162953449,-0.009272204,0.986590188,-0.278636519,0.000000000,0.000000000,0.000000000,1.000000000
1790743601457471389,1790743601,457471389,1790743601466366845,FR_foot,0.768891641,0.000000000,-0.639379108,0.169523107,0.005928454,0.999957012,0.007129320,-0.144817450,0.639351623,-0.009272204,0.768858588,-0.303404024,0.000000000,0.000000000,0.000000000,1.000000000
1790743601457471389,1790743601,457471389,1790743601466366845,RL_hip,1.000000000,-0.000000000,0.000000000,-0.193400000,0.000000000,0.993274774,0.115780932,0.046500000,-0.000000000,-0.115780932,0.993274774,0.000000000,0.000000000,0.000000000,0.000000000,1.000000000
1790743601457471389,1790743601,457471389,1790743601466366845,RL_thigh,0.696270956,0.000000000,0.717779044,-0.193400000,-0.083105127,0.993274774,0.080614900,0.141357741,-0.712951817,-0.115780932,0.691588376,-0.011057079,0.000000000,0.000000000,0.000000000,1.000000000
1790743601457471389,1790743601,457471389,1790743601466366845,RL_calf,0.700607464,-0.000000000,-0.713546902,-0.346286936,0.082615126,0.993274774,0.081116985,0.124186767,0.708748138,-0.115780932,0.695895720,-0.158365403,0.000000000,0.000000000,0.000000000,1.000000000
1790743601457471389,1790743601,457471389,1790743601466366845,RL_calflower,0.735394368,-0.000000000,-0.677639375,-0.226669845,0.078457719,0.993274774,0.085144646,0.113833756,0.673082097,-0.115780932,0.730448675,-0.247183007,0.000000000,0.000000000,0.000000000,1.000000000
1790743601457471389,1790743601,457471389,1790743601466366845,RL_calflower1,0.965210823,-0.000000000,-0.261472880,-0.206918214,0.030273574,0.993274774,0.111753009,0.109643393,0.259714416,-0.115780932,0.958719562,-0.283131775,0.000000000,0.000000000,0.000000000,1.000000000
1790743601457471389,1790743601,457471389,1790743601466366845,RL_foot,0.700607464,-0.000000000,-0.713546902,-0.194301446,0.082615126,0.993274774,0.081116985,0.106908849,0.708748138,-0.115780932,0.695895720,-0.306591192,0.000000000,0.000000000,0.000000000,1.000000000
1790743601457471389,1790743601,457471389,1790743601466366845,RR_hip,1.000000000,-0.000000000,0.000000000,-0.193400000,0.000000000,0.974968362,0.222343638,-0.046500000,-0.000000000,-0.222343638,0.974968362,0.000000000,0.000000000,0.000000000,0.000000000,1.000000000
1790743601457471389,1790743601,457471389,1790743601466366845,RR_thigh,0.658169061,0.000000000,0.752870166,-0.193400000,-0.167395892,0.974968362,0.146339703,-0.139609479,-0.734024593,-0.222343638,0.641694011,0.021233817,0.000000000,0.000000000,0.000000000,1.000000000
1790743601457471389,1790743601,457471389,1790743601466366845,RR_calf,0.534283068,0.000000000,-0.845305627,-0.353761345,0.187948328,0.974968362,0.118794441,-0.170779835,0.824146243,-0.222343638,0.520909087,-0.115447007,0.000000000,0.000000000,0.000000000,1.000000000
1790743601457471389,1790743601,457471389,1790743601466366845,RR_calflower,0.575863026,0.000000000,-0.817546191,-0.217970451,0.181776194,0.974968362,0.128039480,-0.184602446,0.797081671,-0.222343638,0.561448231,-0.176058627,0.000000000,0.000000000,0.000000000,1.000000000
1790743601457471389,1790743601,457471389,1790743601466366845,RR_calflower1,0.888313387,0.000000000,-0.459237768,-0.191027234,0.102108596,0.974968362,0.197510830,-0.191541787,0.447742294,-0.222343638,0.866077447,-0.206487373,0.000000000,0.000000000,0.000000000,1.000000000
1790743601457471389,1790743601,457471389,1790743601466366845,RR_foot,0.534283068,0.000000000,-0.845305627,-0.173711247,0.187948328,0.974968362,0.118794441,-0.196083051,0.824146243,-0.222343638,0.520909087,-0.226400643,0.000000000,0.000000000,0.000000000,1.000000000
1790743601524634406,1790743601,524634406,1790743601533373987,FL_hip,1.000000000,0.000000000,0.000000000,0.193400000,0.000000000,0.980718752,-0.195424484,0.046500000,0.000000000,0.195424484,0.980718752,0.000000000,0.000000000,0.000000000,0.000000000,1.000000000
1790743601524634406,1790743601,524634406,1790743601533373987,FL_thigh,0.619652351,0.000000000,0.784876400,0.193400000,0.153384066,0.980718752,-0.121095241,0.140158641,-0.769743004,0.195424484,0.607704680,0.018663038,0.000000000,0.000000000,0.000000000,1.000000000
1790743601524634406,1790743601,524634406,1790743601533373987,FL_calf,0.548289397,0.000000000,-0.836288668,0.026221327,-0.163431282,0.980718752,-0.107149173,0.165951927,0.820163979,0.195424484,0.537717694,-0.110778059,0.000000000,0.000000000,0.000000000,1.000000000
1790743601524634406,1790743601,524634406,1790743601533373987,FL_calflower,0.589401191,-0.000000000,-0.807840477,0.160957838,-0.157871809,0.980718752,-0.115183424,0.178541379,0.792264304,0.195424484,0.578036801,-0.173956998,0.000000000,0.000000000,0.000000000,1.000000000
1790743601524634406,1790743601,524634406,1790743601533373987,FL_calflower1,0.895839773,0.000000000,-0.444377205,0.187377445,-0.086842186,0.980718752,-0.175069026,0.184727434,0.435809058,0.195424484,0.878566865,-0.205001113,0.000000000,0.000000000,0.000000000,1.000000000
1790743601524634406,1790743601,524634406,1790743601533373987,FL_foot,0.548289397,0.000000000,-0.836288668,0.204350813,-0.163431282,0.980718752,-0.107149173,0.188774701,0.820163979,0.195424484,0.537717694,-0.225311927,0.000000000,0.000000000,0.000000000,1.000000000
1790743601524634406,1790743601,524634406,1790743601533373987,FR_hip,1.000000000,-0.000000000,0.000000000,0.193400000,0.000000000,0.995586297,0.093850545,-0.046500000,-0.000000000,-0.093850545,0.995586297,0.000000000,0.000000000,0.000000000,0.000000000,1.000000000
1790743601524634406,1790743601,524634406,1790743601533373987,FR_thigh,0.694548098,0.000000000,0.719446273,0.193400000,-0.067520425,0.995586297,0.065183718,-0.141578491,-0.716270851,-0.093850545,0.691482569,0.008962727,0.000000000,0.000000000,0.000000000,1.000000000
1790743601524634406,1790743601,524634406,1790743601533373987,FR_calf,0.759253035,-0.000000000,-0.650795536,0.040157944,0.061077516,0.995586297,0.071256311,-0.155462623,0.647923117,-0.093850545,0.755901918,-0.138323060,0.000000000,0.000000000,0.000000000,1.000000000
1790743601524634406,1790743601,524634406,1790743601533373987,FR_calflower,0.790830386,0.000000000,-0.612035375,0.151660744,0.057439854,0.995586297,0.074219863,-0.164787007,0.609334032,-0.093850545,0.787339896,-0.237238082,0.000000000,0.000000000,0.000000000,1.000000000
1790743601524634406,1790743601,524634406,1790743601533373987,FR_calflower1,0.984087728,0.000000000,-0.177683266,0.168233855,0.016675671,0.995586297,0.092357170,-0.168330200,0.176899025,-0.093850545,0.979744258,-0.274825018,0.000000000,0.000000000,0.000000000,1.000000000
1790743601524634406,1790743601,524634406,1790743601533373987,FR_foot,0.759253035,-0.000000000,-0.650795536,0.178777393,0.061077516,0.995586297,0.071256311,-0.170640218,0.647923117,-0.093850545,0.755901918,-0.299330169,0.000000000,0.000000000,0.000000000,1.000000000
1790743601524634406,1790743601,524634406,1790743601533373987,RL_hip,1.000000000,-0.000000000,0.000000000,-0.193400000,0.000000000,0.979006169,0.203830616,0.046500000,-0.000000000,-0.203830616,0.979006169,0.000000000,0.000000000,0.000000000,0.000000000,1.000000000
1790743601524634406,1790743601,524634406,1790743601533373987,RL_thigh,0.703106462,0.000000000,0.711084596,-0.193400000,-0.144940811,0.979006169,0.143314623,0.139995089,-0.696156207,-0.203830616,0.688345564,-0.019465824,0.000000000,0.000000000,0.000000000,1.000000000
1790743601524634406,1790743601,524634406,1790743601533373987,RL_calf,0.696882030,0.000000000,-0.717185776,-0.344861019,0.146184419,0.979006169,0.142045893,0.109469074,0.702129299,-0.203830616,0.682251806,-0.166083429,0.000000000,0.000000000,0.000000000,1.000000000
1790743601524634406,1790743601,524634406,1790743601533373987,RL_calflower,0.731855458,0.000000000,-0.681459895,-0.224779884,0.138902390,0.979006169,0.149174549,0.091369971,0.667153442,-0.203830616,0.716491008,-0.253014110,0.000000000,0.000000000,0.000000000,1.000000000
1790743601524634406,1790743601,524634406,1790743601533373987,RL_calflower1,0.963836064,-0.000000000,-0.266495857,-0.204840042,0.054320015,0.979006169,0.196459299,0.084013965,0.260901088,-0.203830616,0.943601453,-0.288345285,0.000000000,0.000000000,0.000000000,1.000000000
1790743601524634406,1790743601,524634406,1790743601533373987,RL_foot,0.696882030,0.000000000,-0.717185776,-0.192100449,0.146184419,0.979006169,0.142045893,0.079213299,0.702129299,-0.203830616,0.682251806,-0.311403064,0.000000000,0.000000000,0.000000000,1.000000000
1790743601524634406,1790743601,524634406,1790743601533373987,RR_hip,1.000000000,0.000000000,0.000000000,-0.193400000,0.000000000,0.929716263,-0.368276622,-0.046500000,0.000000000,0.368276622,0.929716263,0.000000000,0.000000000,0.000000000,0.000000000,1.000000000
1790743601524634406,1790743601,524634406,1790743601533373987,RR_thigh,0.523057844,0.000000000,0.852297185,-0.193400000,0.313881128,0.929716263,-0.192629976,-0.135287903,-0.792394554,0.368276622,0.486295384,-0.035170417,0.000000000,0.000000000,0.000000000,1.000000000
1790743601524634406,1790743601,524634406,1790743601533373987,RR_calf,0.463454910,0.000000000,-0.886120503,-0.374939300,-0.326337465,0.929716263,-0.170679609,-0.094257718,0.823840643,0.368276622,0.430881567,-0.138751334,0.000000000,0.000000000,0.000000000,1.000000000
1790743601524634406,1790743601,524634406,1790743601533373987,RR_calflower,0.507163279,0.000000000,-0.861849992,-0.234524368,-0.317399203,0.929716263,-0.186776379,-0.075523886,0.801275954,0.368276622,0.471517948,-0.186044993,0.000000000,0.000000000,0.000000000,1.000000000
1790743601524634406,1790743601,524634406,1790743601533373987,RR_calflower1,0.847835632,-0.000000000,-0.530259126,-0.205122001,-0.195282040,0.929716263,-0.312238042,-0.064878838,0.492990533,0.368276622,0.788246576,-0.212918471,0.000000000,0.000000000,0.000000000,1.000000000
1790743601524634406,1790743601,524634406,1790743601533373987,RR_foot,0.463454910,0.000000000,-0.886120503,-0.186195633,-0.326337465,0.929716263,-0.170679609,-0.057902962,0.823840643,0.368276622,0.430881567,-0.230529108,0.000000000,0.000000000,0.000000000,1.000000000
1790743602092325894,1790743602,92325894,1790743602099752511,FL_hip,1.000000000,-0.000000000,0.000000000,0.193400000,0.000000000,0.998480838,0.055100048,0.046500000,-0.000000000,-0.055100048,0.998480838,0.000000000,0.000000000,0.000000000,0.000000000,1.000000000
1790743602092325894,1790743602,92325894,1790743602099752511,FL_thigh,0.740121940,-0.000000000,0.672472686,0.193400000,-0.037053277,0.998480838,0.040780755,0.141854920,-0.671451092,-0.055100048,0.738997575,-0.005262055,0.000000000,0.000000000,0.000000000,1.000000000
1790743602092325894,1790743602,92325894,1790743602099752511,FL_calf,0.666028845,0.000000000,-0.745925987,0.050163318,0.041100558,0.998480838,0.036698221,0.133168619,0.744792805,-0.055100048,0.665017039,-0.162668538,0.000000000,0.000000000,0.000000000,1.000000000
1790743602092325894,1790743602,92325894,1790743602099752511,FL_calflower,0.702477243,-0.000000000,-0.711706205,0.173880941,0.039215046,0.998480838,0.038706530,0.128559294,0.710625009,-0.055100048,0.701410067,-0.246195204,0.000000000,0.000000000,0.000000000,1.000000000
1790743602092325894,1790743602,92325894,1790743602099752511,FL_calflower1,0.951744853,0.000000000,-0.306890428,0.195324417,0.016909677,0.998480838,0.052441187,0.126618882,0.306424212,-0.055100048,0.950298999,-0.281357857,0.000000000,0.000000000,0.000000000,1.000000000
1790743602092325894,1790743602,92325894,1790743602099752511,FL_foot,0.666028845,0.000000000,-0.745925987,0.209045553,0.041100558,0.998480838,0.036698221,0.125351898,0.744792805,-0.055100048,0.665017039,-0.304317167,0.000000000,0.000000000,0.000000000,1.000000000
1790743602092325894,1790743602,92325894,1790743602099752511,FR_hip,1.000000000,0.000000000,0.000000000,0.193400000,0.000000000,0.990317709,-0.138819431,-0.046500000,0.000000000,0.138819431,0.990317709,0.000000000,0.000000000,0.000000000,0.000000000,1.000000000
1790743602092325894,1790743602,92325894,1790743602099752511,FR_thigh,0.743816311,-0.000000000,0.668384093,0.193400000,0.092784699,0.990317709,-0.103256157,-0.141075341,-0.661912604,0.138819431,0.736614465,-0.013257256,0.000000000,0.000000000,0.000000000,1.000000000
1790743602092325894,1790743602,92325894,1790743602099752511,FR_calf,0.677997720,-0.000000000,-0.735064005,0.051034188,-0.102041167,0.990317709,-0.094119257,-0.119081780,0.727946902,0.138819431,0.671433149,-0.170156137,0.000000000,0.000000000,0.000000000,1.000000000
1790743602092325894,1790743602,92325894,1790743602099752511,FR_calflower,0.713888287,-0.000000000,-0.700259604,0.173383615,-0.097209639,0.990317709,-0.099101566,-0.107192953,0.693479487,0.138819431,0.706976214,-0.254969305,0.000000000,0.000000000,0.000000000,1.000000000
1790743602092325894,1790743602,92325894,1790743602099752511,FR_calflower1,0.956580589,0.000000000,-0.291467969,0.194255117,-0.040461417,0.990317709,-0.132791973,-0.102256794,0.288645891,0.138819431,0.947318698,-0.290183148,0.000000000,0.000000000,0.000000000,1.000000000
1790743602092325894,1790743602,92325894,1790743602099752511,FR_foot,0.677997720,-0.000000000,-0.735064005,0.207602821,-0.102041167,0.990317709,-0.094119257,-0.099034378,0.727946902,0.138819431,0.671433149,-0.313171397,0.000000000,0.000000000,0.000000000,1.000000000
1790743602092325894,1790743602,92325894,1790743602099752511,RL_hip,1.000000000,-0.000000000,0.000000000,-0.193400000,0.000000000,0.948406474,0.317057030,0.046500000,-0.000000000,-0.317057030,0.948406474,0.000000000,0.000000000,0.000000000,0.000000000,1.000000000
1790743602092325894,1790743602,92325894,1790743602099752511,RL_thigh,0.693614823,-0.000000000,0.720346081,-0.193400000,-0.228390789,0.948406474,0.219915456,0.137072818,-0.683180887,-0.317057030,0.657828789,-0.030278946,0.000000000,0.000000000,0.000000000,1.000000000
1790743602092325894,1790743602,92325894,1790743602099752511,RL_calf,0.775538165,0.000000000,-0.631300685,-0.346833715,0.200158320,0.948406474,0.245889827,0.090230826,0.598729657,-0.317057030,0.735525416,-0.170396478,0.000000000,0.000000000,0.000000000,1.000000000
1790743602092325894,1790743602,92325894,1790743602099752511,RL_calflower,0.806120828,0.000000000,-0.591750971,-0.237890451,0.187618805,0.948406474,0.255586275,0.057842298,0.561220451,-0.317057030,0.764530212,-0.267279647,0.000000000,0.000000000,0.000000000,1.000000000
1790743602092325894,1790743602,92325894,1790743602099752511,RL_calflower1,0.988283357,0.000000000,-0.152630295,-0.222281620,0.048392508,0.948406474,0.313342186,0.045742659,0.144755560,-0.317057030,0.937294334,-0.303473060,0.000000000,0.000000000,0.000000000,1.000000000
1790743602092325894,1790743602,92325894,1790743602099752511,RL_foot,0.775538165,0.000000000,-0.631300685,-0.212366669,0.200158320,0.948406474,0.245889827,0.037856293,0.598729657,-0.317057030,0.735525416,-0.327063392,0.000000000,0.000000000,0.000000000,1.000000000
1790743602092325894,1790743602,92325894,1790743602099752511,RR_hip,1.000000000,0.000000000,0.000000000,-0.193400000,0.000000000,0.997827276,-0.065884188,-0.046500000,0.000000000,0.065884188,0.997827276,0.000000000,0.000000000,0.000000000,0.000000000,1.000000000
1790743602092325894,1790743602,92325894,1790743602099752511,RR_thigh,0.758054756,0.000000000,0.652190913,-0.193400000,0.042969069,0.997827276,-0.049943822,-0.141792505,-0.650773882,0.065884188,0.756407713,-0.006291940,0.000000000,0.000000000,0.000000000,1.000000000
1790743602092325894,1790743602,92325894,1790743602099752511,RR_calf,0.664827901,-0.000000000,-0.746996561,-0.332316664,-0.049215262,0.997827276,-0.043801647,-0.131154471,0.745373544,0.065884188,0.663383414,-0.167406783,0.000000000,0.000000000,0.000000000,1.000000000
1790743602092325894,1790743602,92325894,1790743602099752511,RR_calflower,0.701331307,-0.000000000,-0.712835463,-0.208464615,-0.046964586,0.997827276,-0.046206644,-0.125656132,0.711286669,0.065884188,0.699807508,-0.250680057,0.000000000,0.000000000,0.000000000,1.000000000
1790743602092325894,1790743602,92325894,1790743602099752511,RR_calflower1,0.951249881,-0.000000000,-0.308421244,-0.186964510,-0.020320083,0.997827276,-0.062672326,-0.123338221,0.307751130,0.065884188,0.949183078,-0.285785224,0.000000000,0.000000000,0.000000000,1.000000000
1790743602092325894,1790743602,92325894,1790743602099752511,RR_foot,0.664827901,-0.000000000,-0.746996561,-0.173206397,-0.049215262,0.997827276,-0.043801647,-0.121824720,0.745373544,0.065884188,0.663383414,-0.308707450,0.000000000,0.000000000,0.000000000,1.000000000
1790743602158260858,1790743602,158260858,1790743602166289009,FL_hip,1.000000000,-0.000000000,0.000000000,0.193400000,0.000000000,0.996906020,0.078602717,0.046500000,-0.000000000,-0.078602717,0.996906020,0.000000000,0.000000000,0.000000000,0.000000000,1.000000000
1790743602158260858,1790743602,158260858,1790743602166289009,FL_thigh,0.737510184,-0.000000000,0.675336011,0.193400000,-0.053083246,0.996906020,0.057970305,0.141704525,-0.673246535,-0.078602717,0.735228343,-0.007506560,0.000000000,0.000000000,0.000000000,1.000000000
1790743602158260858,1790743602,158260858,1790743602166289009,FL_calf,0.719638262,0.000000000,-0.694349171,0.049553430,0.054577732,0.996906020,0.056565523,0.129356850,0.692200869,-0.078602717,0.717411716,-0.164110196,0.000000000,0.000000000,0.000000000,1.000000000
1790743602158260858,1790743602,158260858,1790743602166289009,FL_calflower,0.753441896,0.000000000,-0.657514493,0.166709872,0.051682426,0.996906020,0.059222580,0.122076707,0.655480157,-0.078602717,0.751110762,-0.256443113,0.000000000,0.000000000,0.000000000,1.000000000
1790743602158260858,1790743602,158260858,1790743602166289009,FL_calflower1,0.971925637,0.000000000,-0.235288240,0.185476033,0.018494295,0.996906020,0.076395996,0.119190980,0.234560262,-0.078602717,0.968918519,-0.293042345,0.000000000,0.000000000,0.000000000,1.000000000
1790743602158260858,1790743602,158260858,1790743602166289009,FL_foot,0.719638262,0.000000000,-0.694349171,0.197449803,0.054577732,0.996906020,0.056565523,0.117308394,0.692200869,-0.078602717,0.717411716,-0.316918892,0.000000000,0.000000000,0.000000000,1.000000000
1790743602158260858,1790743602,158260858,1790743602166289009,FR_hip,1.000000000,0.000000000,0.000000000,0.193400000,0.000000000,0.988903776,-0.148557467,-0.046500000,0.000000000,0.148557467,0.988903776,0.000000000,0.000000000,0.000000000,0.000000000,1.000000000
1790743602158260858,1790743602,158260858,1790743602166289009,FR_thigh,0.654509936,0.000000000,0.756053400,0.193400000,0.112317378,0.988903776,-0.097232338,-0.140940311,-0.747664062,0.148557467,0.647247348,-0.014187238,0.000000000,0.000000000,0.000000000,1.000000000
1790743602158260858,1790743602,158260858,1790743602166289009,FR_calf,0.576480957,0.000000000,-0.817110584,0.032360626,-0.121387879,0.988903776,-0.085640551,-0.120229823,0.808043742,0.148557467,0.570084195,-0.152050923,0.000000000,0.000000000,0.000000000,1.000000000
1790743602158260858,1790743602,158260858,1790743602166289009,FR_calflower,0.616599014,0.000000000,-0.787277369,0.164822611,-0.116955932,0.988903776,-0.091600388,-0.109982779,0.778541563,0.148557467,0.609757093,-0.220262509,0.000000000,0.000000000,0.000000000,1.000000000
1790743602158260858,1790743602,158260858,1790743602166289009,FR_calflower1,0.910468489,-0.000000000,-0.413578445,0.190147716,-0.061440166,0.988903776,-0.135256893,-0.105149204,0.408989286,0.148557467,0.900365727,-0.252438209,0.000000000,0.000000000,0.000000000,1.000000000
1790743602158260858,1790743602,158260858,1790743602166289009,FR_foot,0.576480957,0.000000000,-0.817110584,0.206405180,-0.121387879,0.988903776,-0.085640551,-0.101988385,0.808043742,0.148557467,0.570084195,-0.273478857,0.000000000,0.000000000,0.000000000,1.000000000
1790743602158260858,1790743602,158260858,1790743602166289009,RL_hip,1.000000000,-0.000000000,0.000000000,-0.193400000,0.000000000,0.949114471,0.314931294,0.046500000,-0.000000000,-0.314931294,0.949114471,0.000000000,0.000000000,0.000000000,0.000000000,1.000000000
1790743602158260858,1790743602,158260858,1790743602166289009,RL_thigh,0.584539143,-0.000000000,0.811365510,-0.193400000,-0.255524390,0.949114471,0.184089669,0.137140432,-0.770078747,-0.314931294,0.554794560,-0.030075939,0.000000000,0.000000000,0.000000000,1.000000000
1790743602158260858,1790743602,158260858,1790743602166289009,RL_calf,0.675501951,0.000000000,-0.737358199,-0.366220854,0.232217172,0.949114471,0.212736704,0.097929333,0.699837337,-0.314931294,0.641128677,-0.148247180,0.000000000,0.000000000,0.000000000,1.000000000
1790743602158260858,1790743602,158260858,1790743602166289009,RL_calflower,0.711510300,-0.000000000,-0.702675667,-0.243581801,0.221294557,0.949114471,0.224076860,0.071088644,0.666919644,-0.314931294,0.675304722,-0.229137477,0.000000000,0.000000000,0.000000000,1.000000000
1790743602158260858,1790743602,158260858,1790743602166289009,RL_calflower1,0.955587014,0.000000000,-0.294709109,-0.222589877,0.092813121,0.949114471,0.300944255,0.059912624,0.279712681,-0.314931294,0.906961463,-0.262818863,0.000000000,0.000000000,0.000000000,1.000000000
1790743602158260858,1790743602,158260858,1790743602166289009,RL_foot,0.675501951,0.000000000,-0.737358199,-0.209163557,0.232217172,0.949114471,0.212736704,0.052616415,0.699837337,-0.314931294,0.641128677,-0.284807588,0.000000000,0.000000000,0.000000000,1.000000000
1790743602158260858,1790743602,158260858,1790743602166289009,RR_hip,1.000000000,0.000000000,0.000000000,-0.193400000,0.000000000,0.997308880,-0.073314380,-0.046500000,0.000000000,0.073314380,0.997308880,0.000000000,0.000000000,0.000000000,0.000000000,1.000000000
1790743602158260858,1790743602,158260858,1790743602166289009,RR_thigh,0.778155141,0.000000000,0.628072111,-0.193400000,0.046046718,0.997308880,-0.057049962,-0.141742998,-0.626381893,0.073314380,0.776061032,-0.007001523,0.000000000,0.000000000,0.000000000,1.000000000
1790743602158260858,1790743602,158260858,1790743602166289009,RR_calf,0.729342220,-0.000000000,-0.684149053,-0.327179360,-0.050157964,0.997308880,-0.053471273,-0.129591356,0.682307925,0.073314380,0.727379472,-0.172302523,0.000000000,0.000000000,0.000000000,1.000000000
1790743602158260858,1790743602,158260858,1790743602166289009,RR_calflower,0.762623933,0.000000000,-0.646842126,-0.211338455,-0.047422830,0.997308880,-0.055911301,-0.122680767,0.645101396,0.073314380,0.760571621,-0.266308526,0.000000000,0.000000000,0.000000000,1.000000000
1790743602158260858,1790743602,158260858,1790743602166289009,RR_calflower1,0.975141781,0.000000000,-0.221581831,-0.193091010,-0.016245135,0.997308880,-0.071491915,-0.119970087,0.220985527,0.073314380,0.972517557,-0.303182405,0.000000000,0.000000000,0.000000000,1.000000000
1790743602158260858,1790743602,158260858,1790743602166289009,RR_foot,0.729342220,-0.000000000,-0.684149053,-0.181455611,-0.050157964,0.997308880,-0.053471273,-0.118201975,0.682307925,0.073314380,0.727379472,-0.327234351,0.000000000,0.000000000,0.000000000,1.000000000
1790743602225199583,1790743602,225199583,1790743602233254287,FL_hip,1.000000000,-0.000000000,0.000000000,0.193400000,0.000000000,0.996867824,0.079085654,0.046500000,-0.000000000,-0.079085654,0.996867824,0.000000000,0.000000000,0.000000000,0.000000000,1.000000000
1790743602225199583,1790743602,225199583,1790743602233254287,FL_thigh,0.732047277,0.000000000,0.681253833,0.193400000,-0.053877405,0.996867824,0.057894437,0.141700877,-0.679120026,-0.079085654,0.729754376,-0.007552680,0.000000000,0.000000000,0.000000000,1.000000000
1790743602225199583,1790743602,225199583,1790743602233254287,FL_calf,0.723377156,0.000000000,-0.690453105,0.048292934,0.054604935,0.996867824,0.057208755,0.129369362,0.688290485,-0.079085654,0.721111412,-0.162990362,0.000000000,0.000000000,0.000000000,1.000000000
1790743602225199583,1790743602,225199583,1790743602233254287,FL_calflower,0.756981396,0.000000000,-0.653436429,0.164947536,0.051677447,0.996867824,0.059866368,0.121994565,0.651389751,-0.079085654,0.754610397,-0.255949041,0.000000000,0.000000000,0.000000000,1.000000000
1790743602225199583,1790743602,225199583,1790743602233254287,FL_calflower1,0.973181990,0.000000000,-0.230036550,0.183515179,0.018192591,0.996867824,0.076964734,0.119083136,0.229316035,-0.079085654,0.970133813,-0.292647355,0.000000000,0.000000000,0.000000000,1.000000000
1790743602225199583,1790743602,225199583,1790743602233254287,FL_foot,0.723377156,0.000000000,-0.690453105,0.195359445,0.054604935,0.996867824,0.057208755,0.117183897,0.688290485,-0.079085654,0.721111412,-0.316587093,0.000000000,0.000000000,0.000000000,1.000000000
1790743602225199583,1790743602,225199583,1790743602233254287,FR_hip,1.000000000,0.000000000,0.000000000,0.193400000,0.000000000,0.987216152,-0.159387167,-0.046500000,0.000000000,0.159387167,0.987216152,0.000000000,0.000000000,0.000000000,0.000000000,1.000000000
1790743602225199583,1790743602,225199583,1790743602233254287,FR_thigh,0.526738342,0.000000000,0.850027481,0.193400000,0.135483472,0.987216152,-0.083955332,-0.140779143,-0.839160859,0.159387167,0.520004599,-0.015221474,0.000000000,0.000000000,0.000000000,1.000000000
1790743602225199583,1790743602,225199583,1790743602233254287,FR_calf,0.476815415,-0.000000000,-0.879003447,0.012344146,-0.140101869,0.987216152,-0.075998258,-0.122896657,0.867766401,0.159387167,0.470719879,-0.125982454,0.000000000,0.000000000,0.000000000,1.000000000
1790743602225199583,1790743602,225199583,1790743602233254287,FR_calflower,0.520151382,0.000000000,-0.854074083,0.151972965,-0.136128449,0.987216152,-0.082905455,-0.114450952,0.843155730,0.159387167,0.513501846,-0.178293668,0.000000000,0.000000000,0.000000000,1.000000000
1790743602225199583,1790743602,225199583,1790743602233254287,FR_calflower1,0.855765261,0.000000000,-0.517364299,0.180934414,-0.082461230,0.987216152,-0.136398001,-0.109773449,0.510750393,0.159387167,0.844825288,-0.207265299,0.000000000,0.000000000,0.000000000,1.000000000
1790743602225199583,1790743602,225199583,1790743602233254287,FR_foot,0.476815415,-0.000000000,-0.879003447,0.199571881,-0.140101869,0.987216152,-0.075998258,-0.106709028,0.867766401,0.159387167,0.470719879,-0.226245788,0.000000000,0.000000000,0.000000000,1.000000000
1790743602225199583,1790743602,225199583,1790743602233254287,RL_hip,1.000000000,-0.000000000,0.000000000,-0.193400000,0.000000000,0.973892377,0.227010218,0.046500000,-0.000000000,-0.227010218,0.973892377,0.000000000,0.000000000,0.000000000,0.000000000,1.000000000
1790743602225199583,1790743602,225199583,1790743602233254287,RL_thigh,0.468514769,0.000000000,0.883455665,-0.193400000,-0.200553463,0.973892377,0.106357640,0.139506722,-0.860390737,-0.227010218,0.456282961,-0.021679476,0.000000000,0.000000000,0.000000000,1.000000000
1790743602225199583,1790743602,225199583,1790743602233254287,RL_calf,0.543091487,0.000000000,-0.839673530,-0.381576057,0.190614471,0.973892377,0.123287317,0.116852545,0.817751649,-0.227010218,0.528912659,-0.118867747,0.000000000,0.000000000,0.000000000,1.000000000
1790743602225199583,1790743602,225199583,1790743602233254287,RL_calflower,0.584378950,0.000000000,-0.811480895,-0.246442544,0.184214455,0.973892377,0.132659993,0.102418311,0.790295057,-0.227010218,0.569122204,-0.180791787,0.000000000,0.000000000,0.000000000,1.000000000
1790743602225199583,1790743602,225199583,1790743602233254287,RL_calflower1,0.893066140,0.000000000,-0.449925404,-0.219827098,0.102137664,0.973892377,0.202735139,0.095269767,0.438178921,-0.227010218,0.869750306,-0.211459626,0.000000000,0.000000000,0.000000000,1.000000000
1790743602225199583,1790743602,225199583,1790743602233254287,RL_foot,0.543091487,0.000000000,-0.839673530,-0.202725595,0.190614471,0.973892377,0.123287317,0.090592346,0.817751649,-0.227010218,0.528912659,-0.231526143,0.000000000,0.000000000,0.000000000,1.000000000
1790743602225199583,1790743602,225199583,1790743602233254287,RR_hip,1.000000000,0.000000000,0.000000000,-0.193400000,0.000000000,0.998022183,-0.062862718,-0.046500000,0.000000000,0.062862718,0.998022183,0.000000000,0.000000000,0.000000000,0.000000000,1.000000000
1790743602225199583,1790743602,225199583,1790743602233254287,RR_thigh,0.776955699,0.000000000,0.629555273,-0.193400000,0.039575555,0.998022183,-0.048841547,-0.141811119,-0.628310129,0.062862718,0.775419023,-0.006003390,0.000000000,0.000000000,0.000000000,1.000000000
1790743602225199583,1790743602,225199583,1790743602233254287,RR_calf,0.730462566,0.000000000,-0.682952736,-0.327495273,-0.042932265,0.998022183,-0.045918862,-0.131407869,0.681601981,0.062862718,0.729017845,-0.171167641,0.000000000,0.000000000,0.000000000,1.000000000
1790743602225199583,1790743602,225199583,1790743602233254287,RR_calflower,0.763683088,0.000000000,-0.645591311,-0.211809017,-0.040583624,0.998022183,-0.048007194,-0.125470523,0.644314450,0.062862718,0.762172663,-0.265430243,0.000000000,0.000000000,0.000000000,1.000000000
1790743602225199583,1790743602,225199583,1790743602233254287,RR_calflower1,0.975503645,0.000000000,-0.219983268,-0.193622195,-0.013828746,0.998022183,-0.061322810,-0.123144399,0.219548182,0.062862718,0.973574278,-0.302360294,0.000000000,0.000000000,0.000000000,1.000000000
1790743602225199583,1790743602,225199583,1790743602233254287,RR_foot,0.730462566,0.000000000,-0.682952736,-0.182026340,-0.042932265,0.998022183,-0.045918862,-0.121627151,0.681601981,0.062862718,0.729017845,-0.326448442,0.000000000,0.000000000,0.000000000,1.000000000
1790743602288983354,1790743602,288983354,1790743602299720113,FL_hip,1.000000000,-0.000000000,0.000000000,0.193400000,0.000000000,0.996279883,0.086176528,0.046500000,-0.000000000,-0.086176528,0.996279883,0.000000000,0.000000000,0.000000000,0.000000000,1.000000000
1790743602288983354,1790743602,288983354,1790743602299720113,FL_thigh,0.732418468,-0.000000000,0.680854748,0.193400000,-0.058673698,0.996279883,0.063117281,0.141644729,-0.678321889,-0.086176528,0.729693786,-0.008229858,0.000000000,0.000000000,0.000000000,1.000000000
1790743602288983354,1790743602,288983354,1790743602299720113,FL_calf,0.722826118,-0.000000000,-0.691029958,0.048377939,0.059550563,0.996279883,0.062290645,0.128200748,0.688459246,-0.086176528,0.720137120,-0.163654635,0.000000000,0.000000000,0.000000000,1.000000000
1790743602288983354,1790743602,288983354,1790743602299720113,FL_calflower,0.756459877,0.000000000,-0.654040102,0.165106895,0.056362905,0.996279883,0.065189086,0.120172744,0.651606996,-0.086176528,0.753645758,-0.256465744,0.000000000,0.000000000,0.000000000,1.000000000
1790743602288983354,1790743602,288983354,1790743602299720113,FL_calflower1,0.972998169,0.000000000,-0.230812831,0.183703900,0.019890648,0.996279883,0.083849604,0.117001551,0.229954181,-0.086176528,0.969378502,-0.293127644,0.000000000,0.000000000,0.000000000,1.000000000
1790743602288983354,1790743602,288983354,1790743602299720113,FL_foot,0.722826118,-0.000000000,-0.691029958,0.195567320,0.059550563,0.996279883,0.062290645,0.114932841,0.688459246,-0.086176528,0.720137120,-0.317043841,0.000000000,0.000000000,0.000000000,1.000000000
1790743602288983354,1790743602,288983354,1790743602299720113,FR_hip,1.000000000,0.000000000,0.000000000,0.193400000,0.000000000,0.989568269,-0.144064710,-0.046500000,0.000000000,0.144064710,0.989568269,0.000000000,0.000000000,0.000000000,0.000000000,1.000000000
1790743602288983354,1790743602,288983354,1790743602299720113,FR_thigh,0.540718030,0.000000000,0.841203907,0.193400000,0.121187797,0.989568269,-0.077898386,-0.141003770,-0.832428694,0.144064710,0.535077405,-0.013758180,0.000000000,0.000000000,0.000000000,1.000000000
1790743602288983354,1790743602,288983354,1790743602299720113,FR_calf,0.544028556,0.000000000,-0.839066702,0.014223568,-0.120879901,0.989568269,-0.078375316,-0.124411413,0.830313784,0.144064710,0.538353397,-0.127729667,0.000000000,0.000000000,0.000000000,1.000000000
1790743602288983354,1790743602,288983354,1790743602299720113,FR_calflower,0.585284519,0.000000000,-0.810827992,0.149286011,-0.116811700,0.989568269,-0.084318844,-0.115229465,0.802369652,0.144064710,0.579178988,-0.190799694,0.000000000,0.000000000,0.000000000,1.000000000
1790743602288983354,1790743602,288983354,1790743602299720113,FR_calflower1,0.893567878,0.000000000,-0.448928109,0.175866285,-0.064674698,0.989568269,-0.128731597,-0.110688594,0.444245012,0.144064710,0.884246418,-0.221990550,0.000000000,0.000000000,0.000000000,1.000000000
1790743602288983354,1790743602,288983354,1790743602299720113,FR_foot,0.544028556,0.000000000,-0.839066702,0.192944775,-0.120879901,0.989568269,-0.078375316,-0.107717471,0.830313784,0.144064710,0.538353397,-0.242398940,0.000000000,0.000000000,0.000000000,1.000000000
1790743602288983354,1790743602,288983354,1790743602299720113,RL_hip,1.000000000,-0.000000000,0.000000000,-0.193400000,0.000000000,0.997604411,0.069176873,0.046500000,-0.000000000,-0.069176873,0.997604411,0.000000000,0.000000000,0.000000000,0.000000000,1.000000000
1790743602288983354,1790743602,288983354,1790743602299720113,RL_thigh,0.538734510,0.000000000,0.842475595,-0.193400000,-0.058279827,0.997604411,0.037267969,0.141771221,-0.840457369,-0.069176873,0.537443923,-0.006606391,0.000000000,0.000000000,0.000000000,1.000000000
1790743602288983354,1790743602,288983354,1790743602299720113,RL_calf,0.570328937,-0.000000000,-0.821416401,-0.372847302,0.056823018,0.997604411,0.039453572,0.133833144,0.819448624,-0.069176873,0.568962664,-0.121081947,0.000000000,0.000000000,0.000000000,1.000000000
1790743602288983354,1790743602,288983354,1790743602299720113,RL_calflower,0.610669884,-0.000000000,-0.791885277,-0.239871096,0.054780147,0.997604411,0.042244233,0.129130476,0.789988246,-0.069176873,0.609206970,-0.188899449,0.000000000,0.000000000,0.000000000,1.000000000
1790743602288983354,1790743602,288983354,1790743602299720113,RL_calflower1,0.907337217,-0.000000000,-0.420403585,-0.214302383,0.029082205,0.997604411,0.062766751,0.126892905,0.419396471,-0.069176873,0.905163610,-0.221167610,0.000000000,0.000000000,0.000000000,1.000000000
1790743602288983354,1790743602,288983354,1790743602299720113,RL_foot,0.570328937,-0.000000000,-0.821416401,-0.197885608,0.056823018,0.997604411,0.039453572,0.125429533,0.819448624,-0.069176873,0.568962664,-0.242270994,0.000000000,0.000000000,0.000000000,1.000000000
1790743602288983354,1790743602,288983354,1790743602299720113,RR_hip,1.000000000,0.000000000,0.000000000,-0.193400000,0.000000000,0.998632298,-0.052283209,-0.046500000,0.000000000,0.052283209,0.998632298,0.000000000,0.000000000,0.000000000,0.000000000,1.000000000
1790743602288983354,1790743602,288983354,1790743602299720113,RR_thigh,0.776612460,0.000000000,0.629978640,-0.193400000,0.032937305,0.998632298,-0.040603792,-0.141869384,-0.629117017,0.052283209,0.775550285,-0.004993046,0.000000000,0.000000000,0.000000000,1.000000000
1790743602288983354,1790743602,288983354,1790743602299720113,RR_calf,0.730942485,-0.000000000,-0.682439069,-0.327585450,-0.035680105,0.998632298,-0.038216019,-0.133220777,0.681505696,0.052283209,0.729942774,-0.170185257,0.000000000,0.000000000,0.000000000,1.000000000
1790743602288983354,1790743602,288983354,1790743602299720113,RR_calflower,0.764136735,0.000000000,-0.645054300,-0.211965618,-0.033725509,0.998632298,-0.039951521,-0.128278408,0.644172057,0.052283209,0.763091624,-0.264586674,0.000000000,0.000000000,0.000000000,1.000000000
1790743602288983354,1790743602,288983354,1790743602299720113,RR_calflower1,0.975658047,0.000000000,-0.219297457,-0.193804814,-0.011465575,0.998632298,-0.051010534,-0.126343092,0.218997523,0.052283209,0.974323638,-0.301552059,0.000000000,0.000000000,0.000000000,1.000000000
1790743602288983354,1790743602,288983354,1790743602299720113,RR_foot,0.730942485,-0.000000000,-0.682439069,-0.182225929,-0.035680105,0.998632298,-0.038216019,-0.125080765,0.681505696,0.052283209,0.729942774,-0.325663068,0.000000000,0.000000000,0.000000000,1.000000000
1790743602357590335,1790743602,357590335,1790743602366250129,FL_hip,1.000000000,-0.000000000,0.000000000,0.193400000,0.000000000,0.995392383,0.095885370,0.046500000,-0.000000000,-0.095885370,0.995392383,0.000000000,0.000000000,0.000000000,0.000000000,1.000000000
1790743602357590335,1790743602,357590335,1790743602366250129,FL_thigh,0.738286703,-0.000000000,0.674487023,0.193400000,-0.064673438,0.995392383,0.070790894,0.141559973,-0.671379245,-0.095885370,0.734884960,-0.009157053,0.000000000,0.000000000,0.000000000,1.000000000
1790743602357590335,1790743602,357590335,1790743602366250129,FL_calf,0.716120971,-0.000000000,-0.697976185,0.049734264,0.066925705,0.995392383,0.068665525,0.126481512,0.694760178,-0.095885370,0.712821359,-0.165687549,0.000000000,0.000000000,0.000000000,1.000000000
1790743602357590335,1790743602,357590335,1790743602366250129,FL_calflower,0.750110276,0.000000000,-0.661312766,0.167357159,0.063410219,0.995392383,0.071924602,0.117657529,0.658265690,-0.095885370,0.746654055,-0.257289907,0.000000000,0.000000000,0.000000000,1.000000000
1790743602357590335,1790743602,357590335,1790743602366250129,FL_calflower1,0.970724470,0.000000000,-0.240195761,0.186308567,0.023031259,0.995392383,0.093078275,0.114146442,0.239089031,-0.095885370,0.966251743,-0.293738726,0.000000000,0.000000000,0.000000000,1.000000000
1790743602357590335,1790743602,357590335,1790743602366250129,FL_foot,0.716120971,-0.000000000,-0.697976185,0.198403192,0.066925705,0.995392383,0.068665525,0.111855755,0.694760178,-0.095885370,0.712821359,-0.317518499,0.000000000,0.000000000,0.000000000,1.000000000
1790743602357590335,1790743602,357590335,1790743602366250129,FR_hip,1.000000000,0.000000000,0.000000000,0.193400000,0.000000000,0.993065750,-0.117560263,-0.046500000,0.000000000,0.117560263,0.993065750,0.000000000,0.000000000,0.000000000,0.000000000,1.000000000
1790743602357590335,1790743602,357590335,1790743602366250129,FR_thigh,0.700665558,0.000000000,0.713489857,0.193400000,0.083878055,0.993065750,-0.082370428,-0.141337779,-0.708542340,0.117560263,0.695806968,-0.011227005,0.000000000,0.000000000,0.000000000,1.000000000
1790743602357590335,1790743602,357590335,1790743602366250129,FR_calf,0.744343426,0.000000000,-0.667797024,0.041426661,-0.078506394,0.993065750,-0.087505209,-0.123792878,0.663166352,0.117560263,0.739181962,-0.159433889,0.000000000,0.000000000,0.000000000,1.000000000
1790743602357590335,1790743602,357590335,1790743602366250129,FR_calflower,0.776789131,0.000000000,-0.629760785,0.155147489,-0.074034844,0.993065750,-0.091319535,-0.112412235,0.625393867,0.117560263,0.771402681,-0.255569493,0.000000000,0.000000000,0.000000000,1.000000000
1790743602357590335,1790743602,357590335,1790743602366250129,FR_calflower1,0.979818431,-0.000000000,-0.199889575,0.172570029,-0.023499071,0.993065750,-0.115187713,-0.108019105,0.198503490,0.117560263,0.973024125,-0.292679539,0.000000000,0.000000000,0.000000000,1.000000000
1790743602357590335,1790743602,357590335,1790743602366250129,FR_foot,0.744343426,0.000000000,-0.667797024,0.183667427,-0.078506394,0.993065750,-0.087505209,-0.105154269,0.663166352,0.117560263,0.739181962,-0.316879647,0.000000000,0.000000000,0.000000000,1.000000000
1790743602357590335,1790743602,357590335,1790743602366250129,RL_hip,1.000000000,0.000000000,0.000000000,-0.193400000,0.000000000,0.998901233,-0.046864980,0.046500000,0.000000000,0.046864980,0.998901233,0.000000000,0.000000000,0.000000000,0.000000000,1.000000000
1790743602357590335,1790743602,357590335,1790743602366250129,RL_thigh,0.734192576,-0.000000000,0.678941280,-0.193400000,0.031818570,0.998901233,-0.034407921,0.141895068,-0.678195282,0.046864980,0.733385870,0.004475606,0.000000000,0.000000000,0.000000000,1.000000000
1790743602357590335,1790743602,357590335,1790743602366250129,RL_calf,0.743077804,0.000000000,-0.669205034,-0.338014493,-0.031362281,0.998901233,-0.034824327,0.149223955,0.668469733,0.046864980,0.742261335,-0.151735585,0.000000000,0.000000000,0.000000000,1.000000000
1790743602357590335,1790743602,357590335,1790743602366250129,RL_calflower,0.775595462,-0.000000000,-0.631230290,-0.224110592,-0.029582595,0.998901233,-0.036348266,0.153750710,0.630536715,0.046864980,0.774743263,-0.248220867,0.000000000,0.000000000,0.000000000,1.000000000
1790743602357590335,1790743602,357590335,1790743602366250129,RL_calflower1,0.979438240,0.000000000,-0.201744229,-0.206617335,-0.009454739,0.998901233,-0.045901354,0.155500466,0.201522560,0.046864980,0.978362066,-0.285515965,0.000000000,0.000000000,0.000000000,1.000000000
1790743602357590335,1790743602,357590335,1790743602366250129,RL_foot,0.743077804,0.000000000,-0.669205034,-0.195473820,-0.031362281,0.998901233,-0.034824327,0.156641536,0.668469733,0.046864980,0.742261335,-0.309837249,0.000000000,0.000000000,0.000000000,1.000000000
1790743602357590335,1790743602,357590335,1790743602366250129,RR_hip,1.000000000,0.000000000,0.000000000,-0.193400000,0.000000000,0.999498934,-0.031652494,-0.046500000,0.000000000,0.031652494,0.999498934,0.000000000,0.000000000,0.000000000,0.000000000,1.000000000
1790743602357590335,1790743602,357590335,1790743602366250129,RR_thigh,0.784241322,0.000000000,0.620455920,-0.193400000,0.019638977,0.999498934,-0.024823194,-0.141952148,-0.620145031,0.031652494,0.783848366,-0.003022813,0.000000000,0.000000000,0.000000000,1.000000000
1790743602357590335,1790743602,357590335,1790743602366250129,RR_calf,0.722648654,0.000000000,-0.691215540,-0.325557111,-0.021878696,0.999498934,-0.022873632,-0.136664808,0.690869196,0.031652494,0.722286559,-0.169982515,0.000000000,0.000000000,0.000000000,1.000000000
1790743602357590335,1790743602,357590335,1790743602366250129,RR_calflower,0.756291909,-0.000000000,-0.654234322,-0.208804238,-0.020708148,0.999498934,-0.023938525,-0.133717084,0.653906507,0.031652494,0.755912958,-0.263063542,0.000000000,0.000000000,0.000000000,1.000000000
1790743602357590335,1790743602,357590335,1790743602366250129,RR_calflower1,0.972938870,-0.000000000,-0.231062667,-0.190197784,-0.007313710,0.999498934,-0.030795941,-0.132552462,0.230946890,0.031652494,0.972451363,-0.299839125,0.000000000,0.000000000,0.000000000,1.000000000
1790743602357590335,1790743602,357590335,1790743602366250129,RR_foot,0.722648654,0.000000000,-0.691215540,-0.178328201,-0.021878696,0.999498934,-0.022873632,-0.131792724,0.690869196,0.031652494,0.722286559,-0.323829552,0.000000000,0.000000000,0.000000000,1.000000000
1790743602455360493,1790743602,455360493,1790743602466383085,FL_hip,1.000000000,-0.000000000,0.000000000,0.193400000,0.000000000,0.991411525,0.130779161,0.046500000,-0.000000000,-0.130779161,0.991411525,0.000000000,0.000000000,0.000000000,0.000000000,1.000000000
1790743602455360493,1790743602,455360493,1790743602466383085,FL_thigh,0.757418890,0.000000000,0.652929264,0.193400000,-0.085389542,0.991411525,0.099054607,0.141179801,-0.647321597,-0.130779161,0.750913817,-0.012489410,0.000000000,0.000000000,0.000000000,1.000000000
1790743602455360493,1790743602,455360493,1790743602466383085,FL_calf,0.709744135,0.000000000,-0.704459554,0.054326067,0.092128630,0.991411525,0.092819743,0.120081169,0.698409320,-0.130779161,0.703648515,-0.172434053,0.000000000,0.000000000,0.000000000,1.000000000
1790743602455360493,1790743602,455360493,1790743602466383085,FL_calflower,0.744065443,0.000000000,-0.668106740,0.172780963,0.087374439,0.991411525,0.097308255,0.108186420,0.662368722,-0.130779161,0.737675055,-0.262605847,0.000000000,0.000000000,0.000000000,1.000000000
1790743602455360493,1790743602,455360493,1790743602466383085,FL_calflower1,0.968500050,-0.000000000,-0.249013360,0.192064578,0.032565758,0.991411525,0.126659624,0.103420345,0.246874715,-0.130779161,0.960182111,-0.298736536,0.000000000,0.000000000,0.000000000,1.000000000
1790743602455360493,1790743602,455360493,1790743602466383085,FL_foot,0.709744135,0.000000000,-0.704459554,0.204375952,0.092128630,0.991411525,0.092819743,0.100310564,0.698409320,-0.130779161,0.703648515,-0.322311187,0.000000000,0.000000000,0.000000000,1.000000000
1790743602455360493,1790743602,455360493,1790743602466383085,FR_hip,1.000000000,0.000000000,0.000000000,0.193400000,0.000000000,0.993701880,-0.112056120,-0.046500000,0.000000000,0.112056120,0.993701880,0.000000000,0.000000000,0.000000000,0.000000000,1.000000000
1790743602455360493,1790743602,455360493,1790743602466383085,FR_thigh,0.715607817,0.000000000,0.698502292,0.193400000,0.078271457,0.993701880,-0.080188235,-0.141398530,-0.694103041,0.112056120,0.711100833,-0.010701359,0.000000000,0.000000000,0.000000000,1.000000000
1790743602455360493,1790743602,455360493,1790743602466383085,FR_calf,0.759157913,0.000000000,-0.650906494,0.044619012,-0.072938056,0.993701880,-0.085068290,-0.124318435,0.646807007,0.112056120,0.754376645,-0.162165837,0.000000000,0.000000000,0.000000000,1.000000000
1790743602455360493,1790743602,455360493,1790743602466383085,FR_calflower,0.790740929,-0.000000000,-0.612150948,0.156136331,-0.068595260,0.993701880,-0.088607360,-0.113187090,0.608295548,0.112056120,0.785760747,-0.260877440,0.000000000,0.000000000,0.000000000,1.000000000
1790743602455360493,1790743602,455360493,1790743602466383085,FR_calflower1,0.984061749,-0.000000000,-0.177827089,0.172714960,-0.019926614,0.993701880,-0.110270141,-0.108956843,0.176707113,0.112056120,0.977864010,-0.298390826,0.000000000,0.000000000,0.000000000,1.000000000
1790743602455360493,1790743602,455360493,1790743602466383085,FR_foot,0.759157913,0.000000000,-0.650906494,0.183262095,-0.072938056,0.993701880,-0.085068290,-0.106198890,0.646807007,0.112056120,0.754376645,-0.322848062,0.000000000,0.000000000,0.000000000,1.000000000
1790743602455360493,1790743602,455360493,1790743602466383085,RL_hip,1.000000000,-0.000000000,0.000000000,-0.193400000,0.000000000,0.999926448,0.012128413,0.046500000,-0.000000000,-0.012128413,0.999926448,0.000000000,0.000000000,0.000000000,0.000000000,1.000000000
1790743602455360493,1790743602,455360493,1790743602466383085,RL_thigh,0.755918023,0.000000000,0.654666283,-0.193400000,-0.007940063,0.999926448,0.009168086,0.141992976,-0.654618131,-0.012128413,0.755862424,-0.001158263,0.000000000,0.000000000,0.000000000,1.000000000
1790743602455360493,1790743602,455360493,1790743602466383085,RL_calf,0.735222208,0.000000000,-0.677826161,-0.332843918,0.008220956,0.999926448,0.008917079,0.140040173,0.677776305,-0.012128413,0.735168131,-0.162156960,0.000000000,0.000000000,0.000000000,1.000000000
1790743602455360493,1790743602,455360493,1790743602466383085,RL_calflower,0.768180561,0.000000000,-0.640233259,-0.217821202,0.007765014,0.999926448,0.009316811,0.138884865,0.640186169,-0.012128413,0.768124059,-0.257406317,0.000000000,0.000000000,0.000000000,1.000000000
1790743602455360493,1790743602,455360493,1790743602466383085,RL_calflower1,0.977018644,0.000000000,-0.213153865,-0.199893678,0.002585218,0.999926448,0.011849686,0.138434542,0.213138187,-0.012128413,0.976946782,-0.294533141,0.000000000,0.000000000,0.000000000,1.000000000
1790743602455360493,1790743602,455360493,1790743602466383085,RL_foot,0.735222208,0.000000000,-0.677826161,-0.188466946,0.008220956,0.999926448,0.008917079,0.138140836,0.677776305,-0.012128413,0.735168131,-0.318747772,0.000000000,0.000000000,0.000000000,1.000000000
1790743602455360493,1790743602,455360493,1790743602466383085,RR_hip,1.000000000,-0.000000000,0.000000000,-0.193400000,0.000000000,0.999999013,0.001405280,-0.046500000,-0.000000000,-0.001405280,0.999999013,0.000000000,0.000000000,0.000000000,0.000000000,1.000000000
1790743602455360493,1790743602,455360493,1790743602466383085,RR_thigh,0.805149974,-0.000000000,0.593071260,-0.193400000,-0.000833431,0.999999013,0.001131461,-0.141999906,-0.593070675,-0.001405280,0.805149179,0.000134204,0.000000000,0.000000000,0.000000000,1.000000000
1790743602455360493,1790743602,455360493,1790743602466383085,RR_calf,0.723781413,-0.000000000,-0.690029322,-0.319724178,0.000969684,0.999999013,0.001017115,-0.142240907,0.690028641,-0.001405280,0.723780699,-0.171362571,0.000000000,0.000000000,0.000000000,1.000000000
1790743602455360493,1790743602,455360493,1790743602466383085,RR_calflower,0.757363967,0.000000000,-0.652992972,-0.203124210,0.000917638,0.999999013,0.001064308,-0.142372046,0.652992327,-0.001405280,0.757363219,-0.264681541,0.000000000,0.000000000,0.000000000,1.000000000
1790743602455360493,1790743602,455360493,1790743602466383085,RR_calflower1,0.973316550,0.000000000,-0.229466542,-0.184578131,0.000322465,0.999999013,0.001367782,-0.142423795,0.229466316,-0.001405280,0.973315589,-0.301505993,0.000000000,0.000000000,0.000000000,1.000000000
1790743602455360493,1790743602,455360493,1790743602466383085,RR_foot,0.723781413,-0.000000000,-0.690029322,-0.172747933,0.000969684,0.999999013,0.001017115,-0.142457552,0.690028641,-0.001405280,0.723780699,-0.325527860,0.000000000,0.000000000,0.000000000,1.000000000
1790743602525655675,1790743602,525655675,1790743602533484205,FL_hip,1.000000000,-0.000000000,0.000000000,0.193400000,0.000000000,0.991188360,0.132459939,0.046500000,-0.000000000,-0.132459939,0.991188360,0.000000000,0.000000000,0.000000000,0.000000000,1.000000000
1790743602525655675,1790743602,525655675,1790743602533484205,FL_thigh,0.761319551,0.000000000,0.648376851,0.193400000,-0.085883958,0.991188360,0.100844341,0.141158488,-0.642663587,-0.132459939,0.754611077,-0.012649924,0.000000000,0.000000000,0.000000000,1.000000000
1790743602525655675,1790743602,525655675,1790743602533484205,FL_calf,0.705485885,0.000000000,-0.708723971,0.055295731,0.093877534,0.991188360,0.093448617,0.119678644,0.702478950,-0.132459939,0.699269397,-0.173382084,0.000000000,0.000000000,0.000000000,1.000000000
1790743602525655675,1790743602,525655675,1790743602533484205,FL_calflower,0.740025646,0.000000000,-0.672578652,0.174296596,0.089089727,0.991188360,0.098023752,0.107725799,0.666652131,-0.132459939,0.733504806,-0.262824375,0.000000000,0.000000000,0.000000000,1.000000000
1790743602525655675,1790743602,525655675,1790743602533484205,FL_calflower1,0.966981806,-0.000000000,-0.254845417,0.193799486,0.033756808,0.991188360,0.128086351,0.102913952,0.252599810,-0.132459939,0.958461110,-0.298831089,0.000000000,0.000000000,0.000000000,1.000000000
1790743602525655675,1790743602,525655675,1790743602533484205,FL_foot,0.705485885,0.000000000,-0.708723971,0.206253937,0.093877534,0.991188360,0.093448617,0.099774088,0.702478950,-0.132459939,0.699269397,-0.322326465,0.000000000,0.000000000,0.000000000,1.000000000
1790743602525655675,1790743602,525655675,1790743602533484205,FR_hip,1.000000000,0.000000000,0.000000000,0.193400000,0.000000000,0.993900472,-0.110280782,-0.046500000,0.000000000,0.110280782,0.993900472,0.000000000,0.000000000,0.000000000,0.000000000,1.000000000
1790743602525655675,1790743602,525655675,1790743602533484205,FR_thigh,0.719908502,-0.000000000,0.694068980,0.193400000,0.076542470,0.993900472,-0.079392073,-0.141417495,-0.689835487,0.110280782,0.715517400,-0.010531815,0.000000000,0.000000000,0.000000000,1.000000000
1790743602525655675,1790743602,525655675,1790743602533484205,FR_calf,0.753338980,0.000000000,-0.657632406,0.045563307,-0.072524216,0.993900472,-0.083078812,-0.124506984,0.653621159,0.110280782,0.748743968,-0.162937021,0.000000000,0.000000000,0.000000000,1.000000000
1790743602525655675,1790743602,525655675,1790743602533484205,FR_calflower,0.785265423,0.000000000,-0.619159281,0.157959683,-0.068281370,0.993900472,-0.086599685,-0.113661804,0.615382702,0.110280782,0.780475675,-0.260678705,0.000000000,0.000000000,0.000000000,1.000000000
1790743602525655675,1790743602,525655675,1790743602533484205,FR_calflower1,0.982441306,-0.000000000,-0.186571919,0.174873400,-0.020575297,0.993900472,-0.108344396,-0.109515003,0.185433918,0.110280782,0.976448878,-0.298051559,0.000000000,0.000000000,0.000000000,1.000000000
1790743602525655675,1790743602,525655675,1790743602533484205,FR_foot,0.753338980,0.000000000,-0.657632406,0.185639010,-0.072524216,0.993900472,-0.083078812,-0.106811197,0.653621159,0.110280782,0.748743968,-0.322419486,0.000000000,0.000000000,0.000000000,1.000000000
1790743602525655675,1790743602,525655675,1790743602533484205,RL_hip,1.000000000,-0.000000000,0.000000000,-0.193400000,0.000000000,0.999829679,0.018455709,0.046500000,-0.000000000,-0.018455709,0.999829679,0.000000000,0.000000000,0.000000000,0.000000000,1.000000000
1790743602525655675,1790743602,525655675,1790743602533484205,RL_thigh,0.759632276,0.000000000,0.650352831,-0.193400000,-0.012002723,0.999829679,0.014019552,0.141983734,-0.650242062,-0.018455709,0.759502895,-0.001762520,0.000000000,0.000000000,0.000000000,1.000000000
1790743602525655675,1790743602,525655675,1790743602533484205,RL_calf,0.731632067,-0.000000000,-0.681699727,-0.331925153,0.012581252,0.999829679,0.013502789,0.138997570,0.681583619,-0.018455709,0.731507455,-0.163536637,0.000000000,0.000000000,0.000000000,1.000000000
1790743602525655675,1790743602,525655675,1790743602533484205,RL_calflower,0.764788504,0.000000000,-0.644281417,-0.216400952,0.011890670,0.999829679,0.014114714,0.137250782,0.644171683,-0.018455709,0.764658244,-0.258168068,0.000000000,0.000000000,0.000000000,1.000000000
1790743602525655675,1790743602,525655675,1790743602533484205,RL_calflower1,0.975879261,-0.000000000,-0.218310941,-0.198277580,0.004029083,0.999829679,0.018010544,0.136567287,0.218273758,-0.018455709,0.975713049,-0.295196114,0.000000000,0.000000000,0.000000000,1.000000000
1790743602525655675,1790743602,525655675,1790743602533484205,RL_foot,0.731632067,-0.000000000,-0.681699727,-0.186723111,0.012581252,0.999829679,0.013502789,0.136121476,0.681583619,-0.018455709,0.731507455,-0.319347725,0.000000000,0.000000000,0.000000000,1.000000000
1790743602525655675,1790743602,525655675,1790743602533484205,RR_hip,1.000000000,-0.000000000,0.000000000,-0.193400000,0.000000000,0.999957803,0.009186476,-0.046500000,-0.000000000,-0.009186476,0.999957803,0.000000000,0.000000000,0.000000000,0.000000000,1.000000000
1790743602525655675,1790743602,525655675,1790743602533484205,RR_thigh,0.809260476,-0.000000000,0.587449982,-0.193400000,-0.005396595,0.999957803,0.007434252,-0.141995970,-0.587425194,-0.009186476,0.809226328,0.000877308,0.000000000,0.000000000,0.000000000,1.000000000
1790743602525655675,1790743602,525655675,1790743602533484205,RR_calf,0.718497303,-0.000000000,-0.695529744,-0.318526846,0.006389467,0.999957803,0.006600458,-0.143579466,0.695500395,-0.009186476,0.718466985,-0.171487899,0.000000000,0.000000000,0.000000000,1.000000000
1790743602525655675,1790743602,525655675,1790743602533484205,RR_calflower,0.752361367,0.000000000,-0.658750615,-0.201218498,0.006051597,0.999957803,0.006911549,-0.144428544,0.658722818,-0.009186476,0.752329620,-0.263911005,0.000000000,0.000000000,0.000000000,1.000000000
1790743602525655675,1790743602,525655675,1790743602533484205,RR_calflower1,0.971538029,0.000000000,-0.236883639,-0.182392087,0.002176126,0.999957803,0.008925011,-0.144765522,0.236873643,-0.009186476,0.971497033,-0.300591418,0.000000000,0.000000000,0.000000000,1.000000000
1790743602525655675,1790743602,525655675,1790743602533484205,RR_foot,0.718497303,-0.000000000,-0.695529744,-0.170379011,0.006389467,0.999957803,0.006600458,-0.144985363,0.695500395,-0.009186476,0.718466985,-0.324521367,0.000000000,0.000000000,0.000000000,1.000000000
1790743602548095821,1790743602,548095821,1790743602599787626,FL_hip,1.000000000,-0.000000000,0.000000000,0.193400000,0.000000000,0.990958281,0.134170356,0.046500000,-0.000000000,-0.134170356,0.990958281,0.000000000,0.000000000,0.000000000,0.000000000,1.000000000
1790743602548095821,1790743602,548095821,1790743602599787626,FL_thigh,0.761024988,-0.000000000,0.648722566,0.193400000,-0.087039338,0.990958281,0.102106994,0.141136516,-0.642856999,-0.134170356,0.754144014,-0.012813269,0.000000000,0.000000000,0.000000000,1.000000000
1790743602548095821,1790743602,548095821,1790743602599787626,FL_calf,0.705908360,-0.000000000,-0.708303174,0.055222093,0.095033289,0.990958281,0.094711976,0.119387726,0.701898896,-0.134170356,0.699525736,-0.173445944,0.000000000,0.000000000,0.000000000,1.000000000
1790743602548095821,1790743602,548095821,1790743602599787626,FL_calflower,0.740426563,0.000000000,-0.672137266,0.174169130,0.090180897,0.990958281,0.099343296,0.107271019,0.666059990,-0.134170356,0.733731834,-0.262937775,0.000000000,0.000000000,0.000000000,1.000000000
1790743602548095821,1790743602,548095821,1790743602599787626,FL_calflower1,0.967133595,0.000000000,-0.254268775,0.193650356,0.034115332,0.990958281,0.129760659,0.102395479,0.251969748,-0.134170356,0.958389045,-0.298947648,0.000000000,0.000000000,0.000000000,1.000000000
1790743602548095821,1790743602,548095821,1790743602599787626,FL_foot,0.705908360,-0.000000000,-0.708303174,0.206090670,0.095033289,0.990958281,0.094711976,0.099214075,0.701898896,-0.134170356,0.699525736,-0.322444926,0.000000000,0.000000000,0.000000000,1.000000000
1790743602548095821,1790743602,548095821,1790743602599787626,FR_hip,1.000000000,0.000000000,0.000000000,0.193400000,0.000000000,0.994026698,-0.109137179,-0.046500000,0.000000000,0.109137179,0.994026698,0.000000000,0.000000000,0.000000000,0.000000000,1.000000000
1790743602548095821,1790743602,548095821,1790743602599787626,FR_thigh,0.719782395,0.000000000,0.694199757,0.193400000,0.075763003,0.994026698,-0.078555020,-0.141429550,-0.690053093,0.109137179,0.715482918,-0.010422601,0.000000000,0.000000000,0.000000000,1.000000000
1790743602548095821,1790743602,548095821,1790743602599787626,FR_calf,0.753479213,-0.000000000,-0.657471730,0.045535452,-0.071754610,0.994026698,-0.082232596,-0.124697330,0.653544453,0.109137179,0.748978454,-0.162820462,0.000000000,0.000000000,0.000000000,1.000000000
1790743602548095821,1790743602,548095821,1790743602599787626,FR_calflower,0.785397451,-0.000000000,-0.618991797,0.157910852,-0.067555019,0.994026698,-0.085716062,-0.113961998,0.615294372,0.109137179,0.780706035,-0.260598384,0.000000000,0.000000000,0.000000000,1.000000000
1790743602548095821,1790743602,548095821,1790743602599787626,FR_calflower1,0.982481073,0.000000000,-0.186362394,0.174816549,-0.020339066,0.994026698,-0.107225213,-0.109857806,0.185249195,0.109137179,0.976612416,-0.297979569,0.000000000,0.000000000,0.000000000,1.000000000
1790743602548095821,1790743602,548095821,1790743602599787626,FR_foot,0.753479213,-0.000000000,-0.657471730,0.185576930,-0.071754610,0.994026698,-0.082232596,-0.107181787,0.653544453,0.109137179,0.748978454,-0.322352873,0.000000000,0.000000000,0.000000000,1.000000000
1790743602548095821,1790743602,548095821,1790743602599787626,RL_hip,1.000000000,-0.000000000,0.000000000,-0.193400000,0.000000000,0.999788940,0.020544454,0.046500000,-0.000000000,-0.020544454,0.999788940,0.000000000,0.000000000,0.000000000,0.000000000,1.000000000
1790743602548095821,1790743602,548095821,1790743602599787626,RL_thigh,0.759415621,-0.000000000,0.650605806,-0.193400000,-0.013366341,0.999788940,0.015601780,0.141979844,-0.650468490,-0.020544454,0.759255339,-0.001961995,0.000000000,0.000000000,0.000000000,1.000000000
1790743602548095821,1790743602,548095821,1790743602599787626,RL_calf,0.731826748,0.000000000,-0.681490727,-0.331979037,0.014000855,0.999788940,0.015034981,0.138656665,0.681346892,-0.020544454,0.731672289,-0.163683383,0.000000000,0.000000000,0.000000000,1.000000000
1790743602548095821,1790743602,548095821,1790743602599787626,RL_calflower,0.764972496,0.000000000,-0.644062948,-0.216481874,0.013231922,0.999788940,0.015715943,0.136711505,0.643927012,-0.020544454,0.764811041,-0.258343943,0.000000000,0.000000000,0.000000000,1.000000000
1790743602548095821,1790743602,548095821,1790743602599787626,RL_calflower1,0.975941577,0.000000000,-0.218032196,-0.198369081,0.004479353,0.999788940,0.020050187,0.135950548,0.217986179,-0.020544454,0.975735595,-0.295375655,0.000000000,0.000000000,0.000000000,1.000000000
1790743602548095821,1790743602,548095821,1790743602599787626,RL_foot,0.731826748,0.000000000,-0.681490727,-0.186821512,0.014000855,0.999788940,0.015034981,0.135454214,0.681346892,-0.020544454,0.731672289,-0.319529580,0.000000000,0.000000000,0.000000000,1.000000000
1790743602548095821,1790743602,548095821,1790743602599787626,RR_hip,1.000000000,-0.000000000,0.000000000,-0.193400000,0.000000000,0.999936429,0.011275516,-0.046500000,-0.000000000,-0.011275516,0.999936429,0.000000000,0.000000000,0.000000000,0.000000000,1.000000000
1790743602548095821,1790743602,548095821,1790743602599787626,RR_thigh,0.809153738,0.000000000,0.587596995,-0.193400000,-0.006625459,0.999936429,0.009123626,-0.141993929,-0.587559641,-0.011275516,0.809102299,0.001076812,0.000000000,0.000000000,0.000000000,1.000000000
1790743602548095821,1790743602,548095821,1790743602599787626,RR_calf,0.718733483,0.000000000,-0.695285683,-0.318558160,0.007839705,0.999936429,0.008104091,-0.143937261,0.695241483,-0.011275516,0.718687792,-0.171261978,0.000000000,0.000000000,0.000000000,1.000000000
1790743602548095821,1790743602,548095821,1790743602599787626,RR_calflower,0.752585054,0.000000000,-0.658495055,-0.201281209,0.007424872,0.999936429,0.008485785,-0.144979873,0.658453194,-0.011275516,0.752537211,-0.263722942,0.000000000,0.000000000,0.000000000,1.000000000
1790743602548095821,1790743602,548095821,1790743602599787626,RR_calflower1,0.971618425,0.000000000,-0.236553664,-0.182467258,0.002667265,0.999936429,0.010955499,-0.145393553,0.236538627,-0.011275516,0.971556659,-0.300408962,0.000000000,0.000000000,0.000000000,1.000000000
1790743602548095821,1790743602,548095821,1790743602599787626,RR_foot,0.718733483,0.000000000,-0.695285683,-0.170462309,0.007839705,0.999936429,0.008104091,-0.145663433,0.695241483,-0.011275516,0.718687792,-0.324342478,0.000000000,0.000000000,0.000000000,1.000000000
1790743603062036654,1790743603,62036654,1790743603066468372,FL_hip,1.000000000,-0.000000000,0.000000000,0.193400000,0.000000000,0.992249369,0.124262586,0.046500000,-0.000000000,-0.124262586,0.992249369,0.000000000,0.000000000,0.000000000,0.000000000,1.000000000
1790743603062036654,1790743603,62036654,1790743603066468372,FL_thigh,0.750317227,-0.000000000,0.661077952,0.193400000,-0.082147256,0.992249369,0.093236359,0.141259815,-0.655954180,-0.124262586,0.744501795,-0.011867077,0.000000000,0.000000000,0.000000000,1.000000000
1790743603062036654,1790743603,62036654,1790743603066468372,FL_calf,0.717658193,-0.000000000,-0.696395518,0.052590396,0.086535908,0.992249369,0.089178063,0.121400470,0.690998014,-0.124262586,0.712095889,-0.170445959,0.000000000,0.000000000,0.000000000,1.000000000
1790743603062036654,1790743603,62036654,1790743603066468372,FL_calflower,0.751566577,0.000000000,-0.659657245,0.170010097,0.081970715,0.992249369,0.093391607,0.109932835,0.654544485,-0.124262586,0.745741461,-0.262016191,0.000000000,0.000000000,0.000000000,1.000000000
1790743603062036654,1790743603,62036654,1790743603066468372,FL_calflower1,0.971251716,0.000000000,-0.238054833,0.188880721,0.029581309,0.992249369,0.120690250,0.105377464,0.236209758,-0.124262586,0.963723902,-0.298391294,0.000000000,0.000000000,0.000000000,1.000000000
1790743603062036654,1790743603,62036654,1790743603066468372,FL_foot,0.717658193,-0.000000000,-0.696395518,0.200922642,0.086535908,0.992249369,0.089178063,0.102405543,0.690998014,-0.124262586,0.712095889,-0.322122384,0.000000000,0.000000000,0.000000000,1.000000000
1790743603062036654,1790743603,62036654,1790743603066468372,FR_hip,1.000000000,0.000000000,0.000000000,0.193400000,0.000000000,0.992756277,-0.120145635,-0.046500000,0.000000000,0.120145635,0.992756277,0.000000000,0.000000000,0.000000000,0.000000000,1.000000000
1790743603062036654,1790743603,62036654,1790743603066468372,FR_thigh,0.710385350,0.000000000,0.703812940,0.193400000,0.084560053,0.992756277,-0.085349699,-0.141308224,-0.698714715,0.120145635,0.705239515,-0.011473908,0.000000000,0.000000000,0.000000000,1.000000000
1790743603062036654,1790743603,62036654,1790743603066468372,FR_calf,0.762055079,0.000000000,-0.647512206,0.043487844,-0.077795765,0.992756277,-0.091557592,-0.123128739,0.642821807,0.120145635,0.756534963,-0.161689925,0.000000000,0.000000000,0.000000000,1.000000000
1790743603062036654,1790743603,62036654,1790743603066468372,FR_calflower,0.793464831,0.000000000,-0.608616104,0.154560752,-0.073122568,0.992756277,-0.095331336,-0.111134130,0.604207458,0.120145635,0.787717191,-0.260800663,0.000000000,0.000000000,0.000000000,1.000000000
1790743603062036654,1790743603,62036654,1790743603066468372,FR_calflower1,0.984845519,0.000000000,-0.173433859,0.170970748,-0.020837321,0.992756277,-0.118324891,-0.106589651,0.172177552,0.120145635,0.977711571,-0.298351426,0.000000000,0.000000000,0.000000000,1.000000000
1790743603062036654,1790743603,62036654,1790743603066468372,FR_foot,0.762055079,0.000000000,-0.647512206,0.181407944,-0.077795765,0.992756277,-0.091557592,-0.103626972,0.642821807,0.120145635,0.756534963,-0.322831872,0.000000000,0.000000000,0.000000000,1.000000000
1790743603062036654,1790743603,62036654,1790743603066468372,RL_hip,1.000000000,-0.000000000,0.000000000,-0.193400000,0.000000000,0.999904027,0.013854120,0.046500000,-0.000000000,-0.013854120,0.999904027,0.000000000,0.000000000,0.000000000,0.000000000,1.000000000
1790743603062036654,1790743603,62036654,1790743603066468372,RL_thigh,0.750160696,0.000000000,0.661255571,-0.193400000,-0.009161114,0.999904027,0.010392816,0.141990835,-0.661192108,-0.013854120,0.750088701,-0.001323068,0.000000000,0.000000000,0.000000000,1.000000000
1790743603062036654,1790743603,62036654,1790743603066468372,RL_calf,0.741549209,0.000000000,-0.670898480,-0.334247437,0.009294708,0.999904027,0.010273512,0.139777165,0.670834092,-0.013854120,0.741478040,-0.161091962,0.000000000,0.000000000,0.000000000,1.000000000
1790743603062036654,1790743603,62036654,1790743603066468372,RL_calflower,0.774153414,0.000000000,-0.632998018,-0.220123477,0.008769631,0.999904027,0.010725214,0.138442579,0.632937268,-0.013854120,0.774079116,-0.257414030,0.000000000,0.000000000,0.000000000,1.000000000
1790743603062036654,1790743603,62036654,1790743603066468372,RL_calflower1,0.978975451,0.000000000,-0.203978103,-0.202545091,0.002825937,0.999904027,0.013562843,0.137925874,0.203958527,-0.013854120,0.978881496,-0.294706567,0.000000000,0.000000000,0.000000000,1.000000000
1790743603062036654,1790743603,62036654,1790743603066468372,RL_foot,0.741549209,0.000000000,-0.670898480,-0.191346060,0.009294708,0.999904027,0.010273512,0.137588907,0.670834092,-0.013854120,0.741478040,-0.319026784,0.000000000,0.000000000,0.000000000,1.000000000
1790743603062036654,1790743603,62036654,1790743603066468372,RR_hip,1.000000000,-0.000000000,0.000000000,-0.193400000,0.000000000,0.999985735,0.005341333,-0.046500000,-0.000000000,-0.005341333,0.999985735,0.000000000,0.000000000,0.000000000,0.000000000,1.000000000
1790743603062036654,1790743603,62036654,1790743603066468372,RR_thigh,0.802682991,-0.000000000,0.596405916,-0.193400000,-0.003185603,0.999985735,0.004287397,-0.141998638,-0.596397408,-0.005341333,0.802671540,0.000510097,0.000000000,0.000000000,0.000000000,1.000000000
1790743603062036654,1790743603,62036654,1790743603066468372,RR_calf,0.725659877,0.000000000,-0.688053590,-0.320434460,0.003675123,0.999985735,0.003875991,-0.142911853,0.688043775,-0.005341333,0.725649526,-0.170458941,0.000000000,0.000000000,0.000000000,1.000000000
1790743603062036654,1790743603,62036654,1790743603066468372,RR_calflower,0.759141338,-0.000000000,-0.650925824,-0.204089331,0.003476812,0.999985735,0.004054827,-0.143411998,0.650916539,-0.005341333,0.759130509,-0.264094195,0.000000000,0.000000000,0.000000000,1.000000000
1790743603062036654,1790743603,62036654,1790743603066468372,RR_calflower1,0.973938503,-0.000000000,-0.226812240,-0.185643712,0.001211480,0.999985735,0.005202130,-0.143608959,0.226809004,-0.005341333,0.973924610,-0.300968581,0.000000000,0.000000000,0.000000000,1.000000000
1790743603062036654,1790743603,62036654,1790743603066468372,RR_foot,0.725659877,0.000000000,-0.688053590,-0.173879045,0.003675123,0.999985735,0.003875991,-0.143737439,0.688043775,-0.005341333,0.725649526,-0.325022290,0.000000000,0.000000000,0.000000000,1.000000000
1790743603116755234,1790743603,116755234,1790743603133528876,FL_hip,1.000000000,-0.000000000,0.000000000,0.193400000,0.000000000,0.992249369,0.124262586,0.046500000,-0.000000000,-0.124262586,0.992249369,0.000000000,0.000000000,0.000000000,0.000000000,1.000000000
1790743603116755234,1790743603,116755234,1790743603133528876,FL_thigh,0.750517362,-0.000000000,0.660850732,0.193400000,-0.082119021,0.992249369,0.093261228,0.141259815,-0.655728721,-0.124262586,0.744700378,-0.011867077,0.000000000,0.000000000,0.000000000,1.000000000
1790743603116755234,1790743603,116755234,1790743603133528876,FL_calf,0.717436336,0.000000000,-0.696624077,0.052638794,0.086564309,0.992249369,0.089150495,0.121395173,0.691224800,-0.124262586,0.711875751,-0.170488258,0.000000000,0.000000000,0.000000000,1.000000000
1790743603116755234,1790743603,116755234,1790743603133528876,FL_calflower,0.751356420,0.000000000,-0.659896606,0.170087884,0.082000459,0.992249369,0.093365492,0.109932186,0.654781991,-0.124262586,0.745532933,-0.262021373,0.000000000,0.000000000,0.000000000,1.000000000
1790743603116755234,1790743603,116755234,1790743603133528876,FL_calflower1,0.971175840,-0.000000000,-0.238364191,0.188970184,0.029619751,0.992249369,0.120680822,0.105377562,0.236516718,-0.124262586,0.963648614,-0.298390510,0.000000000,0.000000000,0.000000000,1.000000000
1790743603116755234,1790743603,116755234,1790743603133528876,FL_foot,0.717436336,0.000000000,-0.696624077,0.201019722,0.086564309,0.992249369,0.089150495,0.102406118,0.691224800,-0.124262586,0.711875751,-0.322117793,0.000000000,0.000000000,0.000000000,1.000000000
1790743603116755234,1790743603,116755234,1790743603133528876,FR_hip,1.000000000,0.000000000,0.000000000,0.193400000,0.000000000,0.992759915,-0.120115575,-0.046500000,0.000000000,0.120115575,0.992759915,0.000000000,0.000000000,0.000000000,0.000000000,1.000000000
1790743603116755234,1790743603,116755234,1790743603133528876,FR_thigh,0.710619730,-0.000000000,0.703576293,0.193400000,0.084510471,0.992759915,-0.085356498,-0.141308572,-0.698482340,0.120115575,0.705474782,-0.011471037,0.000000000,0.000000000,0.000000000,1.000000000
1790743603116755234,1790743603,116755234,1790743603133528876,FR_calf,0.761839369,0.000000000,-0.647765988,0.043538250,-0.077806784,0.992759915,-0.091508774,-0.123127638,0.643076107,0.120115575,0.756323587,-0.161737166,0.000000000,0.000000000,0.000000000,1.000000000
1790743603116755234,1790743603,116755234,1790743603133528876,FR_calflower,0.793262074,0.000000000,-0.608880351,0.154644403,-0.073136014,0.992759915,-0.095283130,-0.111140475,0.604472005,0.120115575,0.787518789,-0.260811535,0.000000000,0.000000000,0.000000000,1.000000000
1790743603116755234,1790743603,116755234,1790743603133528876,FR_calflower1,0.984787699,-0.000000000,-0.173761873,0.171066997,-0.020871507,0.992759915,-0.118288341,-0.106597790,0.172503822,0.120115575,0.977657752,-0.298357007,0.000000000,0.000000000,0.000000000,1.000000000
1790743603116755234,1790743603,116755234,1790743603133528876,FR_foot,0.761839369,0.000000000,-0.647765988,0.181512405,-0.077806784,0.992759915,-0.091508774,-0.103636269,0.643076107,0.120115575,0.756323587,-0.322834090,0.000000000,0.000000000,0.000000000,1.000000000
1790743603116755234,1790743603,116755234,1790743603133528876,RL_hip,1.000000000,-0.000000000,0.000000000,-0.193400000,0.000000000,0.999905698,0.013733015,0.046500000,-0.000000000,-0.013733015,0.999905698,0.000000000,0.000000000,0.000000000,0.000000000,1.000000000
1790743603116755234,1790743603,116755234,1790743603133528876,RL_thigh,0.750440941,-0.000000000,0.660937512,-0.193400000,-0.009076665,0.999905698,0.010305817,0.141990994,-0.660875184,-0.013733015,0.750370172,-0.001311503,0.000000000,0.000000000,0.000000000,1.000000000
1790743603116755234,1790743603,116755234,1790743603133528876,RL_calf,0.741275385,-0.000000000,-0.671201016,-0.334179690,0.009217614,0.999905698,0.010179946,0.139795855,0.671137720,-0.013733015,0.741205481,-0.161140350,0.000000000,0.000000000,0.000000000,1.000000000
1790743603116755234,1790743603,116755234,1790743603133528876,RL_calflower,0.773895053,-0.000000000,-0.633313862,-0.220016432,0.008697309,0.999905698,0.010627912,0.138473575,0.633254139,-0.013733015,0.773822073,-0.257416006,0.000000000,0.000000000,0.000000000,1.000000000
1790743603116755234,1790743603,116755234,1790743603133528876,RL_calflower1,0.978892135,0.000000000,-0.204377560,-0.202422828,0.002806720,0.999905698,0.013443140,0.137961486,0.204358287,-0.013733015,0.978799824,-0.294701431,0.000000000,0.000000000,0.000000000,1.000000000
1790743603116755234,1790743603,116755234,1790743603133528876,RL_foot,0.741275385,-0.000000000,-0.671201016,-0.191213874,0.009217614,0.999905698,0.010179946,0.137627527,0.671137720,-0.013733015,0.741205481,-0.319017117,0.000000000,0.000000000,0.000000000,1.000000000
1790743603116755234,1790743603,116755234,1790743603133528876,RR_hip,1.000000000,-0.000000000,0.000000000,-0.193400000,0.000000000,0.999986689,0.005159670,-0.046500000,-0.000000000,-0.005159670,0.999986689,0.000000000,0.000000000,0.000000000,0.000000000,1.000000000
1790743603116755234,1790743603,116755234,1790743603133528876,RR_thigh,0.802863540,0.000000000,0.596162843,-0.193400000,-0.003076004,0.999986689,0.004142511,-0.141998729,-0.596154907,-0.005159670,0.802852853,0.000492748,0.000000000,0.000000000,0.000000000,1.000000000
1790743603116755234,1790743603,116755234,1790743603133528876,RR_calf,0.725451507,0.000000000,-0.688273282,-0.320382686,0.003551263,0.999986689,0.003743090,-0.142881084,0.688264120,-0.005159670,0.725441851,-0.170514909,0.000000000,0.000000000,0.000000000,1.000000000
1790743603116755234,1790743603,116755234,1790743603133528876,RR_calflower,0.758944209,-0.000000000,-0.651155656,-0.204009210,0.003359748,0.999986689,0.003915902,-0.143364036,0.651146988,-0.005159670,0.758934106,-0.264115021,0.000000000,0.000000000,0.000000000,1.000000000
1790743603116755234,1790743603,116755234,1790743603133528876,RR_calflower1,0.973869782,0.000000000,-0.227107130,-0.185552426,0.001171798,0.999986689,0.005024847,-0.143554269,0.227104107,-0.005159670,0.973856818,-0.300983855,0.000000000,0.000000000,0.000000000,1.000000000
1790743603116755234,1790743603,116755234,1790743603133528876,RR_foot,0.725451507,0.000000000,-0.688273282,-0.173780476,0.003551263,0.999986689,0.003743090,-0.143678362,0.688264120,-0.005159670,0.725441851,-0.325034023,0.000000000,0.000000000,0.000000000,1.000000000
1790743603154860712,1790743603,154860712,1790743603199825788,FL_hip,1.000000000,-0.000000000,0.000000000,0.193400000,0.000000000,0.992230545,0.124412800,0.046500000,-0.000000000,-0.124412800,0.992230545,0.000000000,0.000000000,0.000000000,0.000000000,1.000000000
1790743603154860712,1790743603,154860712,1790743603199825788,FL_thigh,0.750217134,0.000000000,0.661191539,0.193400000,-0.082260691,0.992230545,0.093336614,0.141258017,-0.656054441,-0.124412800,0.744388356,-0.011881422,0.000000000,0.000000000,0.000000000,1.000000000
1790743603154860712,1790743603,154860712,1790743603199825788,FL_calf,0.717730663,0.000000000,-0.696320828,0.052566202,0.086631224,0.992230545,0.089294881,0.121377318,0.690910795,-0.124412800,0.712154287,-0.170436142,0.000000000,0.000000000,0.000000000,1.000000000
1790743603154860712,1790743603,154860712,1790743603199825788,FL_calflower,0.751635223,0.000000000,-0.659579026,0.169976298,0.082060073,0.992230545,0.093513043,0.109894300,0.654454457,-0.124412800,0.745795427,-0.262016761,0.000000000,0.000000000,0.000000000,1.000000000
1790743603154860712,1790743603,154860712,1790743603199825788,FL_calflower1,0.971276485,0.000000000,-0.237953754,0.188843107,0.029604493,0.992230545,0.120839227,0.105333178,0.236104983,-0.124412800,0.963730197,-0.298393122,0.000000000,0.000000000,0.000000000,1.000000000
1790743603154860712,1790743603,154860712,1790743603199825788,FL_foot,0.717730663,0.000000000,-0.696320828,0.200882539,0.086631224,0.992230545,0.089294881,0.102357509,0.690910795,-0.124412800,0.712154287,-0.322125005,0.000000000,0.000000000,0.000000000,1.000000000
1790743603154860712,1790743603,154860712,1790743603199825788,FR_hip,1.000000000,0.000000000,0.000000000,0.193400000,0.000000000,0.992785352,-0.119905153,-0.046500000,0.000000000,0.119905153,0.992785352,0.000000000,0.000000000,0.000000000,0.000000000,1.000000000
1790743603154860712,1790743603,154860712,1790743603199825788,FR_thigh,0.710342727,0.000000000,0.703855959,0.193400000,0.084395957,0.992785352,-0.085173753,-0.141311001,-0.698777886,0.119905153,0.705217854,-0.011450942,0.000000000,0.000000000,0.000000000,1.000000000
1790743603154860712,1790743603,154860712,1790743603199825788,FR_calf,0.762104555,0.000000000,-0.647453973,0.043478681,-0.077633068,0.992785352,-0.091380263,-0.123168992,0.642782820,0.119905153,0.756606239,-0.161662345,0.000000000,0.000000000,0.000000000,1.000000000
1790743603154860712,1790743603,154860712,1790743603199825788,FR_calflower,0.793511335,0.000000000,-0.608555472,0.154543960,-0.072968937,0.992785352,-0.095146098,-0.111197374,0.604164958,0.119905153,0.787786429,-0.260784412,0.000000000,0.000000000,0.000000000,1.000000000
1790743603154860712,1790743603,154860712,1790743603199825788,FR_calflower1,0.984858769,0.000000000,-0.173358604,0.170951065,-0.020786590,0.992785352,-0.118089641,-0.106661841,0.172107882,0.119905153,0.977753359,-0.298337519,0.000000000,0.000000000,0.000000000,1.000000000
1790743603154860712,1790743603,154860712,1790743603199825788,FR_foot,0.762104555,0.000000000,-0.647453973,0.181386377,-0.077633068,0.992785352,-0.091380263,-0.103704995,0.642782820,0.119905153,0.756606239,-0.322819474,0.000000000,0.000000000,0.000000000,1.000000000
1790743603154860712,1790743603,154860712,1790743603199825788,RL_hip,1.000000000,-0.000000000,0.000000000,-0.193400000,0.000000000,0.999905281,0.013763291,0.046500000,-0.000000000,-0.013763291,0.999905281,0.000000000,0.000000000,0.000000000,0.000000000,1.000000000
1790743603154860712,1790743603,154860712,1790743603199825788,RL_thigh,0.750220760,0.000000000,0.661187425,-0.193400000,-0.009100115,0.999905281,0.010325507,0.141990954,-0.661124798,-0.013763291,0.750149700,-0.001314394,0.000000000,0.000000000,0.000000000,1.000000000
1790743603154860712,1790743603,154860712,1790743603199825788,RL_calf,0.741509459,0.000000000,-0.670942414,-0.334232922,0.009234376,0.999905281,0.010205611,0.139791621,0.670878863,-0.013763291,0.741439224,-0.161096280,0.000000000,0.000000000,0.000000000,1.000000000
1790743603154860712,1790743603,154860712,1790743603199825788,RL_calflower,0.774115910,0.000000000,-0.633043884,-0.220103255,0.008712767,0.999905281,0.010654383,0.138465879,0.632983922,-0.013763291,0.774042586,-0.257411708,0.000000000,0.000000000,0.000000000,1.000000000
1790743603154860712,1790743603,154860712,1790743603199825788,RL_calflower1,0.978963364,0.000000000,-0.204036104,-0.202522659,0.002808208,0.999905281,0.013473758,0.137952576,0.204016778,-0.013763291,0.978870638,-0.294703251,0.000000000,0.000000000,0.000000000,1.000000000
1790743603154860712,1790743603,154860712,1790743603199825788,RL_foot,0.741509459,0.000000000,-0.670942414,-0.191322187,0.009234376,0.999905281,0.010205611,0.137617826,0.670878863,-0.013763291,0.741439224,-0.319022835,0.000000000,0.000000000,0.000000000,1.000000000
1790743603154860712,1790743603,154860712,1790743603199825788,RR_hip,1.000000000,-0.000000000,0.000000000,-0.193400000,0.000000000,0.999986845,0.005129393,-0.046500000,-0.000000000,-0.005129393,0.999986845,0.000000000,0.000000000,0.000000000,0.000000000,1.000000000
1790743603154860712,1790743603,154860712,1790743603199825788,RR_thigh,0.802574625,-0.000000000,0.596551734,-0.193400000,-0.003059948,0.999986845,0.004116721,-0.141998744,-0.596543886,-0.005129393,0.802564067,0.000489857,0.000000000,0.000000000,0.000000000,1.000000000
1790743603154860712,1790743603,154860712,1790743603199825788,RR_calf,0.725784867,0.000000000,-0.687921744,-0.320465519,0.003528621,0.999986845,0.003722836,-0.142875605,0.687912694,-0.005129393,0.725775319,-0.170456289,0.000000000,0.000000000,0.000000000,1.000000000
1790743603154860712,1790743603,154860712,1790743603199825788,RR_calflower,0.759259583,0.000000000,-0.650787896,-0.204137404,0.003338147,0.999986845,0.003894541,-0.143356012,0.650779335,-0.005129393,0.759249594,-0.264112783,0.000000000,0.000000000,0.000000000,1.000000000
1790743603154860712,1790743603,154860712,1790743603199825788,RR_calflower1,0.973979693,0.000000000,-0.226635296,-0.185698484,0.001162502,0.999986845,0.004995925,-0.143545176,0.226632314,-0.005129393,0.973966880,-0.300990560,0.000000000,0.000000000,0.000000000,1.000000000
1790743603154860712,1790743603,154860712,1790743603199825788,RR_foot,0.725784867,0.000000000,-0.687921744,-0.173938188,0.003528621,0.999986845,0.003722836,-0.143668569,0.687912694,-0.005129393,0.725775319,-0.325046432,0.000000000,0.000000000,0.000000000,1.000000000
1790743603249165546,1790743603,249165546,1790743603266431514,FL_hip,1.000000000,-0.000000000,0.000000000,0.193400000,0.000000000,0.992238078,0.124352712,0.046500000,-0.000000000,-0.124352712,0.992238078,0.000000000,0.000000000,0.000000000,0.000000000,1.000000000
1790743603249165546,1790743603,249165546,1790743603266431514,FL_thigh,0.747166269,0.000000000,0.664637170,0.193400000,-0.082649434,0.992238078,0.092912152,0.141258736,-0.659478308,-0.124352712,0.741366822,-0.011875684,0.000000000,0.000000000,0.000000000,1.000000000
1790743603249165546,1790743603,249165546,1790743603266431514,FL_calf,0.720938641,0.000000000,-0.692998900,0.051832283,0.086176292,0.992238078,0.089650675,0.121468448,0.687619896,-0.124352712,0.715342772,-0.169786817,0.000000000,0.000000000,0.000000000,1.000000000
1790743603249165546,1790743603,249165546,1790743603266431514,FL_calflower,0.754673165,0.000000000,-0.656100917,0.168814893,0.081587928,0.992238078,0.093845655,0.109923674,0.651008313,-0.124352712,0.748815451,-0.261905149,0.000000000,0.000000000,0.000000000,1.000000000
1790743603249165546,1790743603,249165546,1790743603266431514,FL_calflower1,0.972365007,-0.000000000,-0.233465830,0.187512198,0.029032109,0.992238078,0.120916225,0.105353969,0.231653687,-0.124352712,0.964817585,-0.298367851,0.000000000,0.000000000,0.000000000,1.000000000
1790743603249165546,1790743603,249165546,1790743603266431514,FL_foot,0.720938641,0.000000000,-0.692998900,0.199441049,0.086176292,0.992238078,0.089650675,0.102372854,0.687619896,-0.124352712,0.715342772,-0.322154827,0.000000000,0.000000000,0.000000000,1.000000000
1790743603249165546,1790743603,249165546,1790743603266431514,FR_hip,1.000000000,0.000000000,0.000000000,0.193400000,0.000000000,0.992788982,-0.119875092,-0.046500000,0.000000000,0.119875092,0.992788982,0.000000000,0.000000000,0.000000000,0.000000000,1.000000000
1790743603249165546,1790743603,249165546,1790743603266431514,FR_thigh,0.707737970,0.000000000,0.706475029,0.193400000,0.084688759,0.992788982,-0.084840155,-0.141311348,-0.701380624,0.119875092,0.702634458,-0.011448071,0.000000000,0.000000000,0.000000000,1.000000000
1790743603249165546,1790743603,249165546,1790743603266431514,FR_calf,0.764501072,0.000000000,-0.644622456,0.042920819,-0.077274176,0.992788982,-0.091644637,-0.123240395,0.639974072,0.119875092,0.758988241,-0.161109211,0.000000000,0.000000000,0.000000000,1.000000000
1790743603249165546,1790743603,249165546,1790743603266431514,FR_calflower,0.795763340,0.000000000,-0.605607717,0.153614964,-0.072597281,0.992788982,-0.095392204,-0.111222472,0.601240669,0.119875092,0.790025076,-0.260639989,0.000000000,0.000000000,0.000000000,1.000000000
1790743603249165546,1790743603,249165546,1790743603266431514,FR_calflower1,0.985495074,0.000000000,-0.169704032,0.169881639,-0.020343286,0.992788982,-0.118136313,-0.106680811,0.168480293,0.119875092,0.978388651,-0.298253399,0.000000000,0.000000000,0.000000000,1.000000000
1790743603249165546,1790743603,249165546,1790743603266431514,FR_foot,0.764501072,0.000000000,-0.644622456,0.180225402,-0.077274176,0.992788982,-0.091644637,-0.103720087,0.639974072,0.119875092,0.758988241,-0.322773706,0.000000000,0.000000000,0.000000000,1.000000000
1790743603249165546,1790743603,249165546,1790743603266431514,RL_hip,1.000000000,-0.000000000,0.000000000,-0.193400000,0.000000000,0.999903607,0.013884396,0.046500000,-0.000000000,-0.013884396,0.999903607,0.000000000,0.000000000,0.000000000,0.000000000,1.000000000
1790743603249165546,1790743603,249165546,1790743603266431514,RL_thigh,0.747592377,0.000000000,0.664157841,-0.193400000,-0.009221431,0.999903607,0.010379869,0.141990794,-0.664093821,-0.013884396,0.747520315,-0.001325960,0.000000000,0.000000000,0.000000000,1.000000000
1790743603249165546,1790743603,249165546,1790743603266431514,RL_calf,0.744185901,-0.000000000,-0.667972563,-0.334865620,0.009274396,0.999903607,0.010332572,0.139779882,0.667908175,-0.013884396,0.744114167,-0.160547787,0.000000000,0.000000000,0.000000000,1.000000000
1790743603249165546,1790743603,249165546,1790743603266431514,RL_calflower,0.776640576,-0.000000000,-0.629943978,-0.221121963,0.008746392,0.999903607,0.010783186,0.138436150,0.629883256,-0.013884396,0.776565714,-0.257318520,0.000000000,0.000000000,0.000000000,1.000000000
1790743603249165546,1790743603,249165546,1790743603266431514,RL_calflower1,0.979771259,0.000000000,-0.200120665,-0.203690609,0.002778555,0.999903607,0.013603532,0.137917358,0.200101375,-0.013884396,0.979676816,-0.294679981,0.000000000,0.000000000,0.000000000,1.000000000
1790743603249165546,1790743603,249165546,1790743603266431514,RL_foot,0.744185901,-0.000000000,-0.667972563,-0.192587464,0.009274396,0.999903607,0.010332572,0.137579045,0.667908175,-0.013884396,0.744114167,-0.319044104,0.000000000,0.000000000,0.000000000,1.000000000
1790743603249165546,1790743603,249165546,1790743603266431514,RR_hip,1.000000000,-0.000000000,0.000000000,-0.193400000,0.000000000,0.999986532,0.005189949,-0.046500000,-0.000000000,-0.005189949,0.999986532,0.000000000,0.000000000,0.000000000,0.000000000,1.000000000
1790743603249165546,1790743603,249165546,1790743603266431514,RR_thigh,0.800165877,-0.000000000,0.599778768,-0.193400000,-0.003112821,0.999986532,0.004152820,-0.141998714,-0.599770690,-0.005189949,0.800155100,0.000495640,0.000000000,0.000000000,0.000000000,1.000000000
1790743603249165546,1790743603,249165546,1790743603266431514,RR_calf,0.728516742,0.000000000,-0.685027997,-0.321152878,0.003555260,0.999986532,0.003780965,-0.142883264,0.685018772,-0.005189949,0.728506930,-0.169937396,0.000000000,0.000000000,0.000000000,1.000000000
1790743603249165546,1790743603,249165546,1790743603266431514,RR_calflower,0.761843416,0.000000000,-0.647761229,-0.205198399,0.003361848,0.999986532,0.003953928,-0.143371742,0.647752505,-0.005189949,0.761833155,-0.264056046,0.000000000,0.000000000,0.000000000,1.000000000
1790743603249165546,1790743603,249165546,1790743603266431514,RR_calflower1,0.974873888,0.000000000,-0.222757497,-0.186906384,0.001156100,0.999986532,0.005059545,-0.143563518,0.222754497,-0.005189949,0.974860758,-0.301006898,0.000000000,0.000000000,0.000000000,1.000000000
1790743603249165546,1790743603,249165546,1790743603266431514,RR_foot,0.728516742,0.000000000,-0.685027997,-0.175241914,0.003555260,0.999986532,0.003780965,-0.143688610,0.685018772,-0.005189949,0.728506930,-0.325109372,0.000000000,0.000000000,0.000000000,1.000000000
1790743603317399758,1790743603,317399758,1790743603333531722,FL_hip,1.000000000,-0.000000000,0.000000000,0.193400000,0.000000000,0.992290699,0.123932112,0.046500000,-0.000000000,-0.123932112,0.992290699,0.000000000,0.000000000,0.000000000,0.000000000,1.000000000
1790743603317399758,1790743603,317399758,1790743603333531722,FL_thigh,0.745312023,-0.000000000,0.666715823,0.193400000,-0.082627500,0.992290699,0.092368093,0.141263762,-0.661575910,-0.123932112,0.739566188,-0.011835517,0.000000000,0.000000000,0.000000000,1.000000000
1790743603317399758,1790743603,317399758,1790743603333531722,FL_calf,0.722866193,0.000000000,-0.690988037,0.051389530,0.085635607,0.992290699,0.089586334,0.121589358,0.685661002,-0.123932112,0.717293400,-0.169363115,0.000000000,0.000000000,0.000000000,1.000000000
1790743603317399758,1790743603,317399758,1790743603333531722,FL_calflower,0.756497807,0.000000000,-0.653996230,0.168113083,0.081051134,0.992290699,0.093754371,0.110043293,0.648954376,-0.123932112,0.750665738,-0.261809318,0.000000000,0.000000000,0.000000000,1.000000000
1790743603317399758,1790743603,317399758,1790743603333531722,FL_calflower1,0.973011553,0.000000000,-0.230756402,0.186707954,0.028598128,0.992290699,0.120587377,0.105482606,0.228977431,-0.123932112,0.965510315,-0.298325491,0.000000000,0.000000000,0.000000000,1.000000000
1790743603317399758,1790743603,317399758,1790743603333531722,FL_foot,0.722866193,0.000000000,-0.690988037,0.198569982,0.085635607,0.992290699,0.089586334,0.102507469,0.685661002,-0.123932112,0.717293400,-0.322146609,0.000000000,0.000000000,0.000000000,1.000000000
1790743603317399758,1790743603,317399758,1790743603333531722,FR_hip,1.000000000,0.000000000,0.000000000,0.193400000,0.000000000,0.992741718,-0.120265874,-0.046500000,0.000000000,0.120265874,0.992741718,0.000000000,0.000000000,0.000000000,0.000000000,1.000000000
1790743603317399758,1790743603,317399758,1790743603333531722,FR_thigh,0.705960329,0.000000000,0.708251377,0.193400000,0.085178471,0.992741718,-0.084902936,-0.141306834,-0.703110690,0.120265874,0.700836270,-0.011485391,0.000000000,0.000000000,0.000000000,1.000000000
1790743603317399758,1790743603,317399758,1790743603333531722,FR_calf,0.766098322,0.000000000,-0.642723394,0.042542457,-0.077297691,0.992741718,-0.092135484,-0.123222509,0.638058327,0.120265874,0.760537764,-0.160763517,0.000000000,0.000000000,0.000000000,1.000000000
1790743603317399758,1790743603,317399758,1790743603333531722,FR_calflower,0.797263680,0.000000000,-0.603631200,0.152987485,-0.072596234,0.992741718,-0.095883613,-0.111132411,0.599249874,0.120265874,0.791476915,-0.260561939,0.000000000,0.000000000,0.000000000,1.000000000
1790743603317399758,1790743603,317399758,1790743603333531722,FR_calflower1,0.985913154,-0.000000000,-0.167258045,0.169160097,-0.020115435,0.992741718,-0.118571707,-0.106571104,0.166044039,0.120265874,0.978757118,-0.298213514,0.000000000,0.000000000,0.000000000,1.000000000
1790743603317399758,1790743603,317399758,1790743603333531722,FR_foot,0.766098322,0.000000000,-0.642723394,0.179442540,-0.077297691,0.992741718,-0.092135484,-0.103597651,0.638058327,0.120265874,0.760537764,-0.322758060,0.000000000,0.000000000,0.000000000,1.000000000
1790743603317399758,1790743603,317399758,1790743603333531722,RL_hip,1.000000000,-0.000000000,0.000000000,-0.193400000,0.000000000,0.999903607,0.013884396,0.046500000,-0.000000000,-0.013884396,0.999903607,0.000000000,0.000000000,0.000000000,0.000000000,1.000000000
1790743603317399758,1790743603,317399758,1790743603333531722,RL_thigh,0.745920956,-0.000000000,0.666034479,-0.193400000,-0.009247487,0.999903607,0.010356662,0.141990794,-0.665970278,-0.013884396,0.745849054,-0.001325960,0.000000000,0.000000000,0.000000000,1.000000000
1790743603317399758,1790743603,317399758,1790743603333531722,RL_calf,0.745862199,-0.000000000,-0.666100278,-0.335265344,0.009248400,0.999903607,0.010355846,0.139784825,0.666036071,-0.013884396,0.745790303,-0.160191808,0.000000000,0.000000000,0.000000000,1.000000000
1790743603317399758,1790743603,317399758,1790743603333531722,RL_calflower,0.778221204,-0.000000000,-0.627990253,-0.221765259,0.008719266,0.999903607,0.010805132,0.138437128,0.627929719,-0.013884396,0.778146189,-0.257248052,0.000000000,0.000000000,0.000000000,1.000000000
1790743603317399758,1790743603,317399758,1790743603333531722,RL_calflower1,0.980271078,-0.000000000,-0.197657820,-0.204427861,0.002744360,0.999903607,0.013610472,0.137917730,0.197638767,-0.013884396,0.980176587,-0.294653197,0.000000000,0.000000000,0.000000000,1.000000000
1790743603317399758,1790743603,317399758,1790743603333531722,RL_foot,0.745862199,-0.000000000,-0.666100278,-0.193385985,0.009248400,0.999903607,0.010355846,0.137579030,0.666036071,-0.013884396,0.745790303,-0.319045143,0.000000000,0.000000000,0.000000000,1.000000000
1790743603317399758,1790743603,317399758,1790743603333531722,RR_hip,1.000000000,-0.000000000,0.000000000,-0.193400000,0.000000000,0.999986689,0.005159670,-0.046500000,-0.000000000,-0.005159670,0.999986689,0.000000000,0.000000000,0.000000000,0.000000000,1.000000000
1790743603317399758,1790743603,317399758,1790743603333531722,RR_thigh,0.798874684,-0.000000000,0.601497498,-0.193400000,-0.003103529,0.999986689,0.004121930,-0.141998729,-0.601489491,-0.005159670,0.798864050,0.000492748,0.000000000,0.000000000,0.000000000,1.000000000
1790743603317399758,1790743603,317399758,1790743603333531722,RR_calf,0.729966071,0.000000000,-0.683483383,-0.321518967,0.003526549,0.999986689,0.003766384,-0.142876700,0.683474285,-0.005159670,0.729956355,-0.169665294,0.000000000,0.000000000,0.000000000,1.000000000
1790743603317399758,1790743603,317399758,1790743603333531722,RR_calflower,0.763213736,0.000000000,-0.646146109,-0.205764105,0.003333901,0.999986689,0.003937931,-0.143363594,0.646137508,-0.005159670,0.763203576,-0.264029349,0.000000000,0.000000000,0.000000000,1.000000000
1790743603317399758,1790743603,317399758,1790743603333531722,RR_calflower1,0.975343526,0.000000000,-0.220692108,-0.187550398,0.001138698,0.999986689,0.005032451,-0.143554450,0.220689171,-0.005159670,0.975330543,-0.301018867,0.000000000,0.000000000,0.000000000,1.000000000
1790743603317399758,1790743603,317399758,1790743603333531722,RR_foot,0.729966071,0.000000000,-0.683483383,-0.175937006,0.003526549,0.999986689,0.003766384,-0.143678940,0.683474285,-0.005159670,0.729956355,-0.325145998,0.000000000,0.000000000,0.000000000,1.000000000
1790743603337432196,1790743603,337432196,1790743603399888211,FL_hip,1.000000000,-0.000000000,0.000000000,0.193400000,0.000000000,0.992294451,0.123902066,0.046500000,-0.000000000,-0.123902066,0.992294451,0.000000000,0.000000000,0.000000000,0.000000000,1.000000000
1790743603337432196,1790743603,337432196,1790743603399888211,FL_thigh,0.745130307,0.000000000,0.666918905,0.193400000,-0.082632631,0.992294451,0.092323185,0.141264120,-0.661779929,-0.123902066,0.739388669,-0.011832647,0.000000000,0.000000000,0.000000000,1.000000000
1790743603337432196,1790743603,337432196,1790743603399888211,FL_calf,0.723043517,0.000000000,-0.690802485,0.051346273,0.085591855,0.992294451,0.089586586,0.121599282,0.685479472,-0.123902066,0.717472070,-0.169322434,0.000000000,0.000000000,0.000000000,1.000000000
1790743603337432196,1790743603,337432196,1790743603399888211,FL_calflower,0.756665635,0.000000000,-0.653802047,0.168045911,0.081007425,0.992294451,0.093752436,0.110052304,0.648764144,-0.123902066,0.750835111,-0.261798711,0.000000000,0.000000000,0.000000000,1.000000000
1790743603337432196,1790743603,337432196,1790743603399888211,FL_calflower1,0.973070747,-0.000000000,-0.230506663,0.186631337,0.028560252,0.992294451,0.120565476,0.105492132,0.228730483,-0.123902066,0.965572703,-0.298319757,0.000000000,0.000000000,0.000000000,1.000000000
1790743603337432196,1790743603,337432196,1790743603399888211,FL_foot,0.723043517,0.000000000,-0.690802485,0.198487202,0.085591855,0.992294451,0.089586586,0.102517339,0.685479472,-0.123902066,0.717472070,-0.322143985,0.000000000,0.000000000,0.000000000,1.000000000
1790743603337432196,1790743603,337432196,1790743603399888211,FR_hip,1.000000000,0.000000000,0.000000000,0.193400000,0.000000000,0.992741718,-0.120265874,-0.046500000,0.000000000,0.120265874,0.992741718,0.000000000,0.000000000,0.000000000,0.000000000,1.000000000
1790743603337432196,1790743603,337432196,1790743603399888211,FR_thigh,0.705767296,-0.000000000,0.708443734,0.193400000,0.085201605,0.992741718,-0.084879720,-0.141306834,-0.703301650,0.120265874,0.700644638,-0.011485391,0.000000000,0.000000000,0.000000000,1.000000000
1790743603337432196,1790743603,337432196,1790743603399888211,FR_calf,0.766293740,0.000000000,-0.642490392,0.042501485,-0.077269668,0.992741718,-0.092158986,-0.123227454,0.637827016,0.120265874,0.760731765,-0.160722699,0.000000000,0.000000000,0.000000000,1.000000000
1790743603337432196,1790743603,337432196,1790743603399888211,FR_calflower,0.797447209,-0.000000000,-0.603388721,0.152915937,-0.072567072,0.992741718,-0.095905685,-0.111133317,0.599009156,0.120265874,0.791659112,-0.260554460,0.000000000,0.000000000,0.000000000,1.000000000
1790743603337432196,1790743603,337432196,1790743603399888211,FR_calflower1,0.985963972,-0.000000000,-0.166958218,0.169077014,-0.020079376,0.992741718,-0.118577818,-0.106571419,0.165746388,0.120265874,0.978807568,-0.298210916,0.000000000,0.000000000,0.000000000,1.000000000
1790743603337432196,1790743603,337432196,1790743603399888211,FR_foot,0.766293740,0.000000000,-0.642490392,0.179351938,-0.077269668,0.992741718,-0.092158986,-0.103597590,0.637827016,0.120265874,0.760731765,-0.322758565,0.000000000,0.000000000,0.000000000,1.000000000
1790743603337432196,1790743603,337432196,1790743603399888211,RL_hip,1.000000000,-0.000000000,0.000000000,-0.193400000,0.000000000,0.999904027,0.013854120,0.046500000,-0.000000000,-0.013854120,0.999904027,0.000000000,0.000000000,0.000000000,0.000000000,1.000000000
1790743603337432196,1790743603,337432196,1790743603399888211,RL_thigh,0.745779770,-0.000000000,0.666192565,-0.193400000,-0.009229512,0.999904027,0.010332122,0.141990835,-0.666128629,-0.013854120,0.745708196,-0.001323068,0.000000000,0.000000000,0.000000000,1.000000000
1790743603337432196,1790743603,337432196,1790743603399888211,RL_calf,0.746003365,-0.000000000,-0.665942175,-0.335299016,0.009226043,0.999904027,0.010335220,0.139790093,0.665878262,-0.013854120,0.745931769,-0.160158914,0.000000000,0.000000000,0.000000000,1.000000000
1790743603337432196,1790743603,337432196,1790743603399888211,RL_calflower,0.778354291,0.000000000,-0.627825292,-0.221819507,0.008697967,0.999904027,0.010783414,0.138445001,0.627765038,-0.013854120,0.778279590,-0.257239251,0.000000000,0.000000000,0.000000000,1.000000000
1790743603337432196,1790743603,337432196,1790743603399888211,RL_calflower1,0.980312950,-0.000000000,-0.197450043,-0.204490039,0.002735497,0.999904027,0.013581373,0.137926685,0.197431093,-0.013854120,0.980218867,-0.294648085,0.000000000,0.000000000,0.000000000,1.000000000
1790743603337432196,1790743603,337432196,1790743603399888211,RL_foot,0.746003365,-0.000000000,-0.665942175,-0.193453333,0.009226043,0.999904027,0.010335220,0.137588691,0.665878262,-0.013854120,0.745931769,-0.319042381,0.000000000,0.000000000,0.000000000,1.000000000
1790743603337432196,1790743603,337432196,1790743603399888211,RR_hip,1.000000000,-0.000000000,0.000000000,-0.193400000,0.000000000,0.999986689,0.005159670,-0.046500000,-0.000000000,-0.005159670,0.999986689,0.000000000,0.000000000,0.000000000,0.000000000,1.000000000
1790743603337432196,1790743603,337432196,1790743603399888211,RR_thigh,0.798674298,-0.000000000,0.601763546,-0.193400000,-0.003104901,0.999986689,0.004120896,-0.141998729,-0.601755536,-0.005159670,0.798663667,0.000492748,0.000000000,0.000000000,0.000000000,1.000000000
1790743603337432196,1790743603,337432196,1790743603399888211,RR_calf,0.730204430,-0.000000000,-0.683228725,-0.321575635,0.003525235,0.999986689,0.003767614,-0.142876480,0.683219630,-0.005159670,0.730194710,-0.169622613,0.000000000,0.000000000,0.000000000,1.000000000
1790743603337432196,1790743603,337432196,1790743603399888211,RR_calflower,0.763439069,0.000000000,-0.645879856,-0.205853696,0.003332527,0.999986689,0.003939094,-0.143363582,0.645871258,-0.005159670,0.763428907,-0.264027037,0.000000000,0.000000000,0.000000000,1.000000000
1790743603337432196,1790743603,337432196,1790743603399888211,RR_calflower1,0.975420445,0.000000000,-0.220351889,-0.187652892,0.001136943,0.999986689,0.005032848,-0.143554471,0.220348956,-0.005159670,0.975407461,-0.301022906,0.000000000,0.000000000,0.000000000,1.000000000
1790743603337432196,1790743603,337432196,1790743603399888211,RR_foot,0.730204430,-0.000000000,-0.683228725,-0.176047917,0.003525235,0.999986689,0.003767614,-0.143678981,0.683219630,-0.005159670,0.730194710,-0.325154086,0.000000000,0.000000000,0.000000000,1.000000000
1790743603457591671,1790743603,457591671,1790743603466373007,FL_hip,1.000000000,-0.000000000,0.000000000,0.193400000,0.000000000,0.992305702,0.123811928,0.046500000,-0.000000000,-0.123811928,0.992305702,0.000000000,0.000000000,0.000000000,0.000000000,1.000000000
1790743603457591671,1790743603,457591671,1790743603466373007,FL_thigh,0.742945522,0.000000000,0.669351889,0.193400000,-0.082873748,0.992305702,0.091985518,0.141265195,-0.664201696,-0.123811928,0.737229078,-0.011824039,0.000000000,0.000000000,0.000000000,1.000000000
1790743603457591671,1790743603,457591671,1790743603466373007,FL_calf,0.725309466,0.000000000,-0.688422965,0.050828048,0.085234975,0.992305702,0.089801964,0.121672279,0.683126034,-0.123811928,0.719728719,-0.168853833,0.000000000,0.000000000,0.000000000,1.000000000
1790743603457591671,1790743603,457591671,1790743603466373007,FL_calflower,0.758809826,-0.000000000,-0.651312251,0.167220836,0.080640226,0.992305702,0.093949708,0.110086288,0.646300861,-0.123811928,0.752971317,-0.261711162,0.000000000,0.000000000,0.000000000,1.000000000
1790743603457591671,1790743603,457591671,1790743603466373007,FL_calflower1,0.973822897,0.000000000,-0.227308084,0.185685228,0.028143452,0.992305702,0.120570891,0.105521898,0.225559108,-0.123811928,0.966330014,-0.298293024,0.000000000,0.000000000,0.000000000,1.000000000
1790743603457591671,1790743603,457591671,1790743603466373007,FL_foot,0.725309466,0.000000000,-0.688422965,0.197462139,0.085234975,0.992305702,0.089801964,0.102544461,0.683126034,-0.123811928,0.719728719,-0.322156050,0.000000000,0.000000000,0.000000000,1.000000000
1790743603457591671,1790743603,457591671,1790743603466373007,FR_hip,1.000000000,0.000000000,0.000000000,0.193400000,0.000000000,0.992734434,-0.120325992,-0.046500000,0.000000000,0.120325992,0.992734434,0.000000000,0.000000000,0.000000000,0.000000000,1.000000000
1790743603457591671,1790743603,457591671,1790743603466373007,FR_thigh,0.703619083,0.000000000,0.710577361,0.193400000,0.085500926,0.992734434,-0.084663664,-0.141306138,-0.705414614,0.120325992,0.698506891,-0.011491132,0.000000000,0.000000000,0.000000000,1.000000000
1790743603457591671,1790743603,457591671,1790743603466373007,FR_calf,0.768245667,-0.000000000,-0.640155134,0.042047022,-0.077027302,0.992734434,-0.092439922,-0.123272778,0.635504044,0.120325992,0.762663927,-0.160273100,0.000000000,0.000000000,0.000000000,1.000000000
1790743603457591671,1790743603,457591671,1790743603466373007,FR_calflower,0.799279981,0.000000000,-0.600958827,0.152154895,-0.072310967,0.992734434,-0.096174157,-0.111132215,0.596592520,0.120325992,0.793472760,-0.260437280,0.000000000,0.000000000,0.000000000,1.000000000
1790743603457591671,1790743603,457591671,1790743603466373007,FR_calflower1,0.986467557,0.000000000,-0.163956577,0.168200448,-0.019728238,0.992734434,-0.118697688,-0.106562140,0.162765340,0.120325992,0.979300311,-0.298142116,0.000000000,0.000000000,0.000000000,1.000000000
1790743603457591671,1790743603,457591671,1790743603466373007,FR_foot,0.768245667,-0.000000000,-0.640155134,0.178400066,-0.077027302,0.992734434,-0.092439922,-0.103583075,0.635504044,0.120325992,0.762663927,-0.322720517,0.000000000,0.000000000,0.000000000,1.000000000
1790743603457591671,1790743603,457591671,1790743603466373007,RL_hip,1.000000000,-0.000000000,0.000000000,-0.193400000,0.000000000,0.999901918,0.014005501,0.046500000,-0.000000000,-0.014005501,0.999901918,0.000000000,0.000000000,0.000000000,0.000000000,1.000000000
1790743603457591671,1790743603,457591671,1790743603466373007,RL_thigh,0.743779539,-0.000000000,0.668425013,-0.193400000,-0.009361627,0.999901918,0.010417005,0.141990633,-0.668359452,-0.014005501,0.743706587,-0.001337525,0.000000000,0.000000000,0.000000000,1.000000000
1790743603457591671,1790743603,457591671,1790743603466373007,RL_calf,0.748006667,-0.000000000,-0.663691213,-0.335774528,0.009295328,0.999901918,0.010476208,0.139771811,0.663626117,-0.014005501,0.747933301,-0.159747028,0.000000000,0.000000000,0.000000000,1.000000000
1790743603457591671,1790743603,457591671,1790743603466373007,RL_calflower,0.780242589,0.000000000,-0.625477020,-0.222588095,0.008760119,0.999901918,0.010927688,0.138407239,0.625415672,-0.014005501,0.780166061,-0.257168635,0.000000000,0.000000000,0.000000000,1.000000000
1790743603457591671,1790743603,457591671,1790743603466373007,RL_calflower1,0.980903477,0.000000000,-0.194495162,-0.205371440,0.002724002,0.999901918,0.013738045,0.137882530,0.194476085,-0.014005501,0.980807269,-0.294629434,0.000000000,0.000000000,0.000000000,1.000000000
1790743603457591671,1790743603,457591671,1790743603466373007,RL_foot,0.748006667,-0.000000000,-0.663691213,-0.194408299,0.009295328,0.999901918,0.010476208,0.137540379,0.663626117,-0.014005501,0.747933301,-0.319056822,0.000000000,0.000000000,0.000000000,1.000000000
1790743603457591671,1790743603,457591671,1790743603466373007,RR_hip,1.000000000,-0.000000000,0.000000000,-0.193400000,0.000000000,0.999986689,0.005159670,-0.046500000,-0.000000000,-0.005159670,0.999986689,0.000000000,0.000000000,0.000000000,0.000000000,1.000000000
1790743603457591671,1790743603,457591671,1790743603466373007,RR_thigh,0.796830328,0.000000000,0.604203135,-0.193400000,-0.003117489,0.999986689,0.004111381,-0.141998729,-0.604195093,-0.005159670,0.796819721,0.000492748,0.000000000,0.000000000,0.000000000,1.000000000
1790743603457591671,1790743603,457591671,1790743603466373007,RR_calf,0.732279662,-0.000000000,-0.681004036,-0.322095268,0.003513756,0.999986689,0.003778321,-0.142874453,0.680994971,-0.005159670,0.732269915,-0.169229852,0.000000000,0.000000000,0.000000000,1.000000000
1790743603457591671,1790743603,457591671,1790743603466373007,RR_calflower,0.765400519,0.000000000,-0.643554229,-0.206661077,0.003320527,0.999986689,0.003949214,-0.143363369,0.643545662,-0.005159670,0.765390331,-0.263985900,0.000000000,0.000000000,0.000000000,1.000000000
1790743603457591671,1790743603,457591671,1790743603466373007,RR_calflower1,0.976086316,0.000000000,-0.217383313,-0.188572913,0.001121626,0.999986689,0.005036283,-0.143554543,0.217380419,-0.005159670,0.976073323,-0.301036970,0.000000000,0.000000000,0.000000000,1.000000000
1790743603457591671,1790743603,457591671,1790743603466373007,RR_foot,0.732279662,-0.000000000,-0.681004036,-0.177041408,0.003513756,0.999986689,0.003778321,-0.143679235,0.680994971,-0.005159670,0.732269915,-0.325203344,0.000000000,0.000000000,0.000000000,1.000000000
1790743603529408655,1790743603,529408655,1790743603533418235,FL_hip,1.000000000,-0.000000000,0.000000000,0.193400000,0.000000000,0.992301953,0.123841975,0.046500000,-0.000000000,-0.123841975,0.992301953,0.000000000,0.000000000,0.000000000,0.000000000,1.000000000
1790743603529408655,1790743603,529408655,1790743603533418235,FL_thigh,0.742398094,-0.000000000,0.669959007,0.193400000,-0.082969046,0.992301953,0.091940046,0.141264836,-0.664801631,-0.123841975,0.736683078,-0.011826909,0.000000000,0.000000000,0.000000000,1.000000000
1790743603529408655,1790743603,529408655,1790743603533418235,FL_calf,0.725861088,0.000000000,-0.687841319,0.050698732,0.085183627,0.992301953,0.089892070,0.121681607,0.682546284,-0.123841975,0.720273375,-0.168740404,0.000000000,0.000000000,0.000000000,1.000000000
1790743603529408655,1790743603,529408655,1790743603533418235,FL_calflower,0.759331689,0.000000000,-0.650703763,0.167016469,0.080584439,0.992301953,0.094037136,0.110081253,0.645694614,-0.123841975,0.753486317,-0.261689938,0.000000000,0.000000000,0.000000000,1.000000000
1790743603529408655,1790743603,529408655,1790743603533418235,FL_calflower1,0.974004800,0.000000000,-0.226527373,0.185451302,0.028053597,0.992301953,0.120622678,0.105513923,0.224783554,-0.123841975,0.966506864,-0.298286337,0.000000000,0.000000000,0.000000000,1.000000000
1790743603529408655,1790743603,529408655,1790743603533418235,FL_foot,0.725861088,0.000000000,-0.687841319,0.197208933,0.085183627,0.992301953,0.089892070,0.102534596,0.682546284,-0.123841975,0.720273375,-0.322158633,0.000000000,0.000000000,0.000000000,1.000000000
1790743603529408655,1790743603,529408655,1790743603533418235,FR_hip,1.000000000,0.000000000,0.000000000,0.193400000,0.000000000,0.992738076,-0.120295933,-0.046500000,0.000000000,0.120295933,0.992738076,0.000000000,0.000000000,0.000000000,0.000000000,1.000000000
1790743603529408655,1790743603,529408655,1790743603533418235,FR_thigh,0.703037966,-0.000000000,0.711152317,0.193400000,0.085548731,0.992738076,-0.084572608,-0.141306486,-0.705987983,0.120295933,0.697932558,-0.011488262,0.000000000,0.000000000,0.000000000,1.000000000
1790743603529408655,1790743603,529408655,1790743603533418235,FR_calf,0.768768722,0.000000000,-0.639526896,0.041924556,-0.076932485,0.992738076,-0.092479751,-0.123292521,0.634882701,0.120295933,0.763185983,-0.160147897,0.000000000,0.000000000,0.000000000,1.000000000
1790743603529408655,1790743603,529408655,1790743603533418235,FR_calflower,0.799770985,0.000000000,-0.600305232,0.151949912,-0.072214278,0.992738076,-0.096209197,-0.111144167,0.595945862,0.120295933,0.793963109,-0.260401768,0.000000000,0.000000000,0.000000000,1.000000000
1790743603529408655,1790743603,529408655,1790743603533418235,FR_calflower1,0.986601258,0.000000000,-0.163150107,0.167964411,-0.019626294,0.992738076,-0.118684119,-0.106573657,0.161965324,0.120295933,0.979436635,-0.298119751,0.000000000,0.000000000,0.000000000,1.000000000
1790743603529408655,1790743603,529408655,1790743603533418235,FR_foot,0.768768722,0.000000000,-0.639526896,0.178143785,-0.076932485,0.992738076,-0.092479751,-0.103594334,0.634882701,0.120295933,0.763185983,-0.322706511,0.000000000,0.000000000,0.000000000,1.000000000
1790743603529408655,1790743603,529408655,1790743603533418235,RL_hip,1.000000000,-0.000000000,0.000000000,-0.193400000,0.000000000,0.999903186,0.013914672,0.046500000,-0.000000000,-0.013914672,0.999903186,0.000000000,0.000000000,0.000000000,0.000000000,1.000000000
1790743603529408655,1790743603,529408655,1790743603533418235,RL_thigh,0.743111309,-0.000000000,0.669167828,-0.193400000,-0.009311251,0.999903186,0.010340150,0.141990754,-0.669103044,-0.013914672,0.743039366,-0.001328851,0.000000000,0.000000000,0.000000000,1.000000000
1790743603529408655,1790743603,529408655,1790743603533418235,RL_calf,0.748679854,0.000000000,-0.662931728,-0.335932747,0.009224478,0.999903186,0.010417635,0.139788302,0.662867547,-0.013914672,0.748607371,-0.159596236,0.000000000,0.000000000,0.000000000,1.000000000
1790743603529408655,1790743603,529408655,1790743603533418235,RL_calflower,0.780876976,-0.000000000,-0.624684839,-0.222845255,0.008692285,0.999903186,0.010865647,0.138430982,0.624624361,-0.013914672,0.780801377,-0.257132776,0.000000000,0.000000000,0.000000000,1.000000000
1790743603529408655,1790743603,529408655,1790743603533418235,RL_calflower1,0.981100363,0.000000000,-0.193499554,-0.205666631,0.002692483,0.999903186,0.013651690,0.137909433,0.193480821,-0.013914672,0.981005379,-0.294611075,0.000000000,0.000000000,0.000000000,1.000000000
1790743603529408655,1790743603,529408655,1790743603533418235,RL_foot,0.748679854,0.000000000,-0.662931728,-0.194728289,0.009224478,0.999903186,0.010417635,0.137569346,0.662867547,-0.013914672,0.748607371,-0.319049606,0.000000000,0.000000000,0.000000000,1.000000000
1790743603529408655,1790743603,529408655,1790743603533418235,RR_hip,1.000000000,-0.000000000,0.000000000,-0.193400000,0.000000000,0.999986689,0.005159670,-0.046500000,-0.000000000,-0.005159670,0.999986689,0.000000000,0.000000000,0.000000000,0.000000000,1.000000000
1790743603529408655,1790743603,529408655,1790743603533418235,RR_thigh,0.795951410,0.000000000,0.605360515,-0.193400000,-0.003123460,0.999986689,0.004106847,-0.141998729,-0.605352457,-0.005159670,0.795940815,0.000492748,0.000000000,0.000000000,0.000000000,1.000000000
1790743603529408655,1790743603,529408655,1790743603533418235,RR_calf,0.733247098,-0.000000000,-0.679962273,-0.322341790,0.003508381,0.999986689,0.003783313,-0.142873487,0.679953222,-0.005159670,0.733237338,-0.169042645,0.000000000,0.000000000,0.000000000,1.000000000
1790743603529408655,1790743603,529408655,1790743603533418235,RR_calflower,0.766314680,0.000000000,-0.642465416,-0.207042431,0.003314910,0.999986689,0.003953931,-0.143363250,0.642456865,-0.005159670,0.766304479,-0.263962707,0.000000000,0.000000000,0.000000000,1.000000000
1790743603529408655,1790743603,529408655,1790743603533418235,RR_calflower1,0.976394381,-0.000000000,-0.215995401,-0.189006961,0.001114465,0.999986689,0.005037873,-0.143554556,0.215992526,-0.005159670,0.976381384,-0.301039454,0.000000000,0.000000000,0.000000000,1.000000000
1790743603529408655,1790743603,529408655,1790743603533418235,RR_foot,0.733247098,-0.000000000,-0.679962273,-0.177509825,0.003508381,0.999986689,0.003783313,-0.143679333,0.679953222,-0.005159670,0.733237338,-0.325222198,0.000000000,0.000000000,0.000000000,1.000000000
1790743604061967190,1790743604,61967190,1790743604066458600,FL_hip,1.000000000,-0.000000000,0.000000000,0.193400000,0.000000000,0.992328177,0.123631664,0.046500000,-0.000000000,-0.123631664,0.992328177,0.000000000,0.000000000,0.000000000,0.000000000,1.000000000
1790743604061967190,1790743604,61967190,1790743604066458600,FL_thigh,0.733900976,0.000000000,0.679256473,0.193400000,-0.083977608,0.992328177,0.090733399,0.141267341,-0.674045338,-0.123631664,0.728270618,-0.011806824,0.000000000,0.000000000,0.000000000,1.000000000
1790743604061967190,1790743604,61967190,1790743604066458600,FL_calf,0.734456210,0.000000000,-0.678656080,0.048718371,0.083903381,0.992328177,0.090802044,0.121941127,0.673449551,-0.123631664,0.728821593,-0.166928466,0.000000000,0.000000000,0.000000000,1.000000000
1790743604061967190,1790743604,61967190,1790743604066458600,FL_calflower,0.767456999,0.000000000,-0.641100425,0.163848595,0.079260312,0.992328177,0.094881986,0.110180492,0.636182017,-0.123631664,0.761569205,-0.261325070,0.000000000,0.000000000,0.000000000,1.000000000
1790743604061967190,1790743604,61967190,1790743604066458600,FL_calflower1,0.976777287,0.000000000,-0.214257162,0.181818042,0.026488970,0.992328177,0.120760601,0.105592610,0.212613419,-0.123631664,0.969283625,-0.298149659,0.000000000,0.000000000,0.000000000,1.000000000
1790743604061967190,1790743604,61967190,1790743604066458600,FL_foot,0.734456210,0.000000000,-0.678656080,0.193272116,0.083903381,0.992328177,0.090802044,0.102600292,0.673449551,-0.123631664,0.728821593,-0.322167465,0.000000000,0.000000000,0.000000000,1.000000000
1790743604061967190,1790743604,61967190,1790743604066458600,FR_hip,1.000000000,0.000000000,0.000000000,0.193400000,0.000000000,0.992694301,-0.120656636,-0.046500000,0.000000000,0.120656636,0.992694301,0.000000000,0.000000000,0.000000000,0.000000000,1.000000000
1790743604061967190,1790743604,61967190,1790743604066458600,FR_thigh,0.694896564,0.000000000,0.719109703,0.193400000,0.086765358,0.992694301,-0.083843882,-0.141302306,-0.713856105,0.120656636,0.689819859,-0.011522709,0.000000000,0.000000000,0.000000000,1.000000000
1790743604061967190,1790743604,61967190,1790743604066458600,FR_calf,0.776039206,0.000000000,-0.630684668,0.040229633,-0.076096291,0.992694301,-0.093634280,-0.123443559,0.626077076,0.120656636,0.770369698,-0.158454339,0.000000000,0.000000000,0.000000000,1.000000000
1790743604061967190,1790743604,61967190,1790743604066458600,FR_calflower,0.806590455,0.000000000,-0.591110681,0.149091748,-0.071321427,0.992694301,-0.097320491,-0.111107611,0.586792205,0.120656636,0.800697748,-0.259947513,0.000000000,0.000000000,0.000000000,1.000000000
1790743604061967190,1790743604,61967190,1790743604066458600,FR_calflower1,0.988404242,0.000000000,-0.151845498,0.164670271,-0.018321167,0.992694301,-0.119257531,-0.106501577,0.150736160,0.120656636,0.981183258,-0.297843345,0.000000000,0.000000000,0.000000000,1.000000000
1790743604061967190,1790743604,61967190,1790743604066458600,FR_foot,0.776039206,0.000000000,-0.630684668,0.174565467,-0.076096291,0.992694301,-0.093634280,-0.103499457,0.626077076,0.120656636,0.770369698,-0.322543084,0.000000000,0.000000000,0.000000000,1.000000000
1790743604061967190,1790743604,61967190,1790743604066458600,RL_hip,1.000000000,-0.000000000,0.000000000,-0.193400000,0.000000000,0.999902342,0.013975225,0.046500000,-0.000000000,-0.013975225,0.999902342,0.000000000,0.000000000,0.000000000,0.000000000,1.000000000
1790743604061967190,1790743604,61967190,1790743604066458600,RL_thigh,0.736306331,0.000000000,0.676648348,-0.193400000,-0.009456313,0.999902342,0.010290047,0.141990674,-0.676582267,-0.013975225,0.736234425,-0.001334634,0.000000000,0.000000000,0.000000000,1.000000000
1790743604061967190,1790743604,61967190,1790743604066458600,RL_calf,0.755397281,0.000000000,-0.655267081,-0.337526098,0.009157505,0.999902342,0.010556847,0.139798894,0.655203089,-0.013975225,0.755323510,-0.158152567,0.000000000,0.000000000,0.000000000,1.000000000
1790743604061967190,1790743604,61967190,1790743604066458600,RL_calflower,0.787202935,0.000000000,-0.616694040,-0.225438624,0.008618438,0.999902342,0.011001338,0.138419630,0.616633814,-0.013975225,0.787126059,-0.256836384,0.000000000,0.000000000,0.000000000,1.000000000
1790743604061967190,1790743604,61967190,1790743604066458600,RL_calflower1,0.983021472,0.000000000,-0.183490560,-0.208642892,0.002564322,0.999902342,0.013737946,0.137893393,0.183472640,-0.013975225,0.982925472,-0.294487765,0.000000000,0.000000000,0.000000000,1.000000000
1790743604061967190,1790743604,61967190,1790743604066458600,RL_foot,0.755397281,0.000000000,-0.655267081,-0.197954210,0.009157505,0.999902342,0.010556847,0.137550285,0.655203089,-0.013975225,0.755323510,-0.319036474,0.000000000,0.000000000,0.000000000,1.000000000
1790743604061967190,1790743604,61967190,1790743604066458600,RR_hip,1.000000000,-0.000000000,0.000000000,-0.193400000,0.000000000,0.999986845,0.005129393,-0.046500000,-0.000000000,-0.005129393,0.999986845,0.000000000,0.000000000,0.000000000,0.000000000,1.000000000
1790743604061967190,1790743604,61967190,1790743604066458600,RR_thigh,0.788710593,0.000000000,0.614764671,-0.193400000,-0.003153370,0.999986845,0.004045607,-0.141998744,-0.614756583,-0.005129393,0.788700217,0.000489857,0.000000000,0.000000000,0.000000000,1.000000000
1790743604061967190,1790743604,61967190,1790743604066458600,RR_calf,0.741021689,-0.000000000,-0.671481091,-0.324344875,0.003444290,0.999986845,0.003800992,-0.142860458,0.671472258,-0.005129393,0.741011941,-0.167503289,0.000000000,0.000000000,0.000000000,1.000000000
1790743604061967190,1790743604,61967190,1790743604066458600,RR_calflower,0.773655672,0.000000000,-0.633606266,-0.210145240,0.003250016,0.999986845,0.003968384,-0.143354119,0.633597931,-0.005129393,0.773645495,-0.263743611,0.000000000,0.000000000,0.000000000,1.000000000
1790743604061967190,1790743604,61967190,1790743604066458600,RR_calflower1,0.978814833,0.000000000,-0.204747463,-0.192537546,0.001050230,0.999986845,0.005020726,-0.143545354,0.204744769,-0.005129393,0.978801956,-0.301025410,0.000000000,0.000000000,0.000000000,1.000000000
1790743604061967190,1790743604,61967190,1790743604066458600,RR_foot,0.741021689,-0.000000000,-0.671481091,-0.181319402,0.003444290,0.999986845,0.003800992,-0.143670069,0.671472258,-0.005129393,0.741011941,-0.325338833,0.000000000,0.000000000,0.000000000,1.000000000
1790743604126376131,1790743604,126376131,1790743604133490712,FL_hip,1.000000000,-0.000000000,0.000000000,0.193400000,0.000000000,0.992331920,0.123601617,0.046500000,-0.000000000,-0.123601617,0.992331920,0.000000000,0.000000000,0.000000000,0.000000000,1.000000000
1790743604126376131,1790743604,126376131,1790743604133490712,FL_thigh,0.732480312,0.000000000,0.680788214,0.193400000,-0.084146524,0.992331920,0.090535751,0.141267698,-0.675567876,-0.123601617,0.726863595,-0.011803954,0.000000000,0.000000000,0.000000000,1.000000000
1790743604126376131,1790743604,126376131,1790743604133490712,FL_calf,0.735861761,0.000000000,-0.677131796,0.048392110,0.083694585,0.992331920,0.090953704,0.121983583,0.671939495,-0.123601617,0.730219115,-0.166625900,0.000000000,0.000000000,0.000000000,1.000000000
1790743604126376131,1790743604,126376131,1790743604133490712,FL_calflower,0.768784610,0.000000000,-0.639507798,0.163324851,0.079044198,0.992331920,0.095023021,0.110196327,0.634604001,-0.123601617,0.762889509,-0.261259539,0.000000000,0.000000000,0.000000000,1.000000000
1790743604126376131,1790743604,126376131,1790743604133490712,FL_calflower1,0.977219429,-0.000000000,-0.212231446,0.181217317,0.026232150,0.992331920,0.120785902,0.105604964,0.210604038,-0.123601617,0.969726033,-0.298121160,0.000000000,0.000000000,0.000000000,1.000000000
1790743604126376131,1790743604,126376131,1790743604133490712,FL_foot,0.735861761,0.000000000,-0.677131796,0.192621183,0.083694585,0.992331920,0.090953704,0.102610445,0.671939495,-0.123601617,0.730219115,-0.322162572,0.000000000,0.000000000,0.000000000,1.000000000
1790743604126376131,1790743604,126376131,1790743604133490712,FR_hip,1.000000000,0.000000000,0.000000000,0.193400000,0.000000000,0.992701606,-0.120596520,-0.046500000,0.000000000,0.120596520,0.992701606,0.000000000,0.000000000,0.000000000,0.000000000,1.000000000
1790743604126376131,1790743604,126376131,1790743604133490712,FR_thigh,0.693632685,0.000000000,0.720328882,0.193400000,0.086869157,0.992701606,-0.083649688,-0.141303003,-0.715071639,0.120596520,0.688570280,-0.011516968,0.000000000,0.000000000,0.000000000,1.000000000
1790743604126376131,1790743604,126376131,1790743604133490712,FR_calf,0.777155440,0.000000000,-0.629308686,0.039969948,-0.075892438,0.992701606,-0.093722242,-0.123485620,0.624715744,0.120596520,0.771483453,-0.158182437,0.000000000,0.000000000,0.000000000,1.000000000
1790743604126376131,1790743604,126376131,1790743604133490712,FR_calflower,0.807636523,0.000000000,-0.589680631,0.148650742,-0.071113432,0.992701606,-0.097398154,-0.111132577,0.585376910,0.120596520,0.801742074,-0.259867674,0.000000000,0.000000000,0.000000000,1.000000000
1790743604126376131,1790743604,126376131,1790743604133490712,FR_calflower1,0.988671731,-0.000000000,-0.150093998,0.164161602,-0.018100814,0.992701606,-0.119230370,-0.106525516,0.148998553,0.120596520,0.981456016,-0.297791126,0.000000000,0.000000000,0.000000000,1.000000000
1790743604126376131,1790743604,126376131,1790743604133490712,FR_foot,0.777155440,0.000000000,-0.629308686,0.174012698,-0.075892438,0.992701606,-0.093722242,-0.103522782,0.624715744,0.120596520,0.771483453,-0.322508413,0.000000000,0.000000000,0.000000000,1.000000000
1790743604126376131,1790743604,126376131,1790743604133490712,RL_hip,1.000000000,-0.000000000,0.000000000,-0.193400000,0.000000000,0.999901494,0.014035777,0.046500000,-0.000000000,-0.014035777,0.999901494,0.000000000,0.000000000,0.000000000,0.000000000,1.000000000
1790743604126376131,1790743604,126376131,1790743604133490712,RL_thigh,0.736244863,-0.000000000,0.676715229,-0.193400000,-0.009498224,0.999901494,0.010333769,0.141990593,-0.676648568,-0.014035777,0.736172339,-0.001340417,0.000000000,0.000000000,0.000000000,1.000000000
1790743604126376131,1790743604,126376131,1790743604133490712,RL_calf,0.755467110,0.000000000,-0.655186573,-0.337540344,0.009196053,0.999901494,0.010603568,0.139789500,0.655122033,-0.014035777,0.755392692,-0.158145125,0.000000000,0.000000000,0.000000000,1.000000000
1790743604126376131,1790743604,126376131,1790743604133490712,RL_calflower,0.787268654,-0.000000000,-0.616610141,-0.225463389,0.008654603,0.999901494,0.011049928,0.138404093,0.616549401,-0.014035777,0.787191103,-0.256840803,0.000000000,0.000000000,0.000000000,1.000000000
1790743604126376131,1790743604,126376131,1790743604133490712,RL_calflower1,0.983041022,0.000000000,-0.183385795,-0.208671670,0.002573962,0.999901494,0.013797745,0.137875550,0.183367730,-0.014035777,0.982944186,-0.294493941,0.000000000,0.000000000,0.000000000,1.000000000
1790743604126376131,1790743604,126376131,1790743604133490712,RL_foot,0.755467110,0.000000000,-0.655186573,-0.197985604,0.009196053,0.999901494,0.010603568,0.137530940,0.655122033,-0.014035777,0.755392692,-0.319043768,0.000000000,0.000000000,0.000000000,1.000000000
1790743604126376131,1790743604,126376131,1790743604133490712,RR_hip,1.000000000,-0.000000000,0.000000000,-0.193400000,0.000000000,0.999986845,0.005129393,-0.046500000,-0.000000000,-0.005129393,0.999986845,0.000000000,0.000000000,0.000000000,0.000000000,1.000000000
1790743604126376131,1790743604,126376131,1790743604133490712,RR_thigh,0.787592492,0.000000000,0.616196451,-0.193400000,-0.003160714,0.999986845,0.004039871,-0.141998744,-0.616188345,-0.005129393,0.787582131,0.000489857,0.000000000,0.000000000,0.000000000,1.000000000
1790743604126376131,1790743604,126376131,1790743604133490712,RR_calf,0.742208503,0.000000000,-0.670169036,-0.324649844,0.003437560,0.999986845,0.003807079,-0.142859236,0.670160220,-0.005129393,0.742198739,-0.167265137,0.000000000,0.000000000,0.000000000,1.000000000
1790743604126376131,1790743604,126376131,1790743604133490712,RR_calflower,0.774775428,0.000000000,-0.632236535,-0.210620657,0.003242990,0.999986845,0.003974128,-0.143353933,0.632228218,-0.005129393,0.774765235,-0.263707346,0.000000000,0.000000000,0.000000000,1.000000000
1790743604126376131,1790743604,126376131,1790743604133490712,RR_calflower1,0.979175537,0.000000000,-0.203015438,-0.193078950,0.001041346,0.999986845,0.005022576,-0.143545328,0.203012768,-0.005129393,0.979162655,-0.301020237,0.000000000,0.000000000,0.000000000,1.000000000
1790743604126376131,1790743604,126376131,1790743604133490712,RR_foot,0.742208503,0.000000000,-0.670169036,-0.181903839,0.003437560,0.999986845,0.003807079,-0.143670144,0.670160220,-0.005129393,0.742198739,-0.325353468,0.000000000,0.000000000,0.000000000,1.000000000
1790743604193429678,1790743604,193429678,1790743604199732453,FL_hip,1.000000000,-0.000000000,0.000000000,0.193400000,0.000000000,0.992331920,0.123601617,0.046500000,-0.000000000,-0.123601617,0.992331920,0.000000000,0.000000000,0.000000000,0.000000000,1.000000000
1790743604193429678,1790743604,193429678,1790743604199732453,FL_thigh,0.731366235,0.000000000,0.681984920,0.193400000,-0.084294439,0.992331920,0.090398049,0.141267698,-0.676755405,-0.123601617,0.725758060,-0.011803954,0.000000000,0.000000000,0.000000000,1.000000000
1790743604193429678,1790743604,193429678,1790743604199732453,FL_calf,0.736946544,0.000000000,-0.675951027,0.048137212,0.083548640,0.992331920,0.091087785,0.122012914,0.670767781,-0.123601617,0.731295580,-0.166390421,0.000000000,0.000000000,0.000000000,1.000000000
1790743604193429678,1790743604,193429678,1790743604199732453,FL_calflower,0.769809024,0.000000000,-0.638274288,0.162916895,0.078891734,0.992331920,0.095149640,0.110202895,0.633379950,-0.123601617,0.763906067,-0.261206811,0.000000000,0.000000000,0.000000000,1.000000000
1790743604193429678,1790743604,193429678,1790743604199732453,FL_calflower1,0.977558470,0.000000000,-0.210664276,0.180749776,0.026038445,0.992331920,0.120827808,0.105607992,0.209048886,-0.123601617,0.970062474,-0.298096854,0.000000000,0.000000000,0.000000000,1.000000000
1790743604193429678,1790743604,193429678,1790743604199732453,FL_foot,0.736946544,0.000000000,-0.675951027,0.192114781,0.083548640,0.992331920,0.091087785,0.102611216,0.670767781,-0.123601617,0.731295580,-0.322156380,0.000000000,0.000000000,0.000000000,1.000000000
1790743604193429678,1790743604,193429678,1790743604199732453,FR_hip,1.000000000,0.000000000,0.000000000,0.193400000,0.000000000,0.992690648,-0.120686694,-0.046500000,0.000000000,0.120686694,0.992690648,0.000000000,0.000000000,0.000000000,0.000000000,1.000000000
1790743604193429678,1790743604,193429678,1790743604199732453,FR_thigh,0.692344775,0.000000000,0.721566845,0.193400000,0.087083517,0.992690648,-0.083556802,-0.141301957,-0.716292659,0.120686694,0.687284183,-0.011525579,0.000000000,0.000000000,0.000000000,1.000000000
1790743604193429678,1790743604,193429678,1790743604199732453,FR_calf,0.778288358,0.000000000,-0.627907025,0.039706262,-0.075780023,0.992690648,-0.093929049,-0.123504358,0.623317431,0.120686694,0.772599574,-0.157917110,0.000000000,0.000000000,0.000000000,1.000000000
1790743604193429678,1790743604,193429678,1790743604199732453,FR_calflower,0.808697972,0.000000000,-0.588224099,0.148202269,-0.070990822,0.992690648,-0.097599085,-0.111118459,0.583924561,0.120686694,0.802786913,-0.259795499,0.000000000,0.000000000,0.000000000,1.000000000
1790743604193429678,1790743604,193429678,1790743604199732453,FR_calflower1,0.988940634,0.000000000,-0.148311906,0.163644253,-0.017899274,0.992690648,-0.119351976,-0.106504588,0.147227842,0.120686694,0.981712119,-0.297746221,0.000000000,0.000000000,0.000000000,1.000000000
1790743604193429678,1790743604,193429678,1790743604199732453,FR_foot,0.778288358,0.000000000,-0.627907025,0.173450458,-0.075780023,0.992690648,-0.093929049,-0.103497471,0.623317431,0.120686694,0.772599574,-0.322480820,0.000000000,0.000000000,0.000000000,1.000000000
1790743604193429678,1790743604,193429678,1790743604199732453,RL_hip,1.000000000,-0.000000000,0.000000000,-0.193400000,0.000000000,0.999901918,0.014005501,0.046500000,-0.000000000,-0.014005501,0.999901918,0.000000000,0.000000000,0.000000000,0.000000000,1.000000000
1790743604193429678,1790743604,193429678,1790743604199732453,RL_thigh,0.735568354,0.000000000,0.677450512,-0.193400000,-0.009488034,0.999901918,0.010302003,0.141990633,-0.677384067,-0.014005501,0.735496208,-0.001337525,0.000000000,0.000000000,0.000000000,1.000000000
1790743604193429678,1790743604,193429678,1790743604199732453,RL_calf,0.756152414,-0.000000000,-0.654395544,-0.337696959,0.009165138,0.999901918,0.010590293,0.139796306,0.654331359,-0.014005501,0.756078249,-0.157998218,0.000000000,0.000000000,0.000000000,1.000000000
1790743604193429678,1790743604,193429678,1790743604199732453,RL_calflower,0.787913566,0.000000000,-0.615785850,-0.225723370,0.008624389,0.999901918,0.011035124,0.138412246,0.615725453,-0.014005501,0.787836286,-0.256811171,0.000000000,0.000000000,0.000000000,1.000000000
1790743604193429678,1790743604,193429678,1790743604199732453,RL_calflower1,0.983232414,0.000000000,-0.182356846,-0.208971072,0.002553999,0.999901918,0.013770663,0.137884597,0.182338960,-0.014005501,0.983135977,-0.294481877,0.000000000,0.000000000,0.000000000,1.000000000
1790743604193429678,1790743604,193429678,1790743604199732453,RL_foot,0.756152414,-0.000000000,-0.654395544,-0.198310708,0.009165138,0.999901918,0.010590293,0.137540574,0.654331359,-0.014005501,0.756078249,-0.319042885,0.000000000,0.000000000,0.000000000,1.000000000
1790743604193429678,1790743604,193429678,1790743604199732453,RR_hip,1.000000000,-0.000000000,0.000000000,-0.193400000,0.000000000,0.999986845,0.005129393,-0.046500000,-0.000000000,-0.005129393,0.999986845,0.000000000,0.000000000,0.000000000,0.000000000,1.000000000
1790743604193429678,1790743604,193429678,1790743604199732453,RR_thigh,0.786359572,0.000000000,0.617769070,-0.193400000,-0.003168780,0.999986845,0.004033547,-0.141998744,-0.617760943,-0.005129393,0.786349227,0.000489857,0.000000000,0.000000000,0.000000000,1.000000000
1790743604193429678,1790743604,193429678,1790743604199732453,RR_calf,0.743503973,0.000000000,-0.668731517,-0.324984812,0.003430187,0.999986845,0.003813724,-0.142857889,0.668722719,-0.005129393,0.743494192,-0.167002528,0.000000000,0.000000000,0.000000000,1.000000000
1790743604193429678,1790743604,193429678,1790743604199732453,RR_calflower,0.775997433,-0.000000000,-0.630736066,-0.211142468,0.003235293,0.999986845,0.003980396,-0.143353717,0.630727768,-0.005129393,0.775987224,-0.263665214,0.000000000,0.000000000,0.000000000,1.000000000
1790743604193429678,1790743604,193429678,1790743604199732453,RR_calflower1,0.979566563,-0.000000000,-0.201120233,-0.193673000,0.001031625,0.999986845,0.005024582,-0.143545285,0.201117587,-0.005129393,0.979553677,-0.301011981,0.000000000,0.000000000,0.000000000,1.000000000
1790743604193429678,1790743604,193429678,1790743604199732453,RR_foot,0.743503973,0.000000000,-0.668731517,-0.182544999,0.003430187,0.999986845,0.003813724,-0.143670212,0.668722719,-0.005129393,0.743494192,-0.325366791,0.000000000,0.000000000,0.000000000,1.000000000
1790743604330067579,1790743604,330067579,1790743604333247718,FL_hip,1.000000000,-0.000000000,0.000000000,0.193400000,0.000000000,0.992350621,0.123451388,0.046500000,-0.000000000,-0.123451388,0.992350621,0.000000000,0.000000000,0.000000000,0.000000000,1.000000000
1790743604330067579,1790743604,330067579,1790743604333247718,FL_thigh,0.729215142,0.000000000,0.684284500,0.193400000,-0.084475872,0.992350621,0.090022622,0.141269484,-0.679050149,-0.123451388,0.723637098,-0.011789608,0.000000000,0.000000000,0.000000000,1.000000000
1790743604330067579,1790743604,330067579,1790743604333247718,FL_calf,0.739082039,0.000000000,-0.673615425,0.047647401,0.083158759,0.992350621,0.091240704,0.122094666,0.668462685,-0.123451388,0.733428520,-0.165924310,0.000000000,0.000000000,0.000000000,1.000000000
1790743604330067579,1790743604,330067579,1790743604333247718,FL_calflower,0.771825118,0.000000000,-0.635834874,0.162124125,0.078494698,0.992350621,0.095282882,0.110254217,0.630971132,-0.123451388,0.765921135,-0.261102477,0.000000000,0.000000000,0.000000000,1.000000000
1790743604330067579,1790743604,330067579,1790743604333247718,FL_calflower1,0.978220265,0.000000000,-0.207569539,0.179839269,0.025624748,0.992350621,0.120762650,0.105657955,0.205981761,-0.123451388,0.970737487,-0.298049033,0.000000000,0.000000000,0.000000000,1.000000000
1790743604330067579,1790743604,330067579,1790743604333247718,FL_foot,0.739082039,0.000000000,-0.673615425,0.191127487,0.083158759,0.992350621,0.091240704,0.102660396,0.668462685,-0.123451388,0.733428520,-0.322144584,0.000000000,0.000000000,0.000000000,1.000000000
1790743604330067579,1790743604,330067579,1790743604333247718,FR_hip,1.000000000,0.000000000,0.000000000,0.193400000,0.000000000,0.992665045,-0.120897096,-0.046500000,0.000000000,0.120897096,0.992665045,0.000000000,0.000000000,0.000000000,0.000000000,1.000000000
1790743604330067579,1790743604,330067579,1790743604333247718,FR_thigh,0.691689080,0.000000000,0.722195415,0.193400000,0.087311329,0.992665045,-0.083623201,-0.141299512,-0.716898144,0.120897096,0.686615572,-0.011545673,0.000000000,0.000000000,0.000000000,1.000000000
1790743604330067579,1790743604,330067579,1790743604333247718,FR_calf,0.778878188,0.000000000,-0.627175230,0.039572377,-0.075823664,0.992665045,-0.094164111,-0.123487770,0.622574928,0.120897096,0.773165151,-0.157794789,0.000000000,0.000000000,0.000000000,1.000000000
1790743604330067579,1790743604,330067579,1790743604333247718,FR_calflower,0.809250490,-0.000000000,-0.587463739,0.147971874,-0.071022660,0.992665045,-0.097836034,-0.111067955,0.583154719,0.120897096,0.803314674,-0.259771733,0.000000000,0.000000000,0.000000000,1.000000000
1790743604330067579,1790743604,330067579,1790743604333247718,FR_calflower1,0.989079597,0.000000000,-0.147382330,0.163377919,-0.017818096,0.992665045,-0.119576851,-0.106444287,0.146301287,0.120897096,0.981824743,-0.297735867,0.000000000,0.000000000,0.000000000,1.000000000
1790743604330067579,1790743604,330067579,1790743604333247718,FR_foot,0.778878188,0.000000000,-0.627175230,0.173160701,-0.075823664,0.992665045,-0.094164111,-0.103430814,0.622574928,0.120897096,0.773165151,-0.322478967,0.000000000,0.000000000,0.000000000,1.000000000
1790743604330067579,1790743604,330067579,1790743604333247718,RL_hip,1.000000000,-0.000000000,0.000000000,-0.193400000,0.000000000,0.999901494,0.014035777,0.046500000,-0.000000000,-0.014035777,0.999901494,0.000000000,0.000000000,0.000000000,0.000000000,1.000000000
1790743604330067579,1790743604,330067579,1790743604333247718,RL_thigh,0.733493263,0.000000000,0.679696721,-0.193400000,-0.009540072,0.999901494,0.010295148,0.141990593,-0.679629767,-0.014035777,0.733421010,-0.001340417,0.000000000,0.000000000,0.000000000,1.000000000
1790743604330067579,1790743604,330067579,1790743604333247718,RL_calf,0.758160288,-0.000000000,-0.652068231,-0.338175402,0.009152284,0.999901494,0.010641369,0.139797726,0.652003998,-0.014035777,0.758085604,-0.157559092,0.000000000,0.000000000,0.000000000,1.000000000
1790743604330067579,1790743604,330067579,1790743604333247718,RL_calflower,0.789802613,0.000000000,-0.613361094,-0.226506098,0.008609000,0.999901494,0.011085494,0.138405849,0.613300674,-0.014035777,0.789724813,-0.256715681,0.000000000,0.000000000,0.000000000,1.000000000
1790743604330067579,1790743604,330067579,1790743604333247718,RL_calflower1,0.983788288,-0.000000000,-0.179333777,-0.209869680,0.002517089,0.999901494,0.013808233,0.137876339,0.179316111,-0.014035777,0.983691379,-0.294437680,0.000000000,0.000000000,0.000000000,1.000000000
1790743604330067579,1790743604,330067579,1790743604333247718,RL_foot,0.758160288,-0.000000000,-0.652068231,-0.199284868,0.009152284,0.999901494,0.010641369,0.137531115,0.652003998,-0.014035777,0.758085604,-0.319031325,0.000000000,0.000000000,0.000000000,1.000000000
1790743604330067579,1790743604,330067579,1790743604333247718,RR_hip,1.000000000,-0.000000000,0.000000000,-0.193400000,0.000000000,0.999986532,0.005189949,-0.046500000,-0.000000000,-0.005189949,0.999986532,0.000000000,0.000000000,0.000000000,0.000000000,1.000000000
1790743604330067579,1790743604,330067579,1790743604333247718,RR_thigh,0.784523045,0.000000000,0.620099663,-0.193400000,-0.003218285,0.999986532,0.004071634,-0.141998714,-0.620091312,-0.005189949,0.784512479,0.000495640,0.000000000,0.000000000,0.000000000,1.000000000
1790743604330067579,1790743604,330067579,1790743604333247718,RR_calf,0.745348145,-0.000000000,-0.666675440,-0.325481228,0.003460011,0.999986532,0.003868319,-0.142865972,0.666666462,-0.005189949,0.745338107,-0.166605518,0.000000000,0.000000000,0.000000000,1.000000000
1790743604330067579,1790743604,330067579,1790743604333247718,RR_calflower,0.777736538,0.000000000,-0.628590389,-0.211906300,0.003262352,0.999986532,0.004036413,-0.143369283,0.628581923,-0.005189949,0.777726064,-0.263582228,0.000000000,0.000000000,0.000000000,1.000000000
1790743604330067579,1790743604,330067579,1790743604333247718,RR_calflower1,0.980118312,0.000000000,-0.198413946,-0.194540050,0.001029758,0.999986532,0.005086764,-0.143563363,0.198411274,-0.005189949,0.980105112,-0.300977090,0.000000000,0.000000000,0.000000000,1.000000000
1790743604330067579,1790743604,330067579,1790743604333247718,RR_foot,0.745348145,-0.000000000,-0.666675440,-0.183479359,0.003460011,0.999986532,0.003868319,-0.143689924,0.666666462,-0.005189949,0.745338107,-0.325362535,0.000000000,0.000000000,0.000000000,1.000000000
1790743604376256084,1790743604,376256084,1790743604399772423,FL_hip,1.000000000,-0.000000000,0.000000000,0.193400000,0.000000000,0.992354358,0.123421341,0.046500000,-0.000000000,-0.123421341,0.992354358,0.000000000,0.000000000,0.000000000,0.000000000,1.000000000
1790743604376256084,1790743604,376256084,1790743604399772423,FL_thigh,0.728738456,-0.000000000,0.684792131,0.193400000,-0.084517963,0.992354358,0.089941877,0.141269841,-0.679556456,-0.123421341,0.723166783,-0.011786738,0.000000000,0.000000000,0.000000000,1.000000000
1790743604376256084,1790743604,376256084,1790743604399772423,FL_calf,0.739550939,0.000000000,-0.673100593,0.047539276,0.083074978,0.992354358,0.091276368,0.122112221,0.667954308,-0.123421341,0.733896597,-0.165821263,0.000000000,0.000000000,0.000000000,1.000000000
1790743604376256084,1790743604,376256084,1790743604399772423,FL_calflower,0.772267701,0.000000000,-0.635297251,0.161949183,0.078409239,0.992354358,0.095314315,0.110264818,0.630439996,-0.123421341,0.766363219,-0.261078873,0.000000000,0.000000000,0.000000000,1.000000000
1790743604376256084,1790743604,376256084,1790743604399772423,FL_calflower1,0.978364571,-0.000000000,-0.206888294,0.179638396,0.025534431,0.992354358,0.120751067,0.105668153,0.205306500,-0.123421341,0.970884346,-0.298037802,0.000000000,0.000000000,0.000000000,1.000000000
1790743604376256084,1790743604,376256084,1790743604399772423,FL_foot,0.739550939,0.000000000,-0.673100593,0.190909702,0.083074978,0.992354358,0.091276368,0.102670355,0.667954308,-0.123421341,0.733896597,-0.322141238,0.000000000,0.000000000,0.000000000,1.000000000
1790743604376256084,1790743604,376256084,1790743604399772423,FR_hip,1.000000000,0.000000000,0.000000000,0.193400000,0.000000000,0.992668705,-0.120867039,-0.046500000,0.000000000,0.120867039,0.992668705,0.000000000,0.000000000,0.000000000,0.000000000,1.000000000
1790743604376256084,1790743604,376256084,1790743604399772423,FR_thigh,0.691229766,0.000000000,0.722635047,0.193400000,0.087342759,0.992668705,-0.083546895,-0.141299861,-0.717337196,0.120867039,0.686162157,-0.011542802,0.000000000,0.000000000,0.000000000,1.000000000
1790743604376256084,1790743604,376256084,1790743604399772423,FR_calf,0.779276790,0.000000000,-0.626679890,0.039478735,-0.075744943,0.992668705,-0.094188878,-0.123504373,0.622085515,0.120867039,0.773563682,-0.157695342,0.000000000,0.000000000,0.000000000,1.000000000
1790743604376256084,1790743604,376256084,1790743604399772423,FR_calflower,0.809623837,-0.000000000,-0.586949097,0.147812895,-0.070942800,0.992668705,-0.097856836,-0.111079318,0.582646000,0.120867039,0.803688246,-0.259741056,0.000000000,0.000000000,0.000000000,1.000000000
1790743604376256084,1790743604,376256084,1790743604399772423,FR_calflower1,0.989173103,0.000000000,-0.146753441,0.163194620,-0.017737654,0.992668705,-0.119558424,-0.106455616,0.145677548,0.120867039,0.981921184,-0.297715046,0.000000000,0.000000000,0.000000000,1.000000000
1790743604376256084,1790743604,376256084,1790743604399772423,FR_foot,0.779276790,0.000000000,-0.626679890,0.172961552,-0.075744943,0.992668705,-0.094188878,-0.103442142,0.622085515,0.120867039,0.773563682,-0.322464406,0.000000000,0.000000000,0.000000000,1.000000000
1790743604376256084,1790743604,376256084,1790743604399772423,RL_hip,1.000000000,-0.000000000,0.000000000,-0.193400000,0.000000000,0.999900642,0.014096330,0.046500000,-0.000000000,-0.014096330,0.999900642,0.000000000,0.000000000,0.000000000,0.000000000,1.000000000
1790743604376256084,1790743604,376256084,1790743604399772423,RL_thigh,0.733040367,-0.000000000,0.680185137,-0.193400000,-0.009588114,0.999900642,0.010333179,0.141990511,-0.680117555,-0.014096330,0.732967533,-0.001346199,0.000000000,0.000000000,0.000000000,1.000000000
1790743604376256084,1790743604,376256084,1790743604399772423,RL_calf,0.758645945,0.000000000,-0.651503131,-0.338279434,0.009183803,0.999900642,0.010694123,0.139789544,0.651438399,-0.014096330,0.758570567,-0.157468284,0.000000000,0.000000000,0.000000000,1.000000000
1790743604376256084,1790743604,376256084,1790743604399772423,RL_calflower,0.790259420,-0.000000000,-0.612772428,-0.226684052,0.008637842,0.999900642,0.011139757,0.138390490,0.612711544,-0.014096330,0.790180902,-0.256707960,0.000000000,0.000000000,0.000000000,1.000000000
1790743604376256084,1790743604,376256084,1790743604399772423,RL_calflower1,0.983921640,-0.000000000,-0.178600689,-0.210075749,0.002517614,0.999900642,0.013869684,0.137858521,0.178582943,-0.014096330,0.983823879,-0.294442312,0.000000000,0.000000000,0.000000000,1.000000000
1790743604376256084,1790743604,376256084,1790743604399772423,RL_foot,0.758645945,0.000000000,-0.651503131,-0.199509267,0.009183803,0.999900642,0.010694123,0.137511696,0.651438399,-0.014096330,0.758570567,-0.319043815,0.000000000,0.000000000,0.000000000,1.000000000
1790743604376256084,1790743604,376256084,1790743604399772423,RR_hip,1.000000000,-0.000000000,0.000000000,-0.193400000,0.000000000,0.999986532,0.005189949,-0.046500000,-0.000000000,-0.005189949,0.999986532,0.000000000,0.000000000,0.000000000,0.000000000,1.000000000
1790743604376256084,1790743604,376256084,1790743604399772423,RR_thigh,0.783959512,-0.000000000,0.620811955,-0.193400000,-0.003221982,0.999986532,0.004068710,-0.141998714,-0.620803594,-0.005189949,0.783948954,0.000495640,0.000000000,0.000000000,0.000000000,1.000000000
1790743604376256084,1790743604,376256084,1790743604399772423,RR_calf,0.745974388,0.000000000,-0.665974634,-0.325632946,0.003456374,0.999986532,0.003871569,-0.142865349,0.665965664,-0.005189949,0.745964341,-0.166485487,0.000000000,0.000000000,0.000000000,1.000000000
1790743604376256084,1790743604,376256084,1790743604399772423,RR_calflower,0.778326973,0.000000000,-0.627859159,-0.212149213,0.003258557,0.999986532,0.004039477,-0.143369214,0.627850703,-0.005189949,0.778316491,-0.263568896,0.000000000,0.000000000,0.000000000,1.000000000
1790743604376256084,1790743604,376256084,1790743604399772423,RR_calflower1,0.980304358,-0.000000000,-0.197492698,-0.194818116,0.001024977,0.999986532,0.005087729,-0.143563378,0.197490038,-0.005189949,0.980291155,-0.300980063,0.000000000,0.000000000,0.000000000,1.000000000
1790743604376256084,1790743604,376256084,1790743604399772423,RR_foot,0.745974388,0.000000000,-0.665974634,-0.183780349,0.003456374,0.999986532,0.003871569,-0.143689993,0.665965664,-0.005189949,0.745964341,-0.325375892,0.000000000,0.000000000,0.000000000,1.000000000
1790743604461083964,1790743604,461083964,1790743604466376807,FL_hip,1.000000000,-0.000000000,0.000000000,0.193400000,0.000000000,0.992350621,0.123451388,0.046500000,-0.000000000,-0.123451388,0.992350621,0.000000000,0.000000000,0.000000000,0.000000000,1.000000000
1790743604461083964,1790743604,461083964,1790743604466376807,FL_thigh,0.728489588,0.000000000,0.685056873,0.193400000,-0.084571222,0.992350621,0.089933051,0.141269484,-0.679816613,-0.123451388,0.722917095,-0.011789608,0.000000000,0.000000000,0.000000000,1.000000000
1790743604461083964,1790743604,461083964,1790743604466376807,FL_calf,0.739806048,0.000000000,-0.672820192,0.047482886,0.083060587,0.992350621,0.091330084,0.122113744,0.667673535,-0.123451388,0.734146991,-0.165770949,0.000000000,0.000000000,0.000000000,1.000000000
1790743604461083964,1790743604,461083964,1790743604466376807,FL_calflower,0.772508478,0.000000000,-0.635004450,0.161856395,0.078392181,0.992350621,0.095367244,0.110258104,0.630147060,-0.123451388,0.766599267,-0.261071233,0.000000000,0.000000000,0.000000000,1.000000000
1790743604461083964,1790743604,461083964,1790743604466376807,FL_calflower1,0.978442929,0.000000000,-0.206517395,0.179531489,0.025494859,0.992350621,0.120790138,0.105659492,0.204937666,-0.123451388,0.970958448,-0.298036674,0.000000000,0.000000000,0.000000000,1.000000000
1790743604461083964,1790743604,461083964,1790743604466376807,FL_foot,0.739806048,0.000000000,-0.672820192,0.190793587,0.083060587,0.992350621,0.091330084,0.102660437,0.667673535,-0.123451388,0.734146991,-0.322144258,0.000000000,0.000000000,0.000000000,1.000000000
1790743604461083964,1790743604,461083964,1790743604466376807,FR_hip,1.000000000,0.000000000,0.000000000,0.193400000,0.000000000,0.992665045,-0.120897096,-0.046500000,0.000000000,0.120897096,0.992665045,0.000000000,0.000000000,0.000000000,0.000000000,1.000000000
1790743604461083964,1790743604,461083964,1790743604466376807,FR_thigh,0.689806220,0.000000000,0.723994046,0.193400000,0.087528778,0.992665045,-0.083395569,-0.141299512,-0.718683582,0.120897096,0.684746523,-0.011545673,0.000000000,0.000000000,0.000000000,1.000000000
1790743604461083964,1790743604,461083964,1790743604466376807,FR_calf,0.780498803,-0.000000000,-0.625157275,0.039189268,-0.075579699,0.992665045,-0.094360039,-0.123536256,0.620571775,0.120897096,0.774773879,-0.157396682,0.000000000,0.000000000,0.000000000,1.000000000
1790743604461083964,1790743604,461083964,1790743604466376807,FR_calflower,0.810768224,0.000000000,-0.585367310,0.147322521,-0.070769208,0.992665045,-0.098019524,-0.111082564,0.581073667,0.120897096,0.804821275,-0.259651781,0.000000000,0.000000000,0.000000000,1.000000000
1790743604461083964,1790743604,461083964,1790743604466376807,FR_calflower1,0.989457732,-0.000000000,-0.144821950,0.162629531,-0.017508553,0.992665045,-0.119622567,-0.106454091,0.143759688,0.120897096,0.982200104,-0.297655368,0.000000000,0.000000000,0.000000000,1.000000000
1790743604461083964,1790743604,461083964,1790743604466376807,FR_foot,0.780498803,-0.000000000,-0.625157275,0.172347768,-0.075579699,0.992665045,-0.094360039,-0.103437567,0.620571775,0.120897096,0.774773879,-0.322423518,0.000000000,0.000000000,0.000000000,1.000000000
1790743604461083964,1790743604,461083964,1790743604466376807,RL_hip,1.000000000,-0.000000000,0.000000000,-0.193400000,0.000000000,0.999901918,0.014005501,0.046500000,-0.000000000,-0.014005501,0.999901918,0.000000000,0.000000000,0.000000000,0.000000000,1.000000000
1790743604461083964,1790743604,461083964,1790743604466376807,RL_thigh,0.732628324,-0.000000000,0.680628929,-0.193400000,-0.009532549,0.999901918,0.010260827,0.141990633,-0.680562172,-0.014005501,0.732556466,-0.001337525,0.000000000,0.000000000,0.000000000,1.000000000
1790743604461083964,1790743604,461083964,1790743604466376807,RL_calf,0.759081477,0.000000000,-0.650995631,-0.338373962,0.009117520,0.999901918,0.010631316,0.139805077,0.650931780,-0.014005501,0.759007025,-0.157372053,0.000000000,0.000000000,0.000000000,1.000000000
1790743604461083964,1790743604,461083964,1790743604466376807,RL_calflower,0.790669044,0.000000000,-0.612243794,-0.226844979,0.008574781,0.999901918,0.011073716,0.138413993,0.612183744,-0.014005501,0.790591494,-0.256686457,0.000000000,0.000000000,0.000000000,1.000000000
1790743604461083964,1790743604,461083964,1790743604466376807,RL_calflower1,0.984040862,0.000000000,-0.177942638,-0.210261918,0.002492176,0.999901918,0.013781985,0.137885296,0.177925185,-0.014005501,0.983944345,-0.294431954,0.000000000,0.000000000,0.000000000,1.000000000
1790743604461083964,1790743604,461083964,1790743604466376807,RL_foot,0.759081477,0.000000000,-0.650995631,-0.199711893,0.009117520,0.999901918,0.010631316,0.137540607,0.650931780,-0.014005501,0.759007025,-0.319040549,0.000000000,0.000000000,0.000000000,1.000000000
1790743604461083964,1790743604,461083964,1790743604466376807,RR_hip,1.000000000,-0.000000000,0.000000000,-0.193400000,0.000000000,0.999986845,0.005129393,-0.046500000,-0.000000000,-0.005129393,0.999986845,0.000000000,0.000000000,0.000000000,0.000000000,1.000000000
1790743604461083964,1790743604,461083964,1790743604466376807,RR_thigh,0.783583415,-0.000000000,0.621286594,-0.193400000,-0.003186823,0.999986845,0.004019307,-0.141998744,-0.621278421,-0.005129393,0.783573107,0.000489857,0.000000000,0.000000000,0.000000000,1.000000000
1790743604461083964,1790743604,461083964,1790743604466376807,RR_calf,0.746272424,0.000000000,-0.665640646,-0.325734044,0.003414333,0.999986845,0.003827925,-0.142854856,0.665631889,-0.005129393,0.746262606,-0.166411215,0.000000000,0.000000000,0.000000000,1.000000000
1790743604461083964,1790743604,461083964,1790743604466376807,RR_calflower,0.778607944,-0.000000000,-0.627510692,-0.212293780,0.003218749,0.999986845,0.003993786,-0.143353102,0.627502437,-0.005129393,0.778597701,-0.263545443,0.000000000,0.000000000,0.000000000,1.000000000
1790743604461083964,1790743604,461083964,1790743604466376807,RR_calflower1,0.980392664,-0.000000000,-0.197053864,-0.194979432,0.001010767,0.999986845,0.005028819,-0.143545041,0.197051271,-0.005129393,0.980379766,-0.300964375,0.000000000,0.000000000,0.000000000,1.000000000
1790743604461083964,1790743604,461083964,1790743604466376807,RR_foot,0.746272424,0.000000000,-0.665640646,-0.183952587,0.003414333,0.999986845,0.003827925,-0.143670204,0.665631889,-0.005129393,0.746262606,-0.325365150,0.000000000,0.000000000,0.000000000,1.000000000
1790743604524770189,1790743604,524770189,1790743604533419393,FL_hip,1.000000000,-0.000000000,0.000000000,0.193400000,0.000000000,0.992354358,0.123421341,0.046500000,-0.000000000,-0.123421341,0.992354358,0.000000000,0.000000000,0.000000000,0.000000000,1.000000000
1790743604524770189,1790743604,524770189,1790743604533419393,FL_thigh,0.728178410,0.000000000,0.685387630,0.193400000,-0.084591460,0.992354358,0.089872756,0.141269841,-0.680147402,-0.123421341,0.722611019,-0.011786738,0.000000000,0.000000000,0.000000000,1.000000000
1790743604524770189,1790743604,524770189,1790743604533419393,FL_calf,0.740111518,0.000000000,-0.672484156,0.047412435,0.082998896,0.992354358,0.091345556,0.122126944,0.667342583,-0.123421341,0.734452891,-0.165702885,0.000000000,0.000000000,0.000000000,1.000000000
1790743604524770189,1790743604,524770189,1790743604533419393,FL_calflower,0.772796771,0.000000000,-0.634653567,0.161742320,0.078329794,0.992354358,0.095379614,0.110267780,0.629801234,-0.123421341,0.766888244,-0.261055061,0.000000000,0.000000000,0.000000000,1.000000000
1790743604524770189,1790743604,524770189,1790743604533419393,FL_calflower1,0.978536613,0.000000000,-0.206073036,0.179400495,0.025433810,0.992354358,0.120772301,0.105669297,0.204497475,-0.123421341,0.971055073,-0.298028603,0.000000000,0.000000000,0.000000000,1.000000000
1790743604524770189,1790743604,524770189,1790743604533419393,FL_foot,0.740111518,0.000000000,-0.672484156,0.190651560,0.082998896,0.992354358,0.091345556,0.102670341,0.667342583,-0.123421341,0.734452891,-0.322141351,0.000000000,0.000000000,0.000000000,1.000000000
1790743604524770189,1790743604,524770189,1790743604533419393,FR_hip,1.000000000,0.000000000,0.000000000,0.193400000,0.000000000,0.992657729,-0.120957151,-0.046500000,0.000000000,0.120957151,0.992657729,0.000000000,0.000000000,0.000000000,0.000000000,1.000000000
1790743604524770189,1790743604,524770189,1790743604533419393,FR_thigh,0.689323828,-0.000000000,0.724453352,0.193400000,0.087627814,0.992657729,-0.083378646,-0.141298813,-0.719134220,0.120957151,0.684262626,-0.011551408,0.000000000,0.000000000,0.000000000,1.000000000
1790743604524770189,1790743604,524770189,1790743604533419393,FR_calf,0.780915035,0.000000000,-0.624637261,0.039091436,-0.075554344,0.992657729,-0.094457258,-0.123539161,0.620051005,0.120957151,0.775181346,-0.157299347,0.000000000,0.000000000,0.000000000,1.000000000
1790743604524770189,1790743604,524770189,1790743604533419393,FR_calflower,0.811157946,0.000000000,-0.584827142,0.147156051,-0.070739025,0.992657729,-0.098115354,-0.111070574,0.580533183,0.120957151,0.805202205,-0.259625166,0.000000000,0.000000000,0.000000000,1.000000000
1790743604524770189,1790743604,524770189,1790743604533419393,FR_calflower1,0.989553975,0.000000000,-0.144162858,0.162437557,-0.017437529,0.992657729,-0.119693630,-0.106438570,0.143104375,0.120957151,0.982288402,-0.297638586,0.000000000,0.000000000,0.000000000,1.000000000
1790743604524770189,1790743604,524770189,1790743604533419393,FR_foot,0.780915035,0.000000000,-0.624637261,0.172139172,-0.075554344,0.992657729,-0.094457258,-0.103419766,0.620051005,0.120957151,0.775181346,-0.322412974,0.000000000,0.000000000,0.000000000,1.000000000
1790743604524770189,1790743604,524770189,1790743604533419393,RL_hip,1.000000000,-0.000000000,0.000000000,-0.193400000,0.000000000,0.999901918,0.014005501,0.046500000,-0.000000000,-0.014005501,0.999901918,0.000000000,0.000000000,0.000000000,0.000000000,1.000000000
1790743604524770189,1790743604,524770189,1790743604533419393,RL_thigh,0.731927275,0.000000000,0.681382759,-0.193400000,-0.009543107,0.999901918,0.010251008,0.141990633,-0.681315928,-0.014005501,0.731855486,-0.001337525,0.000000000,0.000000000,0.000000000,1.000000000
1790743604524770189,1790743604,524770189,1790743604533419393,RL_calf,0.759802541,0.000000000,-0.650153904,-0.338534528,0.009105731,0.999901918,0.010641415,0.139807168,0.650090136,-0.014005501,0.759728018,-0.157222744,0.000000000,0.000000000,0.000000000,1.000000000
1790743604524770189,1790743604,524770189,1790743604533419393,RL_calflower,0.791347137,0.000000000,-0.611367081,-0.227115699,0.008562502,0.999901918,0.011083213,0.138414354,0.611307117,-0.014005501,0.791269521,-0.256660688,0.000000000,0.000000000,0.000000000,1.000000000
1790743604524770189,1790743604,524770189,1790743604533419393,RL_calflower1,0.984237480,0.000000000,-0.176851868,-0.210574487,0.002476899,0.999901918,0.013784739,0.137885400,0.176834522,-0.014005501,0.984140944,-0.294424540,0.000000000,0.000000000,0.000000000,1.000000000
1790743604524770189,1790743604,524770189,1790743604533419393,RL_foot,0.759802541,0.000000000,-0.650153904,-0.200051746,0.009105731,0.999901918,0.010641415,0.137540547,0.650090136,-0.014005501,0.759728018,-0.319044812,0.000000000,0.000000000,0.000000000,1.000000000
1790743604524770189,1790743604,524770189,1790743604533419393,RR_hip,1.000000000,-0.000000000,0.000000000,-0.193400000,0.000000000,0.999986845,0.005129393,-0.046500000,-0.000000000,-0.005129393,0.999986845,0.000000000,0.000000000,0.000000000,0.000000000,1.000000000
1790743604524770189,1790743604,524770189,1790743604533419393,RR_thigh,0.783357619,0.000000000,0.621571268,-0.193400000,-0.003188283,0.999986845,0.004018149,-0.141998744,-0.621563091,-0.005129393,0.783347313,0.000489857,0.000000000,0.000000000,0.000000000,1.000000000
1790743604524770189,1790743604,524770189,1790743604533419393,RR_calf,0.746461645,-0.000000000,-0.665428443,-0.325794680,0.003413244,0.999986845,0.003828895,-0.142854609,0.665419689,-0.005129393,0.746451825,-0.166363121,0.000000000,0.000000000,0.000000000,1.000000000
1790743604524770189,1790743604,524770189,1790743604533419393,RR_calflower,0.778786323,0.000000000,-0.627289298,-0.212382038,0.003217613,0.999986845,0.003994701,-0.143353021,0.627281046,-0.005129393,0.778776078,-0.263529597,0.000000000,0.000000000,0.000000000,1.000000000
1790743604524770189,1790743604,524770189,1790743604533419393,RR_calflower1,0.980448649,0.000000000,-0.196775116,-0.195078329,0.001009337,0.999986845,0.005029106,-0.143544985,0.196772528,-0.005129393,0.980435751,-0.300953451,0.000000000,0.000000000,0.000000000,1.000000000
1790743604524770189,1790743604,524770189,1790743604533419393,RR_foot,0.746461645,-0.000000000,-0.665428443,-0.184058422,0.003413244,0.999986845,0.003828895,-0.143670164,0.665419689,-0.005129393,0.746451825,-0.325357359,0.000000000,0.000000000,0.000000000,1.000000000
1790743604597875710,1790743604,597875710,1790743604599940723,FL_hip,1.000000000,-0.000000000,0.000000000,0.193400000,0.000000000,0.992358095,0.123391293,0.046500000,-0.000000000,-0.123391293,0.992358095,0.000000000,0.000000000,0.000000000,0.000000000,1.000000000
1790743604597875710,1790743604,597875710,1790743604599940723,FL_thigh,0.727763217,0.000000000,0.685828477,0.193400000,-0.084625263,0.992358095,0.089799644,0.141270198,-0.680587441,-0.123391293,0.722201720,-0.011783868,0.000000000,0.000000000,0.000000000,1.000000000
1790743604597875710,1790743604,597875710,1790743604599940723,FL_calf,0.740529203,0.000000000,-0.672024181,0.047318534,0.082921933,0.992358095,0.091374856,0.122142874,0.666888636,-0.123391293,0.734870149,-0.165612835,0.000000000,0.000000000,0.000000000,1.000000000
1790743604597875710,1790743604,597875710,1790743604599940723,FL_calflower,0.773190944,0.000000000,-0.634173292,0.161588697,0.078251462,0.992358095,0.095405030,0.110277834,0.629327000,-0.123391293,0.767282293,-0.261035844,0.000000000,0.000000000,0.000000000,1.000000000
1790743604597875710,1790743604,597875710,1790743604599940723,FL_calflower1,0.978664462,0.000000000,-0.205465013,0.179223720,0.025352594,0.992358095,0.120758673,0.105679118,0.203894869,-0.123391293,0.971185601,-0.298020406,0.000000000,0.000000000,0.000000000,1.000000000
1790743604597875710,1790743604,597875710,1790743604599940723,FL_foot,0.740529203,0.000000000,-0.672024181,0.190459685,0.082921933,0.992358095,0.091374856,0.102680030,0.666888636,-0.123391293,0.734870149,-0.322140177,0.000000000,0.000000000,0.000000000,1.000000000
1790743604597875710,1790743604,597875710,1790743604599940723,FR_hip,1.000000000,0.000000000,0.000000000,0.193400000,0.000000000,0.992654066,-0.120987208,-0.046500000,0.000000000,0.120987208,0.992654066,0.000000000,0.000000000,0.000000000,0.000000000,1.000000000
1790743604597875710,1790743604,597875710,1790743604599940723,FR_thigh,0.688841130,-0.000000000,0.724912338,0.193400000,0.087705120,0.992654066,-0.083340965,-0.141298463,-0.719587180,0.120987208,0.683780949,-0.011554278,0.000000000,0.000000000,0.000000000,1.000000000
1790743604597875710,1790743604,597875710,1790743604599940723,FR_calf,0.781340742,0.000000000,-0.624104674,0.038993672,-0.075508682,0.992654066,-0.094532235,-0.123546838,0.619520043,0.120987208,0.775601065,-0.157199620,0.000000000,0.000000000,0.000000000,1.000000000
1790743604597875710,1790743604,597875710,1790743604599940723,FR_calflower,0.811556503,0.000000000,-0.584273944,0.146987979,-0.070689673,0.992654066,-0.098187955,-0.111066241,0.579981907,0.120987208,0.805594863,-0.259598177,0.000000000,0.000000000,0.000000000,1.000000000
1790743604597875710,1790743604,597875710,1790743604599940723,FR_calflower1,0.989652038,0.000000000,-0.143488129,0.162243371,-0.017360228,0.992654066,-0.119735237,-0.106431826,0.142434075,0.120987208,0.982382120,-0.297621791,0.000000000,0.000000000,0.000000000,1.000000000
1790743604597875710,1790743604,597875710,1790743604599940723,FR_foot,0.781340742,0.000000000,-0.624104674,0.171927968,-0.075508682,0.992654066,-0.094532235,-0.103411472,0.619520043,0.120987208,0.775601065,-0.322402647,0.000000000,0.000000000,0.000000000,1.000000000
1790743604597875710,1790743604,597875710,1790743604599940723,RL_hip,1.000000000,-0.000000000,0.000000000,-0.193400000,0.000000000,0.999901918,0.014005501,0.046500000,-0.000000000,-0.014005501,0.999901918,0.000000000,0.000000000,0.000000000,0.000000000,1.000000000
1790743604597875710,1790743604,597875710,1790743604599940723,RL_thigh,0.731266758,0.000000000,0.682091584,-0.193400000,-0.009553034,0.999901918,0.010241757,0.141990633,-0.682024683,-0.014005501,0.731195034,-0.001337525,0.000000000,0.000000000,0.000000000,1.000000000
1790743604597875710,1790743604,597875710,1790743604599940723,RL_calf,0.760432101,0.000000000,-0.649417447,-0.338685507,0.009095417,0.999901918,0.010650233,0.139809139,0.649353751,-0.014005501,0.760357516,-0.157082068,0.000000000,0.000000000,0.000000000,1.000000000
1790743604597875710,1790743604,597875710,1790743604599940723,RL_calflower,0.791939103,0.000000000,-0.610600079,-0.227363083,0.008551760,0.999901918,0.011091504,0.138414813,0.610540190,-0.014005501,0.791861428,-0.256627905,0.000000000,0.000000000,0.000000000,1.000000000
1790743604597875710,1790743604,597875710,1790743604599940723,RL_calflower1,0.984408365,0.000000000,-0.175898184,-0.210858471,0.002463542,0.999901918,0.013787132,0.137885635,0.175880931,-0.014005501,0.984311812,-0.294407764,0.000000000,0.000000000,0.000000000,1.000000000
1790743604597875710,1790743604,597875710,1790743604599940723,RL_foot,0.760432101,0.000000000,-0.649417447,-0.200359591,0.009095417,0.999901918,0.010650233,0.137540639,0.649353751,-0.014005501,0.760357516,-0.319038218,0.000000000,0.000000000,0.000000000,1.000000000
1790743604597875710,1790743604,597875710,1790743604599940723,RR_hip,1.000000000,-0.000000000,0.000000000,-0.193400000,0.000000000,0.999986689,0.005159670,-0.046500000,-0.000000000,-0.005159670,0.999986689,0.000000000,0.000000000,0.000000000,0.000000000,1.000000000
1790743604597875710,1790743604,597875710,1790743604599940723,RR_thigh,0.783075228,0.000000000,0.621926995,-0.193400000,-0.003208938,0.999986689,0.004040410,-0.141998729,-0.621918716,-0.005159670,0.783064805,0.000492748,0.000000000,0.000000000,0.000000000,1.000000000
1790743604597875710,1790743604,597875710,1790743604599940723,RR_calf,0.746721775,0.000000000,-0.665136521,-0.325870450,0.003431885,0.999986689,0.003852838,-0.142859336,0.665127667,-0.005159670,0.746711835,-0.166300055,0.000000000,0.000000000,0.000000000,1.000000000
1790743604597875710,1790743604,597875710,1790743604599940723,RR_calflower,0.779031538,-0.000000000,-0.626984739,-0.212495809,0.003235034,0.999986689,0.004019546,-0.143360918,0.626976393,-0.005159670,0.779021168,-0.263510853,0.000000000,0.000000000,0.000000000,1.000000000
1790743604597875710,1790743604,597875710,1790743604599940723,RR_calflower1,0.980525515,0.000000000,-0.196391739,-0.195206735,0.001013317,0.999986689,0.005059188,-0.143554051,0.196389125,-0.005159670,0.980512463,-0.300941464,0.000000000,0.000000000,0.000000000,1.000000000
1790743604597875710,1790743604,597875710,1790743604599940723,RR_foot,0.746721775,0.000000000,-0.665136521,-0.184196371,0.003431885,0.999986689,0.003852838,-0.143679991,0.665127667,-0.005159670,0.746711835,-0.325349676,0.000000000,0.000000000,0.000000000,1.000000000
1790743605112959798,1790743605,112959798,1790743605133393912,FL_hip,1.000000000,-0.000000000,0.000000000,0.193400000,0.000000000,0.992380495,0.123211012,0.046500000,-0.000000000,-0.123211012,0.992380495,0.000000000,0.000000000,0.000000000,0.000000000,1.000000000
1790743605112959798,1790743605,112959798,1790743605133393912,FL_thigh,0.723722267,-0.000000000,0.690091356,0.193400000,-0.085026854,0.992380495,0.089170553,0.141272337,-0.684833202,-0.123211012,0.718207862,-0.011766652,0.000000000,0.000000000,0.000000000,1.000000000
1790743605112959798,1790743605,112959798,1790743605133393912,FL_calf,0.744453234,-0.000000000,-0.667674608,0.046410541,0.082264864,0.992380495,0.091724836,0.122279010,0.662587258,-0.123211012,0.738780869,-0.164744926,0.000000000,0.000000000,0.000000000,1.000000000
1790743605112959798,1790743605,112959798,1790743605133393912,FL_calflower,0.776892684,0.000000000,-0.629633034,0.160115448,0.077577723,0.992380495,0.095721734,0.110349031,0.624835542,-0.123211012,0.770973146,-0.260832750,0.000000000,0.000000000,0.000000000,1.000000000
1790743605112959798,1790743605,112959798,1790743605133393912,FL_calflower1,0.979851290,0.000000000,-0.199728442,0.177531842,0.024608743,0.992380495,0.120728469,0.105744384,0.198206610,-0.123211012,0.972385308,-0.297920031,0.000000000,0.000000000,0.000000000,1.000000000
1790743605112959798,1790743605,112959798,1790743605133393912,FL_foot,0.744453234,-0.000000000,-0.667674608,0.188625233,0.082264864,0.992380495,0.091724836,0.102741619,0.662587258,-0.123211012,0.738780869,-0.322105251,0.000000000,0.000000000,0.000000000,1.000000000
1790743605112959798,1790743605,112959798,1790743605133393912,FR_hip,1.000000000,0.000000000,0.000000000,0.193400000,0.000000000,0.992628400,-0.121197602,-0.046500000,0.000000000,0.121197602,0.992628400,0.000000000,0.000000000,0.000000000,0.000000000,1.000000000
1790743605112959798,1790743605,112959798,1790743605133393912,FR_thigh,0.683820476,-0.000000000,0.729650298,0.193400000,0.088431867,0.992628400,-0.082877402,-0.141296012,-0.724271608,0.121197602,0.678779625,-0.011574371,0.000000000,0.000000000,0.000000000,1.000000000
1790743605112959798,1790743605,112959798,1790743605133393912,FR_calf,0.785630467,-0.000000000,-0.618696024,0.037984487,-0.074984475,0.992628400,-0.095216529,-0.123643126,0.614135244,0.121197602,0.779839114,-0.156154431,0.000000000,0.000000000,0.000000000,1.000000000
1790743605112959798,1790743605,112959798,1790743605133393912,FR_calflower,0.815570547,0.000000000,-0.578657657,0.145264107,-0.070131921,0.992628400,-0.098845195,-0.111050769,0.574392024,0.121197602,0.809558487,-0.259287915,0.000000000,0.000000000,0.000000000,1.000000000
1790743605112959798,1790743605,112959798,1790743605133393912,FR_calflower1,0.990618990,-0.000000000,-0.136652909,0.160254708,-0.016562005,0.992628400,-0.120060646,-0.106395642,0.135645558,0.121197602,0.983316543,-0.297414175,0.000000000,0.000000000,0.000000000,1.000000000
1790743605112959798,1790743605,112959798,1790743605133393912,FR_foot,0.785630467,-0.000000000,-0.618696024,0.169766740,-0.074984475,0.992628400,-0.095216529,-0.103362005,0.614135244,0.121197602,0.779839114,-0.322260162,0.000000000,0.000000000,0.000000000,1.000000000
1790743605112959798,1790743605,112959798,1790743605133393912,RL_hip,1.000000000,-0.000000000,0.000000000,-0.193400000,0.000000000,0.999901494,0.014035777,0.046500000,-0.000000000,-0.014035777,0.999901494,0.000000000,0.000000000,0.000000000,0.000000000,1.000000000
1790743605112959798,1790743605,112959798,1790743605133393912,RL_thigh,0.727517777,-0.000000000,0.686088831,-0.193400000,-0.009629790,0.999901494,0.010211277,0.141990593,-0.686021247,-0.014035777,0.727446112,-0.001340417,0.000000000,0.000000000,0.000000000,1.000000000
1790743605112959798,1790743605,112959798,1790743605133393912,RL_calf,0.764275139,0.000000000,-0.644890310,-0.339536921,0.009051537,0.999901494,0.010727196,0.139815591,0.644826784,-0.014035777,0.764199853,-0.156286438,0.000000000,0.000000000,0.000000000,1.000000000
1790743605112959798,1790743605,112959798,1790743605133393912,RL_calflower,0.795551076,-0.000000000,-0.605886528,-0.228807652,0.008504088,0.999901494,0.011166178,0.138408996,0.605826845,-0.014035777,0.795472709,-0.256491481,0.000000000,0.000000000,0.000000000,1.000000000
1790743605112959798,1790743605,112959798,1790743605133393912,RL_calflower1,0.985435547,0.000000000,-0.170049354,-0.212527702,0.002386775,0.999901494,0.013831354,0.137877308,0.170032603,-0.014035777,0.985338475,-0.294368658,0.000000000,0.000000000,0.000000000,1.000000000
1790743605112959798,1790743605,112959798,1790743605133393912,RL_foot,0.764275139,0.000000000,-0.644890310,-0.202175285,0.009051537,0.999901494,0.010727196,0.137530698,0.644826784,-0.014035777,0.764199853,-0.319061007,0.000000000,0.000000000,0.000000000,1.000000000
1790743605112959798,1790743605,112959798,1790743605133393912,RR_hip,1.000000000,-0.000000000,0.000000000,-0.193400000,0.000000000,0.999986999,0.005099116,-0.046500000,-0.000000000,-0.005099116,0.999986999,0.000000000,0.000000000,0.000000000,0.000000000,1.000000000
1790743605112959798,1790743605,112959798,1790743605133393912,RR_thigh,0.778687276,0.000000000,0.627412245,-0.193400000,-0.003199248,0.999986999,0.003970617,-0.141998758,-0.627404089,-0.005099116,0.778677153,0.000486966,0.000000000,0.000000000,0.000000000,1.000000000
1790743605112959798,1790743605,112959798,1790743605133393912,RR_calf,0.750968830,0.000000000,-0.660337654,-0.327038808,0.003367138,0.999986999,0.003829277,-0.142844500,0.660329069,-0.005099116,0.750959067,-0.165371268,0.000000000,0.000000000,0.000000000,1.000000000
1790743605112959798,1790743605,112959798,1790743605133393912,RR_calflower,0.783033441,-0.000000000,-0.621979605,-0.214289459,0.003171546,0.999986999,0.003992778,-0.143343890,0.621971519,-0.005099116,0.783023262,-0.263306628,0.000000000,0.000000000,0.000000000,1.000000000
1790743605112959798,1790743605,112959798,1790743605133393912,RR_calflower1,0.981763916,0.000000000,-0.190104215,-0.197240609,0.000969363,0.999986999,0.005006128,-0.143535317,0.190101744,-0.005099116,0.981751153,-0.300847274,0.000000000,0.000000000,0.000000000,1.000000000
1790743605112959798,1790743605,112959798,1790743605133393912,RR_foot,0.750968830,0.000000000,-0.660337654,-0.186386888,0.003367138,0.999986999,0.003829277,-0.143660136,0.660329069,-0.005099116,0.750959067,-0.325325549,0.000000000,0.000000000,0.000000000,1.000000000
1790743605157302668,1790743605,157302668,1790743605166237804,FL_hip,1.000000000,-0.000000000,0.000000000,0.193400000,0.000000000,0.992380495,0.123211012,0.046500000,-0.000000000,-0.123211012,0.992380495,0.000000000,0.000000000,0.000000000,0.000000000,1.000000000
1790743605157302668,1790743605,157302668,1790743605166237804,FL_thigh,0.723596883,-0.000000000,0.690222827,0.193400000,-0.085043053,0.992380495,0.089155104,0.141272337,-0.684963671,-0.123211012,0.718083433,-0.011766652,0.000000000,0.000000000,0.000000000,1.000000000
1790743605157302668,1790743605,157302668,1790743605166237804,FL_calf,0.744574522,0.000000000,-0.667539348,0.046382538,0.082248198,0.992380495,0.091739780,0.122282300,0.662453029,-0.123211012,0.738901232,-0.164718423,0.000000000,0.000000000,0.000000000,1.000000000
1790743605157302668,1790743605,157302668,1790743605166237804,FL_calflower,0.777007060,-0.000000000,-0.629491882,0.160069852,0.077560332,0.992380495,0.095735826,0.110349777,0.624695465,-0.123211012,0.771086650,-0.260826745,0.000000000,0.000000000,0.000000000,1.000000000
1790743605157302668,1790743605,157302668,1790743605166237804,FL_calflower1,0.979887559,0.000000000,-0.199550424,0.177479456,0.024586810,0.992380495,0.120732938,0.105744740,0.198029948,-0.123211012,0.972421301,-0.297917165,0.000000000,0.000000000,0.000000000,1.000000000
1790743605157302668,1790743605,157302668,1790743605166237804,FL_foot,0.744574522,0.000000000,-0.667539348,0.188568419,0.082248198,0.992380495,0.091739780,0.102741727,0.662453029,-0.123211012,0.738901232,-0.322104385,0.000000000,0.000000000,0.000000000,1.000000000
1790743605157302668,1790743605,157302668,1790743605166237804,FR_hip,1.000000000,0.000000000,0.000000000,0.193400000,0.000000000,0.992639406,-0.121107434,-0.046500000,0.000000000,0.121107434,0.992639406,0.000000000,0.000000000,0.000000000,0.000000000,1.000000000
1790743605157302668,1790743605,157302668,1790743605166237804,FR_thigh,0.683754193,0.000000000,0.729712411,0.193400000,0.088373598,0.992639406,-0.082807716,-0.141297063,-0.724341294,0.121107434,0.678721356,-0.011565760,0.000000000,0.000000000,0.000000000,1.000000000
1790743605157302668,1790743605,157302668,1790743605166237804,FR_calf,0.785676930,0.000000000,-0.618637020,0.037971256,-0.074921542,0.992639406,-0.095151317,-0.123659020,0.614083483,0.121107434,0.779893881,-0.156133409,0.000000000,0.000000000,0.000000000,1.000000000
1790743605157302668,1790743605,157302668,1790743605166237804,FR_calflower,0.815614003,-0.000000000,-0.578596404,0.145243074,-0.070072326,0.992639406,-0.098776919,-0.111075056,0.574337591,0.121107434,0.809610599,-0.259276033,0.000000000,0.000000000,0.000000000,1.000000000
1790743605157302668,1790743605,157302668,1790743605166237804,FR_calflower1,0.990629250,0.000000000,-0.136578511,0.160230790,-0.016540673,0.992639406,-0.119972566,-0.106423256,0.135573212,0.121107434,0.983337630,-0.297403833,0.000000000,0.000000000,0.000000000,1.000000000
1790743605157302668,1790743605,157302668,1790743605166237804,FR_foot,0.785676930,0.000000000,-0.618637020,0.169740942,-0.074921542,0.992639406,-0.095151317,-0.103391789,0.614083483,0.121107434,0.779893881,-0.322250805,0.000000000,0.000000000,0.000000000,1.000000000
1790743605157302668,1790743605,157302668,1790743605166237804,RL_hip,1.000000000,-0.000000000,0.000000000,-0.193400000,0.000000000,0.999902342,0.013975225,0.046500000,-0.000000000,-0.013975225,0.999902342,0.000000000,0.000000000,0.000000000,0.000000000,1.000000000
1790743605157302668,1790743605,157302668,1790743605166237804,RL_thigh,0.727185304,-0.000000000,0.686441209,-0.193400000,-0.009593170,0.999902342,0.010162578,0.141990674,-0.686374172,-0.013975225,0.727114289,-0.001334634,0.000000000,0.000000000,0.000000000,1.000000000
1790743605157302668,1790743605,157302668,1790743605166237804,RL_calf,0.764628197,0.000000000,-0.644471660,-0.339611978,0.009006636,0.999902342,0.010685851,0.139826044,0.644408722,-0.013975225,0.764553525,-0.156209977,0.000000000,0.000000000,0.000000000,1.000000000
1790743605157302668,1790743605,157302668,1790743605166237804,RL_calflower,0.795882769,0.000000000,-0.605450756,-0.228937608,0.008461310,0.999902342,0.011122641,0.138424671,0.605391629,-0.013975225,0.795805045,-0.256475725,0.000000000,0.000000000,0.000000000,1.000000000
1790743605157302668,1790743605,157302668,1790743605166237804,RL_calflower1,0.985528526,0.000000000,-0.169509658,-0.212678405,0.002368936,0.999902342,0.013772983,0.137895153,0.169493104,-0.013975225,0.985432281,-0.294361843,0.000000000,0.000000000,0.000000000,1.000000000
1790743605157302668,1790743605,157302668,1790743605166237804,RL_foot,0.764628197,0.000000000,-0.644471660,-0.202339514,0.009006636,0.999902342,0.010685851,0.137549958,0.644408722,-0.013975225,0.764553525,-0.319059878,0.000000000,0.000000000,0.000000000,1.000000000
1790743605157302668,1790743605,157302668,1790743605166237804,RR_hip,1.000000000,-0.000000000,0.000000000,-0.193400000,0.000000000,0.999986999,0.005099116,-0.046500000,-0.000000000,-0.005099116,0.999986999,0.000000000,0.000000000,0.000000000,0.000000000,1.000000000
1790743605157302668,1790743605,157302668,1790743605166237804,RR_thigh,0.778212190,0.000000000,0.628001423,-0.193400000,-0.003202252,0.999986999,0.003968194,-0.141998758,-0.627993258,-0.005099116,0.778202073,0.000486966,0.000000000,0.000000000,0.000000000,1.000000000
1790743605157302668,1790743605,157302668,1790743605166237804,RR_calf,0.751332867,0.000000000,-0.659923422,-0.327164303,0.003365026,0.999986999,0.003831134,-0.142843984,0.659914843,-0.005099116,0.751323099,-0.165270076,0.000000000,0.000000000,0.000000000,1.000000000
1790743605157302668,1790743605,157302668,1790743605166237804,RR_calflower,0.783376321,-0.000000000,-0.621547698,-0.214468979,0.003169344,0.999986999,0.003994527,-0.143343691,0.621539617,-0.005099116,0.783366136,-0.263267598,0.000000000,0.000000000,0.000000000,1.000000000
1790743605157302668,1790743605,157302668,1790743605166237804,RR_calflower1,0.981868602,-0.000000000,-0.189562780,-0.197440834,0.000966603,0.999986999,0.005006662,-0.143535166,0.189560316,-0.005099116,0.981855837,-0.300817639,0.000000000,0.000000000,0.000000000,1.000000000
1790743605157302668,1790743605,157302668,1790743605166237804,RR_foot,0.751332867,0.000000000,-0.659923422,-0.186600614,0.003365026,0.999986999,0.003831134,-0.143660015,0.659914843,-0.005099116,0.751323099,-0.325301896,0.000000000,0.000000000,0.000000000,1.000000000
1790743605225140387,1790743605,225140387,1790743605233222416,FL_hip,1.000000000,-0.000000000,0.000000000,0.193400000,0.000000000,0.992376764,0.123241060,0.046500000,-0.000000000,-0.123241060,0.992376764,0.000000000,0.000000000,0.000000000,0.000000000,1.000000000
1790743605225140387,1790743605,225140387,1790743605233222416,FL_thigh,0.723555083,0.000000000,0.690266646,0.193400000,-0.085069193,0.992376764,0.089171695,0.141271981,-0.685004580,-0.123241060,0.718039251,-0.011769521,0.000000000,0.000000000,0.000000000,1.000000000
1790743605225140387,1790743605,225140387,1790743605233222416,FL_calf,0.744614945,0.000000000,-0.667494257,0.046373204,0.082262700,0.992376764,0.091767135,0.122278410,0.662405790,-0.123241060,0.738938570,-0.164711882,0.000000000,0.000000000,0.000000000,1.000000000
1790743605225140387,1790743605,225140387,1790743605233222416,FL_calflower,0.777045179,0.000000000,-0.629444827,0.160054653,0.077573448,0.992376764,0.095763872,0.110342128,0.624646420,-0.123241060,0.771121580,-0.260826674,0.000000000,0.000000000,0.000000000,1.000000000
1790743605225140387,1790743605,225140387,1790743605233222416,FL_calflower1,0.979899642,-0.000000000,-0.199491083,0.177461995,0.024585493,0.992376764,0.120763871,0.105735838,0.197970315,-0.123241060,0.972429635,-0.297918002,0.000000000,0.000000000,0.000000000,1.000000000
1790743605225140387,1790743605,225140387,1790743605233222416,FL_foot,0.744614945,0.000000000,-0.667494257,0.188549481,0.082262700,0.992376764,0.091767135,0.102732010,0.662405790,-0.123241060,0.738938570,-0.322105797,0.000000000,0.000000000,0.000000000,1.000000000
1790743605225140387,1790743605,225140387,1790743605233222416,FR_hip,1.000000000,0.000000000,0.000000000,0.193400000,0.000000000,0.992628400,-0.121197602,-0.046500000,0.000000000,0.121197602,0.992628400,0.000000000,0.000000000,0.000000000,0.000000000,1.000000000
1790743605225140387,1790743605,225140387,1790743605233222416,FR_thigh,0.683400592,0.000000000,0.730043582,0.193400000,0.088479532,0.992628400,-0.082826513,-0.141296012,-0.724661993,0.121197602,0.678362836,-0.011574371,0.000000000,0.000000000,0.000000000,1.000000000
1790743605225140387,1790743605,225140387,1790743605233222416,FR_calf,0.785986275,0.000000000,-0.618243945,0.037900717,-0.074929684,0.992628400,-0.095259652,-0.123653965,0.613686498,0.121197602,0.780192299,-0.156065655,0.000000000,0.000000000,0.000000000,1.000000000
1790743605225140387,1790743605,225140387,1790743605233222416,FR_calflower,0.815903316,-0.000000000,-0.578188360,0.145120546,-0.070075043,0.992628400,-0.098885526,-0.111054130,0.573926187,0.121197602,0.809888803,-0.259260385,0.000000000,0.000000000,0.000000000,1.000000000
1790743605225140387,1790743605,225140387,1790743605233222416,FR_calflower1,0.990697443,-0.000000000,-0.136082979,0.160089048,-0.016492931,0.992628400,-0.120070155,-0.106397959,0.135079830,0.121197602,0.983394418,-0.297395199,0.000000000,0.000000000,0.000000000,1.000000000
1790743605225140387,1790743605,225140387,1790743605233222416,FR_foot,0.785986275,0.000000000,-0.618243945,0.169586677,-0.074929684,0.992628400,-0.095259652,-0.103363659,0.613686498,0.121197602,0.780192299,-0.322246615,0.000000000,0.000000000,0.000000000,1.000000000
1790743605225140387,1790743605,225140387,1790743605233222416,RL_hip,1.000000000,-0.000000000,0.000000000,-0.193400000,0.000000000,0.999901068,0.014066053,0.046500000,-0.000000000,-0.014066053,0.999901068,0.000000000,0.000000000,0.000000000,0.000000000,1.000000000
1790743605225140387,1790743605,225140387,1790743605233222416,RL_thigh,0.726686316,-0.000000000,0.686969430,-0.193400000,-0.009662949,0.999901068,0.010221609,0.141990552,-0.686901467,-0.014066053,0.726614424,-0.001343308,0.000000000,0.000000000,0.000000000,1.000000000
1790743605225140387,1790743605,225140387,1790743605233222416,RL_calf,0.765126844,0.000000000,-0.643879579,-0.339724489,0.009056845,0.999901068,0.010762315,0.139813349,0.643815879,-0.014066053,0.765051149,-0.156112180,0.000000000,0.000000000,0.000000000,1.000000000
1790743605225140387,1790743605,225140387,1790743605233222416,RL_calflower,0.796351201,0.000000000,-0.604834493,-0.229127774,0.008507634,0.999901068,0.011201519,0.138401664,0.604774656,-0.014066053,0.796272417,-0.256463433,0.000000000,0.000000000,0.000000000,1.000000000
1790743605225140387,1790743605,225140387,1790743605233222416,RL_calflower1,0.985659446,-0.000000000,-0.168746723,-0.212897906,0.002373600,0.999901068,0.013864338,0.137868527,0.168730029,-0.014066053,0.985561933,-0.294362076,0.000000000,0.000000000,0.000000000,1.000000000
1790743605225140387,1790743605,225140387,1790743605233222416,RL_foot,0.765126844,0.000000000,-0.643879579,-0.202578138,0.009056845,0.999901068,0.010762315,0.137520976,0.643815879,-0.014066053,0.765051149,-0.319068075,0.000000000,0.000000000,0.000000000,1.000000000
1790743605225140387,1790743605,225140387,1790743605233222416,RR_hip,1.000000000,-0.000000000,0.000000000,-0.193400000,0.000000000,0.999987153,0.005068839,-0.046500000,-0.000000000,-0.005068839,0.999987153,0.000000000,0.000000000,0.000000000,0.000000000,1.000000000
1790743605225140387,1790743605,225140387,1790743605233222416,RR_thigh,0.777812710,-0.000000000,0.628496132,-0.193400000,-0.003185746,0.999987153,0.003942608,-0.141998773,-0.628488058,-0.005068839,0.777802718,0.000484074,0.000000000,0.000000000,0.000000000,1.000000000
1790743605225140387,1790743605,225140387,1790743605233222416,RR_calf,0.751741958,-0.000000000,-0.659457374,-0.327269676,0.003342683,0.999987153,0.003810459,-0.142838549,0.659448902,-0.005068839,0.751732301,-0.165187905,0.000000000,0.000000000,0.000000000,1.000000000
1790743605225140387,1790743605,225140387,1790743605233222416,RR_calflower,0.783761608,-0.000000000,-0.621061785,-0.214635146,0.003148062,0.999987153,0.003972762,-0.143335643,0.621053807,-0.005068839,0.783751540,-0.263255307,0.000000000,0.000000000,0.000000000,1.000000000
1790743605225140387,1790743605,225140387,1790743605233222416,RR_calflower1,0.981985966,0.000000000,-0.188953861,-0.197630290,0.000957777,0.999987153,0.004977529,-0.143526034,0.188951434,-0.005068839,0.981973351,-0.300815907,0.000000000,0.000000000,0.000000000,1.000000000
1790743605225140387,1790743605,225140387,1790743605233222416,RR_foot,0.751741958,-0.000000000,-0.659457374,-0.186805255,0.003342683,0.999987153,0.003810459,-0.143650176,0.659448902,-0.005068839,0.751732301,-0.325306885,0.000000000,0.000000000,0.000000000,1.000000000
1790743605291947230,1790743605,291947230,1790743605299692051,FL_hip,1.000000000,-0.000000000,0.000000000,0.193400000,0.000000000,0.992387954,0.123150922,0.046500000,-0.000000000,-0.123150922,0.992387954,0.000000000,0.000000000,0.000000000,0.000000000,1.000000000
1790743605291947230,1790743605,291947230,1790743605299692051,FL_thigh,0.723492378,-0.000000000,0.690332369,0.193400000,-0.085015068,0.992387954,0.089098753,0.141273050,-0.685077527,-0.123150922,0.717985120,-0.011760913,0.000000000,0.000000000,0.000000000,1.000000000
1790743605291947230,1790743605,291947230,1790743605299692051,FL_calf,0.744675576,0.000000000,-0.667426615,0.046359205,0.082194203,0.992387954,0.091707484,0.122295015,0.662346133,-0.123150922,0.739007071,-0.164691744,0.000000000,0.000000000,0.000000000,1.000000000
1790743605291947230,1790743605,291947230,1790743605299692051,FL_calflower,0.777102353,0.000000000,-0.629374239,0.160031856,0.077508018,0.992387954,0.095700871,0.110366192,0.624583413,-0.123150922,0.771187014,-0.260817867,0.000000000,0.000000000,0.000000000,1.000000000
1790743605291947230,1790743605,291947230,1790743605299692051,FL_calflower1,0.979917759,0.000000000,-0.199402071,0.177435802,0.024556549,0.992387954,0.120677775,0.105763077,0.197884213,-0.123150922,0.972458579,-0.297911182,0.000000000,0.000000000,0.000000000,1.000000000
1790743605291947230,1790743605,291947230,1790743605299692051,FL_foot,0.744675576,0.000000000,-0.667426615,0.188521075,0.082194203,0.992387954,0.091707484,0.102761321,0.662346133,-0.123150922,0.739007071,-0.322100250,0.000000000,0.000000000,0.000000000,1.000000000
1790743605291947230,1790743605,291947230,1790743605299692051,FR_hip,1.000000000,0.000000000,0.000000000,0.193400000,0.000000000,0.992628400,-0.121197602,-0.046500000,0.000000000,0.121197602,0.992628400,0.000000000,0.000000000,0.000000000,0.000000000,1.000000000
1790743605291947230,1790743605,291947230,1790743605299692051,FR_thigh,0.682604446,-0.000000000,0.730788048,0.193400000,0.088569759,0.992628400,-0.082730022,-0.141296012,-0.725400971,0.121197602,0.677572559,-0.011574371,0.000000000,0.000000000,0.000000000,1.000000000
1790743605291947230,1790743605,291947230,1790743605299692051,FR_calf,0.786659688,0.000000000,-0.617386860,0.037742146,-0.074825807,0.992628400,-0.095341268,-0.123674518,0.612835732,0.121197602,0.780860748,-0.155897326,0.000000000,0.000000000,0.000000000,1.000000000
1790743605291947230,1790743605,291947230,1790743605299692051,FR_calflower,0.816533050,-0.000000000,-0.577298690,0.144848595,-0.069967217,0.992628400,-0.098961848,-0.111060526,0.573043075,0.121197602,0.810513896,-0.259208002,0.000000000,0.000000000,0.000000000,1.000000000
1790743605291947230,1790743605,291947230,1790743605299692051,FR_calflower1,0.990845183,0.000000000,-0.135003048,0.159775212,-0.016362046,0.992628400,-0.120088060,-0.106402380,0.134007860,0.121197602,0.983541069,-0.297358989,0.000000000,0.000000000,0.000000000,1.000000000
1790743605291947230,1790743605,291947230,1790743605299692051,FR_foot,0.786659688,0.000000000,-0.617386860,0.169245547,-0.074825807,0.992628400,-0.095341268,-0.103366827,0.612835732,0.121197602,0.780860748,-0.322220665,0.000000000,0.000000000,0.000000000,1.000000000
1790743605291947230,1790743605,291947230,1790743605299692051,RL_hip,1.000000000,-0.000000000,0.000000000,-0.193400000,0.000000000,0.999900642,0.014096330,0.046500000,-0.000000000,-0.014096330,0.999900642,0.000000000,0.000000000,0.000000000,0.000000000,1.000000000
1790743605291947230,1790743605,291947230,1790743605299692051,RL_thigh,0.726082853,-0.000000000,0.687607222,-0.193400000,-0.009692738,0.999900642,0.010235103,0.141990511,-0.687538902,-0.014096330,0.726010710,-0.001346199,0.000000000,0.000000000,0.000000000,1.000000000
1790743605291947230,1790743605,291947230,1790743605299692051,RL_calf,0.765773169,-0.000000000,-0.643110763,-0.339860338,0.009065501,0.999900642,0.010794591,0.139810434,0.643046864,-0.014096330,0.765697084,-0.155986481,0.000000000,0.000000000,0.000000000,1.000000000
1790743605291947230,1790743605,291947230,1790743605299692051,RL_calflower,0.796958294,0.000000000,-0.604034335,-0.229364482,0.008514667,0.999900642,0.011234187,0.138394145,0.603974319,-0.014096330,0.796879110,-0.256448712,0.000000000,0.000000000,0.000000000,1.000000000
1790743605291947230,1790743605,291947230,1790743605299692051,RL_calflower1,0.985828438,-0.000000000,-0.167756644,-0.213172691,0.002364753,0.999900642,0.013896563,0.137859631,0.167739976,-0.014096330,0.985730487,-0.294363619,0.000000000,0.000000000,0.000000000,1.000000000
1790743605291947230,1790743605,291947230,1790743605299692051,RL_foot,0.765773169,-0.000000000,-0.643110763,-0.202877746,0.009065501,0.999900642,0.010794591,0.137511186,0.643046864,-0.014096330,0.765697084,-0.319079960,0.000000000,0.000000000,0.000000000,1.000000000
1790743605291947230,1790743605,291947230,1790743605299692051,RR_hip,1.000000000,-0.000000000,0.000000000,-0.193400000,0.000000000,0.999986999,0.005099116,-0.046500000,-0.000000000,-0.005099116,0.999986999,0.000000000,0.000000000,0.000000000,0.000000000,1.000000000
1790743605291947230,1790743605,291947230,1790743605299692051,RR_thigh,0.777317681,0.000000000,0.629108276,-0.193400000,-0.003207896,0.999986999,0.003963633,-0.141998758,-0.629100097,-0.005099116,0.777307575,0.000486966,0.000000000,0.000000000,0.000000000,1.000000000
1790743605291947230,1790743605,291947230,1790743605299692051,RR_calf,0.752240074,0.000000000,-0.658889119,-0.327400063,0.003359752,0.999986999,0.003835760,-0.142843012,0.658880553,-0.005099116,0.752230295,-0.165079548,0.000000000,0.000000000,0.000000000,1.000000000
1790743605291947230,1790743605,291947230,1790743605299692051,RR_calflower,0.784230701,-0.000000000,-0.620469345,-0.214839672,0.003163845,0.999986999,0.003998883,-0.143343510,0.620461278,-0.005099116,0.784220505,-0.263232020,0.000000000,0.000000000,0.000000000,1.000000000
1790743605291947230,1790743605,291947230,1790743605299692051,RR_calflower1,0.982128472,-0.000000000,-0.188211752,-0.197863205,0.000959714,0.999986999,0.005007987,-0.143535103,0.188209305,-0.005099116,0.982115704,-0.300805453,0.000000000,0.000000000,0.000000000,1.000000000
1790743605291947230,1790743605,291947230,1790743605299692051,RR_foot,0.752240074,0.000000000,-0.658889119,-0.187056681,0.003359752,0.999986999,0.003835760,-0.143660029,0.658880553,-0.005099116,0.752230295,-0.325304601,0.000000000,0.000000000,0.000000000,1.000000000
1790743605362313048,1790743605,362313048,1790743605366277973,FL_hip,1.000000000,-0.000000000,0.000000000,0.193400000,0.000000000,0.992384224,0.123180971,0.046500000,-0.000000000,-0.123180971,0.992384224,0.000000000,0.000000000,0.000000000,0.000000000,1.000000000
1790743605362313048,1790743605,362313048,1790743605366277973,FL_thigh,0.723450571,-0.000000000,0.690376181,0.193400000,-0.085041208,0.992384224,0.089115344,0.141272693,-0.685118431,-0.123180971,0.717940934,-0.011763783,0.000000000,0.000000000,0.000000000,1.000000000
1790743605362313048,1790743605,362313048,1790743605366277973,FL_calf,0.744705491,0.000000000,-0.667393236,0.046349873,0.082210147,0.992384224,0.091733545,0.122291125,0.662310519,-0.123180971,0.739033981,-0.164685202,0.000000000,0.000000000,0.000000000,1.000000000
1790743605362313048,1790743605,362313048,1790743605366277973,FL_calflower,0.777130563,0.000000000,-0.629339407,0.160018182,0.077522639,0.992384224,0.095727697,0.110358763,0.624546499,-0.123180971,0.771212110,-0.260816020,0.000000000,0.000000000,0.000000000,1.000000000
1790743605362313048,1790743605,362313048,1790743605366277973,FL_calflower1,0.979926696,0.000000000,-0.199358148,0.177420453,0.024557130,0.992384224,0.120708321,0.105754429,0.197839881,-0.123180971,0.972463794,-0.297909970,0.000000000,0.000000000,0.000000000,1.000000000
1790743605362313048,1790743605,362313048,1790743605366277973,FL_foot,0.744705491,0.000000000,-0.667393236,0.188504633,0.082210147,0.992384224,0.091733545,0.102751880,0.662310519,-0.123180971,0.739033981,-0.322099440,0.000000000,0.000000000,0.000000000,1.000000000
1790743605362313048,1790743605,362313048,1790743605366277973,FR_hip,1.000000000,0.000000000,0.000000000,0.193400000,0.000000000,0.992624730,-0.121227658,-0.046500000,0.000000000,0.121227658,0.992624730,0.000000000,0.000000000,0.000000000,0.000000000,1.000000000
1790743605362313048,1790743605,362313048,1790743605366277973,FR_thigh,0.681364404,-0.000000000,0.731944362,0.193400000,0.088731901,0.992624730,-0.082600211,-0.141295662,-0.726546075,0.121227658,0.676339158,-0.011577241,0.000000000,0.000000000,0.000000000,1.000000000
1790743605362313048,1790743605,362313048,1790743605366277973,FR_calf,0.787705345,0.000000000,-0.616052181,0.037495851,-0.074682563,0.992624730,-0.095491674,-0.123701817,0.611508630,0.121227658,0.781895805,-0.155637482,0.000000000,0.000000000,0.000000000,1.000000000
1790743605362313048,1790743605,362313048,1790743605366277973,FR_calflower,0.817510694,0.000000000,-0.575913418,0.144425681,-0.069816635,0.992624730,-0.099104907,-0.111062700,0.571665901,0.121227658,0.811481332,-0.259127888,0.000000000,0.000000000,0.000000000,1.000000000
1790743605362313048,1790743605,362313048,1790743605366277973,FR_calflower1,0.991072658,0.000000000,-0.133322863,0.159287110,-0.016162418,0.992624730,-0.120145418,-0.106400338,0.132339571,0.121227658,0.983763230,-0.297303801,0.000000000,0.000000000,0.000000000,1.000000000
1790743605362313048,1790743605,362313048,1790743605366277973,FR_foot,0.787705345,0.000000000,-0.616052181,0.168714966,-0.074682563,0.992624730,-0.095491674,-0.103362090,0.611508630,0.121227658,0.781895805,-0.322181288,0.000000000,0.000000000,0.000000000,1.000000000
1790743605362313048,1790743605,362313048,1790743605366277973,RL_hip,1.000000000,-0.000000000,0.000000000,-0.193400000,0.000000000,0.999901918,0.014005501,0.046500000,-0.000000000,-0.014005501,0.999901918,0.000000000,0.000000000,0.000000000,0.000000000,1.000000000
1790743605362313048,1790743605,362313048,1790743605366277973,RL_thigh,0.725791305,0.000000000,0.687914952,-0.193400000,-0.009634594,0.999901918,0.010165071,0.141990633,-0.687847480,-0.014005501,0.725720118,-0.001337525,0.000000000,0.000000000,0.000000000,1.000000000
1790743605362313048,1790743605,362313048,1790743605366277973,RL_calf,0.766187843,-0.000000000,-0.642616673,-0.339925885,0.009000169,0.999901918,0.010730845,0.139825473,0.642553644,-0.014005501,0.766112694,-0.155915910,0.000000000,0.000000000,0.000000000,1.000000000
1790743605362313048,1790743605,362313048,1790743605366277973,RL_calflower,0.797347755,0.000000000,-0.603520138,-0.229494860,0.008452602,0.999901918,0.011167255,0.138417311,0.603460944,-0.014005501,0.797269550,-0.256449516,0.000000000,0.000000000,0.000000000,1.000000000
1790743605362313048,1790743605,362313048,1790743605366277973,RL_calflower1,0.985936442,-0.000000000,-0.167120709,-0.213327532,0.002340609,0.999901918,0.013808534,0.137886095,0.167104318,-0.014005501,0.985839740,-0.294374908,0.000000000,0.000000000,0.000000000,1.000000000
1790743605362313048,1790743605,362313048,1790743605366277973,RL_foot,0.766187843,-0.000000000,-0.642616673,-0.203048533,0.009000169,0.999901918,0.010730845,0.137539803,0.642553644,-0.014005501,0.766112694,-0.319097914,0.000000000,0.000000000,0.000000000,1.000000000
1790743605362313048,1790743605,362313048,1790743605366277973,RR_hip,1.000000000,-0.000000000,0.000000000,-0.193400000,0.000000000,0.999986999,0.005099116,-0.046500000,-0.000000000,-0.005099116,0.999986999,0.000000000,0.000000000,0.000000000,0.000000000,1.000000000
1790743605362313048,1790743605,362313048,1790743605366277973,RR_thigh,0.776745969,0.000000000,0.629814020,-0.193400000,-0.003211495,0.999986999,0.003960718,-0.141998758,-0.629805832,-0.005099116,0.776735871,0.000486966,0.000000000,0.000000000,0.000000000,1.000000000
1790743605362313048,1790743605,362313048,1790743605366277973,RR_calf,0.752765384,-0.000000000,-0.658288900,-0.327550386,0.003356692,0.999986999,0.003838438,-0.142842391,0.658280342,-0.005099116,0.752755598,-0.164957775,0.000000000,0.000000000,0.000000000,1.000000000
1790743605362313048,1790743605,362313048,1790743605366277973,RR_calflower,0.784725356,0.000000000,-0.619843622,-0.215068321,0.003160655,0.999986999,0.004001406,-0.143343346,0.619835564,-0.005099116,0.784715154,-0.263199997,0.000000000,0.000000000,0.000000000,1.000000000
1790743605362313048,1790743605,362313048,1790743605366277973,RR_calflower1,0.982278283,0.000000000,-0.187428318,-0.198121830,0.000955719,0.999986999,0.005008751,-0.143535009,0.187425881,-0.005099116,0.982265513,-0.300786958,0.000000000,0.000000000,0.000000000,1.000000000
1790743605362313048,1790743605,362313048,1790743605366277973,RR_foot,0.752765384,-0.000000000,-0.658288900,-0.187334850,0.003356692,0.999986999,0.003838438,-0.143659979,0.658280342,-0.005099116,0.752755598,-0.325294717,0.000000000,0.000000000,0.000000000,1.000000000
1790743605421810114,1790743605,421810114,1790743605433220661,FL_hip,1.000000000,-0.000000000,0.000000000,0.193400000,0.000000000,0.992387954,0.123150922,0.046500000,-0.000000000,-0.123150922,0.992387954,0.000000000,0.000000000,0.000000000,0.000000000,1.000000000
1790743605421810114,1790743605,421810114,1790743605433220661,FL_thigh,0.723387856,0.000000000,0.690441895,0.193400000,-0.085028556,0.992387954,0.089085881,0.141273050,-0.685186219,-0.123150922,0.717881394,-0.011760913,0.000000000,0.000000000,0.000000000,1.000000000
1790743605421810114,1790743605,421810114,1790743605433220661,FL_calf,0.744776613,0.000000000,-0.667313867,0.046335876,0.082180318,0.992387954,0.091719927,0.122297757,0.662234243,-0.123150922,0.739107339,-0.164669650,0.000000000,0.000000000,0.000000000,1.000000000
1790743605421810114,1790743605,421810114,1790743605433220661,FL_calflower,0.777197629,-0.000000000,-0.629256582,0.159993861,0.077493528,0.992387954,0.095712605,0.110366814,0.624466652,-0.123150922,0.771281564,-0.260812851,0.000000000,0.000000000,0.000000000,1.000000000
1790743605421810114,1790743605,421810114,1790743605433220661,FL_calflower1,0.979947936,0.000000000,-0.199253713,0.177392148,0.024538278,0.992387954,0.120681492,0.105763375,0.197736984,-0.123150922,0.972488527,-0.297908780,0.000000000,0.000000000,0.000000000,1.000000000
1790743605421810114,1790743605,421810114,1790743605433220661,FL_foot,0.744776613,0.000000000,-0.667313867,0.188473730,0.082180318,0.992387954,0.091719927,0.102761412,0.662234243,-0.123150922,0.739107339,-0.322099513,0.000000000,0.000000000,0.000000000,1.000000000
1790743605421810114,1790743605,421810114,1790743605433220661,FR_hip,1.000000000,0.000000000,0.000000000,0.193400000,0.000000000,0.992617387,-0.121287770,-0.046500000,0.000000000,0.121287770,0.992617387,0.000000000,0.000000000,0.000000000,0.000000000,1.000000000
1790743605421810114,1790743605,421810114,1790743605433220661,FR_thigh,0.680921026,0.000000000,0.732356851,0.193400000,0.088825929,0.992617387,-0.082587393,-0.141294960,-0.726950143,0.121287770,0.675894049,-0.011582982,0.000000000,0.000000000,0.000000000,1.000000000
1790743605421810114,1790743605,421810114,1790743605433220661,FR_calf,0.788088031,0.000000000,-0.615562552,0.037407991,-0.074660209,0.992617387,-0.095585440,-0.123703846,0.611018092,0.121287770,0.782269882,-0.155548415,0.000000000,0.000000000,0.000000000,1.000000000
1790743605421810114,1790743605,421810114,1790743605433220661,FR_calflower,0.817868431,-0.000000000,-0.575405274,0.144273009,-0.069789622,0.992617387,-0.099197438,-0.111050405,0.571157280,0.121287770,0.811830425,-0.259103995,0.000000000,0.000000000,0.000000000,1.000000000
1790743605421810114,1790743605,421810114,1790743605433220661,FR_calflower1,0.991155319,0.000000000,-0.132706947,0.159110536,-0.016095730,0.992617387,-0.120215018,-0.106384611,0.131727223,0.121287770,0.983838003,-0.297288785,0.000000000,0.000000000,0.000000000,1.000000000
1790743605421810114,1790743605,421810114,1790743605433220661,FR_foot,0.788088031,0.000000000,-0.615562552,0.168522814,-0.074660209,0.992617387,-0.095585440,-0.103344147,0.611018092,0.121287770,0.782269882,-0.322171899,0.000000000,0.000000000,0.000000000,1.000000000
1790743605421810114,1790743605,421810114,1790743605433220661,RL_hip,1.000000000,-0.000000000,0.000000000,-0.193400000,0.000000000,0.999902764,0.013944949,0.046500000,-0.000000000,-0.013944949,0.999902764,0.000000000,0.000000000,0.000000000,0.000000000,1.000000000
1790743605421810114,1790743605,421810114,1790743605433220661,RL_thigh,0.725541344,-0.000000000,0.688178580,-0.193400000,-0.009596615,0.999902764,0.010117637,0.141990714,-0.688111665,-0.013944949,0.725470796,-0.001331743,0.000000000,0.000000000,0.000000000,1.000000000
1790743605421810114,1790743605,421810114,1790743605433220661,RL_calf,0.766542986,0.000000000,-0.642193001,-0.339982038,0.008955348,0.999902764,0.010689403,0.139835657,0.642130557,-0.013944949,0.766468451,-0.155857022,0.000000000,0.000000000,0.000000000,1.000000000
1790743605421810114,1790743605,421810114,1790743605433220661,RL_calflower,0.797681279,0.000000000,-0.603079246,-0.229606614,0.008409909,0.999902764,0.011123625,0.138432733,0.603020605,-0.013944949,0.797603716,-0.256451742,0.000000000,0.000000000,0.000000000,1.000000000
1790743605421810114,1790743605,421810114,1790743605433220661,RL_calflower1,0.986028682,-0.000000000,-0.166575625,-0.213460257,0.002322889,0.999902764,0.013750119,0.137903689,0.166559428,-0.013944949,0.985932805,-0.294386096,0.000000000,0.000000000,0.000000000,1.000000000
1790743605421810114,1790743605,421810114,1790743605433220661,RL_foot,0.766542986,0.000000000,-0.642193001,-0.203194928,0.008955348,0.999902764,0.010689403,0.137558815,0.642130557,-0.013944949,0.766468451,-0.319114802,0.000000000,0.000000000,0.000000000,1.000000000
1790743605421810114,1790743605,421810114,1790743605433220661,RR_hip,1.000000000,-0.000000000,0.000000000,-0.193400000,0.000000000,0.999987306,0.005038562,-0.046500000,-0.000000000,-0.005038562,0.999987306,0.000000000,0.000000000,0.000000000,0.000000000,1.000000000
1790743605421810114,1790743605,421810114,1790743605433220661,RR_thigh,0.776249902,-0.000000000,0.630425324,-0.193400000,-0.003176437,0.999987306,0.003911184,-0.141998788,-0.630417322,-0.005038562,0.776240049,0.000481183,0.000000000,0.000000000,0.000000000,1.000000000
1790743605421810114,1790743605,421810114,1790743605433220661,RR_calf,0.753252189,0.000000000,-0.657731815,-0.327680594,0.003314023,0.999987306,0.003795308,-0.142831870,0.657723466,-0.005038562,0.753242627,-0.164857948,0.000000000,0.000000000,0.000000000,1.000000000
1790743605421810114,1790743605,421810114,1790743605433220661,RR_calflower,0.785183709,0.000000000,-0.619262903,-0.215271242,0.003120195,0.999987306,0.003956197,-0.143327295,0.619255042,-0.005038562,0.785173743,-0.263183387,0.000000000,0.000000000,0.000000000,1.000000000
1790743605421810114,1790743605,421810114,1790743605433220661,RR_calflower1,0.982416676,0.000000000,-0.186701565,-0.198352563,0.000940707,0.999987306,0.004949968,-0.143516745,0.186699195,-0.005038562,0.982404206,-0.300782887,0.000000000,0.000000000,0.000000000,1.000000000
1790743605421810114,1790743605,421810114,1790743605433220661,RR_foot,0.753252189,0.000000000,-0.657731815,-0.187583717,0.003314023,0.999987306,0.003795308,-0.143640270,0.657723466,-0.005038562,0.753242627,-0.325298627,0.000000000,0.000000000,0.000000000,1.000000000
1790743605446535225,1790743605,446535225,1790743605466380858,FL_hip,1.000000000,-0.000000000,0.000000000,0.193400000,0.000000000,0.992387954,0.123150922,0.046500000,-0.000000000,-0.123150922,0.992387954,0.000000000,0.000000000,0.000000000,0.000000000,1.000000000
1790743605446535225,1790743605,446535225,1790743605466380858,FL_thigh,0.723220587,-0.000000000,0.690617103,0.193400000,-0.085050133,0.992387954,0.089065282,0.141273050,-0.685360093,-0.123150922,0.717715398,-0.011760913,0.000000000,0.000000000,0.000000000,1.000000000
1790743605446535225,1790743605,446535225,1790743605466380858,FL_calf,0.744938237,0.000000000,-0.667133438,0.046298557,0.082158098,0.992387954,0.091739831,0.122302144,0.662055187,-0.123150922,0.739267732,-0.164634293,0.000000000,0.000000000,0.000000000,1.000000000
1790743605446535225,1790743605,446535225,1790743605466380858,FL_calflower,0.777350033,0.000000000,-0.629068300,0.159933071,0.077470341,0.992387954,0.095731373,0.110367812,0.624279803,-0.123150922,0.771432808,-0.260804813,0.000000000,0.000000000,0.000000000,1.000000000
1790743605446535225,1790743605,446535225,1790743605466380858,FL_calflower1,0.979996173,0.000000000,-0.199016331,0.177322302,0.024509045,0.992387954,0.120687432,0.105763853,0.197501410,-0.123150922,0.972536397,-0.297904924,0.000000000,0.000000000,0.000000000,1.000000000
1790743605446535225,1790743605,446535225,1790743605466380858,FL_foot,0.744938237,0.000000000,-0.667133438,0.188397979,0.082158098,0.992387954,0.091739831,0.102761561,0.662055187,-0.123150922,0.739267732,-0.322098320,0.000000000,0.000000000,0.000000000,1.000000000
1790743605446535225,1790743605,446535225,1790743605466380858,FR_hip,1.000000000,0.000000000,0.000000000,0.193400000,0.000000000,0.992628400,-0.121197602,-0.046500000,0.000000000,0.121197602,0.992628400,0.000000000,0.000000000,0.000000000,0.000000000,1.000000000
1790743605446535225,1790743605,446535225,1790743605466380858,FR_thigh,0.680610556,-0.000000000,0.732645392,0.193400000,0.088794865,0.992628400,-0.082488368,-0.141296012,-0.727244624,0.121197602,0.675593368,-0.011574371,0.000000000,0.000000000,0.000000000,1.000000000
1790743605446535225,1790743605,446535225,1790743605466380858,FR_calf,0.788329429,-0.000000000,-0.615253371,0.037346531,-0.074567233,0.992628400,-0.095543637,-0.123725990,0.610717970,0.121197602,0.782518181,-0.155475758,0.000000000,0.000000000,0.000000000,1.000000000
1790743605446535225,1790743605,446535225,1790743605466380858,FR_calflower,0.818094075,0.000000000,-0.575084415,0.144170619,-0.069698852,0.992628400,-0.099151040,-0.111076876,0.570845123,0.121197602,0.812063413,-0.259074090,0.000000000,0.000000000,0.000000000,1.000000000
1790743605446535225,1790743605,446535225,1790743605466380858,FR_calflower1,0.991207298,0.000000000,-0.132318148,0.158993055,-0.016036642,0.992628400,-0.120131948,-0.106413846,0.131342752,0.121197602,0.983900515,-0.297265077,0.000000000,0.000000000,0.000000000,1.000000000
1790743605446535225,1790743605,446535225,1790743605466380858,FR_foot,0.788329429,-0.000000000,-0.615253371,0.168395500,-0.074567233,0.992628400,-0.095543637,-0.103375195,0.610717970,0.121197602,0.782518181,-0.322152131,0.000000000,0.000000000,0.000000000,1.000000000
1790743605446535225,1790743605,446535225,1790743605466380858,RL_hip,1.000000000,-0.000000000,0.000000000,-0.193400000,0.000000000,0.999902342,0.013975225,0.046500000,-0.000000000,-0.013975225,0.999902342,0.000000000,0.000000000,0.000000000,0.000000000,1.000000000
1790743605446535225,1790743605,446535225,1790743605466380858,RL_thigh,0.725374623,-0.000000000,0.688354310,-0.193400000,-0.009619906,0.999902342,0.010137274,0.141990674,-0.688287087,-0.013975225,0.725303784,-0.001334634,0.000000000,0.000000000,0.000000000,1.000000000
1790743605446535225,1790743605,446535225,1790743605466380858,RL_calf,0.766769542,0.000000000,-0.641922479,-0.340019468,0.008971011,0.999902342,0.010715777,0.139831434,0.641859790,-0.013975225,0.766694661,-0.155824340,0.000000000,0.000000000,0.000000000,1.000000000
1790743605446535225,1790743605,446535225,1790743605466380858,RL_calflower,0.797894032,-0.000000000,-0.602797739,-0.229679550,0.008424234,0.999902342,0.011150749,0.138424920,0.602738871,-0.013975225,0.797816111,-0.256457954,0.000000000,0.000000000,0.000000000,1.000000000
1790743605446535225,1790743605,446535225,1790743605466380858,RL_calflower1,0.986087398,0.000000000,-0.166227685,-0.213546581,0.002323069,0.999902342,0.013780793,0.137894647,0.166211452,-0.013975225,0.985991099,-0.294397987,0.000000000,0.000000000,0.000000000,1.000000000
1790743605446535225,1790743605,446535225,1790743605466380858,RL_foot,0.766769542,0.000000000,-0.641922479,-0.203289980,0.008971011,0.999902342,0.010715777,0.137548974,0.641859790,-0.013975225,0.766694661,-0.319130303,0.000000000,0.000000000,0.000000000,1.000000000
1790743605446535225,1790743605,446535225,1790743605466380858,RR_hip,1.000000000,-0.000000000,0.000000000,-0.193400000,0.000000000,0.999987306,0.005038562,-0.046500000,-0.000000000,-0.005038562,0.999987306,0.000000000,0.000000000,0.000000000,0.000000000,1.000000000
1790743605446535225,1790743605,446535225,1790743605466380858,RR_thigh,0.775982590,0.000000000,0.630754326,-0.193400000,-0.003178095,0.999987306,0.003909837,-0.141998788,-0.630746320,-0.005038562,0.775972740,0.000481183,0.000000000,0.000000000,0.000000000,1.000000000
1790743605446535225,1790743605,446535225,1790743605466380858,RR_calf,0.753510171,0.000000000,-0.657436250,-0.327750671,0.003312534,0.999987306,0.003796608,-0.142831583,0.657427905,-0.005038562,0.753500606,-0.164801011,0.000000000,0.000000000,0.000000000,1.000000000
1790743605446535225,1790743605,446535225,1790743605466380858,RR_calflower,0.785426597,0.000000000,-0.618954813,-0.215379903,0.003118642,0.999987306,0.003957421,-0.143327230,0.618946957,-0.005038562,0.785416627,-0.263170542,0.000000000,0.000000000,0.000000000,1.000000000
1790743605446535225,1790743605,446535225,1790743605466380858,RR_calflower1,0.982489847,0.000000000,-0.186316131,-0.198475976,0.000938765,0.999987306,0.004950336,-0.143516714,0.186313766,-0.005038562,0.982477376,-0.300776677,0.000000000,0.000000000,0.000000000,1.000000000
1790743605446535225,1790743605,446535225,1790743605466380858,RR_foot,0.753510171,0.000000000,-0.657436250,-0.187716750,0.003312534,0.999987306,0.003796608,-0.143640260,0.657427905,-0.005038562,0.753500606,-0.325296640,0.000000000,0.000000000,0.000000000,1.000000000
1790743605515274009,1790743605,515274009,1790743605533514693,FL_hip,1.000000000,-0.000000000,0.000000000,0.193400000,0.000000000,0.992391682,0.123120873,0.046500000,-0.000000000,-0.123120873,0.992391682,0.000000000,0.000000000,0.000000000,0.000000000,1.000000000
1790743605515274009,1790743605,515274009,1790743605533514693,FL_thigh,0.723095107,0.000000000,0.690748483,0.193400000,-0.085045556,0.992391682,0.089028101,0.141273406,-0.685493048,-0.123120873,0.717593570,-0.011758043,0.000000000,0.000000000,0.000000000,1.000000000
1790743605515274009,1790743605,515274009,1790743605533514693,FL_calf,0.745059426,0.000000000,-0.666998090,0.046270573,0.082121387,0.992391682,0.091732367,0.122310420,0.661923356,-0.123120873,0.739390777,-0.164605474,0.000000000,0.000000000,0.000000000,1.000000000
1790743605515274009,1790743605,515274009,1790743605533514693,FL_calflower,0.777464306,0.000000000,-0.628927065,0.159887479,0.077434049,0.992391682,0.095722084,0.110376458,0.624141988,-0.123120873,0.771549110,-0.260796842,0.000000000,0.000000000,0.000000000,1.000000000
1790743605515274009,1790743605,515274009,1790743605533514693,FL_calflower1,0.980032314,0.000000000,-0.198838287,0.177269919,0.024481144,0.992391682,0.120662434,0.105773234,0.197325462,-0.123120873,0.972575916,-0.297900226,0.000000000,0.000000000,0.000000000,1.000000000
1790743605515274009,1790743605,515274009,1790743605533514693,FL_foot,0.745059426,0.000000000,-0.666998090,0.188341166,0.082121387,0.992391682,0.091732367,0.102771426,0.661923356,-0.123120873,0.739390777,-0.322095709,0.000000000,0.000000000,0.000000000,1.000000000
1790743605515274009,1790743605,515274009,1790743605533514693,FR_hip,1.000000000,0.000000000,0.000000000,0.193400000,0.000000000,0.992628400,-0.121197602,-0.046500000,0.000000000,0.121197602,0.992628400,0.000000000,0.000000000,0.000000000,0.000000000,1.000000000
1790743605515274009,1790743605,515274009,1790743605533514693,FR_thigh,0.680410876,0.000000000,0.732830840,0.193400000,0.088817341,0.992628400,-0.082464167,-0.141296012,-0.727428704,0.121197602,0.675395159,-0.011574371,0.000000000,0.000000000,0.000000000,1.000000000
1790743605515274009,1790743605,515274009,1790743605533514693,FR_calf,0.788506742,0.000000000,-0.615026111,0.037307031,-0.074539690,0.992628400,-0.095565127,-0.123731145,0.610492385,0.121197602,0.782694186,-0.155433540,0.000000000,0.000000000,0.000000000,1.000000000
1790743605515274009,1790743605,515274009,1790743605533514693,FR_calflower,0.818259808,0.000000000,-0.574848577,0.144101030,-0.069670269,0.992628400,-0.099171127,-0.111078300,0.570611023,0.121197602,0.812227925,-0.259062432,0.000000000,0.000000000,0.000000000,1.000000000
1790743605515274009,1790743605,515274009,1790743605533514693,FR_calflower1,0.991245397,0.000000000,-0.132032429,0.158912375,-0.016002014,0.992628400,-0.120136565,-0.106414752,0.131059139,0.121197602,0.983938333,-0.297257659,0.000000000,0.000000000,0.000000000,1.000000000
1790743605515274009,1790743605,515274009,1790743605533514693,FR_foot,0.788506742,0.000000000,-0.615026111,0.168307593,-0.074539690,0.992628400,-0.095565127,-0.103375773,0.610492385,0.121197602,0.782694186,-0.322147402,0.000000000,0.000000000,0.000000000,1.000000000
1790743605515274009,1790743605,515274009,1790743605533514693,RL_hip,1.000000000,-0.000000000,0.000000000,-0.193400000,0.000000000,0.999903186,0.013914672,0.046500000,-0.000000000,-0.013914672,0.999903186,0.000000000,0.000000000,0.000000000,0.000000000,1.000000000
1790743605515274009,1790743605,515274009,1790743605533514693,RL_thigh,0.725020200,-0.000000000,0.688727602,-0.193400000,-0.009583419,0.999903186,0.010088419,0.141990754,-0.688660924,-0.013914672,0.724950008,-0.001328851,0.000000000,0.000000000,0.000000000,1.000000000
1790743605515274009,1790743605,515274009,1790743605533514693,RL_calf,0.767221450,0.000000000,-0.641382293,-0.340098979,0.008924625,0.999903186,0.010675635,0.139841921,0.641320199,-0.013914672,0.767147173,-0.155743203,0.000000000,0.000000000,0.000000000,1.000000000
1790743605515274009,1790743605,515274009,1790743605533514693,RL_calflower,0.798318378,0.000000000,-0.602235642,-0.229829971,0.008379912,0.999903186,0.011108339,0.138440420,0.602177337,-0.013914672,0.798241089,-0.256454580,0.000000000,0.000000000,0.000000000,1.000000000
1790743605515274009,1790743605,515274009,1790743605533514693,RL_calflower1,0.986204226,0.000000000,-0.165533154,-0.213723729,0.002303340,0.999903186,0.013722709,0.137912287,0.165517128,-0.013914672,0.986108748,-0.294405997,0.000000000,0.000000000,0.000000000,1.000000000
1790743605515274009,1790743605,515274009,1790743605533514693,RL_foot,0.767221450,0.000000000,-0.641382293,-0.203484551,0.008924625,0.999903186,0.010675635,0.137568011,0.641320199,-0.013914672,0.767147173,-0.319145551,0.000000000,0.000000000,0.000000000,1.000000000
1790743605515274009,1790743605,515274009,1790743605533514693,RR_hip,1.000000000,-0.000000000,0.000000000,-0.193400000,0.000000000,0.999987610,0.004978008,-0.046500000,-0.000000000,-0.004978008,0.999987610,0.000000000,0.000000000,0.000000000,0.000000000,1.000000000
1790743605515274009,1790743605,515274009,1790743605533514693,RR_thigh,0.775524091,0.000000000,0.631317973,-0.193400000,-0.003142706,0.999987610,0.003860566,-0.141998817,-0.631310151,-0.004978008,0.775514482,0.000475400,0.000000000,0.000000000,0.000000000,1.000000000
1790743605515274009,1790743605,515274009,1790743605533514693,RR_calf,0.753935810,0.000000000,-0.656948091,-0.327870728,0.003270293,0.999987610,0.003753099,-0.142821117,0.656939951,-0.004978008,0.753926469,-0.164709185,0.000000000,0.000000000,0.000000000,1.000000000
1790743605515274009,1790743605,515274009,1790743605533514693,RR_calflower,0.785827307,0.000000000,-0.618445991,-0.215563695,0.003078629,0.999987610,0.003911855,-0.143311170,0.618438328,-0.004978008,0.785817570,-0.263151503,0.000000000,0.000000000,0.000000000,1.000000000
1790743605515274009,1790743605,515274009,1790743605533514693,RR_calflower1,0.982610311,0.000000000,-0.185679768,-0.198684128,0.000924315,0.999987610,0.004891442,-0.143498430,0.185677468,-0.004978008,0.982598136,-0.300768589,0.000000000,0.000000000,0.000000000,1.000000000
1790743605515274009,1790743605,515274009,1790743605533514693,RR_foot,0.753935810,0.000000000,-0.656948091,-0.187940785,0.003270293,0.999987610,0.003753099,-0.143620527,0.656939951,-0.004978008,0.753926469,-0.325295523,0.000000000,0.000000000,0.000000000,1.000000000
1790743606051639011,1790743606,51639011,1790743606066426193,FL_hip,1.000000000,-0.000000000,0.000000000,0.193400000,0.000000000,0.992384224,0.123180971,0.046500000,-0.000000000,-0.123180971,0.992384224,0.000000000,0.000000000,0.000000000,0.000000000,1.000000000
1790743606051639011,1790743606,51639011,1790743606066426193,FL_thigh,0.720475689,-0.000000000,0.693480196,0.193400000,-0.085423564,0.992384224,0.088748895,0.141272693,-0.688198806,-0.123180971,0.714988708,-0.011763783,0.000000000,0.000000000,0.000000000,1.000000000
1790743606051639011,1790743606,51639011,1790743606066426193,FL_calf,0.747567991,0.000000000,-0.664185289,0.045688718,0.081814989,0.992384224,0.092086151,0.122369179,0.659127003,-0.123180971,0.741874681,-0.164056377,0.000000000,0.000000000,0.000000000,1.000000000
1790743606051639011,1790743606,51639011,1790743606066426193,FL_calflower,0.779829155,0.000000000,-0.625992403,0.158939501,0.077110352,0.992384224,0.096060112,0.110376728,0.621224986,-0.123180971,0.773890151,-0.260671290,0.000000000,0.000000000,0.000000000,1.000000000
1790743606051639011,1790743606,51639011,1790743606066426193,FL_calflower1,0.980774757,0.000000000,-0.195143219,0.176180906,0.024037931,0.992384224,0.120812787,0.105763220,0.193657052,-0.123180971,0.973305396,-0.297839146,0.000000000,0.000000000,0.000000000,1.000000000
1790743606051639011,1790743606,51639011,1790743606066426193,FL_foot,0.747567991,0.000000000,-0.664185289,0.187160185,0.081814989,0.992384224,0.092086151,0.102754829,0.659127003,-0.123180971,0.741874681,-0.322075684,0.000000000,0.000000000,0.000000000,1.000000000
1790743606051639011,1790743606,51639011,1790743606066426193,FR_hip,1.000000000,0.000000000,0.000000000,0.193400000,0.000000000,0.992617387,-0.121287770,-0.046500000,0.000000000,0.121287770,0.992617387,0.000000000,0.000000000,0.000000000,0.000000000,1.000000000
1790743606051639011,1790743606,51639011,1790743606066426193,FR_thigh,0.676897337,0.000000000,0.736077438,0.193400000,0.089277191,0.992617387,-0.082099368,-0.141294960,-0.730643263,0.121287770,0.671900066,-0.011582982,0.000000000,0.000000000,0.000000000,1.000000000
1790743606051639011,1790743606,51639011,1790743606066426193,FR_calf,0.791459222,0.000000000,-0.611221973,0.036615506,-0.074133750,0.992617387,-0.095994324,-0.123807795,0.606709558,0.121287770,0.785616185,-0.154697696,0.000000000,0.000000000,0.000000000,1.000000000
1790743606051639011,1790743606,51639011,1790743606066426193,FR_calflower,0.821018470,0.000000000,-0.570901630,0.142905542,-0.069243385,0.992617387,-0.099579499,-0.111083310,0.566686884,0.121287770,0.814957209,-0.258834700,0.000000000,0.000000000,0.000000000,1.000000000
1790743606051639011,1790743606,51639011,1790743606066426193,FR_calflower1,0.991869699,0.000000000,-0.127257615,0.157531423,-0.015434792,0.992617387,-0.120301664,-0.106407696,0.126318121,0.121287770,0.984547109,-0.297099857,0.000000000,0.000000000,0.000000000,1.000000000
1790743606051639011,1790743606,51639011,1790743606066426193,FR_foot,0.791459222,0.000000000,-0.611221973,0.166805786,-0.074133750,0.992617387,-0.095994324,-0.103361004,0.606709558,0.121287770,0.785616185,-0.322033943,0.000000000,0.000000000,0.000000000,1.000000000
1790743606051639011,1790743606,51639011,1790743606066426193,RL_hip,1.000000000,-0.000000000,0.000000000,-0.193400000,0.000000000,0.999904446,0.013823844,0.046500000,-0.000000000,-0.013823844,0.999904446,0.000000000,0.000000000,0.000000000,0.000000000,1.000000000
1790743606051639011,1790743606,51639011,1790743606066426193,RL_thigh,0.721109089,-0.000000000,0.692821536,-0.193400000,-0.009577457,0.999904446,0.009968499,0.141990875,-0.692755335,-0.013823844,0.721040185,-0.001320177,0.000000000,0.000000000,0.000000000,1.000000000
1790743606051639011,1790743606,51639011,1790743606066426193,RL_calf,0.771092107,-0.000000000,-0.636723615,-0.340970987,0.008801968,0.999904446,0.010659457,0.139867584,0.636662774,-0.013823844,0.771018426,-0.154901736,0.000000000,0.000000000,0.000000000,1.000000000
1790743606051639011,1790743606,51639011,1790743606066426193,RL_calflower,0.801951360,-0.000000000,-0.597389334,-0.231314050,0.008258217,0.999904446,0.011086050,0.138466024,0.597332251,-0.013823844,0.801874730,-0.256279208,0.000000000,0.000000000,0.000000000,1.000000000
1790743606051639011,1790743606,51639011,1790743606066426193,RL_calflower1,0.987188739,-0.000000000,-0.159556868,-0.215437990,0.002205689,0.999904446,0.013646743,0.137940000,0.159541622,-0.013823844,0.987094409,-0.294327520,0.000000000,0.000000000,0.000000000,1.000000000
1790743606051639011,1790743606,51639011,1790743606066426193,RL_foot,0.771092107,-0.000000000,-0.636723615,-0.205348857,0.008801968,0.999904446,0.010659457,0.137597120,0.636662774,-0.013823844,0.771018426,-0.319128661,0.000000000,0.000000000,0.000000000,1.000000000
1790743606051639011,1790743606,51639011,1790743606066426193,RR_hip,1.000000000,-0.000000000,0.000000000,-0.193400000,0.000000000,0.999988205,0.004856899,-0.046500000,-0.000000000,-0.004856899,0.999988205,0.000000000,0.000000000,0.000000000,0.000000000,1.000000000
1790743606051639011,1790743606,51639011,1790743606066426193,RR_thigh,0.771301672,0.000000000,0.636469740,-0.193400000,-0.003091269,0.999988205,0.003746134,-0.141998874,-0.636462233,-0.004856899,0.771292575,0.000463834,0.000000000,0.000000000,0.000000000,1.000000000
1790743606051639011,1790743606,51639011,1790743606066426193,RR_calf,0.758016892,0.000000000,-0.652234921,-0.328968055,0.003167839,0.999988205,0.003681611,-0.142796800,0.652227228,-0.004856899,0.758007951,-0.163821485,0.000000000,0.000000000,0.000000000,1.000000000
1790743606051639011,1790743606,51639011,1790743606066426193,RR_calflower,0.789667728,0.000000000,-0.613534742,-0.217276949,0.002979876,0.999988205,0.003835336,-0.143278322,0.613527506,-0.004856899,0.789658414,-0.262962117,0.000000000,0.000000000,0.000000000,1.000000000
1790743606051639011,1790743606,51639011,1790743606066426193,RR_calflower1,0.983748833,0.000000000,-0.179550089,-0.200632236,0.000872057,0.999988205,0.004777969,-0.143461534,0.179547971,-0.004856899,0.983737229,-0.300683728,0.000000000,0.000000000,0.000000000,1.000000000
1790743606051639011,1790743606,51639011,1790743606066426193,RR_foot,0.758016892,0.000000000,-0.652234921,-0.190042017,0.003167839,0.999988205,0.003681611,-0.143580983,0.652227228,-0.004856899,0.758007951,-0.325277178,0.000000000,0.000000000,0.000000000,1.000000000
1790743606121058328,1790743606,121058328,1790743606133242057,FL_hip,1.000000000,-0.000000000,0.000000000,0.193400000,0.000000000,0.992387954,0.123150922,0.046500000,-0.000000000,-0.123150922,0.992387954,0.000000000,0.000000000,0.000000000,0.000000000,1.000000000
1790743606121058328,1790743606,121058328,1790743606133242057,FL_thigh,0.719761417,0.000000000,0.694221509,0.193400000,-0.085494019,0.992387954,0.088639282,0.141273050,-0.688937062,-0.123150922,0.714282559,-0.011760913,0.000000000,0.000000000,0.000000000,1.000000000
1790743606121058328,1790743606,121058328,1790743606133242057,FL_calf,0.748261768,0.000000000,-0.663403593,0.045530819,0.081698764,0.992387954,0.092149127,0.122392882,0.658353734,-0.123150922,0.742565964,-0.163903098,0.000000000,0.000000000,0.000000000,1.000000000
1790743606121058328,1790743606,121058328,1790743606133242057,FL_calflower,0.780482996,0.000000000,-0.625177010,0.158679786,0.076991125,0.992387954,0.096117201,0.110388787,0.620418133,-0.123150922,0.774541923,-0.260635786,0.000000000,0.000000000,0.000000000,1.000000000
1790743606121058328,1790743606,121058328,1790743606133242057,FL_calflower1,0.980978179,0.000000000,-0.194118039,0.175882036,0.023905815,0.992387954,0.120808367,0.105774188,0.192640404,-0.123150922,0.973510927,-0.297821644,0.000000000,0.000000000,0.000000000,1.000000000
1790743606121058328,1790743606,121058328,1790743606133242057,FL_foot,0.748261768,0.000000000,-0.663403593,0.186835784,0.081698764,0.992387954,0.092149127,0.102765119,0.658353734,-0.123150922,0.742565964,-0.322069649,0.000000000,0.000000000,0.000000000,1.000000000
1790743606121058328,1790743606,121058328,1790743606133242057,FR_hip,1.000000000,0.000000000,0.000000000,0.193400000,0.000000000,0.992613714,-0.121317825,-0.046500000,0.000000000,0.121317825,0.992613714,0.000000000,0.000000000,0.000000000,0.000000000,1.000000000
1790743606121058328,1790743606,121058328,1790743606133242057,FR_thigh,0.675960790,0.000000000,0.736937589,0.193400000,0.089403666,0.992613714,-0.082006093,-0.141294610,-0.731494358,0.121317825,0.670967950,-0.011585852,0.000000000,0.000000000,0.000000000,1.000000000
1790743606121058328,1790743606,121058328,1790743606133242057,FR_calf,0.792235815,0.000000000,-0.610215055,0.036432293,-0.074029963,0.992613714,-0.096112326,-0.123827312,0.605707832,0.121317825,0.786384135,-0.154502026,0.000000000,0.000000000,0.000000000,1.000000000
1790743606121058328,1790743606,121058328,1790743606133242057,FR_calflower,0.821743768,0.000000000,-0.569857157,0.142588838,-0.069133831,0.992613714,-0.099692167,-0.111083287,0.565648029,0.121317825,0.815674134,-0.258772721,0.000000000,0.000000000,0.000000000,1.000000000
1790743606121058328,1790743606,121058328,1790743606133242057,FR_calflower1,0.992030718,-0.000000000,-0.125996246,0.157165687,-0.015285591,0.992613714,-0.120351009,-0.106404262,0.125065601,0.121317825,0.984703296,-0.297056167,0.000000000,0.000000000,0.000000000,1.000000000
1790743606121058328,1790743606,121058328,1790743606133242057,FR_foot,0.792235815,0.000000000,-0.610215055,0.166408100,-0.074029963,0.992613714,-0.096112326,-0.103355386,0.605707832,0.121317825,0.786384135,-0.322001846,0.000000000,0.000000000,0.000000000,1.000000000
1790743606121058328,1790743606,121058328,1790743606133242057,RL_hip,1.000000000,-0.000000000,0.000000000,-0.193400000,0.000000000,0.999904446,0.013823844,0.046500000,-0.000000000,-0.013823844,0.999904446,0.000000000,0.000000000,0.000000000,0.000000000,1.000000000
1790743606121058328,1790743606,121058328,1790743606133242057,RL_thigh,0.720605467,0.000000000,0.693345340,-0.193400000,-0.009584698,0.999904446,0.009961537,0.141990875,-0.693279088,-0.013823844,0.720536610,-0.001320177,0.000000000,0.000000000,0.000000000,1.000000000
1790743606121058328,1790743606,121058328,1790743606133242057,RL_calf,0.771594764,0.000000000,-0.636114392,-0.341082557,0.008793546,0.999904446,0.010666405,0.139869067,0.636053609,-0.013823844,0.771521035,-0.154794475,0.000000000,0.000000000,0.000000000,1.000000000
1790743606121058328,1790743606,121058328,1790743606133242057,RL_calflower,0.802422941,-0.000000000,-0.596755749,-0.231505732,0.008249458,0.999904446,0.011092569,0.138466310,0.596698727,-0.013823844,0.802346266,-0.256258516,0.000000000,0.000000000,0.000000000,1.000000000
1790743606121058328,1790743606,121058328,1790743606133242057,RL_calflower1,0.987314452,0.000000000,-0.158777116,-0.215659732,0.002194910,0.999904446,0.013648481,0.137940113,0.158761944,-0.013823844,0.987220110,-0.294319354,0.000000000,0.000000000,0.000000000,1.000000000
1790743606121058328,1790743606,121058328,1790743606133242057,RL_foot,0.771594764,0.000000000,-0.636114392,-0.205590192,0.008793546,0.999904446,0.010666405,0.137597123,0.636053609,-0.013823844,0.771521035,-0.319128456,0.000000000,0.000000000,0.000000000,1.000000000
1790743606121058328,1790743606,121058328,1790743606133242057,RR_hip,1.000000000,-0.000000000,0.000000000,-0.193400000,0.000000000,0.999988352,0.004826622,-0.046500000,-0.000000000,-0.004826622,0.999988352,0.000000000,0.000000000,0.000000000,0.000000000,1.000000000
1790743606121058328,1790743606,121058328,1790743606133242057,RR_thigh,0.770742494,0.000000000,0.637146771,-0.193400000,-0.003075267,0.999988352,0.003720083,-0.141998888,-0.637139350,-0.004826622,0.770733516,0.000460942,0.000000000,0.000000000,0.000000000,1.000000000
1790743606121058328,1790743606,121058328,1790743606133242057,RR_calf,0.758496652,0.000000000,-0.651676935,-0.329112262,0.003145398,0.999988352,0.003660977,-0.142791265,0.651669345,-0.004826622,0.758487817,-0.163705297,0.000000000,0.000000000,0.000000000,1.000000000
1790743606121058328,1790743606,121058328,1790743606133242057,RR_calflower,0.790119001,-0.000000000,-0.612953476,-0.217494143,0.002958495,0.999988352,0.003813606,-0.143270182,0.612946337,-0.004826622,0.790109798,-0.262928107,0.000000000,0.000000000,0.000000000,1.000000000
1790743606121058328,1790743606,121058328,1790743606133242057,RR_calflower1,0.983880693,0.000000000,-0.178826121,-0.200877194,0.000863126,0.999988352,0.004748820,-0.143452311,0.178824038,-0.004826622,0.983869233,-0.300661962,0.000000000,0.000000000,0.000000000,1.000000000
1790743606121058328,1790743606,121058328,1790743606133242057,RR_foot,0.758496652,0.000000000,-0.651676935,-0.190305075,0.003145398,0.999988352,0.003660977,-0.143571053,0.651669345,-0.004826622,0.758487817,-0.325263202,0.000000000,0.000000000,0.000000000,1.000000000
1790743606249574683,1790743606,249574683,1790743606266394704,FL_hip,1.000000000,-0.000000000,0.000000000,0.193400000,0.000000000,0.992384224,0.123180971,0.046500000,-0.000000000,-0.123180971,0.992384224,0.000000000,0.000000000,0.000000000,0.000000000,1.000000000
1790743606249574683,1790743606,249574683,1790743606266394704,FL_thigh,0.718835920,-0.000000000,0.695179775,0.193400000,-0.085632919,0.992384224,0.088546906,0.141272693,-0.689885442,-0.123180971,0.713361427,-0.011763783,0.000000000,0.000000000,0.000000000,1.000000000
1790743606249574683,1790743606,249574683,1790743606266394704,FL_calf,0.749123979,-0.000000000,-0.662429818,0.045326708,0.081598748,0.992384224,0.092277819,0.122412202,0.657384901,-0.123180971,0.743418819,-0.163709767,0.000000000,0.000000000,0.000000000,1.000000000
1790743606249574683,1790743606,249574683,1790743606266394704,FL_calflower,0.781295461,-0.000000000,-0.624161359,0.158348801,0.076884802,0.992384224,0.096240733,0.110387060,0.619407886,-0.123180971,0.775345290,-0.260588054,0.000000000,0.000000000,0.000000000,1.000000000
1790743606249574683,1790743606,249574683,1790743606266394704,FL_calflower1,0.981229825,0.000000000,-0.192841983,0.175502300,0.023754463,0.992384224,0.120868842,0.105768583,0.191373341,-0.123180971,0.973756999,-0.297795944,0.000000000,0.000000000,0.000000000,1.000000000
1790743606249574683,1790743606,249574683,1790743606266394704,FL_foot,0.749123979,-0.000000000,-0.662429818,0.186424259,0.081598748,0.992384224,0.092277819,0.102757027,0.657384901,-0.123180971,0.743418819,-0.322057975,0.000000000,0.000000000,0.000000000,1.000000000
1790743606249574683,1790743606,249574683,1790743606266394704,FR_hip,1.000000000,0.000000000,0.000000000,0.193400000,0.000000000,0.992621059,-0.121257714,-0.046500000,0.000000000,0.121257714,0.992621059,0.000000000,0.000000000,0.000000000,0.000000000,1.000000000
1790743606249574683,1790743606,249574683,1790743606266394704,FR_thigh,0.675179426,-0.000000000,0.737653539,0.193400000,0.089446182,0.992621059,-0.081870714,-0.141295311,-0.732210437,0.121257714,0.670197317,-0.011580112,0.000000000,0.000000000,0.000000000,1.000000000
1790743606249574683,1790743606,249574683,1790743606266394704,FR_calf,0.792882058,-0.000000000,-0.609375124,0.036279796,-0.073891435,0.992621059,-0.096143066,-0.123856849,0.604878581,0.121257714,0.787031428,-0.154332140,0.000000000,0.000000000,0.000000000,1.000000000
1790743606249574683,1790743606,249574683,1790743606266394704,FR_calflower,0.822347224,0.000000000,-0.568985978,0.142324956,-0.068993939,0.992621059,-0.099715945,-0.111105504,0.564787464,0.121257714,0.816279173,-0.258715220,0.000000000,0.000000000,0.000000000,1.000000000
1790743606249574683,1790743606,249574683,1790743606266394704,FR_calflower1,0.992163688,-0.000000000,-0.124944850,0.156860923,-0.015150527,0.992621059,-0.120307501,-0.106426927,0.124022889,0.121257714,0.984842571,-0.297014261,0.000000000,0.000000000,0.000000000,1.000000000
1790743606249574683,1790743606,249574683,1790743606266394704,FR_foot,0.792882058,-0.000000000,-0.609375124,0.166076698,-0.073891435,0.992621059,-0.096143066,-0.103378376,0.604878581,0.121257714,0.787031428,-0.321969834,0.000000000,0.000000000,0.000000000,1.000000000
1790743606249574683,1790743606,249574683,1790743606266394704,RL_hip,1.000000000,-0.000000000,0.000000000,-0.193400000,0.000000000,0.999904446,0.013823844,0.046500000,-0.000000000,-0.013823844,0.999904446,0.000000000,0.000000000,0.000000000,0.000000000,1.000000000
1790743606249574683,1790743606,249574683,1790743606266394704,RL_thigh,0.720164449,0.000000000,0.693803406,-0.193400000,-0.009591030,0.999904446,0.009955441,0.141990875,-0.693737110,-0.013823844,0.720095635,-0.001320177,0.000000000,0.000000000,0.000000000,1.000000000
1790743606249574683,1790743606,249574683,1790743606266394704,RL_calf,0.772019169,0.000000000,-0.635599247,-0.341180125,0.008786425,0.999904446,0.010672272,0.139870366,0.635538513,-0.013823844,0.771945399,-0.154700547,0.000000000,0.000000000,0.000000000,1.000000000
1790743606249574683,1790743606,249574683,1790743606266394704,RL_calflower,0.802821068,0.000000000,-0.596220037,-0.231671053,0.008242053,0.999904446,0.011098073,0.138466598,0.596163066,-0.013823844,0.802744355,-0.256237696,0.000000000,0.000000000,0.000000000,1.000000000
1790743606249574683,1790743606,249574683,1790743606266394704,RL_calflower1,0.987420208,0.000000000,-0.158118095,-0.215850463,0.002185800,0.999904446,0.013649943,0.137940254,0.158102986,-0.013823844,0.987325857,-0.294309101,0.000000000,0.000000000,0.000000000,1.000000000
1790743606249574683,1790743606,249574683,1790743606266394704,RL_foot,0.772019169,0.000000000,-0.635599247,-0.205797486,0.008786425,0.999904446,0.010672272,0.137597172,0.635538513,-0.013823844,0.771945399,-0.319124917,0.000000000,0.000000000,0.000000000,1.000000000
1790743606249574683,1790743606,249574683,1790743606266394704,RR_hip,1.000000000,-0.000000000,0.000000000,-0.193400000,0.000000000,0.999988205,0.004856899,-0.046500000,-0.000000000,-0.004856899,0.999988205,0.000000000,0.000000000,0.000000000,0.000000000,1.000000000
1790743606249574683,1790743606,249574683,1790743606266394704,RR_thigh,0.770144170,0.000000000,0.637869859,-0.193400000,-0.003098069,0.999988205,0.003740512,-0.141998874,-0.637862336,-0.004856899,0.770135086,0.000463834,0.000000000,0.000000000,0.000000000,1.000000000
1790743606249574683,1790743606,249574683,1790743606266394704,RR_calf,0.758953725,-0.000000000,-0.651144564,-0.329266280,0.003162543,0.999988205,0.003686162,-0.142795603,0.651136884,-0.004856899,0.758944773,-0.163574940,0.000000000,0.000000000,0.000000000,1.000000000
1790743606249574683,1790743606,249574683,1790743606266394704,RR_calflower,0.790548895,0.000000000,-0.612398926,-0.217717810,0.002974360,0.999988205,0.003839616,-0.143277904,0.612391703,-0.004856899,0.790539571,-0.262876028,0.000000000,0.000000000,0.000000000,1.000000000
1790743606249574683,1790743606,249574683,1790743606266394704,RR_calflower1,0.984005927,-0.000000000,-0.178135721,-0.201127342,0.000865187,0.999988205,0.004779217,-0.143461232,0.178133620,-0.004856899,0.983994321,-0.300621528,0.000000000,0.000000000,0.000000000,1.000000000
1790743606249574683,1790743606,249574683,1790743606266394704,RR_foot,0.758953725,-0.000000000,-0.651144564,-0.190572488,0.003162543,0.999988205,0.003686162,-0.143580755,0.651136884,-0.004856899,0.758944773,-0.325230176,0.000000000,0.000000000,0.000000000,1.000000000
1790743606321229448,1790743606,321229448,1790743606333358270,FL_hip,1.000000000,-0.000000000,0.000000000,0.193400000,0.000000000,0.992387954,0.123150922,0.046500000,-0.000000000,-0.123150922,0.992387954,0.000000000,0.000000000,0.000000000,0.000000000,1.000000000
1790743606321229448,1790743606,321229448,1790743606333358270,FL_thigh,0.718646448,-0.000000000,0.695375641,0.193400000,-0.085636151,0.992387954,0.088501973,0.141273050,-0.690082410,-0.123150922,0.713176078,-0.011760913,0.000000000,0.000000000,0.000000000,1.000000000
1790743606321229448,1790743606,321229448,1790743606333358270,FL_calf,0.749293972,0.000000000,-0.662237528,0.045284988,0.081555162,0.992387954,0.092276243,0.122422129,0.657196545,-0.123150922,0.743590312,-0.163667418,0.000000000,0.000000000,0.000000000,1.000000000
1790743606321229448,1790743606,321229448,1790743606333358270,FL_calflower,0.781455631,0.000000000,-0.623960813,0.158282022,0.076841349,0.992387954,0.096236981,0.110396349,0.619211195,-0.123150922,0.775507155,-0.260574853,0.000000000,0.000000000,0.000000000,1.000000000
1790743606321229448,1790743606,321229448,1790743606333358270,FL_calflower1,0.981279287,-0.000000000,-0.192590136,0.175425898,0.023717653,0.992387954,0.120845449,0.105778456,0.191124131,-0.123150922,0.973809744,-0.297787251,0.000000000,0.000000000,0.000000000,1.000000000
1790743606321229448,1790743606,321229448,1790743606333358270,FL_foot,0.749293972,0.000000000,-0.662237528,0.186341582,0.081555162,0.992387954,0.092276243,0.102767290,0.657196545,-0.123150922,0.743590312,-0.322052154,0.000000000,0.000000000,0.000000000,1.000000000
1790743606321229448,1790743606,321229448,1790743606333358270,FR_hip,1.000000000,0.000000000,0.000000000,0.193400000,0.000000000,0.992613714,-0.121317825,-0.046500000,0.000000000,0.121317825,0.992613714,0.000000000,0.000000000,0.000000000,0.000000000,1.000000000
1790743606321229448,1790743606,321229448,1790743606333358270,FR_thigh,0.675045445,-0.000000000,0.737776149,0.193400000,0.089505398,0.992613714,-0.081895045,-0.141294610,-0.732326724,0.121317825,0.670059367,-0.011585852,0.000000000,0.000000000,0.000000000,1.000000000
1790743606321229448,1790743606,321229448,1790743606333358270,FR_calf,0.792983130,0.000000000,-0.609243593,0.036253680,-0.073912108,0.992613714,-0.096202989,-0.123850965,0.604743546,0.121317825,0.787125930,-0.154308497,0.000000000,0.000000000,0.000000000,1.000000000
1790743606321229448,1790743606,321229448,1790743606333358270,FR_calflower,0.822441596,0.000000000,-0.568849559,0.142281395,-0.069011591,0.992613714,-0.099776826,-0.111091165,0.564647874,0.121317825,0.816366807,-0.258708264,0.000000000,0.000000000,0.000000000,1.000000000
1790743606321229448,1790743606,321229448,1790743606333358270,FR_calflower1,0.992184401,0.000000000,-0.124780268,0.156810961,-0.015138071,0.992613714,-0.120369654,-0.106409976,0.123858606,0.121317825,0.984855843,-0.297009415,0.000000000,0.000000000,0.000000000,1.000000000
1790743606321229448,1790743606,321229448,1790743606333358270,FR_foot,0.792983130,0.000000000,-0.609243593,0.166022565,-0.073912108,0.992613714,-0.096202989,-0.103359728,0.604743546,0.121317825,0.787125930,-0.321966320,0.000000000,0.000000000,0.000000000,1.000000000
1790743606321229448,1790743606,321229448,1790743606333358270,RL_hip,1.000000000,-0.000000000,0.000000000,-0.193400000,0.000000000,0.999905281,0.013763291,0.046500000,-0.000000000,-0.013763291,0.999905281,0.000000000,0.000000000,0.000000000,0.000000000,1.000000000
1790743606321229448,1790743606,321229448,1790743606333358270,RL_thigh,0.719975394,0.000000000,0.693999591,-0.193400000,-0.009551718,0.999905281,0.009909231,0.141990954,-0.693933856,-0.013763291,0.719907199,-0.001314394,0.000000000,0.000000000,0.000000000,1.000000000
1790743606321229448,1790743606,321229448,1790743606333358270,RL_calf,0.772222456,0.000000000,-0.635352247,-0.341221913,0.008744538,0.999905281,0.010628323,0.139880288,0.635292068,-0.013763291,0.772149312,-0.154654628,0.000000000,0.000000000,0.000000000,1.000000000
1790743606321229448,1790743606,321229448,1790743606333358270,RL_calflower,0.803011757,-0.000000000,-0.595963186,-0.231745331,0.008202415,0.999905281,0.011052085,0.138482187,0.595906737,-0.013763291,0.802935697,-0.256226885,0.000000000,0.000000000,0.000000000,1.000000000
1790743606321229448,1790743606,321229448,1790743606333358270,RL_calflower1,0.987470740,0.000000000,-0.157802213,-0.215936921,0.002171878,0.999905281,0.013590847,0.137958080,0.157787266,-0.013763291,0.987377208,-0.294303380,0.000000000,0.000000000,0.000000000,1.000000000
1790743606321229448,1790743606,321229448,1790743606333358270,RL_foot,0.772222456,0.000000000,-0.635352247,-0.205891884,0.008744538,0.999905281,0.010628323,0.137616455,0.635292068,-0.013763291,0.772149312,-0.319122431,0.000000000,0.000000000,0.000000000,1.000000000
1790743606321229448,1790743606,321229448,1790743606333358270,RR_hip,1.000000000,-0.000000000,0.000000000,-0.193400000,0.000000000,0.999988205,0.004856899,-0.046500000,-0.000000000,-0.004856899,0.999988205,0.000000000,0.000000000,0.000000000,0.000000000,1.000000000
1790743606321229448,1790743606,321229448,1790743606333358270,RR_thigh,0.769989634,0.000000000,0.638056395,-0.193400000,-0.003098975,0.999988205,0.003739762,-0.141998874,-0.638048869,-0.004856899,0.769980552,0.000463834,0.000000000,0.000000000,0.000000000,1.000000000
1790743606321229448,1790743606,321229448,1790743606333358270,RR_calf,0.759059980,0.000000000,-0.651020696,-0.329306012,0.003161942,0.999988205,0.003686678,-0.142795443,0.651013017,-0.004856899,0.759051027,-0.163542024,0.000000000,0.000000000,0.000000000,1.000000000
1790743606321229448,1790743606,321229448,1790743606333358270,RR_calflower,0.790648826,-0.000000000,-0.612269902,-0.217773750,0.002973733,0.999988205,0.003840101,-0.143277832,0.612262681,-0.004856899,0.790639501,-0.262861315,0.000000000,0.000000000,0.000000000,1.000000000
1790743606321229448,1790743606,321229448,1790743606333358270,RR_calflower1,0.984034985,0.000000000,-0.177975131,-0.201189442,0.000864407,0.999988205,0.004779358,-0.143461174,0.177973032,-0.004856899,0.984023379,-0.300609522,0.000000000,0.000000000,0.000000000,1.000000000
1790743606321229448,1790743606,321229448,1790743606333358270,RR_foot,0.759059980,0.000000000,-0.651020696,-0.190638604,0.003161942,0.999988205,0.003686678,-0.143580705,0.651013017,-0.004856899,0.759051027,-0.325219893,0.000000000,0.000000000,0.000000000,1.000000000
1790743606389370592,1790743606,389370592,1790743606399772758,FL_hip,1.000000000,-0.000000000,0.000000000,0.193400000,0.000000000,0.992387954,0.123150922,0.046500000,-0.000000000,-0.123150922,0.992387954,0.000000000,0.000000000,0.000000000,0.000000000,1.000000000
1790743606389370592,1790743606,389370592,1790743606399772758,FL_thigh,0.718435861,-0.000000000,0.695593209,0.193400000,-0.085662945,0.992387954,0.088476039,0.141273050,-0.690298322,-0.123150922,0.712967094,-0.011760913,0.000000000,0.000000000,0.000000000,1.000000000
1790743606389370592,1790743606,389370592,1790743606399772758,FL_calf,0.749504954,-0.000000000,-0.661998735,0.045238646,0.081525755,0.992387954,0.092302226,0.122427653,0.656959569,-0.123150922,0.743799687,-0.163622904,0.000000000,0.000000000,0.000000000,1.000000000
1790743606389370592,1790743606,389370592,1790743606399772758,FL_calflower,0.781654414,0.000000000,-0.623711774,0.158204558,0.076810680,0.992387954,0.096261462,0.110397439,0.618964051,-0.123150922,0.775704425,-0.260566066,0.000000000,0.000000000,0.000000000,1.000000000
1790743606389370592,1790743606,389370592,1790743606399772758,FL_calflower1,0.981340605,0.000000000,-0.192277445,0.175336485,0.023679145,0.992387954,0.120853000,0.105778874,0.190813821,-0.123150922,0.973870595,-0.297783884,0.000000000,0.000000000,0.000000000,1.000000000
1790743606389370592,1790743606,389370592,1790743606399772758,FL_foot,0.749504954,-0.000000000,-0.661998735,0.186244377,0.081525755,0.992387954,0.092302226,0.102767279,0.656959569,-0.123150922,0.743799687,-0.322052237,0.000000000,0.000000000,0.000000000,1.000000000
1790743606389370592,1790743606,389370592,1790743606399772758,FR_hip,1.000000000,0.000000000,0.000000000,0.193400000,0.000000000,0.992610040,-0.121347881,-0.046500000,0.000000000,0.121347881,0.992610040,0.000000000,0.000000000,0.000000000,0.000000000,1.000000000
1790743606389370592,1790743606,389370592,1790743606399772758,FR_thigh,0.674978425,0.000000000,0.737837466,0.193400000,0.089535013,0.992610040,-0.081907201,-0.141294259,-0.732384877,0.121347881,0.669990361,-0.011588723,0.000000000,0.000000000,0.000000000,1.000000000
1790743606389370592,1790743606,389370592,1790743606399772758,FR_calf,0.793057712,-0.000000000,-0.609146505,0.036240620,-0.073918637,0.992610040,-0.096235873,-0.123848025,0.604644937,0.121347881,0.787197048,-0.154296670,0.000000000,0.000000000,0.000000000,1.000000000
1790743606389370592,1790743606,389370592,1790743606399772758,FR_calflower,0.822511233,0.000000000,-0.568748865,0.142255457,-0.069016469,0.992610040,-0.099809995,-0.111083489,0.564545834,0.121347881,0.816432908,-0.258708934,0.000000000,0.000000000,0.000000000,1.000000000
1790743606389370592,1790743606,389370592,1790743606399772758,FR_calflower1,0.992199670,0.000000000,-0.124658796,0.156780299,-0.015127081,0.992610040,-0.120401327,-0.106400924,0.123737573,0.121347881,0.984867354,-0.297011709,0.000000000,0.000000000,0.000000000,1.000000000
1790743606389370592,1790743606,389370592,1790743606399772758,FR_foot,0.793057712,-0.000000000,-0.609146505,0.165988825,-0.073918637,0.992610040,-0.096235873,-0.103349784,0.604644937,0.121347881,0.787197048,-0.321969641,0.000000000,0.000000000,0.000000000,1.000000000
1790743606389370592,1790743606,389370592,1790743606399772758,RL_hip,1.000000000,-0.000000000,0.000000000,-0.193400000,0.000000000,0.999904027,0.013854120,0.046500000,-0.000000000,-0.013854120,0.999904027,0.000000000,0.000000000,0.000000000,0.000000000,1.000000000
1790743606389370592,1790743606,389370592,1790743606399772758,RL_thigh,0.719912350,0.000000000,0.694064989,-0.193400000,-0.009615660,0.999904027,0.009973752,0.141990835,-0.693998378,-0.013854120,0.719843257,-0.001323068,0.000000000,0.000000000,0.000000000,1.000000000
1790743606389370592,1790743606,389370592,1790743606399772758,RL_calf,0.772300235,0.000000000,-0.635257701,-0.341235843,0.008800936,0.999904027,0.010699540,0.139866425,0.635196733,-0.013854120,0.772226115,-0.154649682,0.000000000,0.000000000,0.000000000,1.000000000
1790743606389370592,1790743606,389370592,1790743606399772758,RL_calflower,0.803084713,0.000000000,-0.595864870,-0.231771698,0.008255183,0.999904027,0.011126032,0.138458912,0.595807683,-0.013854120,0.803007639,-0.256235213,0.000000000,0.000000000,0.000000000,1.000000000
1790743606389370592,1790743606,389370592,1790743606399772758,RL_calflower1,0.987490052,0.000000000,-0.157681318,-0.215967951,0.002184536,0.999904027,0.013680806,0.137931319,0.157666185,-0.013854120,0.987395279,-0.294313595,0.000000000,0.000000000,0.000000000,1.000000000
1790743606389370592,1790743606,389370592,1790743606399772758,RL_foot,0.772300235,0.000000000,-0.635257701,-0.205925952,0.008800936,0.999904027,0.010699540,0.137587423,0.635196733,-0.013854120,0.772226115,-0.319133845,0.000000000,0.000000000,0.000000000,1.000000000
1790743606389370592,1790743606,389370592,1790743606399772758,RR_hip,1.000000000,-0.000000000,0.000000000,-0.193400000,0.000000000,0.999988352,0.004826622,-0.046500000,-0.000000000,-0.004826622,0.999988352,0.000000000,0.000000000,0.000000000,0.000000000,1.000000000
1790743606389370592,1790743606,389370592,1790743606399772758,RR_thigh,0.769912349,-0.000000000,0.638149649,-0.193400000,-0.003080107,0.999988352,0.003716076,-0.141998888,-0.638142216,-0.004826622,0.769903381,0.000460942,0.000000000,0.000000000,0.000000000,1.000000000
1790743606389370592,1790743606,389370592,1790743606399772758,RR_calf,0.759149144,-0.000000000,-0.650916720,-0.329325875,0.003141729,0.999988352,0.003664126,-0.142790412,0.650909138,-0.004826622,0.759140302,-0.163528478,0.000000000,0.000000000,0.000000000,1.000000000
1790743606389370592,1790743606,389370592,1790743606399772758,RR_calflower,0.790732683,0.000000000,-0.612161600,-0.217807218,0.002954673,0.999988352,0.003816568,-0.143269868,0.612154470,-0.004826622,0.790723472,-0.262863060,0.000000000,0.000000000,0.000000000,1.000000000
1790743606389370592,1790743606,389370592,1790743606399772758,RR_calflower1,0.984059354,-0.000000000,-0.177840345,-0.201228081,0.000858368,0.999988352,0.004749682,-0.143452077,0.177838274,-0.004826622,0.984047891,-0.300613543,0.000000000,0.000000000,0.000000000,1.000000000
1790743606389370592,1790743606,389370592,1790743606399772758,RR_foot,0.759149144,-0.000000000,-0.650916720,-0.190680614,0.003141729,0.999988352,0.003664126,-0.143570871,0.650909138,-0.004826622,0.759140302,-0.325225362,0.000000000,0.000000000,0.000000000,1.000000000
1790743606462234599,1790743606,462234599,1790743606466313122,FL_hip,1.000000000,-0.000000000,0.000000000,0.193400000,0.000000000,0.992387954,0.123150922,0.046500000,-0.000000000,-0.123150922,0.992387954,0.000000000,0.000000000,0.000000000,0.000000000,1.000000000
1790743606462234599,1790743606,462234599,1790743606466313122,FL_thigh,0.718372672,0.000000000,0.695658468,0.193400000,-0.085670982,0.992387954,0.088468257,0.141273050,-0.690363083,-0.123150922,0.712904386,-0.011760913,0.000000000,0.000000000,0.000000000,1.000000000
1790743606462234599,1790743606,462234599,1790743606466313122,FL_calf,0.749565085,0.000000000,-0.661930649,0.045224746,0.081517370,0.992387954,0.092309631,0.122429311,0.656892002,-0.123150922,0.743859361,-0.163609547,0.000000000,0.000000000,0.000000000,1.000000000
1790743606462234599,1790743606,462234599,1790743606466313122,FL_calflower,0.781711068,0.000000000,-0.623640767,0.158181784,0.076801936,0.992387954,0.096268439,0.110397833,0.618893585,-0.123150922,0.775760647,-0.260562893,0.000000000,0.000000000,0.000000000,1.000000000
1790743606462234599,1790743606,462234599,1790743606466313122,FL_calflower1,0.981358067,-0.000000000,-0.192188302,0.175310304,0.023668167,0.992387954,0.120855151,0.105779076,0.190725356,-0.123150922,0.973887924,-0.297782254,0.000000000,0.000000000,0.000000000,1.000000000
1790743606462234599,1790743606,462234599,1790743606466313122,FL_foot,0.749565085,0.000000000,-0.661930649,0.186215975,0.081517370,0.992387954,0.092309631,0.102767359,0.656892002,-0.123150922,0.743859361,-0.322051591,0.000000000,0.000000000,0.000000000,1.000000000
1790743606462234599,1790743606,462234599,1790743606466313122,FR_hip,1.000000000,0.000000000,0.000000000,0.193400000,0.000000000,0.992617387,-0.121287770,-0.046500000,0.000000000,0.121287770,0.992617387,0.000000000,0.000000000,0.000000000,0.000000000,1.000000000
1790743606462234599,1790743606,462234599,1790743606466313122,FR_thigh,0.674889055,-0.000000000,0.737919212,0.193400000,0.089500575,0.992617387,-0.081855788,-0.141294960,-0.732471440,0.121287770,0.669906611,-0.011582982,0.000000000,0.000000000,0.000000000,1.000000000
1790743606462234599,1790743606,462234599,1790743606466313122,FR_calf,0.793121828,0.000000000,-0.609063023,0.036223208,-0.073871896,0.992617387,-0.096195978,-0.123859678,0.604566546,0.121287770,0.787266516,-0.154273090,0.000000000,0.000000000,0.000000000,1.000000000
1790743606462234599,1790743606,462234599,1790743606466313122,FR_calflower,0.822571096,0.000000000,-0.568662283,0.142226972,-0.068971780,0.992617387,-0.099767814,-0.111100111,0.564464069,0.121287770,0.816498372,-0.258697204,0.000000000,0.000000000,0.000000000,1.000000000
1790743606462234599,1790743606,462234599,1790743606466313122,FR_calflower1,0.992212786,-0.000000000,-0.124554355,0.156747752,-0.015106920,0.992617387,-0.120343276,-0.106419680,0.123634818,0.121287770,0.984887663,-0.297001779,0.000000000,0.000000000,0.000000000,1.000000000
1790743606462234599,1790743606,462234599,1790743606466313122,FR_foot,0.793121828,0.000000000,-0.609063023,0.165953632,-0.073871896,0.992617387,-0.096195978,-0.103369934,0.604566546,0.121287770,0.787266516,-0.321960858,0.000000000,0.000000000,0.000000000,1.000000000
1790743606462234599,1790743606,462234599,1790743606466313122,RL_hip,1.000000000,-0.000000000,0.000000000,-0.193400000,0.000000000,0.999904027,0.013854120,0.046500000,-0.000000000,-0.013854120,0.999904027,0.000000000,0.000000000,0.000000000,0.000000000,1.000000000
1790743606462234599,1790743606,462234599,1790743606466313122,RL_thigh,0.719849300,-0.000000000,0.694130381,-0.193400000,-0.009616566,0.999904027,0.009972879,0.141990835,-0.694063763,-0.013854120,0.719780213,-0.001323068,0.000000000,0.000000000,0.000000000,1.000000000
1790743606462234599,1790743606,462234599,1790743606466313122,RL_calf,0.772378003,0.000000000,-0.635163145,-0.341249771,0.008799626,0.999904027,0.010700618,0.139866611,0.635102187,-0.013854120,0.772303875,-0.154636254,0.000000000,0.000000000,0.000000000,1.000000000
1790743606462234599,1790743606,462234599,1790743606466313122,RL_calflower,0.803157658,0.000000000,-0.595766546,-0.231798066,0.008253821,0.999904027,0.011127043,0.138458913,0.595709368,-0.013854120,0.803080576,-0.256235184,0.000000000,0.000000000,0.000000000,1.000000000
1790743606462234599,1790743606,462234599,1790743606466313122,RL_calflower1,0.987509349,0.000000000,-0.157560420,-0.215998980,0.002182861,0.999904027,0.013681073,0.137931293,0.157545299,-0.013854120,0.987414575,-0.294315500,0.000000000,0.000000000,0.000000000,1.000000000
1790743606462234599,1790743606,462234599,1790743606466313122,RL_foot,0.772378003,0.000000000,-0.635163145,-0.205960021,0.008799626,0.999904027,0.010700618,0.137587380,0.635102187,-0.013854120,0.772303875,-0.319136979,0.000000000,0.000000000,0.000000000,1.000000000
1790743606462234599,1790743606,462234599,1790743606466313122,RR_hip,1.000000000,-0.000000000,0.000000000,-0.193400000,0.000000000,0.999987909,0.004917453,-0.046500000,-0.000000000,-0.004917453,0.999987909,0.000000000,0.000000000,0.000000000,0.000000000,1.000000000
1790743606462234599,1790743606,462234599,1790743606466313122,RR_thigh,0.769873703,0.000000000,0.638196272,-0.193400000,-0.003138300,0.999987909,0.003785818,-0.141998845,-0.638188556,-0.004917453,0.769864394,0.000469617,0.000000000,0.000000000,0.000000000,1.000000000
1790743606462234599,1790743606,462234599,1790743606466313122,RR_calf,0.759198803,0.000000000,-0.650858800,-0.329335806,0.003200567,0.999987909,0.003733324,-0.142805224,0.650850930,-0.004917453,0.759189624,-0.163511499,0.000000000,0.000000000,0.000000000,1.000000000
1790743606462234599,1790743606,462234599,1790743606466313122,RR_calflower,0.790779384,0.000000000,-0.612101270,-0.217824728,0.003009979,0.999987909,0.003888620,-0.143293745,0.612093870,-0.004917453,0.790769823,-0.262854545,0.000000000,0.000000000,0.000000000,1.000000000
1790743606462234599,1790743606,462234599,1790743606466313122,RR_calflower1,0.984072919,0.000000000,-0.177765267,-0.201248471,0.000874152,0.999987909,0.004839132,-0.143479390,0.177763117,-0.004917453,0.984061021,-0.300606277,0.000000000,0.000000000,0.000000000,1.000000000
1790743606462234599,1790743606,462234599,1790743606466313122,RR_foot,0.759198803,0.000000000,-0.650858800,-0.190702882,0.003200567,0.999987909,0.003733324,-0.143600423,0.650850930,-0.004917453,0.759189624,-0.325218889,0.000000000,0.000000000,0.000000000,1.000000000
1790743606491518696,1790743606,491518696,1790743606499723640,FL_hip,1.000000000,-0.000000000,0.000000000,0.193400000,0.000000000,0.992387954,0.123150922,0.046500000,-0.000000000,-0.123150922,0.992387954,0.000000000,0.000000000,0.000000000,0.000000000,1.000000000
1790743606491518696,1790743606,491518696,1790743606499723640,FL_thigh,0.718288411,-0.000000000,0.695745469,0.193400000,-0.085681696,0.992387954,0.088457880,0.141273050,-0.690449422,-0.123150922,0.712820767,-0.011760913,0.000000000,0.000000000,0.000000000,1.000000000
1790743606491518696,1790743606,491518696,1790743606499723640,FL_calf,0.749645250,0.000000000,-0.661839859,0.045206215,0.081506189,0.992387954,0.092319504,0.122431521,0.656801903,-0.123150922,0.743938916,-0.163591736,0.000000000,0.000000000,0.000000000,1.000000000
1790743606491518696,1790743606,491518696,1790743606499723640,FL_calflower,0.781786595,0.000000000,-0.623546085,0.158151419,0.076790275,0.992387954,0.096277740,0.110398358,0.618799623,-0.123150922,0.775835599,-0.260558658,0.000000000,0.000000000,0.000000000,1.000000000
1790743606491518696,1790743606,491518696,1790743606499723640,FL_calflower1,0.981381337,0.000000000,-0.192069442,0.175275397,0.023653529,0.992387954,0.120858017,0.105779346,0.190607400,-0.123150922,0.973911017,-0.297780078,0.000000000,0.000000000,0.000000000,1.000000000
1790743606491518696,1790743606,491518696,1790743606499723640,FL_foot,0.749645250,0.000000000,-0.661839859,0.186178105,0.081506189,0.992387954,0.092319504,0.102767467,0.656801903,-0.123150922,0.743938916,-0.322050725,0.000000000,0.000000000,0.000000000,1.000000000
1790743606491518696,1790743606,491518696,1790743606499723640,FR_hip,1.000000000,0.000000000,0.000000000,0.193400000,0.000000000,0.992613714,-0.121317825,-0.046500000,0.000000000,0.121317825,0.992613714,0.000000000,0.000000000,0.000000000,0.000000000,1.000000000
1790743606491518696,1790743606,491518696,1790743606499723640,FR_thigh,0.674866712,-0.000000000,0.737939646,0.193400000,0.089525233,0.992613714,-0.081873362,-0.141294610,-0.732489013,0.121317825,0.669881953,-0.011585852,0.000000000,0.000000000,0.000000000,1.000000000
1790743606491518696,1790743606,491518696,1790743606499723640,FR_calf,0.793140269,-0.000000000,-0.609039008,0.036218855,-0.073887288,0.992613714,-0.096222053,-0.123855584,0.604540471,0.121317825,0.787281909,-0.154270708,0.000000000,0.000000000,0.000000000,1.000000000
1790743606491518696,1790743606,491518696,1790743606499723640,FR_calflower,0.822588314,0.000000000,-0.568637376,0.142219434,-0.068985850,0.992613714,-0.099794625,-0.111092466,0.564437257,0.121317825,0.816512442,-0.258697621,0.000000000,0.000000000,0.000000000,1.000000000
1790743606491518696,1790743606,491518696,1790743606499723640,FR_calflower1,0.992216557,-0.000000000,-0.124524312,0.156739046,-0.015107019,0.992613714,-0.120373555,-0.106410822,0.123604539,0.121317825,0.984887762,-0.297002492,0.000000000,0.000000000,0.000000000,1.000000000
1790743606491518696,1790743606,491518696,1790743606499723640,FR_foot,0.793140269,-0.000000000,-0.609039008,0.165944164,-0.073887288,0.992613714,-0.096222053,-0.103360286,0.604540471,0.121317825,0.787281909,-0.321961755,0.000000000,0.000000000,0.000000000,1.000000000
1790743606491518696,1790743606,491518696,1790743606499723640,RL_hip,1.000000000,-0.000000000,0.000000000,-0.193400000,0.000000000,0.999904446,0.013823844,0.046500000,-0.000000000,-0.013823844,0.999904446,0.000000000,0.000000000,0.000000000,0.000000000,1.000000000
1790743606491518696,1790743606,491518696,1790743606499723640,RL_thigh,0.719786243,-0.000000000,0.694195768,-0.193400000,-0.009596454,0.999904446,0.009950213,0.141990875,-0.694129434,-0.013823844,0.719717465,-0.001320177,0.000000000,0.000000000,0.000000000,1.000000000
1790743606491518696,1790743606,491518696,1790743606499723640,RL_calf,0.772435696,-0.000000000,-0.635092982,-0.341263698,0.008779426,0.999904446,0.010678030,0.139871479,0.635032296,-0.013823844,0.772361887,-0.154619997,0.000000000,0.000000000,0.000000000,1.000000000
1790743606491518696,1790743606,491518696,1790743606499723640,RL_calflower,0.803211772,0.000000000,-0.595693586,-0.231821223,0.008234775,0.999904446,0.011103474,0.138466719,0.595636665,-0.013823844,0.803135022,-0.256228910,0.000000000,0.000000000,0.000000000,1.000000000
1790743606491518696,1790743606,491518696,1790743606499723640,RL_calflower1,0.987523657,0.000000000,-0.157470717,-0.216025598,0.002176851,0.999904446,0.013651373,0.137940233,0.157455670,-0.013823844,0.987429295,-0.294310678,0.000000000,0.000000000,0.000000000,1.000000000
1790743606491518696,1790743606,491518696,1790743606499723640,RL_foot,0.772435696,-0.000000000,-0.635092982,-0.205988893,0.008779426,0.999904446,0.010678030,0.137597059,0.635032296,-0.013823844,0.772361887,-0.319133079,0.000000000,0.000000000,0.000000000,1.000000000
1790743606491518696,1790743606,491518696,1790743606499723640,RR_hip,1.000000000,-0.000000000,0.000000000,-0.193400000,0.000000000,0.999988205,0.004856899,-0.046500000,-0.000000000,-0.004856899,0.999988205,0.000000000,0.000000000,0.000000000,0.000000000,1.000000000
1790743606491518696,1790743606,491518696,1790743606499723640,RR_thigh,0.769815727,0.000000000,0.638266203,-0.193400000,-0.003099994,0.999988205,0.003738917,-0.141998874,-0.638258675,-0.004856899,0.769806647,0.000463834,0.000000000,0.000000000,0.000000000,1.000000000
1790743606491518696,1790743606,491518696,1790743606499723640,RR_calf,0.759257922,-0.000000000,-0.650789833,-0.329350701,0.003160820,0.999988205,0.003687639,-0.142795263,0.650782157,-0.004856899,0.759248967,-0.163504982,0.000000000,0.000000000,0.000000000,1.000000000
1790743606491518696,1790743606,491518696,1790743606499723640,RR_calflower,0.790834983,0.000000000,-0.612029435,-0.217848647,0.002972565,0.999988205,0.003841006,-0.143277817,0.612022217,-0.004856899,0.790825655,-0.262858186,0.000000000,0.000000000,0.000000000,1.000000000
1790743606491518696,1790743606,491518696,1790743606499723640,RR_calflower1,0.984089063,0.000000000,-0.177675875,-0.201275820,0.000862954,0.999988205,0.004779621,-0.143461183,0.177673780,-0.004856899,0.984077456,-0.300611434,0.000000000,0.000000000,0.000000000,1.000000000
1790743606491518696,1790743606,491518696,1790743606499723640,RR_foot,0.759257922,-0.000000000,-0.650789833,-0.190732467,0.003160820,0.999988205,0.003687639,-0.143580730,0.650782157,-0.004856899,0.759248967,-0.325225012,0.000000000,0.000000000,0.000000000,1.000000000
1790743606555807051,1790743606,555807051,1790743606566382413,FL_hip,1.000000000,-0.000000000,0.000000000,0.193400000,0.000000000,0.992387954,0.123150922,0.046500000,-0.000000000,-0.123150922,0.992387954,0.000000000,0.000000000,0.000000000,0.000000000,1.000000000
1790743606555807051,1790743606,555807051,1790743606566382413,FL_thigh,0.718309478,0.000000000,0.695723720,0.193400000,-0.085679018,0.992387954,0.088460474,0.141273050,-0.690427839,-0.123150922,0.712841673,-0.011760913,0.000000000,0.000000000,0.000000000,1.000000000
1790743606555807051,1790743606,555807051,1790743606566382413,FL_calf,0.749604301,0.000000000,-0.661886238,0.045210848,0.081511900,0.992387954,0.092314461,0.122430969,0.656847929,-0.123150922,0.743898278,-0.163596189,0.000000000,0.000000000,0.000000000,1.000000000
1790743606555807051,1790743606,555807051,1790743606566382413,FL_calflower,0.781748015,0.000000000,-0.623594452,0.158162097,0.076796232,0.992387954,0.096272989,0.110398666,0.618847622,-0.123150922,0.775797313,-0.260556176,0.000000000,0.000000000,0.000000000,1.000000000
1790743606555807051,1790743606,555807051,1790743606566382413,FL_calflower1,0.981369452,0.000000000,-0.192130159,0.175288395,0.023661006,0.992387954,0.120856553,0.105779784,0.190667656,-0.123150922,0.973899222,-0.297776545,0.000000000,0.000000000,0.000000000,1.000000000
1790743606555807051,1790743606,555807051,1790743606566382413,FL_foot,0.749604301,0.000000000,-0.661886238,0.186192616,0.081511900,0.992387954,0.092314461,0.102767988,0.656847929,-0.123150922,0.743898278,-0.322046523,0.000000000,0.000000000,0.000000000,1.000000000
1790743606555807051,1790743606,555807051,1790743606566382413,FR_hip,1.000000000,0.000000000,0.000000000,0.193400000,0.000000000,0.992613714,-0.121317825,-0.046500000,0.000000000,0.121317825,0.992613714,0.000000000,0.000000000,0.000000000,0.000000000,1.000000000
1790743606555807051,1790743606,555807051,1790743606566382413,FR_thigh,0.674777330,-0.000000000,0.738021378,0.193400000,0.089535149,0.992613714,-0.081862518,-0.141294610,-0.732570142,0.121317825,0.669793232,-0.011585852,0.000000000,0.000000000,0.000000000,1.000000000
1790743606555807051,1790743606,555807051,1790743606566382413,FR_calf,0.793204446,0.000000000,-0.608955422,0.036201446,-0.073877148,0.992613714,-0.096229838,-0.123857893,0.604457504,0.121317825,0.787345611,-0.154251811,0.000000000,0.000000000,0.000000000,1.000000000
1790743606555807051,1790743606,555807051,1790743606566382413,FR_calflower,0.822648233,0.000000000,-0.568550687,0.142190938,-0.068975333,0.992613714,-0.099801895,-0.111093420,0.564351209,0.121317825,0.816571918,-0.258689811,0.000000000,0.000000000,0.000000000,1.000000000
1790743606555807051,1790743606,555807051,1790743606566382413,FR_calflower1,0.992229674,-0.000000000,-0.124419750,0.156706483,-0.015094334,0.992613714,-0.120375146,-0.106411591,0.123500750,0.121317825,0.984900782,-0.296996200,0.000000000,0.000000000,0.000000000,1.000000000
1790743606555807051,1790743606,555807051,1790743606566382413,FR_foot,0.793204446,0.000000000,-0.608955422,0.165908951,-0.073877148,0.992613714,-0.096229838,-0.103360938,0.604457504,0.121317825,0.787345611,-0.321956426,0.000000000,0.000000000,0.000000000,1.000000000
1790743606555807051,1790743606,555807051,1790743606566382413,RL_hip,1.000000000,-0.000000000,0.000000000,-0.193400000,0.000000000,0.999904864,0.013793567,0.046500000,-0.000000000,-0.013793567,0.999904864,0.000000000,0.000000000,0.000000000,0.000000000,1.000000000
1790743606555807051,1790743606,555807051,1790743606566382413,RL_thigh,0.719765223,0.000000000,0.694217562,-0.193400000,-0.009575737,0.999904864,0.009928130,0.141990915,-0.694151517,-0.013793567,0.719696748,-0.001317286,0.000000000,0.000000000,0.000000000,1.000000000
1790743606555807051,1790743606,555807051,1790743606566382413,RL_calf,0.772454926,-0.000000000,-0.635069593,-0.341268341,0.008759875,0.999904864,0.010654909,0.139876223,0.635009175,-0.013793567,0.772381438,-0.154612693,0.000000000,0.000000000,0.000000000,1.000000000
1790743606555807051,1790743606,555807051,1790743606566382413,RL_calflower,0.803229809,0.000000000,-0.595669265,-0.231828942,0.008216404,0.999904864,0.011079405,0.138474494,0.595612596,-0.013793567,0.803153393,-0.256224962,0.000000000,0.000000000,0.000000000,1.000000000
1790743606555807051,1790743606,555807051,1790743606566382413,RL_calflower1,0.987528425,0.000000000,-0.157440815,-0.216034470,0.002171671,0.999904864,0.013621540,0.137949154,0.157425837,-0.013793567,0.987434475,-0.294307224,0.000000000,0.000000000,0.000000000,1.000000000
1790743606555807051,1790743606,555807051,1790743606566382413,RL_foot,0.772454926,-0.000000000,-0.635069593,-0.205998517,0.008759875,0.999904864,0.010654909,0.137606727,0.635009175,-0.013793567,0.772381438,-0.319129939,0.000000000,0.000000000,0.000000000,1.000000000
1790743606555807051,1790743606,555807051,1790743606566382413,RR_hip,1.000000000,-0.000000000,0.000000000,-0.193400000,0.000000000,0.999988352,0.004826622,-0.046500000,-0.000000000,-0.004826622,0.999988352,0.000000000,0.000000000,0.000000000,0.000000000,1.000000000
1790743606555807051,1790743606,555807051,1790743606566382413,RR_thigh,0.769699758,-0.000000000,0.638406049,-0.193400000,-0.003081345,0.999988352,0.003715050,-0.141998888,-0.638398613,-0.004826622,0.769690792,0.000460942,0.000000000,0.000000000,0.000000000,1.000000000
1790743606555807051,1790743606,555807051,1790743606566382413,RR_calf,0.759345348,0.000000000,-0.650687822,-0.329380488,0.003140624,0.999988352,0.003665073,-0.142790193,0.650680243,-0.004826622,0.759336503,-0.163483196,0.000000000,0.000000000,0.000000000,1.000000000
1790743606555807051,1790743606,555807051,1790743606566382413,RR_calflower,0.790917201,0.000000000,-0.611923182,-0.217891784,0.002953522,0.999988352,0.003817458,-0.143269812,0.611916054,-0.004826622,0.790907989,-0.262851394,0.000000000,0.000000000,0.000000000,1.000000000
1790743606555807051,1790743606,555807051,1790743606566382413,RR_calflower1,0.984112924,0.000000000,-0.177543662,-0.201324028,0.000856936,0.999988352,0.004749941,-0.143452045,0.177541594,-0.004826622,0.984101461,-0.300606874,0.000000000,0.000000000,0.000000000,1.000000000
1790743606555807051,1790743606,555807051,1790743606566382413,RR_foot,0.759345348,0.000000000,-0.650687822,-0.190783982,0.003140624,0.999988352,0.003665073,-0.143570854,0.650680243,-0.004826622,0.759336503,-0.325221872,0.000000000,0.000000000,0.000000000,1.000000000
1790743607062960275,1790743607,62960275,1790743607066356095,FL_hip,1.000000000,-0.000000000,0.000000000,0.193400000,0.000000000,0.992373032,0.123271108,0.046500000,-0.000000000,-0.123271108,0.992373032,0.000000000,0.000000000,0.000000000,0.000000000,1.000000000
1790743607062960275,1790743607,62960275,1790743607066356095,FL_thigh,0.714951892,0.000000000,0.699173650,0.193400000,-0.086187911,0.992373032,0.088132912,0.141271625,-0.693841075,-0.123271108,0.709498976,-0.011772391,0.000000000,0.000000000,0.000000000,1.000000000
1790743607062960275,1790743607,62960275,1790743607066356095,FL_calf,0.752802776,0.000000000,-0.658246140,0.044476013,0.081142731,0.992373032,0.092798833,0.122499314,0.653225717,-0.123271108,0.747061173,-0.162895673,0.000000000,0.000000000,0.000000000,1.000000000
1790743607062960275,1790743607,62960275,1790743607066356095,FL_calflower,0.784760564,-0.000000000,-0.619799046,0.156952497,0.076403315,0.992373032,0.096738305,0.110387942,0.615071858,-0.123271108,0.778775220,-0.260396212,0.000000000,0.000000000,0.000000000,1.000000000
1790743607062960275,1790743607,62960275,1790743607066356095,FL_calflower1,0.982288928,-0.000000000,-0.187372521,0.173896853,0.023097618,0.992373032,0.121087845,0.105754376,0.185943437,-0.123271108,0.974797042,-0.297697939,0.000000000,0.000000000,0.000000000,1.000000000
1790743607062960275,1790743607,62960275,1790743607066356095,FL_foot,0.752802776,0.000000000,-0.658246140,0.184682440,0.081142731,0.992373032,0.092798833,0.102733163,0.653225717,-0.123271108,0.747061173,-0.322019703,0.000000000,0.000000000,0.000000000,1.000000000
1790743607062960275,1790743607,62960275,1790743607066356095,FR_hip,1.000000000,0.000000000,0.000000000,0.193400000,0.000000000,0.992610040,-0.121347881,-0.046500000,0.000000000,0.121347881,0.992610040,0.000000000,0.000000000,0.000000000,0.000000000,1.000000000
1790743607062960275,1790743607,62960275,1790743607066356095,FR_thigh,0.670879884,0.000000000,0.741566033,0.193400000,0.089987467,0.992610040,-0.081409852,-0.141294259,-0.736085890,0.121347881,0.665922108,-0.011588723,0.000000000,0.000000000,0.000000000,1.000000000
1790743607062960275,1790743607,62960275,1790743607066356095,FR_calf,0.796420673,-0.000000000,-0.604743012,0.035446435,-0.073384283,0.992610040,-0.096643961,-0.123953960,0.600273986,0.121347881,0.790535157,-0.153430132,0.000000000,0.000000000,0.000000000,1.000000000
1790743607062960275,1790743607,62960275,1790743607066356095,FR_calflower,0.825649908,0.000000000,-0.564182797,0.140876814,-0.068462387,0.992610040,-0.100190867,-0.111118340,0.560013509,0.121347881,0.819548389,-0.258423855,0.000000000,0.000000000,0.000000000,1.000000000
1790743607062960275,1790743607,62960275,1790743607066356095,FR_calflower1,0.992875144,0.000000000,-0.119159343,0.155187627,-0.014459734,0.992610040,-0.120483294,-0.106426081,0.118278760,0.121347881,0.985537836,-0.296805926,0.000000000,0.000000000,0.000000000,1.000000000
1790743607062960275,1790743607,62960275,1790743607066356095,FR_foot,0.796420673,-0.000000000,-0.604743012,0.164256697,-0.073384283,0.992610040,-0.096643961,-0.103368797,0.600273986,0.121347881,0.790535157,-0.321814120,0.000000000,0.000000000,0.000000000,1.000000000
1790743607062960275,1790743607,62960275,1790743607066356095,RL_hip,1.000000000,-0.000000000,0.000000000,-0.193400000,0.000000000,0.999907354,0.013611910,0.046500000,-0.000000000,-0.013611910,0.999907354,0.000000000,0.000000000,0.000000000,0.000000000,1.000000000
1790743607062960275,1790743607,62960275,1790743607066356095,RL_thigh,0.715907682,0.000000000,0.698194952,-0.193400000,-0.009503767,0.999907354,0.009744871,0.141991152,-0.698130266,-0.013611910,0.715841356,-0.001299937,0.000000000,0.000000000,0.000000000,1.000000000
1790743607062960275,1790743607,62960275,1790743607066356095,RL_calf,0.776051461,0.000000000,-0.630669588,-0.342115525,0.008584617,0.999907354,0.010563542,0.139915495,0.630611159,-0.013611910,0.775979563,-0.153774146,0.000000000,0.000000000,0.000000000,1.000000000
1790743607062960275,1790743607,62960275,1790743607066356095,RL_calflower,0.806601941,0.000000000,-0.591095008,-0.233255396,0.008045932,0.999907354,0.010979393,0.138523783,0.591040246,-0.013611910,0.806527212,-0.256006898,0.000000000,0.000000000,0.000000000,1.000000000
1790743607062960275,1790743607,62960275,1790743607066356095,RL_calflower1,0.988407192,0.000000000,-0.151826292,-0.217677615,0.002066646,0.999907354,0.013454109,0.138004148,0.151812226,-0.013611910,0.988315620,-0.294178389,0.000000000,0.000000000,0.000000000,1.000000000
1790743607062960275,1790743607,62960275,1790743607066356095,RL_foot,0.776051461,0.000000000,-0.630669588,-0.207782902,0.008584617,0.999907354,0.010563542,0.137665460,0.630611159,-0.013611910,0.775979563,-0.319057793,0.000000000,0.000000000,0.000000000,1.000000000
1790743607062960275,1790743607,62960275,1790743607066356095,RR_hip,1.000000000,-0.000000000,0.000000000,-0.193400000,0.000000000,0.999989352,0.004614681,-0.046500000,-0.000000000,-0.004614681,0.999989352,0.000000000,0.000000000,0.000000000,0.000000000,1.000000000
1790743607062960275,1790743607,62960275,1790743607066356095,RR_thigh,0.765332819,0.000000000,0.643634738,-0.193400000,-0.002970169,0.999989352,0.003531767,-0.141998983,-0.643627885,-0.004614681,0.765324670,0.000440702,0.000000000,0.000000000,0.000000000,1.000000000
1790743607062960275,1790743607,62960275,1790743607066356095,RR_calf,0.762841925,0.000000000,-0.646585027,-0.330494199,0.002983784,0.999989352,0.003520272,-0.142751250,0.646578143,-0.004614681,0.762833803,-0.162573453,0.000000000,0.000000000,0.000000000,1.000000000
1790743607062960275,1790743607,62960275,1790743607066356095,RR_calflower,0.794204354,0.000000000,-0.607650759,-0.219542777,0.002804115,0.999989352,0.003665000,-0.143212574,0.607644289,-0.004614681,0.794195897,-0.262541293,0.000000000,0.000000000,0.000000000,1.000000000
1790743607062960275,1790743607,62960275,1790743607066356095,RR_calflower1,0.985055696,0.000000000,-0.172236106,-0.203178790,0.000794815,0.999989352,0.004545718,-0.143387215,0.172234272,-0.004614681,0.985045207,-0.300385571,0.000000000,0.000000000,0.000000000,1.000000000
1790743607062960275,1790743607,62960275,1790743607066356095,RR_foot,0.762841925,0.000000000,-0.646585027,-0.192771588,0.002983784,0.999989352,0.003520272,-0.143501068,0.646578143,-0.004614681,0.762833803,-0.325057053,0.000000000,0.000000000,0.000000000,1.000000000
1790743607129141961,1790743607,129141961,1790743607132952013,FL_hip,1.000000000,-0.000000000,0.000000000,0.193400000,0.000000000,0.992376764,0.123241060,0.046500000,-0.000000000,-0.123241060,0.992376764,0.000000000,0.000000000,0.000000000,0.000000000,1.000000000
1790743607129141961,1790743607,129141961,1790743607132952013,FL_thigh,0.714782507,0.000000000,0.699346815,0.193400000,-0.086188243,0.992376764,0.088090554,0.141271981,-0.694015528,-0.123241060,0.709333552,-0.011769521,0.000000000,0.000000000,0.000000000,1.000000000
1790743607129141961,1790743607,129141961,1790743607132952013,FL_calf,0.752962203,0.000000000,-0.658063767,0.044439129,0.081100476,0.992376764,0.092795860,0.122508693,0.653047191,-0.123241060,0.747222194,-0.162857568,0.000000000,0.000000000,0.000000000,1.000000000
1790743607129141961,1790743607,129141961,1790743607132952013,FL_calflower,0.784910677,0.000000000,-0.619608933,0.156891810,0.076361262,0.992376764,0.096733224,0.110396915,0.614885508,-0.123241060,0.778927117,-0.260385509,0.000000000,0.000000000,0.000000000,1.000000000
1790743607129141961,1790743607,129141961,1790743607132952013,FL_calflower1,0.982334287,0.000000000,-0.187134572,0.173827061,0.023062663,0.992376764,0.121063919,0.105763974,0.185708001,-0.123241060,0.974845721,-0.297691448,0.000000000,0.000000000,0.000000000,1.000000000
1790743607129141961,1790743607,129141961,1790743607132952013,FL_foot,0.752962203,0.000000000,-0.658063767,0.184606711,0.081100476,0.992376764,0.092795860,0.102743175,0.653047191,-0.123241060,0.747222194,-0.322015895,0.000000000,0.000000000,0.000000000,1.000000000
1790743607129141961,1790743607,129141961,1790743607132952013,FR_hip,1.000000000,0.000000000,0.000000000,0.193400000,0.000000000,0.992606365,-0.121377936,-0.046500000,0.000000000,0.121377936,0.992606365,0.000000000,0.000000000,0.000000000,0.000000000,1.000000000
1790743607129141961,1790743607,129141961,1790743607132952013,FR_thigh,0.670745149,0.000000000,0.741687903,0.193400000,0.090024547,0.992606365,-0.081413662,-0.141293908,-0.736204134,0.121377936,0.665785904,-0.011591593,0.000000000,0.000000000,0.000000000,1.000000000
1790743607129141961,1790743607,129141961,1790743607132952013,FR_calf,0.796540041,-0.000000000,-0.604585779,0.035420477,-0.073383374,0.992606365,-0.096682386,-0.123952798,0.600115692,0.121377936,0.790650715,-0.153403990,0.000000000,0.000000000,0.000000000,1.000000000
1790743607129141961,1790743607,129141961,1790743607132952013,FR_calflower,0.825761268,0.000000000,-0.564019794,0.140829973,-0.068459559,0.992606365,-0.100229198,-0.111111472,0.559849638,0.121377936,0.819655891,-0.258417982,0.000000000,0.000000000,0.000000000,1.000000000
1790743607129141961,1790743607,129141961,1790743607132952013,FR_calflower1,0.992898648,0.000000000,-0.118963336,0.155133152,-0.014439524,0.992606365,-0.120515989,-0.106417709,0.118083765,0.121377936,0.985557518,-0.296802714,0.000000000,0.000000000,0.000000000,1.000000000
1790743607129141961,1790743607,129141961,1790743607132952013,FR_foot,0.796540041,-0.000000000,-0.604585779,0.164197247,-0.073383374,0.992606365,-0.096682386,-0.103359450,0.600115692,0.121377936,0.790650715,-0.321812593,0.000000000,0.000000000,0.000000000,1.000000000
1790743607129141961,1790743607,129141961,1790743607132952013,RL_hip,1.000000000,-0.000000000,0.000000000,-0.193400000,0.000000000,0.999907354,0.013611910,0.046500000,-0.000000000,-0.013611910,0.999907354,0.000000000,0.000000000,0.000000000,0.000000000,1.000000000
1790743607129141961,1790743607,129141961,1790743607132952013,RL_thigh,0.715696242,0.000000000,0.698411690,-0.193400000,-0.009506717,0.999907354,0.009741993,0.141991152,-0.698346985,-0.013611910,0.715629935,-0.001299937,0.000000000,0.000000000,0.000000000,1.000000000
1790743607129141961,1790743607,129141961,1790743607132952013,RL_calf,0.776242387,0.000000000,-0.630434578,-0.342161690,0.008581418,0.999907354,0.010566141,0.139916108,0.630376170,-0.013611910,0.776170471,-0.153729114,0.000000000,0.000000000,0.000000000,1.000000000
1790743607129141961,1790743607,129141961,1790743607132952013,RL_calflower,0.806780883,0.000000000,-0.590850749,-0.233332525,0.008042607,0.999907354,0.010981828,0.138523947,0.590796009,-0.013611910,0.806706137,-0.255994820,0.000000000,0.000000000,0.000000000,1.000000000
1790743607129141961,1790743607,129141961,1790743607132952013,RL_calflower1,0.988453118,0.000000000,-0.151527004,-0.217766304,0.002062572,0.999907354,0.013454734,0.138004248,0.151512965,-0.013611910,0.988361542,-0.294171025,0.000000000,0.000000000,0.000000000,1.000000000
1790743607129141961,1790743607,129141961,1790743607132952013,RL_foot,0.776242387,0.000000000,-0.630434578,-0.207879125,0.008581418,0.999907354,0.010566141,0.137665520,0.630376170,-0.013611910,0.776170471,-0.319053424,0.000000000,0.000000000,0.000000000,1.000000000
1790743607129141961,1790743607,129141961,1790743607132952013,RR_hip,1.000000000,-0.000000000,0.000000000,-0.193400000,0.000000000,0.999989212,0.004644958,-0.046500000,-0.000000000,-0.004644958,0.999989212,0.000000000,0.000000000,0.000000000,0.000000000,1.000000000
1790743607129141961,1790743607,129141961,1790743607132952013,RR_thigh,0.765235367,-0.000000000,0.643750599,-0.193400000,-0.002990195,0.999989212,0.003554486,-0.141998970,-0.643743654,-0.004644958,0.765227112,0.000443594,0.000000000,0.000000000,0.000000000,1.000000000
1790743607129141961,1790743607,129141961,1790743607132952013,RR_calf,0.762919384,0.000000000,-0.646493630,-0.330518878,0.003002936,0.999989212,0.003543729,-0.142756075,0.646486656,-0.004644958,0.762911154,-0.162549781,0.000000000,0.000000000,0.000000000,1.000000000
1790743607129141961,1790743607,129141961,1790743607132952013,RR_calflower,0.794277148,-0.000000000,-0.607555604,-0.219579433,0.002822070,0.999989212,0.003689384,-0.143220489,0.607549050,-0.004644958,0.794268579,-0.262530899,0.000000000,0.000000000,0.000000000,1.000000000
1790743607129141961,1790743607,129141961,1790743607132952013,RR_calflower1,0.985076324,-0.000000000,-0.172118090,-0.203219980,0.000799481,0.999989212,0.004575639,-0.143396285,0.172116233,-0.004644958,0.985065697,-0.300377133,0.000000000,0.000000000,0.000000000,1.000000000
1790743607129141961,1790743607,129141961,1790743607132952013,RR_foot,0.762919384,0.000000000,-0.646493630,-0.192815734,0.003002936,0.999989212,0.003543729,-0.143510890,0.646486656,-0.004644958,0.762911154,-0.325049857,0.000000000,0.000000000,0.000000000,1.000000000
1790743607257235037,1790743607,257235037,1790743607266315846,FL_hip,1.000000000,-0.000000000,0.000000000,0.193400000,0.000000000,0.992376764,0.123241060,0.046500000,-0.000000000,-0.123241060,0.992376764,0.000000000,0.000000000,0.000000000,0.000000000,1.000000000
1790743607257235037,1790743607,257235037,1790743607266315846,FL_thigh,0.714846031,-0.000000000,0.699281883,0.193400000,-0.086180241,0.992376764,0.088098383,0.141271981,-0.693951092,-0.123241060,0.709396591,-0.011769521,0.000000000,0.000000000,0.000000000,1.000000000
1790743607257235037,1790743607,257235037,1790743607266315846,FL_calf,0.752912857,0.000000000,-0.658120224,0.044452959,0.081107434,0.992376764,0.092789779,0.122507025,0.653103218,-0.123241060,0.747173225,-0.162870995,0.000000000,0.000000000,0.000000000,1.000000000
1790743607257235037,1790743607,257235037,1790743607266315846,FL_calflower,0.784864215,-0.000000000,-0.619667786,0.156913009,0.076368515,0.992376764,0.096727498,0.110396287,0.614943912,-0.123241060,0.778881009,-0.260390568,0.000000000,0.000000000,0.000000000,1.000000000
1790743607257235037,1790743607,257235037,1790743607266315846,FL_calflower1,0.982320253,0.000000000,-0.187208230,0.173851079,0.023071741,0.992376764,0.121062189,0.105763502,0.185781097,-0.123241060,0.974831793,-0.297695248,0.000000000,0.000000000,0.000000000,1.000000000
1790743607257235037,1790743607,257235037,1790743607266315846,FL_foot,0.752912857,0.000000000,-0.658120224,0.184632567,0.081107434,0.992376764,0.092789779,0.102742803,0.653103218,-0.123241060,0.747173225,-0.322018892,0.000000000,0.000000000,0.000000000,1.000000000
1790743607257235037,1790743607,257235037,1790743607266315846,FR_hip,1.000000000,0.000000000,0.000000000,0.193400000,0.000000000,0.992602690,-0.121407991,-0.046500000,0.000000000,0.121407991,0.992602690,0.000000000,0.000000000,0.000000000,0.000000000,1.000000000
1790743607257235037,1790743607,257235037,1790743607266315846,FR_thigh,0.670700232,0.000000000,0.741728521,0.193400000,0.090051770,0.992602690,-0.081428368,-0.141293557,-0.736241725,0.121407991,0.665738854,-0.011594463,0.000000000,0.000000000,0.000000000,1.000000000
1790743607257235037,1790743607,257235037,1790743607266315846,FR_calf,0.796576652,0.000000000,-0.604537540,0.035411825,-0.073395688,0.992602690,-0.096710771,-0.123949315,0.600065589,0.121407991,0.790684127,-0.153396839,0.000000000,0.000000000,0.000000000,1.000000000
1790743607257235037,1790743607,257235037,1790743607266315846,FR_calflower,0.825795422,-0.000000000,-0.563969787,0.140814914,-0.068470439,0.992602690,-0.100258163,-0.111104034,0.559797927,0.121407991,0.819686758,-0.258416778,0.000000000,0.000000000,0.000000000,1.000000000
1790743607257235037,1790743607,257235037,1790743607266315846,FR_calflower1,0.992905850,0.000000000,-0.118903208,0.155115751,-0.014435800,0.992602690,-0.120546705,-0.106409003,0.118023644,0.121407991,0.985561017,-0.296802228,0.000000000,0.000000000,0.000000000,1.000000000
1790743607257235037,1790743607,257235037,1790743607266315846,FR_foot,0.796576652,0.000000000,-0.604537540,0.164178321,-0.073395688,0.992602690,-0.096710771,-0.103349920,0.600065589,0.121407991,0.790684127,-0.321812558,0.000000000,0.000000000,0.000000000,1.000000000
1790743607257235037,1790743607,257235037,1790743607266315846,RL_hip,1.000000000,-0.000000000,0.000000000,-0.193400000,0.000000000,0.999907765,0.013581633,0.046500000,-0.000000000,-0.013581633,0.999907765,0.000000000,0.000000000,0.000000000,0.000000000,1.000000000
1790743607257235037,1790743607,257235037,1790743607266315846,RL_thigh,0.715801970,-0.000000000,0.698303329,-0.193400000,-0.009484100,0.999907765,0.009721760,0.141991192,-0.698238921,-0.013581633,0.715735949,-0.001297046,0.000000000,0.000000000,0.000000000,1.000000000
1790743607257235037,1790743607,257235037,1790743607266315846,RL_calf,0.776156930,0.000000000,-0.630539784,-0.342138609,0.008563760,0.999907765,0.010541479,0.139920457,0.630481627,-0.013581633,0.776085342,-0.153748803,0.000000000,0.000000000,0.000000000,1.000000000
1790743607257235037,1790743607,257235037,1790743607266315846,RL_calflower,0.806700791,0.000000000,-0.590960095,-0.233295582,0.008026203,0.999907765,0.010956314,0.138531593,0.590905588,-0.013581633,0.806626385,-0.255999801,0.000000000,0.000000000,0.000000000,1.000000000
1790743607257235037,1790743607,257235037,1790743607266315846,RL_calflower1,0.988432571,-0.000000000,-0.151660978,-0.217724186,0.002059804,0.999907765,0.013424529,0.138013078,0.151646990,-0.013581633,0.988341403,-0.294173912,0.000000000,0.000000000,0.000000000,1.000000000
1790743607257235037,1790743607,257235037,1790743607266315846,RL_foot,0.776156930,0.000000000,-0.630539784,-0.207833635,0.008563760,0.999907765,0.010541479,0.137675122,0.630481627,-0.013581633,0.776085342,-0.319054981,0.000000000,0.000000000,0.000000000,1.000000000
1790743607257235037,1790743607,257235037,1790743607266315846,RR_hip,1.000000000,-0.000000000,0.000000000,-0.193400000,0.000000000,0.999989352,0.004614681,-0.046500000,-0.000000000,-0.004614681,0.999989352,0.000000000,0.000000000,0.000000000,0.000000000,1.000000000
1790743607257235037,1790743607,257235037,1790743607266315846,RR_thigh,0.765254859,-0.000000000,0.643727428,-0.193400000,-0.002970597,0.999989352,0.003531407,-0.141998983,-0.643720573,-0.004614681,0.765246711,0.000440702,0.000000000,0.000000000,0.000000000,1.000000000
1790743607257235037,1790743607,257235037,1790743607266315846,RR_calf,0.762848785,0.000000000,-0.646576934,-0.330513942,0.002983747,0.999989352,0.003520304,-0.142751173,0.646570049,-0.004614681,0.762840662,-0.162556847,0.000000000,0.000000000,0.000000000,1.000000000
1790743607257235037,1790743607,257235037,1790743607266315846,RR_calflower,0.794210801,0.000000000,-0.607642332,-0.219563580,0.002804076,0.999989352,0.003665030,-0.143212503,0.607635862,-0.004614681,0.794202344,-0.262525864,0.000000000,0.000000000,0.000000000,1.000000000
1790743607257235037,1790743607,257235037,1790743607266315846,RR_calflower1,0.985057523,-0.000000000,-0.172225655,-0.203199995,0.000794767,0.999989352,0.004545727,-0.143387145,0.172223821,-0.004614681,0.985047034,-0.300370317,0.000000000,0.000000000,0.000000000,1.000000000
1790743607257235037,1790743607,257235037,1790743607266315846,RR_foot,0.762848785,0.000000000,-0.646576934,-0.192793055,0.002983747,0.999989352,0.003520304,-0.143500998,0.646570049,-0.004614681,0.762840662,-0.325041908,0.000000000,0.000000000,0.000000000,1.000000000
1790743607327268534,1790743607,327268534,1790743607333073938,FL_hip,1.000000000,-0.000000000,0.000000000,0.193400000,0.000000000,0.992373032,0.123271108,0.046500000,-0.000000000,-0.123271108,0.992373032,0.000000000,0.000000000,0.000000000,0.000000000,1.000000000
1790743607327268534,1790743607,327268534,1790743607333073938,FL_thigh,0.714824857,0.000000000,0.699303527,0.193400000,-0.086203921,0.992373032,0.088117252,0.141271625,-0.693969961,-0.123271108,0.709372911,-0.011772391,0.000000000,0.000000000,0.000000000,1.000000000
1790743607327268534,1790743607,327268534,1790743607333073938,FL_calf,0.752911916,0.000000000,-0.658121301,0.044448349,0.081127342,0.992373032,0.092812286,0.122502650,0.653101831,-0.123271108,0.747169481,-0.162868821,0.000000000,0.000000000,0.000000000,1.000000000
1790743607327268534,1790743607,327268534,1790743607333073938,FL_calflower,0.784863328,-0.000000000,-0.619668909,0.156908540,0.076387273,0.992373032,0.096750972,0.110388978,0.614942713,-0.123271108,0.778877200,-0.260387867,0.000000000,0.000000000,0.000000000,1.000000000
1790743607327268534,1790743607,327268534,1790743607333073938,FL_calflower1,0.982319985,0.000000000,-0.187209635,0.173846663,0.023077539,0.992373032,0.121091673,0.105755067,0.185781793,-0.123271108,0.974827861,-0.297692383,0.000000000,0.000000000,0.000000000,1.000000000
1790743607327268534,1790743607,327268534,1790743607333073938,FL_foot,0.752911916,0.000000000,-0.658121301,0.184628186,0.081127342,0.992373032,0.092812286,0.102733633,0.653101831,-0.123271108,0.747169481,-0.322015920,0.000000000,0.000000000,0.000000000,1.000000000
1790743607327268534,1790743607,327268534,1790743607333073938,FR_hip,1.000000000,0.000000000,0.000000000,0.193400000,0.000000000,0.992602690,-0.121407991,-0.046500000,0.000000000,0.121407991,0.992602690,0.000000000,0.000000000,0.000000000,0.000000000,1.000000000
1790743607327268534,1790743607,327268534,1790743607333073938,FR_thigh,0.670543005,0.000000000,0.741870662,0.193400000,0.090069027,0.992602690,-0.081409279,-0.141293557,-0.736382815,0.121407991,0.665582790,-0.011594463,0.000000000,0.000000000,0.000000000,1.000000000
1790743607327268534,1790743607,327268534,1790743607333073938,FR_calf,0.796704768,0.000000000,-0.604368689,0.035381549,-0.073375189,0.992602690,-0.096726326,-0.123953380,0.599897986,0.121407991,0.790811296,-0.153363597,0.000000000,0.000000000,0.000000000,1.000000000
1790743607327268534,1790743607,327268534,1790743607333073938,FR_calflower,0.825914940,0.000000000,-0.563794743,0.140762210,-0.068449187,0.992602690,-0.100272674,-0.111105388,0.559624179,0.121407991,0.819805391,-0.258405709,0.000000000,0.000000000,0.000000000,1.000000000
1790743607327268534,1790743607,327268534,1790743607333073938,FR_calflower1,0.992931030,0.000000000,-0.118692755,0.155054851,-0.014410249,0.992602690,-0.120549762,-0.106409989,0.117814748,0.121407991,0.985586011,-0.296794167,0.000000000,0.000000000,0.000000000,1.000000000
1790743607327268534,1790743607,327268534,1790743607333073938,FR_foot,0.796704768,0.000000000,-0.604368689,0.164112080,-0.073375189,0.992602690,-0.096726326,-0.103350673,0.599897986,0.121407991,0.790811296,-0.321806403,0.000000000,0.000000000,0.000000000,1.000000000
1790743607327268534,1790743607,327268534,1790743607333073938,RL_hip,1.000000000,-0.000000000,0.000000000,-0.193400000,0.000000000,0.999907354,0.013611910,0.046500000,-0.000000000,-0.013611910,0.999907354,0.000000000,0.000000000,0.000000000,0.000000000,1.000000000
1790743607327268534,1790743607,327268534,1790743607333073938,RL_thigh,0.715738535,0.000000000,0.698368348,-0.193400000,-0.009506127,0.999907354,0.009742568,0.141991152,-0.698303647,-0.013611910,0.715672225,-0.001299937,0.000000000,0.000000000,0.000000000,1.000000000
1790743607327268534,1790743607,327268534,1790743607333073938,RL_calf,0.776224124,-0.000000000,-0.630457063,-0.342152458,0.008581725,0.999907354,0.010565893,0.139915985,0.630398654,-0.013611910,0.776152210,-0.153738121,0.000000000,0.000000000,0.000000000,1.000000000
1790743607327268534,1790743607,327268534,1790743607333073938,RL_calflower,0.806763767,0.000000000,-0.590874119,-0.233320330,0.008042925,0.999907354,0.010981595,0.138523868,0.590819377,-0.013611910,0.806689023,-0.256000675,0.000000000,0.000000000,0.000000000,1.000000000
1790743607327268534,1790743607,327268534,1790743607333073938,RL_calflower1,0.988448729,-0.000000000,-0.151555637,-0.217753003,0.002062962,0.999907354,0.013454675,0.138004175,0.151541596,-0.013611910,0.988357152,-0.294176430,0.000000000,0.000000000,0.000000000,1.000000000
1790743607327268534,1790743607,327268534,1790743607333073938,RL_foot,0.776224124,-0.000000000,-0.630457063,-0.207865104,0.008581725,0.999907354,0.010565893,0.137665450,0.630398654,-0.013611910,0.776152210,-0.319058542,0.000000000,0.000000000,0.000000000,1.000000000
1790743607327268534,1790743607,327268534,1790743607333073938,RR_hip,1.000000000,-0.000000000,0.000000000,-0.193400000,0.000000000,0.999989492,0.004584404,-0.046500000,-0.000000000,-0.004584404,0.999989492,0.000000000,0.000000000,0.000000000,0.000000000,1.000000000
1790743607327268534,1790743607,327268534,1790743607333073938,RR_thigh,0.765196381,0.000000000,0.643796939,-0.193400000,-0.002951426,0.999989492,0.003507970,-0.141998996,-0.643790174,-0.004584404,0.765188340,0.000437811,0.000000000,0.000000000,0.000000000,1.000000000
1790743607327268534,1790743607,327268534,1790743607333073938,RR_calf,0.762825815,0.000000000,-0.646604033,-0.330528748,0.002964294,0.999989492,0.003497102,-0.142746194,0.646597238,-0.004584404,0.762817799,-0.162547306,0.000000000,0.000000000,0.000000000,1.000000000
1790743607327268534,1790743607,327268534,1790743607333073938,RR_calflower,0.794189214,-0.000000000,-0.607670546,-0.219574835,0.002785808,0.999989492,0.003640885,-0.143204479,0.607664160,-0.004584404,0.794180868,-0.262512395,0.000000000,0.000000000,0.000000000,1.000000000
1790743607327268534,1790743607,327268534,1790743607333073938,RR_calflower1,0.985051404,-0.000000000,-0.172260648,-0.203209905,0.000789712,0.999989492,0.004515874,-0.143377973,0.172258838,-0.004584404,0.985041053,-0.300356272,0.000000000,0.000000000,0.000000000,1.000000000
1790743607327268534,1790743607,327268534,1790743607333073938,RR_foot,0.762825815,0.000000000,-0.646604033,-0.192802089,0.002964294,0.999989492,0.003497102,-0.143491077,0.646597238,-0.004584404,0.762817799,-0.325027497,0.000000000,0.000000000,0.000000000,1.000000000
1790743607392718383,1790743607,392718383,1790743607399612113,FL_hip,1.000000000,-0.000000000,0.000000000,0.193400000,0.000000000,0.992380495,0.123211012,0.046500000,-0.000000000,-0.123211012,0.992380495,0.000000000,0.000000000,0.000000000,0.000000000,1.000000000
1790743607392718383,1790743607,392718383,1790743607399612113,FL_thigh,0.714697800,-0.000000000,0.699433381,0.193400000,-0.086177895,0.992380495,0.088058639,0.141272337,-0.694104045,-0.123211012,0.709252156,-0.011766652,0.000000000,0.000000000,0.000000000,1.000000000
1790743607392718383,1790743607,392718383,1790743607399612113,FL_calf,0.753041900,0.000000000,-0.657972566,0.044420690,0.081069465,0.992380495,0.092783054,0.122515847,0.652959140,-0.123211012,0.747304093,-0.162837361,0.000000000,0.000000000,0.000000000,1.000000000
1790743607392718383,1790743607,392718383,1790743607399612113,FL_calflower,0.784985716,0.000000000,-0.619513863,0.156861467,0.076330930,0.992380495,0.096718884,0.110405344,0.614793474,-0.123211012,0.779004513,-0.260379184,0.000000000,0.000000000,0.000000000,1.000000000
1790743607392718383,1790743607,392718383,1790743607399612113,FL_calflower1,0.982356945,0.000000000,-0.187015594,0.173792165,0.023042381,0.992380495,0.121037193,0.105773280,0.185590628,-0.123211012,0.974871871,-0.297687299,0.000000000,0.000000000,0.000000000,1.000000000
1790743607392718383,1790743607,392718383,1790743607399612113,FL_foot,0.753041900,0.000000000,-0.657972566,0.184568846,0.081069465,0.992380495,0.092783054,0.102753057,0.652959140,-0.123211012,0.747304093,-0.322013133,0.000000000,0.000000000,0.000000000,1.000000000
1790743607392718383,1790743607,392718383,1790743607399612113,FR_hip,1.000000000,0.000000000,0.000000000,0.193400000,0.000000000,0.992599013,-0.121438046,-0.046500000,0.000000000,0.121438046,0.992599013,0.000000000,0.000000000,0.000000000,0.000000000,1.000000000
1790743607392718383,1790743607,392718383,1790743607399612113,FR_thigh,0.670385747,0.000000000,0.742012770,0.193400000,0.090108581,0.992599013,-0.081410335,-0.141293206,-0.736521143,0.121438046,0.665424231,-0.011597333,0.000000000,0.000000000,0.000000000,1.000000000
1790743607392718383,1790743607,392718383,1790743607399612113,FR_calf,0.796823341,-0.000000000,-0.604212349,0.035351280,-0.073374367,0.992599013,-0.096764670,-0.123952804,0.599740582,0.121438046,0.790926062,-0.153332695,0.000000000,0.000000000,0.000000000,1.000000000
1790743607392718383,1790743607,392718383,1790743607399612113,FR_calflower,0.826025551,0.000000000,-0.563632673,0.140711175,-0.068446451,0.992599013,-0.100310929,-0.111099121,0.559461235,0.121438046,0.819912146,-0.258394940,0.000000000,0.000000000,0.000000000,1.000000000
1790743607392718383,1790743607,392718383,1790743607399612113,FR_calflower1,0.992954300,-0.000000000,-0.118497921,0.154996226,-0.014390156,0.992599013,-0.120582430,-0.106402219,0.117620920,0.121438046,0.985605459,-0.296786038,0.000000000,0.000000000,0.000000000,1.000000000
1790743607392718383,1790743607,392718383,1790743607399612113,FR_foot,0.796823341,-0.000000000,-0.604212349,0.164048510,-0.073374367,0.992599013,-0.096764670,-0.103341930,0.599740582,0.121438046,0.790926062,-0.321799946,0.000000000,0.000000000,0.000000000,1.000000000
1790743607392718383,1790743607,392718383,1790743607399612113,RL_hip,1.000000000,-0.000000000,0.000000000,-0.193400000,0.000000000,0.999906941,0.013642186,0.046500000,-0.000000000,-0.013642186,0.999906941,0.000000000,0.000000000,0.000000000,0.000000000,1.000000000
1790743607392718383,1790743607,392718383,1790743607399612113,RL_thigh,0.715590497,-0.000000000,0.698520036,-0.193400000,-0.009529340,0.999906941,0.009762219,0.141991113,-0.698455032,-0.013642186,0.715523905,-0.001302829,0.000000000,0.000000000,0.000000000,1.000000000
1790743607392718383,1790743607,392718383,1790743607399612113,RL_calf,0.776357735,0.000000000,-0.630292525,-0.342184768,0.008598568,0.999906941,0.010591217,0.139911760,0.630233871,-0.013642186,0.776285488,-0.153709421,0.000000000,0.000000000,0.000000000,1.000000000
1790743607392718383,1790743607,392718383,1790743607399612113,RL_calflower,0.806888987,-0.000000000,-0.590703109,-0.233374319,0.008058482,0.999906941,0.011007730,0.138516232,0.590648139,-0.013642186,0.806813898,-0.255994995,0.000000000,0.000000000,0.000000000,1.000000000
1790743607392718383,1790743607,392718383,1790743607399612113,RL_calflower1,0.988480829,0.000000000,-0.151346128,-0.217815085,0.002064692,0.999906941,0.013485039,0.137995338,0.151332044,-0.013642186,0.988388842,-0.294174033,0.000000000,0.000000000,0.000000000,1.000000000
1790743607392718383,1790743607,392718383,1790743607399612113,RL_foot,0.776357735,0.000000000,-0.630292525,-0.207932460,0.008598568,0.999906941,0.010591217,0.137655831,0.630233871,-0.013642186,0.776285488,-0.319058229,0.000000000,0.000000000,0.000000000,1.000000000
1790743607392718383,1790743607,392718383,1790743607399612113,RR_hip,1.000000000,-0.000000000,0.000000000,-0.193400000,0.000000000,0.999989352,0.004614681,-0.046500000,-0.000000000,-0.004614681,0.999989352,0.000000000,0.000000000,0.000000000,0.000000000,1.000000000
1790743607392718383,1790743607,392718383,1790743607399612113,RR_thigh,0.765040410,-0.000000000,0.643982276,-0.193400000,-0.002971773,0.999989352,0.003530418,-0.141998983,-0.643975419,-0.004614681,0.765032264,0.000440702,0.000000000,0.000000000,0.000000000,1.000000000
1790743607392718383,1790743607,392718383,1790743607399612113,RR_calf,0.762910906,0.000000000,-0.646503634,-0.330568225,0.002983408,0.999989352,0.003520591,-0.142750962,0.646496750,-0.004614681,0.762902783,-0.162511170,0.000000000,0.000000000,0.000000000,1.000000000
1790743607392718383,1790743607,392718383,1790743607399612113,RR_calflower,0.794269181,0.000000000,-0.607566020,-0.219627469,0.002803724,0.999989352,0.003665299,-0.143212341,0.607559550,-0.004614681,0.794260724,-0.262490847,0.000000000,0.000000000,0.000000000,1.000000000
1790743607392718383,1790743607,392718383,1790743607399612113,RR_calflower1,0.985074066,0.000000000,-0.172131007,-0.203267520,0.000794330,0.999989352,0.004545803,-0.143386991,0.172129174,-0.004614681,0.985063578,-0.300336871,0.000000000,0.000000000,0.000000000,1.000000000
1790743607392718383,1790743607,392718383,1790743607399612113,RR_foot,0.762910906,0.000000000,-0.646503634,-0.192862951,0.002983408,0.999989352,0.003520591,-0.143500848,0.646496750,-0.004614681,0.762902783,-0.325009463,0.000000000,0.000000000,0.000000000,1.000000000
1790743607456173197,1790743607,456173197,1790743607466275082,FL_hip,1.000000000,-0.000000000,0.000000000,0.193400000,0.000000000,0.992376764,0.123241060,0.046500000,-0.000000000,-0.123241060,0.992376764,0.000000000,0.000000000,0.000000000,0.000000000,1.000000000
1790743607456173197,1790743607,456173197,1790743607466275082,FL_thigh,0.714486026,-0.000000000,0.699649711,0.193400000,-0.086225572,0.992376764,0.088054015,0.141271981,-0.694316116,-0.123241060,0.709039330,-0.011769521,0.000000000,0.000000000,0.000000000,1.000000000
1790743607456173197,1790743607,456173197,1790743607466275082,FL_calf,0.753251483,0.000000000,-0.657732623,0.044374611,0.081059666,0.992376764,0.092831511,0.122516476,0.652718572,-0.123241060,0.747509269,-0.162794899,0.000000000,0.000000000,0.000000000,1.000000000
1790743607456173197,1790743607,456173197,1790743607466275082,FL_calflower,0.785183045,0.000000000,-0.619263745,0.156784069,0.076318720,0.992376764,0.096766791,0.110398605,0.614542951,-0.123241060,0.779197409,-0.260371899,0.000000000,0.000000000,0.000000000,1.000000000
1790743607456173197,1790743607,456173197,1790743607466275082,FL_calflower1,0.982416476,0.000000000,-0.186702619,0.173702789,0.023009429,0.992376764,0.121074048,0.105764746,0.185279340,-0.123241060,0.974927283,-0.297685225,0.000000000,0.000000000,0.000000000,1.000000000
1790743607456173197,1790743607,456173197,1790743607466275082,FL_foot,0.753251483,0.000000000,-0.657732623,0.184471660,0.081059666,0.992376764,0.092831511,0.102743364,0.652718572,-0.123241060,0.747509269,-0.322014373,0.000000000,0.000000000,0.000000000,1.000000000
1790743607456173197,1790743607,456173197,1790743607466275082,FR_hip,1.000000000,0.000000000,0.000000000,0.193400000,0.000000000,0.992602690,-0.121407991,-0.046500000,0.000000000,0.121407991,0.992602690,0.000000000,0.000000000,0.000000000,0.000000000,1.000000000
1790743607456173197,1790743607,456173197,1790743607466275082,FR_thigh,0.670250931,0.000000000,0.742134550,0.193400000,0.090101065,0.992602690,-0.081373819,-0.141293557,-0.736644750,0.121407991,0.665292877,-0.011594463,0.000000000,0.000000000,0.000000000,1.000000000
1790743607456173197,1790743607,456173197,1790743607466275082,FR_calf,0.796933098,0.000000000,-0.604067576,0.035325341,-0.073338631,0.992602690,-0.096754047,-0.123960933,0.599599101,0.121407991,0.791037937,-0.153301846,0.000000000,0.000000000,0.000000000,1.000000000
1790743607456173197,1790743607,456173197,1790743607466275082,FR_calflower,0.826127935,0.000000000,-0.563482595,0.140666004,-0.068411290,0.992602690,-0.100298533,-0.111108107,0.559314340,0.121407991,0.820016810,-0.258383479,0.000000000,0.000000000,0.000000000,1.000000000
1790743607456173197,1790743607,456173197,1790743607466275082,FR_calflower1,0.992975812,-0.000000000,-0.118317524,0.154944029,-0.014364693,0.992602690,-0.120555199,-0.106412053,0.117442293,0.121407991,0.985630462,-0.296777294,0.000000000,0.000000000,0.000000000,1.000000000
1790743607456173197,1790743607,456173197,1790743607466275082,FR_foot,0.796933098,0.000000000,-0.604067576,0.163991735,-0.073338631,0.992602690,-0.096754047,-0.103352321,0.599599101,0.121407991,0.791037937,-0.321792926,0.000000000,0.000000000,0.000000000,1.000000000
1790743607456173197,1790743607,456173197,1790743607466275082,RL_hip,1.000000000,-0.000000000,0.000000000,-0.193400000,0.000000000,0.999907354,0.013611910,0.046500000,-0.000000000,-0.013611910,0.999907354,0.000000000,0.000000000,0.000000000,0.000000000,1.000000000
1790743607456173197,1790743607,456173197,1790743607466275082,RL_thigh,0.715484777,0.000000000,0.698628323,-0.193400000,-0.009509666,0.999907354,0.009739114,0.141991152,-0.698563597,-0.013611910,0.715418490,-0.001299937,0.000000000,0.000000000,0.000000000,1.000000000
1790743607456173197,1790743607,456173197,1790743607466275082,RL_calf,0.776473019,0.000000000,-0.630150498,-0.342207833,0.008577552,0.999907354,0.010569281,0.139916721,0.630092117,-0.013611910,0.776401082,-0.153684076,0.000000000,0.000000000,0.000000000,1.000000000
1790743607456173197,1790743607,456173197,1790743607466275082,RL_calflower,0.806997028,0.000000000,-0.590555498,-0.233416099,0.008038588,0.999907354,0.010984771,0.138524018,0.590500785,-0.013611910,0.806922263,-0.255989594,0.000000000,0.000000000,0.000000000,1.000000000
1790743607456173197,1790743607,456173197,1790743607466275082,RL_calflower1,0.988508498,0.000000000,-0.151165306,-0.217863849,0.002057648,0.999907354,0.013455488,0.138004242,0.151151301,-0.013611910,0.988416916,-0.294171492,0.000000000,0.000000000,0.000000000,1.000000000
1790743607456173197,1790743607,456173197,1790743607466275082,RL_foot,0.776473019,0.000000000,-0.630150498,-0.207985777,0.008577552,0.999907354,0.010569281,0.137665464,0.630092117,-0.013611910,0.776401082,-0.319057506,0.000000000,0.000000000,0.000000000,1.000000000
1790743607456173197,1790743607,456173197,1790743607466275082,RR_hip,1.000000000,-0.000000000,0.000000000,-0.193400000,0.000000000,0.999989352,0.004614681,-0.046500000,-0.000000000,-0.004614681,0.999989352,0.000000000,0.000000000,0.000000000,0.000000000,1.000000000
1790743607456173197,1790743607,456173197,1790743607466275082,RR_thigh,0.764903898,-0.000000000,0.644144415,-0.193400000,-0.002972521,0.999989352,0.003529788,-0.141998983,-0.644137556,-0.004614681,0.764895753,0.000440702,0.000000000,0.000000000,0.000000000,1.000000000
1790743607456173197,1790743607,456173197,1790743607466275082,RR_calf,0.763017252,0.000000000,-0.646378120,-0.330602760,0.002982829,0.999989352,0.003521082,-0.142750828,0.646371237,-0.004614681,0.763009127,-0.162482093,0.000000000,0.000000000,0.000000000,1.000000000
1790743607456173197,1790743607,456173197,1790743607466275082,RR_calflower,0.794369120,0.000000000,-0.607435347,-0.219678454,0.002803121,0.999989352,0.003665760,-0.143212291,0.607428879,-0.004614681,0.794360662,-0.262480019,0.000000000,0.000000000,0.000000000,1.000000000
1790743607456173197,1790743607,456173197,1790743607466275082,RR_calflower1,0.985102370,0.000000000,-0.171968951,-0.203324731,0.000793582,0.999989352,0.004545934,-0.143386953,0.171967120,-0.004614681,0.985091881,-0.300328735,0.000000000,0.000000000,0.000000000,1.000000000
1790743607456173197,1790743607,456173197,1790743607466275082,RR_foot,0.763017252,0.000000000,-0.646378120,-0.192924221,0.002982829,0.999989352,0.003521082,-0.143500818,0.646371237,-0.004614681,0.763009127,-0.325003037,0.000000000,0.000000000,0.000000000,1.000000000
1790743607477437053,1790743607,477437053,1790743607499621274,FL_hip,1.000000000,-0.000000000,0.000000000,0.193400000,0.000000000,0.992380495,0.123211012,0.046500000,-0.000000000,-0.123211012,0.992380495,0.000000000,0.000000000,0.000000000,0.000000000,1.000000000
1790743607477437053,1790743607,477437053,1790743607499621274,FL_thigh,0.714380094,-0.000000000,0.699757873,0.193400000,-0.086217876,0.992380495,0.088019494,0.141272337,-0.694426065,-0.123211012,0.708936871,-0.011766652,0.000000000,0.000000000,0.000000000,1.000000000
1790743607477437053,1790743607,477437053,1790743607499621274,FL_calf,0.753351052,-0.000000000,-0.657618576,0.044351573,0.081025850,0.992380495,0.092821145,0.122524185,0.652607848,-0.123211012,0.747610890,-0.162770205,0.000000000,0.000000000,0.000000000,1.000000000
1790743607477437053,1790743607,477437053,1790743607499621274,FL_calflower,0.785276790,0.000000000,-0.619144865,0.156746143,0.076285465,0.992380495,0.096754748,0.110407173,0.614427287,-0.123211012,0.779293369,-0.260364460,0.000000000,0.000000000,0.000000000,1.000000000
1790743607477437053,1790743607,477437053,1790743607499621274,FL_calflower1,0.982444731,-0.000000000,-0.186553883,0.173659170,0.022985493,0.992380495,0.121048009,0.105774128,0.185132434,-0.123211012,0.974958988,-0.297680468,0.000000000,0.000000000,0.000000000,1.000000000
1790743607477437053,1790743607,477437053,1790743607499621274,FL_foot,0.753351052,-0.000000000,-0.657618576,0.184424330,0.081025850,0.992380495,0.092821145,0.102753281,0.652607848,-0.123211012,0.747610890,-0.322011325,0.000000000,0.000000000,0.000000000,1.000000000
1790743607477437053,1790743607,477437053,1790743607499621274,FR_hip,1.000000000,0.000000000,0.000000000,0.193400000,0.000000000,0.992602690,-0.121407991,-0.046500000,0.000000000,0.121407991,0.992602690,0.000000000,0.000000000,0.000000000,0.000000000,1.000000000
1790743607477437053,1790743607,477437053,1790743607499621274,FR_thigh,0.670071186,0.000000000,0.742296845,0.193400000,0.090120769,0.992602690,-0.081351997,-0.141293557,-0.736805845,0.121407991,0.665114461,-0.011594463,0.000000000,0.000000000,0.000000000,1.000000000
1790743607477437053,1790743607,477437053,1790743607499621274,FR_calf,0.797079364,0.000000000,-0.603874563,0.035290772,-0.073315198,0.992602690,-0.096771804,-0.123965582,0.599407515,0.121407991,0.791183121,-0.153263843,0.000000000,0.000000000,0.000000000,1.000000000
1790743607477437053,1790743607,477437053,1790743607499621274,FR_calflower,0.826264371,-0.000000000,-0.563282512,0.140605795,-0.068386998,0.992602690,-0.100315098,-0.111109658,0.559115737,0.121407991,0.820152238,-0.258370795,0.000000000,0.000000000,0.000000000,1.000000000
1790743607477437053,1790743607,477437053,1790743607499621274,FR_calflower1,0.993004436,-0.000000000,-0.118077048,0.154874451,-0.014335497,0.992602690,-0.120558674,-0.106413185,0.117203596,0.121407991,0.985658874,-0.296768042,0.000000000,0.000000000,0.000000000,1.000000000
1790743607477437053,1790743607,477437053,1790743607499621274,FR_foot,0.797079364,0.000000000,-0.603874563,0.163916054,-0.073315198,0.992602690,-0.096771804,-0.103353187,0.599407515,0.121407991,0.791183121,-0.321785848,0.000000000,0.000000000,0.000000000,1.000000000
1790743607477437053,1790743607,477437053,1790743607499621274,RL_hip,1.000000000,-0.000000000,0.000000000,-0.193400000,0.000000000,0.999907765,0.013581633,0.046500000,-0.000000000,-0.013581633,0.999907765,0.000000000,0.000000000,0.000000000,0.000000000,1.000000000
1790743607477437053,1790743607,477437053,1790743607499621274,RL_thigh,0.715357842,0.000000000,0.698758297,-0.193400000,-0.009490279,0.999907765,0.009715728,0.141991192,-0.698693847,-0.013581633,0.715291862,-0.001297046,0.000000000,0.000000000,0.000000000,1.000000000
1790743607477437053,1790743607,477437053,1790743607499621274,RL_calf,0.776577575,0.000000000,-0.630021642,-0.342235517,0.008556723,0.999907765,0.010547192,0.139921742,0.629963532,-0.013581633,0.776505948,-0.153654213,0.000000000,0.000000000,0.000000000,1.000000000
1790743607477437053,1790743607,477437053,1790743607499621274,RL_calflower,0.807095014,-0.000000000,-0.590421577,-0.233460763,0.008018889,0.999907765,0.010961668,0.138531892,0.590367120,-0.013581633,0.807020572,-0.255977822,0.000000000,0.000000000,0.000000000,1.000000000
1790743607477437053,1790743607,477437053,1790743607499621274,RL_calflower1,0.988533569,-0.000000000,-0.151001271,-0.217914850,0.002050844,0.999907765,0.013425900,0.138013236,0.150987344,-0.013581633,0.988442391,-0.294162316,0.000000000,0.000000000,0.000000000,1.000000000
1790743607477437053,1790743607,477437053,1790743607499621274,RL_foot,0.776577575,0.000000000,-0.630021642,-0.208040907,0.008556723,0.999907765,0.010547192,0.137675190,0.629963532,-0.013581633,0.776505948,-0.319049979,0.000000000,0.000000000,0.000000000,1.000000000
1790743607477437053,1790743607,477437053,1790743607499621274,RR_hip,1.000000000,-0.000000000,0.000000000,-0.193400000,0.000000000,0.999989492,0.004584404,-0.046500000,-0.000000000,-0.004584404,0.999989492,0.000000000,0.000000000,0.000000000,0.000000000,1.000000000
1790743607477437053,1790743607,477437053,1790743607499621274,RR_thigh,0.764786860,-0.000000000,0.644283368,-0.193400000,-0.002953656,0.999989492,0.003506092,-0.141998996,-0.644276598,-0.004584404,0.764778823,0.000437811,0.000000000,0.000000000,0.000000000,1.000000000
1790743607477437053,1790743607,477437053,1790743607499621274,RR_calf,0.763114254,-0.000000000,-0.646263596,-0.330632357,0.002962734,0.999989492,0.003498424,-0.142745794,0.646256804,-0.004584404,0.763106235,-0.162460079,0.000000000,0.000000000,0.000000000,1.000000000
1790743607477437053,1790743607,477437053,1790743607499621274,RR_calflower,0.794460278,0.000000000,-0.607316118,-0.219723060,0.002784183,0.999989492,0.003642127,-0.143204306,0.607309736,-0.004584404,0.794451929,-0.262474665,0.000000000,0.000000000,0.000000000,1.000000000
1790743607477437053,1790743607,477437053,1790743607499621274,RR_calflower1,0.985128169,0.000000000,-0.171821101,-0.203375018,0.000787697,0.999989492,0.004516226,-0.143377833,0.171819295,-0.004584404,0.985117817,-0.300325840,0.000000000,0.000000000,0.000000000,1.000000000
1790743607477437053,1790743607,477437053,1790743607499621274,RR_foot,0.763114254,-0.000000000,-0.646263596,-0.192978212,0.002962734,0.999989492,0.003498424,-0.143490958,0.646256804,-0.004584404,0.763106235,-0.325001707,0.000000000,0.000000000,0.000000000,1.000000000
1790743607552491306,1790743607,552491306,1790743607566228662,FL_hip,1.000000000,-0.000000000,0.000000000,0.193400000,0.000000000,0.992376764,0.123241060,0.046500000,-0.000000000,-0.123241060,0.992376764,0.000000000,0.000000000,0.000000000,0.000000000,1.000000000
1790743607552491306,1790743607,552491306,1790743607566228662,FL_thigh,0.714125790,0.000000000,0.700017397,0.193400000,-0.086270886,0.992376764,0.088009619,0.141271981,-0.694680999,-0.123241060,0.708681840,-0.011769521,0.000000000,0.000000000,0.000000000,1.000000000
1790743607552491306,1790743607,552491306,1790743607566228662,FL_calf,0.753589948,0.000000000,-0.657344803,0.044296294,0.081011870,0.992376764,0.092873224,0.122525932,0.652333708,-0.123241060,0.747845154,-0.162718753,0.000000000,0.000000000,0.000000000,1.000000000
1790743607552491306,1790743607,552491306,1790743607566228662,FL_calflower,0.785501704,0.000000000,-0.618859493,0.156655124,0.076268900,0.992376764,0.096806063,0.110400932,0.614141781,-0.123241060,0.779513639,-0.260353162,0.000000000,0.000000000,0.000000000,1.000000000
1790743607552491306,1790743607,552491306,1790743607566228662,FL_calflower1,0.982512450,-0.000000000,-0.186196899,0.173554487,0.022947103,0.992376764,0.121085876,0.105766001,0.184777476,-0.123241060,0.975022526,-0.297675125,0.000000000,0.000000000,0.000000000,1.000000000
1790743607552491306,1790743607,552491306,1790743607566228662,FL_foot,0.753589948,0.000000000,-0.657344803,0.184310737,0.081011870,0.992376764,0.092873224,0.102743935,0.652333708,-0.123241060,0.747845154,-0.322009771,0.000000000,0.000000000,0.000000000,1.000000000
1790743607552491306,1790743607,552491306,1790743607566228662,FR_hip,1.000000000,0.000000000,0.000000000,0.193400000,0.000000000,0.992595336,-0.121468101,-0.046500000,0.000000000,0.121468101,0.992595336,0.000000000,0.000000000,0.000000000,0.000000000,1.000000000
1790743607552491306,1790743607,552491306,1790743607566228662,FR_thigh,0.669823911,0.000000000,0.742519985,0.193400000,0.090192493,0.992595336,-0.081362239,-0.141292855,-0.737021874,0.121468101,0.664864090,-0.011600204,0.000000000,0.000000000,0.000000000,1.000000000
1790743607552491306,1790743607,552491306,1790743607566228662,FR_calf,0.797280453,0.000000000,-0.603609045,0.035243243,-0.073319245,0.992595336,-0.096844143,-0.123962698,0.599139523,0.121468101,0.791376859,-0.153216255,0.000000000,0.000000000,0.000000000,1.000000000
1790743607552491306,1790743607,552491306,1790743607566228662,FR_calflower,0.826451939,-0.000000000,-0.563007276,0.140522991,-0.068387425,0.992595336,-0.100387548,-0.111096149,0.558838397,0.121468101,0.820332339,-0.258357239,0.000000000,0.000000000,0.000000000,1.000000000
1790743607552491306,1790743607,552491306,1790743607566228662,FR_calflower1,0.993043709,0.000000000,-0.117746301,0.154778763,-0.014302420,0.992595336,-0.120623134,-0.106396773,0.116874429,0.121468101,0.985690554,-0.296758917,0.000000000,0.000000000,0.000000000,1.000000000
1790743607552491306,1790743607,552491306,1790743607566228662,FR_foot,0.797280453,0.000000000,-0.603609045,0.163811970,-0.073319245,0.992595336,-0.096844143,-0.103334895,0.599139523,0.121468101,0.791376859,-0.321779526,0.000000000,0.000000000,0.000000000,1.000000000
1790743607552491306,1790743607,552491306,1790743607566228662,RL_hip,1.000000000,-0.000000000,0.000000000,-0.193400000,0.000000000,0.999907354,0.013611910,0.046500000,-0.000000000,-0.013611910,0.999907354,0.000000000,0.000000000,0.000000000,0.000000000,1.000000000
1790743607552491306,1790743607,552491306,1790743607566228662,RL_thigh,0.715167396,0.000000000,0.698953215,-0.193400000,-0.009514088,0.999907354,0.009734794,0.141991152,-0.698888459,-0.013611910,0.715101138,-0.001299937,0.000000000,0.000000000,0.000000000,1.000000000
1790743607552491306,1790743607,552491306,1790743607566228662,RL_calf,0.776759145,0.000000000,-0.629797769,-0.342277035,0.008572750,0.999907354,0.010573175,0.139917641,0.629739421,-0.013611910,0.776687182,-0.153616480,0.000000000,0.000000000,0.000000000,1.000000000
1790743607552491306,1790743607,552491306,1790743607566228662,RL_calflower,0.807265168,0.000000000,-0.590188909,-0.233531782,0.008033598,0.999907354,0.010988420,0.138524266,0.590134230,-0.013611910,0.807190378,-0.255971394,0.000000000,0.000000000,0.000000000,1.000000000
1790743607552491306,1790743607,552491306,1790743607566228662,RL_calflower1,0.988577053,0.000000000,-0.150716322,-0.217996877,0.002051537,0.999907354,0.013456421,0.138004393,0.150702359,-0.013611910,0.988485465,-0.294160352,0.000000000,0.000000000,0.000000000,1.000000000
1790743607552491306,1790743607,552491306,1790743607566228662,RL_foot,0.776759145,0.000000000,-0.629797769,-0.208130110,0.008572750,0.999907354,0.010573175,0.137665555,0.629739421,-0.013611910,0.776687182,-0.319050849,0.000000000,0.000000000,0.000000000,1.000000000
1790743607552491306,1790743607,552491306,1790743607566228662,RR_hip,1.000000000,-0.000000000,0.000000000,-0.193400000,0.000000000,0.999989492,0.004584404,-0.046500000,-0.000000000,-0.004584404,0.999989492,0.000000000,0.000000000,0.000000000,0.000000000,1.000000000
1790743607552491306,1790743607,552491306,1790743607566228662,RR_thigh,0.764630771,0.000000000,0.644468606,-0.193400000,-0.002954505,0.999989492,0.003505377,-0.141998996,-0.644461834,-0.004584404,0.764622736,0.000437811,0.000000000,0.000000000,0.000000000,1.000000000
1790743607552491306,1790743607,552491306,1790743607566228662,RR_calf,0.763229957,0.000000000,-0.646126948,-0.330671813,0.002962107,0.999989492,0.003498955,-0.142745642,0.646120158,-0.004584404,0.763221937,-0.162426832,0.000000000,0.000000000,0.000000000,1.000000000
1790743607552491306,1790743607,552491306,1790743607566228662,RR_calflower,0.794569006,-0.000000000,-0.607173858,-0.219780426,0.002783531,0.999989492,0.003642626,-0.143204245,0.607167478,-0.004584404,0.794560657,-0.262461276,0.000000000,0.000000000,0.000000000,1.000000000
1790743607552491306,1790743607,552491306,1790743607566228662,RR_calflower1,0.985158918,-0.000000000,-0.171644709,-0.203439161,0.000786889,0.999989492,0.004516367,-0.143377785,0.171642905,-0.004584404,0.985148566,-0.300315377,0.000000000,0.000000000,0.000000000,1.000000000
1790743607552491306,1790743607,552491306,1790743607566228662,RR_foot,0.763229957,0.000000000,-0.646126948,-0.193046773,0.002962107,0.999989492,0.003498955,-0.143490919,0.646120158,-0.004584404,0.763221937,-0.324993105,0.000000000,0.000000000,0.000000000,1.000000000
1790743608117193730,1790743608,117193730,1790743608133301981,FL_hip,1.000000000,-0.000000000,0.000000000,0.193400000,0.000000000,0.992309451,0.123781882,0.046500000,-0.000000000,-0.123781882,0.992309451,0.000000000,0.000000000,0.000000000,0.000000000,1.000000000
1790743608117193730,1790743608,117193730,1790743608133301981,FL_thigh,0.712852939,0.000000000,0.701313544,0.193400000,-0.086809911,0.992309451,0.088238279,0.141265553,-0.695920057,-0.123781882,0.707370708,-0.011821170,0.000000000,0.000000000,0.000000000,1.000000000
1790743608117193730,1790743608,117193730,1790743608133301981,FL_calf,0.754782857,-0.000000000,-0.655974725,0.044020215,0.081197786,0.992309451,0.093428443,0.122470799,0.650929918,-0.123781882,0.748978162,-0.162491131,0.000000000,0.000000000,0.000000000,1.000000000
1790743608117193730,1790743608,117193730,1790743608133301981,FL_calflower,0.786624646,-0.000000000,-0.617431507,0.156200131,0.076426834,0.992309451,0.097369879,0.110267345,0.612683119,-0.123781882,0.780575071,-0.260321300,0.000000000,0.000000000,0.000000000,1.000000000
1790743608117193730,1790743608,117193730,1790743608133301981,FL_calflower1,0.982849080,0.000000000,-0.184411731,0.173031145,0.022826831,0.992309451,0.121658909,0.105608282,0.182993503,-0.123781882,0.975290430,-0.297671134,0.000000000,0.000000000,0.000000000,1.000000000
1790743608117193730,1790743608,117193730,1790743608133301981,FL_foot,0.754782857,-0.000000000,-0.655974725,0.183742831,0.081197786,0.992309451,0.093428443,0.102570541,0.650929918,-0.123781882,0.748978162,-0.322023479,0.000000000,0.000000000,0.000000000,1.000000000
1790743608117193730,1790743608,117193730,1790743608133301981,FR_hip,1.000000000,0.000000000,0.000000000,0.193400000,0.000000000,0.992646738,-0.121047321,-0.046500000,0.000000000,0.121047321,0.992646738,0.000000000,0.000000000,0.000000000,0.000000000,1.000000000
1790743608117193730,1790743608,117193730,1790743608133301981,FR_thigh,0.667054011,-0.000000000,0.745009360,0.193400000,0.090181387,0.992646738,-0.080745101,-0.141297763,-0.739531111,0.121047321,0.662148988,-0.011560019,0.000000000,0.000000000,0.000000000,1.000000000
1790743608117193730,1790743608,117193730,1790743608133301981,FR_calf,0.799522854,0.000000000,-0.600635668,0.034713006,-0.072705339,0.992646738,-0.096780100,-0.124099057,0.596219037,0.121047321,0.793643753,-0.152597754,0.000000000,0.000000000,0.000000000,1.000000000
1790743608117193730,1790743608,117193730,1790743608133301981,FR_calflower,0.828542930,-0.000000000,-0.559925542,0.139597542,-0.067777487,0.992646738,-0.100292902,-0.111229709,0.555808262,0.121047321,0.822450437,-0.258132648,0.000000000,0.000000000,0.000000000,1.000000000
1790743608117193730,1790743608,117193730,1790743608133301981,FR_calflower1,0.993475328,0.000000000,-0.114047241,0.153709135,-0.013805113,0.992646738,-0.120257527,-0.106540218,0.113208622,0.121047321,0.986170043,-0.296588748,0.000000000,0.000000000,0.000000000,1.000000000
1790743608117193730,1790743608,117193730,1790743608133301981,FR_foot,0.799522854,0.000000000,-0.600635668,0.162648404,-0.072705339,0.992646738,-0.096780100,-0.103484896,0.596219037,0.121047321,0.793643753,-0.321643873,0.000000000,0.000000000,0.000000000,1.000000000
1790743608117193730,1790743608,117193730,1790743608133301981,RL_hip,1.000000000,-0.000000000,0.000000000,-0.193400000,0.000000000,0.999934305,0.011462378,0.046500000,-0.000000000,-0.011462378,0.999934305,0.000000000,0.000000000,0.000000000,0.000000000,1.000000000
1790743608117193730,1790743608,117193730,1790743608133301981,RL_thigh,0.713578358,0.000000000,0.700575426,-0.193400000,-0.008030260,0.999934305,0.008179305,0.141993726,-0.700529402,-0.011462378,0.713531479,-0.001094657,0.000000000,0.000000000,0.000000000,1.000000000
1790743608117193730,1790743608,117193730,1790743608133301981,RL_calf,0.778157574,0.000000000,-0.628069096,-0.342622566,0.007199165,0.999934305,0.008919536,0.140251534,0.628027835,-0.011462378,0.778106453,-0.153076862,0.000000000,0.000000000,0.000000000,1.000000000
1790743608117193730,1790743608,117193730,1790743608133301981,RL_calflower,0.808575452,0.000000000,-0.588392504,-0.234105188,0.006744377,0.999934305,0.009268197,0.139075426,0.588353850,-0.011462378,0.808522332,-0.255676060,0.000000000,0.000000000,0.000000000,1.000000000
1790743608117193730,1790743608,117193730,1790743608133301981,RL_calflower1,0.988909726,0.000000000,-0.148517858,-0.218655242,0.001702368,0.999934305,0.011335257,0.138637254,0.148508102,-0.011462378,0.988844759,-0.293900492,0.000000000,0.000000000,0.000000000,1.000000000
1790743608117193730,1790743608,117193730,1790743608133301981,RL_foot,0.778157574,0.000000000,-0.628069096,-0.208843848,0.007199165,0.999934305,0.008919536,0.138351673,0.628027835,-0.011462378,0.778106453,-0.318813537,0.000000000,0.000000000,0.000000000,1.000000000
1790743608117193730,1790743608,117193730,1790743608133301981,RR_hip,1.000000000,-0.000000000,0.000000000,-0.193400000,0.000000000,0.999996577,0.002616378,-0.046500000,-0.000000000,-0.002616378,0.999996577,0.000000000,0.000000000,0.000000000,0.000000000,1.000000000
1790743608117193730,1790743608,117193730,1790743608133301981,RR_thigh,0.759592891,0.000000000,0.650398832,-0.193400000,-0.001701689,0.999996577,0.001987382,-0.141999673,-0.650396606,-0.002616378,0.759590291,0.000249864,0.000000000,0.000000000,0.000000000,1.000000000
1790743608117193730,1790743608,117193730,1790743608133301981,RR_calf,0.763491007,-0.000000000,-0.645818459,-0.331934951,0.001689705,0.999996577,0.001997581,-0.142422986,0.645816248,-0.002616378,0.763488394,-0.161542868,0.000000000,0.000000000,0.000000000,1.000000000
1790743608117193730,1790743608,117193730,1790743608133301981,RR_calflower,0.794814312,0.000000000,-0.606852708,-0.221083999,0.001587756,0.999996577,0.002079535,-0.142684833,0.606850631,-0.002616378,0.794811592,-0.261622825,0.000000000,0.000000000,0.000000000,1.000000000
1790743608117193730,1790743608,117193730,1790743608133301981,RR_calflower1,0.985228203,-0.000000000,-0.171246573,-0.204758034,0.000448046,0.999996577,0.002577730,-0.142783892,0.171245987,-0.002616378,0.985224830,-0.299483795,0.000000000,0.000000000,0.000000000,1.000000000
1790743608117193730,1790743608,117193730,1790743608133301981,RR_foot,0.763491007,-0.000000000,-0.645818459,-0.194375619,0.001689705,0.999996577,0.001997581,-0.142848470,0.645816248,-0.002616378,0.763488394,-0.324165896,0.000000000,0.000000000,0.000000000,1.000000000
1790743608150036469,1790743608,150036469,1790743608199662273,FL_hip,1.000000000,-0.000000000,0.000000000,0.193400000,0.000000000,0.992309451,0.123781882,0.046500000,-0.000000000,-0.123781882,0.992309451,0.000000000,0.000000000,0.000000000,0.000000000,1.000000000
1790743608150036469,1790743608,150036469,1790743608199662273,FL_thigh,0.712789231,0.000000000,0.701378295,0.193400000,-0.086817925,0.992309451,0.088230393,0.141265553,-0.695984310,-0.123781882,0.707307490,-0.011821170,0.000000000,0.000000000,0.000000000,1.000000000
1790743608150036469,1790743608,150036469,1790743608199662273,FL_calf,0.754832041,0.000000000,-0.655918127,0.044006423,0.081190780,0.992309451,0.093434531,0.122472479,0.650873756,-0.123781882,0.749026968,-0.162477665,0.000000000,0.000000000,0.000000000,1.000000000
1790743608150036469,1790743608,150036469,1790743608199662273,FL_calflower,0.786670941,-0.000000000,-0.617372522,0.156178947,0.076419533,0.992309451,0.097375610,0.110267984,0.612624588,-0.123781882,0.780621009,-0.260316181,0.000000000,0.000000000,0.000000000,1.000000000
1790743608150036469,1790743608,150036469,1790743608199662273,FL_calflower1,0.982862905,0.000000000,-0.184338034,0.173007138,0.022817709,0.992309451,0.121660620,0.105608764,0.182920373,-0.123781882,0.975304149,-0.297667268,0.000000000,0.000000000,0.000000000,1.000000000
1790743608150036469,1790743608,150036469,1790743608199662273,FL_foot,0.754832041,0.000000000,-0.655918127,0.183716984,0.081190780,0.992309451,0.093434531,0.102570924,0.650873756,-0.123781882,0.749026968,-0.322020409,0.000000000,0.000000000,0.000000000,1.000000000
1790743608150036469,1790743608,150036469,1790743608199662273,FR_hip,1.000000000,0.000000000,0.000000000,0.193400000,0.000000000,0.992646738,-0.121047321,-0.046500000,0.000000000,0.121047321,0.992646738,0.000000000,0.000000000,0.000000000,0.000000000,1.000000000
1790743608150036469,1790743608,150036469,1790743608199662273,FR_thigh,0.666873570,0.000000000,0.745170881,0.193400000,0.090200939,0.992646738,-0.080723259,-0.141297763,-0.739691444,0.121047321,0.661969873,-0.011560019,0.000000000,0.000000000,0.000000000,1.000000000
1790743608150036469,1790743608,150036469,1790743608199662273,FR_calf,0.799668289,-0.000000000,-0.600442027,0.034678602,-0.072681899,0.992646738,-0.096797704,-0.124103709,0.596026819,0.121047321,0.793788118,-0.152559602,0.000000000,0.000000000,0.000000000,1.000000000
1790743608150036469,1790743608,150036469,1790743608199662273,FR_calflower,0.828678505,0.000000000,-0.559724874,0.139537388,-0.067753197,0.992646738,-0.100309313,-0.111231287,0.555609070,0.121047321,0.822585015,-0.258119707,0.000000000,0.000000000,0.000000000,1.000000000
1790743608150036469,1790743608,150036469,1790743608199662273,FR_calflower1,0.993502918,0.000000000,-0.113806644,0.153639598,-0.013775989,0.992646738,-0.120260867,-0.106541383,0.112969794,0.121047321,0.986197430,-0.296579199,0.000000000,0.000000000,0.000000000,1.000000000
1790743608150036469,1790743608,150036469,1790743608199662273,FR_foot,0.799668289,-0.000000000,-0.600442027,0.162572754,-0.072681899,0.992646738,-0.096797704,-0.103485798,0.596026819,0.121047321,0.793788118,-0.321636471,0.000000000,0.000000000,0.000000000,1.000000000
1790743608150036469,1790743608,150036469,1790743608199662273,RL_hip,1.000000000,-0.000000000,0.000000000,-0.193400000,0.000000000,0.999938739,0.011068774,0.046500000,-0.000000000,-0.011068774,0.999938739,0.000000000,0.000000000,0.000000000,0.000000000,1.000000000
1790743608150036469,1790743608,150036469,1790743608199662273,RL_thigh,0.713535931,0.000000000,0.700618638,-0.193400000,-0.007754989,0.999938739,0.007897968,0.141994150,-0.700575717,-0.011068774,0.713492219,-0.001057068,0.000000000,0.000000000,0.000000000,1.000000000
1790743608150036469,1790743608,150036469,1790743608199662273,RL_calf,0.778195608,0.000000000,-0.628021971,-0.342631770,0.006951433,0.999938739,0.008613671,0.140311882,0.627983498,-0.011068774,0.778147935,-0.153030911,0.000000000,0.000000000,0.000000000,1.000000000
1790743608150036469,1790743608,150036469,1790743608199662273,RL_calflower,0.808611082,-0.000000000,-0.588343537,-0.234120606,0.006512241,0.999938739,0.008950333,0.139176088,0.588307495,-0.011068774,0.808561546,-0.255637135,0.000000000,0.000000000,0.000000000,1.000000000
1790743608150036469,1790743608,150036469,1790743608199662273,RL_calflower1,0.988918718,0.000000000,-0.148457971,-0.218672975,0.001643248,0.999938739,0.010946118,0.138752952,0.148448877,-0.011068774,0.988858136,-0.293862672,0.000000000,0.000000000,0.000000000,1.000000000
1790743608150036469,1790743608,150036469,1790743608199662273,RL_foot,0.778195608,0.000000000,-0.628021971,-0.208863090,0.006951433,0.999938739,0.008613671,0.138477171,0.627983498,-0.011068774,0.778147935,-0.318776421,0.000000000,0.000000000,0.000000000,1.000000000
1790743608150036469,1790743608,150036469,1790743608199662273,RR_hip,1.000000000,-0.000000000,0.000000000,-0.193400000,0.000000000,0.999997253,0.002343882,-0.046500000,-0.000000000,-0.002343882,0.999997253,0.000000000,0.000000000,0.000000000,0.000000000,1.000000000
1790743608150036469,1790743608,150036469,1790743608199662273,RR_thigh,0.759356518,0.000000000,0.650674787,-0.193400000,-0.001525105,0.999997253,0.001779842,-0.141999738,-0.650673000,-0.002343882,0.759354432,0.000223841,0.000000000,0.000000000,0.000000000,1.000000000
1790743608150036469,1790743608,150036469,1790743608199662273,RR_calf,0.763480845,0.000000000,-0.645830473,-0.331993730,0.001513750,0.999997253,0.001789509,-0.142378844,0.645828699,-0.002343882,0.763478748,-0.161518653,0.000000000,0.000000000,0.000000000,1.000000000
1790743608150036469,1790743608,150036469,1790743608199662273,RR_calflower,0.794804763,0.000000000,-0.606865215,-0.221141203,0.001422420,0.999997253,0.001862928,-0.142613416,0.606863548,-0.002343882,0.794802580,-0.261596934,0.000000000,0.000000000,0.000000000,1.000000000
1790743608150036469,1790743608,150036469,1790743608199662273,RR_calflower1,0.985225508,0.000000000,-0.171262076,-0.204814642,0.000401418,0.999997253,0.002309252,-0.142702158,0.171261605,-0.002343882,0.985222802,-0.299457673,0.000000000,0.000000000,0.000000000,1.000000000
1790743608150036469,1790743608,150036469,1790743608199662273,RR_foot,0.763480845,0.000000000,-0.645830473,-0.194431839,0.001513750,0.999997253,0.001789509,-0.142760009,0.645828699,-0.002343882,0.763478748,-0.324139627,0.000000000,0.000000000,0.000000000,1.000000000
1790743608255361975,1790743608,255361975,1790743608266286934,FL_hip,1.000000000,-0.000000000,0.000000000,0.193400000,0.000000000,0.992320690,0.123691750,0.046500000,-0.000000000,-0.123691750,0.992320690,0.000000000,0.000000000,0.000000000,0.000000000,1.000000000
1790743608255361975,1790743608,255361975,1790743608266286934,FL_thigh,0.712555583,0.000000000,0.701615665,0.193400000,-0.086784070,0.992320690,0.088137247,0.141266626,-0.696227741,-0.123691750,0.707083647,-0.011812562,0.000000000,0.000000000,0.000000000,1.000000000
1790743608255361975,1790743608,255361975,1790743608266286934,FL_calf,0.755060862,0.000000000,-0.655654707,0.043955863,0.081099078,0.992320690,0.093394800,0.122493392,0.650619731,-0.123691750,0.749262515,-0.162421379,0.000000000,0.000000000,0.000000000,1.000000000
1790743608255361975,1790743608,255361975,1790743608266286934,FL_calflower,0.786886310,0.000000000,-0.617097995,0.156093977,0.076329931,0.992320690,0.097331345,0.110292943,0.612359108,-0.123691750,0.780843566,-0.260299837,0.000000000,0.000000000,0.000000000,1.000000000
1790743608255361975,1790743608,255361975,1790743608266286934,FL_calflower1,0.982927165,-0.000000000,-0.183995077,0.172909034,0.022758673,0.992320690,0.121579981,0.105636390,0.182582121,-0.123691750,0.975378962,-0.297657170,0.000000000,0.000000000,0.000000000,1.000000000
1790743608255361975,1790743608,255361975,1790743608266286934,FL_foot,0.755060862,0.000000000,-0.655654707,0.183610316,0.081099078,0.992320690,0.093394800,0.102600300,0.650619731,-0.123691750,0.749262515,-0.322014295,0.000000000,0.000000000,0.000000000,1.000000000
1790743608255361975,1790743608,255361975,1790743608266286934,FR_hip,1.000000000,0.000000000,0.000000000,0.193400000,0.000000000,0.992635738,-0.121137490,-0.046500000,0.000000000,0.121137490,0.992635738,0.000000000,0.000000000,0.000000000,0.000000000,1.000000000
1790743608255361975,1790743608,255361975,1790743608266286934,FR_thigh,0.666331878,0.000000000,0.745655301,0.193400000,0.090326812,0.992635738,-0.080717771,-0.141296713,-0.740164100,0.121137490,0.661424836,-0.011568630,0.000000000,0.000000000,0.000000000,1.000000000
1790743608255361975,1790743608,255361975,1790743608266286934,FR_calf,0.800113858,-0.000000000,-0.599848160,0.034575421,-0.072664101,0.992635738,-0.096923785,-0.124103828,0.595430721,0.121137490,0.794221610,-0.152452120,0.000000000,0.000000000,0.000000000,1.000000000
1790743608255361975,1790743608,255361975,1790743608266286934,FR_calflower,0.829093837,0.000000000,-0.559109480,0.139355226,-0.067729119,0.992635738,-0.100434346,-0.111212390,0.554992051,0.121137490,0.822988172,-0.258088304,0.000000000,0.000000000,0.000000000,1.000000000
1790743608255361975,1790743608,255361975,1790743608266286934,FR_calflower1,0.993587138,0.000000000,-0.113069001,0.153428666,-0.013696895,0.992635738,-0.120360652,-0.106517725,0.112236332,0.121137490,0.986270102,-0.296557752,0.000000000,0.000000000,0.000000000,1.000000000
1790743608255361975,1790743608,255361975,1790743608266286934,FR_foot,0.800113858,-0.000000000,-0.599848160,0.162343079,-0.072664101,0.992635738,-0.096923785,-0.103459062,0.595430721,0.121137490,0.794221610,-0.321621323,0.000000000,0.000000000,0.000000000,1.000000000
1790743608255361975,1790743608,255361975,1790743608266286934,RL_hip,1.000000000,-0.000000000,0.000000000,-0.193400000,0.000000000,0.999948688,0.010130232,0.046500000,-0.000000000,-0.010130232,0.999948688,0.000000000,0.000000000,0.000000000,0.000000000,1.000000000
1790743608255361975,1790743608,255361975,1790743608266286934,RL_thigh,0.713175237,-0.000000000,0.700985792,-0.193400000,-0.007101149,0.999948688,0.007224631,0.141995100,-0.700949823,-0.010130232,0.713138643,-0.000967437,0.000000000,0.000000000,0.000000000,1.000000000
1790743608255361975,1790743608,255361975,1790743608266286934,RL_calf,0.778498912,-0.000000000,-0.627645955,-0.342709974,0.006358199,0.999948688,0.007886375,0.140456253,0.627613749,-0.010130232,0.778458965,-0.152865968,0.000000000,0.000000000,0.000000000,1.000000000
1790743608255361975,1790743608,255361975,1790743608266286934,RL_calflower,0.808895214,0.000000000,-0.587952832,-0.234248394,0.005956099,0.999948688,0.008194296,0.139416234,0.587922663,-0.010130232,0.808853708,-0.255525620,0.000000000,0.000000000,0.000000000,1.000000000
1790743608255361975,1790743608,255361975,1790743608266286934,RL_calflower1,0.988990322,0.000000000,-0.147980212,-0.218819233,0.001499074,0.999948688,0.010018702,0.139028901,0.147972619,-0.010130232,0.988939575,-0.293758995,0.000000000,0.000000000,0.000000000,1.000000000
1790743608255361975,1790743608,255361975,1790743608266286934,RL_foot,0.778498912,-0.000000000,-0.627645955,-0.209021385,0.006358199,0.999948688,0.007886375,0.138776456,0.627613749,-0.010130232,0.778458965,-0.318677728,0.000000000,0.000000000,0.000000000,1.000000000
1790743608255361975,1790743608,255361975,1790743608266286934,RR_hip,1.000000000,-0.000000000,0.000000000,-0.193400000,0.000000000,0.999999175,0.001284169,-0.046500000,-0.000000000,-0.001284169,0.999999175,0.000000000,0.000000000,0.000000000,0.000000000,1.000000000
1790743608255361975,1790743608,255361975,1790743608266286934,RR_thigh,0.758035008,0.000000000,0.652213866,-0.193400000,-0.000837553,0.999999175,0.000973445,-0.141999921,-0.652213328,-0.001284169,0.758034383,0.000122638,0.000000000,0.000000000,0.000000000,1.000000000
1790743608255361975,1790743608,255361975,1790743608266286934,RR_calf,0.763638034,0.000000000,-0.645644603,-0.332321553,0.000829117,0.999999175,0.000980640,-0.142207265,0.645644071,-0.001284169,0.763637404,-0.161338685,0.000000000,0.000000000,0.000000000,1.000000000
1790743608255361975,1790743608,255361975,1790743608266286934,RR_calflower,0.794952466,0.000000000,-0.606671721,-0.221493392,0.000779069,0.999999175,0.001020853,-0.142335817,0.606671221,-0.001284169,0.794951810,-0.261444140,0.000000000,0.000000000,0.000000000,1.000000000
1790743608255361975,1790743608,255361975,1790743608266286934,RR_calflower1,0.985267168,0.000000000,-0.171022242,-0.205176047,0.000219621,0.999999175,0.001265249,-0.142384442,0.171022101,-0.001284169,0.985266356,-0.299308924,0.000000000,0.000000000,0.000000000,1.000000000
1790743608255361975,1790743608,255361975,1790743608266286934,RR_foot,0.763638034,0.000000000,-0.645644603,-0.194799253,0.000829117,0.999999175,0.000980640,-0.142416141,0.645644071,-0.001284169,0.763637404,-0.323993452,0.000000000,0.000000000,0.000000000,1.000000000
1790743608291563038,1790743608,291563038,1790743608299628321,FL_hip,1.000000000,-0.000000000,0.000000000,0.193400000,0.000000000,0.992313198,0.123751836,0.046500000,-0.000000000,-0.123751836,0.992313198,0.000000000,0.000000000,0.000000000,0.000000000,1.000000000
1790743608291563038,1790743608,291563038,1790743608299628321,FL_thigh,0.712576827,-0.000000000,0.701594089,0.193400000,-0.086823557,0.992313198,0.088182690,0.141265910,-0.696201075,-0.123751836,0.707099390,-0.011818300,0.000000000,0.000000000,0.000000000,1.000000000
1790743608291563038,1790743608,291563038,1790743608299628321,FL_calf,0.755030613,0.000000000,-0.655689540,0.043960459,0.081142784,0.992313198,0.093436425,0.122482997,0.650649385,-0.123751836,0.749226842,-0.162430470,0.000000000,0.000000000,0.000000000,1.000000000
1790743608291563038,1790743608,291563038,1790743608299628321,FL_calflower,0.786857840,-0.000000000,-0.617134296,0.156103123,0.076371502,0.992313198,0.097375102,0.110277262,0.612390507,-0.123751836,0.780809420,-0.260303055,0.000000000,0.000000000,0.000000000,1.000000000
1790743608291563038,1790743608,291563038,1790743608299628321,FL_calflower1,0.982918676,-0.000000000,-0.184040423,0.172919917,0.022775340,0.992313198,0.121637991,0.105618543,0.182625741,-0.123751836,0.975363174,-0.297659337,0.000000000,0.000000000,0.000000000,1.000000000
1790743608291563038,1790743608,291563038,1790743608299628321,FL_foot,0.755030613,0.000000000,-0.655689540,0.183622331,0.081142784,0.992313198,0.093436425,0.102581039,0.650649385,-0.123751836,0.749226842,-0.322015788,0.000000000,0.000000000,0.000000000,1.000000000
1790743608291563038,1790743608,291563038,1790743608299628321,FR_hip,1.000000000,0.000000000,0.000000000,0.193400000,0.000000000,0.992635738,-0.121137490,-0.046500000,0.000000000,0.121137490,0.992635738,0.000000000,0.000000000,0.000000000,0.000000000,1.000000000
1790743608291563038,1790743608,291563038,1790743608299628321,FR_thigh,0.666354456,0.000000000,0.745635125,0.193400000,0.090324368,0.992635738,-0.080720506,-0.141296713,-0.740144073,0.121137490,0.661447247,-0.011568630,0.000000000,0.000000000,0.000000000,1.000000000
1790743608291563038,1790743608,291563038,1790743608299628321,FR_calf,0.800086255,0.000000000,-0.599884976,0.034579718,-0.072668560,0.992635738,-0.096920441,-0.124103245,0.595467266,0.121137490,0.794194210,-0.152456894,0.000000000,0.000000000,0.000000000,1.000000000
1790743608291563038,1790743608,291563038,1790743608299628321,FR_calflower,0.829068108,-0.000000000,-0.559147630,0.139364420,-0.067733740,0.992635738,-0.100431230,-0.111212391,0.555029920,0.121137490,0.822962634,-0.258088292,0.000000000,0.000000000,0.000000000,1.000000000
1790743608291563038,1790743608,291563038,1790743608299628321,FR_calflower1,0.993581934,0.000000000,-0.113114721,0.153439644,-0.013702433,0.992635738,-0.120360022,-0.106517804,0.112281715,0.121137490,0.986264937,-0.296557096,0.000000000,0.000000000,0.000000000,1.000000000
1790743608291563038,1790743608,291563038,1790743608299628321,FR_foot,0.800086255,0.000000000,-0.599884976,0.162355218,-0.072668560,0.992635738,-0.096920441,-0.103459191,0.595467266,0.121137490,0.794194210,-0.321620261,0.000000000,0.000000000,0.000000000,1.000000000
1790743608291563038,1790743608,291563038,1790743608299628321,RL_hip,1.000000000,-0.000000000,0.000000000,-0.193400000,0.000000000,0.999949604,0.010039399,0.046500000,-0.000000000,-0.010039399,0.999949604,0.000000000,0.000000000,0.000000000,0.000000000,1.000000000
1790743608291563038,1790743608,291563038,1790743608299628321,RL_thigh,0.713238910,0.000000000,0.700921006,-0.193400000,-0.007036826,0.999949604,0.007160490,0.141995187,-0.700885682,-0.010039399,0.713202966,-0.000958763,0.000000000,0.000000000,0.000000000,1.000000000
1790743608291563038,1790743608,291563038,1790743608299628321,RL_calf,0.778451772,0.000000000,-0.627704420,-0.342696174,0.006301775,0.999949604,0.007815188,0.140470003,0.627672786,-0.010039399,0.778412541,-0.152870994,0.000000000,0.000000000,0.000000000,1.000000000
1790743608291563038,1790743608,291563038,1790743608299628321,RL_calflower,0.808851055,0.000000000,-0.588013580,-0.234226885,0.005903303,0.999949604,0.008120379,0.139439390,0.587983946,-0.010039399,0.808810293,-0.255522595,0.000000000,0.000000000,0.000000000,1.000000000
1790743608291563038,1790743608,291563038,1790743608299628321,RL_calflower1,0.988979206,0.000000000,-0.148054486,-0.218794852,0.001486378,0.999949604,0.009928757,0.139055542,0.148047025,-0.010039399,0.988929365,-0.293754846,0.000000000,0.000000000,0.000000000,1.000000000
1790743608291563038,1790743608,291563038,1790743608299628321,RL_foot,0.778451772,0.000000000,-0.627704420,-0.208995133,0.006301775,0.999949604,0.007815188,0.138805368,0.627672786,-0.010039399,0.778412541,-0.318672866,0.000000000,0.000000000,0.000000000,1.000000000
1790743608291563038,1790743608,291563038,1790743608299628321,RR_hip,1.000000000,-0.000000000,0.000000000,-0.193400000,0.000000000,0.999999288,0.001193337,-0.046500000,-0.000000000,-0.001193337,0.999999288,0.000000000,0.000000000,0.000000000,0.000000000,1.000000000
1790743608291563038,1790743608,291563038,1790743608299628321,RR_thigh,0.758015259,0.000000000,0.652236818,-0.193400000,-0.000778338,0.999999288,0.000904568,-0.141999932,-0.652236354,-0.001193337,0.758014719,0.000113964,0.000000000,0.000000000,0.000000000,1.000000000
1790743608291563038,1790743608,291563038,1790743608299628321,RR_calf,0.763637187,-0.000000000,-0.645645604,-0.332326442,0.000770473,0.999999288,0.000911276,-0.142192605,0.645645145,-0.001193337,0.763636643,-0.161343172,0.000000000,0.000000000,0.000000000,1.000000000
1790743608291563038,1790743608,291563038,1790743608299628321,RR_calflower,0.794951670,-0.000000000,-0.606672763,-0.221498149,0.000723965,0.999999288,0.000948645,-0.142312064,0.606672331,-0.001193337,0.794951104,-0.261448492,0.000000000,0.000000000,0.000000000,1.000000000
1790743608291563038,1790743608,291563038,1790743608299628321,RR_calflower1,0.985266944,0.000000000,-0.171023534,-0.205180755,0.000204089,0.999999288,0.001175755,-0.142357250,0.171023412,-0.001193337,0.985266242,-0.299313259,0.000000000,0.000000000,0.000000000,1.000000000
1790743608291563038,1790743608,291563038,1790743608299628321,RR_foot,0.763637187,-0.000000000,-0.645645604,-0.194803929,0.000770473,0.999999288,0.000911276,-0.142386707,0.645645145,-0.001193337,0.763636643,-0.323997777,0.000000000,0.000000000,0.000000000,1.000000000
1790743608355081279,1790743608,355081279,1790743608366250936,FL_hip,1.000000000,-0.000000000,0.000000000,0.193400000,0.000000000,0.992320690,0.123691750,0.046500000,-0.000000000,-0.123691750,0.992320690,0.000000000,0.000000000,0.000000000,0.000000000,1.000000000
1790743608355081279,1790743608,355081279,1790743608366250936,FL_thigh,0.712513093,0.000000000,0.701658815,0.193400000,-0.086789407,0.992320690,0.088131991,0.141266626,-0.696270559,-0.123691750,0.707041483,-0.011812562,0.000000000,0.000000000,0.000000000,1.000000000
1790743608355081279,1790743608,355081279,1790743608366250936,FL_calf,0.755079776,0.000000000,-0.655632924,0.043946672,0.081096384,0.992320690,0.093397139,0.122494512,0.650598115,-0.123691750,0.749281284,-0.162412398,0.000000000,0.000000000,0.000000000,1.000000000
1790743608355081279,1790743608,355081279,1790743608366250936,FL_calflower,0.786904112,-0.000000000,-0.617075294,0.156081941,0.076327123,0.992320690,0.097333547,0.110293663,0.612336581,-0.123691750,0.780861231,-0.260294066,0.000000000,0.000000000,0.000000000,1.000000000
1790743608355081279,1790743608,355081279,1790743608366250936,FL_calflower1,0.982932473,0.000000000,-0.183966720,0.172895911,0.022755166,0.992320690,0.121580638,0.105637050,0.182553983,-0.123691750,0.975384229,-0.297651881,0.000000000,0.000000000,0.000000000,1.000000000
1790743608355081279,1790743608,355081279,1790743608366250936,FL_foot,0.755079776,0.000000000,-0.655632924,0.183596485,0.081096384,0.992320690,0.093397139,0.102600921,0.650598115,-0.123691750,0.749281284,-0.322009312,0.000000000,0.000000000,0.000000000,1.000000000
1790743608355081279,1790743608,355081279,1790743608366250936,FR_hip,1.000000000,0.000000000,0.000000000,0.193400000,0.000000000,0.992635738,-0.121137490,-0.046500000,0.000000000,0.121137490,0.992635738,0.000000000,0.000000000,0.000000000,0.000000000,1.000000000
1790743608355081279,1790743608,355081279,1790743608366250936,FR_thigh,0.666286721,-0.000000000,0.745695652,0.193400000,0.090331700,0.992635738,-0.080712301,-0.141296713,-0.740204154,0.121137490,0.661380011,-0.011568630,0.000000000,0.000000000,0.000000000,1.000000000
1790743608355081279,1790743608,355081279,1790743608366250936,FR_calf,0.800131234,-0.000000000,-0.599824982,0.034566826,-0.072661293,0.992635738,-0.096925889,-0.124104993,0.595407713,0.121137490,0.794238858,-0.152442573,0.000000000,0.000000000,0.000000000,1.000000000
1790743608355081279,1790743608,355081279,1790743608366250936,FR_calflower,0.829110032,0.000000000,-0.559085462,0.139343548,-0.067726210,0.992635738,-0.100436308,-0.111213187,0.554968211,0.121137490,0.823004249,-0.258081769,0.000000000,0.000000000,0.000000000,1.000000000
1790743608355081279,1790743608,355081279,1790743608366250936,FR_calflower1,0.993590413,-0.000000000,-0.113040219,0.153415866,-0.013693408,0.992635738,-0.120361049,-0.106518473,0.112207761,0.121137490,0.986273353,-0.296551621,0.000000000,0.000000000,0.000000000,1.000000000
1790743608355081279,1790743608,355081279,1790743608366250936,FR_foot,0.800131234,-0.000000000,-0.599824982,0.162329547,-0.072661293,0.992635738,-0.096925889,-0.103459778,0.595407713,0.121137490,0.794238858,-0.321615449,0.000000000,0.000000000,0.000000000,1.000000000
1790743608355081279,1790743608,355081279,1790743608366250936,RL_hip,1.000000000,-0.000000000,0.000000000,-0.193400000,0.000000000,0.999953769,0.009615571,0.046500000,-0.000000000,-0.009615571,0.999953769,0.000000000,0.000000000,0.000000000,0.000000000,1.000000000
1790743608355081279,1790743608,355081279,1790743608366250936,RL_thigh,0.713238910,-0.000000000,0.700921006,-0.193400000,-0.006739756,0.999953769,0.006858199,0.141995585,-0.700888602,-0.009615571,0.713205937,-0.000918287,0.000000000,0.000000000,0.000000000,1.000000000
1790743608355081279,1790743608,355081279,1790743608366250936,RL_calf,0.778441895,-0.000000000,-0.627716669,-0.342696174,0.006035854,0.999953769,0.007485163,0.140534788,0.627687649,-0.009615571,0.778405907,-0.152831152,0.000000000,0.000000000,0.000000000,1.000000000
1790743608355081279,1790743608,355081279,1790743608366250936,RL_calflower,0.808841803,0.000000000,-0.588026308,-0.234225269,0.005654209,0.999953769,0.007777476,0.139547701,0.587999123,-0.009615571,0.808804409,-0.255481473,0.000000000,0.000000000,0.000000000,1.000000000
1790743608355081279,1790743608,355081279,1790743608366250936,RL_calflower1,0.988976876,0.000000000,-0.148070049,-0.218792635,0.001423778,0.999953769,0.009509578,0.139180060,0.148063203,-0.009615571,0.988931155,-0.293713640,0.000000000,0.000000000,0.000000000,1.000000000
1790743608355081279,1790743608,355081279,1790743608366250936,RL_foot,0.778441895,-0.000000000,-0.627716669,-0.208992524,0.006035854,0.999953769,0.007485163,0.138940449,0.627687649,-0.009615571,0.778405907,-0.318631610,0.000000000,0.000000000,0.000000000,1.000000000
1790743608355081279,1790743608,355081279,1790743608366250936,RR_hip,1.000000000,-0.000000000,0.000000000,-0.193400000,0.000000000,0.999999680,0.000799728,-0.046500000,-0.000000000,-0.000799728,0.999999680,0.000000000,0.000000000,0.000000000,0.000000000,1.000000000
1790743608355081279,1790743608,355081279,1790743608366250936,RR_thigh,0.757857243,0.000000000,0.652420416,-0.193400000,-0.000521759,0.999999680,0.000606080,-0.141999969,-0.652420207,-0.000799728,0.757857001,0.000076374,0.000000000,0.000000000,0.000000000,1.000000000
1790743608355081279,1790743608,355081279,1790743608366250936,RR_calf,0.763722229,0.000000000,-0.645545008,-0.332365549,0.000516261,0.999999680,0.000610770,-0.142129065,0.645544801,-0.000799728,0.763721985,-0.161347167,0.000000000,0.000000000,0.000000000,1.000000000
1790743608355081279,1790743608,355081279,1790743608366250936,RR_calflower,0.795031578,-0.000000000,-0.606568042,-0.221550443,0.000485090,0.999999680,0.000635809,-0.142209133,0.606567848,-0.000799728,0.795031324,-0.261467125,0.000000000,0.000000000,0.000000000,1.000000000
1790743608355081279,1790743608,355081279,1790743608366250936,RR_calflower1,0.985289464,0.000000000,-0.170893747,-0.205238037,0.000136669,0.999999680,0.000787964,-0.142239417,0.170893692,-0.000799728,0.985289149,-0.299334056,0.000000000,0.000000000,0.000000000,1.000000000
1790743608355081279,1790743608,355081279,1790743608366250936,RR_foot,0.763722229,0.000000000,-0.645545008,-0.194864462,0.000516261,0.999999680,0.000610770,-0.142259159,0.645544801,-0.000799728,0.763721985,-0.324019950,0.000000000,0.000000000,0.000000000,1.000000000
1790743608425321253,1790743608,425321253,1790743608432998848,FL_hip,1.000000000,-0.000000000,0.000000000,0.193400000,0.000000000,0.992320690,0.123691750,0.046500000,-0.000000000,-0.123691750,0.992320690,0.000000000,0.000000000,0.000000000,0.000000000,1.000000000
1790743608425321253,1790743608,425321253,1790743608432998848,FL_thigh,0.712470600,0.000000000,0.701701962,0.193400000,-0.086794744,0.992320690,0.088126736,0.141266626,-0.696313375,-0.123691750,0.706999317,-0.011812562,0.000000000,0.000000000,0.000000000,1.000000000
1790743608425321253,1790743608,425321253,1790743608432998848,FL_calf,0.755119479,-0.000000000,-0.655587197,0.043937482,0.081090728,0.992320690,0.093402050,0.122495631,0.650552739,-0.123691750,0.749320682,-0.162403417,0.000000000,0.000000000,0.000000000,1.000000000
1790743608425321253,1790743608,425321253,1790743608432998848,FL_calflower,0.786941480,0.000000000,-0.617027639,0.156066777,0.076321229,0.992320690,0.097338169,0.110293942,0.612289292,-0.123691750,0.780898312,-0.260291823,0.000000000,0.000000000,0.000000000,1.000000000
1790743608425321253,1790743608,425321253,1790743608432998848,FL_calflower1,0.982943612,0.000000000,-0.183907195,0.172878467,0.022747803,0.992320690,0.121582016,0.105637203,0.182494915,-0.123691750,0.975395282,-0.297650648,0.000000000,0.000000000,0.000000000,1.000000000
1790743608425321253,1790743608,425321253,1790743608432998848,FL_foot,0.755119479,-0.000000000,-0.655587197,0.183577555,0.081090728,0.992320690,0.093402050,0.102600995,0.650552739,-0.123691750,0.749320682,-0.322008722,0.000000000,0.000000000,0.000000000,1.000000000
1790743608425321253,1790743608,425321253,1790743608432998848,FR_hip,1.000000000,0.000000000,0.000000000,0.193400000,0.000000000,0.992624730,-0.121227658,-0.046500000,0.000000000,0.121227658,0.992624730,0.000000000,0.000000000,0.000000000,0.000000000,1.000000000
1790743608425321253,1790743608,425321253,1790743608432998848,FR_thigh,0.666241562,0.000000000,0.745736000,0.193400000,0.090403829,0.992624730,-0.080766904,-0.141295662,-0.740235995,0.121227658,0.661327851,-0.011577241,0.000000000,0.000000000,0.000000000,1.000000000
1790743608425321253,1790743608,425321253,1790743608432998848,FR_calf,0.800177066,0.000000000,-0.599763839,0.034558232,-0.072707966,0.992624730,-0.097003592,-0.124092311,0.595340419,0.121227658,0.794275544,-0.152440074,0.000000000,0.000000000,0.000000000,1.000000000
1790743608425321253,1790743608,425321253,1790743608432998848,FR_calflower,0.829152751,0.000000000,-0.559022106,0.139326822,-0.067768941,0.992624730,-0.100516246,-0.111189939,0.554899167,0.121227658,0.823037526,-0.258086046,0.000000000,0.000000000,0.000000000,1.000000000
1790743608425321253,1790743608,425321253,1790743608432998848,FR_calflower1,0.993599048,0.000000000,-0.112964296,0.153396178,-0.013694397,0.992624730,-0.120451686,-0.106491600,0.112131153,0.121227658,0.986270987,-0.296556538,0.000000000,0.000000000,0.000000000,1.000000000
1790743608425321253,1790743608,425321253,1790743608432998848,FR_foot,0.800177066,0.000000000,-0.599763839,0.162307930,-0.072707966,0.992624730,-0.097003592,-0.103430546,0.595340419,0.121227658,0.794275544,-0.321620764,0.000000000,0.000000000,0.000000000,1.000000000
1790743608425321253,1790743608,425321253,1790743608432998848,RL_hip,1.000000000,-0.000000000,0.000000000,-0.193400000,0.000000000,0.999954350,0.009555016,0.046500000,-0.000000000,-0.009555016,0.999954350,0.000000000,0.000000000,0.000000000,0.000000000,1.000000000
1790743608425321253,1790743608,425321253,1790743608432998848,RL_thigh,0.713196462,0.000000000,0.700964197,-0.193400000,-0.006697724,0.999954350,0.006814603,0.141995640,-0.700932198,-0.009555016,0.713163905,-0.000912504,0.000000000,0.000000000,0.000000000,1.000000000
1790743608425321253,1790743608,425321253,1790743608432998848,RL_calf,0.778489783,0.000000000,-0.627657277,-0.342705374,0.005997275,0.999954350,0.007438482,0.140544130,0.627628624,-0.009555016,0.778454245,-0.152816416,0.000000000,0.000000000,0.000000000,1.000000000
1790743608425321253,1790743608,425321253,1790743608432998848,RL_calflower,0.808886663,0.000000000,-0.587964596,-0.234242301,0.005618011,0.999954350,0.007728925,0.139563180,0.587937755,-0.009555016,0.808849737,-0.255475071,0.000000000,0.000000000,0.000000000,1.000000000
1790743608425321253,1790743608,425321253,1790743608432998848,RL_calflower1,0.988988170,0.000000000,-0.147994595,-0.218812584,0.001414091,0.999954350,0.009449797,0.139197843,0.147987839,-0.009555016,0.988943022,-0.293708439,0.000000000,0.000000000,0.000000000,1.000000000
1790743608425321253,1790743608,425321253,1790743608432998848,RL_foot,0.778489783,0.000000000,-0.627657277,-0.209014374,0.005997275,0.999954350,0.007438482,0.138959733,0.627628624,-0.009555016,0.778454245,-0.318627170,0.000000000,0.000000000,0.000000000,1.000000000
1790743608425321253,1790743608,425321253,1790743608432998848,RR_hip,1.000000000,-0.000000000,0.000000000,-0.193400000,0.000000000,0.999999704,0.000769451,-0.046500000,-0.000000000,-0.000769451,0.999999704,0.000000000,0.000000000,0.000000000,0.000000000,1.000000000
1790743608425321253,1790743608,425321253,1790743608432998848,RR_thigh,0.757797976,-0.000000000,0.652489255,-0.193400000,-0.000502059,0.999999704,0.000583089,-0.141999972,-0.652489062,-0.000769451,0.757797752,0.000073483,0.000000000,0.000000000,0.000000000,1.000000000
1790743608425321253,1790743608,425321253,1790743608432998848,RR_calf,0.763740082,0.000000000,-0.645523886,-0.332380211,0.000496699,0.999999704,0.000587661,-0.142124170,0.645523695,-0.000769451,0.763739856,-0.161337439,0.000000000,0.000000000,0.000000000,1.000000000
1790743608425321253,1790743608,425321253,1790743608432998848,RR_calflower,0.795048353,0.000000000,-0.606546054,-0.221567875,0.000466708,0.999999704,0.000611751,-0.142201209,0.606545874,-0.000769451,0.795048118,-0.261460463,0.000000000,0.000000000,0.000000000,1.000000000
1790743608425321253,1790743608,425321253,1790743608432998848,RR_calflower1,0.985294190,-0.000000000,-0.170866497,-0.205256516,0.000131473,0.999999704,0.000758136,-0.142230347,0.170866447,-0.000769451,0.985293898,-0.299327847,0.000000000,0.000000000,0.000000000,1.000000000
1790743608425321253,1790743608,425321253,1790743608432998848,RR_foot,0.763740082,0.000000000,-0.645523886,-0.194883624,0.000496699,0.999999704,0.000587661,-0.142249341,0.645523695,-0.000769451,0.763739856,-0.324014028,0.000000000,0.000000000,0.000000000,1.000000000
1790743608498285938,1790743608,498285938,1790743608499711029,FL_hip,1.000000000,-0.000000000,0.000000000,0.193400000,0.000000000,0.992324434,0.123661704,0.046500000,-0.000000000,-0.123661704,0.992324434,0.000000000,0.000000000,0.000000000,0.000000000,1.000000000
1790743608498285938,1790743608,498285938,1790743608499711029,FL_thigh,0.712470600,-0.000000000,0.701701962,0.193400000,-0.086773660,0.992324434,0.088105328,0.141266983,-0.696316003,-0.123661704,0.707001985,-0.011809693,0.000000000,0.000000000,0.000000000,1.000000000
1790743608498285938,1790743608,498285938,1790743608499711029,FL_calf,0.755140267,-0.000000000,-0.655563252,0.043937482,0.081068068,0.992324434,0.093381932,0.122500549,0.650531433,-0.123661704,0.749344138,-0.162401116,0.000000000,0.000000000,0.000000000,1.000000000
1790743608498285938,1790743608,498285938,1790743608499711029,FL_calflower,0.786961045,-0.000000000,-0.617002685,0.156063649,0.076299603,0.992324434,0.097316943,0.110301384,0.612266841,-0.123661704,0.780920674,-0.260293419,0.000000000,0.000000000,0.000000000,1.000000000
1790743608498285938,1790743608,498285938,1790743608499711029,FL_calflower1,0.982949443,0.000000000,-0.183876026,0.172874146,0.022738423,0.992324434,0.121553203,0.105645710,0.182464674,-0.123661704,0.975404750,-0.297652915,0.000000000,0.000000000,0.000000000,1.000000000
1790743608498285938,1790743608,498285938,1790743608499711029,FL_foot,0.755140267,-0.000000000,-0.655563252,0.183572455,0.081068068,0.992324434,0.093381932,0.102610197,0.650531433,-0.123661704,0.749344138,-0.322011417,0.000000000,0.000000000,0.000000000,1.000000000
1790743608498285938,1790743608,498285938,1790743608499711029,FR_hip,1.000000000,0.000000000,0.000000000,0.193400000,0.000000000,0.992621059,-0.121257714,-0.046500000,0.000000000,0.121257714,0.992621059,0.000000000,0.000000000,0.000000000,0.000000000,1.000000000
1790743608498285938,1790743608,498285938,1790743608499711029,FR_thigh,0.666196400,0.000000000,0.745776345,0.193400000,0.090431135,0.992621059,-0.080781453,-0.141295311,-0.740273305,0.121257714,0.661280576,-0.011580112,0.000000000,0.000000000,0.000000000,1.000000000
1790743608498285938,1790743608,498285938,1790743608499711029,FR_calf,0.800222822,-0.000000000,-0.599702789,0.034549639,-0.072718589,0.992621059,-0.097033190,-0.124088862,0.595277618,0.121257714,0.794318025,-0.152432874,0.000000000,0.000000000,0.000000000,1.000000000
1790743608498285938,1790743608,498285938,1790743608499711029,FR_calflower,0.829195399,-0.000000000,-0.558958845,0.139310108,-0.067778072,0.992621059,-0.100546339,-0.111182321,0.554834320,0.121257714,0.823076815,-0.258086390,0.000000000,0.000000000,0.000000000,1.000000000
1790743608498285938,1790743608,498285938,1790743608499711029,FR_calflower1,0.993607663,0.000000000,-0.112888490,0.153376508,-0.013688600,0.992621059,-0.120482594,-0.106482687,0.112055492,0.121257714,0.986275891,-0.296557806,0.000000000,0.000000000,0.000000000,1.000000000
1790743608498285938,1790743608,498285938,1790743608499711029,FR_foot,0.800222822,-0.000000000,-0.599702789,0.162286333,-0.072718589,0.992621059,-0.097033190,-0.103420792,0.595277618,0.121257714,0.794318025,-0.321622614,0.000000000,0.000000000,0.000000000,1.000000000
1790743608498285938,1790743608,498285938,1790743608499711029,RL_hip,1.000000000,-0.000000000,0.000000000,-0.193400000,0.000000000,0.999954639,0.009524738,0.046500000,-0.000000000,-0.009524738,0.999954639,0.000000000,0.000000000,0.000000000,0.000000000,1.000000000
1790743608498285938,1790743608,498285938,1790743608499711029,RL_thigh,0.713175237,0.000000000,0.700985792,-0.193400000,-0.006676706,0.999954639,0.006792807,0.141995668,-0.700953994,-0.009524738,0.713142887,-0.000909612,0.000000000,0.000000000,0.000000000,1.000000000
1790743608498285938,1790743608,498285938,1790743608499711029,RL_calf,0.778498912,0.000000000,-0.627645955,-0.342709974,0.005978163,0.999954639,0.007414998,0.140548800,0.627617484,-0.009524738,0.778463598,-0.152809047,0.000000000,0.000000000,0.000000000,1.000000000
1790743608498285938,1790743608,498285938,1790743608499711029,RL_calflower,0.808895214,0.000000000,-0.587952832,-0.234248394,0.005600097,0.999954639,0.007704515,0.139570944,0.587926162,-0.009524738,0.808858521,-0.255469310,0.000000000,0.000000000,0.000000000,1.000000000
1790743608498285938,1790743608,498285938,1790743608499711029,RL_calflower1,0.988990322,0.000000000,-0.147980212,-0.218819233,0.001409473,0.999954639,0.009419874,0.139206762,0.147973499,-0.009524738,0.988945460,-0.293702913,0.000000000,0.000000000,0.000000000,1.000000000
1790743608498285938,1790743608,498285938,1790743608499711029,RL_foot,0.778498912,0.000000000,-0.627645955,-0.209021385,0.005978163,0.999954639,0.007414998,0.138969405,0.627617484,-0.009524738,0.778463598,-0.318621794,0.000000000,0.000000000,0.000000000,1.000000000
1790743608498285938,1790743608,498285938,1790743608499711029,RR_hip,1.000000000,-0.000000000,0.000000000,-0.193400000,0.000000000,0.999999749,0.000708897,-0.046500000,-0.000000000,-0.000708897,0.999999749,0.000000000,0.000000000,0.000000000,0.000000000,1.000000000
1790743608498285938,1790743608,498285938,1790743608499711029,RR_thigh,0.757758461,0.000000000,0.652535145,-0.193400000,-0.000462580,0.999999749,0.000537172,-0.141999976,-0.652534981,-0.000708897,0.757758271,0.000067700,0.000000000,0.000000000,0.000000000,1.000000000
1790743608498285938,1790743608,498285938,1790743608499711029,RR_calf,0.763738389,0.000000000,-0.645525889,-0.332389986,0.000457611,0.999999749,0.000541412,-0.142114394,0.645525726,-0.000708897,0.763738197,-0.161334812,0.000000000,0.000000000,0.000000000,1.000000000
1790743608498285938,1790743608,498285938,1790743608499711029,RR_calflower,0.795046763,0.000000000,-0.606548139,-0.221577387,0.000429980,0.999999749,0.000563606,-0.142185370,0.606547987,-0.000708897,0.795046563,-0.261457551,0.000000000,0.000000000,0.000000000,1.000000000
1790743608498285938,1790743608,498285938,1790743608499711029,RR_calflower1,0.985293742,0.000000000,-0.170869081,-0.205265929,0.000121129,0.999999749,0.000698471,-0.142212214,0.170869038,-0.000708897,0.985293494,-0.299324893,0.000000000,0.000000000,0.000000000,1.000000000
1790743608498285938,1790743608,498285938,1790743608499711029,RR_foot,0.763738389,0.000000000,-0.645525889,-0.194892972,0.000457611,0.999999749,0.000541412,-0.142229714,0.645525726,-0.000708897,0.763738197,-0.324011048,0.000000000,0.000000000,0.000000000,1.000000000
1790743608556210793,1790743608,556210793,1790743608566204098,FL_hip,1.000000000,-0.000000000,0.000000000,0.193400000,0.000000000,0.992324434,0.123661704,0.046500000,-0.000000000,-0.123661704,0.992324434,0.000000000,0.000000000,0.000000000,0.000000000,1.000000000
1790743608556210793,1790743608,556210793,1790743608566204098,FL_thigh,0.712491847,-0.000000000,0.701680389,0.193400000,-0.086770992,0.992324434,0.088107956,0.141266983,-0.696294595,-0.123661704,0.707023069,-0.011809693,0.000000000,0.000000000,0.000000000,1.000000000
1790743608556210793,1790743608,556210793,1790743608566204098,FL_calf,0.755120417,0.000000000,-0.655586116,0.043942077,0.081070896,0.992324434,0.093379477,0.122499989,0.650554122,-0.123661704,0.749324441,-0.162405606,0.000000000,0.000000000,0.000000000,1.000000000
1790743608556210793,1790743608,556210793,1790743608566204098,FL_calflower,0.786942362,0.000000000,-0.617026513,0.156071231,0.076302550,0.992324434,0.097314633,0.110301244,0.612290486,-0.123661704,0.780902135,-0.260294541,0.000000000,0.000000000,0.000000000,1.000000000
1790743608556210793,1790743608,556210793,1790743608566204098,FL_calflower1,0.982943875,0.000000000,-0.183905789,0.172882868,0.022742103,0.992324434,0.121552514,0.105645633,0.182494208,-0.123661704,0.975399224,-0.297653531,0.000000000,0.000000000,0.000000000,1.000000000
1790743608556210793,1790743608,556210793,1790743608566204098,FL_foot,0.755120417,0.000000000,-0.655586116,0.183581920,0.081070896,0.992324434,0.093379477,0.102610160,0.650554122,-0.123661704,0.749324441,-0.322011712,0.000000000,0.000000000,0.000000000,1.000000000
1790743608556210793,1790743608,556210793,1790743608566204098,FR_hip,1.000000000,0.000000000,0.000000000,0.193400000,0.000000000,0.992621059,-0.121257714,-0.046500000,0.000000000,0.121257714,0.992621059,0.000000000,0.000000000,0.000000000,0.000000000,1.000000000
1790743608556210793,1790743608,556210793,1790743608566204098,FR_thigh,0.666173818,0.000000000,0.745796516,0.193400000,0.090433581,0.992621059,-0.080778714,-0.141295311,-0.740293328,0.121257714,0.661258161,-0.011580112,0.000000000,0.000000000,0.000000000,1.000000000
1790743608556210793,1790743608,556210793,1790743608566204098,FR_calf,0.800240980,0.000000000,-0.599678559,0.034545342,-0.072715651,0.992621059,-0.097035392,-0.124089445,0.595253566,0.121257714,0.794336049,-0.152428100,0.000000000,0.000000000,0.000000000,1.000000000
1790743608556210793,1790743608,556210793,1790743608566204098,FR_calflower,0.829212323,0.000000000,-0.558933737,0.139302588,-0.067775027,0.992621059,-0.100548391,-0.111182520,0.554809398,0.121257714,0.823093615,-0.258084764,0.000000000,0.000000000,0.000000000,1.000000000
1790743608556210793,1790743608,556210793,1790743608566204098,FR_calflower1,0.993611081,-0.000000000,-0.112858404,0.153367815,-0.013684952,0.992621059,-0.120483008,-0.106482834,0.112025628,0.121257714,0.986279284,-0.296556603,0.000000000,0.000000000,0.000000000,1.000000000
1790743608556210793,1790743608,556210793,1790743608566204098,FR_foot,0.800240980,0.000000000,-0.599678559,0.162276875,-0.072715651,0.992621059,-0.097035392,-0.103420907,0.595253566,0.121257714,0.794336049,-0.321621678,0.000000000,0.000000000,0.000000000,1.000000000
1790743608556210793,1790743608,556210793,1790743608566204098,RL_hip,1.000000000,-0.000000000,0.000000000,-0.193400000,0.000000000,0.999954350,0.009555016,0.046500000,-0.000000000,-0.009555016,0.999954350,0.000000000,0.000000000,0.000000000,0.000000000,1.000000000
1790743608556210793,1790743608,556210793,1790743608566204098,RL_thigh,0.713154012,0.000000000,0.701007386,-0.193400000,-0.006698137,0.999954350,0.006814198,0.141995640,-0.700975385,-0.009555016,0.713121456,-0.000912504,0.000000000,0.000000000,0.000000000,1.000000000
1790743608556210793,1790743608,556210793,1790743608566204098,RL_calf,0.778527792,-0.000000000,-0.627610132,-0.342714573,0.005996825,0.999954350,0.007438845,0.140544216,0.627581481,-0.009555016,0.778492252,-0.152807374,0.000000000,0.000000000,0.000000000,1.000000000
1790743608556210793,1790743608,556210793,1790743608566204098,RL_calflower,0.808922268,0.000000000,-0.587915610,-0.234257718,0.005617543,0.999954350,0.007729265,0.139563204,0.587888772,-0.009555016,0.808885340,-0.255472598,0.000000000,0.000000000,0.000000000,1.000000000
1790743608556210793,1790743608,556210793,1790743608566204098,RL_calflower1,0.988997130,0.000000000,-0.147934703,-0.218830316,0.001413518,0.999954350,0.009449883,0.139197858,0.147927950,-0.009555016,0.988951982,-0.293706899,0.000000000,0.000000000,0.000000000,1.000000000
1790743608556210793,1790743608,556210793,1790743608566204098,RL_foot,0.778527792,-0.000000000,-0.627610132,-0.209033615,0.005996825,0.999954350,0.007438845,0.138959742,0.627581481,-0.009555016,0.778492252,-0.318626224,0.000000000,0.000000000,0.000000000,1.000000000
1790743608556210793,1790743608,556210793,1790743608566204098,RR_hip,1.000000000,-0.000000000,0.000000000,-0.193400000,0.000000000,0.999999727,0.000739174,-0.046500000,-0.000000000,-0.000739174,0.999999727,0.000000000,0.000000000,0.000000000,0.000000000,1.000000000
1790743608556210793,1790743608,556210793,1790743608566204098,RR_thigh,0.757738702,0.000000000,0.652558089,-0.193400000,-0.000482354,0.999999727,0.000560101,-0.141999974,-0.652557910,-0.000739174,0.757738495,0.000070591,0.000000000,0.000000000,0.000000000,1.000000000
1790743608556210793,1790743608,556210793,1790743608566204098,RR_calf,0.763768092,-0.000000000,-0.645490745,-0.332394873,0.000477130,0.999999727,0.000564557,-0.142119275,0.645490568,-0.000739174,0.763767883,-0.161327708,0.000000000,0.000000000,0.000000000,1.000000000
1790743608556210793,1790743608,556210793,1790743608566204098,RR_calflower,0.795074672,0.000000000,-0.606511555,-0.221586881,0.000448318,0.999999727,0.000587698,-0.142193287,0.606511389,-0.000739174,0.795074455,-0.261455544,0.000000000,0.000000000,0.000000000,1.000000000
1790743608556210793,1790743608,556210793,1790743608566204098,RR_calflower1,0.985301603,0.000000000,-0.170823743,-0.205277165,0.000126268,0.999999727,0.000728309,-0.142221278,0.170823696,-0.000739174,0.985301334,-0.299323636,0.000000000,0.000000000,0.000000000,1.000000000
1790743608556210793,1790743608,556210793,1790743608566204098,RR_foot,0.763768092,-0.000000000,-0.645490745,-0.194905344,0.000477130,0.999999727,0.000564557,-0.142239526,0.645490568,-0.000739174,0.763767883,-0.324010268,0.000000000,0.000000000,0.000000000,1.000000000
1790743609254679167,1790743609,254679167,1790743609266335809,FL_hip,1.000000000,-0.000000000,0.000000000,0.193400000,0.000000000,0.992343144,0.123511476,0.046500000,-0.000000000,-0.123511476,0.992343144,0.000000000,0.000000000,0.000000000,0.000000000,1.000000000
1790743609254679167,1790743609,254679167,1790743609266335809,FL_thigh,0.711641515,0.000000000,0.702542778,0.193400000,-0.086772095,0.992343144,0.087895894,0.141268770,-0.697163509,-0.123511476,0.706192578,-0.011795346,0.000000000,0.000000000,0.000000000,1.000000000
1790743609254679167,1790743609,254679167,1790743609266335809,FL_calf,0.755913848,-0.000000000,-0.654671104,0.043758388,0.080859394,0.992343144,0.093364035,0.122546945,0.649658382,-0.123511476,0.750125924,-0.162214365,0.000000000,0.000000000,0.000000000,1.000000000
1790743609254679167,1790743609,254679167,1790743609266335809,FL_calflower,0.787689070,-0.000000000,-0.616072990,0.155767989,0.076092084,0.992343144,0.097288639,0.110346256,0.611355808,-0.123511476,0.781657848,-0.260239834,0.000000000,0.000000000,0.000000000,1.000000000
1790743609254679167,1790743609,254679167,1790743609266335809,FL_calflower1,0.983165883,0.000000000,-0.182715205,0.172534018,0.022567425,0.992343144,0.121432269,0.105693789,0.181316181,-0.123511476,0.975637924,-0.297619706,0.000000000,0.000000000,0.000000000,1.000000000
1790743609254679167,1790743609,254679167,1790743609266335809,FL_foot,0.755913848,-0.000000000,-0.654671104,0.183203334,0.080859394,0.992343144,0.093364035,0.102660405,0.649658382,-0.123511476,0.750125924,-0.321991187,0.000000000,0.000000000,0.000000000,1.000000000
1790743609254679167,1790743609,254679167,1790743609266335809,FR_hip,1.000000000,0.000000000,0.000000000,0.193400000,0.000000000,0.992602690,-0.121407991,-0.046500000,0.000000000,0.121407991,0.992602690,0.000000000,0.000000000,0.000000000,0.000000000,1.000000000
1790743609254679167,1790743609,254679167,1790743609266335809,FR_thigh,0.665586522,0.000000000,0.746320696,0.193400000,0.090609297,0.992602690,-0.080807523,-0.141293557,-0.740799930,0.121407991,0.660662972,-0.011594463,0.000000000,0.000000000,0.000000000,1.000000000
1790743609254679167,1790743609,254679167,1790743609266335809,FR_calf,0.800703372,0.000000000,-0.599061024,0.034433692,-0.072730796,0.992602690,-0.097211788,-0.124081555,0.594629584,0.121407991,0.794780320,-0.152315676,0.000000000,0.000000000,0.000000000,1.000000000
1790743609254679167,1790743609,254679167,1790743609266335809,FR_calflower,0.829643273,0.000000000,-0.558293864,0.139108791,-0.067781337,0.992602690,-0.100725323,-0.111148826,0.554163991,0.121407991,0.823506145,-0.258050572,0.000000000,0.000000000,0.000000000,1.000000000
1790743609254679167,1790743609,254679167,1790743609266335809,FR_calflower1,0.993697852,0.000000000,-0.112091836,0.153144113,-0.013608845,0.992602690,-0.120642860,-0.106442000,0.111262658,0.121407991,0.986347160,-0.296532458,0.000000000,0.000000000,0.000000000,1.000000000
1790743609254679167,1790743609,254679167,1790743609266335809,FR_foot,0.800703372,0.000000000,-0.599061024,0.162033690,-0.072730796,0.992602690,-0.097211788,-0.103375444,0.594629584,0.121407991,0.794780320,-0.321603884,0.000000000,0.000000000,0.000000000,1.000000000
1790743609254679167,1790743609,254679167,1790743609266335809,RL_hip,1.000000000,-0.000000000,0.000000000,-0.193400000,0.000000000,0.999954350,0.009555016,0.046500000,-0.000000000,-0.009555016,0.999954350,0.000000000,0.000000000,0.000000000,0.000000000,1.000000000
1790743609254679167,1790743609,254679167,1790743609266335809,RL_thigh,0.712474448,0.000000000,0.701698055,-0.193400000,-0.006704736,0.999954350,0.006807704,0.141995640,-0.701666023,-0.009555016,0.712441923,-0.000912504,0.000000000,0.000000000,0.000000000,1.000000000
1790743609254679167,1790743609,254679167,1790743609266335809,RL_calf,0.779145477,0.000000000,-0.626843143,-0.342861686,0.005989496,0.999954350,0.007444747,0.140545599,0.626814527,-0.009555016,0.779109909,-0.152662634,0.000000000,0.000000000,0.000000000,1.000000000
1790743609254679167,1790743609,254679167,1790743609266335809,RL_calflower,0.809500848,0.000000000,-0.587118708,-0.234505991,0.005609928,0.999954350,0.007734793,0.139563567,0.587091906,-0.009555016,0.809463894,-0.255434610,0.000000000,0.000000000,0.000000000,1.000000000
1790743609254679167,1790743609,254679167,1790743609266335809,RL_calflower1,0.989142335,0.000000000,-0.146960679,-0.219116251,0.001404212,0.999954350,0.009451270,0.139198076,0.146953971,-0.009555016,0.989097180,-0.293684084,0.000000000,0.000000000,0.000000000,1.000000000
1790743609254679167,1790743609,254679167,1790743609266335809,RL_foot,0.779145477,0.000000000,-0.626843143,-0.209344096,0.005989496,0.999954350,0.007444747,0.138959868,0.626814527,-0.009555016,0.779109909,-0.318613044,0.000000000,0.000000000,0.000000000,1.000000000
1790743609254679167,1790743609,254679167,1790743609266335809,RR_hip,1.000000000,-0.000000000,0.000000000,-0.193400000,0.000000000,0.999999809,0.000618065,-0.046500000,-0.000000000,-0.000618065,0.999999809,0.000000000,0.000000000,0.000000000,0.000000000,1.000000000
1790743609254679167,1790743609,254679167,1790743609266335809,RR_thigh,0.757106139,0.000000000,0.653291890,-0.193400000,-0.000403777,0.999999809,0.000467941,-0.141999982,-0.653291765,-0.000618065,0.757105995,0.000059025,0.000000000,0.000000000,0.000000000,1.000000000
1790743609254679167,1790743609,254679167,1790743609266335809,RR_calf,0.764311616,-0.000000000,-0.644847078,-0.332551173,0.000398557,0.999999809,0.000472394,-0.142099653,0.644846955,-0.000618065,0.764311470,-0.161204552,0.000000000,0.000000000,0.000000000,1.000000000
1790743609254679167,1790743609,254679167,1790743609266335809,RR_calflower,0.795585347,0.000000000,-0.605841527,-0.221827573,0.000374449,0.999999809,0.000491723,-0.142161596,0.605841411,-0.000618065,0.795585195,-0.261425710,0.000000000,0.000000000,0.000000000,1.000000000
1790743609254679167,1790743609,254679167,1790743609266335809,RR_calflower1,0.985445164,0.000000000,-0.169993613,-0.205549765,0.000105067,0.999999809,0.000609069,-0.142185010,0.169993581,-0.000618065,0.985444976,-0.299307532,0.000000000,0.000000000,0.000000000,1.000000000
1790743609254679167,1790743609,254679167,1790743609266335809,RR_foot,0.764311616,-0.000000000,-0.644847078,-0.195198745,0.000398557,0.999999809,0.000472394,-0.142200273,0.644846955,-0.000618065,0.764311470,-0.324002895,0.000000000,0.000000000,0.000000000,1.000000000
1790743609328426554,1790743609,328426554,1790743609333236434,FL_hip,1.000000000,-0.000000000,0.000000000,0.193400000,0.000000000,0.992343144,0.123511476,0.046500000,-0.000000000,-0.123511476,0.992343144,0.000000000,0.000000000,0.000000000,0.000000000,1.000000000
1790743609328426554,1790743609,328426554,1790743609333236434,FL_thigh,0.711577694,0.000000000,0.702607419,0.193400000,-0.086780079,0.992343144,0.087888011,0.141268770,-0.697227655,-0.123511476,0.706129246,-0.011795346,0.000000000,0.000000000,0.000000000,1.000000000
1790743609328426554,1790743609,328426554,1790743609333236434,FL_calf,0.755962934,0.000000000,-0.654614422,0.043744620,0.080852393,0.992343144,0.093370098,0.122548624,0.649602134,-0.123511476,0.750174635,-0.162200875,0.000000000,0.000000000,0.000000000,1.000000000
1790743609328426554,1790743609,328426554,1790743609333236434,FL_calflower,0.787735263,0.000000000,-0.616013925,0.155746813,0.076084789,0.992343144,0.097294345,0.110346897,0.611297195,-0.123511476,0.781703687,-0.260234679,0.000000000,0.000000000,0.000000000,1.000000000
1790743609328426554,1790743609,328426554,1790743609333236434,FL_calflower1,0.983179581,0.000000000,-0.182641484,0.172510017,0.022558319,0.992343144,0.121433961,0.105694276,0.181243024,-0.123511476,0.975651516,-0.297615798,0.000000000,0.000000000,0.000000000,1.000000000
1790743609328426554,1790743609,328426554,1790743609333236434,FL_foot,0.755962934,0.000000000,-0.654614422,0.183177492,0.080852393,0.992343144,0.093370098,0.102660793,0.649602134,-0.123511476,0.750174635,-0.321988073,0.000000000,0.000000000,0.000000000,1.000000000
1790743609328426554,1790743609,328426554,1790743609333236434,FR_hip,1.000000000,0.000000000,0.000000000,0.193400000,0.000000000,0.992602690,-0.121407991,-0.046500000,0.000000000,0.121407991,0.992602690,0.000000000,0.000000000,0.000000000,0.000000000,1.000000000
1790743609328426554,1790743609,328426554,1790743609333236434,FR_thigh,0.665541325,0.000000000,0.746361002,0.193400000,0.090614190,0.992602690,-0.080802035,-0.141293557,-0.740839938,0.121407991,0.660618109,-0.011594463,0.000000000,0.000000000,0.000000000,1.000000000
1790743609328426554,1790743609,328426554,1790743609333236434,FR_calf,0.800749074,-0.000000000,-0.598999933,0.034425107,-0.072723379,0.992602690,-0.097217337,-0.124082723,0.594568945,0.121407991,0.794825685,-0.152306120,0.000000000,0.000000000,0.000000000,1.000000000
1790743609328426554,1790743609,328426554,1790743609333236434,FR_calflower,0.829685865,-0.000000000,-0.558230566,0.139092078,-0.067773652,0.992602690,-0.100730494,-0.111149025,0.554101161,0.121407991,0.823548422,-0.258048943,0.000000000,0.000000000,0.000000000,1.000000000
1790743609328426554,1790743609,328426554,1790743609333236434,FR_calflower1,0.993706401,-0.000000000,-0.112016023,0.153124442,-0.013599640,0.992602690,-0.120643898,-0.106442069,0.111187406,0.121407991,0.986355646,-0.296531891,0.000000000,0.000000000,0.000000000,1.000000000
1790743609328426554,1790743609,328426554,1790743609333236434,FR_foot,0.800749074,-0.000000000,-0.598999933,0.162012092,-0.072723379,0.992602690,-0.097217337,-0.103375431,0.594568945,0.121407991,0.794825685,-0.321603991,0.000000000,0.000000000,0.000000000,1.000000000
1790743609328426554,1790743609,328426554,1790743609333236434,RL_hip,1.000000000,-0.000000000,0.000000000,-0.193400000,0.000000000,0.999955500,0.009433904,0.046500000,-0.000000000,-0.009433904,0.999955500,0.000000000,0.000000000,0.000000000,0.000000000,1.000000000
1790743609328426554,1790743609,328426554,1790743609333236434,RL_thigh,0.712431953,0.000000000,0.701741200,-0.193400000,-0.006620159,0.999955500,0.006721015,0.141995750,-0.701709973,-0.009433904,0.712400250,-0.000900938,0.000000000,0.000000000,0.000000000,1.000000000
1790743609328426554,1790743609,328426554,1790743609333236434,RL_calf,0.779183436,0.000000000,-0.626795958,-0.342870876,0.005913133,0.999955500,0.007350742,0.140564174,0.626768065,-0.009433904,0.779148762,-0.152642191,0.000000000,0.000000000,0.000000000,1.000000000
1790743609328426554,1790743609,328426554,1790743609333236434,RL_calflower,0.809536401,0.000000000,-0.587069685,-0.234521405,0.005538359,0.999955500,0.007637089,0.139594527,0.587043561,-0.009433904,0.809500376,-0.255420847,0.000000000,0.000000000,0.000000000,1.000000000
1790743609328426554,1790743609,328426554,1790743609333236434,RL_calflower1,0.989151233,0.000000000,-0.146900778,-0.219133982,0.001385848,0.999955500,0.009331558,0.139233660,0.146894241,-0.009433904,0.989107215,-0.293671297,0.000000000,0.000000000,0.000000000,1.000000000
1790743609328426554,1790743609,328426554,1790743609333236434,RL_foot,0.779183436,0.000000000,-0.626795958,-0.209363337,0.005913133,0.999955500,0.007350742,0.138998466,0.626768065,-0.009433904,0.779148762,-0.318600877,0.000000000,0.000000000,0.000000000,1.000000000
1790743609328426554,1790743609,328426554,1790743609333236434,RR_hip,1.000000000,-0.000000000,0.000000000,-0.193400000,0.000000000,0.999999827,0.000587786,-0.046500000,-0.000000000,-0.000587786,0.999999827,0.000000000,0.000000000,0.000000000,0.000000000,1.000000000
1790743609328426554,1790743609,328426554,1790743609333236434,RR_thigh,0.757027009,-0.000000000,0.653383583,-0.193400000,-0.000384049,0.999999827,0.000444970,-0.141999984,-0.653383470,-0.000587786,0.757026879,0.000056134,0.000000000,0.000000000,0.000000000,1.000000000
1790743609328426554,1790743609,328426554,1790743609333236434,RR_calf,0.764379566,0.000000000,-0.644766530,-0.332570703,0.000378984,0.999999827,0.000449291,-0.142094762,0.644766419,-0.000587786,0.764379434,-0.161190592,0.000000000,0.000000000,0.000000000,1.000000000
1790743609328426554,1790743609,328426554,1790743609333236434,RR_calflower,0.795649187,0.000000000,-0.605757684,-0.221857665,0.000356056,0.999999827,0.000467671,-0.142153677,0.605757580,-0.000587786,0.795649049,-0.261423420,0.000000000,0.000000000,0.000000000,1.000000000
1790743609328426554,1790743609,328426554,1790743609333236434,RR_calflower1,0.985463073,0.000000000,-0.169889765,-0.205583850,0.000099859,0.999999827,0.000579241,-0.142175945,0.169889736,-0.000587786,0.985462903,-0.299306957,0.000000000,0.000000000,0.000000000,1.000000000
1790743609328426554,1790743609,328426554,1790743609333236434,RR_foot,0.764379566,0.000000000,-0.644766530,-0.195235432,0.000378984,0.999999827,0.000449291,-0.142190461,0.644766419,-0.000587786,0.764379434,-0.324003411,0.000000000,0.000000000,0.000000000,1.000000000
1790743609339014842,1790743609,339014842,1790743609366364096,FL_hip,1.000000000,-0.000000000,0.000000000,0.193400000,0.000000000,0.992346883,0.123481428,0.046500000,-0.000000000,-0.123481428,0.992346883,0.000000000,0.000000000,0.000000000,0.000000000,1.000000000
1790743609339014842,1790743609,339014842,1790743609366364096,FL_thigh,0.711535144,0.000000000,0.702650509,0.193400000,-0.086764289,0.992346883,0.087861376,0.141269127,-0.697273043,-0.123481428,0.706089683,-0.011792476,0.000000000,0.000000000,0.000000000,1.000000000
1790743609339014842,1790743609,339014842,1790743609366364096,FL_calf,0.756023253,-0.000000000,-0.654544758,0.043735441,0.080824122,0.992346883,0.093354831,0.122554654,0.649535451,-0.123481428,0.750237319,-0.162189579,0.000000000,0.000000000,0.000000000,1.000000000
1790743609339014842,1790743609,339014842,1790743609366364096,FL_calflower,0.787792024,0.000000000,-0.615941334,0.155728531,0.076057316,0.992346883,0.097277684,0.110354622,0.611227463,-0.123481428,0.781762960,-0.260233993,0.000000000,0.000000000,0.000000000,1.000000000
1790743609339014842,1790743609,339014842,1790743609366364096,FL_calflower1,0.983196407,0.000000000,-0.182550884,0.172488264,0.022541644,0.992346883,0.121406497,0.105702941,0.181153801,-0.123481428,0.975671890,-0.297616786,0.000000000,0.000000000,0.000000000,1.000000000
1790743609339014842,1790743609,339014842,1790743609366364096,FL_foot,0.756023253,-0.000000000,-0.654544758,0.183153475,0.080824122,0.992346883,0.093354831,0.102670075,0.649535451,-0.123481428,0.750237319,-0.321990128,0.000000000,0.000000000,0.000000000,1.000000000
1790743609339014842,1790743609,339014842,1790743609366364096,FR_hip,1.000000000,0.000000000,0.000000000,0.193400000,0.000000000,0.992599013,-0.121438046,-0.046500000,0.000000000,0.121438046,0.992599013,0.000000000,0.000000000,0.000000000,0.000000000,1.000000000
1790743609339014842,1790743609,339014842,1790743609366364096,FR_thigh,0.665518725,0.000000000,0.746381153,0.193400000,0.090639069,0.992599013,-0.080819294,-0.141293206,-0.740857196,0.121438046,0.660593230,-0.011597333,0.000000000,0.000000000,0.000000000,1.000000000
1790743609339014842,1790743609,339014842,1790743609366364096,FR_calf,0.800748289,-0.000000000,-0.599000983,0.034420814,-0.072741509,0.992599013,-0.097241308,-0.124078696,0.594567785,0.121438046,0.794821961,-0.152303691,0.000000000,0.000000000,0.000000000,1.000000000
1790743609339014842,1790743609,339014842,1790743609366364096,FR_calflower,0.829685133,-0.000000000,-0.558231654,0.139087926,-0.067790561,0.992599013,-0.100755342,-0.111141813,0.554100189,0.121438046,0.823544645,-0.258045986,0.000000000,0.000000000,0.000000000,1.000000000
1790743609339014842,1790743609,339014842,1790743609366364096,FR_calflower1,0.993706254,0.000000000,-0.112017326,0.153120340,-0.013603165,0.992599013,-0.120673746,-0.106433694,0.111188287,0.121438046,0.986351847,-0.296528774,0.000000000,0.000000000,0.000000000,1.000000000
1790743609339014842,1790743609,339014842,1790743609366364096,FR_foot,0.800748289,-0.000000000,-0.599000983,0.162008024,-0.072741509,0.992599013,-0.097241308,-0.103366298,0.594567785,0.121438046,0.794821961,-0.321600769,0.000000000,0.000000000,0.000000000,1.000000000
1790743609339014842,1790743609,339014842,1790743609366364096,RL_hip,1.000000000,-0.000000000,0.000000000,-0.193400000,0.000000000,0.999954350,0.009555016,0.046500000,-0.000000000,-0.009555016,0.999954350,0.000000000,0.000000000,0.000000000,0.000000000,1.000000000
1790743609339014842,1790743609,339014842,1790743609366364096,RL_thigh,0.712368247,-0.000000000,0.701805871,-0.193400000,-0.006705766,0.999954350,0.006806690,0.141995640,-0.701773833,-0.009555016,0.712335728,-0.000912504,0.000000000,0.000000000,0.000000000,1.000000000
1790743609339014842,1790743609,339014842,1790743609366364096,RL_calf,0.779240332,0.000000000,-0.626725223,-0.342884650,0.005988369,0.999954350,0.007445654,0.140545815,0.626696613,-0.009555016,0.779204760,-0.152640014,0.000000000,0.000000000,0.000000000,1.000000000
1790743609339014842,1790743609,339014842,1790743609366364096,RL_calflower,0.809589691,0.000000000,-0.586996195,-0.234544511,0.005608758,0.999954350,0.007735642,0.139563626,0.586969398,-0.009555016,0.809552733,-0.255428386,0.000000000,0.000000000,0.000000000,1.000000000
1790743609339014842,1790743609,339014842,1790743609366364096,RL_calflower1,0.989164564,0.000000000,-0.146810985,-0.219160560,0.001402781,0.999954350,0.009451483,0.139198113,0.146804283,-0.009555016,0.989119408,-0.293680189,0.000000000,0.000000000,0.000000000,1.000000000
1790743609339014842,1790743609,339014842,1790743609366364096,RL_foot,0.779240332,0.000000000,-0.626725223,-0.209392178,0.005988369,0.999954350,0.007445654,0.138959891,0.626696613,-0.009555016,0.779204760,-0.318610628,0.000000000,0.000000000,0.000000000,1.000000000
1790743609339014842,1790743609,339014842,1790743609366364096,RR_hip,1.000000000,-0.000000000,0.000000000,-0.193400000,0.000000000,0.999999827,0.000587786,-0.046500000,-0.000000000,-0.000587786,0.999999827,0.000000000,0.000000000,0.000000000,0.000000000,1.000000000
1790743609339014842,1790743609,339014842,1790743609366364096,RR_thigh,0.757046793,0.000000000,0.653360661,-0.193400000,-0.000384036,0.999999827,0.000444981,-0.141999984,-0.653360548,-0.000587786,0.757046662,0.000056134,0.000000000,0.000000000,0.000000000,1.000000000
1790743609339014842,1790743609,339014842,1790743609366364096,RR_calf,0.764349820,0.000000000,-0.644801793,-0.332565821,0.000379005,0.999999827,0.000449274,-0.142094764,0.644801682,-0.000587786,0.764349688,-0.161194806,0.000000000,0.000000000,0.000000000,1.000000000
1790743609339014842,1790743609,339014842,1790743609366364096,RR_calflower,0.795621240,0.000000000,-0.605794390,-0.221848159,0.000356077,0.999999827,0.000467655,-0.142153677,0.605794285,-0.000587786,0.795621102,-0.261422526,0.000000000,0.000000000,0.000000000,1.000000000
1790743609339014842,1790743609,339014842,1790743609366364096,RR_calflower1,0.985455234,0.000000000,-0.169935228,-0.205572596,0.000099885,0.999999827,0.000579236,-0.142175944,0.169935199,-0.000587786,0.985455064,-0.299305313,0.000000000,0.000000000,0.000000000,1.000000000
1790743609339014842,1790743609,339014842,1790743609366364096,RR_foot,0.764349820,0.000000000,-0.644801793,-0.195223039,0.000379005,0.999999827,0.000449274,-0.142190460,0.644801682,-0.000587786,0.764349688,-0.324001289,0.000000000,0.000000000,0.000000000,1.000000000
1790743609420266909,1790743609,420266909,1790743609433187606,FL_hip,1.000000000,-0.000000000,0.000000000,0.193400000,0.000000000,0.992343144,0.123511476,0.046500000,-0.000000000,-0.123511476,0.992343144,0.000000000,0.000000000,0.000000000,0.000000000,1.000000000
1790743609420266909,1790743609,420266909,1790743609433187606,FL_thigh,0.711471314,0.000000000,0.702715141,0.193400000,-0.086793384,0.992343144,0.087874872,0.141268770,-0.697334552,-0.123511476,0.706023681,-0.011795346,0.000000000,0.000000000,0.000000000,1.000000000
1790743609420266909,1790743609,420266909,1790743609433187606,FL_calf,0.756072409,-0.000000000,-0.654487978,0.043721675,0.080836776,0.992343144,0.093383619,0.122551423,0.649476657,-0.123511476,0.750283271,-0.162178390,0.000000000,0.000000000,0.000000000,1.000000000
1790743609420266909,1790743609,420266909,1790743609433187606,FL_calflower,0.787838280,0.000000000,-0.615882167,0.155707344,0.076068515,0.992343144,0.097307069,0.110347382,0.611166446,-0.123511476,0.781805916,-0.260230781,0.000000000,0.000000000,0.000000000,1.000000000
1790743609420266909,1790743609,420266909,1790743609433187606,FL_calflower1,0.983210114,0.000000000,-0.182477044,0.172464248,0.022538009,0.992343144,0.121437732,0.105694415,0.181079843,-0.123511476,0.975681816,-0.297614682,0.000000000,0.000000000,0.000000000,1.000000000
1790743609420266909,1790743609,420266909,1790743609433187606,FL_foot,0.756072409,-0.000000000,-0.654487978,0.183127614,0.080836776,0.992343144,0.093383619,0.102660712,0.649476657,-0.123511476,0.750283271,-0.321988727,0.000000000,0.000000000,0.000000000,1.000000000
1790743609420266909,1790743609,420266909,1790743609433187606,FR_hip,1.000000000,0.000000000,0.000000000,0.193400000,0.000000000,0.992606365,-0.121377936,-0.046500000,0.000000000,0.121377936,0.992606365,0.000000000,0.000000000,0.000000000,0.000000000,1.000000000
1790743609420266909,1790743609,420266909,1790743609433187606,FR_thigh,0.665496125,0.000000000,0.746401304,0.193400000,0.090596650,0.992606365,-0.080776546,-0.141293908,-0.740882686,0.121377936,0.660575690,-0.011591593,0.000000000,0.000000000,0.000000000,1.000000000
1790743609420266909,1790743609,420266909,1790743609433187606,FR_calf,0.800785347,0.000000000,-0.598951440,0.034416522,-0.072699490,0.992606365,-0.097197673,-0.124088504,0.594523012,0.121377936,0.794864633,-0.152294215,0.000000000,0.000000000,0.000000000,1.000000000
1790743609420266909,1790743609,420266909,1790743609433187606,FR_calflower,0.829719669,0.000000000,-0.558180321,0.139077042,-0.067750775,0.992606365,-0.100709661,-0.111157238,0.554053339,0.121377936,0.823585025,-0.258043720,0.000000000,0.000000000,0.000000000,1.000000000
1790743609420266909,1790743609,420266909,1790743609433187606,FR_calflower1,0.993713182,-0.000000000,-0.111955846,0.153107058,-0.013588969,0.992606365,-0.120614855,-0.106451344,0.111128085,0.121377936,0.986366030,-0.296527655,0.000000000,0.000000000,0.000000000,1.000000000
1790743609420266909,1790743609,420266909,1790743609433187606,FR_foot,0.800785347,0.000000000,-0.598951440,0.161993179,-0.072699490,0.992606365,-0.097197673,-0.103385399,0.594523012,0.121377936,0.794864633,-0.321600382,0.000000000,0.000000000,0.000000000,1.000000000
1790743609420266909,1790743609,420266909,1790743609433187606,RL_hip,1.000000000,-0.000000000,0.000000000,-0.193400000,0.000000000,0.999955214,0.009464182,0.046500000,-0.000000000,-0.009464182,0.999955214,0.000000000,0.000000000,0.000000000,0.000000000,1.000000000
1790743609420266909,1790743609,420266909,1790743609433187606,RL_thigh,0.712325746,-0.000000000,0.701849009,-0.193400000,-0.006642427,0.999955214,0.006741581,0.141995723,-0.701817576,-0.009464182,0.712293843,-0.000903829,0.000000000,0.000000000,0.000000000,1.000000000
1790743609420266909,1790743609,420266909,1790743609433187606,RL_calf,0.779268348,-0.000000000,-0.626690387,-0.342893839,0.005931112,0.999955214,0.007375138,0.140559766,0.626662320,-0.009464182,0.779233448,-0.152622418,0.000000000,0.000000000,0.000000000,1.000000000
1790743609420266909,1790743609,420266909,1790743609433187606,RL_calflower,0.809615931,-0.000000000,-0.586960003,-0.234558295,0.005555096,0.999955214,0.007662353,0.139586868,0.586933715,-0.009464182,0.809579671,-0.255415722,0.000000000,0.000000000,0.000000000,1.000000000
1790743609420266909,1790743609,420266909,1790743609433187606,RL_calflower1,0.989171126,0.000000000,-0.146766765,-0.219176054,0.001389027,0.999955214,0.009361696,0.139224823,0.146760192,-0.009464182,0.989126825,-0.293668246,0.000000000,0.000000000,0.000000000,1.000000000
1790743609420266909,1790743609,420266909,1790743609433187606,RL_foot,0.779268348,-0.000000000,-0.626690387,-0.209408786,0.005931112,0.999955214,0.007375138,0.138988862,0.626662320,-0.009464182,0.779233448,-0.318599142,0.000000000,0.000000000,0.000000000,1.000000000
1790743609420266909,1790743609,420266909,1790743609433187606,RR_hip,1.000000000,-0.000000000,0.000000000,-0.193400000,0.000000000,0.999999827,0.000587786,-0.046500000,-0.000000000,-0.000587786,0.999999827,0.000000000,0.000000000,0.000000000,0.000000000,1.000000000
1790743609420266909,1790743609,420266909,1790743609433187606,RR_thigh,0.756967655,0.000000000,0.653452347,-0.193400000,-0.000384090,0.999999827,0.000444935,-0.141999984,-0.653452234,-0.000587786,0.756967524,0.000056134,0.000000000,0.000000000,0.000000000,1.000000000
1790743609420266909,1790743609,420266909,1790743609433187606,RR_calf,0.764427911,0.000000000,-0.644709213,-0.332585350,0.000378951,0.999999827,0.000449320,-0.142094755,0.644709102,-0.000587786,0.764427779,-0.161177949,0.000000000,0.000000000,0.000000000,1.000000000
1790743609420266909,1790743609,420266909,1790743609433187606,RR_calflower,0.795694606,0.000000000,-0.605698023,-0.221879828,0.000356021,0.999999827,0.000467698,-0.142153675,0.605697918,-0.000587786,0.795694468,-0.261419078,0.000000000,0.000000000,0.000000000,1.000000000
1790743609420266909,1790743609,420266909,1790743609433187606,RR_calflower1,0.985475809,0.000000000,-0.169815872,-0.205608853,0.000099815,0.999999827,0.000579248,-0.142175943,0.169815842,-0.000587786,0.985475639,-0.299303836,0.000000000,0.000000000,0.000000000,1.000000000
1790743609420266909,1790743609,420266909,1790743609433187606,RR_foot,0.764427911,0.000000000,-0.644709213,-0.195262288,0.000378951,0.999999827,0.000449320,-0.142190460,0.644709102,-0.000587786,0.764427779,-0.324001066,0.000000000,0.000000000,0.000000000,1.000000000
1790743609447599220,1790743609,447599220,1790743609499838184,FL_hip,1.000000000,-0.000000000,0.000000000,0.193400000,0.000000000,0.992346883,0.123481428,0.046500000,-0.000000000,-0.123481428,0.992346883,0.000000000,0.000000000,0.000000000,0.000000000,1.000000000
1790743609447599220,1790743609,447599220,1790743609499838184,FL_thigh,0.711428758,0.000000000,0.702758225,0.193400000,-0.086777589,0.992346883,0.087848239,0.141269127,-0.697379934,-0.123481428,0.705984111,-0.011792476,0.000000000,0.000000000,0.000000000,1.000000000
1790743609447599220,1790743609,447599220,1790743609499838184,FL_calf,0.756112042,0.000000000,-0.654442190,0.043712498,0.080811456,0.992346883,0.093365795,0.122557452,0.649433668,-0.123481428,0.750325428,-0.162167092,0.000000000,0.000000000,0.000000000,1.000000000
1790743609447599220,1790743609,447599220,1790743609499838184,FL_calflower,0.787875576,0.000000000,-0.615834456,0.155692183,0.076044118,0.992346883,0.097288001,0.110355544,0.611121403,-0.123481428,0.781845872,-0.260226582,0.000000000,0.000000000,0.000000000,1.000000000
1790743609447599220,1790743609,447599220,1790743609499838184,FL_calflower1,0.983221163,0.000000000,-0.182417502,0.172446806,0.022525174,0.992346883,0.121409554,0.105703583,0.181021439,-0.123481428,0.975696457,-0.297611631,0.000000000,0.000000000,0.000000000,1.000000000
1790743609447599220,1790743609,447599220,1790743609499838184,FL_foot,0.756112042,0.000000000,-0.654442190,0.183108685,0.080811456,0.992346883,0.093365795,0.102670538,0.649433668,-0.123481428,0.750325428,-0.321986408,0.000000000,0.000000000,0.000000000,1.000000000
1790743609447599220,1790743609,447599220,1790743609499838184,FR_hip,1.000000000,0.000000000,0.000000000,0.193400000,0.000000000,0.992606365,-0.121377936,-0.046500000,0.000000000,0.121377936,0.992606365,0.000000000,0.000000000,0.000000000,0.000000000,1.000000000
1790743609447599220,1790743609,447599220,1790743609499838184,FR_thigh,0.665450923,-0.000000000,0.746441604,0.193400000,0.090601541,0.992606365,-0.080771060,-0.141293908,-0.740922688,0.121377936,0.660530822,-0.011591593,0.000000000,0.000000000,0.000000000,1.000000000
1790743609447599220,1790743609,447599220,1790743609499838184,FR_calf,0.800821617,-0.000000000,-0.598902945,0.034407938,-0.072693603,0.992606365,-0.097202075,-0.124089672,0.594474875,0.121377936,0.794900635,-0.152284658,0.000000000,0.000000000,0.000000000,1.000000000
1790743609447599220,1790743609,447599220,1790743609499838184,FR_calflower,0.829753470,0.000000000,-0.558130073,0.139062006,-0.067744676,0.992606365,-0.100713764,-0.111157637,0.554003463,0.121377936,0.823618576,-0.258040454,0.000000000,0.000000000,0.000000000,1.000000000
1790743609447599220,1790743609,447599220,1790743609499838184,FR_calflower1,0.993719960,0.000000000,-0.111895668,0.153089675,-0.013581665,0.992606365,-0.120615678,-0.106451640,0.111068352,0.121377936,0.986372758,-0.296525232,0.000000000,0.000000000,0.000000000,1.000000000
1790743609447599220,1790743609,447599220,1790743609499838184,FR_foot,0.800821617,-0.000000000,-0.598902945,0.161974266,-0.072693603,0.992606365,-0.097202075,-0.103385630,0.594474875,0.121377936,0.794900635,-0.321598493,0.000000000,0.000000000,0.000000000,1.000000000
1790743609447599220,1790743609,447599220,1790743609499838184,RL_hip,1.000000000,-0.000000000,0.000000000,-0.193400000,0.000000000,0.999955214,0.009464182,0.046500000,-0.000000000,-0.009464182,0.999955214,0.000000000,0.000000000,0.000000000,0.000000000,1.000000000
1790743609447599220,1790743609,447599220,1790743609499838184,RL_thigh,0.712346997,0.000000000,0.701827440,-0.193400000,-0.006642223,0.999955214,0.006741782,0.141995723,-0.701796008,-0.009464182,0.712315094,-0.000903829,0.000000000,0.000000000,0.000000000,1.000000000
1790743609447599220,1790743609,447599220,1790743609499838184,RL_calf,0.779259308,0.000000000,-0.626701628,-0.342889245,0.005931218,0.999955214,0.007375052,0.140559723,0.626673560,-0.009464182,0.779224408,-0.152626944,0.000000000,0.000000000,0.000000000,1.000000000
1790743609447599220,1790743609,447599220,1790743609499838184,RL_calflower,0.809607464,-0.000000000,-0.586971681,-0.234552218,0.005555207,0.999955214,0.007662273,0.139586840,0.586945393,-0.009464182,0.809571205,-0.255418686,0.000000000,0.000000000,0.000000000,1.000000000
1790743609447599220,1790743609,447599220,1790743609499838184,RL_calflower1,0.989169009,-0.000000000,-0.146781034,-0.219169425,0.001389162,0.999955214,0.009361676,0.139224797,0.146774460,-0.009464182,0.989124708,-0.293670988,0.000000000,0.000000000,0.000000000,1.000000000
1790743609447599220,1790743609,447599220,1790743609499838184,RL_foot,0.779259308,0.000000000,-0.626701628,-0.209401798,0.005931218,0.999955214,0.007375052,0.138988837,0.626673560,-0.009464182,0.779224408,-0.318601743,0.000000000,0.000000000,0.000000000,1.000000000
1790743609447599220,1790743609,447599220,1790743609499838184,RR_hip,1.000000000,-0.000000000,0.000000000,-0.193400000,0.000000000,0.999999827,0.000587786,-0.046500000,-0.000000000,-0.000587786,0.999999827,0.000000000,0.000000000,0.000000000,0.000000000,1.000000000
1790743609447599220,1790743609,447599220,1790743609499838184,RR_thigh,0.756947868,0.000000000,0.653475267,-0.193400000,-0.000384103,0.999999827,0.000444923,-0.141999984,-0.653475154,-0.000587786,0.756947737,0.000056134,0.000000000,0.000000000,0.000000000,1.000000000
1790743609447599220,1790743609,447599220,1790743609499838184,RR_calf,0.764437287,0.000000000,-0.644698096,-0.332590232,0.000378944,0.999999827,0.000449325,-0.142094752,0.644697984,-0.000587786,0.764437155,-0.161173735,0.000000000,0.000000000,0.000000000,1.000000000
1790743609447599220,1790743609,447599220,1790743609499838184,RR_calflower,0.795703415,0.000000000,-0.605686450,-0.221886168,0.000356014,0.999999827,0.000467703,-0.142153673,0.605686346,-0.000587786,0.795703277,-0.261416474,0.000000000,0.000000000,0.000000000,1.000000000
1790743609447599220,1790743609,447599220,1790743609499838184,RR_calflower1,0.985478278,0.000000000,-0.169801539,-0.205615744,0.000099807,0.999999827,0.000579250,-0.142175942,0.169801510,-0.000587786,0.985478108,-0.299301468,0.000000000,0.000000000,0.000000000,1.000000000
1790743609447599220,1790743609,447599220,1790743609499838184,RR_foot,0.764437287,0.000000000,-0.644698096,-0.195269538,0.000378944,0.999999827,0.000449325,-0.142190458,0.644697984,-0.000587786,0.764437155,-0.323998849,0.000000000,0.000000000,0.000000000,1.000000000
1790743609540692435,1790743609,540692435,1790743609566262945,FL_hip,1.000000000,-0.000000000,0.000000000,0.193400000,0.000000000,0.992350621,0.123451388,0.046500000,-0.000000000,-0.123451388,0.992350621,0.000000000,0.000000000,0.000000000,0.000000000,1.000000000
1790743609540692435,1790743609,540692435,1790743609566262945,FL_thigh,0.710981798,-0.000000000,0.703210411,0.193400000,-0.086812302,0.992350621,0.087771690,0.141269484,-0.697831288,-0.123451388,0.705543229,-0.011789608,0.000000000,0.000000000,0.000000000,1.000000000
1790743609540692435,1790743609,540692435,1790743609566262945,FL_calf,0.756517617,0.000000000,-0.653973314,0.043616182,0.080733914,0.992350621,0.093393150,0.122574114,0.648970824,-0.123451388,0.750730727,-0.162070315,0.000000000,0.000000000,0.000000000,1.000000000
1790743609540692435,1790743609,540692435,1790743609566262945,FL_calflower,0.788257210,-0.000000000,-0.615345896,0.155534585,0.075965305,0.992350621,0.097311447,0.110366606,0.610638882,-0.123451388,0.782227531,-0.260199046,0.000000000,0.000000000,0.000000000,1.000000000
1790743609540692435,1790743609,540692435,1790743609566262945,FL_calflower1,0.983334063,0.000000000,-0.181807921,0.172265849,0.022444440,0.992350621,0.121393955,0.105714495,0.180417203,-0.123451388,0.975812168,-0.297594537,0.000000000,0.000000000,0.000000000,1.000000000
1790743609540692435,1790743609,540692435,1790743609566262945,FL_foot,0.756517617,0.000000000,-0.653973314,0.182912498,0.080733914,0.992350621,0.093393150,0.102681373,0.648970824,-0.123451388,0.750730727,-0.321975960,0.000000000,0.000000000,0.000000000,1.000000000
1790743609540692435,1790743609,540692435,1790743609566262945,FR_hip,1.000000000,0.000000000,0.000000000,0.193400000,0.000000000,0.992595336,-0.121468101,-0.046500000,0.000000000,0.121468101,0.992595336,0.000000000,0.000000000,0.000000000,0.000000000,1.000000000
1790743609540692435,1790743609,540692435,1790743609566262945,FR_thigh,0.665134485,0.000000000,0.746723588,0.193400000,0.090703096,0.992595336,-0.080792623,-0.141292855,-0.741194350,0.121468101,0.660209388,-0.011600204,0.000000000,0.000000000,0.000000000,1.000000000
1790743609540692435,1790743609,540692435,1790743609566262945,FR_calf,0.801075389,0.000000000,-0.598563464,0.034347876,-0.072706368,0.992595336,-0.097305107,-0.124084026,0.594131303,0.121468101,0.795143695,-0.152224803,0.000000000,0.000000000,0.000000000,1.000000000
1790743609540692435,1790743609,540692435,1790743609566262945,FR_calflower,0.829989958,0.000000000,-0.557778333,0.138956776,-0.067752275,0.992595336,-0.100817304,-0.111136997,0.553648172,0.121468101,0.823844161,-0.258023444,0.000000000,0.000000000,0.000000000,1.000000000
1790743609540692435,1790743609,540692435,1790743609566262945,FR_calflower1,0.993767298,0.000000000,-0.111474471,0.152968010,-0.013540592,0.992595336,-0.120711027,-0.106426782,0.110649040,0.121468101,0.986408785,-0.296513692,0.000000000,0.000000000,0.000000000,1.000000000
1790743609540692435,1790743609,540692435,1790743609566262945,FR_foot,0.801075389,0.000000000,-0.598563464,0.161841894,-0.072706368,0.992595336,-0.097305107,-0.103358038,0.594131303,0.121468101,0.795143695,-0.321590410,0.000000000,0.000000000,0.000000000,1.000000000
1790743609540692435,1790743609,540692435,1790743609566262945,RL_hip,1.000000000,-0.000000000,0.000000000,-0.193400000,0.000000000,0.999954350,0.009555016,0.046500000,-0.000000000,-0.009555016,0.999954350,0.000000000,0.000000000,0.000000000,0.000000000,1.000000000
1790743609540692435,1790743609,540692435,1790743609566262945,RL_thigh,0.711921852,0.000000000,0.702258697,-0.193400000,-0.006710093,0.999954350,0.006802424,0.141995640,-0.702226639,-0.009555016,0.711889352,-0.000912504,0.000000000,0.000000000,0.000000000,1.000000000
1790743609540692435,1790743609,540692435,1790743609566262945,RL_calf,0.779628757,0.000000000,-0.626241967,-0.342981102,0.005983752,0.999954350,0.007449365,0.140546724,0.626213379,-0.009555016,0.779593166,-0.152544936,0.000000000,0.000000000,0.000000000,1.000000000
1790743609540692435,1790743609,540692435,1790743609566262945,RL_calflower,0.809953477,0.000000000,-0.586494130,-0.234704716,0.005603961,0.999954350,0.007739118,0.139563893,0.586467357,-0.009555016,0.809916502,-0.255400457,0.000000000,0.000000000,0.000000000,1.000000000
1790743609540692435,1790743609,540692435,1790743609566262945,RL_calflower1,0.989255398,0.000000000,-0.146197667,-0.219344486,0.001396921,0.999954350,0.009452351,0.139198289,0.146190993,-0.009555016,0.989210238,-0.293661791,0.000000000,0.000000000,0.000000000,1.000000000
1790743609540692435,1790743609,540692435,1790743609566262945,RL_foot,0.779628757,0.000000000,-0.626241967,-0.209591563,0.005983752,0.999954350,0.007449365,0.138960009,0.626213379,-0.009555016,0.779593166,-0.318598280,0.000000000,0.000000000,0.000000000,1.000000000
1790743609540692435,1790743609,540692435,1790743609566262945,RR_hip,1.000000000,-0.000000000,0.000000000,-0.193400000,0.000000000,0.999999827,0.000587786,-0.046500000,-0.000000000,-0.000587786,0.999999827,0.000000000,0.000000000,0.000000000,0.000000000,1.000000000
1790743609540692435,1790743609,540692435,1790743609566262945,RR_thigh,0.756631193,-0.000000000,0.653841906,-0.193400000,-0.000384319,0.999999827,0.000444737,-0.141999984,-0.653841793,-0.000587786,0.756631062,0.000056134,0.000000000,0.000000000,0.000000000,1.000000000
1790743609540692435,1790743609,540692435,1790743609566262945,RR_calf,0.764759671,0.000000000,-0.644315642,-0.332668326,0.000378719,0.999999827,0.000449515,-0.142094712,0.644315530,-0.000587786,0.764759538,-0.161106283,0.000000000,0.000000000,0.000000000,1.000000000
1790743609540692435,1790743609,540692435,1790743609566262945,RR_calflower,0.796006281,0.000000000,-0.605288362,-0.222014418,0.000355780,0.999999827,0.000467881,-0.142153666,0.605288257,-0.000587786,0.796006143,-0.261404384,0.000000000,0.000000000,0.000000000,1.000000000
1790743609540692435,1790743609,540692435,1790743609566262945,RR_calflower1,0.985563090,0.000000000,-0.169308580,-0.205762946,0.000099517,0.999999827,0.000579300,-0.142175939,0.169308551,-0.000587786,0.985562920,-0.299297512,0.000000000,0.000000000,0.000000000,1.000000000
1790743609540692435,1790743609,540692435,1790743609566262945,RR_foot,0.764759671,0.000000000,-0.644315642,-0.195429094,0.000378719,0.999999827,0.000449515,-0.142190459,0.644315530,-0.000587786,0.764759538,-0.324000064,0.000000000,0.000000000,0.000000000,1.000000000
1790743609606254218,1790743609,606254218,1790743609633362130,FL_hip,1.000000000,-0.000000000,0.000000000,0.193400000,0.000000000,0.992343144,0.123511476,0.046500000,-0.000000000,-0.123511476,0.992343144,0.000000000,0.000000000,0.000000000,0.000000000,1.000000000
1790743609606254218,1790743609,606254218,1790743609633362130,FL_thigh,0.710747540,0.000000000,0.703447179,0.193400000,-0.086883799,0.992343144,0.087785478,0.141268770,-0.698060986,-0.123511476,0.705305449,-0.011795346,0.000000000,0.000000000,0.000000000,1.000000000
1790743609606254218,1790743609,606254218,1790743609633362130,FL_calf,0.756735394,0.000000000,-0.653721304,0.043565751,0.080742083,0.992343144,0.093465505,0.122570464,0.648715854,-0.123511476,0.750941180,-0.162025406,0.000000000,0.000000000,0.000000000,1.000000000
1790743609606254218,1790743609,606254218,1790743609633362130,FL_calflower,0.788462120,0.000000000,-0.615083316,0.155451212,0.075969848,0.992343144,0.097384120,0.110352410,0.610373712,-0.123511476,0.782424979,-0.260190384,0.000000000,0.000000000,0.000000000,1.000000000
1790743609606254218,1790743609,606254218,1790743609633362130,FL_calflower1,0.983394564,0.000000000,-0.181480391,0.172169923,0.022414911,0.992343144,0.121460514,0.105697347,0.180090822,-0.123511476,0.975864853,-0.297591120,0.000000000,0.000000000,0.000000000,1.000000000
1790743609606254218,1790743609,606254218,1790743609633362130,FL_foot,0.756735394,0.000000000,-0.653721304,0.182808389,0.080742083,0.992343144,0.093465505,0.102662311,0.648715854,-0.123511476,0.750941180,-0.321975878,0.000000000,0.000000000,0.000000000,1.000000000
1790743609606254218,1790743609,606254218,1790743609633362130,FR_hip,1.000000000,0.000000000,0.000000000,0.193400000,0.000000000,0.992599013,-0.121438046,-0.046500000,0.000000000,0.121438046,0.992599013,0.000000000,0.000000000,0.000000000,0.000000000,1.000000000
1790743609606254218,1790743609,606254218,1790743609633362130,FR_thigh,0.664930969,0.000000000,0.746904817,0.193400000,0.090702662,0.992599013,-0.080747918,-0.141293206,-0.741376985,0.121438046,0.660009824,-0.011597333,0.000000000,0.000000000,0.000000000,1.000000000
1790743609606254218,1790743609,606254218,1790743609633362130,FR_calf,0.801238476,-0.000000000,-0.598345139,0.034309274,-0.072661865,0.992599013,-0.097300835,-0.124093899,0.593916794,0.121438046,0.795308520,-0.152179426,0.000000000,0.000000000,0.000000000,1.000000000
1790743609606254218,1790743609,606254218,1790743609633362130,FR_calflower,0.830141929,0.000000000,-0.557552130,0.138889124,-0.067708041,0.992599013,-0.100810814,-0.111146613,0.553425694,0.121438046,0.823998060,-0.258006751,0.000000000,0.000000000,0.000000000,1.000000000
1790743609606254218,1790743609,606254218,1790743609633362130,FR_calflower1,0.993797639,0.000000000,-0.111203653,0.152889790,-0.013504354,0.992599013,-0.120684844,-0.106437100,0.110380636,0.121438046,0.986442556,-0.296500930,0.000000000,0.000000000,0.000000000,1.000000000
1790743609606254218,1790743609,606254218,1790743609633362130,FR_foot,0.801238476,-0.000000000,-0.598345139,0.161756788,-0.072661865,0.992599013,-0.097300835,-0.103368821,0.593916794,0.121438046,0.795308520,-0.321580141,0.000000000,0.000000000,0.000000000,1.000000000
1790743609606254218,1790743609,606254218,1790743609633362130,RL_hip,1.000000000,-0.000000000,0.000000000,-0.193400000,0.000000000,0.999954350,0.009555016,0.046500000,-0.000000000,-0.009555016,0.999954350,0.000000000,0.000000000,0.000000000,0.000000000,1.000000000
1790743609606254218,1790743609,606254218,1790743609633362130,RL_thigh,0.711772989,-0.000000000,0.702409576,-0.193400000,-0.006711534,0.999954350,0.006801002,0.141995640,-0.702377511,-0.009555016,0.711740496,-0.000912504,0.000000000,0.000000000,0.000000000,1.000000000
1790743609606254218,1790743609,606254218,1790743609633362130,RL_calf,0.779761474,-0.000000000,-0.626076708,-0.343013240,0.005982173,0.999954350,0.007450633,0.140547027,0.626048127,-0.009555016,0.779725877,-0.152513230,0.000000000,0.000000000,0.000000000,1.000000000
1790743609606254218,1790743609,606254218,1790743609633362130,RL_calflower,0.810077769,0.000000000,-0.586322444,-0.234758657,0.005602320,0.999954350,0.007740306,0.139563977,0.586295679,-0.009555016,0.810040788,-0.255391697,0.000000000,0.000000000,0.000000000,1.000000000
1790743609606254218,1790743609,606254218,1790743609633362130,RL_calflower1,0.989286363,0.000000000,-0.145987987,-0.219406537,0.001394917,0.999954350,0.009452647,0.139198341,0.145981323,-0.009555016,0.989241202,-0.293656285,0.000000000,0.000000000,0.000000000,1.000000000
1790743609606254218,1790743609,606254218,1790743609633362130,RL_foot,0.779761474,-0.000000000,-0.626076708,-0.209658901,0.005982173,0.999954350,0.007450633,0.138960042,0.626048127,-0.009555016,0.779725877,-0.318594842,0.000000000,0.000000000,0.000000000,1.000000000
1790743609606254218,1790743609,606254218,1790743609633362130,RR_hip,1.000000000,-0.000000000,0.000000000,-0.193400000,0.000000000,0.999999790,0.000648342,-0.046500000,-0.000000000,-0.000648342,0.999999790,0.000000000,0.000000000,0.000000000,0.000000000,1.000000000
1790743609606254218,1790743609,606254218,1790743609633362130,RR_thigh,0.756314339,0.000000000,0.654208392,-0.193400000,-0.000424151,0.999999790,0.000490350,-0.141999980,-0.654208255,-0.000648342,0.756314180,0.000061917,0.000000000,0.000000000,0.000000000,1.000000000
1790743609606254218,1790743609,606254218,1790743609633362130,RR_calf,0.765081940,-0.000000000,-0.643932936,-0.332746388,0.000417489,0.999999790,0.000496035,-0.142104425,0.643932800,-0.000648342,0.765081779,-0.161033004,0.000000000,0.000000000,0.000000000,1.000000000
1790743609606254218,1790743609,606254218,1790743609633362130,RR_calflower,0.796309020,0.000000000,-0.604890027,-0.222142674,0.000392176,0.999999790,0.000516281,-0.142169488,0.604889900,-0.000648342,0.796308852,-0.261386451,0.000000000,0.000000000,0.000000000,1.000000000
1790743609606254218,1790743609,606254218,1790743609633362130,RR_calflower1,0.985647676,-0.000000000,-0.168815460,-0.205910163,0.000109450,0.999999790,0.000639037,-0.142194061,0.168815425,-0.000648342,0.985647468,-0.299287704,0.000000000,0.000000000,0.000000000,1.000000000
1790743609606254218,1790743609,606254218,1790743609633362130,RR_foot,0.765081940,-0.000000000,-0.643932936,-0.195588672,0.000417489,0.999999790,0.000496035,-0.142210080,0.643932800,-0.000648342,0.765081779,-0.323995423,0.000000000,0.000000000,0.000000000,1.000000000
1790743609653759186,1790743609,653759186,1790743609666395857,FL_hip,1.000000000,-0.000000000,0.000000000,0.193400000,0.000000000,0.992350621,0.123451388,0.046500000,-0.000000000,-0.123451388,0.992350621,0.000000000,0.000000000,0.000000000,0.000000000,1.000000000
1790743609653759186,1790743609,653759186,1790743609666395857,FL_thigh,0.710619730,0.000000000,0.703576293,0.193400000,-0.086857470,0.992350621,0.087726992,0.141269484,-0.698194371,-0.123451388,0.705183930,-0.011789608,0.000000000,0.000000000,0.000000000,1.000000000
1790743609653759186,1790743609,653759186,1790743609666395857,FL_calf,0.756854146,-0.000000000,-0.653583813,0.043538250,0.080685829,0.992350621,0.093434695,0.122583635,0.648584303,-0.123451388,0.751064682,-0.161993785,0.000000000,0.000000000,0.000000000,1.000000000
1790743609653759186,1790743609,653759186,1790743609666395857,FL_calflower,0.788573852,-0.000000000,-0.614940062,0.155405737,0.075915204,0.992350621,0.097350537,0.110369017,0.610236153,-0.123451388,0.782541751,-0.260179672,0.000000000,0.000000000,0.000000000,1.000000000
1790743609653759186,1790743609,653759186,1790743609666395857,FL_calflower1,0.983427518,0.000000000,-0.181301730,0.172117601,0.022381950,0.992350621,0.121405492,0.105715843,0.179914884,-0.123451388,0.975904908,-0.297583703,0.000000000,0.000000000,0.000000000,1.000000000
1790743609653759186,1790743609,653759186,1790743609666395857,FL_foot,0.756854146,-0.000000000,-0.653583813,0.182751602,0.080685829,0.992350621,0.093434695,0.102682045,0.648584303,-0.123451388,0.751064682,-0.321970562,0.000000000,0.000000000,0.000000000,1.000000000
1790743609653759186,1790743609,653759186,1790743609666395857,FR_hip,1.000000000,0.000000000,0.000000000,0.193400000,0.000000000,0.992599013,-0.121438046,-0.046500000,0.000000000,0.121438046,0.992599013,0.000000000,0.000000000,0.000000000,0.000000000,1.000000000
1790743609653759186,1790743609,653759186,1790743609666395857,FR_thigh,0.664772645,0.000000000,0.747045735,0.193400000,0.090719775,0.992599013,-0.080728691,-0.141293206,-0.741516860,0.121438046,0.659852671,-0.011597333,0.000000000,0.000000000,0.000000000,1.000000000
1790743609653759186,1790743609,653759186,1790743609666395857,FR_calf,0.801365279,-0.000000000,-0.598175300,0.034279258,-0.072641240,0.992599013,-0.097316234,-0.124097995,0.593748212,0.121438046,0.795434385,-0.152145952,0.000000000,0.000000000,0.000000000,1.000000000
1790743609653759186,1790743609,653759186,1790743609666395857,FR_calflower,0.830260086,0.000000000,-0.557376165,0.138836508,-0.067686673,0.992599013,-0.100825163,-0.111148017,0.553251032,0.121438046,0.824115342,-0.257995277,0.000000000,0.000000000,0.000000000,1.000000000
1790743609653759186,1790743609,653759186,1790743609666395857,FR_calflower1,0.993821187,-0.000000000,-0.110993011,0.152828954,-0.013478774,0.992599013,-0.120687703,-0.106438143,0.110171553,0.121438046,0.986465929,-0.296492401,0.000000000,0.000000000,0.000000000,1.000000000
1790743609653759186,1790743609,653759186,1790743609666395857,FR_foot,0.801365279,-0.000000000,-0.598175300,0.161690597,-0.072641240,0.992599013,-0.097316234,-0.103369637,0.593748212,0.121438046,0.795434385,-0.321573476,0.000000000,0.000000000,0.000000000,1.000000000
1790743609653759186,1790743609,653759186,1790743609666395857,RL_hip,1.000000000,-0.000000000,0.000000000,-0.193400000,0.000000000,0.999954639,0.009524738,0.046500000,-0.000000000,-0.009524738,0.999954639,0.000000000,0.000000000,0.000000000,0.000000000,1.000000000
1790743609653759186,1790743609,653759186,1790743609666395857,RL_thigh,0.711687952,0.000000000,0.702495736,-0.193400000,-0.006691088,0.999954639,0.006778641,0.141995668,-0.702463870,-0.009524738,0.711655669,-0.000909612,0.000000000,0.000000000,0.000000000,1.000000000
1790743609653759186,1790743609,653759186,1790743609666395857,RL_calf,0.779827409,0.000000000,-0.625994579,-0.343031592,0.005962434,0.999954639,0.007427652,0.140551817,0.625966183,-0.009524738,0.779792035,-0.152492270,0.000000000,0.000000000,0.000000000,1.000000000
1790743609653759186,1790743609,653759186,1790743609666395857,RL_calflower,0.810139516,0.000000000,-0.586237123,-0.234787846,0.005583755,0.999954639,0.007716366,0.139571774,0.586210530,-0.009524738,0.810102767,-0.255382167,0.000000000,0.000000000,0.000000000,1.000000000
1790743609653759186,1790743609,653759186,1790743609666395857,RL_calflower1,0.989301733,0.000000000,-0.145883793,-0.219439756,0.001389505,0.999954639,0.009422840,0.139207281,0.145877176,-0.009524738,0.989256857,-0.293648383,0.000000000,0.000000000,0.000000000,1.000000000
1790743609653759186,1790743609,653759186,1790743609666395857,RL_foot,0.779827409,0.000000000,-0.625994579,-0.209694746,0.005962434,0.999954639,0.007427652,0.138969728,0.625966183,-0.009524738,0.779792035,-0.318587973,0.000000000,0.000000000,0.000000000,1.000000000
1790743609653759186,1790743609,653759186,1790743609666395857,RR_hip,1.000000000,-0.000000000,0.000000000,-0.193400000,0.000000000,0.999999809,0.000618065,-0.046500000,-0.000000000,-0.000618065,0.999999809,0.000000000,0.000000000,0.000000000,0.000000000,1.000000000
1790743609653759186,1790743609,653759186,1790743609666395857,RR_thigh,0.756195473,0.000000000,0.654345785,-0.193400000,-0.000404428,0.999999809,0.000467378,-0.141999982,-0.654345660,-0.000618065,0.756195329,0.000059025,0.000000000,0.000000000,0.000000000,1.000000000
1790743609653759186,1790743609,653759186,1790743609666395857,RR_calf,0.765168368,-0.000000000,-0.643830233,-0.332775652,0.000397929,0.999999809,0.000472924,-0.142099533,0.643830110,-0.000618065,0.765168222,-0.161010580,0.000000000,0.000000000,0.000000000,1.000000000
1790743609653759186,1790743609,653759186,1790743609666395857,RR_calflower,0.796390207,0.000000000,-0.604783134,-0.222185410,0.000373795,0.999999809,0.000492221,-0.142161567,0.604783018,-0.000618065,0.796390055,-0.261378874,0.000000000,0.000000000,0.000000000,1.000000000
1790743609653759186,1790743609,653759186,1790743609666395857,RR_calflower1,0.985670327,0.000000000,-0.168683156,-0.205957987,0.000104257,0.999999809,0.000609208,-0.142184994,0.168683124,-0.000618065,0.985670138,-0.299282307,0.000000000,0.000000000,0.000000000,1.000000000
1790743609653759186,1790743609,653759186,1790743609666395857,RR_foot,0.765168368,-0.000000000,-0.643830233,-0.195639813,0.000397929,0.999999809,0.000472924,-0.142200266,0.643830110,-0.000618065,0.765168222,-0.323991411,0.000000000,0.000000000,0.000000000,1.000000000
1790743610053511365,1790743610,53511365,1790743610066469324,FL_hip,1.000000000,-0.000000000,0.000000000,0.193400000,0.000000000,0.992339404,0.123541523,0.046500000,-0.000000000,-0.123541523,0.992339404,0.000000000,0.000000000,0.000000000,0.000000000,1.000000000
1790743610053511365,1790743610,53511365,1790743610066469324,FL_thigh,0.710172250,0.000000000,0.704027964,0.193400000,-0.086976687,0.992339404,0.087735761,0.141268413,-0.698634690,-0.123541523,0.704731907,-0.011798215,0.000000000,0.000000000,0.000000000,1.000000000
1790743610053511365,1790743610,53511365,1790743610066469324,FL_calf,0.757290175,0.000000000,-0.653078549,0.043442044,0.080682319,0.992339404,0.093556782,0.122580696,0.648075577,-0.123541523,0.751488881,-0.161906112,0.000000000,0.000000000,0.000000000,1.000000000
1790743610053511365,1790743610,53511365,1790743610066469324,FL_calflower,0.788984083,0.000000000,-0.614413637,0.155243472,0.075905596,0.992339404,0.097472295,0.110347939,0.609706862,-0.123541523,0.782939994,-0.260164955,0.000000000,0.000000000,0.000000000,1.000000000
1790743610053511365,1790743610,53511365,1790743610066469324,FL_calflower1,0.983548298,-0.000000000,-0.180645357,0.171930177,0.022317202,0.992339404,0.121509055,0.105689991,0.179261506,-0.123541523,0.976013732,-0.297579623,0.000000000,0.000000000,0.000000000,1.000000000
1790743610053511365,1790743610,53511365,1790743610066469324,FL_foot,0.757290175,0.000000000,-0.653078549,0.182547774,0.080682319,0.992339404,0.093556782,0.102653101,0.648075577,-0.123541523,0.751488881,-0.321973243,0.000000000,0.000000000,0.000000000,1.000000000
1790743610053511365,1790743610,53511365,1790743610066469324,FR_hip,1.000000000,0.000000000,0.000000000,0.193400000,0.000000000,0.992591657,-0.121498156,-0.046500000,0.000000000,0.121498156,0.992591657,0.000000000,0.000000000,0.000000000,0.000000000,1.000000000
1790743610053511365,1790743610,53511365,1790743610066469324,FR_thigh,0.664116455,-0.000000000,0.747629142,0.193400000,0.090835562,0.992591657,-0.080688925,-0.141292503,-0.742090449,0.121498156,0.659196453,-0.011603074,0.000000000,0.000000000,0.000000000,1.000000000
1790743610053511365,1790743610,53511365,1790743610066469324,FR_calf,0.801899663,-0.000000000,-0.597458728,0.034154993,-0.072590134,0.992591657,-0.097429331,-0.124105762,0.593032549,0.121498156,0.795958915,-0.152011918,0.000000000,0.000000000,0.000000000,1.000000000
1790743610053511365,1790743610,53511365,1790743610066469324,FR_calflower,0.830757988,-0.000000000,-0.556633781,0.138616878,-0.067629978,0.992591657,-0.100935564,-0.111138024,0.552510047,0.121498156,0.824603448,-0.257953187,0.000000000,0.000000000,0.000000000,1.000000000
1790743610053511365,1790743610,53511365,1790743610066469324,FR_calflower1,0.993920005,0.000000000,-0.110104599,0.152574649,-0.013377506,0.992591657,-0.120759448,-0.106424302,0.109288906,0.121498156,0.986556705,-0.296462425,0.000000000,0.000000000,0.000000000,1.000000000
1790743610053511365,1790743610,53511365,1790743610066469324,FR_foot,0.801899663,-0.000000000,-0.597458728,0.161413702,-0.072590134,0.992591657,-0.097429331,-0.103353315,0.593032549,0.121498156,0.795958915,-0.321551167,0.000000000,0.000000000,0.000000000,1.000000000
1790743610053511365,1790743610,53511365,1790743610066469324,RL_hip,1.000000000,-0.000000000,0.000000000,-0.193400000,0.000000000,0.999955214,0.009464182,0.046500000,-0.000000000,-0.009464182,0.999955214,0.000000000,0.000000000,0.000000000,0.000000000,1.000000000
1790743610053511365,1790743610,53511365,1790743610066469324,RL_thigh,0.711177261,0.000000000,0.703012734,-0.193400000,-0.006653441,0.999955214,0.006730711,0.141995723,-0.702981248,-0.009464182,0.711145410,-0.000903829,0.000000000,0.000000000,0.000000000,1.000000000
1790743610053511365,1790743610,53511365,1790743610066469324,RL_calf,0.780282113,0.000000000,-0.625427713,-0.343141712,0.005919162,0.999955214,0.007384732,0.140562081,0.625399702,-0.009464182,0.780247167,-0.152377802,0.000000000,0.000000000,0.000000000,1.000000000
1790743610053511365,1790743610,53511365,1790743610066469324,RL_calflower,0.810565321,0.000000000,-0.585648240,-0.234972768,0.005542682,0.999955214,0.007671338,0.139587524,0.585622010,-0.009464182,0.810529019,-0.255346388,0.000000000,0.000000000,0.000000000,1.000000000
1790743610053511365,1790743610,53511365,1790743610066469324,RL_calflower1,0.989407485,0.000000000,-0.145164829,-0.219652492,0.001373866,0.999955214,0.009363933,0.139225244,0.145158328,-0.009464182,0.989363174,-0.293623769,0.000000000,0.000000000,0.000000000,1.000000000
1790743610053511365,1790743610,53511365,1790743610066469324,RL_foot,0.780282113,0.000000000,-0.625427713,-0.209925609,0.005919162,0.999955214,0.007384732,0.138989133,0.625399702,-0.009464182,0.780247167,-0.318570448,0.000000000,0.000000000,0.000000000,1.000000000
1790743610053511365,1790743610,53511365,1790743610066469324,RR_hip,1.000000000,-0.000000000,0.000000000,-0.193400000,0.000000000,0.999999827,0.000587786,-0.046500000,-0.000000000,-0.000587786,0.999999827,0.000000000,0.000000000,0.000000000,0.000000000,1.000000000
1790743610053511365,1790743610,53511365,1790743610066469324,RR_thigh,0.755501671,-0.000000000,0.655146721,-0.193400000,-0.000385086,0.999999827,0.000444073,-0.141999984,-0.655146608,-0.000587786,0.755501540,0.000056134,0.000000000,0.000000000,0.000000000,1.000000000
1790743610053511365,1790743610,53511365,1790743610066469324,RR_calf,0.765789230,-0.000000000,-0.643091638,-0.332946252,0.000378000,0.999999827,0.000450120,-0.142094571,0.643091527,-0.000587786,0.765789098,-0.160865695,0.000000000,0.000000000,0.000000000,1.000000000
1790743610053511365,1790743610,53511365,1790743610066469324,RR_calflower,0.796973379,0.000000000,-0.604014431,-0.222452905,0.000355031,0.999999827,0.000468449,-0.142153629,0.604014327,-0.000587786,0.796973241,-0.261340651,0.000000000,0.000000000,0.000000000,1.000000000
1790743610053511365,1790743610,53511365,1790743610066469324,RR_calflower1,0.985832627,0.000000000,-0.167732024,-0.206262061,0.000098590,0.999999827,0.000579458,-0.142175917,0.167731995,-0.000587786,0.985832457,-0.299259723,0.000000000,0.000000000,0.000000000,1.000000000
1790743610053511365,1790743610,53511365,1790743610066469324,RR_foot,0.765789230,-0.000000000,-0.643091638,-0.195967733,0.000378000,0.999999827,0.000450120,-0.142190447,0.643091527,-0.000587786,0.765789098,-0.323978772,0.000000000,0.000000000,0.000000000,1.000000000
1790743610127948912,1790743610,127948912,1790743610133405009,FL_hip,1.000000000,-0.000000000,0.000000000,0.193400000,0.000000000,0.992339404,0.123541523,0.046500000,-0.000000000,-0.123541523,0.992339404,0.000000000,0.000000000,0.000000000,0.000000000,1.000000000
1790743610127948912,1790743610,127948912,1790743610133405009,FL_thigh,0.710129614,0.000000000,0.704070970,0.193400000,-0.086982000,0.992339404,0.087730494,0.141268413,-0.698677367,-0.123541523,0.704689598,-0.011798215,0.000000000,0.000000000,0.000000000,1.000000000
1790743610127948912,1790743610,127948912,1790743610133405009,FL_calf,0.757319447,0.000000000,-0.653044604,0.043432883,0.080678125,0.992339404,0.093560398,0.122581818,0.648041893,-0.123541523,0.751517929,-0.161897100,0.000000000,0.000000000,0.000000000,1.000000000
1790743610127948912,1790743610,127948912,1790743610133405009,FL_calflower,0.789011622,0.000000000,-0.614378272,0.155229874,0.075901227,0.992339404,0.097475697,0.110348441,0.609671768,-0.123541523,0.782967322,-0.260160915,0.000000000,0.000000000,0.000000000,1.000000000
1790743610127948912,1790743610,127948912,1790743610133405009,FL_calflower1,0.983556394,0.000000000,-0.180601271,0.171914888,0.022311756,0.992339404,0.121510055,0.105690401,0.179217758,-0.123541523,0.976021766,-0.297576326,0.000000000,0.000000000,0.000000000,1.000000000
1790743610127948912,1790743610,127948912,1790743610133405009,FL_foot,0.757319447,0.000000000,-0.653044604,0.182531384,0.080678125,0.992339404,0.093560398,0.102653453,0.648041893,-0.123541523,0.751517929,-0.321970419,0.000000000,0.000000000,0.000000000,1.000000000
1790743610127948912,1790743610,127948912,1790743610133405009,FR_hip,1.000000000,0.000000000,0.000000000,0.193400000,0.000000000,0.992599013,-0.121438046,-0.046500000,0.000000000,0.121438046,0.992599013,0.000000000,0.000000000,0.000000000,0.000000000,1.000000000
1790743610127948912,1790743610,127948912,1790743610133405009,FR_thigh,0.664116455,-0.000000000,0.747629142,0.193400000,0.090790622,0.992599013,-0.080649005,-0.141293206,-0.742095948,0.121438046,0.659201338,-0.011597333,0.000000000,0.000000000,0.000000000,1.000000000
1790743610127948912,1790743610,127948912,1790743610133405009,FR_calf,0.801899663,-0.000000000,-0.597458728,0.034154993,-0.072554221,0.992599013,-0.097381128,-0.124114968,0.593036943,0.121438046,0.795964814,-0.152007218,0.000000000,0.000000000,0.000000000,1.000000000
1790743610127948912,1790743610,127948912,1790743610133405009,FR_calflower,0.830757988,0.000000000,-0.556633781,0.138616878,-0.067596519,0.992599013,-0.100885627,-0.111153645,0.552514142,0.121438046,0.824609559,-0.257949272,0.000000000,0.000000000,0.000000000,1.000000000
1790743610127948912,1790743610,127948912,1790743610133405009,FR_calflower1,0.993920005,0.000000000,-0.110104599,0.152574649,-0.013370887,0.992599013,-0.120699704,-0.106442255,0.109289716,0.121438046,0.986564017,-0.296458796,0.000000000,0.000000000,0.000000000,1.000000000
1790743610127948912,1790743610,127948912,1790743610133405009,FR_foot,0.801899663,-0.000000000,-0.597458728,0.161413702,-0.072554221,0.992599013,-0.097381128,-0.103372787,0.593036943,0.121438046,0.795964814,-0.321547724,0.000000000,0.000000000,0.000000000,1.000000000
1790743610127948912,1790743610,127948912,1790743610133405009,RL_hip,1.000000000,-0.000000000,0.000000000,-0.193400000,0.000000000,0.999955214,0.009464182,0.046500000,-0.000000000,-0.009464182,0.999955214,0.000000000,0.000000000,0.000000000,0.000000000,1.000000000
1790743610127948912,1790743610,127948912,1790743610133405009,RL_thigh,0.711155974,0.000000000,0.703034267,-0.193400000,-0.006653644,0.999955214,0.006730510,0.141995723,-0.703002781,-0.009464182,0.711124124,-0.000903829,0.000000000,0.000000000,0.000000000,1.000000000
1790743610127948912,1790743610,127948912,1790743610133405009,RL_calf,0.780301050,0.000000000,-0.625404087,-0.343146299,0.005918938,0.999955214,0.007384911,0.140562124,0.625376077,-0.009464182,0.780266103,-0.152373268,0.000000000,0.000000000,0.000000000,1.000000000
1790743610127948912,1790743610,127948912,1790743610133405009,RL_calflower,0.810583054,-0.000000000,-0.585623696,-0.234980473,0.005542449,0.999955214,0.007671506,0.139587536,0.585597468,-0.009464182,0.810546750,-0.255345129,0.000000000,0.000000000,0.000000000,1.000000000
1790743610127948912,1790743610,127948912,1790743610133405009,RL_calflower1,0.989411880,0.000000000,-0.145134871,-0.219661356,0.001373583,0.999955214,0.009363974,0.139225251,0.145128371,-0.009464182,0.989367568,-0.293622974,0.000000000,0.000000000,0.000000000,1.000000000
1790743610127948912,1790743610,127948912,1790743610133405009,RL_foot,0.780301050,0.000000000,-0.625404087,-0.209935229,0.005918938,0.999955214,0.007384911,0.138989138,0.625376077,-0.009464182,0.780266103,-0.318569948,0.000000000,0.000000000,0.000000000,1.000000000
1790743610127948912,1790743610,127948912,1790743610133405009,RR_hip,1.000000000,-0.000000000,0.000000000,-0.193400000,0.000000000,0.999999809,0.000618065,-0.046500000,-0.000000000,-0.000618065,0.999999809,0.000000000,0.000000000,0.000000000,0.000000000,1.000000000
1790743610127948912,1790743610,127948912,1790743610133405009,RR_thigh,0.755501671,-0.000000000,0.655146721,-0.193400000,-0.000404923,0.999999809,0.000466949,-0.141999982,-0.655146596,-0.000618065,0.755501526,0.000059025,0.000000000,0.000000000,0.000000000,1.000000000
1790743610127948912,1790743610,127948912,1790743610133405009,RR_calf,0.765789230,-0.000000000,-0.643091638,-0.332946252,0.000397472,0.999999809,0.000473307,-0.142099442,0.643091515,-0.000618065,0.765789084,-0.160862800,0.000000000,0.000000000,0.000000000,1.000000000
1790743610127948912,1790743610,127948912,1790743610133405009,RR_calflower,0.796973379,-0.000000000,-0.604014431,-0.222452905,0.000373320,0.999999809,0.000492581,-0.142161542,0.604014316,-0.000618065,0.796973227,-0.261337754,0.000000000,0.000000000,0.000000000,1.000000000
1790743610127948912,1790743610,127948912,1790743610133405009,RR_calflower1,0.985832627,0.000000000,-0.167732024,-0.206262061,0.000103669,0.999999809,0.000609308,-0.142184978,0.167731992,-0.000618065,0.985832439,-0.299256826,0.000000000,0.000000000,0.000000000,1.000000000
1790743610127948912,1790743610,127948912,1790743610133405009,RR_foot,0.765789230,-0.000000000,-0.643091638,-0.195967733,0.000397472,0.999999809,0.000473307,-0.142200256,0.643091515,-0.000618065,0.765789084,-0.323975875,0.000000000,0.000000000,0.000000000,1.000000000
1790743610178115475,1790743610,178115475,1790743610199952412,FL_hip,1.000000000,-0.000000000,0.000000000,0.193400000,0.000000000,0.992339404,0.123541523,0.046500000,-0.000000000,-0.123541523,0.992339404,0.000000000,0.000000000,0.000000000,0.000000000,1.000000000
1790743610178115475,1790743610,178115475,1790743610199952412,FL_thigh,0.710129614,0.000000000,0.704070970,0.193400000,-0.086982000,0.992339404,0.087730494,0.141268413,-0.698677367,-0.123541523,0.704689598,-0.011798215,0.000000000,0.000000000,0.000000000,1.000000000
1790743610178115475,1790743610,178115475,1790743610199952412,FL_calf,0.757309093,-0.000000000,-0.653056611,0.043432883,0.080679608,0.992339404,0.093559119,0.122581818,0.648053808,-0.123541523,0.751507654,-0.161897100,0.000000000,0.000000000,0.000000000,1.000000000
1790743610178115475,1790743610,178115475,1790743610199952412,FL_calflower,0.789001881,0.000000000,-0.614390781,0.155231444,0.075902773,0.992339404,0.097474494,0.110348660,0.609684181,-0.123541523,0.782957656,-0.260159156,0.000000000,0.000000000,0.000000000,1.000000000
1790743610178115475,1790743610,178115475,1790743610199952412,FL_calflower1,0.983553531,-0.000000000,-0.180616865,0.171917056,0.022313683,0.992339404,0.121509701,0.105690653,0.179233233,-0.123541523,0.976018924,-0.297574304,0.000000000,0.000000000,0.000000000,1.000000000
1790743610178115475,1790743610,178115475,1790743610199952412,FL_foot,0.757309093,-0.000000000,-0.653056611,0.182533942,0.080679608,0.992339404,0.093559119,0.102653726,0.648053808,-0.123541523,0.751507654,-0.321968230,0.000000000,0.000000000,0.000000000,1.000000000
1790743610178115475,1790743610,178115475,1790743610199952412,FR_hip,1.000000000,0.000000000,0.000000000,0.193400000,0.000000000,0.992599013,-0.121438046,-0.046500000,0.000000000,0.121438046,0.992599013,0.000000000,0.000000000,0.000000000,0.000000000,1.000000000
1790743610178115475,1790743610,178115475,1790743610199952412,FR_thigh,0.664093818,0.000000000,0.747649250,0.193400000,0.090793064,0.992599013,-0.080646256,-0.141293206,-0.742115908,0.121438046,0.659178868,-0.011597333,0.000000000,0.000000000,0.000000000,1.000000000
1790743610178115475,1790743610,178115475,1790743610199952412,FR_calf,0.801908280,0.000000000,-0.597447161,0.034150710,-0.072552816,0.992599013,-0.097382175,-0.124115553,0.593025462,0.121438046,0.795973368,-0.152002432,0.000000000,0.000000000,0.000000000,1.000000000
1790743610178115475,1790743610,178115475,1790743610199952412,FR_calflower,0.830766017,-0.000000000,-0.556621798,0.138611055,-0.067595064,0.992599013,-0.100886602,-0.111154048,0.552502247,0.121438046,0.824617528,-0.257945981,0.000000000,0.000000000,0.000000000,1.000000000
1790743610178115475,1790743610,178115475,1790743610199952412,FR_calflower1,0.993921594,0.000000000,-0.110090262,0.152568267,-0.013369146,0.992599013,-0.120699897,-0.106442633,0.109275486,0.121438046,0.986565593,-0.296455705,0.000000000,0.000000000,0.000000000,1.000000000
1790743610178115475,1790743610,178115475,1790743610199952412,FR_foot,0.801908280,0.000000000,-0.597447161,0.161406955,-0.072552816,0.992599013,-0.097382175,-0.103373150,0.593025462,0.121438046,0.795973368,-0.321544760,0.000000000,0.000000000,0.000000000,1.000000000
1790743610178115475,1790743610,178115475,1790743610199952412,RL_hip,1.000000000,-0.000000000,0.000000000,-0.193400000,0.000000000,0.999954060,0.009585293,0.046500000,-0.000000000,-0.009585293,0.999954060,0.000000000,0.000000000,0.000000000,0.000000000,1.000000000
1790743610178115475,1790743610,178115475,1790743610199952412,RL_thigh,0.711113398,-0.000000000,0.703077332,-0.193400000,-0.006739202,0.999954060,0.006816231,0.141995613,-0.703045033,-0.009585293,0.711080729,-0.000915396,0.000000000,0.000000000,0.000000000,1.000000000
1790743610178115475,1790743610,178115475,1790743610199952412,RL_calf,0.780338922,0.000000000,-0.625356832,-0.343155472,0.005994229,0.999954060,0.007479777,0.140543756,0.625328103,-0.009585293,0.780303073,-0.152375591,0.000000000,0.000000000,0.000000000,1.000000000
1790743610178115475,1790743610,178115475,1790743610199952412,RL_calflower,0.810618516,0.000000000,-0.585574607,-0.234995882,0.005612904,0.999954060,0.007770016,0.139556633,0.585547706,-0.009585293,0.810581277,-0.255353884,0.000000000,0.000000000,0.000000000,1.000000000
1790743610178115475,1790743610,178115475,1790743610199952412,RL_calflower1,0.989420668,0.000000000,-0.145074953,-0.219679083,0.001390586,0.999954060,0.009483887,0.139189703,0.145068289,-0.009585293,0.989375214,-0.293632612,0.000000000,0.000000000,0.000000000,1.000000000
1790743610178115475,1790743610,178115475,1790743610199952412,RL_foot,0.780338922,0.000000000,-0.625356832,-0.209954467,0.005994229,0.999954060,0.007479777,0.138950563,0.625328103,-0.009585293,0.780303073,-0.318580145,0.000000000,0.000000000,0.000000000,1.000000000
1790743610178115475,1790743610,178115475,1790743610199952412,RR_hip,1.000000000,-0.000000000,0.000000000,-0.193400000,0.000000000,0.999999809,0.000618065,-0.046500000,-0.000000000,-0.000618065,0.999999809,0.000000000,0.000000000,0.000000000,0.000000000,1.000000000
1790743610178115475,1790743610,178115475,1790743610199952412,RR_thigh,0.755501671,-0.000000000,0.655146721,-0.193400000,-0.000404923,0.999999809,0.000466949,-0.141999982,-0.655146596,-0.000618065,0.755501526,0.000059025,0.000000000,0.000000000,0.000000000,1.000000000
1790743610178115475,1790743610,178115475,1790743610199952412,RR_calf,0.765779034,0.000000000,-0.643103779,-0.332946252,0.000397480,0.999999809,0.000473301,-0.142099442,0.643103656,-0.000618065,0.765778888,-0.160862800,0.000000000,0.000000000,0.000000000,1.000000000
1790743610178115475,1790743610,178115475,1790743610199952412,RR_calflower,0.796963802,-0.000000000,-0.604027067,-0.222451312,0.000373328,0.999999809,0.000492575,-0.142161541,0.604026952,-0.000618065,0.796963650,-0.261336002,0.000000000,0.000000000,0.000000000,1.000000000
1790743610178115475,1790743610,178115475,1790743610199952412,RR_calflower1,0.985829967,0.000000000,-0.167747654,-0.206259867,0.000103679,0.999999809,0.000609307,-0.142184977,0.167747622,-0.000618065,0.985829779,-0.299254818,0.000000000,0.000000000,0.000000000,1.000000000
1790743610178115475,1790743610,178115475,1790743610199952412,RR_foot,0.765779034,0.000000000,-0.643103779,-0.195965147,0.000397480,0.999999809,0.000473301,-0.142200255,0.643103656,-0.000618065,0.765778888,-0.323973703,0.000000000,0.000000000,0.000000000,1.000000000
1790743610241662449,1790743610,241662449,1790743610266399154,FL_hip,1.000000000,-0.000000000,0.000000000,0.193400000,0.000000000,0.992339404,0.123541523,0.046500000,-0.000000000,-0.123541523,0.992339404,0.000000000,0.000000000,0.000000000,0.000000000,1.000000000
1790743610241662449,1790743610,241662449,1790743610266399154,FL_thigh,0.710150933,-0.000000000,0.704049468,0.193400000,-0.086979343,0.992339404,0.087733128,0.141268413,-0.698656029,-0.123541523,0.704710753,-0.011798215,0.000000000,0.000000000,0.000000000,1.000000000
1790743610241662449,1790743610,241662449,1790743610266399154,FL_calf,0.757278964,-0.000000000,-0.653091548,0.043437463,0.080683925,0.992339404,0.093555397,0.122581257,0.648088477,-0.123541523,0.751477756,-0.161901606,0.000000000,0.000000000,0.000000000,1.000000000
1790743610241662449,1790743610,241662449,1790743610266399154,FL_calflower,0.788973536,0.000000000,-0.614427180,0.155240592,0.075907270,0.992339404,0.097470992,0.110348737,0.609720302,-0.123541523,0.782929528,-0.260158544,0.000000000,0.000000000,0.000000000,1.000000000
1790743610241662449,1790743610,241662449,1790743610266399154,FL_calflower1,0.983545197,-0.000000000,-0.180662240,0.171927944,0.022319288,0.992339404,0.121508672,0.105690824,0.179278260,-0.123541523,0.976010654,-0.297572928,0.000000000,0.000000000,0.000000000,1.000000000
1790743610241662449,1790743610,241662449,1790743610266399154,FL_foot,0.757278964,-0.000000000,-0.653091548,0.182545963,0.080683925,0.992339404,0.093555397,0.102653957,0.648088477,-0.123541523,0.751477756,-0.321966368,0.000000000,0.000000000,0.000000000,1.000000000
1790743610241662449,1790743610,241662449,1790743610266399154,FR_hip,1.000000000,0.000000000,0.000000000,0.193400000,0.000000000,0.992591657,-0.121498156,-0.046500000,0.000000000,0.121498156,0.992591657,0.000000000,0.000000000,0.000000000,0.000000000,1.000000000
1790743610241662449,1790743610,241662449,1790743610266399154,FR_thigh,0.664071179,0.000000000,0.747669358,0.193400000,0.090840449,0.992591657,-0.080683424,-0.141292503,-0.742130367,0.121498156,0.659151512,-0.011603074,0.000000000,0.000000000,0.000000000,1.000000000
1790743610241662449,1790743610,241662449,1790743610266399154,FR_calf,0.801935842,0.000000000,-0.597410165,0.034146427,-0.072584234,0.992591657,-0.097433726,-0.124106934,0.592984346,0.121498156,0.795994827,-0.152002346,0.000000000,0.000000000,0.000000000,1.000000000
1790743610241662449,1790743610,241662449,1790743610266399154,FR_calflower,0.830791695,-0.000000000,-0.556583471,0.138601848,-0.067623865,0.992591657,-0.100939659,-0.111138427,0.552460109,0.121498156,0.824636905,-0.257949893,0.000000000,0.000000000,0.000000000,1.000000000
1790743610241662449,1790743610,241662449,1790743610266399154,FR_calflower1,0.993926671,-0.000000000,-0.110044409,0.152557270,-0.013370193,0.992591657,-0.120760258,-0.106424602,0.109229162,0.121498156,0.986563322,-0.296459971,0.000000000,0.000000000,0.000000000,1.000000000
1790743610241662449,1790743610,241662449,1790743610266399154,FR_foot,0.801935842,0.000000000,-0.597410165,0.161394792,-0.072584234,0.992591657,-0.097433726,-0.103353550,0.592984346,0.121498156,0.795994827,-0.321549244,0.000000000,0.000000000,0.000000000,1.000000000
1790743610241662449,1790743610,241662449,1790743610266399154,RL_hip,1.000000000,-0.000000000,0.000000000,-0.193400000,0.000000000,0.999955214,0.009464182,0.046500000,-0.000000000,-0.009464182,0.999955214,0.000000000,0.000000000,0.000000000,0.000000000,1.000000000
1790743610241662449,1790743610,241662449,1790743610266399154,RL_thigh,0.711092109,-0.000000000,0.703098864,-0.193400000,-0.006654256,0.999955214,0.006729905,0.141995723,-0.703067375,-0.009464182,0.711060262,-0.000903829,0.000000000,0.000000000,0.000000000,1.000000000
1790743610241662449,1790743610,241662449,1790743610266399154,RL_calf,0.780357857,0.000000000,-0.625333203,-0.343160058,0.005918267,0.999955214,0.007385449,0.140562253,0.625305197,-0.009464182,0.780322907,-0.152359665,0.000000000,0.000000000,0.000000000,1.000000000
1790743610241662449,1790743610,241662449,1790743610266399154,RL_calflower,0.810636247,-0.000000000,-0.585550062,-0.235003587,0.005541752,0.999955214,0.007672009,0.139587572,0.585523838,-0.009464182,0.810599941,-0.255341352,0.000000000,0.000000000,0.000000000,1.000000000
1790743610241662449,1790743610,241662449,1790743610266399154,RL_calflower1,0.989425060,0.000000000,-0.145044995,-0.219687947,0.001372732,0.999955214,0.009364099,0.139225274,0.145038499,-0.009464182,0.989380747,-0.293620588,0.000000000,0.000000000,0.000000000,1.000000000
1790743610241662449,1790743610,241662449,1790743610266399154,RL_foot,0.780357857,0.000000000,-0.625333203,-0.209964086,0.005918267,0.999955214,0.007385449,0.138989152,0.625305197,-0.009464182,0.780322907,-0.318568444,0.000000000,0.000000000,0.000000000,1.000000000
1790743610241662449,1790743610,241662449,1790743610266399154,RR_hip,1.000000000,-0.000000000,0.000000000,-0.193400000,0.000000000,0.999999827,0.000587786,-0.046500000,-0.000000000,-0.000587786,0.999999827,0.000000000,0.000000000,0.000000000,0.000000000,1.000000000
1790743610241662449,1790743610,241662449,1790743610266399154,RR_thigh,0.755461995,-0.000000000,0.655192471,-0.193400000,-0.000385113,0.999999827,0.000444050,-0.141999984,-0.655192358,-0.000587786,0.755461864,0.000056134,0.000000000,0.000000000,0.000000000,1.000000000
1790743610241662449,1790743610,241662449,1790743610266399154,RR_calf,0.765817978,-0.000000000,-0.643057404,-0.332955996,0.000377980,0.999999827,0.000450137,-0.142094566,0.643057293,-0.000587786,0.765817846,-0.160857244,0.000000000,0.000000000,0.000000000,1.000000000
1790743610241662449,1790743610,241662449,1790743610266399154,RR_calflower,0.797000380,0.000000000,-0.603978803,-0.222467141,0.000355010,0.999999827,0.000468465,-0.142153627,0.603978699,-0.000587786,0.797000242,-0.261337139,0.000000000,0.000000000,0.000000000,1.000000000
1790743610241662449,1790743610,241662449,1790743610266399154,RR_calflower1,0.985840124,0.000000000,-0.167687953,-0.206277993,0.000098565,0.999999827,0.000579463,-0.142175915,0.167687924,-0.000587786,0.985839954,-0.299256936,0.000000000,0.000000000,0.000000000,1.000000000
1790743610241662449,1790743610,241662449,1790743610266399154,RR_foot,0.765817978,-0.000000000,-0.643057404,-0.195984769,0.000377980,0.999999827,0.000450137,-0.142190445,0.643057293,-0.000587786,0.765817846,-0.323976445,0.000000000,0.000000000,0.000000000,1.000000000
1790743610326919271,1790743610,326919271,1790743610333281512,FL_hip,1.000000000,-0.000000000,0.000000000,0.193400000,0.000000000,0.992343144,0.123511476,0.046500000,-0.000000000,-0.123511476,0.992343144,0.000000000,0.000000000,0.000000000,0.000000000,1.000000000
1790743610326919271,1790743610,326919271,1790743610333281512,FL_thigh,0.710129614,-0.000000000,0.704070970,0.193400000,-0.086960845,0.992343144,0.087709157,0.141268770,-0.698680000,-0.123511476,0.704692254,-0.011795346,0.000000000,0.000000000,0.000000000,1.000000000
1790743610326919271,1790743610,326919271,1790743610333281512,FL_calf,0.757309093,0.000000000,-0.653056611,0.043432883,0.080659986,0.992343144,0.093536364,0.122586720,0.648056251,-0.123511476,0.751510486,-0.161894796,0.000000000,0.000000000,0.000000000,1.000000000
1790743610326919271,1790743610,326919271,1790743610333281512,FL_calflower,0.789001881,0.000000000,-0.614390781,0.155231444,0.075884312,0.992343144,0.097450787,0.110356538,0.609686479,-0.123511476,0.782960607,-0.260157223,0.000000000,0.000000000,0.000000000,1.000000000
1790743610326919271,1790743610,326919271,1790743610333281512,FL_calflower1,0.983553531,0.000000000,-0.180616865,0.171917056,0.022308256,0.992343144,0.121480148,0.105699663,0.179233908,-0.123511476,0.976022603,-0.297572512,0.000000000,0.000000000,0.000000000,1.000000000
1790743610326919271,1790743610,326919271,1790743610333281512,FL_foot,0.757309093,0.000000000,-0.653056611,0.182533942,0.080659986,0.992343144,0.093536364,0.102663474,0.648056251,-0.123511476,0.751510486,-0.321966530,0.000000000,0.000000000,0.000000000,1.000000000
1790743610326919271,1790743610,326919271,1790743610333281512,FR_hip,1.000000000,0.000000000,0.000000000,0.193400000,0.000000000,0.992595336,-0.121468101,-0.046500000,0.000000000,0.121468101,0.992595336,0.000000000,0.000000000,0.000000000,0.000000000,1.000000000
1790743610326919271,1790743610,326919271,1790743610333281512,FR_thigh,0.664003260,0.000000000,0.747729678,0.193400000,0.090825304,0.992595336,-0.080655215,-0.141292855,-0.742192990,0.121468101,0.659086539,-0.011600204,0.000000000,0.000000000,0.000000000,1.000000000
1790743610326919271,1790743610,326919271,1790743610333281512,FR_calf,0.801999505,0.000000000,-0.597324697,0.034133579,-0.072555897,0.992595336,-0.097417357,-0.124113294,0.592901708,0.121468101,0.796060968,-0.151985636,0.000000000,0.000000000,0.000000000,1.000000000
1790743610326919271,1790743610,326919271,1790743610333281512,FR_calflower,0.830851007,-0.000000000,-0.556494927,0.138577624,-0.067596382,0.992595336,-0.100921894,-0.111146643,0.552374269,0.121468101,0.824698834,-0.257944626,0.000000000,0.000000000,0.000000000,1.000000000
1790743610326919271,1790743610,326919271,1790743610333281512,FR_calflower1,0.993938394,0.000000000,-0.109938482,0.152528911,-0.013354019,0.992595336,-0.120731810,-0.106433803,0.109124424,0.121468101,0.986578613,-0.296456322,0.000000000,0.000000000,0.000000000,1.000000000
1790743610326919271,1790743610,326919271,1790743610333281512,FR_foot,0.801999505,0.000000000,-0.597324697,0.161363739,-0.072555897,0.992595336,-0.097417357,-0.103363397,0.592901708,0.121468101,0.796060968,-0.321546623,0.000000000,0.000000000,0.000000000,1.000000000
1790743610326919271,1790743610,326919271,1790743610333281512,RL_hip,1.000000000,-0.000000000,0.000000000,-0.193400000,0.000000000,0.999955214,0.009464182,0.046500000,-0.000000000,-0.009464182,0.999955214,0.000000000,0.000000000,0.000000000,0.000000000,1.000000000
1790743610326919271,1790743610,326919271,1790743610333281512,RL_thigh,0.711155974,0.000000000,0.703034267,-0.193400000,-0.006653644,0.999955214,0.006730510,0.141995723,-0.703002781,-0.009464182,0.711124124,-0.000903829,0.000000000,0.000000000,0.000000000,1.000000000
1790743610326919271,1790743610,326919271,1790743610333281512,RL_calf,0.780310891,-0.000000000,-0.625391808,-0.343146299,0.005918822,0.999955214,0.007385004,0.140562124,0.625363799,-0.009464182,0.780275944,-0.152373268,0.000000000,0.000000000,0.000000000,1.000000000
1790743610326919271,1790743610,326919271,1790743610333281512,RL_calflower,0.810592269,0.000000000,-0.585610941,-0.234982094,0.005542329,0.999955214,0.007671593,0.139587520,0.585584714,-0.009464182,0.810555965,-0.255346831,0.000000000,0.000000000,0.000000000,1.000000000
1790743610326919271,1790743610,326919271,1790743610333281512,RL_calflower1,0.989414164,0.000000000,-0.145119302,-0.219663579,0.001373436,0.999955214,0.009363996,0.139225233,0.145112802,-0.009464182,0.989369852,-0.293624917,0.000000000,0.000000000,0.000000000,1.000000000
1790743610326919271,1790743610,326919271,1790743610333281512,RL_foot,0.780310891,-0.000000000,-0.625391808,-0.209937844,0.005918822,0.999955214,0.007385004,0.138989118,0.625363799,-0.009464182,0.780275944,-0.318572044,0.000000000,0.000000000,0.000000000,1.000000000
1790743610326919271,1790743610,326919271,1790743610333281512,RR_hip,1.000000000,-0.000000000,0.000000000,-0.193400000,0.000000000,0.999999809,0.000618065,-0.046500000,-0.000000000,-0.000618065,0.999999809,0.000000000,0.000000000,0.000000000,0.000000000,1.000000000
1790743610326919271,1790743610,326919271,1790743610333281512,RR_thigh,0.755402475,-0.000000000,0.655261093,-0.193400000,-0.000404994,0.999999809,0.000466888,-0.141999982,-0.655260968,-0.000618065,0.755402331,0.000059025,0.000000000,0.000000000,0.000000000,1.000000000
1790743610326919271,1790743610,326919271,1790743610333281512,RR_calf,0.765795133,0.000000000,-0.643084608,-0.332970613,0.000397468,0.999999809,0.000473311,-0.142099429,0.643084486,-0.000618065,0.765794987,-0.160841671,0.000000000,0.000000000,0.000000000,1.000000000
1790743610326919271,1790743610,326919271,1790743610333281512,RR_calflower,0.796978923,0.000000000,-0.604007116,-0.222478188,0.000373315,0.999999809,0.000492585,-0.142161529,0.604007000,-0.000618065,0.796978771,-0.261317640,0.000000000,0.000000000,0.000000000,1.000000000
1790743610326919271,1790743610,326919271,1790743610333281512,RR_calflower1,0.985834166,0.000000000,-0.167722975,-0.206287693,0.000103664,0.999999809,0.000609309,-0.142184966,0.167722943,-0.000618065,0.985833978,-0.299236861,0.000000000,0.000000000,0.000000000,1.000000000
1790743610326919271,1790743610,326919271,1790743610333281512,RR_foot,0.765795133,0.000000000,-0.643084608,-0.195993591,0.000397468,0.999999809,0.000473311,-0.142200244,0.643084486,-0.000618065,0.765794987,-0.323956004,0.000000000,0.000000000,0.000000000,1.000000000
1790743610397876130,1790743610,397876130,1790743610399692616,FL_hip,1.000000000,-0.000000000,0.000000000,0.193400000,0.000000000,0.992339404,0.123541523,0.046500000,-0.000000000,-0.123541523,0.992339404,0.000000000,0.000000000,0.000000000,0.000000000,1.000000000
1790743610397876130,1790743610,397876130,1790743610399692616,FL_thigh,0.710172250,0.000000000,0.704027964,0.193400000,-0.086976687,0.992339404,0.087735761,0.141268413,-0.698634690,-0.123541523,0.704731907,-0.011798215,0.000000000,0.000000000,0.000000000,1.000000000
1790743610397876130,1790743610,397876130,1790743610399692616,FL_calf,0.757269544,0.000000000,-0.653102471,0.043442044,0.080685274,0.992339404,0.093554233,0.122580696,0.648099317,-0.123541523,0.751468407,-0.161906112,0.000000000,0.000000000,0.000000000,1.000000000
1790743610397876130,1790743610,397876130,1790743610399692616,FL_calflower,0.788964673,0.000000000,-0.614438561,0.155246600,0.075908676,0.992339404,0.097469897,0.110348375,0.609731595,-0.123541523,0.782920733,-0.260161450,0.000000000,0.000000000,0.000000000,1.000000000
1790743610397876130,1790743610,397876130,1790743610399692616,FL_calflower1,0.983542591,0.000000000,-0.180676427,0.171934496,0.022321041,0.992339404,0.121508350,0.105690492,0.179292338,-0.123541523,0.976008068,-0.297575595,0.000000000,0.000000000,0.000000000,1.000000000
1790743610397876130,1790743610,397876130,1790743610399692616,FL_foot,0.757269544,0.000000000,-0.653102471,0.182552870,0.080685274,0.992339404,0.093554233,0.102653644,0.648099317,-0.123541523,0.751468407,-0.321968883,0.000000000,0.000000000,0.000000000,1.000000000
1790743610397876130,1790743610,397876130,1790743610399692616,FR_hip,1.000000000,0.000000000,0.000000000,0.193400000,0.000000000,0.992595336,-0.121468101,-0.046500000,0.000000000,0.121468101,0.992595336,0.000000000,0.000000000,0.000000000,0.000000000,1.000000000
1790743610397876130,1790743610,397876130,1790743610399692616,FR_thigh,0.664048540,0.000000000,0.747689465,0.193400000,0.090820420,0.992595336,-0.080660715,-0.141292855,-0.742153076,0.121468101,0.659131483,-0.011600204,0.000000000,0.000000000,0.000000000,1.000000000
1790743610397876130,1790743610,397876130,1790743610399692616,FR_calf,0.801935059,0.000000000,-0.597411216,0.034142144,-0.072566406,0.992595336,-0.097409529,-0.124112122,0.592987587,0.121468101,0.795996999,-0.151995210,0.000000000,0.000000000,0.000000000,1.000000000
1790743610397876130,1790743610,397876130,1790743610399692616,FR_calflower,0.830790965,0.000000000,-0.556584560,0.138597705,-0.067607270,0.992595336,-0.100914601,-0.111146840,0.552463238,0.121468101,0.824639237,-0.257943014,0.000000000,0.000000000,0.000000000,1.000000000
1790743610397876130,1790743610,397876130,1790743610399692616,FR_calflower1,0.993926527,-0.000000000,-0.110045712,0.152553178,-0.013367044,0.992595336,-0.120730368,-0.106434183,0.109230860,0.121468101,0.986566835,-0.296453216,0.000000000,0.000000000,0.000000000,1.000000000
1790743610397876130,1790743610,397876130,1790743610399692616,FR_foot,0.801935059,0.000000000,-0.597411216,0.161390733,-0.072566406,0.992595336,-0.097409529,-0.103363892,0.592987587,0.121468101,0.795996999,-0.321542570,0.000000000,0.000000000,0.000000000,1.000000000
1790743610397876130,1790743610,397876130,1790743610399692616,RL_hip,1.000000000,-0.000000000,0.000000000,-0.193400000,0.000000000,0.999955500,0.009433904,0.046500000,-0.000000000,-0.009433904,0.999955500,0.000000000,0.000000000,0.000000000,0.000000000,1.000000000
1790743610397876130,1790743610,397876130,1790743610399692616,RL_thigh,0.711177261,0.000000000,0.703012734,-0.193400000,-0.006632155,0.999955500,0.006709178,0.141995750,-0.702981450,-0.009433904,0.711145613,-0.000900938,0.000000000,0.000000000,0.000000000,1.000000000
1790743610397876130,1790743610,397876130,1790743610399692616,RL_calf,0.780282113,0.000000000,-0.625427713,-0.343141712,0.005900225,0.999955500,0.007361107,0.140566695,0.625399881,-0.009433904,0.780247390,-0.152374953,0.000000000,0.000000000,0.000000000,1.000000000
1790743610397876130,1790743610,397876130,1790743610399692616,RL_calflower,0.810565321,0.000000000,-0.585648240,-0.234972768,0.005524950,0.999955500,0.007646796,0.139595256,0.585622178,-0.009433904,0.810529251,-0.255343570,0.000000000,0.000000000,0.000000000,1.000000000
1790743610397876130,1790743610,397876130,1790743610399692616,RL_calflower1,0.989407485,0.000000000,-0.145164829,-0.219652492,0.001369471,0.999955500,0.009333976,0.139234135,0.145158369,-0.009433904,0.989363457,-0.293620961,0.000000000,0.000000000,0.000000000,1.000000000
1790743610397876130,1790743610,397876130,1790743610399692616,RL_foot,0.780282113,0.000000000,-0.625427713,-0.209925609,0.005900225,0.999955500,0.007361107,0.138998779,0.625399881,-0.009433904,0.780247390,-0.318567648,0.000000000,0.000000000,0.000000000,1.000000000
1790743610397876130,1790743610,397876130,1790743610399692616,RR_hip,1.000000000,-0.000000000,0.000000000,-0.193400000,0.000000000,0.999999827,0.000587786,-0.046500000,-0.000000000,-0.000587786,0.999999827,0.000000000,0.000000000,0.000000000,0.000000000,1.000000000
1790743610397876130,1790743610,397876130,1790743610399692616,RR_thigh,0.755422316,-0.000000000,0.655238220,-0.193400000,-0.000385140,0.999999827,0.000444026,-0.141999984,-0.655238107,-0.000587786,0.755422185,0.000056134,0.000000000,0.000000000,0.000000000,1.000000000
1790743610397876130,1790743610,397876130,1790743610399692616,RR_calf,0.765724907,0.000000000,-0.643168226,-0.332965741,0.000378045,0.999999827,0.000450082,-0.142094561,0.643168115,-0.000587786,0.765724774,-0.160848792,0.000000000,0.000000000,0.000000000,1.000000000
1790743610397876130,1790743610,397876130,1790743610399692616,RR_calflower,0.796912964,0.000000000,-0.604094139,-0.222462345,0.000355078,0.999999827,0.000468414,-0.142153612,0.604094034,-0.000587786,0.796912826,-0.261312696,0.000000000,0.000000000,0.000000000,1.000000000
1790743610397876130,1790743610,397876130,1790743610399692616,RR_calflower1,0.985815846,0.000000000,-0.167830623,-0.206267709,0.000098648,0.999999827,0.000579448,-0.142175900,0.167830594,-0.000587786,0.985815676,-0.299230150,0.000000000,0.000000000,0.000000000,1.000000000
1790743610397876130,1790743610,397876130,1790743610399692616,RR_foot,0.765724907,0.000000000,-0.643168226,-0.195970909,0.000378045,0.999999827,0.000450082,-0.142190429,0.643168115,-0.000587786,0.765724774,-0.323948169,0.000000000,0.000000000,0.000000000,1.000000000
1790743610462839879,1790743610,462839879,1790743610466373743,FL_hip,1.000000000,-0.000000000,0.000000000,0.193400000,0.000000000,0.992339404,0.123541523,0.046500000,-0.000000000,-0.123541523,0.992339404,0.000000000,0.000000000,0.000000000,0.000000000,1.000000000
1790743610462839879,1790743610,462839879,1790743610466373743,FL_thigh,0.710172250,0.000000000,0.704027964,0.193400000,-0.086976687,0.992339404,0.087735761,0.141268413,-0.698634690,-0.123541523,0.704731907,-0.011798215,0.000000000,0.000000000,0.000000000,1.000000000
1790743610462839879,1790743610,462839879,1790743610466373743,FL_calf,0.757269544,0.000000000,-0.653102471,0.043442044,0.080685274,0.992339404,0.093554233,0.122580696,0.648099317,-0.123541523,0.751468407,-0.161906112,0.000000000,0.000000000,0.000000000,1.000000000
1790743610462839879,1790743610,462839879,1790743610466373743,FL_calflower,0.788964673,0.000000000,-0.614438561,0.155246600,0.075908676,0.992339404,0.097469897,0.110348375,0.609731595,-0.123541523,0.782920733,-0.260161450,0.000000000,0.000000000,0.000000000,1.000000000
1790743610462839879,1790743610,462839879,1790743610466373743,FL_calflower1,0.983542591,0.000000000,-0.180676427,0.171934496,0.022321041,0.992339404,0.121508350,0.105690492,0.179292338,-0.123541523,0.976008068,-0.297575595,0.000000000,0.000000000,0.000000000,1.000000000
1790743610462839879,1790743610,462839879,1790743610466373743,FL_foot,0.757269544,0.000000000,-0.653102471,0.182552870,0.080685274,0.992339404,0.093554233,0.102653644,0.648099317,-0.123541523,0.751468407,-0.321968883,0.000000000,0.000000000,0.000000000,1.000000000
1790743610462839879,1790743610,462839879,1790743610466373743,FR_hip,1.000000000,0.000000000,0.000000000,0.193400000,0.000000000,0.992591657,-0.121498156,-0.046500000,0.000000000,0.121498156,0.992591657,0.000000000,0.000000000,0.000000000,0.000000000,1.000000000
1790743610462839879,1790743610,462839879,1790743610466373743,FR_thigh,0.664093818,0.000000000,0.747649250,0.193400000,0.090838005,0.992591657,-0.080686174,-0.141292503,-0.742110408,0.121498156,0.659173983,-0.011603074,0.000000000,0.000000000,0.000000000,1.000000000
1790743610462839879,1790743610,462839879,1790743610466373743,FR_calf,0.801917753,0.000000000,-0.597434447,0.034150710,-0.072587184,0.992591657,-0.097431528,-0.124106348,0.593008447,0.121498156,0.795976871,-0.152007132,0.000000000,0.000000000,0.000000000,1.000000000
1790743610462839879,1790743610,462839879,1790743610466373743,FR_calflower,0.830774842,0.000000000,-0.556608626,0.138609363,-0.067626922,0.992591657,-0.100937612,-0.111138226,0.552485078,0.121498156,0.824620177,-0.257951540,0.000000000,0.000000000,0.000000000,1.000000000
1790743610462839879,1790743610,462839879,1790743610466373743,FR_calflower1,0.993923339,0.000000000,-0.110074504,0.152565959,-0.013373849,0.992591657,-0.120759853,-0.106424452,0.109259034,0.121498156,0.986560014,-0.296461198,0.000000000,0.000000000,0.000000000,1.000000000
1790743610462839879,1790743610,462839879,1790743610466373743,FR_foot,0.801917753,0.000000000,-0.597434447,0.161404247,-0.072587184,0.992591657,-0.097431528,-0.103353433,0.593008447,0.121498156,0.795976871,-0.321550206,0.000000000,0.000000000,0.000000000,1.000000000
1790743610462839879,1790743610,462839879,1790743610466373743,RL_hip,1.000000000,-0.000000000,0.000000000,-0.193400000,0.000000000,0.999955500,0.009433904,0.046500000,-0.000000000,-0.009433904,0.999955500,0.000000000,0.000000000,0.000000000,0.000000000,1.000000000
1790743610462839879,1790743610,462839879,1790743610466373743,RL_thigh,0.711155974,0.000000000,0.703034267,-0.193400000,-0.006632358,0.999955500,0.006708977,0.141995750,-0.703002982,-0.009433904,0.711124327,-0.000900938,0.000000000,0.000000000,0.000000000,1.000000000
1790743610462839879,1790743610,462839879,1790743610466373743,RL_calf,0.780301050,-0.000000000,-0.625404087,-0.343146299,0.005900002,0.999955500,0.007361286,0.140566738,0.625376256,-0.009433904,0.780266326,-0.152370420,0.000000000,0.000000000,0.000000000,1.000000000
1790743610462839879,1790743610,462839879,1790743610466373743,RL_calflower,0.810583054,0.000000000,-0.585623696,-0.234980473,0.005524718,0.999955500,0.007646963,0.139595268,0.585597636,-0.009433904,0.810546982,-0.255342311,0.000000000,0.000000000,0.000000000,1.000000000
1790743610462839879,1790743610,462839879,1790743610466373743,RL_calflower1,0.989411880,-0.000000000,-0.145134871,-0.219661356,0.001369188,0.999955500,0.009334017,0.139234142,0.145128412,-0.009433904,0.989367851,-0.293620166,0.000000000,0.000000000,0.000000000,1.000000000
1790743610462839879,1790743610,462839879,1790743610466373743,RL_foot,0.780301050,-0.000000000,-0.625404087,-0.209935229,0.005900002,0.999955500,0.007361286,0.138998784,0.625376256,-0.009433904,0.780266326,-0.318567147,0.000000000,0.000000000,0.000000000,1.000000000
1790743610462839879,1790743610,462839879,1790743610466373743,RR_hip,1.000000000,-0.000000000,0.000000000,-0.193400000,0.000000000,0.999999790,0.000648342,-0.046500000,-0.000000000,-0.000648342,0.999999790,0.000000000,0.000000000,0.000000000,0.000000000,1.000000000
1790743610462839879,1790743610,462839879,1790743610466373743,RR_thigh,0.755442156,0.000000000,0.655215346,-0.193400000,-0.000424804,0.999999790,0.000489785,-0.141999980,-0.655215208,-0.000648342,0.755441997,0.000061917,0.000000000,0.000000000,0.000000000,1.000000000
1790743610462839879,1790743610,462839879,1790743610466373743,RR_calf,0.765674915,0.000000000,-0.643227740,-0.332960869,0.000417032,0.999999790,0.000496419,-0.142104304,0.643227605,-0.000648342,0.765674754,-0.160847229,0.000000000,0.000000000,0.000000000,1.000000000
1790743610462839879,1790743610,462839879,1790743610466373743,RR_calflower,0.796866008,0.000000000,-0.604156076,-0.222449665,0.000391700,0.999999790,0.000516642,-0.142169434,0.604155949,-0.000648342,0.796865841,-0.261302540,0.000000000,0.000000000,0.000000000,1.000000000
1790743610462839879,1790743610,462839879,1790743610466373743,RR_calflower1,0.985802798,0.000000000,-0.167907244,-0.206252082,0.000108861,0.999999790,0.000639137,-0.142194016,0.167907209,-0.000648342,0.985802591,-0.299218733,0.000000000,0.000000000,0.000000000,1.000000000
1790743610462839879,1790743610,462839879,1790743610466373743,RR_foot,0.765674915,0.000000000,-0.643227740,-0.195953360,0.000417032,0.999999790,0.000496419,-0.142210041,0.643227605,-0.000648342,0.765674754,-0.323935951,0.000000000,0.000000000,0.000000000,1.000000000
1790743610523977089,1790743610,523977089,1790743610533374800,FL_hip,1.000000000,-0.000000000,0.000000000,0.193400000,0.000000000,0.992343144,0.123511476,0.046500000,-0.000000000,-0.123511476,0.992343144,0.000000000,0.000000000,0.000000000,0.000000000,1.000000000
1790743610523977089,1790743610,523977089,1790743610533374800,FL_thigh,0.710150933,0.000000000,0.704049468,0.193400000,-0.086958189,0.992343144,0.087711790,0.141268770,-0.698658662,-0.123511476,0.704713409,-0.011795346,0.000000000,0.000000000,0.000000000,1.000000000
1790743610523977089,1790743610,523977089,1790743610533374800,FL_calf,0.757289319,0.000000000,-0.653079542,0.043437463,0.080662818,0.992343144,0.093533921,0.122586159,0.648079006,-0.123511476,0.751490863,-0.161899302,0.000000000,0.000000000,0.000000000,1.000000000
1790743610523977089,1790743610,523977089,1790743610533374800,FL_calflower,0.788983277,0.000000000,-0.614414671,0.155239022,0.075887263,0.992343144,0.097448489,0.110356395,0.609710186,-0.123511476,0.782942146,-0.260158370,0.000000000,0.000000000,0.000000000,1.000000000
1790743610523977089,1790743610,523977089,1790743610533374800,FL_calflower1,0.983548061,0.000000000,-0.180646647,0.171925776,0.022311934,0.992343144,0.121479473,0.105699583,0.179263461,-0.123511476,0.976017175,-0.297573157,0.000000000,0.000000000,0.000000000,1.000000000
1790743610523977089,1790743610,523977089,1790743610533374800,FL_foot,0.757289319,0.000000000,-0.653079542,0.182543406,0.080662818,0.992343144,0.093533921,0.102663434,0.648079006,-0.123511476,0.751490863,-0.321966856,0.000000000,0.000000000,0.000000000,1.000000000
1790743610523977089,1790743610,523977089,1790743610533374800,FR_hip,1.000000000,0.000000000,0.000000000,0.193400000,0.000000000,0.992591657,-0.121498156,-0.046500000,0.000000000,0.121498156,0.992591657,0.000000000,0.000000000,0.000000000,0.000000000,1.000000000
1790743610523977089,1790743610,523977089,1790743610533374800,FR_thigh,0.664048540,0.000000000,0.747689465,0.193400000,0.090842892,0.992591657,-0.080680673,-0.141292503,-0.742150325,0.121498156,0.659129041,-0.011603074,0.000000000,0.000000000,0.000000000,1.000000000
1790743610523977089,1790743610,523977089,1790743610533374800,FR_calf,0.801944459,0.000000000,-0.597398597,0.034142144,-0.072582828,0.992591657,-0.097434773,-0.124107520,0.592972864,0.121498156,0.796003380,-0.151997560,0.000000000,0.000000000,0.000000000,1.000000000
1790743610523977089,1790743610,523977089,1790743610533374800,FR_calflower,0.830799723,0.000000000,-0.556571487,0.138596025,-0.067622410,0.992591657,-0.100940635,-0.111138830,0.552448215,0.121498156,0.824644874,-0.257946603,0.000000000,0.000000000,0.000000000,1.000000000
1790743610523977089,1790743610,523977089,1790743610533374800,FR_calflower1,0.993928259,0.000000000,-0.110030072,0.152550888,-0.013368451,0.992591657,-0.120760451,-0.106424980,0.109214931,0.121498156,0.986564897,-0.296456880,0.000000000,0.000000000,0.000000000,1.000000000
1790743610523977089,1790743610,523977089,1790743610533374800,FR_foot,0.801944459,0.000000000,-0.597398597,0.161388045,-0.072582828,0.992591657,-0.097434773,-0.103353913,0.592972864,0.121498156,0.796003380,-0.321546280,0.000000000,0.000000000,0.000000000,1.000000000
1790743610523977089,1790743610,523977089,1790743610533374800,RL_hip,1.000000000,-0.000000000,0.000000000,-0.193400000,0.000000000,0.999955785,0.009403627,0.046500000,-0.000000000,-0.009403627,0.999955785,0.000000000,0.000000000,0.000000000,0.000000000,1.000000000
1790743610523977089,1790743610,523977089,1790743610533374800,RL_thigh,0.711177261,0.000000000,0.703012734,-0.193400000,-0.006610869,0.999955785,0.006687645,0.141995777,-0.702981650,-0.009403627,0.711145816,-0.000898046,0.000000000,0.000000000,0.000000000,1.000000000
1790743610523977089,1790743610,523977089,1790743610533374800,RL_calf,0.780282113,-0.000000000,-0.625427713,-0.343141712,0.005881289,0.999955785,0.007337482,0.140571309,0.625400060,-0.009403627,0.780247613,-0.152372105,0.000000000,0.000000000,0.000000000,1.000000000
1790743610523977089,1790743610,523977089,1790743610533374800,RL_calflower,0.810565321,0.000000000,-0.585648240,-0.234972768,0.005507217,0.999955785,0.007622254,0.139602987,0.585622345,-0.009403627,0.810529482,-0.255340751,0.000000000,0.000000000,0.000000000,1.000000000
1790743610523977089,1790743610,523977089,1790743610533374800,RL_calflower1,0.989407485,0.000000000,-0.145164829,-0.219652492,0.001365076,0.999955785,0.009304019,0.139243025,0.145158411,-0.009403627,0.989363739,-0.293618153,0.000000000,0.000000000,0.000000000,1.000000000
1790743610523977089,1790743610,523977089,1790743610533374800,RL_foot,0.780282113,-0.000000000,-0.625427713,-0.209925609,0.005881289,0.999955785,0.007337482,0.139008425,0.625400060,-0.009403627,0.780247613,-0.318564847,0.000000000,0.000000000,0.000000000,1.000000000
1790743610523977089,1790743610,523977089,1790743610533374800,RR_hip,1.000000000,-0.000000000,0.000000000,-0.193400000,0.000000000,0.999999827,0.000587786,-0.046500000,-0.000000000,-0.000587786,0.999999827,0.000000000,0.000000000,0.000000000,0.000000000,1.000000000
1790743610523977089,1790743610,523977089,1790743610533374800,RR_thigh,0.755402475,-0.000000000,0.655261093,-0.193400000,-0.000385153,0.999999827,0.000444015,-0.141999984,-0.655260980,-0.000587786,0.755402345,0.000056134,0.000000000,0.000000000,0.000000000,1.000000000
1790743610523977089,1790743610,523977089,1790743610533374800,RR_calf,0.765703745,0.000000000,-0.643193420,-0.332970613,0.000378060,0.999999827,0.000450070,-0.142094559,0.643193308,-0.000587786,0.765703613,-0.160844566,0.000000000,0.000000000,0.000000000,1.000000000
1790743610523977089,1790743610,523977089,1790743610533374800,RR_calflower,0.796893087,0.000000000,-0.604120358,-0.222463912,0.000355093,0.999999827,0.000468402,-0.142153608,0.604120254,-0.000587786,0.796892950,-0.261304834,0.000000000,0.000000000,0.000000000,1.000000000
1790743610523977089,1790743610,523977089,1790743610533374800,RR_calflower1,0.985810323,0.000000000,-0.167863058,-0.206268028,0.000098667,0.999999827,0.000579445,-0.142175895,0.167863029,-0.000587786,0.985810153,-0.299221755,0.000000000,0.000000000,0.000000000,1.000000000
1790743610523977089,1790743610,523977089,1790743610533374800,RR_foot,0.765703745,0.000000000,-0.643193420,-0.195970414,0.000378060,0.999999827,0.000450070,-0.142190423,0.643193308,-0.000587786,0.765703613,-0.323939435,0.000000000,0.000000000,0.000000000,1.000000000
